FirstSeconds,LastSeconds,Route,Subsystem,Outcome,Candidate,RepeatCount,Reason
0,44119,Conservative,"Workshop","Blocked","",158,"industrial-workshop system is locked"
0,0,Conservative,"Building","Waiting","",1,"productivity or territory is insufficient"
0,0,Conservative,"Research","Selected","Agriculture",1,"score=240.275"
1,26,Conservative,"Research","Waiting","Agriculture",26,"complete resource cost is not yet affordable"
27,27,Conservative,"Research","Paid","Agriculture",1,"complete resource cost paid atomically"
88,88,Conservative,"Research","Completed","Agriculture",1,"elapsed=88s"
270,270,Conservative,"Building","Constructed","WoodHouse",1,"score=145; count=1"
300,300,Conservative,"Research","Selected","ControlledFire",1,"score=153.662"
301,301,Conservative,"Research","Paid","ControlledFire",1,"complete resource cost paid atomically"
313,313,Conservative,"Research","Completed","ControlledFire",1,"elapsed=13s"
540,540,Conservative,"Building","Constructed","Farm",1,"score=410; count=1"
600,600,Conservative,"Research","Selected","ClayExtraction",1,"score=146.437"
601,601,Conservative,"Research","Paid","ClayExtraction",1,"complete resource cost paid atomically"
652,652,Conservative,"Research","Completed","ClayExtraction",1,"elapsed=52s"
810,810,Conservative,"Building","Constructed","ClayPit",1,"score=270; count=1"
900,900,Conservative,"Research","Selected","Quarry",1,"score=70.05"
901,901,Conservative,"Research","Paid","Quarry",1,"complete resource cost paid atomically"
926,926,Conservative,"Research","Completed","Quarry",1,"elapsed=26s"
1080,1080,Conservative,"Building","Constructed","FiberGatheringCamp",1,"score=270; count=1"
1200,1200,Conservative,"Research","Selected","StoneTools",1,"score=185.859"
1201,1632,Conservative,"Research","Waiting","StoneTools",432,"complete resource cost is not yet affordable"
1350,1350,Conservative,"Building","Constructed","WoodHouse",1,"score=25; count=2"
1620,1620,Conservative,"Building","Constructed","Quarry",1,"score=320; count=1"
1633,1633,Conservative,"Research","Paid","StoneTools",1,"complete resource cost paid atomically"
1793,1793,Conservative,"Research","Completed","StoneTools",1,"elapsed=593s"
1793,1793,Conservative,"Research","Selected","Mining",1,"score=165.937"
1794,1794,Conservative,"Research","Paid","Mining",1,"complete resource cost paid atomically"
1890,1890,Conservative,"Building","Constructed","Farm",1,"score=290; count=2"
2160,2160,Conservative,"Building","Constructed","WoodHouse",1,"score=25; count=3"
2191,2191,Conservative,"Research","Completed","Mining",1,"elapsed=398s"
2191,2191,Conservative,"Research","Selected","Woodworking",1,"score=73.503"
2192,2192,Conservative,"Research","Paid","Woodworking",1,"complete resource cost paid atomically"
2430,2430,Conservative,"Building","Constructed","StoneCuttingWorkshop",1,"score=160; count=1"
2440,2440,Conservative,"Research","Completed","Woodworking",1,"elapsed=249s"
2491,2491,Conservative,"Research","Selected","KnowledgeSharing",1,"score=58.05"
2492,2492,Conservative,"Research","Paid","KnowledgeSharing",1,"complete resource cost paid atomically"
2700,2700,Conservative,"Building","Constructed","Lumberyard",1,"score=620; count=1"
2764,2764,Conservative,"Research","Completed","KnowledgeSharing",1,"elapsed=273s"
2791,2791,Conservative,"Research","Selected","HerbalKnowledge",1,"score=9.847"
2792,2792,Conservative,"Research","Paid","HerbalKnowledge",1,"complete resource cost paid atomically"
2959,2959,Conservative,"Research","Completed","HerbalKnowledge",1,"elapsed=168s"
2970,2970,Conservative,"Building","Constructed","Lumberyard",1,"score=500; count=2"
3091,3091,Conservative,"Research","Selected","AnimalHusbandry",1,"score=-13.563"
3092,3092,Conservative,"Research","Paid","AnimalHusbandry",1,"complete resource cost paid atomically"
3139,3139,Conservative,"Research","Completed","AnimalHusbandry",1,"elapsed=48s"
3240,3240,Conservative,"Building","Constructed","FiberGatheringCamp",1,"score=150; count=2"
3391,3391,Conservative,"Research","Selected","NeolithicSettlement",1,"score=301.551"
3392,3392,Conservative,"Research","Paid","NeolithicSettlement",1,"complete resource cost paid atomically"
3510,3510,Conservative,"Building","Constructed","WoodHouse",1,"score=25; count=4"
3780,3780,Conservative,"Building","Constructed","Quarry",1,"score=200; count=2"
3875,3875,Conservative,"Research","Completed","NeolithicSettlement",1,"elapsed=484s"
3875,3875,Conservative,"Research","Selected","CeramicFiring",1,"score=215.937"
3876,4911,Conservative,"Research","Waiting","CeramicFiring",1036,"complete resource cost is not yet affordable"
4050,4050,Conservative,"Building","Constructed","KnowledgeCircle",1,"score=220; count=1"
4320,4320,Conservative,"Building","Constructed","KnowledgeCircle",1,"score=100; count=2"
4590,4590,Conservative,"Building","Constructed","MetalMine",1,"score=380; count=1"
4860,4860,Conservative,"Building","Constructed","CoalMine",1,"score=270; count=1"
4912,4912,Conservative,"Research","Paid","CeramicFiring",1,"complete resource cost paid atomically"
5130,5130,Conservative,"Building","Constructed","MetalMine",1,"score=260; count=2"
5156,5156,Conservative,"Research","Completed","CeramicFiring",1,"elapsed=1281s"
5156,5156,Conservative,"Research","Selected","TextileCraft",1,"score=136.551"
5157,5157,Conservative,"Research","Paid","TextileCraft",1,"complete resource cost paid atomically"
5374,5374,Conservative,"Research","Completed","TextileCraft",1,"elapsed=218s"
5400,5400,Conservative,"Building","Constructed","WeavingWorkshop",1,"score=190; count=1"
5456,5456,Conservative,"Research","Selected","CharcoalMaking",1,"score=49.662"
5457,5457,Conservative,"Research","Paid","CharcoalMaking",1,"complete resource cost paid atomically"
5670,5670,Conservative,"Building","Constructed","CeramicKiln",1,"score=184; count=1"
5940,5940,Conservative,"Building","Constructed","ClayPit",1,"score=150; count=2"
6210,6210,Conservative,"Building","Constructed","CoalMine",1,"score=150; count=2"
6273,6273,Conservative,"Research","Completed","CharcoalMaking",1,"elapsed=817s"
6273,6273,Conservative,"Research","Selected","Mathematics",1,"score=-23.765"
6274,6274,Conservative,"Research","Paid","Mathematics",1,"complete resource cost paid atomically"
6480,6480,Conservative,"Building","Constructed","CharcoalKiln",1,"score=140; count=1"
6621,6621,Conservative,"Research","Completed","Mathematics",1,"elapsed=348s"
6621,6621,Conservative,"Research","Selected","Calendar",1,"score=-9.345"
6622,6622,Conservative,"Research","Paid","Calendar",1,"complete resource cost paid atomically"
6750,6750,Conservative,"Building","Constructed","WeavingWorkshop",1,"score=70; count=2"
6921,6921,Conservative,"Research","Completed","Calendar",1,"elapsed=300s"
6921,6921,Conservative,"Research","Selected","WrittenRecords",1,"score=144.245"
6922,6922,Conservative,"Research","Paid","WrittenRecords",1,"complete resource cost paid atomically"
7020,7020,Conservative,"Building","Constructed","CeramicKiln",1,"score=64; count=2"
7290,7290,Conservative,"Building","Constructed","StoneCuttingWorkshop",1,"score=40; count=2"
7560,7560,Conservative,"Building","Constructed","WoodHouse",1,"score=25; count=5"
7594,7594,Conservative,"Research","Completed","WrittenRecords",1,"elapsed=673s"
7594,7594,Conservative,"Research","Selected","FoodPreservation",1,"score=55.937"
7595,7595,Conservative,"Research","Paid","FoodPreservation",1,"complete resource cost paid atomically"
7830,8100,Conservative,"Building","Upgraded","KnowledgeCircle->ScribeHut",2,"eligible upgrade chain selected"
7860,7860,Conservative,"Research","Completed","FoodPreservation",1,"elapsed=266s"
7894,7894,Conservative,"Research","Selected","NaturalPhilosophy",1,"score=-11.366"
7895,7895,Conservative,"Research","Paid","NaturalPhilosophy",1,"complete resource cost paid atomically"
8137,8137,Conservative,"Research","Completed","NaturalPhilosophy",1,"elapsed=243s"
8194,8194,Conservative,"Research","Selected","VillageOrganization",1,"score=-25.109"
8195,8195,Conservative,"Research","Paid","VillageOrganization",1,"complete resource cost paid atomically"
8330,8330,Conservative,"Research","Completed","VillageOrganization",1,"elapsed=136s"
8370,8370,Conservative,"Building","Constructed","Smokehouse",1,"score=245; count=1"
8494,8494,Conservative,"Research","Selected","OrganizedDefense",1,"score=-25.563"
8495,8495,Conservative,"Research","Paid","OrganizedDefense",1,"complete resource cost paid atomically"
8640,8640,Conservative,"Research","Completed","OrganizedDefense",1,"elapsed=146s"
8640,8640,Conservative,"Building","Constructed","Smokehouse",1,"score=125; count=2"
8794,8794,Conservative,"Research","Selected","Measurement",1,"score=-27.062"
8795,8795,Conservative,"Research","Paid","Measurement",1,"complete resource cost paid atomically"
8910,8910,Conservative,"Building","Constructed","WoodHouse",1,"score=25; count=6"
8923,8923,Conservative,"Research","Completed","Measurement",1,"elapsed=129s"
9094,9094,Conservative,"Research","Selected","Masonry",1,"score=62.847"
9095,9095,Conservative,"Research","Paid","Masonry",1,"complete resource cost paid atomically"
9180,9180,Conservative,"Building","Constructed","WoodHouse",1,"score=25; count=7"
9449,9449,Conservative,"Research","Completed","Masonry",1,"elapsed=355s"
9449,9449,Conservative,"Research","Selected","IrrigationEngineering",1,"score=61.272"
9450,9450,Conservative,"Research","Paid","IrrigationEngineering",1,"complete resource cost paid atomically"
9450,9720,Conservative,"Building","Upgraded","WoodHouse->StoneHouse",2,"eligible upgrade chain selected"
9947,9947,Conservative,"Research","Completed","IrrigationEngineering",1,"elapsed=498s"
9947,9947,Conservative,"Research","Selected","Smithing_Copper",1,"score=59.887"
9948,9948,Conservative,"Research","Paid","Smithing_Copper",1,"complete resource cost paid atomically"
9990,10260,Conservative,"Building","Upgraded","Farm->IrrigationWorks",2,"eligible upgrade chain selected"
10530,10530,Conservative,"Building","Upgraded","WoodHouse->StoneHouse",1,"eligible upgrade chain selected"
10568,10568,Conservative,"Research","Completed","Smithing_Copper",1,"elapsed=621s"
10568,10568,Conservative,"Research","Selected","FoodStorage",1,"score=51.521"
10569,10569,Conservative,"Research","Paid","FoodStorage",1,"complete resource cost paid atomically"
10744,10744,Conservative,"Research","Completed","FoodStorage",1,"elapsed=176s"
10800,11070,Conservative,"Building","Upgraded","Smokehouse->Granary",2,"eligible upgrade chain selected"
10868,10868,Conservative,"Research","Selected","CropRotation",1,"score=-19.367"
10869,10869,Conservative,"Research","Paid","CropRotation",1,"complete resource cost paid atomically"
11340,12150,Conservative,"Building","Upgraded","WoodHouse->StoneHouse",4,"eligible upgrade chain selected"
11414,11414,Conservative,"Research","Completed","CropRotation",1,"elapsed=546s"
11414,11414,Conservative,"Research","Selected","AnimalFodder",1,"score=-31.141"
11415,11415,Conservative,"Research","Paid","AnimalFodder",1,"complete resource cost paid atomically"
11715,11715,Conservative,"Research","Completed","AnimalFodder",1,"elapsed=301s"
11715,11715,Conservative,"Research","Selected","VillageCrafts",1,"score=-33.95"
11716,12624,Conservative,"Research","Waiting","VillageCrafts",909,"complete resource cost is not yet affordable"
12420,12420,Conservative,"Building","Constructed","MetalSmelter",1,"score=285; count=1"
12625,12625,Conservative,"Research","Paid","VillageCrafts",1,"complete resource cost paid atomically"
12690,12690,Conservative,"Building","Constructed","MetalSmelter",1,"score=165; count=2"
12960,12960,Conservative,"Building","Constructed","StoneHouse",1,"score=60; count=8"
13146,13146,Conservative,"Research","Completed","VillageCrafts",1,"elapsed=1431s"
13146,13146,Conservative,"Research","Selected","CouncilGovernance",1,"score=-34.754"
13147,13147,Conservative,"Research","Paid","CouncilGovernance",1,"complete resource cost paid atomically"
13230,13230,Conservative,"Building","Constructed","StoneHouse",1,"score=60; count=9"
13500,13500,Conservative,"Building","Constructed","StoneHouse",1,"score=60; count=10"
13755,13755,Conservative,"Research","Completed","CouncilGovernance",1,"elapsed=609s"
13755,13755,Conservative,"Research","Selected","Smithing_Bronze",1,"score=-36.867"
13756,13756,Conservative,"Research","Paid","Smithing_Bronze",1,"complete resource cost paid atomically"
13770,13770,Conservative,"Building","Constructed","StoneHouse",1,"score=60; count=11"
14040,14040,Conservative,"Building","Constructed","StoneHouse",1,"score=60; count=12"
14310,14310,Conservative,"Building","Constructed","CharcoalKiln",1,"score=20; count=2"
14580,18639,Conservative,"Building","Waiting","",16,"productivity or territory is insufficient"
14639,14639,Conservative,"Research","Completed","Smithing_Bronze",1,"elapsed=884s"
14639,14639,Conservative,"Research","Selected","OrganizedWatch",1,"score=-35.765"
14640,14640,Conservative,"Research","Paid","OrganizedWatch",1,"complete resource cost paid atomically"
15355,15355,Conservative,"Research","Completed","OrganizedWatch",1,"elapsed=716s"
15355,15355,Conservative,"Research","Selected","Smithing_Iron",1,"score=-36.345"
15356,15356,Conservative,"Research","Paid","Smithing_Iron",1,"complete resource cost paid atomically"
16155,16155,Conservative,"Research","Completed","Smithing_Iron",1,"elapsed=800s"
16155,16155,Conservative,"Research","Selected","FeudalAdministration",1,"score=-63.725"
16156,16156,Conservative,"Research","Paid","FeudalAdministration",1,"complete resource cost paid atomically"
18048,18048,Conservative,"Research","Completed","FeudalAdministration",1,"elapsed=1893s"
18048,18048,Conservative,"Research","Selected","Steelmaking",1,"score=88.895"
18049,18049,Conservative,"Research","Paid","Steelmaking",1,"complete resource cost paid atomically"
18869,18869,Conservative,"Research","Completed","Steelmaking",1,"elapsed=821s"
18869,18869,Conservative,"Research","Selected","MechanicalEngineering",1,"score=-19.522"
18879,19179,Conservative,"Research","Waiting","MechanicalEngineering",31,"complete resource cost is not yet affordable"
18909,18909,Conservative,"Building","Constructed","SteelForge",1,"score=160; count=1"
19179,19179,Conservative,"Building","Constructed","SteelForge",1,"score=40; count=2"
19189,19189,Conservative,"Research","Paid","MechanicalEngineering",1,"complete resource cost paid atomically"
19449,41049,Conservative,"Building","Waiting","",81,"productivity or territory is insufficient"
19789,19789,Conservative,"Research","Completed","MechanicalEngineering",1,"elapsed=920s"
19789,19789,Conservative,"Research","Selected","Industrialization",1,"score=593.684"
19799,19799,Conservative,"Research","Paid","Industrialization",1,"complete resource cost paid atomically"
41109,41109,Conservative,"Research","Completed","Industrialization",1,"elapsed=21320s"
41109,41109,Conservative,"Research","Selected","IndustrialWorkshop",1,"score=955.549"
41119,41119,Conservative,"Research","Paid","IndustrialWorkshop",1,"complete resource cost paid atomically"
41719,41719,Conservative,"Building","Waiting","",1,"productivity or territory is insufficient [CokeOven:candidate=False;constructible=True;affordable=False;available=False;owned=0;upgradeTo=IndustrialCarbonizationRetort;research=SteamPower|Coking;workshop=;productivity=1147.52;territory=2119]"
42319,43519,Conservative,"Building","Waiting","",3,"productivity or territory is insufficient [CokeOven:candidate=False;constructible=True;affordable=False;available=False;owned=0;upgradeTo=IndustrialCarbonizationRetort;research=SteamPower|Coking;workshop=;productivity=1145.16;territory=2119]"
44119,45919,Conservative,"Building","Waiting","",4,"productivity or territory is insufficient [CokeOven:candidate=False;constructible=True;affordable=False;available=False;owned=0;upgradeTo=IndustrialCarbonizationRetort;research=SteamPower|Coking;workshop=;productivity=1142.8;territory=2119]"
44719,44719,Conservative,"Research","Completed","IndustrialWorkshop",1,"elapsed=3610s"
44719,44719,Conservative,"Workshop","Purchased","DraftingTables",1,"score=49.52"
44719,44719,Conservative,"Research","Selected","PetroleumExtraction",1,"score=209.503"
45319,45319,Conservative,"Research","Paid","PetroleumExtraction",1,"complete resource cost paid atomically"
45319,52519,Conservative,"Workshop","Waiting","",13,"no prerequisite-complete upgrade"
46519,52519,Conservative,"Building","Waiting","",11,"productivity or territory is insufficient [CokeOven:candidate=False;constructible=True;affordable=False;available=False;owned=0;upgradeTo=IndustrialCarbonizationRetort;research=SteamPower|Coking;workshop=;productivity=1140.44;territory=2119]"
49519,49519,Conservative,"Research","Completed","PetroleumExtraction",1,"elapsed=4800s"
49519,49519,Conservative,"Research","Selected","SteamPower",1,"score=116.499"
50119,50119,Conservative,"Research","Paid","SteamPower",1,"complete resource cost paid atomically"
53119,53119,Conservative,"Research","Completed","SteamPower",1,"elapsed=3600s"
53119,58519,Conservative,"Workshop","Waiting","",10,"upgrade resources are insufficient"
53119,53119,Conservative,"Building","Constructed","SteamPlant",1,"score=60; count=1"
53119,53119,Conservative,"Research","Selected","Coking",1,"score=383.246"
53719,53719,Conservative,"Research","Paid","Coking",1,"complete resource cost paid atomically"
53719,53719,Conservative,"Building","Constructed","SteamPlant",1,"score=-60; count=2"
54319,58519,Conservative,"Building","Waiting","",8,"productivity or territory is insufficient [CokeOven:candidate=False;constructible=True;affordable=False;available=False;owned=0;upgradeTo=IndustrialCarbonizationRetort;research=SteamPower|Coking;workshop=;productivity=1020.44;territory=2083]"
59119,59119,Conservative,"Research","Completed","Coking",1,"elapsed=6000s"
59119,59119,Conservative,"Workshop","Purchased","CokeOvenOptimization",1,"score=49.18"
59119,59119,Conservative,"Building","Constructed","CokeOven",1,"score=210; count=1"
59119,59119,Conservative,"Research","Selected","Standardization",1,"score=105.491"
59719,59719,Conservative,"Research","Paid","Standardization",1,"complete resource cost paid atomically"
59719,108319,Conservative,"Workshop","Waiting","",82,"upgrade resources are insufficient"
59719,59719,Conservative,"Building","Constructed","CokeOven",1,"score=90; count=2"
60319,60319,Conservative,"Building","Waiting","",1,"productivity or territory is insufficient [CokeOven:candidate=True;constructible=True;affordable=False;available=False;owned=2;upgradeTo=IndustrialCarbonizationRetort;research=SteamPower|Coking;workshop=;productivity=1126.24;territory=2055]"
60919,60919,Conservative,"Building","Waiting","",1,"productivity or territory is insufficient [CokeOven:candidate=True;constructible=True;affordable=False;available=False;owned=2;upgradeTo=IndustrialCarbonizationRetort;research=SteamPower|Coking;workshop=;productivity=1105;territory=2055]"
61519,61519,Conservative,"Building","Waiting","",1,"productivity or territory is insufficient [CokeOven:candidate=True;constructible=True;affordable=False;available=False;owned=2;upgradeTo=IndustrialCarbonizationRetort;research=SteamPower|Coking;workshop=;productivity=1086.12;territory=2055]"
62119,62119,Conservative,"Building","Waiting","",1,"productivity or territory is insufficient [CokeOven:candidate=True;constructible=True;affordable=False;available=False;owned=2;upgradeTo=IndustrialCarbonizationRetort;research=SteamPower|Coking;workshop=;productivity=1069.6;territory=2055]"
62719,62719,Conservative,"Building","Waiting","",1,"productivity or territory is insufficient [CokeOven:candidate=True;constructible=True;affordable=False;available=False;owned=2;upgradeTo=IndustrialCarbonizationRetort;research=SteamPower|Coking;workshop=;productivity=1057.8;territory=2055]"
63319,63319,Conservative,"Building","Waiting","",1,"productivity or territory is insufficient [CokeOven:candidate=True;constructible=True;affordable=False;available=False;owned=2;upgradeTo=IndustrialCarbonizationRetort;research=SteamPower|Coking;workshop=;productivity=1048.36;territory=2055]"
63919,63919,Conservative,"Building","Waiting","",1,"productivity or territory is insufficient [CokeOven:candidate=True;constructible=True;affordable=False;available=False;owned=2;upgradeTo=IndustrialCarbonizationRetort;research=SteamPower|Coking;workshop=;productivity=1038.92;territory=2055]"
64519,64519,Conservative,"Building","Waiting","",1,"productivity or territory is insufficient [CokeOven:candidate=True;constructible=True;affordable=False;available=False;owned=2;upgradeTo=IndustrialCarbonizationRetort;research=SteamPower|Coking;workshop=;productivity=1031.84;territory=2055]"
65119,65119,Conservative,"Building","Waiting","",1,"productivity or territory is insufficient [CokeOven:candidate=True;constructible=True;affordable=False;available=False;owned=2;upgradeTo=IndustrialCarbonizationRetort;research=SteamPower|Coking;workshop=;productivity=1027.12;territory=2055]"
65719,65719,Conservative,"Building","Waiting","",1,"productivity or territory is insufficient [CokeOven:candidate=True;constructible=True;affordable=False;available=False;owned=2;upgradeTo=IndustrialCarbonizationRetort;research=SteamPower|Coking;workshop=;productivity=1020.04;territory=2055]"
66319,66319,Conservative,"Building","Waiting","",1,"productivity or territory is insufficient [CokeOven:candidate=True;constructible=True;affordable=False;available=False;owned=2;upgradeTo=IndustrialCarbonizationRetort;research=SteamPower|Coking;workshop=;productivity=1017.68;territory=2055]"
66919,66919,Conservative,"Building","Waiting","",1,"productivity or territory is insufficient [CokeOven:candidate=True;constructible=True;affordable=False;available=False;owned=2;upgradeTo=IndustrialCarbonizationRetort;research=SteamPower|Coking;workshop=;productivity=1012.96;territory=2055]"
67519,67519,Conservative,"Building","Waiting","",1,"productivity or territory is insufficient [CokeOven:candidate=True;constructible=True;affordable=False;available=False;owned=2;upgradeTo=IndustrialCarbonizationRetort;research=SteamPower|Coking;workshop=;productivity=1010.6;territory=2055]"
68119,68119,Conservative,"Building","Waiting","",1,"productivity or territory is insufficient [CokeOven:candidate=True;constructible=True;affordable=False;available=False;owned=2;upgradeTo=IndustrialCarbonizationRetort;research=SteamPower|Coking;workshop=;productivity=1008.24;territory=2055]"
68719,68719,Conservative,"Building","Waiting","",1,"productivity or territory is insufficient [CokeOven:candidate=True;constructible=True;affordable=False;available=False;owned=2;upgradeTo=IndustrialCarbonizationRetort;research=SteamPower|Coking;workshop=;productivity=1005.88;territory=2055]"
69319,69919,Conservative,"Building","Waiting","",2,"productivity or territory is insufficient [CokeOven:candidate=True;constructible=True;affordable=False;available=False;owned=2;upgradeTo=IndustrialCarbonizationRetort;research=SteamPower|Coking;workshop=;productivity=1003.52;territory=2055]"
70519,71119,Conservative,"Building","Waiting","",2,"productivity or territory is insufficient [CokeOven:candidate=True;constructible=True;affordable=False;available=False;owned=2;upgradeTo=IndustrialCarbonizationRetort;research=SteamPower|Coking;workshop=;productivity=1001.16;territory=2055]"
71719,74119,Conservative,"Building","Waiting","",5,"productivity or territory is insufficient [CokeOven:candidate=True;constructible=True;affordable=False;available=False;owned=2;upgradeTo=IndustrialCarbonizationRetort;research=SteamPower|Coking;workshop=;productivity=998.8;territory=2055]"
74719,87319,Conservative,"Building","Waiting","",22,"productivity or territory is insufficient [CokeOven:candidate=True;constructible=True;affordable=False;available=False;owned=2;upgradeTo=IndustrialCarbonizationRetort;research=SteamPower|Coking;workshop=;productivity=996.44;territory=2055]"
87319,87319,Conservative,"Research","Completed","Standardization",1,"elapsed=28200s"
87319,87319,Conservative,"Research","Selected","Bookmaking",1,"score=31.388"
87919,87919,Conservative,"Research","Paid","Bookmaking",1,"complete resource cost paid atomically"
87919,87919,Conservative,"Building","Waiting","",1,"productivity or territory is insufficient [CokeOven:candidate=True;constructible=True;affordable=False;available=False;owned=2;upgradeTo=IndustrialCarbonizationRetort;research=SteamPower|Coking;workshop=;productivity=994.08;territory=2055]"
88519,88519,Conservative,"Building","Waiting","",1,"productivity or territory is insufficient [CokeOven:candidate=True;constructible=True;affordable=False;available=False;owned=2;upgradeTo=IndustrialCarbonizationRetort;research=SteamPower|Coking;workshop=;productivity=1149.84;territory=2055]"
89119,89119,Conservative,"Building","Waiting","",1,"productivity or territory is insufficient [CokeOven:candidate=True;constructible=True;affordable=False;available=False;owned=2;upgradeTo=IndustrialCarbonizationRetort;research=SteamPower|Coking;workshop=;productivity=1126.24;territory=2055]"
89719,89719,Conservative,"Building","Waiting","",1,"productivity or territory is insufficient [CokeOven:candidate=True;constructible=True;affordable=False;available=False;owned=2;upgradeTo=IndustrialCarbonizationRetort;research=SteamPower|Coking;workshop=;productivity=1105;territory=2055]"
90319,90319,Conservative,"Building","Waiting","",1,"productivity or territory is insufficient [CokeOven:candidate=True;constructible=True;affordable=False;available=False;owned=2;upgradeTo=IndustrialCarbonizationRetort;research=SteamPower|Coking;workshop=;productivity=1086.12;territory=2055]"
90919,90919,Conservative,"Building","Waiting","",1,"productivity or territory is insufficient [CokeOven:candidate=True;constructible=True;affordable=False;available=False;owned=2;upgradeTo=IndustrialCarbonizationRetort;research=SteamPower|Coking;workshop=;productivity=1069.6;territory=2055]"
91519,91519,Conservative,"Building","Waiting","",1,"productivity or territory is insufficient [CokeOven:candidate=True;constructible=True;affordable=False;available=False;owned=2;upgradeTo=IndustrialCarbonizationRetort;research=SteamPower|Coking;workshop=;productivity=1057.8;territory=2055]"
92119,92119,Conservative,"Building","Waiting","",1,"productivity or territory is insufficient [CokeOven:candidate=True;constructible=True;affordable=False;available=False;owned=2;upgradeTo=IndustrialCarbonizationRetort;research=SteamPower|Coking;workshop=;productivity=1048.36;territory=2055]"
92719,92719,Conservative,"Building","Waiting","",1,"productivity or territory is insufficient [CokeOven:candidate=True;constructible=True;affordable=False;available=False;owned=2;upgradeTo=IndustrialCarbonizationRetort;research=SteamPower|Coking;workshop=;productivity=1038.92;territory=2055]"
93319,93319,Conservative,"Building","Waiting","",1,"productivity or territory is insufficient [CokeOven:candidate=True;constructible=True;affordable=False;available=False;owned=2;upgradeTo=IndustrialCarbonizationRetort;research=SteamPower|Coking;workshop=;productivity=1031.84;territory=2055]"
93919,93919,Conservative,"Building","Waiting","",1,"productivity or territory is insufficient [CokeOven:candidate=True;constructible=True;affordable=False;available=False;owned=2;upgradeTo=IndustrialCarbonizationRetort;research=SteamPower|Coking;workshop=;productivity=1027.12;territory=2055]"
94519,94519,Conservative,"Building","Waiting","",1,"productivity or territory is insufficient [CokeOven:candidate=True;constructible=True;affordable=False;available=False;owned=2;upgradeTo=IndustrialCarbonizationRetort;research=SteamPower|Coking;workshop=;productivity=1020.04;territory=2055]"
95119,95119,Conservative,"Building","Waiting","",1,"productivity or territory is insufficient [CokeOven:candidate=True;constructible=True;affordable=False;available=False;owned=2;upgradeTo=IndustrialCarbonizationRetort;research=SteamPower|Coking;workshop=;productivity=1017.68;territory=2055]"
95719,95719,Conservative,"Building","Waiting","",1,"productivity or territory is insufficient [CokeOven:candidate=True;constructible=True;affordable=False;available=False;owned=2;upgradeTo=IndustrialCarbonizationRetort;research=SteamPower|Coking;workshop=;productivity=1012.96;territory=2055]"
96319,96319,Conservative,"Building","Waiting","",1,"productivity or territory is insufficient [CokeOven:candidate=True;constructible=True;affordable=False;available=False;owned=2;upgradeTo=IndustrialCarbonizationRetort;research=SteamPower|Coking;workshop=;productivity=1010.6;territory=2055]"
96919,96919,Conservative,"Building","Waiting","",1,"productivity or territory is insufficient [CokeOven:candidate=True;constructible=True;affordable=False;available=False;owned=2;upgradeTo=IndustrialCarbonizationRetort;research=SteamPower|Coking;workshop=;productivity=1008.24;territory=2055]"
97519,97519,Conservative,"Building","Waiting","",1,"productivity or territory is insufficient [CokeOven:candidate=True;constructible=True;affordable=False;available=False;owned=2;upgradeTo=IndustrialCarbonizationRetort;research=SteamPower|Coking;workshop=;productivity=1005.88;territory=2055]"
98119,98719,Conservative,"Building","Waiting","",2,"productivity or territory is insufficient [CokeOven:candidate=True;constructible=True;affordable=False;available=False;owned=2;upgradeTo=IndustrialCarbonizationRetort;research=SteamPower|Coking;workshop=;productivity=1003.52;territory=2055]"
99319,99919,Conservative,"Building","Waiting","",2,"productivity or territory is insufficient [CokeOven:candidate=True;constructible=True;affordable=False;available=False;owned=2;upgradeTo=IndustrialCarbonizationRetort;research=SteamPower|Coking;workshop=;productivity=1001.16;territory=2055]"
100519,101719,Conservative,"Building","Waiting","",3,"productivity or territory is insufficient [CokeOven:candidate=True;constructible=True;affordable=False;available=False;owned=2;upgradeTo=IndustrialCarbonizationRetort;research=SteamPower|Coking;workshop=;productivity=998.8;territory=2055]"
102319,102319,Conservative,"Research","Completed","Bookmaking",1,"elapsed=15000s"
102319,102919,Conservative,"Building","Upgraded","ScribeHut->Library",2,"eligible upgrade chain selected"
102319,102319,Conservative,"Research","Selected","ScholasticInstitutions",1,"score=45.891"
102919,102919,Conservative,"Research","Paid","ScholasticInstitutions",1,"complete resource cost paid atomically"
103519,105319,Conservative,"Building","Waiting","",4,"productivity or territory is insufficient [CokeOven:candidate=True;constructible=True;affordable=False;available=False;owned=2;upgradeTo=IndustrialCarbonizationRetort;research=SteamPower|Coking;workshop=;productivity=934.44;territory=2053]"
105919,105919,Conservative,"Research","Completed","ScholasticInstitutions",1,"elapsed=3600s"
105919,106519,Conservative,"Building","Upgraded","Library->Academy",2,"eligible upgrade chain selected"
105919,105919,Conservative,"Research","Selected","TradeRoutes",1,"score=30.891"
106519,106519,Conservative,"Research","Paid","TradeRoutes",1,"complete resource cost paid atomically"
107119,107719,Conservative,"Building","Waiting","",2,"productivity or territory is insufficient [CokeOven:candidate=True;constructible=True;affordable=False;available=False;owned=2;upgradeTo=IndustrialCarbonizationRetort;research=SteamPower|Coking;workshop=;productivity=886.44;territory=2053]"
108319,108319,Conservative,"Research","Completed","TradeRoutes",1,"elapsed=2400s"
108319,108319,Conservative,"Building","Constructed","Caravanserai",1,"score=120; count=1"
108319,108319,Conservative,"Research","Selected","ElectricalEngineering",1,"score=29.275"
108919,108919,Conservative,"Research","Paid","ElectricalEngineering",1,"complete resource cost paid atomically"
108919,108919,Conservative,"Workshop","Purchased","ReinforcedBoilers",1,"score=49.12"
108919,108919,Conservative,"Building","Constructed","Caravanserai",1,"score=0; count=2"
109519,118519,Conservative,"Workshop","Waiting","",16,"no prerequisite-complete upgrade"
109519,110119,Conservative,"Building","Waiting","",2,"productivity or territory is insufficient [CokeOven:candidate=True;constructible=True;affordable=False;available=False;owned=2;upgradeTo=IndustrialCarbonizationRetort;research=SteamPower|Coking;workshop=;productivity=866.44;territory=2037]"
110719,110719,Conservative,"Research","Completed","ElectricalEngineering",1,"elapsed=2400s"
110719,110719,Conservative,"Building","Constructed","WireMill",1,"score=241; count=1"
110719,110719,Conservative,"Research","Selected","PowerGridEngineering",1,"score=278.549"
111319,111319,Conservative,"Research","Paid","PowerGridEngineering",1,"complete resource cost paid atomically"
111319,111319,Conservative,"Building","Constructed","WireMill",1,"score=121; count=2"
111919,116119,Conservative,"Building","Waiting","",8,"productivity or territory is insufficient [CokeOven:candidate=True;constructible=True;affordable=False;available=False;owned=2;upgradeTo=IndustrialCarbonizationRetort;research=SteamPower|Coking;workshop=;productivity=726.44;territory=2005]"
116719,116719,Conservative,"Research","Completed","PowerGridEngineering",1,"elapsed=6000s"
116719,117319,Conservative,"Building","Upgraded","SteamPlant->CentralPowerStation",2,"eligible upgrade chain selected"
116719,116719,Conservative,"Research","Selected","IndustrialChemistry",1,"score=380.437"
117319,117319,Conservative,"Research","Paid","IndustrialChemistry",1,"complete resource cost paid atomically"
117919,117919,Conservative,"Building","Waiting","",1,"productivity or territory is insufficient [CokeOven:candidate=True;constructible=True;affordable=False;available=False;owned=2;upgradeTo=IndustrialCarbonizationRetort;research=SteamPower|Coking;workshop=;productivity=756.24;territory=1985]"
118519,118519,Conservative,"Building","Waiting","",1,"productivity or territory is insufficient [CokeOven:candidate=True;constructible=True;affordable=False;available=False;owned=2;upgradeTo=IndustrialCarbonizationRetort;research=SteamPower|Coking;workshop=;productivity=735;territory=1985]"
119119,119119,Conservative,"Research","Completed","IndustrialChemistry",1,"elapsed=2400s"
119119,126319,Conservative,"Workshop","Waiting","",13,"upgrade resources are insufficient"
119119,119119,Conservative,"Building","Constructed","OilDerrick",1,"score=417.6; count=1"
119119,119119,Conservative,"Research","Selected","IndustrialExplosives",1,"score=187.047"
119719,119719,Conservative,"Research","Paid","IndustrialExplosives",1,"complete resource cost paid atomically"
119719,119719,Conservative,"Building","Constructed","ChemicalPlant",1,"score=276; count=1"
120319,120319,Conservative,"Building","Constructed","OilRefinery",1,"score=244; count=1"
120919,120919,Conservative,"Building","Constructed","OilDerrick",1,"score=297.6; count=2"
121519,121519,Conservative,"Building","Constructed","ChemicalPlant",1,"score=156; count=2"
122119,122119,Conservative,"Building","Constructed","OilRefinery",1,"score=124; count=2"
122719,122719,Conservative,"Building","Waiting","",1,"productivity or territory is insufficient [CokeOven:candidate=True;constructible=True;affordable=False;available=False;owned=2;upgradeTo=IndustrialCarbonizationRetort;research=SteamPower|Coking;workshop=;productivity=257.12;territory=1881]"
123319,123319,Conservative,"Research","Completed","IndustrialExplosives",1,"elapsed=4200s"
123319,123319,Conservative,"Building","Waiting","",1,"productivity or territory is insufficient [CokeOven:candidate=True;constructible=True;affordable=False;available=False;owned=2;upgradeTo=IndustrialCarbonizationRetort;research=SteamPower|Coking;workshop=;productivity=250.04;territory=1881]"
123319,123319,Conservative,"Research","Selected","PrecisionManufacturing",1,"score=136.408"
123919,123919,Conservative,"Research","Paid","PrecisionManufacturing",1,"complete resource cost paid atomically"
123919,123919,Conservative,"Building","Waiting","",1,"productivity or territory is insufficient [CokeOven:candidate=True;constructible=True;affordable=False;available=False;owned=2;upgradeTo=IndustrialCarbonizationRetort;research=SteamPower|Coking;workshop=;productivity=247.68;territory=1881]"
124519,124519,Conservative,"Building","Waiting","",1,"productivity or territory is insufficient [CokeOven:candidate=True;constructible=True;affordable=False;available=False;owned=2;upgradeTo=IndustrialCarbonizationRetort;research=SteamPower|Coking;workshop=;productivity=242.96;territory=1881]"
125119,125119,Conservative,"Building","Waiting","",1,"productivity or territory is insufficient [CokeOven:candidate=True;constructible=True;affordable=False;available=False;owned=2;upgradeTo=IndustrialCarbonizationRetort;research=SteamPower|Coking;workshop=;productivity=240.6;territory=1881]"
125719,125719,Conservative,"Building","Waiting","",1,"productivity or territory is insufficient [CokeOven:candidate=True;constructible=True;affordable=False;available=False;owned=2;upgradeTo=IndustrialCarbonizationRetort;research=SteamPower|Coking;workshop=;productivity=238.24;territory=1881]"
126319,126319,Conservative,"Building","Waiting","",1,"productivity or territory is insufficient [CokeOven:candidate=True;constructible=True;affordable=False;available=False;owned=2;upgradeTo=IndustrialCarbonizationRetort;research=SteamPower|Coking;workshop=;productivity=235.88;territory=1881]"
126919,126919,Conservative,"Research","Completed","PrecisionManufacturing",1,"elapsed=3600s"
126919,126919,Conservative,"Workshop","Purchased","PrecisionTooling",1,"score=48.87"
126919,126919,Conservative,"Building","Constructed","MachineFactory",1,"score=228.6; count=1"
126919,126919,Conservative,"Research","Selected","ConcreteEngineering",1,"score=152.047"
127519,127519,Conservative,"Research","Paid","ConcreteEngineering",1,"complete resource cost paid atomically"
127519,127519,Conservative,"Workshop","Purchased","PoweredMining",1,"score=299.45"
127519,127519,Conservative,"Building","Constructed","MachineFactory",1,"score=108.6; count=2"
128119,128119,Conservative,"Workshop","Purchased","RotaryKilns",1,"score=49.05"
128119,128119,Conservative,"Building","Constructed","Glassworks",1,"score=220; count=1"
128719,129319,Conservative,"Workshop","Waiting","",2,"no prerequisite-complete upgrade"
128719,128719,Conservative,"Building","Waiting","",1,"no strategy candidate [CokeOven:candidate=True;constructible=True;affordable=False;available=False;owned=2;upgradeTo=IndustrialCarbonizationRetort;research=SteamPower|Coking;workshop=;productivity=11.16;territory=1827]"
129319,129319,Conservative,"Building","Waiting","",1,"no strategy candidate [CokeOven:candidate=True;constructible=True;affordable=False;available=False;owned=2;upgradeTo=IndustrialCarbonizationRetort;research=SteamPower|Coking;workshop=;productivity=8.8;territory=1827]"
129919,129919,Conservative,"Research","Completed","ConcreteEngineering",1,"elapsed=3000s"
129919,132319,Conservative,"Workshop","Waiting","",5,"upgrade resources are insufficient"
129919,131719,Conservative,"Building","Waiting","",4,"no strategy candidate [CokeOven:candidate=True;constructible=True;affordable=False;available=False;owned=2;upgradeTo=IndustrialCarbonizationRetort;research=SteamPower|Coking;workshop=;productivity=8.8;territory=1977]"
129919,129919,Conservative,"Research","Selected","DeepOilDrilling",1,"score=42.521"
130519,130519,Conservative,"Research","Paid","DeepOilDrilling",1,"complete resource cost paid atomically"
132319,132319,Conservative,"Building","Constructed","Farm",1,"score=410; count=1"
132919,132919,Conservative,"Research","Completed","DeepOilDrilling",1,"elapsed=3000s"
132919,132919,Conservative,"Workshop","Purchased","RotaryDrillingHeads",1,"score=99.15"
132919,132919,Conservative,"Building","Upgraded","CharcoalKiln->IndustrialCarbonizationRetort",1,"eligible upgrade chain selected"
132919,132919,Conservative,"Research","Selected","IndustrialMetalSmelting",1,"score=28.324"
133519,133519,Conservative,"Research","Paid","IndustrialMetalSmelting",1,"complete resource cost paid atomically"
133519,133519,Conservative,"Workshop","Purchased","ControlledBlasting",1,"score=249.46"
133519,133519,Conservative,"Building","Upgraded","Farm->IrrigationWorks",1,"eligible upgrade chain selected"
134119,135319,Conservative,"Workshop","Waiting","",3,"upgrade resources are insufficient"
134119,134119,Conservative,"Building","Constructed","CharcoalKiln",1,"score=20; count=2"
134719,134719,Conservative,"Building","Waiting","",1,"no strategy candidate [CokeOven:candidate=True;constructible=True;affordable=False;available=False;owned=2;upgradeTo=IndustrialCarbonizationRetort;research=SteamPower|Coking;workshop=;productivity=28.8;territory=1953]"
135319,135319,Conservative,"Building","Waiting","",1,"no strategy candidate [CokeOven:candidate=True;constructible=True;affordable=False;available=False;owned=2;upgradeTo=IndustrialCarbonizationRetort;research=SteamPower|Coking;workshop=;productivity=21.72;territory=1953]"
135919,135919,Conservative,"Research","Completed","IndustrialMetalSmelting",1,"elapsed=3000s"
135919,135919,Conservative,"Workshop","Purchased","HotBlastStoves",1,"score=49.07"
135919,135919,Conservative,"Building","Waiting","",1,"no strategy candidate [CokeOven:candidate=True;constructible=True;affordable=False;available=False;owned=2;upgradeTo=IndustrialCarbonizationRetort;research=SteamPower|Coking;workshop=;productivity=17;territory=1953]"
135919,135919,Conservative,"Research","Selected","RailwayEngineering",1,"score=41.022"
136519,136519,Conservative,"Research","Paid","RailwayEngineering",1,"complete resource cost paid atomically"
136519,150319,Conservative,"Workshop","Waiting","",24,"upgrade resources are insufficient"
136519,136519,Conservative,"Building","Waiting","",1,"no strategy candidate [CokeOven:candidate=True;constructible=True;affordable=False;available=False;owned=2;upgradeTo=IndustrialCarbonizationRetort;research=SteamPower|Coking;workshop=;productivity=12.28;territory=1953]"
137119,137119,Conservative,"Building","Constructed","Farm",1,"score=410; count=1"
137719,137719,Conservative,"Building","Upgraded","Farm->IrrigationWorks",1,"eligible upgrade chain selected"
138319,153319,Conservative,"Building","Waiting","",26,"no strategy candidate [CokeOven:candidate=True;constructible=True;affordable=False;available=False;owned=2;upgradeTo=IndustrialCarbonizationRetort;research=SteamPower|Coking;workshop=;productivity=53.84;territory=1947]"
140119,140119,Conservative,"Research","Completed","RailwayEngineering",1,"elapsed=4200s"
140119,140119,Conservative,"Research","Selected","ElectricalCommunication",1,"score=55.245"
140719,140719,Conservative,"Research","Paid","ElectricalCommunication",1,"complete resource cost paid atomically"
144319,144319,Conservative,"Research","Completed","ElectricalCommunication",1,"elapsed=4200s"
144319,144319,Conservative,"Research","Selected","ScientificMethod",1,"score=23.105"
144919,144919,Conservative,"Research","Paid","ScientificMethod",1,"complete resource cost paid atomically"
150919,150919,Conservative,"Research","Completed","ScientificMethod",1,"elapsed=6600s"
150919,150919,Conservative,"Workshop","Purchased","LaboratoryGlassware",1,"score=49.62"
150919,150919,Conservative,"Research","Selected","AdvancedCeramicEngineering",1,"score=99.937"
151519,151519,Conservative,"Research","Paid","AdvancedCeramicEngineering",1,"complete resource cost paid atomically"
151519,151519,Conservative,"Workshop","Purchased","ElectricalInstrumentation",1,"score=99.57"
152119,152119,Conservative,"Workshop","Purchased","InsulatedWindings",1,"score=99.45"
152719,152719,Conservative,"Workshop","Purchased","BlockSignalling",1,"score=49.44"
153319,153319,Conservative,"Workshop","Purchased","HighPressureTurbines",1,"score=48.92"
153919,153919,Conservative,"Workshop","Purchased","IntegratedFurnaces",1,"score=48.57"
153919,154519,Conservative,"Building","Upgraded","SteelForge->IndustrialMetalSmelter",2,"eligible upgrade chain selected"
154519,159919,Conservative,"Workshop","Waiting","",10,"upgrade resources are insufficient"
155119,164719,Conservative,"Building","Waiting","",17,"no strategy candidate [CokeOven:candidate=True;constructible=True;affordable=False;available=False;owned=2;upgradeTo=IndustrialCarbonizationRetort;research=SteamPower|Coking;workshop=;productivity=19.84;territory=1931]"
160519,160519,Conservative,"Research","Completed","AdvancedCeramicEngineering",1,"elapsed=9600s"
160519,160519,Conservative,"Workshop","Purchased","AdvancedCeramicFiring",1,"score=49.48"
160519,160519,Conservative,"Research","Selected","ModernUniversity",1,"score=38.549"
161119,161119,Conservative,"Research","Paid","ModernUniversity",1,"complete resource cost paid atomically"
161119,166519,Conservative,"Workshop","Waiting","",10,"upgrade resources are insufficient"
165319,165319,Conservative,"Research","Completed","ModernUniversity",1,"elapsed=4800s"
165319,165919,Conservative,"Building","Upgraded","Academy->University",2,"eligible upgrade chain selected"
165319,165319,Conservative,"Research","Selected","PublicHealth",1,"score=-2.916"
165919,165919,Conservative,"Research","Paid","PublicHealth",1,"complete resource cost paid atomically"
165919,165919,Conservative,"Research","Completed","PublicHealth",1,"elapsed=600s"
165919,165919,Conservative,"Research","Selected","CombustionEngines",1,"score=-29.113"
166519,166519,Conservative,"Research","Paid","CombustionEngines",1,"complete resource cost paid atomically"
166519,166519,Conservative,"Building","Upgraded","Caravanserai->RailHub",1,"eligible upgrade chain selected"
167119,167119,Conservative,"Research","Completed","CombustionEngines",1,"elapsed=1200s"
167119,167119,Conservative,"Workshop","Purchased","FuelInjection",1,"score=49.25"
167119,167119,Conservative,"Building","Constructed","Caravanserai",1,"score=0; count=2"
167119,167119,Conservative,"Research","Selected","ModernMedicine",1,"score=-39.755"
167719,167719,Conservative,"Research","Paid","ModernMedicine",1,"complete resource cost paid atomically"
167719,167719,Conservative,"Research","Completed","ModernMedicine",1,"elapsed=600s"
167719,210319,Conservative,"Workshop","Waiting","",72,"upgrade resources are insufficient"
167719,168319,Conservative,"Building","Upgraded","Caravanserai->RailHub",2,"eligible upgrade chain selected"
167719,167719,Conservative,"Research","Selected","FactoryOrganization",1,"score=-43.936"
168319,168319,Conservative,"Research","Paid","FactoryOrganization",1,"complete resource cost paid atomically"
168919,168919,Conservative,"Research","Completed","FactoryOrganization",1,"elapsed=1200s"
168919,170119,Conservative,"Building","Waiting","",3,"no strategy candidate [CokeOven:candidate=True;constructible=True;affordable=False;available=False;owned=2;upgradeTo=IndustrialCarbonizationRetort;research=SteamPower|Coking;workshop=;productivity=2.64;territory=2110]"
168919,168919,Conservative,"Research","Selected","GuildSystem",1,"score=-47.113"
169519,169519,Conservative,"Research","Paid","GuildSystem",1,"complete resource cost paid atomically"
169519,169519,Conservative,"Research","Completed","GuildSystem",1,"elapsed=600s"
169519,169519,Conservative,"Research","Selected","Fortification",1,"score=-48.867"
170119,170119,Conservative,"Research","Paid","Fortification",1,"complete resource cost paid atomically"
170119,170119,Conservative,"Research","Completed","Fortification",1,"elapsed=600s"
170119,170119,Conservative,"Research","Selected","UrbanHousing",1,"score=48.436"
170719,170719,Conservative,"Research","Paid","UrbanHousing",1,"complete resource cost paid atomically"
170719,170719,Conservative,"Research","Completed","UrbanHousing",1,"elapsed=600s"
170719,170719,Conservative,"Building","Upgraded","StoneHouse->TownHouse",1,"eligible upgrade chain selected"
170719,170719,Conservative,"Research","Selected","IndustrialHabitationEngineering",1,"score=26.408"
171319,211519,Conservative,"Research","Waiting","IndustrialHabitationEngineering",68,"complete resource cost is not yet affordable"
171319,171319,Conservative,"Building","Upgraded","CharcoalKiln->IndustrialCarbonizationRetort",1,"eligible upgrade chain selected"
171919,177919,Conservative,"Building","Upgraded","StoneHouse->TownHouse",11,"eligible upgrade chain selected"
178519,179119,Conservative,"Building","Waiting","",2,"productivity or territory is insufficient [CokeOven:candidate=True;constructible=True;affordable=False;available=False;owned=2;upgradeTo=IndustrialCarbonizationRetort;research=SteamPower|Coking;workshop=;productivity=-64.56;territory=2096]"
179719,180919,Conservative,"Building","Waiting","",3,"productivity or territory is insufficient [CokeOven:candidate=True;constructible=True;affordable=False;available=False;owned=2;upgradeTo=IndustrialCarbonizationRetort;research=SteamPower|Coking;workshop=;productivity=-68.12;territory=2096]"
181519,185119,Conservative,"Building","Waiting","",7,"productivity or territory is insufficient [CokeOven:candidate=True;constructible=True;affordable=False;available=False;owned=2;upgradeTo=IndustrialCarbonizationRetort;research=SteamPower|Coking;workshop=;productivity=-71.68;territory=2096]"
185719,185719,Conservative,"Building","Waiting","",1,"productivity or territory is insufficient [CokeOven:candidate=True;constructible=True;affordable=False;available=False;owned=2;upgradeTo=IndustrialCarbonizationRetort;research=SteamPower|Coking;workshop=;productivity=-75.24;territory=2096]"
186319,186319,Conservative,"Building","Upgraded","CharcoalKiln->IndustrialCarbonizationRetort",1,"eligible upgrade chain selected"
186919,187519,Conservative,"Building","Upgraded","CokeOven->IndustrialCarbonizationRetort",2,"eligible upgrade chain selected"
188119,188719,Conservative,"Building","Upgraded","MetalSmelter->IndustrialMetalSmelter",2,"eligible upgrade chain selected"
189319,189319,Conservative,"Building","Constructed","MetalSmelter",1,"score=285; count=1"
189919,189919,Conservative,"Building","Waiting","",1,"productivity or territory is insufficient [CokeOven:candidate=True;constructible=True;affordable=True;available=False;owned=0;upgradeTo=IndustrialCarbonizationRetort;research=SteamPower|Coking;workshop=;productivity=-37.52;territory=2046]"
190519,190519,Conservative,"Building","Waiting","",1,"productivity or territory is insufficient [CokeOven:candidate=True;constructible=True;affordable=True;available=False;owned=0;upgradeTo=IndustrialCarbonizationRetort;research=SteamPower|Coking;workshop=;productivity=-105.16;territory=2046]"
191119,191119,Conservative,"Building","Waiting","",1,"productivity or territory is insufficient [CokeOven:candidate=True;constructible=True;affordable=True;available=False;owned=0;upgradeTo=IndustrialCarbonizationRetort;research=SteamPower|Coking;workshop=;productivity=-158.56;territory=2046]"
191719,191719,Conservative,"Building","Waiting","",1,"productivity or territory is insufficient [CokeOven:candidate=True;constructible=True;affordable=True;available=False;owned=0;upgradeTo=IndustrialCarbonizationRetort;research=SteamPower|Coking;workshop=;productivity=-204.84;territory=2046]"
192319,192319,Conservative,"Building","Waiting","",1,"productivity or territory is insufficient [CokeOven:candidate=True;constructible=True;affordable=True;available=False;owned=0;upgradeTo=IndustrialCarbonizationRetort;research=SteamPower|Coking;workshop=;productivity=-244;territory=2046]"
192919,192919,Conservative,"Building","Waiting","",1,"productivity or territory is insufficient [CokeOven:candidate=True;constructible=True;affordable=True;available=False;owned=0;upgradeTo=IndustrialCarbonizationRetort;research=SteamPower|Coking;workshop=;productivity=-276.04;territory=2046]"
193519,193519,Conservative,"Building","Waiting","",1,"productivity or territory is insufficient [CokeOven:candidate=True;constructible=True;affordable=True;available=False;owned=0;upgradeTo=IndustrialCarbonizationRetort;research=SteamPower|Coking;workshop=;productivity=-300.96;territory=2046]"
194119,194119,Conservative,"Building","Waiting","",1,"productivity or territory is insufficient [CokeOven:candidate=True;constructible=True;affordable=True;available=False;owned=0;upgradeTo=IndustrialCarbonizationRetort;research=SteamPower|Coking;workshop=;productivity=-322.32;territory=2046]"
194719,194719,Conservative,"Building","Waiting","",1,"productivity or territory is insufficient [CokeOven:candidate=True;constructible=True;affordable=True;available=False;owned=0;upgradeTo=IndustrialCarbonizationRetort;research=SteamPower|Coking;workshop=;productivity=-343.68;territory=2046]"
195319,195319,Conservative,"Building","Waiting","",1,"productivity or territory is insufficient [CokeOven:candidate=True;constructible=True;affordable=True;available=False;owned=0;upgradeTo=IndustrialCarbonizationRetort;research=SteamPower|Coking;workshop=;productivity=-357.92;territory=2046]"
195919,195919,Conservative,"Building","Waiting","",1,"productivity or territory is insufficient [CokeOven:candidate=True;constructible=True;affordable=True;available=False;owned=0;upgradeTo=IndustrialCarbonizationRetort;research=SteamPower|Coking;workshop=;productivity=-372.16;territory=2046]"
196519,196519,Conservative,"Building","Waiting","",1,"productivity or territory is insufficient [CokeOven:candidate=True;constructible=True;affordable=True;available=False;owned=0;upgradeTo=IndustrialCarbonizationRetort;research=SteamPower|Coking;workshop=;productivity=-382.84;territory=2046]"
197119,197119,Conservative,"Building","Waiting","",1,"productivity or territory is insufficient [CokeOven:candidate=True;constructible=True;affordable=True;available=False;owned=0;upgradeTo=IndustrialCarbonizationRetort;research=SteamPower|Coking;workshop=;productivity=-389.96;territory=2046]"
197719,197719,Conservative,"Building","Waiting","",1,"productivity or territory is insufficient [CokeOven:candidate=True;constructible=True;affordable=True;available=False;owned=0;upgradeTo=IndustrialCarbonizationRetort;research=SteamPower|Coking;workshop=;productivity=-397.08;territory=2046]"
198319,198319,Conservative,"Building","Waiting","",1,"productivity or territory is insufficient [CokeOven:candidate=True;constructible=True;affordable=True;available=False;owned=0;upgradeTo=IndustrialCarbonizationRetort;research=SteamPower|Coking;workshop=;productivity=-404.2;territory=2046]"
198919,198919,Conservative,"Building","Waiting","",1,"productivity or territory is insufficient [CokeOven:candidate=True;constructible=True;affordable=True;available=False;owned=0;upgradeTo=IndustrialCarbonizationRetort;research=SteamPower|Coking;workshop=;productivity=-407.76;territory=2046]"
199519,199519,Conservative,"Building","Waiting","",1,"productivity or territory is insufficient [CokeOven:candidate=True;constructible=True;affordable=True;available=False;owned=0;upgradeTo=IndustrialCarbonizationRetort;research=SteamPower|Coking;workshop=;productivity=-414.88;territory=2046]"
200119,200719,Conservative,"Building","Waiting","",2,"productivity or territory is insufficient [CokeOven:candidate=True;constructible=True;affordable=True;available=False;owned=0;upgradeTo=IndustrialCarbonizationRetort;research=SteamPower|Coking;workshop=;productivity=-418.44;territory=2046]"
201319,201319,Conservative,"Building","Waiting","",1,"productivity or territory is insufficient [CokeOven:candidate=True;constructible=True;affordable=True;available=False;owned=0;upgradeTo=IndustrialCarbonizationRetort;research=SteamPower|Coking;workshop=;productivity=-422;territory=2046]"
201919,202519,Conservative,"Building","Waiting","",2,"productivity or territory is insufficient [CokeOven:candidate=True;constructible=True;affordable=True;available=False;owned=0;upgradeTo=IndustrialCarbonizationRetort;research=SteamPower|Coking;workshop=;productivity=-425.56;territory=2046]"
203119,204319,Conservative,"Building","Waiting","",3,"productivity or territory is insufficient [CokeOven:candidate=True;constructible=True;affordable=True;available=False;owned=0;upgradeTo=IndustrialCarbonizationRetort;research=SteamPower|Coking;workshop=;productivity=-429.12;territory=2046]"
204919,208519,Conservative,"Building","Waiting","",7,"productivity or territory is insufficient [CokeOven:candidate=True;constructible=True;affordable=True;available=False;owned=0;upgradeTo=IndustrialCarbonizationRetort;research=SteamPower|Coking;workshop=;productivity=-432.68;territory=2046]"
209119,209119,Conservative,"Building","Waiting","",1,"productivity or territory is insufficient [CokeOven:candidate=True;constructible=True;affordable=True;available=False;owned=0;upgradeTo=IndustrialCarbonizationRetort;research=SteamPower|Coking;workshop=;productivity=-436.24;territory=2046]"
209719,209719,Conservative,"Building","Upgraded","MetalSmelter->IndustrialMetalSmelter",1,"eligible upgrade chain selected"
210319,210319,Conservative,"Building","Constructed","ConcreteWorks",1,"score=239; count=1"
210919,210919,Conservative,"Workshop","Purchased","ConcreteBatching",1,"score=99.35"
210919,210919,Conservative,"Building","Upgraded","ClayPit->IndustrialClayProcessingWorks",1,"eligible upgrade chain selected"
211519,212119,Conservative,"Workshop","Waiting","",2,"no prerequisite-complete upgrade"
211519,211519,Conservative,"Building","Constructed","CharcoalKiln",1,"score=140; count=1"
212119,212119,Conservative,"Research","Paid","IndustrialHabitationEngineering",1,"complete resource cost paid atomically"
212119,212119,Conservative,"Building","Waiting","",1,"productivity or territory is insufficient [CokeOven:candidate=True;constructible=True;affordable=True;available=False;owned=0;upgradeTo=IndustrialCarbonizationRetort;research=SteamPower|Coking;workshop=;productivity=-110.52;territory=2000]"
212719,212719,Conservative,"Research","Completed","IndustrialHabitationEngineering",1,"elapsed=42000s"
212719,212719,Conservative,"Workshop","Purchased","IndustrialHousingStandards",1,"score=47.95"
212719,212719,Conservative,"Building","Waiting","",1,"productivity or territory is insufficient [CokeOven:candidate=True;constructible=True;affordable=True;available=False;owned=0;upgradeTo=IndustrialCarbonizationRetort;research=SteamPower|Coking;workshop=;productivity=-206.64;territory=2000]"
212719,212719,Conservative,"Research","Selected","StandingArmy",1,"score=-47.113"
213319,213319,Conservative,"Research","Paid","StandingArmy",1,"complete resource cost paid atomically"
213319,213319,Conservative,"Research","Completed","StandingArmy",1,"elapsed=600s"
213319,214519,Conservative,"Workshop","Waiting","",3,"no prerequisite-complete upgrade"
213319,213319,Conservative,"Building","Waiting","",1,"productivity or territory is insufficient [CokeOven:candidate=True;constructible=True;affordable=True;available=False;owned=0;upgradeTo=IndustrialCarbonizationRetort;research=SteamPower|Coking;workshop=;productivity=-288.52;territory=2000]"
213319,213319,Conservative,"Research","Selected","Gunpowder",1,"score=-50.176"
213919,213919,Conservative,"Research","Paid","Gunpowder",1,"complete resource cost paid atomically"
213919,213919,Conservative,"Research","Completed","Gunpowder",1,"elapsed=600s"
213919,213919,Conservative,"Building","Waiting","",1,"productivity or territory is insufficient [CokeOven:candidate=True;constructible=True;affordable=True;available=False;owned=0;upgradeTo=IndustrialCarbonizationRetort;research=SteamPower|Coking;workshop=;productivity=-356.16;territory=2000]"
213919,213919,Conservative,"Research","Selected","ScientificInstrumentation",1,"score=-55.57"
214519,214519,Conservative,"Research","Paid","ScientificInstrumentation",1,"complete resource cost paid atomically"
214519,214519,Conservative,"Building","Waiting","",1,"productivity or territory is insufficient [CokeOven:candidate=True;constructible=True;affordable=True;available=False;owned=0;upgradeTo=IndustrialCarbonizationRetort;research=SteamPower|Coking;workshop=;productivity=-409.56;territory=2000]"
215119,215119,Conservative,"Research","Completed","ScientificInstrumentation",1,"elapsed=1200s"
215119,215119,Conservative,"Workshop","Purchased","PressurizedReactors",1,"score=49.2"
215119,215119,Conservative,"Building","Waiting","",1,"productivity or territory is insufficient [CokeOven:candidate=True;constructible=True;affordable=True;available=False;owned=0;upgradeTo=IndustrialCarbonizationRetort;research=SteamPower|Coking;workshop=;productivity=-455.84;territory=2000]"
215119,215119,Conservative,"Research","Selected","MassProduction",1,"score=-56.451"
215719,215719,Conservative,"Research","Paid","MassProduction",1,"complete resource cost paid atomically"
215719,215719,Conservative,"Workshop","Purchased","ContinuousDistillation",1,"score=99.28"
215719,215719,Conservative,"Building","Waiting","",1,"productivity or territory is insufficient [CokeOven:candidate=True;constructible=True;affordable=True;available=False;owned=0;upgradeTo=IndustrialCarbonizationRetort;research=SteamPower|Coking;workshop=;productivity=-495;territory=2000]"
216319,216319,Conservative,"Research","Completed","MassProduction",1,"elapsed=1200s"
216319,216319,Conservative,"Workshop","Purchased","ConveyorSystems",1,"score=49.3"
216319,216319,Conservative,"Building","Waiting","",1,"productivity or territory is insufficient [CokeOven:candidate=True;constructible=True;affordable=True;available=False;owned=0;upgradeTo=IndustrialCarbonizationRetort;research=SteamPower|Coking;workshop=;productivity=-527.04;territory=2000]"
216319,216319,Conservative,"Research","Selected","MechanizedForestry",1,"score=134.712"
216919,216919,Conservative,"Research","Paid","MechanizedForestry",1,"complete resource cost paid atomically"
216919,216919,Conservative,"Research","Completed","MechanizedForestry",1,"elapsed=600s"
216919,216919,Conservative,"Workshop","Purchased","MechanizedForestryEquipment",1,"score=146.7"
216919,216919,Conservative,"Building","Waiting","",1,"productivity or territory is insufficient [CokeOven:candidate=True;constructible=True;affordable=True;available=False;owned=0;upgradeTo=IndustrialCarbonizationRetort;research=SteamPower|Coking;workshop=;productivity=-551.96;territory=2000]"
216919,216919,Conservative,"Research","Selected","IndustrialAgriculture",1,"score=67.272"
217519,217519,Conservative,"Research","Paid","IndustrialAgriculture",1,"complete resource cost paid atomically"
217519,217519,Conservative,"Workshop","Purchased","MechanicalLooms",1,"score=99.58"
217519,217519,Conservative,"Building","Waiting","",1,"productivity or territory is insufficient [CokeOven:candidate=True;constructible=True;affordable=True;available=False;owned=0;upgradeTo=IndustrialCarbonizationRetort;research=SteamPower|Coking;workshop=;productivity=-573.32;territory=2000]"
218119,218119,Conservative,"Research","Completed","IndustrialAgriculture",1,"elapsed=1200s"
218119,218119,Conservative,"Workshop","Purchased","AgriculturalMachinery",1,"score=149.17"
218119,218119,Conservative,"Building","Waiting","",1,"productivity or territory is insufficient [CokeOven:candidate=True;constructible=True;affordable=True;available=False;owned=0;upgradeTo=IndustrialCarbonizationRetort;research=SteamPower|Coking;workshop=;productivity=-594.68;territory=2000]"
218119,218119,Conservative,"Research","Selected","SyntheticFertilizers",1,"score=-56.153"
218719,218719,Conservative,"Research","Paid","SyntheticFertilizers",1,"complete resource cost paid atomically"
218719,218719,Conservative,"Research","Completed","SyntheticFertilizers",1,"elapsed=600s"
218719,219319,Conservative,"Workshop","Waiting","",2,"no prerequisite-complete upgrade"
218719,219319,Conservative,"Building","Upgraded","CeramicKiln->AdvancedCeramicsPlant",2,"eligible upgrade chain selected"
218719,218719,Conservative,"Research","Selected","LogisticsManagement",1,"score=-57.95"
219319,219319,Conservative,"Research","Paid","LogisticsManagement",1,"complete resource cost paid atomically"
219919,219919,Conservative,"Research","Completed","LogisticsManagement",1,"elapsed=1200s"
219919,219919,Conservative,"Workshop","Purchased","StandardizedFreightContainers",1,"score=49.32"
219919,219919,Conservative,"Building","Constructed","Farm",1,"score=410; count=1"
219919,219919,Conservative,"Research","Selected","RareMetalResourceDevelopment",1,"score=101.837"
220519,220519,Conservative,"Research","Paid","RareMetalResourceDevelopment",1,"complete resource cost paid atomically"
220519,220519,Conservative,"Workshop","Waiting","",1,"no prerequisite-complete upgrade"
220519,220519,Conservative,"Building","Waiting","",1,"productivity or territory is insufficient [CokeOven:candidate=True;constructible=True;affordable=True;available=False;owned=0;upgradeTo=IndustrialCarbonizationRetort;research=SteamPower|Coking;workshop=;productivity=-33.8;territory=1956]"
221119,221119,Conservative,"Research","Completed","RareMetalResourceDevelopment",1,"elapsed=1200s"
221119,221119,Conservative,"Workshop","Purchased","HeavyMineralSeparationSystem",1,"score=49.18"
221119,221119,Conservative,"Building","Waiting","",1,"productivity or territory is insufficient [CokeOven:candidate=True;constructible=True;affordable=True;available=False;owned=0;upgradeTo=IndustrialCarbonizationRetort;research=SteamPower|Coking;workshop=;productivity=-94.32;territory=1956]"
221119,221119,Conservative,"Research","Selected","AluminumMetallurgy",1,"score=36.633"
221719,221719,Conservative,"Research","Paid","AluminumMetallurgy",1,"complete resource cost paid atomically"
221719,221719,Conservative,"Workshop","Waiting","",1,"no prerequisite-complete upgrade"
221719,221719,Conservative,"Building","Waiting","",1,"productivity or territory is insufficient [CokeOven:candidate=True;constructible=True;affordable=True;available=False;owned=0;upgradeTo=IndustrialCarbonizationRetort;research=SteamPower|Coking;workshop=;productivity=-147.72;territory=1956]"
222319,222319,Conservative,"Research","Completed","AluminumMetallurgy",1,"elapsed=1200s"
222319,380119,Conservative,"Workshop","Waiting","",264,"upgrade resources are insufficient"
222319,222319,Conservative,"Building","Waiting","",1,"productivity or territory is insufficient [CokeOven:candidate=True;constructible=True;affordable=True;available=False;owned=0;upgradeTo=IndustrialCarbonizationRetort;research=SteamPower|Coking;workshop=;productivity=-190.44;territory=1956]"
222319,222319,Conservative,"Research","Selected","NickelHydrometallurgy",1,"score=20.39"
222919,380119,Conservative,"Research","Waiting","NickelHydrometallurgy",263,"complete resource cost is not yet affordable"
222919,222919,Conservative,"Building","Waiting","",1,"productivity or territory is insufficient [CokeOven:candidate=True;constructible=True;affordable=True;available=False;owned=0;upgradeTo=IndustrialCarbonizationRetort;research=SteamPower|Coking;workshop=;productivity=-226.04;territory=1956]"
223519,223519,Conservative,"Building","Waiting","",1,"productivity or territory is insufficient [CokeOven:candidate=True;constructible=True;affordable=True;available=False;owned=0;upgradeTo=IndustrialCarbonizationRetort;research=SteamPower|Coking;workshop=;productivity=-254.52;territory=1956]"
224119,224119,Conservative,"Building","Waiting","",1,"productivity or territory is insufficient [CokeOven:candidate=True;constructible=True;affordable=True;available=False;owned=0;upgradeTo=IndustrialCarbonizationRetort;research=SteamPower|Coking;workshop=;productivity=-279.44;territory=1956]"
224719,224719,Conservative,"Building","Waiting","",1,"productivity or territory is insufficient [CokeOven:candidate=True;constructible=True;affordable=True;available=False;owned=0;upgradeTo=IndustrialCarbonizationRetort;research=SteamPower|Coking;workshop=;productivity=-300.8;territory=1956]"
225319,225319,Conservative,"Building","Waiting","",1,"productivity or territory is insufficient [CokeOven:candidate=True;constructible=True;affordable=True;available=False;owned=0;upgradeTo=IndustrialCarbonizationRetort;research=SteamPower|Coking;workshop=;productivity=-318.6;territory=1956]"
225919,225919,Conservative,"Building","Waiting","",1,"productivity or territory is insufficient [CokeOven:candidate=True;constructible=True;affordable=True;available=False;owned=0;upgradeTo=IndustrialCarbonizationRetort;research=SteamPower|Coking;workshop=;productivity=-332.84;territory=1956]"
226519,226519,Conservative,"Building","Waiting","",1,"productivity or territory is insufficient [CokeOven:candidate=True;constructible=True;affordable=True;available=False;owned=0;upgradeTo=IndustrialCarbonizationRetort;research=SteamPower|Coking;workshop=;productivity=-343.52;territory=1956]"
227119,227119,Conservative,"Building","Waiting","",1,"productivity or territory is insufficient [CokeOven:candidate=True;constructible=True;affordable=True;available=False;owned=0;upgradeTo=IndustrialCarbonizationRetort;research=SteamPower|Coking;workshop=;productivity=-354.2;territory=1956]"
227719,227719,Conservative,"Building","Waiting","",1,"productivity or territory is insufficient [CokeOven:candidate=True;constructible=True;affordable=True;available=False;owned=0;upgradeTo=IndustrialCarbonizationRetort;research=SteamPower|Coking;workshop=;productivity=-361.32;territory=1956]"
228319,228319,Conservative,"Building","Waiting","",1,"productivity or territory is insufficient [CokeOven:candidate=True;constructible=True;affordable=True;available=False;owned=0;upgradeTo=IndustrialCarbonizationRetort;research=SteamPower|Coking;workshop=;productivity=-368.44;territory=1956]"
228919,228919,Conservative,"Building","Waiting","",1,"productivity or territory is insufficient [CokeOven:candidate=True;constructible=True;affordable=True;available=False;owned=0;upgradeTo=IndustrialCarbonizationRetort;research=SteamPower|Coking;workshop=;productivity=-375.56;territory=1956]"
229519,229519,Conservative,"Building","Waiting","",1,"productivity or territory is insufficient [CokeOven:candidate=True;constructible=True;affordable=True;available=False;owned=0;upgradeTo=IndustrialCarbonizationRetort;research=SteamPower|Coking;workshop=;productivity=-382.68;territory=1956]"
230119,230719,Conservative,"Building","Waiting","",2,"productivity or territory is insufficient [CokeOven:candidate=True;constructible=True;affordable=True;available=False;owned=0;upgradeTo=IndustrialCarbonizationRetort;research=SteamPower|Coking;workshop=;productivity=-386.24;territory=1956]"
231319,231319,Conservative,"Building","Waiting","",1,"productivity or territory is insufficient [CokeOven:candidate=True;constructible=True;affordable=True;available=False;owned=0;upgradeTo=IndustrialCarbonizationRetort;research=SteamPower|Coking;workshop=;productivity=-389.8;territory=1956]"
231919,232519,Conservative,"Building","Waiting","",2,"productivity or territory is insufficient [CokeOven:candidate=True;constructible=True;affordable=True;available=False;owned=0;upgradeTo=IndustrialCarbonizationRetort;research=SteamPower|Coking;workshop=;productivity=-393.36;territory=1956]"
233119,233719,Conservative,"Building","Waiting","",2,"productivity or territory is insufficient [CokeOven:candidate=True;constructible=True;affordable=True;available=False;owned=0;upgradeTo=IndustrialCarbonizationRetort;research=SteamPower|Coking;workshop=;productivity=-396.92;territory=1956]"
234319,236719,Conservative,"Building","Waiting","",5,"productivity or territory is insufficient [CokeOven:candidate=True;constructible=True;affordable=True;available=False;owned=0;upgradeTo=IndustrialCarbonizationRetort;research=SteamPower|Coking;workshop=;productivity=-400.48;territory=1956]"
237319,270919,Conservative,"Building","Waiting","",57,"productivity or territory is insufficient [CokeOven:candidate=True;constructible=True;affordable=True;available=False;owned=0;upgradeTo=IndustrialCarbonizationRetort;research=SteamPower|Coking;workshop=;productivity=-404.04;territory=1956]"
271519,271519,Conservative,"Building","Waiting","",1,"productivity or territory is insufficient [CokeOven:candidate=True;constructible=True;affordable=True;available=False;owned=0;upgradeTo=IndustrialCarbonizationRetort;research=SteamPower|Coking;workshop=;productivity=-407.6;territory=1956]"
272119,272119,Conservative,"Building","Upgraded","CharcoalKiln->IndustrialCarbonizationRetort",1,"eligible upgrade chain selected"
272719,272719,Conservative,"Building","Upgraded","Farm->IrrigationWorks",1,"eligible upgrade chain selected"
273319,273319,Conservative,"Building","Waiting","",1,"productivity or territory is insufficient [CokeOven:candidate=True;constructible=True;affordable=True;available=False;owned=0;upgradeTo=IndustrialCarbonizationRetort;research=SteamPower|Coking;workshop=;productivity=-9.88;territory=1940]"
273919,273919,Conservative,"Building","Waiting","",1,"productivity or territory is insufficient [CokeOven:candidate=True;constructible=True;affordable=True;available=False;owned=0;upgradeTo=IndustrialCarbonizationRetort;research=SteamPower|Coking;workshop=;productivity=-73.96;territory=1940]"
274519,274519,Conservative,"Building","Waiting","",1,"productivity or territory is insufficient [CokeOven:candidate=True;constructible=True;affordable=True;available=False;owned=0;upgradeTo=IndustrialCarbonizationRetort;research=SteamPower|Coking;workshop=;productivity=-127.36;territory=1940]"
275119,275119,Conservative,"Building","Waiting","",1,"productivity or territory is insufficient [CokeOven:candidate=True;constructible=True;affordable=True;available=False;owned=0;upgradeTo=IndustrialCarbonizationRetort;research=SteamPower|Coking;workshop=;productivity=-173.64;territory=1940]"
275719,275719,Conservative,"Building","Waiting","",1,"productivity or territory is insufficient [CokeOven:candidate=True;constructible=True;affordable=True;available=False;owned=0;upgradeTo=IndustrialCarbonizationRetort;research=SteamPower|Coking;workshop=;productivity=-212.8;territory=1940]"
276319,276319,Conservative,"Building","Waiting","",1,"productivity or territory is insufficient [CokeOven:candidate=True;constructible=True;affordable=True;available=False;owned=0;upgradeTo=IndustrialCarbonizationRetort;research=SteamPower|Coking;workshop=;productivity=-241.28;territory=1940]"
276919,276919,Conservative,"Building","Waiting","",1,"productivity or territory is insufficient [CokeOven:candidate=True;constructible=True;affordable=True;available=False;owned=0;upgradeTo=IndustrialCarbonizationRetort;research=SteamPower|Coking;workshop=;productivity=-269.76;territory=1940]"
277519,277519,Conservative,"Building","Waiting","",1,"productivity or territory is insufficient [CokeOven:candidate=True;constructible=True;affordable=True;available=False;owned=0;upgradeTo=IndustrialCarbonizationRetort;research=SteamPower|Coking;workshop=;productivity=-291.12;territory=1940]"
278119,278119,Conservative,"Building","Waiting","",1,"productivity or territory is insufficient [CokeOven:candidate=True;constructible=True;affordable=True;available=False;owned=0;upgradeTo=IndustrialCarbonizationRetort;research=SteamPower|Coking;workshop=;productivity=-308.92;territory=1940]"
278719,278719,Conservative,"Building","Waiting","",1,"productivity or territory is insufficient [CokeOven:candidate=True;constructible=True;affordable=True;available=False;owned=0;upgradeTo=IndustrialCarbonizationRetort;research=SteamPower|Coking;workshop=;productivity=-323.16;territory=1940]"
279319,279319,Conservative,"Building","Waiting","",1,"productivity or territory is insufficient [CokeOven:candidate=True;constructible=True;affordable=True;available=False;owned=0;upgradeTo=IndustrialCarbonizationRetort;research=SteamPower|Coking;workshop=;productivity=-337.4;territory=1940]"
279919,279919,Conservative,"Building","Waiting","",1,"productivity or territory is insufficient [CokeOven:candidate=True;constructible=True;affordable=True;available=False;owned=0;upgradeTo=IndustrialCarbonizationRetort;research=SteamPower|Coking;workshop=;productivity=-348.08;territory=1940]"
280519,280519,Conservative,"Building","Waiting","",1,"productivity or territory is insufficient [CokeOven:candidate=True;constructible=True;affordable=True;available=False;owned=0;upgradeTo=IndustrialCarbonizationRetort;research=SteamPower|Coking;workshop=;productivity=-355.2;territory=1940]"
281119,281119,Conservative,"Building","Waiting","",1,"productivity or territory is insufficient [CokeOven:candidate=True;constructible=True;affordable=True;available=False;owned=0;upgradeTo=IndustrialCarbonizationRetort;research=SteamPower|Coking;workshop=;productivity=-362.32;territory=1940]"
281719,281719,Conservative,"Building","Waiting","",1,"productivity or territory is insufficient [CokeOven:candidate=True;constructible=True;affordable=True;available=False;owned=0;upgradeTo=IndustrialCarbonizationRetort;research=SteamPower|Coking;workshop=;productivity=-369.44;territory=1940]"
282319,282319,Conservative,"Building","Waiting","",1,"productivity or territory is insufficient [CokeOven:candidate=True;constructible=True;affordable=True;available=False;owned=0;upgradeTo=IndustrialCarbonizationRetort;research=SteamPower|Coking;workshop=;productivity=-373;territory=1940]"
282919,282919,Conservative,"Building","Waiting","",1,"productivity or territory is insufficient [CokeOven:candidate=True;constructible=True;affordable=True;available=False;owned=0;upgradeTo=IndustrialCarbonizationRetort;research=SteamPower|Coking;workshop=;productivity=-380.12;territory=1940]"
283519,284119,Conservative,"Building","Waiting","",2,"productivity or territory is insufficient [CokeOven:candidate=True;constructible=True;affordable=True;available=False;owned=0;upgradeTo=IndustrialCarbonizationRetort;research=SteamPower|Coking;workshop=;productivity=-383.68;territory=1940]"
284719,284719,Conservative,"Building","Waiting","",1,"productivity or territory is insufficient [CokeOven:candidate=True;constructible=True;affordable=True;available=False;owned=0;upgradeTo=IndustrialCarbonizationRetort;research=SteamPower|Coking;workshop=;productivity=-387.24;territory=1940]"
285319,286519,Conservative,"Building","Waiting","",3,"productivity or territory is insufficient [CokeOven:candidate=True;constructible=True;affordable=True;available=False;owned=0;upgradeTo=IndustrialCarbonizationRetort;research=SteamPower|Coking;workshop=;productivity=-390.8;territory=1940]"
287119,288319,Conservative,"Building","Waiting","",3,"productivity or territory is insufficient [CokeOven:candidate=True;constructible=True;affordable=True;available=False;owned=0;upgradeTo=IndustrialCarbonizationRetort;research=SteamPower|Coking;workshop=;productivity=-394.36;territory=1940]"
288919,294919,Conservative,"Building","Waiting","",11,"productivity or territory is insufficient [CokeOven:candidate=True;constructible=True;affordable=True;available=False;owned=0;upgradeTo=IndustrialCarbonizationRetort;research=SteamPower|Coking;workshop=;productivity=-397.92;territory=1940]"
295519,295519,Conservative,"Building","Waiting","",1,"productivity or territory is insufficient [CokeOven:candidate=True;constructible=True;affordable=True;available=False;owned=0;upgradeTo=IndustrialCarbonizationRetort;research=SteamPower|Coking;workshop=;productivity=-401.48;territory=1940]"
296119,296119,Conservative,"Building","Upgraded","ClayPit->IndustrialClayProcessingWorks",1,"eligible upgrade chain selected"
296719,296719,Conservative,"Building","Waiting","",1,"productivity or territory is insufficient [CokeOven:candidate=True;constructible=True;affordable=True;available=False;owned=0;upgradeTo=IndustrialCarbonizationRetort;research=SteamPower|Coking;workshop=;productivity=-48.32;territory=1924]"
297319,297319,Conservative,"Building","Waiting","",1,"productivity or territory is insufficient [CokeOven:candidate=True;constructible=True;affordable=True;available=False;owned=0;upgradeTo=IndustrialCarbonizationRetort;research=SteamPower|Coking;workshop=;productivity=-126.64;territory=1924]"
297919,297919,Conservative,"Building","Waiting","",1,"productivity or territory is insufficient [CokeOven:candidate=True;constructible=True;affordable=True;available=False;owned=0;upgradeTo=IndustrialCarbonizationRetort;research=SteamPower|Coking;workshop=;productivity=-194.28;territory=1924]"
298519,298519,Conservative,"Building","Waiting","",1,"productivity or territory is insufficient [CokeOven:candidate=True;constructible=True;affordable=True;available=False;owned=0;upgradeTo=IndustrialCarbonizationRetort;research=SteamPower|Coking;workshop=;productivity=-251.24;territory=1924]"
299119,299119,Conservative,"Building","Waiting","",1,"productivity or territory is insufficient [CokeOven:candidate=True;constructible=True;affordable=True;available=False;owned=0;upgradeTo=IndustrialCarbonizationRetort;research=SteamPower|Coking;workshop=;productivity=-297.52;territory=1924]"
299719,299719,Conservative,"Building","Waiting","",1,"productivity or territory is insufficient [CokeOven:candidate=True;constructible=True;affordable=True;available=False;owned=0;upgradeTo=IndustrialCarbonizationRetort;research=SteamPower|Coking;workshop=;productivity=-336.68;territory=1924]"
300319,300319,Conservative,"Building","Waiting","",1,"productivity or territory is insufficient [CokeOven:candidate=True;constructible=True;affordable=True;available=False;owned=0;upgradeTo=IndustrialCarbonizationRetort;research=SteamPower|Coking;workshop=;productivity=-368.72;territory=1924]"
300919,300919,Conservative,"Building","Waiting","",1,"productivity or territory is insufficient [CokeOven:candidate=True;constructible=True;affordable=True;available=False;owned=0;upgradeTo=IndustrialCarbonizationRetort;research=SteamPower|Coking;workshop=;productivity=-393.64;territory=1924]"
301519,301519,Conservative,"Building","Waiting","",1,"productivity or territory is insufficient [CokeOven:candidate=True;constructible=True;affordable=True;available=False;owned=0;upgradeTo=IndustrialCarbonizationRetort;research=SteamPower|Coking;workshop=;productivity=-418.56;territory=1924]"
302119,302119,Conservative,"Building","Waiting","",1,"productivity or territory is insufficient [CokeOven:candidate=True;constructible=True;affordable=True;available=False;owned=0;upgradeTo=IndustrialCarbonizationRetort;research=SteamPower|Coking;workshop=;productivity=-436.36;territory=1924]"
302719,302719,Conservative,"Building","Waiting","",1,"productivity or territory is insufficient [CokeOven:candidate=True;constructible=True;affordable=True;available=False;owned=0;upgradeTo=IndustrialCarbonizationRetort;research=SteamPower|Coking;workshop=;productivity=-454.16;territory=1924]"
303319,303319,Conservative,"Building","Waiting","",1,"productivity or territory is insufficient [CokeOven:candidate=True;constructible=True;affordable=True;available=False;owned=0;upgradeTo=IndustrialCarbonizationRetort;research=SteamPower|Coking;workshop=;productivity=-464.84;territory=1924]"
303919,303919,Conservative,"Building","Waiting","",1,"productivity or territory is insufficient [CokeOven:candidate=True;constructible=True;affordable=True;available=False;owned=0;upgradeTo=IndustrialCarbonizationRetort;research=SteamPower|Coking;workshop=;productivity=-475.52;territory=1924]"
304519,304519,Conservative,"Building","Waiting","",1,"productivity or territory is insufficient [CokeOven:candidate=True;constructible=True;affordable=True;available=False;owned=0;upgradeTo=IndustrialCarbonizationRetort;research=SteamPower|Coking;workshop=;productivity=-486.2;territory=1924]"
305119,305119,Conservative,"Building","Waiting","",1,"productivity or territory is insufficient [CokeOven:candidate=True;constructible=True;affordable=True;available=False;owned=0;upgradeTo=IndustrialCarbonizationRetort;research=SteamPower|Coking;workshop=;productivity=-493.32;territory=1924]"
305719,305719,Conservative,"Building","Waiting","",1,"productivity or territory is insufficient [CokeOven:candidate=True;constructible=True;affordable=True;available=False;owned=0;upgradeTo=IndustrialCarbonizationRetort;research=SteamPower|Coking;workshop=;productivity=-500.44;territory=1924]"
306319,306319,Conservative,"Building","Waiting","",1,"productivity or territory is insufficient [CokeOven:candidate=True;constructible=True;affordable=True;available=False;owned=0;upgradeTo=IndustrialCarbonizationRetort;research=SteamPower|Coking;workshop=;productivity=-504;territory=1924]"
306919,306919,Conservative,"Building","Waiting","",1,"productivity or territory is insufficient [CokeOven:candidate=True;constructible=True;affordable=True;available=False;owned=0;upgradeTo=IndustrialCarbonizationRetort;research=SteamPower|Coking;workshop=;productivity=-507.56;territory=1924]"
307519,307519,Conservative,"Building","Waiting","",1,"productivity or territory is insufficient [CokeOven:candidate=True;constructible=True;affordable=True;available=False;owned=0;upgradeTo=IndustrialCarbonizationRetort;research=SteamPower|Coking;workshop=;productivity=-511.12;territory=1924]"
308119,308119,Conservative,"Building","Waiting","",1,"productivity or territory is insufficient [CokeOven:candidate=True;constructible=True;affordable=True;available=False;owned=0;upgradeTo=IndustrialCarbonizationRetort;research=SteamPower|Coking;workshop=;productivity=-514.68;territory=1924]"
308719,308719,Conservative,"Building","Waiting","",1,"productivity or territory is insufficient [CokeOven:candidate=True;constructible=True;affordable=True;available=False;owned=0;upgradeTo=IndustrialCarbonizationRetort;research=SteamPower|Coking;workshop=;productivity=-518.24;territory=1924]"
309319,310519,Conservative,"Building","Waiting","",3,"productivity or territory is insufficient [CokeOven:candidate=True;constructible=True;affordable=True;available=False;owned=0;upgradeTo=IndustrialCarbonizationRetort;research=SteamPower|Coking;workshop=;productivity=-521.8;territory=1924]"
311119,312319,Conservative,"Building","Waiting","",3,"productivity or territory is insufficient [CokeOven:candidate=True;constructible=True;affordable=True;available=False;owned=0;upgradeTo=IndustrialCarbonizationRetort;research=SteamPower|Coking;workshop=;productivity=-525.36;territory=1924]"
312919,318919,Conservative,"Building","Waiting","",11,"productivity or territory is insufficient [CokeOven:candidate=True;constructible=True;affordable=True;available=False;owned=0;upgradeTo=IndustrialCarbonizationRetort;research=SteamPower|Coking;workshop=;productivity=-528.92;territory=1924]"
319519,319519,Conservative,"Building","Waiting","",1,"productivity or territory is insufficient [CokeOven:candidate=True;constructible=True;affordable=True;available=False;owned=0;upgradeTo=IndustrialCarbonizationRetort;research=SteamPower|Coking;workshop=;productivity=-532.48;territory=1924]"
320119,320119,Conservative,"Building","Upgraded","IrrigationWorks->PlantingField",1,"eligible upgrade chain selected"
320719,320719,Conservative,"Building","Waiting","",1,"productivity or territory is insufficient [CokeOven:candidate=True;constructible=True;affordable=True;available=False;owned=0;upgradeTo=IndustrialCarbonizationRetort;research=SteamPower|Coking;workshop=;productivity=-59.72;territory=1914]"
321319,321319,Conservative,"Building","Waiting","",1,"productivity or territory is insufficient [CokeOven:candidate=True;constructible=True;affordable=True;available=False;owned=0;upgradeTo=IndustrialCarbonizationRetort;research=SteamPower|Coking;workshop=;productivity=-109.56;territory=1914]"
321919,321919,Conservative,"Building","Waiting","",1,"productivity or territory is insufficient [CokeOven:candidate=True;constructible=True;affordable=True;available=False;owned=0;upgradeTo=IndustrialCarbonizationRetort;research=SteamPower|Coking;workshop=;productivity=-152.28;territory=1914]"
322519,322519,Conservative,"Building","Waiting","",1,"productivity or territory is insufficient [CokeOven:candidate=True;constructible=True;affordable=True;available=False;owned=0;upgradeTo=IndustrialCarbonizationRetort;research=SteamPower|Coking;workshop=;productivity=-187.88;territory=1914]"
323119,323119,Conservative,"Building","Waiting","",1,"productivity or territory is insufficient [CokeOven:candidate=True;constructible=True;affordable=True;available=False;owned=0;upgradeTo=IndustrialCarbonizationRetort;research=SteamPower|Coking;workshop=;productivity=-219.92;territory=1914]"
323719,323719,Conservative,"Building","Waiting","",1,"productivity or territory is insufficient [CokeOven:candidate=True;constructible=True;affordable=True;available=False;owned=0;upgradeTo=IndustrialCarbonizationRetort;research=SteamPower|Coking;workshop=;productivity=-244.84;territory=1914]"
324319,324319,Conservative,"Building","Waiting","",1,"productivity or territory is insufficient [CokeOven:candidate=True;constructible=True;affordable=True;available=False;owned=0;upgradeTo=IndustrialCarbonizationRetort;research=SteamPower|Coking;workshop=;productivity=-266.2;territory=1914]"
324919,324919,Conservative,"Building","Waiting","",1,"productivity or territory is insufficient [CokeOven:candidate=True;constructible=True;affordable=True;available=False;owned=0;upgradeTo=IndustrialCarbonizationRetort;research=SteamPower|Coking;workshop=;productivity=-280.44;territory=1914]"
325519,325519,Conservative,"Building","Waiting","",1,"productivity or territory is insufficient [CokeOven:candidate=True;constructible=True;affordable=True;available=False;owned=0;upgradeTo=IndustrialCarbonizationRetort;research=SteamPower|Coking;workshop=;productivity=-298.24;territory=1914]"
326119,326119,Conservative,"Building","Waiting","",1,"productivity or territory is insufficient [CokeOven:candidate=True;constructible=True;affordable=True;available=False;owned=0;upgradeTo=IndustrialCarbonizationRetort;research=SteamPower|Coking;workshop=;productivity=-308.92;territory=1914]"
326719,326719,Conservative,"Building","Waiting","",1,"productivity or territory is insufficient [CokeOven:candidate=True;constructible=True;affordable=True;available=False;owned=0;upgradeTo=IndustrialCarbonizationRetort;research=SteamPower|Coking;workshop=;productivity=-319.6;territory=1914]"
327319,327319,Conservative,"Building","Waiting","",1,"productivity or territory is insufficient [CokeOven:candidate=True;constructible=True;affordable=True;available=False;owned=0;upgradeTo=IndustrialCarbonizationRetort;research=SteamPower|Coking;workshop=;productivity=-326.72;territory=1914]"
327919,327919,Conservative,"Building","Waiting","",1,"productivity or territory is insufficient [CokeOven:candidate=True;constructible=True;affordable=True;available=False;owned=0;upgradeTo=IndustrialCarbonizationRetort;research=SteamPower|Coking;workshop=;productivity=-333.84;territory=1914]"
328519,328519,Conservative,"Building","Waiting","",1,"productivity or territory is insufficient [CokeOven:candidate=True;constructible=True;affordable=True;available=False;owned=0;upgradeTo=IndustrialCarbonizationRetort;research=SteamPower|Coking;workshop=;productivity=-340.96;territory=1914]"
329119,329119,Conservative,"Building","Waiting","",1,"productivity or territory is insufficient [CokeOven:candidate=True;constructible=True;affordable=True;available=False;owned=0;upgradeTo=IndustrialCarbonizationRetort;research=SteamPower|Coking;workshop=;productivity=-344.52;territory=1914]"
329719,329719,Conservative,"Building","Waiting","",1,"productivity or territory is insufficient [CokeOven:candidate=True;constructible=True;affordable=True;available=False;owned=0;upgradeTo=IndustrialCarbonizationRetort;research=SteamPower|Coking;workshop=;productivity=-348.08;territory=1914]"
330319,330319,Conservative,"Building","Waiting","",1,"productivity or territory is insufficient [CokeOven:candidate=True;constructible=True;affordable=True;available=False;owned=0;upgradeTo=IndustrialCarbonizationRetort;research=SteamPower|Coking;workshop=;productivity=-351.64;territory=1914]"
330919,331519,Conservative,"Building","Waiting","",2,"productivity or territory is insufficient [CokeOven:candidate=True;constructible=True;affordable=True;available=False;owned=0;upgradeTo=IndustrialCarbonizationRetort;research=SteamPower|Coking;workshop=;productivity=-355.2;territory=1914]"
332119,332719,Conservative,"Building","Waiting","",2,"productivity or territory is insufficient [CokeOven:candidate=True;constructible=True;affordable=True;available=False;owned=0;upgradeTo=IndustrialCarbonizationRetort;research=SteamPower|Coking;workshop=;productivity=-358.76;territory=1914]"
333319,334519,Conservative,"Building","Waiting","",3,"productivity or territory is insufficient [CokeOven:candidate=True;constructible=True;affordable=True;available=False;owned=0;upgradeTo=IndustrialCarbonizationRetort;research=SteamPower|Coking;workshop=;productivity=-362.32;territory=1914]"
335119,338719,Conservative,"Building","Waiting","",7,"productivity or territory is insufficient [CokeOven:candidate=True;constructible=True;affordable=True;available=False;owned=0;upgradeTo=IndustrialCarbonizationRetort;research=SteamPower|Coking;workshop=;productivity=-365.88;territory=1914]"
339319,339319,Conservative,"Building","Waiting","",1,"productivity or territory is insufficient [CokeOven:candidate=True;constructible=True;affordable=True;available=False;owned=0;upgradeTo=IndustrialCarbonizationRetort;research=SteamPower|Coking;workshop=;productivity=-369.44;territory=1914]"
339919,339919,Conservative,"Building","Constructed","StoneHouse",1,"score=180; count=1"
340519,340519,Conservative,"Building","Upgraded","StoneHouse->TownHouse",1,"eligible upgrade chain selected"
341119,341119,Conservative,"Building","Waiting","",1,"productivity or territory is insufficient [CokeOven:candidate=True;constructible=True;affordable=True;available=False;owned=0;upgradeTo=IndustrialCarbonizationRetort;research=SteamPower|Coking;workshop=;productivity=-109.56;territory=1911]"
341719,341719,Conservative,"Building","Waiting","",1,"productivity or territory is insufficient [CokeOven:candidate=True;constructible=True;affordable=True;available=False;owned=0;upgradeTo=IndustrialCarbonizationRetort;research=SteamPower|Coking;workshop=;productivity=-152.28;territory=1911]"
342319,342319,Conservative,"Building","Waiting","",1,"productivity or territory is insufficient [CokeOven:candidate=True;constructible=True;affordable=True;available=False;owned=0;upgradeTo=IndustrialCarbonizationRetort;research=SteamPower|Coking;workshop=;productivity=-187.88;territory=1911]"
342919,342919,Conservative,"Building","Waiting","",1,"productivity or territory is insufficient [CokeOven:candidate=True;constructible=True;affordable=True;available=False;owned=0;upgradeTo=IndustrialCarbonizationRetort;research=SteamPower|Coking;workshop=;productivity=-219.92;territory=1911]"
343519,343519,Conservative,"Building","Waiting","",1,"productivity or territory is insufficient [CokeOven:candidate=True;constructible=True;affordable=True;available=False;owned=0;upgradeTo=IndustrialCarbonizationRetort;research=SteamPower|Coking;workshop=;productivity=-244.84;territory=1911]"
344119,344119,Conservative,"Building","Waiting","",1,"productivity or territory is insufficient [CokeOven:candidate=True;constructible=True;affordable=True;available=False;owned=0;upgradeTo=IndustrialCarbonizationRetort;research=SteamPower|Coking;workshop=;productivity=-266.2;territory=1911]"
344719,344719,Conservative,"Building","Waiting","",1,"productivity or territory is insufficient [CokeOven:candidate=True;constructible=True;affordable=True;available=False;owned=0;upgradeTo=IndustrialCarbonizationRetort;research=SteamPower|Coking;workshop=;productivity=-280.44;territory=1911]"
345319,345319,Conservative,"Building","Waiting","",1,"productivity or territory is insufficient [CokeOven:candidate=True;constructible=True;affordable=True;available=False;owned=0;upgradeTo=IndustrialCarbonizationRetort;research=SteamPower|Coking;workshop=;productivity=-298.24;territory=1911]"
345919,345919,Conservative,"Building","Waiting","",1,"productivity or territory is insufficient [CokeOven:candidate=True;constructible=True;affordable=True;available=False;owned=0;upgradeTo=IndustrialCarbonizationRetort;research=SteamPower|Coking;workshop=;productivity=-308.92;territory=1911]"
346519,346519,Conservative,"Building","Waiting","",1,"productivity or territory is insufficient [CokeOven:candidate=True;constructible=True;affordable=True;available=False;owned=0;upgradeTo=IndustrialCarbonizationRetort;research=SteamPower|Coking;workshop=;productivity=-319.6;territory=1911]"
347119,347119,Conservative,"Building","Waiting","",1,"productivity or territory is insufficient [CokeOven:candidate=True;constructible=True;affordable=True;available=False;owned=0;upgradeTo=IndustrialCarbonizationRetort;research=SteamPower|Coking;workshop=;productivity=-326.72;territory=1911]"
347719,347719,Conservative,"Building","Waiting","",1,"productivity or territory is insufficient [CokeOven:candidate=True;constructible=True;affordable=True;available=False;owned=0;upgradeTo=IndustrialCarbonizationRetort;research=SteamPower|Coking;workshop=;productivity=-333.84;territory=1911]"
348319,348319,Conservative,"Building","Waiting","",1,"productivity or territory is insufficient [CokeOven:candidate=True;constructible=True;affordable=True;available=False;owned=0;upgradeTo=IndustrialCarbonizationRetort;research=SteamPower|Coking;workshop=;productivity=-340.96;territory=1911]"
348919,348919,Conservative,"Building","Waiting","",1,"productivity or territory is insufficient [CokeOven:candidate=True;constructible=True;affordable=True;available=False;owned=0;upgradeTo=IndustrialCarbonizationRetort;research=SteamPower|Coking;workshop=;productivity=-344.52;territory=1911]"
349519,349519,Conservative,"Building","Waiting","",1,"productivity or territory is insufficient [CokeOven:candidate=True;constructible=True;affordable=True;available=False;owned=0;upgradeTo=IndustrialCarbonizationRetort;research=SteamPower|Coking;workshop=;productivity=-348.08;territory=1911]"
350119,350119,Conservative,"Building","Waiting","",1,"productivity or territory is insufficient [CokeOven:candidate=True;constructible=True;affordable=True;available=False;owned=0;upgradeTo=IndustrialCarbonizationRetort;research=SteamPower|Coking;workshop=;productivity=-351.64;territory=1911]"
350719,351319,Conservative,"Building","Waiting","",2,"productivity or territory is insufficient [CokeOven:candidate=True;constructible=True;affordable=True;available=False;owned=0;upgradeTo=IndustrialCarbonizationRetort;research=SteamPower|Coking;workshop=;productivity=-355.2;territory=1911]"
351919,352519,Conservative,"Building","Waiting","",2,"productivity or territory is insufficient [CokeOven:candidate=True;constructible=True;affordable=True;available=False;owned=0;upgradeTo=IndustrialCarbonizationRetort;research=SteamPower|Coking;workshop=;productivity=-358.76;territory=1911]"
353119,354319,Conservative,"Building","Waiting","",3,"productivity or territory is insufficient [CokeOven:candidate=True;constructible=True;affordable=True;available=False;owned=0;upgradeTo=IndustrialCarbonizationRetort;research=SteamPower|Coking;workshop=;productivity=-362.32;territory=1911]"
354919,357919,Conservative,"Building","Waiting","",6,"productivity or territory is insufficient [CokeOven:candidate=True;constructible=True;affordable=True;available=False;owned=0;upgradeTo=IndustrialCarbonizationRetort;research=SteamPower|Coking;workshop=;productivity=-365.88;territory=1911]"
358519,358519,Conservative,"Building","Waiting","",1,"productivity or territory is insufficient [CokeOven:candidate=True;constructible=True;affordable=True;available=False;owned=0;upgradeTo=IndustrialCarbonizationRetort;research=SteamPower|Coking;workshop=;productivity=-369.44;territory=1911]"
359119,359119,Conservative,"Building","Upgraded","CoalMine->MechanizedCoalMine",1,"eligible upgrade chain selected"
359719,359719,Conservative,"Building","Waiting","",1,"productivity or territory is insufficient [CokeOven:candidate=True;constructible=True;affordable=True;available=False;owned=0;upgradeTo=IndustrialCarbonizationRetort;research=SteamPower|Coking;workshop=;productivity=-60.68;territory=1897]"
360319,360319,Conservative,"Building","Waiting","",1,"productivity or territory is insufficient [CokeOven:candidate=True;constructible=True;affordable=True;available=False;owned=0;upgradeTo=IndustrialCarbonizationRetort;research=SteamPower|Coking;workshop=;productivity=-135.44;territory=1897]"
360919,360919,Conservative,"Building","Waiting","",1,"productivity or territory is insufficient [CokeOven:candidate=True;constructible=True;affordable=True;available=False;owned=0;upgradeTo=IndustrialCarbonizationRetort;research=SteamPower|Coking;workshop=;productivity=-192.4;territory=1897]"
361519,361519,Conservative,"Building","Waiting","",1,"productivity or territory is insufficient [CokeOven:candidate=True;constructible=True;affordable=True;available=False;owned=0;upgradeTo=IndustrialCarbonizationRetort;research=SteamPower|Coking;workshop=;productivity=-242.24;territory=1897]"
362119,362119,Conservative,"Building","Waiting","",1,"productivity or territory is insufficient [CokeOven:candidate=True;constructible=True;affordable=True;available=False;owned=0;upgradeTo=IndustrialCarbonizationRetort;research=SteamPower|Coking;workshop=;productivity=-284.96;territory=1897]"
362719,362719,Conservative,"Building","Waiting","",1,"productivity or territory is insufficient [CokeOven:candidate=True;constructible=True;affordable=True;available=False;owned=0;upgradeTo=IndustrialCarbonizationRetort;research=SteamPower|Coking;workshop=;productivity=-317;territory=1897]"
363319,363319,Conservative,"Building","Waiting","",1,"productivity or territory is insufficient [CokeOven:candidate=True;constructible=True;affordable=True;available=False;owned=0;upgradeTo=IndustrialCarbonizationRetort;research=SteamPower|Coking;workshop=;productivity=-349.04;territory=1897]"
363919,363919,Conservative,"Building","Waiting","",1,"productivity or territory is insufficient [CokeOven:candidate=True;constructible=True;affordable=True;available=False;owned=0;upgradeTo=IndustrialCarbonizationRetort;research=SteamPower|Coking;workshop=;productivity=-370.4;territory=1897]"
364519,364519,Conservative,"Building","Waiting","",1,"productivity or territory is insufficient [CokeOven:candidate=True;constructible=True;affordable=True;available=False;owned=0;upgradeTo=IndustrialCarbonizationRetort;research=SteamPower|Coking;workshop=;productivity=-391.76;territory=1897]"
365119,365119,Conservative,"Building","Waiting","",1,"productivity or territory is insufficient [CokeOven:candidate=True;constructible=True;affordable=True;available=False;owned=0;upgradeTo=IndustrialCarbonizationRetort;research=SteamPower|Coking;workshop=;productivity=-406;territory=1897]"
365719,365719,Conservative,"Building","Waiting","",1,"productivity or territory is insufficient [CokeOven:candidate=True;constructible=True;affordable=True;available=False;owned=0;upgradeTo=IndustrialCarbonizationRetort;research=SteamPower|Coking;workshop=;productivity=-420.24;territory=1897]"
366319,366319,Conservative,"Building","Waiting","",1,"productivity or territory is insufficient [CokeOven:candidate=True;constructible=True;affordable=True;available=False;owned=0;upgradeTo=IndustrialCarbonizationRetort;research=SteamPower|Coking;workshop=;productivity=-434.48;territory=1897]"
366919,366919,Conservative,"Building","Waiting","",1,"productivity or territory is insufficient [CokeOven:candidate=True;constructible=True;affordable=True;available=False;owned=0;upgradeTo=IndustrialCarbonizationRetort;research=SteamPower|Coking;workshop=;productivity=-441.6;territory=1897]"
367519,367519,Conservative,"Building","Waiting","",1,"productivity or territory is insufficient [CokeOven:candidate=True;constructible=True;affordable=True;available=False;owned=0;upgradeTo=IndustrialCarbonizationRetort;research=SteamPower|Coking;workshop=;productivity=-452.28;territory=1897]"
368119,368119,Conservative,"Building","Waiting","",1,"productivity or territory is insufficient [CokeOven:candidate=True;constructible=True;affordable=True;available=False;owned=0;upgradeTo=IndustrialCarbonizationRetort;research=SteamPower|Coking;workshop=;productivity=-455.84;territory=1897]"
368719,368719,Conservative,"Building","Waiting","",1,"productivity or territory is insufficient [CokeOven:candidate=True;constructible=True;affordable=True;available=False;owned=0;upgradeTo=IndustrialCarbonizationRetort;research=SteamPower|Coking;workshop=;productivity=-462.96;territory=1897]"
369319,369319,Conservative,"Building","Waiting","",1,"productivity or territory is insufficient [CokeOven:candidate=True;constructible=True;affordable=True;available=False;owned=0;upgradeTo=IndustrialCarbonizationRetort;research=SteamPower|Coking;workshop=;productivity=-466.52;territory=1897]"
369919,369919,Conservative,"Building","Waiting","",1,"productivity or territory is insufficient [CokeOven:candidate=True;constructible=True;affordable=True;available=False;owned=0;upgradeTo=IndustrialCarbonizationRetort;research=SteamPower|Coking;workshop=;productivity=-470.08;territory=1897]"
370519,370519,Conservative,"Building","Waiting","",1,"productivity or territory is insufficient [CokeOven:candidate=True;constructible=True;affordable=True;available=False;owned=0;upgradeTo=IndustrialCarbonizationRetort;research=SteamPower|Coking;workshop=;productivity=-473.64;territory=1897]"
371119,371119,Conservative,"Building","Waiting","",1,"productivity or territory is insufficient [CokeOven:candidate=True;constructible=True;affordable=True;available=False;owned=0;upgradeTo=IndustrialCarbonizationRetort;research=SteamPower|Coking;workshop=;productivity=-477.2;territory=1897]"
371719,372319,Conservative,"Building","Waiting","",2,"productivity or territory is insufficient [CokeOven:candidate=True;constructible=True;affordable=True;available=False;owned=0;upgradeTo=IndustrialCarbonizationRetort;research=SteamPower|Coking;workshop=;productivity=-480.76;territory=1897]"
372919,374119,Conservative,"Building","Waiting","",3,"productivity or territory is insufficient [CokeOven:candidate=True;constructible=True;affordable=True;available=False;owned=0;upgradeTo=IndustrialCarbonizationRetort;research=SteamPower|Coking;workshop=;productivity=-484.32;territory=1897]"
374719,378919,Conservative,"Building","Waiting","",8,"productivity or territory is insufficient [CokeOven:candidate=True;constructible=True;affordable=True;available=False;owned=0;upgradeTo=IndustrialCarbonizationRetort;research=SteamPower|Coking;workshop=;productivity=-487.88;territory=1897]"
379519,379519,Conservative,"Building","Waiting","",1,"productivity or territory is insufficient [CokeOven:candidate=True;constructible=True;affordable=True;available=False;owned=0;upgradeTo=IndustrialCarbonizationRetort;research=SteamPower|Coking;workshop=;productivity=-491.44;territory=1897]"
380119,380119,Conservative,"Building","Upgraded","MetalMine->RareMetalMine",1,"eligible upgrade chain selected"
380719,380719,Conservative,"Research","Paid","NickelHydrometallurgy",1,"complete resource cost paid atomically"
380719,380719,Conservative,"Workshop","Purchased","AluminumElectrolyticCells",1,"score=48.58"
380719,380719,Conservative,"Building","Waiting","",1,"productivity or territory is insufficient [CokeOven:candidate=True;constructible=True;affordable=True;available=False;owned=0;upgradeTo=IndustrialCarbonizationRetort;research=SteamPower|Coking;workshop=;productivity=-62.68;territory=1887]"
381319,381319,Conservative,"Research","Completed","NickelHydrometallurgy",1,"elapsed=159000s"
381319,381319,Conservative,"Workshop","Purchased","NickelLeachingElectrowinningSystem",1,"score=48.51"
381319,381319,Conservative,"Building","Waiting","",1,"productivity or territory is insufficient [CokeOven:candidate=True;constructible=True;affordable=True;available=False;owned=0;upgradeTo=IndustrialCarbonizationRetort;research=SteamPower|Coking;workshop=;productivity=-137.44;territory=1887]"
381319,381319,Conservative,"Research","Selected","ChlorideTitaniumMetallurgy",1,"score=19.655"
381919,381919,Conservative,"Research","Paid","ChlorideTitaniumMetallurgy",1,"complete resource cost paid atomically"
381919,686119,Conservative,"Workshop","Waiting","",508,"upgrade resources are insufficient"
381919,381919,Conservative,"Building","Waiting","",1,"productivity or territory is insufficient [CokeOven:candidate=True;constructible=True;affordable=True;available=False;owned=0;upgradeTo=IndustrialCarbonizationRetort;research=SteamPower|Coking;workshop=;productivity=-194.4;territory=1887]"
382519,382519,Conservative,"Research","Completed","ChlorideTitaniumMetallurgy",1,"elapsed=1200s"
382519,382519,Conservative,"Building","Waiting","",1,"productivity or territory is insufficient [CokeOven:candidate=True;constructible=True;affordable=True;available=False;owned=0;upgradeTo=IndustrialCarbonizationRetort;research=SteamPower|Coking;workshop=;productivity=-244.24;territory=1887]"
382519,382519,Conservative,"Research","Selected","TitaniumAlloyEngineering",1,"score=1297.824"
383119,686119,Conservative,"Research","Waiting","TitaniumAlloyEngineering",506,"complete resource cost is not yet affordable"
383119,383119,Conservative,"Building","Waiting","",1,"productivity or territory is insufficient [CokeOven:candidate=True;constructible=True;affordable=True;available=False;owned=0;upgradeTo=IndustrialCarbonizationRetort;research=SteamPower|Coking;workshop=;productivity=-286.96;territory=1887]"
383719,383719,Conservative,"Building","Waiting","",1,"productivity or territory is insufficient [CokeOven:candidate=True;constructible=True;affordable=True;available=False;owned=0;upgradeTo=IndustrialCarbonizationRetort;research=SteamPower|Coking;workshop=;productivity=-319;territory=1887]"
384319,384319,Conservative,"Building","Waiting","",1,"productivity or territory is insufficient [CokeOven:candidate=True;constructible=True;affordable=True;available=False;owned=0;upgradeTo=IndustrialCarbonizationRetort;research=SteamPower|Coking;workshop=;productivity=-351.04;territory=1887]"
384919,384919,Conservative,"Building","Waiting","",1,"productivity or territory is insufficient [CokeOven:candidate=True;constructible=True;affordable=True;available=False;owned=0;upgradeTo=IndustrialCarbonizationRetort;research=SteamPower|Coking;workshop=;productivity=-372.4;territory=1887]"
385519,385519,Conservative,"Building","Waiting","",1,"productivity or territory is insufficient [CokeOven:candidate=True;constructible=True;affordable=True;available=False;owned=0;upgradeTo=IndustrialCarbonizationRetort;research=SteamPower|Coking;workshop=;productivity=-393.76;territory=1887]"
386119,386119,Conservative,"Building","Waiting","",1,"productivity or territory is insufficient [CokeOven:candidate=True;constructible=True;affordable=True;available=False;owned=0;upgradeTo=IndustrialCarbonizationRetort;research=SteamPower|Coking;workshop=;productivity=-408;territory=1887]"
386719,386719,Conservative,"Building","Waiting","",1,"productivity or territory is insufficient [CokeOven:candidate=True;constructible=True;affordable=True;available=False;owned=0;upgradeTo=IndustrialCarbonizationRetort;research=SteamPower|Coking;workshop=;productivity=-422.24;territory=1887]"
387319,387319,Conservative,"Building","Waiting","",1,"productivity or territory is insufficient [CokeOven:candidate=True;constructible=True;affordable=True;available=False;owned=0;upgradeTo=IndustrialCarbonizationRetort;research=SteamPower|Coking;workshop=;productivity=-436.48;territory=1887]"
387919,387919,Conservative,"Building","Waiting","",1,"productivity or territory is insufficient [CokeOven:candidate=True;constructible=True;affordable=True;available=False;owned=0;upgradeTo=IndustrialCarbonizationRetort;research=SteamPower|Coking;workshop=;productivity=-443.6;territory=1887]"
388519,388519,Conservative,"Building","Waiting","",1,"productivity or territory is insufficient [CokeOven:candidate=True;constructible=True;affordable=True;available=False;owned=0;upgradeTo=IndustrialCarbonizationRetort;research=SteamPower|Coking;workshop=;productivity=-454.28;territory=1887]"
389119,389119,Conservative,"Building","Waiting","",1,"productivity or territory is insufficient [CokeOven:candidate=True;constructible=True;affordable=True;available=False;owned=0;upgradeTo=IndustrialCarbonizationRetort;research=SteamPower|Coking;workshop=;productivity=-457.84;territory=1887]"
389719,389719,Conservative,"Building","Waiting","",1,"productivity or territory is insufficient [CokeOven:candidate=True;constructible=True;affordable=True;available=False;owned=0;upgradeTo=IndustrialCarbonizationRetort;research=SteamPower|Coking;workshop=;productivity=-464.96;territory=1887]"
390319,390319,Conservative,"Building","Waiting","",1,"productivity or territory is insufficient [CokeOven:candidate=True;constructible=True;affordable=True;available=False;owned=0;upgradeTo=IndustrialCarbonizationRetort;research=SteamPower|Coking;workshop=;productivity=-468.52;territory=1887]"
390919,390919,Conservative,"Building","Waiting","",1,"productivity or territory is insufficient [CokeOven:candidate=True;constructible=True;affordable=True;available=False;owned=0;upgradeTo=IndustrialCarbonizationRetort;research=SteamPower|Coking;workshop=;productivity=-472.08;territory=1887]"
391519,391519,Conservative,"Building","Waiting","",1,"productivity or territory is insufficient [CokeOven:candidate=True;constructible=True;affordable=True;available=False;owned=0;upgradeTo=IndustrialCarbonizationRetort;research=SteamPower|Coking;workshop=;productivity=-475.64;territory=1887]"
392119,392119,Conservative,"Building","Waiting","",1,"productivity or territory is insufficient [CokeOven:candidate=True;constructible=True;affordable=True;available=False;owned=0;upgradeTo=IndustrialCarbonizationRetort;research=SteamPower|Coking;workshop=;productivity=-479.2;territory=1887]"
392719,393319,Conservative,"Building","Waiting","",2,"productivity or territory is insufficient [CokeOven:candidate=True;constructible=True;affordable=True;available=False;owned=0;upgradeTo=IndustrialCarbonizationRetort;research=SteamPower|Coking;workshop=;productivity=-482.76;territory=1887]"
393919,395119,Conservative,"Building","Waiting","",3,"productivity or territory is insufficient [CokeOven:candidate=True;constructible=True;affordable=True;available=False;owned=0;upgradeTo=IndustrialCarbonizationRetort;research=SteamPower|Coking;workshop=;productivity=-486.32;territory=1887]"
395719,399919,Conservative,"Building","Waiting","",8,"productivity or territory is insufficient [CokeOven:candidate=True;constructible=True;affordable=True;available=False;owned=0;upgradeTo=IndustrialCarbonizationRetort;research=SteamPower|Coking;workshop=;productivity=-489.88;territory=1887]"
400519,400519,Conservative,"Building","Waiting","",1,"productivity or territory is insufficient [CokeOven:candidate=True;constructible=True;affordable=True;available=False;owned=0;upgradeTo=IndustrialCarbonizationRetort;research=SteamPower|Coking;workshop=;productivity=-493.44;territory=1887]"
401119,401119,Conservative,"Building","Upgraded","MetalMine->RareMetalMine",1,"eligible upgrade chain selected"
401719,401719,Conservative,"Building","Waiting","",1,"productivity or territory is insufficient [CokeOven:candidate=True;constructible=True;affordable=True;available=False;owned=0;upgradeTo=IndustrialCarbonizationRetort;research=SteamPower|Coking;workshop=;productivity=-64.68;territory=1877]"
402319,402319,Conservative,"Building","Waiting","",1,"productivity or territory is insufficient [CokeOven:candidate=True;constructible=True;affordable=True;available=False;owned=0;upgradeTo=IndustrialCarbonizationRetort;research=SteamPower|Coking;workshop=;productivity=-139.44;territory=1877]"
402919,402919,Conservative,"Building","Waiting","",1,"productivity or territory is insufficient [CokeOven:candidate=True;constructible=True;affordable=True;available=False;owned=0;upgradeTo=IndustrialCarbonizationRetort;research=SteamPower|Coking;workshop=;productivity=-196.4;territory=1877]"
403519,403519,Conservative,"Building","Waiting","",1,"productivity or territory is insufficient [CokeOven:candidate=True;constructible=True;affordable=True;available=False;owned=0;upgradeTo=IndustrialCarbonizationRetort;research=SteamPower|Coking;workshop=;productivity=-246.24;territory=1877]"
404119,404119,Conservative,"Building","Waiting","",1,"productivity or territory is insufficient [CokeOven:candidate=True;constructible=True;affordable=True;available=False;owned=0;upgradeTo=IndustrialCarbonizationRetort;research=SteamPower|Coking;workshop=;productivity=-288.96;territory=1877]"
404719,404719,Conservative,"Building","Waiting","",1,"productivity or territory is insufficient [CokeOven:candidate=True;constructible=True;affordable=True;available=False;owned=0;upgradeTo=IndustrialCarbonizationRetort;research=SteamPower|Coking;workshop=;productivity=-321;territory=1877]"
405319,405319,Conservative,"Building","Waiting","",1,"productivity or territory is insufficient [CokeOven:candidate=True;constructible=True;affordable=True;available=False;owned=0;upgradeTo=IndustrialCarbonizationRetort;research=SteamPower|Coking;workshop=;productivity=-353.04;territory=1877]"
405919,405919,Conservative,"Building","Waiting","",1,"productivity or territory is insufficient [CokeOven:candidate=True;constructible=True;affordable=True;available=False;owned=0;upgradeTo=IndustrialCarbonizationRetort;research=SteamPower|Coking;workshop=;productivity=-374.4;territory=1877]"
406519,406519,Conservative,"Building","Waiting","",1,"productivity or territory is insufficient [CokeOven:candidate=True;constructible=True;affordable=True;available=False;owned=0;upgradeTo=IndustrialCarbonizationRetort;research=SteamPower|Coking;workshop=;productivity=-395.76;territory=1877]"
407119,407119,Conservative,"Building","Waiting","",1,"productivity or territory is insufficient [CokeOven:candidate=True;constructible=True;affordable=True;available=False;owned=0;upgradeTo=IndustrialCarbonizationRetort;research=SteamPower|Coking;workshop=;productivity=-410;territory=1877]"
407719,407719,Conservative,"Building","Waiting","",1,"productivity or territory is insufficient [CokeOven:candidate=True;constructible=True;affordable=True;available=False;owned=0;upgradeTo=IndustrialCarbonizationRetort;research=SteamPower|Coking;workshop=;productivity=-424.24;territory=1877]"
408319,408319,Conservative,"Building","Waiting","",1,"productivity or territory is insufficient [CokeOven:candidate=True;constructible=True;affordable=True;available=False;owned=0;upgradeTo=IndustrialCarbonizationRetort;research=SteamPower|Coking;workshop=;productivity=-438.48;territory=1877]"
408919,408919,Conservative,"Building","Waiting","",1,"productivity or territory is insufficient [CokeOven:candidate=True;constructible=True;affordable=True;available=False;owned=0;upgradeTo=IndustrialCarbonizationRetort;research=SteamPower|Coking;workshop=;productivity=-445.6;territory=1877]"
409519,409519,Conservative,"Building","Waiting","",1,"productivity or territory is insufficient [CokeOven:candidate=True;constructible=True;affordable=True;available=False;owned=0;upgradeTo=IndustrialCarbonizationRetort;research=SteamPower|Coking;workshop=;productivity=-456.28;territory=1877]"
410119,410119,Conservative,"Building","Waiting","",1,"productivity or territory is insufficient [CokeOven:candidate=True;constructible=True;affordable=True;available=False;owned=0;upgradeTo=IndustrialCarbonizationRetort;research=SteamPower|Coking;workshop=;productivity=-459.84;territory=1877]"
410719,410719,Conservative,"Building","Waiting","",1,"productivity or territory is insufficient [CokeOven:candidate=True;constructible=True;affordable=True;available=False;owned=0;upgradeTo=IndustrialCarbonizationRetort;research=SteamPower|Coking;workshop=;productivity=-466.96;territory=1877]"
411319,411319,Conservative,"Building","Waiting","",1,"productivity or territory is insufficient [CokeOven:candidate=True;constructible=True;affordable=True;available=False;owned=0;upgradeTo=IndustrialCarbonizationRetort;research=SteamPower|Coking;workshop=;productivity=-470.52;territory=1877]"
411919,411919,Conservative,"Building","Waiting","",1,"productivity or territory is insufficient [CokeOven:candidate=True;constructible=True;affordable=True;available=False;owned=0;upgradeTo=IndustrialCarbonizationRetort;research=SteamPower|Coking;workshop=;productivity=-474.08;territory=1877]"
412519,412519,Conservative,"Building","Waiting","",1,"productivity or territory is insufficient [CokeOven:candidate=True;constructible=True;affordable=True;available=False;owned=0;upgradeTo=IndustrialCarbonizationRetort;research=SteamPower|Coking;workshop=;productivity=-477.64;territory=1877]"
413119,413119,Conservative,"Building","Waiting","",1,"productivity or territory is insufficient [CokeOven:candidate=True;constructible=True;affordable=True;available=False;owned=0;upgradeTo=IndustrialCarbonizationRetort;research=SteamPower|Coking;workshop=;productivity=-481.2;territory=1877]"
413719,414319,Conservative,"Building","Waiting","",2,"productivity or territory is insufficient [CokeOven:candidate=True;constructible=True;affordable=True;available=False;owned=0;upgradeTo=IndustrialCarbonizationRetort;research=SteamPower|Coking;workshop=;productivity=-484.76;territory=1877]"
414919,416119,Conservative,"Building","Waiting","",3,"productivity or territory is insufficient [CokeOven:candidate=True;constructible=True;affordable=True;available=False;owned=0;upgradeTo=IndustrialCarbonizationRetort;research=SteamPower|Coking;workshop=;productivity=-488.32;territory=1877]"
416719,420919,Conservative,"Building","Waiting","",8,"productivity or territory is insufficient [CokeOven:candidate=True;constructible=True;affordable=True;available=False;owned=0;upgradeTo=IndustrialCarbonizationRetort;research=SteamPower|Coking;workshop=;productivity=-491.88;territory=1877]"
421519,421519,Conservative,"Building","Waiting","",1,"productivity or territory is insufficient [CokeOven:candidate=True;constructible=True;affordable=True;available=False;owned=0;upgradeTo=IndustrialCarbonizationRetort;research=SteamPower|Coking;workshop=;productivity=-495.44;territory=1877]"
422119,422119,Conservative,"Building","Constructed","Farm",1,"score=410; count=1"
422719,422719,Conservative,"Building","Waiting","",1,"productivity or territory is insufficient [CokeOven:candidate=True;constructible=True;affordable=True;available=False;owned=0;upgradeTo=IndustrialCarbonizationRetort;research=SteamPower|Coking;workshop=;productivity=-49.88;territory=1873]"
423319,423319,Conservative,"Building","Waiting","",1,"productivity or territory is insufficient [CokeOven:candidate=True;constructible=True;affordable=True;available=False;owned=0;upgradeTo=IndustrialCarbonizationRetort;research=SteamPower|Coking;workshop=;productivity=-103.28;territory=1873]"
423919,423919,Conservative,"Building","Waiting","",1,"productivity or territory is insufficient [CokeOven:candidate=True;constructible=True;affordable=True;available=False;owned=0;upgradeTo=IndustrialCarbonizationRetort;research=SteamPower|Coking;workshop=;productivity=-149.56;territory=1873]"
424519,424519,Conservative,"Building","Waiting","",1,"productivity or territory is insufficient [CokeOven:candidate=True;constructible=True;affordable=True;available=False;owned=0;upgradeTo=IndustrialCarbonizationRetort;research=SteamPower|Coking;workshop=;productivity=-185.16;territory=1873]"
425119,425119,Conservative,"Building","Waiting","",1,"productivity or territory is insufficient [CokeOven:candidate=True;constructible=True;affordable=True;available=False;owned=0;upgradeTo=IndustrialCarbonizationRetort;research=SteamPower|Coking;workshop=;productivity=-217.2;territory=1873]"
425719,425719,Conservative,"Building","Waiting","",1,"productivity or territory is insufficient [CokeOven:candidate=True;constructible=True;affordable=True;available=False;owned=0;upgradeTo=IndustrialCarbonizationRetort;research=SteamPower|Coking;workshop=;productivity=-242.12;territory=1873]"
426319,426319,Conservative,"Building","Waiting","",1,"productivity or territory is insufficient [CokeOven:candidate=True;constructible=True;affordable=True;available=False;owned=0;upgradeTo=IndustrialCarbonizationRetort;research=SteamPower|Coking;workshop=;productivity=-263.48;territory=1873]"
426919,426919,Conservative,"Building","Waiting","",1,"productivity or territory is insufficient [CokeOven:candidate=True;constructible=True;affordable=True;available=False;owned=0;upgradeTo=IndustrialCarbonizationRetort;research=SteamPower|Coking;workshop=;productivity=-284.84;territory=1873]"
427519,427519,Conservative,"Building","Waiting","",1,"productivity or territory is insufficient [CokeOven:candidate=True;constructible=True;affordable=True;available=False;owned=0;upgradeTo=IndustrialCarbonizationRetort;research=SteamPower|Coking;workshop=;productivity=-299.08;territory=1873]"
428119,428119,Conservative,"Building","Waiting","",1,"productivity or territory is insufficient [CokeOven:candidate=True;constructible=True;affordable=True;available=False;owned=0;upgradeTo=IndustrialCarbonizationRetort;research=SteamPower|Coking;workshop=;productivity=-309.76;territory=1873]"
428719,428719,Conservative,"Building","Waiting","",1,"productivity or territory is insufficient [CokeOven:candidate=True;constructible=True;affordable=True;available=False;owned=0;upgradeTo=IndustrialCarbonizationRetort;research=SteamPower|Coking;workshop=;productivity=-320.44;territory=1873]"
429319,429319,Conservative,"Building","Waiting","",1,"productivity or territory is insufficient [CokeOven:candidate=True;constructible=True;affordable=True;available=False;owned=0;upgradeTo=IndustrialCarbonizationRetort;research=SteamPower|Coking;workshop=;productivity=-331.12;territory=1873]"
429919,429919,Conservative,"Building","Waiting","",1,"productivity or territory is insufficient [CokeOven:candidate=True;constructible=True;affordable=True;available=False;owned=0;upgradeTo=IndustrialCarbonizationRetort;research=SteamPower|Coking;workshop=;productivity=-338.24;territory=1873]"
430519,430519,Conservative,"Building","Waiting","",1,"productivity or territory is insufficient [CokeOven:candidate=True;constructible=True;affordable=True;available=False;owned=0;upgradeTo=IndustrialCarbonizationRetort;research=SteamPower|Coking;workshop=;productivity=-345.36;territory=1873]"
431119,431119,Conservative,"Building","Waiting","",1,"productivity or territory is insufficient [CokeOven:candidate=True;constructible=True;affordable=True;available=False;owned=0;upgradeTo=IndustrialCarbonizationRetort;research=SteamPower|Coking;workshop=;productivity=-348.92;territory=1873]"
431719,431719,Conservative,"Building","Waiting","",1,"productivity or territory is insufficient [CokeOven:candidate=True;constructible=True;affordable=True;available=False;owned=0;upgradeTo=IndustrialCarbonizationRetort;research=SteamPower|Coking;workshop=;productivity=-352.48;territory=1873]"
432319,432319,Conservative,"Building","Waiting","",1,"productivity or territory is insufficient [CokeOven:candidate=True;constructible=True;affordable=True;available=False;owned=0;upgradeTo=IndustrialCarbonizationRetort;research=SteamPower|Coking;workshop=;productivity=-356.04;territory=1873]"
432919,432919,Conservative,"Building","Waiting","",1,"productivity or territory is insufficient [CokeOven:candidate=True;constructible=True;affordable=True;available=False;owned=0;upgradeTo=IndustrialCarbonizationRetort;research=SteamPower|Coking;workshop=;productivity=-359.6;territory=1873]"
433519,434119,Conservative,"Building","Waiting","",2,"productivity or territory is insufficient [CokeOven:candidate=True;constructible=True;affordable=True;available=False;owned=0;upgradeTo=IndustrialCarbonizationRetort;research=SteamPower|Coking;workshop=;productivity=-363.16;territory=1873]"
434719,435919,Conservative,"Building","Waiting","",3,"productivity or territory is insufficient [CokeOven:candidate=True;constructible=True;affordable=True;available=False;owned=0;upgradeTo=IndustrialCarbonizationRetort;research=SteamPower|Coking;workshop=;productivity=-366.72;territory=1873]"
436519,438919,Conservative,"Building","Waiting","",5,"productivity or territory is insufficient [CokeOven:candidate=True;constructible=True;affordable=True;available=False;owned=0;upgradeTo=IndustrialCarbonizationRetort;research=SteamPower|Coking;workshop=;productivity=-370.28;territory=1873]"
439519,471319,Conservative,"Building","Waiting","",54,"productivity or territory is insufficient [CokeOven:candidate=True;constructible=True;affordable=True;available=False;owned=0;upgradeTo=IndustrialCarbonizationRetort;research=SteamPower|Coking;workshop=;productivity=-373.84;territory=1873]"
471919,471919,Conservative,"Building","Waiting","",1,"productivity or territory is insufficient [CokeOven:candidate=True;constructible=True;affordable=True;available=False;owned=0;upgradeTo=IndustrialCarbonizationRetort;research=SteamPower|Coking;workshop=;productivity=-377.4;territory=1873]"
472519,472519,Conservative,"Building","Upgraded","Farm->IrrigationWorks",1,"eligible upgrade chain selected"
473119,473119,Conservative,"Building","Waiting","",1,"productivity or territory is insufficient [CokeOven:candidate=True;constructible=True;affordable=True;available=False;owned=0;upgradeTo=IndustrialCarbonizationRetort;research=SteamPower|Coking;workshop=;productivity=-37.08;territory=1871]"
473719,473719,Conservative,"Building","Waiting","",1,"productivity or territory is insufficient [CokeOven:candidate=True;constructible=True;affordable=True;available=False;owned=0;upgradeTo=IndustrialCarbonizationRetort;research=SteamPower|Coking;workshop=;productivity=-79.8;territory=1871]"
474319,474319,Conservative,"Building","Waiting","",1,"productivity or territory is insufficient [CokeOven:candidate=True;constructible=True;affordable=True;available=False;owned=0;upgradeTo=IndustrialCarbonizationRetort;research=SteamPower|Coking;workshop=;productivity=-111.84;territory=1871]"
474919,474919,Conservative,"Building","Waiting","",1,"productivity or territory is insufficient [CokeOven:candidate=True;constructible=True;affordable=True;available=False;owned=0;upgradeTo=IndustrialCarbonizationRetort;research=SteamPower|Coking;workshop=;productivity=-140.32;territory=1871]"
475519,475519,Conservative,"Building","Waiting","",1,"productivity or territory is insufficient [CokeOven:candidate=True;constructible=True;affordable=True;available=False;owned=0;upgradeTo=IndustrialCarbonizationRetort;research=SteamPower|Coking;workshop=;productivity=-165.24;territory=1871]"
476119,476119,Conservative,"Building","Waiting","",1,"productivity or territory is insufficient [CokeOven:candidate=True;constructible=True;affordable=True;available=False;owned=0;upgradeTo=IndustrialCarbonizationRetort;research=SteamPower|Coking;workshop=;productivity=-186.6;territory=1871]"
476719,476719,Conservative,"Building","Waiting","",1,"productivity or territory is insufficient [CokeOven:candidate=True;constructible=True;affordable=True;available=False;owned=0;upgradeTo=IndustrialCarbonizationRetort;research=SteamPower|Coking;workshop=;productivity=-200.84;territory=1871]"
477319,477319,Conservative,"Building","Waiting","",1,"productivity or territory is insufficient [CokeOven:candidate=True;constructible=True;affordable=True;available=False;owned=0;upgradeTo=IndustrialCarbonizationRetort;research=SteamPower|Coking;workshop=;productivity=-215.08;territory=1871]"
477919,477919,Conservative,"Building","Waiting","",1,"productivity or territory is insufficient [CokeOven:candidate=True;constructible=True;affordable=True;available=False;owned=0;upgradeTo=IndustrialCarbonizationRetort;research=SteamPower|Coking;workshop=;productivity=-225.76;territory=1871]"
478519,478519,Conservative,"Building","Waiting","",1,"productivity or territory is insufficient [CokeOven:candidate=True;constructible=True;affordable=True;available=False;owned=0;upgradeTo=IndustrialCarbonizationRetort;research=SteamPower|Coking;workshop=;productivity=-236.44;territory=1871]"
479119,479119,Conservative,"Building","Waiting","",1,"productivity or territory is insufficient [CokeOven:candidate=True;constructible=True;affordable=True;available=False;owned=0;upgradeTo=IndustrialCarbonizationRetort;research=SteamPower|Coking;workshop=;productivity=-243.56;territory=1871]"
479719,479719,Conservative,"Building","Waiting","",1,"productivity or territory is insufficient [CokeOven:candidate=True;constructible=True;affordable=True;available=False;owned=0;upgradeTo=IndustrialCarbonizationRetort;research=SteamPower|Coking;workshop=;productivity=-250.68;territory=1871]"
480319,480319,Conservative,"Building","Waiting","",1,"productivity or territory is insufficient [CokeOven:candidate=True;constructible=True;affordable=True;available=False;owned=0;upgradeTo=IndustrialCarbonizationRetort;research=SteamPower|Coking;workshop=;productivity=-257.8;territory=1871]"
480919,480919,Conservative,"Building","Waiting","",1,"productivity or territory is insufficient [CokeOven:candidate=True;constructible=True;affordable=True;available=False;owned=0;upgradeTo=IndustrialCarbonizationRetort;research=SteamPower|Coking;workshop=;productivity=-261.36;territory=1871]"
481519,481519,Conservative,"Building","Waiting","",1,"productivity or territory is insufficient [CokeOven:candidate=True;constructible=True;affordable=True;available=False;owned=0;upgradeTo=IndustrialCarbonizationRetort;research=SteamPower|Coking;workshop=;productivity=-264.92;territory=1871]"
482119,482119,Conservative,"Building","Waiting","",1,"productivity or territory is insufficient [CokeOven:candidate=True;constructible=True;affordable=True;available=False;owned=0;upgradeTo=IndustrialCarbonizationRetort;research=SteamPower|Coking;workshop=;productivity=-268.48;territory=1871]"
482719,482719,Conservative,"Building","Waiting","",1,"productivity or territory is insufficient [CokeOven:candidate=True;constructible=True;affordable=True;available=False;owned=0;upgradeTo=IndustrialCarbonizationRetort;research=SteamPower|Coking;workshop=;productivity=-272.04;territory=1871]"
483319,484519,Conservative,"Building","Waiting","",3,"productivity or territory is insufficient [CokeOven:candidate=True;constructible=True;affordable=True;available=False;owned=0;upgradeTo=IndustrialCarbonizationRetort;research=SteamPower|Coking;workshop=;productivity=-275.6;territory=1871]"
485119,486319,Conservative,"Building","Waiting","",3,"productivity or territory is insufficient [CokeOven:candidate=True;constructible=True;affordable=True;available=False;owned=0;upgradeTo=IndustrialCarbonizationRetort;research=SteamPower|Coking;workshop=;productivity=-279.16;territory=1871]"
486919,493519,Conservative,"Building","Waiting","",12,"productivity or territory is insufficient [CokeOven:candidate=True;constructible=True;affordable=True;available=False;owned=0;upgradeTo=IndustrialCarbonizationRetort;research=SteamPower|Coking;workshop=;productivity=-282.72;territory=1871]"
494119,494119,Conservative,"Building","Waiting","",1,"productivity or territory is insufficient [CokeOven:candidate=True;constructible=True;affordable=True;available=False;owned=0;upgradeTo=IndustrialCarbonizationRetort;research=SteamPower|Coking;workshop=;productivity=-286.28;territory=1871]"
494719,494719,Conservative,"Building","Constructed","Farm",1,"score=410; count=1"
495319,495319,Conservative,"Building","Waiting","",1,"productivity or territory is insufficient [CokeOven:candidate=True;constructible=True;affordable=True;available=False;owned=0;upgradeTo=IndustrialCarbonizationRetort;research=SteamPower|Coking;workshop=;productivity=-18.72;territory=1867]"
495919,495919,Conservative,"Building","Waiting","",1,"productivity or territory is insufficient [CokeOven:candidate=True;constructible=True;affordable=True;available=False;owned=0;upgradeTo=IndustrialCarbonizationRetort;research=SteamPower|Coking;workshop=;productivity=-43.64;territory=1867]"
496519,496519,Conservative,"Building","Waiting","",1,"productivity or territory is insufficient [CokeOven:candidate=True;constructible=True;affordable=True;available=False;owned=0;upgradeTo=IndustrialCarbonizationRetort;research=SteamPower|Coking;workshop=;productivity=-65;territory=1867]"
497119,497119,Conservative,"Building","Waiting","",1,"productivity or territory is insufficient [CokeOven:candidate=True;constructible=True;affordable=True;available=False;owned=0;upgradeTo=IndustrialCarbonizationRetort;research=SteamPower|Coking;workshop=;productivity=-79.24;territory=1867]"
497719,497719,Conservative,"Building","Waiting","",1,"productivity or territory is insufficient [CokeOven:candidate=True;constructible=True;affordable=True;available=False;owned=0;upgradeTo=IndustrialCarbonizationRetort;research=SteamPower|Coking;workshop=;productivity=-93.48;territory=1867]"
498319,498319,Conservative,"Building","Waiting","",1,"productivity or territory is insufficient [CokeOven:candidate=True;constructible=True;affordable=True;available=False;owned=0;upgradeTo=IndustrialCarbonizationRetort;research=SteamPower|Coking;workshop=;productivity=-107.72;territory=1867]"
498919,498919,Conservative,"Building","Waiting","",1,"productivity or territory is insufficient [CokeOven:candidate=True;constructible=True;affordable=True;available=False;owned=0;upgradeTo=IndustrialCarbonizationRetort;research=SteamPower|Coking;workshop=;productivity=-114.84;territory=1867]"
499519,499519,Conservative,"Building","Waiting","",1,"productivity or territory is insufficient [CokeOven:candidate=True;constructible=True;affordable=True;available=False;owned=0;upgradeTo=IndustrialCarbonizationRetort;research=SteamPower|Coking;workshop=;productivity=-125.52;territory=1867]"
500119,500119,Conservative,"Building","Waiting","",1,"productivity or territory is insufficient [CokeOven:candidate=True;constructible=True;affordable=True;available=False;owned=0;upgradeTo=IndustrialCarbonizationRetort;research=SteamPower|Coking;workshop=;productivity=-132.64;territory=1867]"
500719,500719,Conservative,"Building","Waiting","",1,"productivity or territory is insufficient [CokeOven:candidate=True;constructible=True;affordable=True;available=False;owned=0;upgradeTo=IndustrialCarbonizationRetort;research=SteamPower|Coking;workshop=;productivity=-136.2;territory=1867]"
501319,501319,Conservative,"Building","Waiting","",1,"productivity or territory is insufficient [CokeOven:candidate=True;constructible=True;affordable=True;available=False;owned=0;upgradeTo=IndustrialCarbonizationRetort;research=SteamPower|Coking;workshop=;productivity=-139.76;territory=1867]"
501919,501919,Conservative,"Building","Waiting","",1,"productivity or territory is insufficient [CokeOven:candidate=True;constructible=True;affordable=True;available=False;owned=0;upgradeTo=IndustrialCarbonizationRetort;research=SteamPower|Coking;workshop=;productivity=-143.32;territory=1867]"
502519,502519,Conservative,"Building","Waiting","",1,"productivity or territory is insufficient [CokeOven:candidate=True;constructible=True;affordable=True;available=False;owned=0;upgradeTo=IndustrialCarbonizationRetort;research=SteamPower|Coking;workshop=;productivity=-146.88;territory=1867]"
503119,503119,Conservative,"Building","Waiting","",1,"productivity or territory is insufficient [CokeOven:candidate=True;constructible=True;affordable=True;available=False;owned=0;upgradeTo=IndustrialCarbonizationRetort;research=SteamPower|Coking;workshop=;productivity=-150.44;territory=1867]"
503719,504319,Conservative,"Building","Waiting","",2,"productivity or territory is insufficient [CokeOven:candidate=True;constructible=True;affordable=True;available=False;owned=0;upgradeTo=IndustrialCarbonizationRetort;research=SteamPower|Coking;workshop=;productivity=-154;territory=1867]"
504919,506119,Conservative,"Building","Waiting","",3,"productivity or territory is insufficient [CokeOven:candidate=True;constructible=True;affordable=True;available=False;owned=0;upgradeTo=IndustrialCarbonizationRetort;research=SteamPower|Coking;workshop=;productivity=-157.56;territory=1867]"
506719,509719,Conservative,"Building","Waiting","",6,"productivity or territory is insufficient [CokeOven:candidate=True;constructible=True;affordable=True;available=False;owned=0;upgradeTo=IndustrialCarbonizationRetort;research=SteamPower|Coking;workshop=;productivity=-161.12;territory=1867]"
510319,510319,Conservative,"Building","Waiting","",1,"productivity or territory is insufficient [CokeOven:candidate=True;constructible=True;affordable=True;available=False;owned=0;upgradeTo=IndustrialCarbonizationRetort;research=SteamPower|Coking;workshop=;productivity=-164.68;territory=1867]"
510919,510919,Conservative,"Building","Upgraded","Farm->IrrigationWorks",1,"eligible upgrade chain selected"
511519,511519,Conservative,"Building","Waiting","",1,"productivity or territory is insufficient [CokeOven:candidate=True;constructible=True;affordable=True;available=False;owned=0;upgradeTo=IndustrialCarbonizationRetort;research=SteamPower|Coking;workshop=;productivity=-9.48;territory=1865]"
512119,512119,Conservative,"Building","Waiting","",1,"productivity or territory is insufficient [CokeOven:candidate=True;constructible=True;affordable=True;available=False;owned=0;upgradeTo=IndustrialCarbonizationRetort;research=SteamPower|Coking;workshop=;productivity=-20.16;territory=1865]"
512719,512719,Conservative,"Building","Waiting","",1,"productivity or territory is insufficient [CokeOven:candidate=True;constructible=True;affordable=True;available=False;owned=0;upgradeTo=IndustrialCarbonizationRetort;research=SteamPower|Coking;workshop=;productivity=-30.84;territory=1865]"
513319,513319,Conservative,"Building","Waiting","",1,"productivity or territory is insufficient [CokeOven:candidate=True;constructible=True;affordable=True;available=False;owned=0;upgradeTo=IndustrialCarbonizationRetort;research=SteamPower|Coking;workshop=;productivity=-37.96;territory=1865]"
513919,513919,Conservative,"Building","Waiting","",1,"productivity or territory is insufficient [CokeOven:candidate=True;constructible=True;affordable=True;available=False;owned=0;upgradeTo=IndustrialCarbonizationRetort;research=SteamPower|Coking;workshop=;productivity=-41.52;territory=1865]"
514519,514519,Conservative,"Building","Waiting","",1,"productivity or territory is insufficient [CokeOven:candidate=True;constructible=True;affordable=True;available=False;owned=0;upgradeTo=IndustrialCarbonizationRetort;research=SteamPower|Coking;workshop=;productivity=-48.64;territory=1865]"
515119,515119,Conservative,"Building","Waiting","",1,"productivity or territory is insufficient [CokeOven:candidate=True;constructible=True;affordable=True;available=False;owned=0;upgradeTo=IndustrialCarbonizationRetort;research=SteamPower|Coking;workshop=;productivity=-52.2;territory=1865]"
515719,515719,Conservative,"Building","Waiting","",1,"productivity or territory is insufficient [CokeOven:candidate=True;constructible=True;affordable=True;available=False;owned=0;upgradeTo=IndustrialCarbonizationRetort;research=SteamPower|Coking;workshop=;productivity=-55.76;territory=1865]"
516319,516319,Conservative,"Building","Waiting","",1,"productivity or territory is insufficient [CokeOven:candidate=True;constructible=True;affordable=True;available=False;owned=0;upgradeTo=IndustrialCarbonizationRetort;research=SteamPower|Coking;workshop=;productivity=-59.32;territory=1865]"
516919,517519,Conservative,"Building","Waiting","",2,"productivity or territory is insufficient [CokeOven:candidate=True;constructible=True;affordable=True;available=False;owned=0;upgradeTo=IndustrialCarbonizationRetort;research=SteamPower|Coking;workshop=;productivity=-62.88;territory=1865]"
518119,518719,Conservative,"Building","Waiting","",2,"productivity or territory is insufficient [CokeOven:candidate=True;constructible=True;affordable=True;available=False;owned=0;upgradeTo=IndustrialCarbonizationRetort;research=SteamPower|Coking;workshop=;productivity=-66.44;territory=1865]"
519319,521719,Conservative,"Building","Waiting","",5,"productivity or territory is insufficient [CokeOven:candidate=True;constructible=True;affordable=True;available=False;owned=0;upgradeTo=IndustrialCarbonizationRetort;research=SteamPower|Coking;workshop=;productivity=-70;territory=1865]"
522319,534919,Conservative,"Building","Waiting","",22,"productivity or territory is insufficient [CokeOven:candidate=True;constructible=True;affordable=True;available=False;owned=0;upgradeTo=IndustrialCarbonizationRetort;research=SteamPower|Coking;workshop=;productivity=-73.56;territory=1865]"
535519,535519,Conservative,"Building","Waiting","",1,"productivity or territory is insufficient [CokeOven:candidate=True;constructible=True;affordable=True;available=False;owned=0;upgradeTo=IndustrialCarbonizationRetort;research=SteamPower|Coking;workshop=;productivity=-77.12;territory=1865]"
536119,536119,Conservative,"Building","Constructed","StoneHouse",1,"score=180; count=1"
536719,536719,Conservative,"Building","Upgraded","StoneHouse->TownHouse",1,"eligible upgrade chain selected"
537319,537319,Conservative,"Building","Waiting","",1,"productivity or territory is insufficient [CokeOven:candidate=True;constructible=True;affordable=True;available=False;owned=0;upgradeTo=IndustrialCarbonizationRetort;research=SteamPower|Coking;workshop=;productivity=-20.16;territory=1862]"
537919,537919,Conservative,"Building","Waiting","",1,"productivity or territory is insufficient [CokeOven:candidate=True;constructible=True;affordable=True;available=False;owned=0;upgradeTo=IndustrialCarbonizationRetort;research=SteamPower|Coking;workshop=;productivity=-30.84;territory=1862]"
538519,538519,Conservative,"Building","Waiting","",1,"productivity or territory is insufficient [CokeOven:candidate=True;constructible=True;affordable=True;available=False;owned=0;upgradeTo=IndustrialCarbonizationRetort;research=SteamPower|Coking;workshop=;productivity=-37.96;territory=1862]"
539119,539119,Conservative,"Building","Waiting","",1,"productivity or territory is insufficient [CokeOven:candidate=True;constructible=True;affordable=True;available=False;owned=0;upgradeTo=IndustrialCarbonizationRetort;research=SteamPower|Coking;workshop=;productivity=-41.52;territory=1862]"
539719,539719,Conservative,"Building","Waiting","",1,"productivity or territory is insufficient [CokeOven:candidate=True;constructible=True;affordable=True;available=False;owned=0;upgradeTo=IndustrialCarbonizationRetort;research=SteamPower|Coking;workshop=;productivity=-48.64;territory=1862]"
540319,540319,Conservative,"Building","Waiting","",1,"productivity or territory is insufficient [CokeOven:candidate=True;constructible=True;affordable=True;available=False;owned=0;upgradeTo=IndustrialCarbonizationRetort;research=SteamPower|Coking;workshop=;productivity=-52.2;territory=1862]"
540919,540919,Conservative,"Building","Waiting","",1,"productivity or territory is insufficient [CokeOven:candidate=True;constructible=True;affordable=True;available=False;owned=0;upgradeTo=IndustrialCarbonizationRetort;research=SteamPower|Coking;workshop=;productivity=-55.76;territory=1862]"
541519,541519,Conservative,"Building","Waiting","",1,"productivity or territory is insufficient [CokeOven:candidate=True;constructible=True;affordable=True;available=False;owned=0;upgradeTo=IndustrialCarbonizationRetort;research=SteamPower|Coking;workshop=;productivity=-59.32;territory=1862]"
542119,542719,Conservative,"Building","Waiting","",2,"productivity or territory is insufficient [CokeOven:candidate=True;constructible=True;affordable=True;available=False;owned=0;upgradeTo=IndustrialCarbonizationRetort;research=SteamPower|Coking;workshop=;productivity=-62.88;territory=1862]"
543319,544519,Conservative,"Building","Waiting","",3,"productivity or territory is insufficient [CokeOven:candidate=True;constructible=True;affordable=True;available=False;owned=0;upgradeTo=IndustrialCarbonizationRetort;research=SteamPower|Coking;workshop=;productivity=-66.44;territory=1862]"
545119,546919,Conservative,"Building","Waiting","",4,"productivity or territory is insufficient [CokeOven:candidate=True;constructible=True;affordable=True;available=False;owned=0;upgradeTo=IndustrialCarbonizationRetort;research=SteamPower|Coking;workshop=;productivity=-70;territory=1862]"
547519,558919,Conservative,"Building","Waiting","",20,"productivity or territory is insufficient [CokeOven:candidate=True;constructible=True;affordable=True;available=False;owned=0;upgradeTo=IndustrialCarbonizationRetort;research=SteamPower|Coking;workshop=;productivity=-73.56;territory=1862]"
559519,559519,Conservative,"Building","Waiting","",1,"productivity or territory is insufficient [CokeOven:candidate=True;constructible=True;affordable=True;available=False;owned=0;upgradeTo=IndustrialCarbonizationRetort;research=SteamPower|Coking;workshop=;productivity=-77.12;territory=1862]"
560119,560119,Conservative,"Building","Upgraded","CoalMine->MechanizedCoalMine",1,"eligible upgrade chain selected"
560719,560719,Conservative,"Building","Waiting","",1,"productivity or territory is insufficient [CokeOven:candidate=True;constructible=True;affordable=True;available=False;owned=0;upgradeTo=IndustrialCarbonizationRetort;research=SteamPower|Coking;workshop=;productivity=-14;territory=1848]"
561319,561319,Conservative,"Building","Waiting","",1,"productivity or territory is insufficient [CokeOven:candidate=True;constructible=True;affordable=True;available=False;owned=0;upgradeTo=IndustrialCarbonizationRetort;research=SteamPower|Coking;workshop=;productivity=-42.48;territory=1848]"
561919,561919,Conservative,"Building","Waiting","",1,"productivity or territory is insufficient [CokeOven:candidate=True;constructible=True;affordable=True;available=False;owned=0;upgradeTo=IndustrialCarbonizationRetort;research=SteamPower|Coking;workshop=;productivity=-67.4;territory=1848]"
562519,562519,Conservative,"Building","Waiting","",1,"productivity or territory is insufficient [CokeOven:candidate=True;constructible=True;affordable=True;available=False;owned=0;upgradeTo=IndustrialCarbonizationRetort;research=SteamPower|Coking;workshop=;productivity=-88.76;territory=1848]"
563119,563119,Conservative,"Building","Waiting","",1,"productivity or territory is insufficient [CokeOven:candidate=True;constructible=True;affordable=True;available=False;owned=0;upgradeTo=IndustrialCarbonizationRetort;research=SteamPower|Coking;workshop=;productivity=-106.56;territory=1848]"
563719,563719,Conservative,"Building","Waiting","",1,"productivity or territory is insufficient [CokeOven:candidate=True;constructible=True;affordable=True;available=False;owned=0;upgradeTo=IndustrialCarbonizationRetort;research=SteamPower|Coking;workshop=;productivity=-124.36;territory=1848]"
564319,564319,Conservative,"Building","Waiting","",1,"productivity or territory is insufficient [CokeOven:candidate=True;constructible=True;affordable=True;available=False;owned=0;upgradeTo=IndustrialCarbonizationRetort;research=SteamPower|Coking;workshop=;productivity=-135.04;territory=1848]"
564919,564919,Conservative,"Building","Waiting","",1,"productivity or territory is insufficient [CokeOven:candidate=True;constructible=True;affordable=True;available=False;owned=0;upgradeTo=IndustrialCarbonizationRetort;research=SteamPower|Coking;workshop=;productivity=-145.72;territory=1848]"
565519,565519,Conservative,"Building","Waiting","",1,"productivity or territory is insufficient [CokeOven:candidate=True;constructible=True;affordable=True;available=False;owned=0;upgradeTo=IndustrialCarbonizationRetort;research=SteamPower|Coking;workshop=;productivity=-152.84;territory=1848]"
566119,566119,Conservative,"Building","Waiting","",1,"productivity or territory is insufficient [CokeOven:candidate=True;constructible=True;affordable=True;available=False;owned=0;upgradeTo=IndustrialCarbonizationRetort;research=SteamPower|Coking;workshop=;productivity=-159.96;territory=1848]"
566719,566719,Conservative,"Building","Waiting","",1,"productivity or territory is insufficient [CokeOven:candidate=True;constructible=True;affordable=True;available=False;owned=0;upgradeTo=IndustrialCarbonizationRetort;research=SteamPower|Coking;workshop=;productivity=-167.08;territory=1848]"
567319,567319,Conservative,"Building","Waiting","",1,"productivity or territory is insufficient [CokeOven:candidate=True;constructible=True;affordable=True;available=False;owned=0;upgradeTo=IndustrialCarbonizationRetort;research=SteamPower|Coking;workshop=;productivity=-170.64;territory=1848]"
567919,568519,Conservative,"Building","Waiting","",2,"productivity or territory is insufficient [CokeOven:candidate=True;constructible=True;affordable=True;available=False;owned=0;upgradeTo=IndustrialCarbonizationRetort;research=SteamPower|Coking;workshop=;productivity=-177.76;territory=1848]"
569119,569119,Conservative,"Building","Waiting","",1,"productivity or territory is insufficient [CokeOven:candidate=True;constructible=True;affordable=True;available=False;owned=0;upgradeTo=IndustrialCarbonizationRetort;research=SteamPower|Coking;workshop=;productivity=-181.32;territory=1848]"
569719,569719,Conservative,"Building","Waiting","",1,"productivity or territory is insufficient [CokeOven:candidate=True;constructible=True;affordable=True;available=False;owned=0;upgradeTo=IndustrialCarbonizationRetort;research=SteamPower|Coking;workshop=;productivity=-184.88;territory=1848]"
570319,571519,Conservative,"Building","Waiting","",3,"productivity or territory is insufficient [CokeOven:candidate=True;constructible=True;affordable=True;available=False;owned=0;upgradeTo=IndustrialCarbonizationRetort;research=SteamPower|Coking;workshop=;productivity=-188.44;territory=1848]"
572119,573919,Conservative,"Building","Waiting","",4,"productivity or territory is insufficient [CokeOven:candidate=True;constructible=True;affordable=True;available=False;owned=0;upgradeTo=IndustrialCarbonizationRetort;research=SteamPower|Coking;workshop=;productivity=-192;territory=1848]"
574519,587719,Conservative,"Building","Waiting","",23,"productivity or territory is insufficient [CokeOven:candidate=True;constructible=True;affordable=True;available=False;owned=0;upgradeTo=IndustrialCarbonizationRetort;research=SteamPower|Coking;workshop=;productivity=-195.56;territory=1848]"
588319,588319,Conservative,"Building","Waiting","",1,"productivity or territory is insufficient [CokeOven:candidate=True;constructible=True;affordable=True;available=False;owned=0;upgradeTo=IndustrialCarbonizationRetort;research=SteamPower|Coking;workshop=;productivity=-199.12;territory=1848]"
588919,588919,Conservative,"Building","Constructed","Farm",1,"score=410; count=1"
589519,589519,Conservative,"Building","Constructed","ClayPit",1,"score=270; count=1"
590119,590119,Conservative,"Building","Waiting","",1,"productivity or territory is insufficient [CokeOven:candidate=True;constructible=True;affordable=True;available=False;owned=0;upgradeTo=IndustrialCarbonizationRetort;research=SteamPower|Coking;workshop=;productivity=-13.88;territory=1840]"
590719,590719,Conservative,"Building","Waiting","",1,"productivity or territory is insufficient [CokeOven:candidate=True;constructible=True;affordable=True;available=False;owned=0;upgradeTo=IndustrialCarbonizationRetort;research=SteamPower|Coking;workshop=;productivity=-24.56;territory=1840]"
591319,591319,Conservative,"Building","Waiting","",1,"productivity or territory is insufficient [CokeOven:candidate=True;constructible=True;affordable=True;available=False;owned=0;upgradeTo=IndustrialCarbonizationRetort;research=SteamPower|Coking;workshop=;productivity=-31.68;territory=1840]"
591919,591919,Conservative,"Building","Waiting","",1,"productivity or territory is insufficient [CokeOven:candidate=True;constructible=True;affordable=True;available=False;owned=0;upgradeTo=IndustrialCarbonizationRetort;research=SteamPower|Coking;workshop=;productivity=-42.36;territory=1840]"
592519,592519,Conservative,"Building","Waiting","",1,"productivity or territory is insufficient [CokeOven:candidate=True;constructible=True;affordable=True;available=False;owned=0;upgradeTo=IndustrialCarbonizationRetort;research=SteamPower|Coking;workshop=;productivity=-45.92;territory=1840]"
593119,593119,Conservative,"Building","Waiting","",1,"productivity or territory is insufficient [CokeOven:candidate=True;constructible=True;affordable=True;available=False;owned=0;upgradeTo=IndustrialCarbonizationRetort;research=SteamPower|Coking;workshop=;productivity=-53.04;territory=1840]"
593719,593719,Conservative,"Building","Waiting","",1,"productivity or territory is insufficient [CokeOven:candidate=True;constructible=True;affordable=True;available=False;owned=0;upgradeTo=IndustrialCarbonizationRetort;research=SteamPower|Coking;workshop=;productivity=-56.6;territory=1840]"
594319,594319,Conservative,"Building","Waiting","",1,"productivity or territory is insufficient [CokeOven:candidate=True;constructible=True;affordable=True;available=False;owned=0;upgradeTo=IndustrialCarbonizationRetort;research=SteamPower|Coking;workshop=;productivity=-60.16;territory=1840]"
594919,594919,Conservative,"Building","Waiting","",1,"productivity or territory is insufficient [CokeOven:candidate=True;constructible=True;affordable=True;available=False;owned=0;upgradeTo=IndustrialCarbonizationRetort;research=SteamPower|Coking;workshop=;productivity=-63.72;territory=1840]"
595519,595519,Conservative,"Building","Waiting","",1,"productivity or territory is insufficient [CokeOven:candidate=True;constructible=True;affordable=True;available=False;owned=0;upgradeTo=IndustrialCarbonizationRetort;research=SteamPower|Coking;workshop=;productivity=-67.28;territory=1840]"
596119,597319,Conservative,"Building","Waiting","",3,"productivity or territory is insufficient [CokeOven:candidate=True;constructible=True;affordable=True;available=False;owned=0;upgradeTo=IndustrialCarbonizationRetort;research=SteamPower|Coking;workshop=;productivity=-70.84;territory=1840]"
597919,599119,Conservative,"Building","Waiting","",3,"productivity or territory is insufficient [CokeOven:candidate=True;constructible=True;affordable=True;available=False;owned=0;upgradeTo=IndustrialCarbonizationRetort;research=SteamPower|Coking;workshop=;productivity=-74.4;territory=1840]"
599719,604519,Conservative,"Building","Waiting","",9,"productivity or territory is insufficient [CokeOven:candidate=True;constructible=True;affordable=True;available=False;owned=0;upgradeTo=IndustrialCarbonizationRetort;research=SteamPower|Coking;workshop=;productivity=-77.96;territory=1840]"
605119,605119,Conservative,"Building","Waiting","",1,"productivity or territory is insufficient [CokeOven:candidate=True;constructible=True;affordable=True;available=False;owned=0;upgradeTo=IndustrialCarbonizationRetort;research=SteamPower|Coking;workshop=;productivity=-81.52;territory=1840]"
605719,605719,Conservative,"Building","Upgraded","Farm->IrrigationWorks",1,"eligible upgrade chain selected"
606319,606319,Conservative,"Building","Constructed","Farm",1,"score=410; count=1"
606919,606919,Conservative,"Building","Upgraded","Farm->IrrigationWorks",1,"eligible upgrade chain selected"
607519,607519,Conservative,"Building","Constructed","StoneHouse",1,"score=180; count=1"
608119,608119,Conservative,"Building","Upgraded","StoneHouse->TownHouse",1,"eligible upgrade chain selected"
608719,608719,Conservative,"Building","Upgraded","ClayPit->IndustrialClayProcessingWorks",1,"eligible upgrade chain selected"
609319,609319,Conservative,"Building","Constructed","Farm",1,"score=410; count=1"
609919,609919,Conservative,"Building","Upgraded","Farm->IrrigationWorks",1,"eligible upgrade chain selected"
610519,610519,Conservative,"Building","Constructed","Farm",1,"score=410; count=1"
611119,611119,Conservative,"Building","Constructed","StoneHouse",1,"score=180; count=1"
611719,611719,Conservative,"Building","Upgraded","Farm->IrrigationWorks",1,"eligible upgrade chain selected"
612319,612319,Conservative,"Building","Upgraded","StoneHouse->TownHouse",1,"eligible upgrade chain selected"
612919,613519,Conservative,"Building","Upgraded","FiberGatheringCamp->PlantingField",2,"eligible upgrade chain selected"
614119,614119,Conservative,"Building","Constructed","Farm",1,"score=410; count=1"
614719,614719,Conservative,"Building","Upgraded","Farm->IrrigationWorks",1,"eligible upgrade chain selected"
615319,615319,Conservative,"Building","Constructed","Farm",1,"score=410; count=1"
615919,615919,Conservative,"Building","Upgraded","Farm->IrrigationWorks",1,"eligible upgrade chain selected"
616519,616519,Conservative,"Building","Constructed","Farm",1,"score=410; count=1"
617119,617119,Conservative,"Building","Upgraded","Farm->IrrigationWorks",1,"eligible upgrade chain selected"
617719,617719,Conservative,"Building","Constructed","Farm",1,"score=410; count=1"
618319,618319,Conservative,"Building","Upgraded","Farm->IrrigationWorks",1,"eligible upgrade chain selected"
618919,618919,Conservative,"Building","Constructed","Farm",1,"score=410; count=1"
619519,619519,Conservative,"Building","Constructed","StoneHouse",1,"score=180; count=1"
620119,620119,Conservative,"Building","Upgraded","Farm->IrrigationWorks",1,"eligible upgrade chain selected"
620719,620719,Conservative,"Building","Upgraded","StoneHouse->TownHouse",1,"eligible upgrade chain selected"
621319,621919,Conservative,"Building","Upgraded","IrrigationWorks->PlantingField",2,"eligible upgrade chain selected"
622519,622519,Conservative,"Building","Constructed","Farm",1,"score=410; count=1"
623119,623119,Conservative,"Building","Upgraded","Farm->IrrigationWorks",1,"eligible upgrade chain selected"
623719,623719,Conservative,"Building","Constructed","Farm",1,"score=410; count=1"
624319,624319,Conservative,"Building","Upgraded","Farm->IrrigationWorks",1,"eligible upgrade chain selected"
624919,624919,Conservative,"Building","Constructed","Farm",1,"score=410; count=1"
625519,625519,Conservative,"Building","Upgraded","Farm->IrrigationWorks",1,"eligible upgrade chain selected"
626119,626119,Conservative,"Building","Constructed","Farm",1,"score=410; count=1"
626719,626719,Conservative,"Building","Upgraded","Farm->IrrigationWorks",1,"eligible upgrade chain selected"
627319,627319,Conservative,"Building","Constructed","Farm",1,"score=410; count=1"
627919,627919,Conservative,"Building","Upgraded","Farm->IrrigationWorks",1,"eligible upgrade chain selected"
628519,628519,Conservative,"Building","Constructed","Farm",1,"score=410; count=1"
629119,629119,Conservative,"Building","Constructed","StoneHouse",1,"score=180; count=1"
629719,629719,Conservative,"Building","Upgraded","Farm->IrrigationWorks",1,"eligible upgrade chain selected"
630319,630319,Conservative,"Building","Upgraded","StoneHouse->TownHouse",1,"eligible upgrade chain selected"
630919,631519,Conservative,"Building","Upgraded","IrrigationWorks->PlantingField",2,"eligible upgrade chain selected"
632119,632119,Conservative,"Building","Constructed","Farm",1,"score=410; count=1"
632719,632719,Conservative,"Building","Upgraded","Farm->IrrigationWorks",1,"eligible upgrade chain selected"
633319,633319,Conservative,"Building","Constructed","Farm",1,"score=410; count=1"
633919,633919,Conservative,"Building","Upgraded","Farm->IrrigationWorks",1,"eligible upgrade chain selected"
634519,634519,Conservative,"Building","Constructed","Farm",1,"score=410; count=1"
635119,635119,Conservative,"Building","Upgraded","Farm->IrrigationWorks",1,"eligible upgrade chain selected"
635719,635719,Conservative,"Building","Constructed","Farm",1,"score=410; count=1"
636319,636319,Conservative,"Building","Upgraded","Farm->IrrigationWorks",1,"eligible upgrade chain selected"
636919,636919,Conservative,"Building","Constructed","Farm",1,"score=410; count=1"
637519,637519,Conservative,"Building","Upgraded","Farm->IrrigationWorks",1,"eligible upgrade chain selected"
638119,638119,Conservative,"Building","Constructed","Farm",1,"score=410; count=1"
638719,638719,Conservative,"Building","Constructed","StoneHouse",1,"score=180; count=1"
639319,639319,Conservative,"Building","Upgraded","Farm->IrrigationWorks",1,"eligible upgrade chain selected"
639919,639919,Conservative,"Building","Upgraded","StoneHouse->TownHouse",1,"eligible upgrade chain selected"
640519,641119,Conservative,"Building","Upgraded","IrrigationWorks->PlantingField",2,"eligible upgrade chain selected"
641719,641719,Conservative,"Building","Constructed","Farm",1,"score=410; count=1"
642319,642319,Conservative,"Building","Upgraded","Farm->IrrigationWorks",1,"eligible upgrade chain selected"
642919,642919,Conservative,"Building","Constructed","Farm",1,"score=410; count=1"
643519,643519,Conservative,"Building","Upgraded","Farm->IrrigationWorks",1,"eligible upgrade chain selected"
644119,644119,Conservative,"Building","Constructed","Farm",1,"score=410; count=1"
644719,644719,Conservative,"Building","Upgraded","Farm->IrrigationWorks",1,"eligible upgrade chain selected"
645319,645319,Conservative,"Building","Constructed","Farm",1,"score=410; count=1"
645919,645919,Conservative,"Building","Upgraded","Farm->IrrigationWorks",1,"eligible upgrade chain selected"
646519,646519,Conservative,"Building","Constructed","Farm",1,"score=410; count=1"
647119,647119,Conservative,"Building","Upgraded","Farm->IrrigationWorks",1,"eligible upgrade chain selected"
647719,647719,Conservative,"Building","Constructed","Farm",1,"score=410; count=1"
648319,648319,Conservative,"Building","Constructed","StoneHouse",1,"score=180; count=1"
648919,648919,Conservative,"Building","Upgraded","Farm->IrrigationWorks",1,"eligible upgrade chain selected"
649519,649519,Conservative,"Building","Upgraded","StoneHouse->TownHouse",1,"eligible upgrade chain selected"
650119,650719,Conservative,"Building","Upgraded","IrrigationWorks->PlantingField",2,"eligible upgrade chain selected"
651319,651319,Conservative,"Building","Constructed","Farm",1,"score=410; count=1"
651919,651919,Conservative,"Building","Upgraded","Farm->IrrigationWorks",1,"eligible upgrade chain selected"
652519,652519,Conservative,"Building","Constructed","Farm",1,"score=410; count=1"
653119,653119,Conservative,"Building","Upgraded","Farm->IrrigationWorks",1,"eligible upgrade chain selected"
653719,653719,Conservative,"Building","Constructed","Farm",1,"score=410; count=1"
654319,654319,Conservative,"Building","Constructed","MetalSmelter",1,"score=285; count=1"
654919,654919,Conservative,"Building","Constructed","ClayPit",1,"score=270; count=1"
655519,655519,Conservative,"Building","Constructed","FiberGatheringCamp",1,"score=270; count=1"
656119,656119,Conservative,"Building","Constructed","CoalMine",1,"score=270; count=1"
656719,656719,Conservative,"Building","Constructed","StoneHouse",1,"score=180; count=1"
657319,657319,Conservative,"Building","Upgraded","StoneHouse->TownHouse",1,"eligible upgrade chain selected"
657919,657919,Conservative,"Building","Upgraded","ClayPit->IndustrialClayProcessingWorks",1,"eligible upgrade chain selected"
658519,658519,Conservative,"Building","Constructed","ClayPit",1,"score=270; count=1"
659119,659119,Conservative,"Building","Constructed","CeramicKiln",1,"score=184; count=1"
659719,659719,Conservative,"Building","Constructed","StoneHouse",1,"score=180; count=1"
660319,660319,Conservative,"Building","Upgraded","StoneHouse->TownHouse",1,"eligible upgrade chain selected"
660919,660919,Conservative,"Building","Upgraded","CeramicKiln->AdvancedCeramicsPlant",1,"eligible upgrade chain selected"
661519,661519,Conservative,"Building","Constructed","CokeOven",1,"score=210; count=1"
662119,662119,Conservative,"Building","Constructed","CeramicKiln",1,"score=184; count=1"
662719,662719,Conservative,"Building","Constructed","StoneHouse",1,"score=180; count=1"
663319,663319,Conservative,"Building","Upgraded","FiberGatheringCamp->PlantingField",1,"eligible upgrade chain selected"
663919,663919,Conservative,"Building","Upgraded","StoneHouse->TownHouse",1,"eligible upgrade chain selected"
664519,664519,Conservative,"Building","Upgraded","CokeOven->IndustrialCarbonizationRetort",1,"eligible upgrade chain selected"
665119,665119,Conservative,"Building","Constructed","FiberGatheringCamp",1,"score=270; count=1"
665719,665719,Conservative,"Building","Constructed","CokeOven",1,"score=210; count=1"
666319,666319,Conservative,"Building","Constructed","MetalMine",1,"score=380; count=1"
666919,666919,Conservative,"Building","Constructed","StoneHouse",1,"score=180; count=1"
667519,667519,Conservative,"Building","Upgraded","MetalMine->RareMetalMine",1,"eligible upgrade chain selected"
668119,668119,Conservative,"Building","Upgraded","StoneHouse->TownHouse",1,"eligible upgrade chain selected"
668719,668719,Conservative,"Building","Upgraded","CeramicKiln->AdvancedCeramicsPlant",1,"eligible upgrade chain selected"
669319,669319,Conservative,"Building","Constructed","CeramicKiln",1,"score=184; count=1"
669919,669919,Conservative,"Building","Constructed","StoneHouse",1,"score=180; count=1"
670519,670519,Conservative,"Building","Upgraded","FiberGatheringCamp->PlantingField",1,"eligible upgrade chain selected"
671119,671119,Conservative,"Building","Upgraded","StoneHouse->TownHouse",1,"eligible upgrade chain selected"
671719,671719,Conservative,"Building","Upgraded","CokeOven->IndustrialCarbonizationRetort",1,"eligible upgrade chain selected"
672319,672319,Conservative,"Building","Constructed","FiberGatheringCamp",1,"score=270; count=1"
672919,672919,Conservative,"Building","Constructed","CokeOven",1,"score=210; count=1"
673519,673519,Conservative,"Building","Constructed","StoneHouse",1,"score=180; count=1"
674119,674119,Conservative,"Building","Upgraded","FiberGatheringCamp->PlantingField",1,"eligible upgrade chain selected"
674719,674719,Conservative,"Building","Upgraded","StoneHouse->TownHouse",1,"eligible upgrade chain selected"
675319,675319,Conservative,"Building","Upgraded","CokeOven->IndustrialCarbonizationRetort",1,"eligible upgrade chain selected"
675919,675919,Conservative,"Building","Constructed","FiberGatheringCamp",1,"score=270; count=1"
676519,676519,Conservative,"Building","Constructed","CokeOven",1,"score=210; count=1"
677119,677119,Conservative,"Building","Constructed","StoneHouse",1,"score=180; count=1"
677719,677719,Conservative,"Building","Upgraded","FiberGatheringCamp->PlantingField",1,"eligible upgrade chain selected"
678319,678319,Conservative,"Building","Upgraded","StoneHouse->TownHouse",1,"eligible upgrade chain selected"
678919,678919,Conservative,"Building","Upgraded","CokeOven->IndustrialCarbonizationRetort",1,"eligible upgrade chain selected"
679519,679519,Conservative,"Building","Constructed","FiberGatheringCamp",1,"score=270; count=1"
680119,680119,Conservative,"Building","Constructed","CokeOven",1,"score=210; count=1"
680719,680719,Conservative,"Building","Constructed","StoneHouse",1,"score=180; count=1"
681319,681319,Conservative,"Building","Upgraded","FiberGatheringCamp->PlantingField",1,"eligible upgrade chain selected"
681919,681919,Conservative,"Building","Upgraded","StoneHouse->TownHouse",1,"eligible upgrade chain selected"
682519,682519,Conservative,"Building","Upgraded","CokeOven->IndustrialCarbonizationRetort",1,"eligible upgrade chain selected"
683119,683119,Conservative,"Building","Constructed","FiberGatheringCamp",1,"score=270; count=1"
683719,683719,Conservative,"Building","Constructed","CokeOven",1,"score=210; count=1"
684319,684319,Conservative,"Building","Constructed","MetalMine",1,"score=380; count=1"
684919,684919,Conservative,"Building","Constructed","StoneHouse",1,"score=180; count=1"
685519,685519,Conservative,"Building","Upgraded","MetalMine->RareMetalMine",1,"eligible upgrade chain selected"
686119,686119,Conservative,"Building","Constructed","AluminumSmelter",1,"score=171; count=1"
686719,686719,Conservative,"Research","Paid","TitaniumAlloyEngineering",1,"complete resource cost paid atomically"
686719,686719,Conservative,"Workshop","Purchased","LightAlloyFrames",1,"score=49.38"
686719,686719,Conservative,"Building","Constructed","WoodHouse",1,"score=145; count=1"
687319,687319,Conservative,"Research","Completed","TitaniumAlloyEngineering",1,"elapsed=304800s"
687319,687319,Conservative,"Workshop","Purchased","AluminumBusbars",1,"score=49.37"
687319,687319,Conservative,"Building","Upgraded","IrrigationWorks->PlantingField",1,"eligible upgrade chain selected"
687319,687319,Conservative,"Research","Selected","MilitaryIndustry",1,"score=-58.564"
687919,687919,Conservative,"Research","Paid","MilitaryIndustry",1,"complete resource cost paid atomically"
687919,687919,Conservative,"Research","Completed","MilitaryIndustry",1,"elapsed=600s"
687919,687919,Conservative,"Workshop","Purchased","VacuumArcFurnace",1,"score=48.48"
687919,687919,Conservative,"Building","Upgraded","WoodHouse->StoneHouse",1,"eligible upgrade chain selected"
687919,687919,Conservative,"Research","Selected","InterstellarNavigation",1,"score=-86.775"
688519,788719,Conservative,"Research","Waiting","InterstellarNavigation",168,"complete resource cost is not yet affordable"
688519,790519,Conservative,"Workshop","Waiting","",171,"upgrade resources are insufficient"
688519,688519,Conservative,"Building","Upgraded","Farm->IrrigationWorks",1,"eligible upgrade chain selected"
689119,689119,Conservative,"Building","Constructed","Farm",1,"score=410; count=1"
689719,689719,Conservative,"Building","Constructed","WoodHouse",1,"score=145; count=1"
690319,690319,Conservative,"Building","Upgraded","WoodHouse->StoneHouse",1,"eligible upgrade chain selected"
690919,690919,Conservative,"Building","Upgraded","FiberGatheringCamp->PlantingField",1,"eligible upgrade chain selected"
691519,691519,Conservative,"Building","Constructed","FiberGatheringCamp",1,"score=270; count=1"
692119,692119,Conservative,"Building","Constructed","WoodHouse",1,"score=145; count=1"
692719,692719,Conservative,"Building","Upgraded","WoodHouse->StoneHouse",1,"eligible upgrade chain selected"
693319,693319,Conservative,"Building","Upgraded","IrrigationWorks->PlantingField",1,"eligible upgrade chain selected"
693919,693919,Conservative,"Building","Constructed","WoodHouse",1,"score=145; count=1"
694519,694519,Conservative,"Building","Upgraded","Farm->IrrigationWorks",1,"eligible upgrade chain selected"
695119,695119,Conservative,"Building","Upgraded","WoodHouse->StoneHouse",1,"eligible upgrade chain selected"
695719,695719,Conservative,"Building","Constructed","Farm",1,"score=410; count=1"
696319,696319,Conservative,"Building","Constructed","WoodHouse",1,"score=145; count=1"
696919,696919,Conservative,"Building","Upgraded","FiberGatheringCamp->PlantingField",1,"eligible upgrade chain selected"
697519,697519,Conservative,"Building","Upgraded","WoodHouse->StoneHouse",1,"eligible upgrade chain selected"
698119,698119,Conservative,"Building","Constructed","FiberGatheringCamp",1,"score=270; count=1"
698719,698719,Conservative,"Building","Constructed","WoodHouse",1,"score=145; count=1"
699319,699319,Conservative,"Building","Upgraded","WoodHouse->StoneHouse",1,"eligible upgrade chain selected"
699919,699919,Conservative,"Building","Upgraded","FiberGatheringCamp->PlantingField",1,"eligible upgrade chain selected"
700519,700519,Conservative,"Building","Constructed","FiberGatheringCamp",1,"score=270; count=1"
701119,701119,Conservative,"Building","Constructed","MetalMine",1,"score=380; count=1"
701719,701719,Conservative,"Building","Constructed","WoodHouse",1,"score=145; count=1"
702319,702319,Conservative,"Building","Upgraded","MetalMine->RareMetalMine",1,"eligible upgrade chain selected"
702919,702919,Conservative,"Building","Upgraded","WoodHouse->StoneHouse",1,"eligible upgrade chain selected"
703519,703519,Conservative,"Building","Constructed","WoodHouse",1,"score=145; count=1"
704119,704119,Conservative,"Building","Upgraded","FiberGatheringCamp->PlantingField",1,"eligible upgrade chain selected"
704719,704719,Conservative,"Building","Upgraded","WoodHouse->StoneHouse",1,"eligible upgrade chain selected"
705319,705319,Conservative,"Building","Constructed","FiberGatheringCamp",1,"score=270; count=1"
705919,705919,Conservative,"Building","Constructed","WoodHouse",1,"score=145; count=1"
706519,706519,Conservative,"Building","Upgraded","IrrigationWorks->PlantingField",1,"eligible upgrade chain selected"
707119,707119,Conservative,"Building","Upgraded","WoodHouse->StoneHouse",1,"eligible upgrade chain selected"
707719,707719,Conservative,"Building","Upgraded","Farm->IrrigationWorks",1,"eligible upgrade chain selected"
708319,708319,Conservative,"Building","Upgraded","StoneHouse->TownHouse",1,"eligible upgrade chain selected"
708919,708919,Conservative,"Building","Upgraded","CeramicKiln->AdvancedCeramicsPlant",1,"eligible upgrade chain selected"
709519,709519,Conservative,"Building","Constructed","Farm",1,"score=410; count=1"
710119,710119,Conservative,"Building","Constructed","WoodHouse",1,"score=145; count=1"
710719,710719,Conservative,"Building","Upgraded","WoodHouse->StoneHouse",1,"eligible upgrade chain selected"
711319,711319,Conservative,"Building","Constructed","CeramicKiln",1,"score=184; count=1"
711919,711919,Conservative,"Building","Constructed","WoodHouse",1,"score=145; count=1"
712519,712519,Conservative,"Building","Upgraded","FiberGatheringCamp->PlantingField",1,"eligible upgrade chain selected"
713119,713119,Conservative,"Building","Upgraded","WoodHouse->StoneHouse",1,"eligible upgrade chain selected"
713719,713719,Conservative,"Building","Constructed","FiberGatheringCamp",1,"score=270; count=1"
714319,714319,Conservative,"Building","Constructed","WoodHouse",1,"score=145; count=1"
714919,714919,Conservative,"Building","Upgraded","WoodHouse->StoneHouse",1,"eligible upgrade chain selected"
715519,715519,Conservative,"Building","Upgraded","FiberGatheringCamp->PlantingField",1,"eligible upgrade chain selected"
716119,716119,Conservative,"Building","Constructed","FiberGatheringCamp",1,"score=270; count=1"
716719,716719,Conservative,"Building","Constructed","WoodHouse",1,"score=145; count=1"
717319,717319,Conservative,"Building","Upgraded","WoodHouse->StoneHouse",1,"eligible upgrade chain selected"
717919,717919,Conservative,"Building","Upgraded","FiberGatheringCamp->PlantingField",1,"eligible upgrade chain selected"
718519,718519,Conservative,"Building","Constructed","FiberGatheringCamp",1,"score=270; count=1"
719119,719119,Conservative,"Building","Constructed","WoodHouse",1,"score=145; count=1"
719719,719719,Conservative,"Building","Upgraded","WoodHouse->StoneHouse",1,"eligible upgrade chain selected"
720319,720319,Conservative,"Building","Constructed","WoodHouse",1,"score=145; count=1"
720919,720919,Conservative,"Building","Upgraded","FiberGatheringCamp->PlantingField",1,"eligible upgrade chain selected"
721519,721519,Conservative,"Building","Upgraded","WoodHouse->StoneHouse",1,"eligible upgrade chain selected"
722119,722119,Conservative,"Building","Constructed","FiberGatheringCamp",1,"score=270; count=1"
722719,722719,Conservative,"Building","Constructed","WoodHouse",1,"score=145; count=1"
723319,723319,Conservative,"Building","Upgraded","IrrigationWorks->PlantingField",1,"eligible upgrade chain selected"
723919,723919,Conservative,"Building","Upgraded","WoodHouse->StoneHouse",1,"eligible upgrade chain selected"
724519,724519,Conservative,"Building","Upgraded","Farm->IrrigationWorks",1,"eligible upgrade chain selected"
725119,725119,Conservative,"Building","Constructed","Farm",1,"score=410; count=1"
725719,725719,Conservative,"Building","Constructed","WoodHouse",1,"score=145; count=1"
726319,726319,Conservative,"Building","Upgraded","WoodHouse->StoneHouse",1,"eligible upgrade chain selected"
726919,726919,Conservative,"Building","Upgraded","FiberGatheringCamp->PlantingField",1,"eligible upgrade chain selected"
727519,727519,Conservative,"Building","Constructed","MetalMine",1,"score=380; count=1"
728119,728119,Conservative,"Building","Constructed","WoodHouse",1,"score=145; count=1"
728719,728719,Conservative,"Building","Upgraded","MetalMine->RareMetalMine",1,"eligible upgrade chain selected"
729319,729319,Conservative,"Building","Upgraded","WoodHouse->StoneHouse",1,"eligible upgrade chain selected"
729919,729919,Conservative,"Building","Constructed","FiberGatheringCamp",1,"score=270; count=1"
730519,730519,Conservative,"Building","Constructed","WoodHouse",1,"score=145; count=1"
731119,731119,Conservative,"Building","Upgraded","FiberGatheringCamp->PlantingField",1,"eligible upgrade chain selected"
731719,731719,Conservative,"Building","Upgraded","WoodHouse->StoneHouse",1,"eligible upgrade chain selected"
732319,732319,Conservative,"Building","Constructed","FiberGatheringCamp",1,"score=270; count=1"
732919,732919,Conservative,"Building","Constructed","WoodHouse",1,"score=145; count=1"
733519,733519,Conservative,"Building","Upgraded","WoodHouse->StoneHouse",1,"eligible upgrade chain selected"
734119,734119,Conservative,"Building","Upgraded","FiberGatheringCamp->PlantingField",1,"eligible upgrade chain selected"
734719,734719,Conservative,"Building","Constructed","FiberGatheringCamp",1,"score=270; count=1"
735319,735319,Conservative,"Building","Constructed","WoodHouse",1,"score=145; count=1"
735919,735919,Conservative,"Building","Upgraded","WoodHouse->StoneHouse",1,"eligible upgrade chain selected"
736519,736519,Conservative,"Building","Upgraded","FiberGatheringCamp->PlantingField",1,"eligible upgrade chain selected"
737119,737119,Conservative,"Building","Constructed","FiberGatheringCamp",1,"score=270; count=1"
737719,737719,Conservative,"Building","Constructed","WoodHouse",1,"score=145; count=1"
738319,738319,Conservative,"Building","Upgraded","WoodHouse->StoneHouse",1,"eligible upgrade chain selected"
738919,738919,Conservative,"Building","Constructed","WoodHouse",1,"score=145; count=1"
739519,739519,Conservative,"Building","Upgraded","FiberGatheringCamp->PlantingField",1,"eligible upgrade chain selected"
740119,740119,Conservative,"Building","Upgraded","WoodHouse->StoneHouse",1,"eligible upgrade chain selected"
740719,740719,Conservative,"Building","Constructed","FiberGatheringCamp",1,"score=270; count=1"
741319,741319,Conservative,"Building","Constructed","WoodHouse",1,"score=145; count=1"
741919,741919,Conservative,"Building","Upgraded","IrrigationWorks->PlantingField",1,"eligible upgrade chain selected"
742519,742519,Conservative,"Building","Upgraded","WoodHouse->StoneHouse",1,"eligible upgrade chain selected"
743119,743119,Conservative,"Building","Upgraded","Farm->IrrigationWorks",1,"eligible upgrade chain selected"
743719,743719,Conservative,"Building","Constructed","Farm",1,"score=410; count=1"
744319,744319,Conservative,"Building","Constructed","WoodHouse",1,"score=145; count=1"
744919,744919,Conservative,"Building","Upgraded","WoodHouse->StoneHouse",1,"eligible upgrade chain selected"
745519,745519,Conservative,"Building","Upgraded","FiberGatheringCamp->PlantingField",1,"eligible upgrade chain selected"
746119,746119,Conservative,"Building","Constructed","MetalMine",1,"score=380; count=1"
746719,746719,Conservative,"Building","Constructed","WoodHouse",1,"score=145; count=1"
747319,747319,Conservative,"Building","Upgraded","MetalMine->RareMetalMine",1,"eligible upgrade chain selected"
747919,747919,Conservative,"Building","Upgraded","WoodHouse->StoneHouse",1,"eligible upgrade chain selected"
748519,748519,Conservative,"Building","Constructed","FiberGatheringCamp",1,"score=270; count=1"
749119,749119,Conservative,"Building","Constructed","WoodHouse",1,"score=145; count=1"
749719,749719,Conservative,"Building","Upgraded","FiberGatheringCamp->PlantingField",1,"eligible upgrade chain selected"
750319,750319,Conservative,"Building","Upgraded","WoodHouse->StoneHouse",1,"eligible upgrade chain selected"
750919,750919,Conservative,"Building","Constructed","FiberGatheringCamp",1,"score=270; count=1"
751519,751519,Conservative,"Building","Constructed","WoodHouse",1,"score=145; count=1"
752119,752119,Conservative,"Building","Upgraded","WoodHouse->StoneHouse",1,"eligible upgrade chain selected"
752719,752719,Conservative,"Building","Upgraded","FiberGatheringCamp->PlantingField",1,"eligible upgrade chain selected"
753319,753319,Conservative,"Building","Constructed","FiberGatheringCamp",1,"score=270; count=1"
753919,753919,Conservative,"Building","Constructed","WoodHouse",1,"score=145; count=1"
754519,754519,Conservative,"Building","Upgraded","WoodHouse->StoneHouse",1,"eligible upgrade chain selected"
755119,755119,Conservative,"Building","Upgraded","FiberGatheringCamp->PlantingField",1,"eligible upgrade chain selected"
755719,755719,Conservative,"Building","Upgraded","StoneHouse->TownHouse",1,"eligible upgrade chain selected"
756319,756319,Conservative,"Building","Upgraded","CokeOven->IndustrialCarbonizationRetort",1,"eligible upgrade chain selected"
756919,756919,Conservative,"Building","Constructed","FiberGatheringCamp",1,"score=270; count=1"
757519,757519,Conservative,"Building","Constructed","CokeOven",1,"score=210; count=1"
758119,758119,Conservative,"Building","Constructed","WoodHouse",1,"score=145; count=1"
758719,758719,Conservative,"Building","Upgraded","WoodHouse->StoneHouse",1,"eligible upgrade chain selected"
759319,759319,Conservative,"Building","Upgraded","FiberGatheringCamp->PlantingField",1,"eligible upgrade chain selected"
759919,759919,Conservative,"Building","Constructed","WoodHouse",1,"score=145; count=1"
760519,760519,Conservative,"Building","Upgraded","WoodHouse->StoneHouse",1,"eligible upgrade chain selected"
761119,761119,Conservative,"Building","Constructed","FiberGatheringCamp",1,"score=270; count=1"
761719,761719,Conservative,"Building","Constructed","WoodHouse",1,"score=145; count=1"
762319,762319,Conservative,"Building","Upgraded","MetalSmelter->IndustrialMetalSmelter",1,"eligible upgrade chain selected"
762919,762919,Conservative,"Building","Upgraded","WoodHouse->StoneHouse",1,"eligible upgrade chain selected"
763519,763519,Conservative,"Building","Constructed","MetalSmelter",1,"score=285; count=1"
764119,764119,Conservative,"Building","Constructed","WoodHouse",1,"score=145; count=1"
764719,764719,Conservative,"Building","Upgraded","WoodHouse->StoneHouse",1,"eligible upgrade chain selected"
765319,765319,Conservative,"Building","Upgraded","MetalSmelter->IndustrialMetalSmelter",1,"eligible upgrade chain selected"
765919,765919,Conservative,"Building","Constructed","WoodHouse",1,"score=145; count=1"
766519,766519,Conservative,"Building","Upgraded","WoodHouse->StoneHouse",1,"eligible upgrade chain selected"
767119,767119,Conservative,"Building","Constructed","MetalSmelter",1,"score=285; count=1"
767719,767719,Conservative,"Building","Constructed","WoodHouse",1,"score=145; count=1"
768319,768319,Conservative,"Building","Upgraded","MetalSmelter->IndustrialMetalSmelter",1,"eligible upgrade chain selected"
768919,768919,Conservative,"Building","Upgraded","WoodHouse->StoneHouse",1,"eligible upgrade chain selected"
769519,769519,Conservative,"Building","Upgraded","StoneHouse->TownHouse",1,"eligible upgrade chain selected"
770119,770119,Conservative,"Building","Upgraded","CeramicKiln->AdvancedCeramicsPlant",1,"eligible upgrade chain selected"
770719,770719,Conservative,"Building","Constructed","MetalSmelter",1,"score=285; count=1"
771319,771319,Conservative,"Building","Constructed","WoodHouse",1,"score=145; count=1"
771919,771919,Conservative,"Building","Upgraded","WoodHouse->StoneHouse",1,"eligible upgrade chain selected"
772519,772519,Conservative,"Building","Constructed","CeramicKiln",1,"score=184; count=1"
773119,773119,Conservative,"Building","Constructed","WoodHouse",1,"score=145; count=1"
773719,773719,Conservative,"Building","Upgraded","MetalSmelter->IndustrialMetalSmelter",1,"eligible upgrade chain selected"
774319,774319,Conservative,"Building","Upgraded","WoodHouse->StoneHouse",1,"eligible upgrade chain selected"
774919,774919,Conservative,"Building","Constructed","MetalSmelter",1,"score=285; count=1"
775519,775519,Conservative,"Building","Constructed","WoodHouse",1,"score=145; count=1"
776119,776119,Conservative,"Building","Upgraded","WoodHouse->StoneHouse",1,"eligible upgrade chain selected"
776719,776719,Conservative,"Building","Upgraded","MetalSmelter->IndustrialMetalSmelter",1,"eligible upgrade chain selected"
777319,777319,Conservative,"Building","Constructed","WoodHouse",1,"score=145; count=1"
777919,777919,Conservative,"Building","Upgraded","WoodHouse->StoneHouse",1,"eligible upgrade chain selected"
778519,778519,Conservative,"Building","Upgraded","StoneHouse->TownHouse",1,"eligible upgrade chain selected"
779119,779119,Conservative,"Building","Upgraded","CeramicKiln->AdvancedCeramicsPlant",1,"eligible upgrade chain selected"
779719,779719,Conservative,"Building","Constructed","MetalSmelter",1,"score=285; count=1"
780319,780319,Conservative,"Building","Constructed","CeramicKiln",1,"score=184; count=1"
780919,780919,Conservative,"Building","Constructed","WoodHouse",1,"score=145; count=1"
781519,781519,Conservative,"Building","Upgraded","WoodHouse->StoneHouse",1,"eligible upgrade chain selected"
782119,782119,Conservative,"Building","Upgraded","MetalSmelter->IndustrialMetalSmelter",1,"eligible upgrade chain selected"
782719,782719,Conservative,"Building","Constructed","WoodHouse",1,"score=145; count=1"
783319,783319,Conservative,"Building","Constructed","MetalSmelter",1,"score=285; count=1"
783919,783919,Conservative,"Building","Constructed","CharcoalKiln",1,"score=140; count=1"
784519,784519,Conservative,"Building","Constructed","Farm",1,"score=290; count=2"
785119,785119,Conservative,"Building","Constructed","ClayPit",1,"score=150; count=2"
785719,785719,Conservative,"Building","Constructed","WoodHouse",1,"score=25; count=2"
786319,786319,Conservative,"Building","Constructed","Caravanserai",1,"score=120; count=1"
786919,786919,Conservative,"Building","Constructed","MetalMine",1,"score=380; count=1"
787519,787519,Conservative,"Building","Constructed","WoodHouse",1,"score=25; count=3"
788119,788119,Conservative,"Building","Upgraded","MetalMine->RareMetalMine",1,"eligible upgrade chain selected"
788719,788719,Conservative,"Building","Constructed","TitaniumMetallurgicalComplex",1,"score=46.5; count=1"
789319,789319,Conservative,"Research","Paid","InterstellarNavigation",1,"complete resource cost paid atomically"
789319,789319,Conservative,"Building","Constructed","FiberGatheringCamp",1,"score=150; count=2"
789919,789919,Conservative,"Building","Constructed","WoodHouse",1,"score=25; count=4"
790519,790519,Conservative,"Research","Completed","InterstellarNavigation",1,"elapsed=102600s"
790519,790519,Conservative,"Building","Constructed","MetalSmelter",1,"score=165; count=2"
790519,790519,Conservative,"Research","Selected","OrbitalEngineering",1,"score=340.551"
791119,791119,Conservative,"Research","Paid","OrbitalEngineering",1,"complete resource cost paid atomically"
791119,791119,Conservative,"Research","Completed","OrbitalEngineering",1,"elapsed=600s"
791119,791119,Conservative,"Workshop","Purchased","OrbitalThermalManagement",1,"score=48.48"
791119,791119,Conservative,"Building","Upgraded","Farm->IrrigationWorks",1,"eligible upgrade chain selected"
791119,791119,Conservative,"Research","Selected","AutonomousOrbitalMining",1,"score=107.034"
792919,792919,Conservative,"Research","Paid","AutonomousOrbitalMining",1,"complete resource cost paid atomically"
792919,796519,Conservative,"Workshop","Waiting","",3,"upgrade resources are insufficient"
792919,792919,Conservative,"Building","Upgraded","StoneHouse->TownHouse",1,"eligible upgrade chain selected"
794719,794719,Conservative,"Research","Completed","AutonomousOrbitalMining",1,"elapsed=3600s"
794719,794719,Conservative,"Building","Upgraded","Caravanserai->RailHub",1,"eligible upgrade chain selected"
794719,794719,Conservative,"Research","Selected","DeepSpaceFleet",1,"score=30.775"
796519,796519,Conservative,"Research","Paid","DeepSpaceFleet",1,"complete resource cost paid atomically"
796519,796519,Conservative,"Research","Completed","DeepSpaceFleet",1,"elapsed=1800s"
796519,796519,Conservative,"Building","Upgraded","Farm->IrrigationWorks",1,"eligible upgrade chain selected"
796519,796519,Conservative,"Research","Selected","OrbitalCarbonizationProcessEngineering",1,"score=-63.676"
798319,798319,Conservative,"Research","Paid","OrbitalCarbonizationProcessEngineering",1,"complete resource cost paid atomically"
798319,798319,Conservative,"Research","Completed","OrbitalCarbonizationProcessEngineering",1,"elapsed=1800s"
798319,798319,Conservative,"Workshop","Purchased","OrbitalCarbonizationProcessControl",1,"score=46.23"
798319,798319,Conservative,"Building","Upgraded","StoneHouse->TownHouse",1,"eligible upgrade chain selected"
798319,798319,Conservative,"Research","Selected","FirstContact",1,"score=-66.338"
800119,800119,Conservative,"Research","Paid","FirstContact",1,"complete resource cost paid atomically"
800119,2592000,Conservative,"Workshop","Waiting","",997,"upgrade resources are insufficient"
800119,800119,Conservative,"Building","Upgraded","CeramicKiln->AdvancedCeramicsPlant",1,"eligible upgrade chain selected"
801919,801919,Conservative,"Research","Completed","FirstContact",1,"elapsed=3600s"
801919,801919,Conservative,"Building","Upgraded","StoneHouse->TownHouse",1,"eligible upgrade chain selected"
801919,801919,Conservative,"Research","Selected","OrbitalHabitation",1,"score=273.437"
803719,803719,Conservative,"Research","Paid","OrbitalHabitation",1,"complete resource cost paid atomically"
803719,803719,Conservative,"Research","Completed","OrbitalHabitation",1,"elapsed=1800s"
803719,803719,Conservative,"Building","Upgraded","CharcoalKiln->IndustrialCarbonizationRetort",1,"eligible upgrade chain selected"
803719,803719,Conservative,"Research","Selected","DeepSpaceShipbuilding",1,"score=16.938"
805519,805519,Conservative,"Research","Paid","DeepSpaceShipbuilding",1,"complete resource cost paid atomically"
805519,805519,Conservative,"Research","Completed","DeepSpaceShipbuilding",1,"elapsed=1800s"
805519,805519,Conservative,"Building","Upgraded","StoneHouse->TownHouse",1,"eligible upgrade chain selected"
805519,805519,Conservative,"Research","Selected","PhantomMaterials",1,"score=1213.245"
807319,807319,Conservative,"Research","Paid","PhantomMaterials",1,"complete resource cost paid atomically"
807319,807319,Conservative,"Building","Upgraded","ClayPit->IndustrialClayProcessingWorks",1,"eligible upgrade chain selected"
809119,809119,Conservative,"Research","Completed","PhantomMaterials",1,"elapsed=3600s"
809119,810919,Conservative,"Building","Upgraded","WoodHouse->StoneHouse",2,"eligible upgrade chain selected"
809119,809119,Conservative,"Research","Selected","PhaseMaterialEngineering",1,"score=892.295"
810919,2592000,Conservative,"Research","Waiting","PhaseMaterialEngineering",991,"complete resource cost is not yet affordable"
812719,812719,Conservative,"Building","Upgraded","FiberGatheringCamp->PlantingField",1,"eligible upgrade chain selected"
814519,816319,Conservative,"Building","Upgraded","WoodHouse->StoneHouse",2,"eligible upgrade chain selected"
818119,818119,Conservative,"Building","Constructed","Farm",1,"score=410; count=1"
819919,819919,Conservative,"Building","Upgraded","Farm->IrrigationWorks",1,"eligible upgrade chain selected"
821719,821719,Conservative,"Building","Constructed","Farm",1,"score=410; count=1"
823519,823519,Conservative,"Building","Upgraded","Farm->IrrigationWorks",1,"eligible upgrade chain selected"
825319,825319,Conservative,"Building","Constructed","Farm",1,"score=410; count=1"
827119,827119,Conservative,"Building","Upgraded","Farm->IrrigationWorks",1,"eligible upgrade chain selected"
828919,828919,Conservative,"Building","Constructed","Farm",1,"score=410; count=1"
830719,830719,Conservative,"Building","Upgraded","Farm->IrrigationWorks",1,"eligible upgrade chain selected"
832519,832519,Conservative,"Building","Constructed","Farm",1,"score=410; count=1"
834319,834319,Conservative,"Building","Upgraded","Farm->IrrigationWorks",1,"eligible upgrade chain selected"
836119,836119,Conservative,"Building","Constructed","Farm",1,"score=410; count=1"
837919,837919,Conservative,"Building","Constructed","MetalMine",1,"score=380; count=1"
839719,839719,Conservative,"Building","Constructed","WoodHouse",1,"score=145; count=1"
841519,841519,Conservative,"Building","Upgraded","MetalMine->RareMetalMine",1,"eligible upgrade chain selected"
843319,843319,Conservative,"Building","Upgraded","WoodHouse->StoneHouse",1,"eligible upgrade chain selected"
845119,845119,Conservative,"Building","Constructed","CeramicKiln",1,"score=184; count=1"
846919,846919,Conservative,"Building","Constructed","WoodHouse",1,"score=145; count=1"
848719,848719,Conservative,"Building","Upgraded","WoodHouse->StoneHouse",1,"eligible upgrade chain selected"
850519,850519,Conservative,"Building","Upgraded","CokeOven->IndustrialCarbonizationRetort",1,"eligible upgrade chain selected"
852319,852319,Conservative,"Building","Constructed","WoodHouse",1,"score=145; count=1"
854119,854119,Conservative,"Building","Constructed","CokeOven",1,"score=210; count=1"
855919,855919,Conservative,"Building","Constructed","CharcoalKiln",1,"score=140; count=1"
857719,857719,Conservative,"Building","Constructed","WoodHouse",1,"score=25; count=2"
859519,859519,Conservative,"Building","Constructed","Caravanserai",1,"score=120; count=1"
861319,861319,Conservative,"Building","Constructed","MetalMine",1,"score=380; count=1"
863119,863119,Conservative,"Building","Constructed","WoodHouse",1,"score=25; count=3"
864919,864919,Conservative,"Building","Upgraded","MetalMine->RareMetalMine",1,"eligible upgrade chain selected"
866719,866719,Conservative,"Building","Upgraded","Farm->IrrigationWorks",1,"eligible upgrade chain selected"
868519,868519,Conservative,"Building","Constructed","Farm",1,"score=410; count=1"
870319,870319,Conservative,"Building","Constructed","Farm",1,"score=290; count=2"
872119,872119,Conservative,"Building","Constructed","ClayPit",1,"score=150; count=2"
873919,873919,Conservative,"Building","Constructed","WoodHouse",1,"score=25; count=4"
875719,875719,Conservative,"Building","Constructed","FiberGatheringCamp",1,"score=150; count=2"
877519,877519,Conservative,"Building","Constructed","CoalMine",1,"score=150; count=2"
879319,879319,Conservative,"Building","Upgraded","WoodHouse->StoneHouse",1,"eligible upgrade chain selected"
881119,881119,Conservative,"Building","Constructed","CokeOven",1,"score=90; count=2"
882919,882919,Conservative,"Building","Constructed","CeramicKiln",1,"score=64; count=2"
884719,884719,Conservative,"Building","Constructed","AluminumSmelter",1,"score=51; count=2"
886519,886519,Conservative,"Building","Constructed","WoodHouse",1,"score=25; count=4"
888319,888319,Conservative,"Building","Constructed","WoodHouse",1,"score=25; count=5"
890119,890119,Conservative,"Building","Constructed","WoodHouse",1,"score=25; count=6"
891919,891919,Conservative,"Building","Upgraded","MetalSmelter->IndustrialMetalSmelter",1,"eligible upgrade chain selected"
893719,893719,Conservative,"Building","Constructed","WoodHouse",1,"score=25; count=7"
895519,895519,Conservative,"Building","Constructed","MetalSmelter",1,"score=165; count=2"
897319,897319,Conservative,"Building","Constructed","WoodHouse",1,"score=25; count=8"
899119,899119,Conservative,"Building","Upgraded","WoodHouse->StoneHouse",1,"eligible upgrade chain selected"
900919,900919,Conservative,"Building","Upgraded","FiberGatheringCamp->PlantingField",1,"eligible upgrade chain selected"
902719,902719,Conservative,"Building","Constructed","WoodHouse",1,"score=25; count=8"
904519,904519,Conservative,"Building","Constructed","FiberGatheringCamp",1,"score=150; count=2"
906319,906319,Conservative,"Building","Constructed","WoodHouse",1,"score=25; count=9"
908119,908119,Conservative,"Building","Constructed","MetalMine",1,"score=380; count=1"
909919,909919,Conservative,"Building","Constructed","WoodHouse",1,"score=25; count=10"
911719,911719,Conservative,"Building","Constructed","WoodHouse",1,"score=25; count=11"
913519,920719,Conservative,"Building","Waiting","",5,"productivity or territory is insufficient [CokeOven:candidate=True;constructible=True;affordable=False;available=False;owned=2;upgradeTo=IndustrialCarbonizationRetort;research=SteamPower|Coking;workshop=;productivity=58.72;territory=1]"
922519,922519,Conservative,"Building","Upgraded","WoodHouse->StoneHouse",1,"eligible upgrade chain selected"
924319,947719,Conservative,"Building","Waiting","",14,"productivity or territory is insufficient [CokeOven:candidate=True;constructible=True;affordable=False;available=False;owned=2;upgradeTo=IndustrialCarbonizationRetort;research=SteamPower|Coking;workshop=;productivity=83.64;territory=1]"
949519,949519,Conservative,"Building","Upgraded","WoodHouse->StoneHouse",1,"eligible upgrade chain selected"
951319,980119,Conservative,"Building","Waiting","",17,"productivity or territory is insufficient [CokeOven:candidate=True;constructible=True;affordable=False;available=False;owned=2;upgradeTo=IndustrialCarbonizationRetort;research=SteamPower|Coking;workshop=;productivity=108.56;territory=1]"
981919,981919,Conservative,"Building","Upgraded","WoodHouse->StoneHouse",1,"eligible upgrade chain selected"
983719,1012519,Conservative,"Building","Waiting","",17,"productivity or territory is insufficient [CokeOven:candidate=True;constructible=True;affordable=False;available=False;owned=2;upgradeTo=IndustrialCarbonizationRetort;research=SteamPower|Coking;workshop=;productivity=133.48;territory=1]"
1014319,1014319,Conservative,"Building","Upgraded","StoneHouse->TownHouse",1,"eligible upgrade chain selected"
1016119,1044919,Conservative,"Building","Waiting","",17,"productivity or territory is insufficient [CokeOven:candidate=True;constructible=True;affordable=False;available=False;owned=2;upgradeTo=IndustrialCarbonizationRetort;research=SteamPower|Coking;workshop=;productivity=233.16;territory=1]"
1046719,1046719,Conservative,"Building","Upgraded","WoodHouse->StoneHouse",1,"eligible upgrade chain selected"
1048519,1082719,Conservative,"Building","Waiting","",20,"productivity or territory is insufficient [CokeOven:candidate=True;constructible=True;affordable=False;available=False;owned=2;upgradeTo=IndustrialCarbonizationRetort;research=SteamPower|Coking;workshop=;productivity=258.08;territory=1]"
1084519,1084519,Conservative,"Building","Upgraded","WoodHouse->StoneHouse",1,"eligible upgrade chain selected"
1086319,1122319,Conservative,"Building","Waiting","",21,"productivity or territory is insufficient [CokeOven:candidate=True;constructible=True;affordable=False;available=False;owned=2;upgradeTo=IndustrialCarbonizationRetort;research=SteamPower|Coking;workshop=;productivity=283;territory=1]"
1124119,1124119,Conservative,"Building","Upgraded","StoneHouse->TownHouse",1,"eligible upgrade chain selected"
1125919,1160119,Conservative,"Building","Waiting","",20,"productivity or territory is insufficient [CokeOven:candidate=True;constructible=True;affordable=False;available=False;owned=2;upgradeTo=IndustrialCarbonizationRetort;research=SteamPower|Coking;workshop=;productivity=382.68;territory=1]"
1161919,1161919,Conservative,"Building","Upgraded","WoodHouse->StoneHouse",1,"eligible upgrade chain selected"
1163719,1214119,Conservative,"Building","Waiting","",29,"productivity or territory is insufficient [CokeOven:candidate=True;constructible=True;affordable=False;available=False;owned=2;upgradeTo=IndustrialCarbonizationRetort;research=SteamPower|Coking;workshop=;productivity=407.6;territory=1]"
1215919,1215919,Conservative,"Building","Upgraded","StoneHouse->TownHouse",1,"eligible upgrade chain selected"
1217719,1251919,Conservative,"Building","Waiting","",20,"productivity or territory is insufficient [CokeOven:candidate=True;constructible=True;affordable=False;available=False;owned=2;upgradeTo=IndustrialCarbonizationRetort;research=SteamPower|Coking;workshop=;productivity=507.28;territory=1]"
1253719,1253719,Conservative,"Building","Upgraded","WoodHouse->StoneHouse",1,"eligible upgrade chain selected"
1255519,2592000,Conservative,"Building","Waiting","",744,"productivity or territory is insufficient [CokeOven:candidate=True;constructible=True;affordable=False;available=False;owned=2;upgradeTo=IndustrialCarbonizationRetort;research=SteamPower|Coking;workshop=;productivity=532.2;territory=1]"
