Minute,TechLevel,ResearchPower,Population,PopulationGrowthMultiplier,PopulationGrowthPerSecond,TotalProductivity,UsedProductivity,AvailableProductivity,ProductivityUtilization,TerritoryUsed,TerritoryTotal,ActiveResearch,Resources,Buildings,ResearchCompleted,WorkshopPurchased
0,Animal,4,0,1,0,0,0,0,0,0,500,"Agriculture","WoodLog=1","","",""
10,Animal,4,5,1.2,0,10,3,7,0.3,7,500,"ClayExtraction","WoodLog=423","Farm=1;WoodHouse=1","Agriculture;ControlledFire",""
20,Animal,4,5,1.2,0,10,10,0,1,14,500,"StoneTools","Biomass=209.77;Clay=818.08;WoodLog=643","ClayPit=1;Farm=1;FiberGatheringCamp=1;WoodHouse=1","Agriculture;ClayExtraction;ControlledFire;Quarry",""
30,Animal,4,10,1.2,0,20,16,4,0.8,23,500,"Mining","Biomass=1214.87;Clay=2024.21;StoneChunk=380.93;WoodLog=818.6","ClayPit=1;Farm=1;FiberGatheringCamp=1;Quarry=1;WoodHouse=2","Agriculture;ClayExtraction;ControlledFire;Quarry;StoneTools",""
40,Animal,4,15,1.2,0,30,19,11,0.633,30,500,"Woodworking","Biomass=2227.38;Clay=3239.22;StoneChunk=2505.95;WoodLog=1174.23","ClayPit=1;Farm=2;FiberGatheringCamp=1;Quarry=1;WoodHouse=3","Agriculture;ClayExtraction;ControlledFire;Mining;Quarry;StoneTools",""
50,Animal,4.6,15,1.2,0,33,32,1,0.97,47,500,"","Biomass=3119.8;Clay=4390.13;StoneBrick=814.58;StoneChunk=3282.49;WoodLog=3518.41","ClayPit=1;Farm=2;FiberGatheringCamp=1;Lumberyard=2;Quarry=1;StoneCuttingWorkshop=1;WoodHouse=3","Agriculture;ClayExtraction;ControlledFire;HerbalKnowledge;KnowledgeSharing;Mining;Quarry;StoneTools;Woodworking",""
60,Animal,4.6,19,1.2,1.222,44.84,35,9.84,0.781,53,500,"NeolithicSettlement","Biomass=4602.91;Clay=5478.18;StoneBrick=1669.98;StoneChunk=4044.58;WoodLog=11182.79","ClayPit=1;Farm=2;FiberGatheringCamp=2;Lumberyard=2;Quarry=1;StoneCuttingWorkshop=1;WoodHouse=4","Agriculture;AnimalHusbandry;ClayExtraction;ControlledFire;HerbalKnowledge;KnowledgeSharing;Mining;Quarry;StoneTools;Woodworking",""
70,Neolithic,5.75,20,1.45,0,147.2,43,104.2,0.292,61,800,"CeramicFiring","Biomass=6520.37;Clay=6628.65;StoneBrick=2498.32;StoneChunk=6301.51;WoodLog=18900.89","ClayPit=1;Farm=2;FiberGatheringCamp=2;KnowledgeCircle=1;Lumberyard=2;Quarry=2;StoneCuttingWorkshop=1;WoodHouse=4","Agriculture;AnimalHusbandry;ClayExtraction;ControlledFire;HerbalKnowledge;KnowledgeSharing;Mining;NeolithicSettlement;Quarry;StoneTools;Woodworking",""
80,Neolithic,6.9,20,1.45,0,147.2,55,92.2,0.374,71,800,"CeramicFiring","Biomass=8437.23;Clay=7778.77;CopperOre=277.75;IronOre=222.2;StoneBrick=3326.4;StoneChunk=9030.03;TinOre=222.2;WoodLog=26554.73","ClayPit=1;Farm=2;FiberGatheringCamp=2;KnowledgeCircle=2;Lumberyard=2;MetalMine=1;Quarry=2;StoneCuttingWorkshop=1;WoodHouse=4","Agriculture;AnimalHusbandry;ClayExtraction;ControlledFire;HerbalKnowledge;KnowledgeSharing;Mining;NeolithicSettlement;Quarry;StoneTools;Woodworking",""
90,Neolithic,6.9,20,1.45,0,147.2,78,69.2,0.53,91,800,"","Biomass=10256.01;Clay=8693.88;Coal=966.33;CopperOre=1428.44;IronOre=1142.75;StoneBrick=4014.49;StoneChunk=11663.45;TinOre=1142.75;WoodLog=34114.23","ClayPit=1;CoalMine=1;Farm=2;FiberGatheringCamp=2;KnowledgeCircle=2;Lumberyard=2;MetalMine=2;Quarry=2;StoneCuttingWorkshop=1;WeavingWorkshop=1;WoodHouse=4","Agriculture;AnimalHusbandry;CeramicFiring;ClayExtraction;ControlledFire;HerbalKnowledge;KnowledgeSharing;Mining;NeolithicSettlement;Quarry;StoneTools;TextileCraft;Woodworking",""
100,Neolithic,6.9,20,1.45,0,147.2,87,60.2,0.591,99,800,"CharcoalMaking","Biomass=11572.87;Ceramic=386.57;Clay=9460.93;Cloth=798.69;Coal=2156.7;CopperOre=3015.6;IronOre=2412.48;StoneBrick=4842.57;StoneChunk=14552.75;TinOre=2412.48;WoodLog=41610.43","CeramicKiln=1;ClayPit=2;CoalMine=1;Farm=2;FiberGatheringCamp=2;KnowledgeCircle=2;Lumberyard=2;MetalMine=2;Quarry=2;StoneCuttingWorkshop=1;WeavingWorkshop=1;WoodHouse=4","Agriculture;AnimalHusbandry;CeramicFiring;ClayExtraction;ControlledFire;HerbalKnowledge;KnowledgeSharing;Mining;NeolithicSettlement;Quarry;StoneTools;TextileCraft;Woodworking",""
110,Neolithic,6.9,20,1.45,0,147.2,100,47.2,0.679,111,800,"Mathematics","Biomass=12889.73;Ceramic=1089.42;Clay=11016.94;Cloth=1597.38;Coal=4243.49;CopperOre=4602.76;IronOre=3682.21;StoneBrick=5593.73;StoneChunk=17283.43;TinOre=3682.21;WoodLog=48743.66","CeramicKiln=1;CharcoalKiln=1;ClayPit=2;CoalMine=2;Farm=2;FiberGatheringCamp=2;KnowledgeCircle=2;Lumberyard=2;MetalMine=2;Quarry=2;StoneCuttingWorkshop=1;WeavingWorkshop=1;WoodHouse=4","Agriculture;AnimalHusbandry;CeramicFiring;CharcoalMaking;ClayExtraction;ControlledFire;HerbalKnowledge;KnowledgeSharing;Mining;NeolithicSettlement;Quarry;StoneTools;TextileCraft;Woodworking",""
120,Neolithic,8.925,20,1.45,0,147.2,110,37.2,0.747,119,800,"WrittenRecords","Biomass=13715.63;Ceramic=1998.06;Clay=12415.16;Cloth=3000.43;Coal=7260.75;CopperOre=6202.18;IronOre=4961.75;StoneBrick=6393.21;StoneChunk=20141.32;TinOre=4961.75;WoodLog=54983.99","CeramicKiln=2;CharcoalKiln=1;ClayPit=2;CoalMine=2;Farm=2;FiberGatheringCamp=2;KnowledgeCircle=2;Lumberyard=2;MetalMine=2;Quarry=2;StoneCuttingWorkshop=1;WeavingWorkshop=2;WoodHouse=4","Agriculture;AnimalHusbandry;Calendar;CeramicFiring;CharcoalMaking;ClayExtraction;ControlledFire;HerbalKnowledge;KnowledgeSharing;Mathematics;Mining;NeolithicSettlement;Quarry;StoneTools;TextileCraft;Woodworking",""
130,Neolithic,8.925,25,1.45,0,159,115,44,0.723,127,800,"FoodPreservation","Biomass=14446.03;Ceramic=3413.69;Clay=13411.64;Cloth=4609.1;Coal=10276.03;CopperOre=7800.55;IronOre=6240.44;StoneBrick=7934.79;StoneChunk=21928.92;TinOre=6240.44;WoodLog=61164.13","CeramicKiln=2;CharcoalKiln=1;ClayPit=2;CoalMine=2;Farm=2;FiberGatheringCamp=2;KnowledgeCircle=2;Lumberyard=2;MetalMine=2;Quarry=2;StoneCuttingWorkshop=2;WeavingWorkshop=2;WoodHouse=5","Agriculture;AnimalHusbandry;Calendar;CeramicFiring;CharcoalMaking;ClayExtraction;ControlledFire;HerbalKnowledge;KnowledgeSharing;Mathematics;Mining;NeolithicSettlement;Quarry;StoneTools;TextileCraft;Woodworking;WrittenRecords",""
140,Neolithic,23.205,25,1.45,0,169,123,46,0.728,135,800,"","Biomass=15139.36;Ceramic=4759.83;Clay=14364.8;Cloth=6144.57;Coal=13233.43;CopperOre=9368.23;IronOre=7494.59;StoneBrick=9359.09;StoneChunk=23429.58;TinOre=7494.59;WoodLog=66853.46","CeramicKiln=2;CharcoalKiln=1;ClayPit=2;CoalMine=2;Farm=2;FiberGatheringCamp=2;KnowledgeCircle=0;Lumberyard=2;MetalMine=2;Quarry=2;ScribeHut=2;Smokehouse=1;StoneCuttingWorkshop=2;WeavingWorkshop=2;WoodHouse=5","Agriculture;AnimalHusbandry;Calendar;CeramicFiring;CharcoalMaking;ClayExtraction;ControlledFire;FoodPreservation;HerbalKnowledge;KnowledgeSharing;Mathematics;Mining;NaturalPhilosophy;NeolithicSettlement;Quarry;StoneTools;TextileCraft;VillageOrganization;Woodworking;WrittenRecords",""
150,Neolithic,23.205,29,1.45,1.464,178.44,125,53.44,0.701,140,800,"","Biomass=15884.01;Ceramic=6185.9;Clay=15384.63;Cloth=7765.11;Coal=16270.96;CopperOre=10978.4;IronOre=8782.72;StoneBrick=11039.27;StoneChunk=24913.16;TinOre=8782.72;WoodLog=72914.46","CeramicKiln=2;CharcoalKiln=1;ClayPit=2;CoalMine=2;Farm=2;FiberGatheringCamp=2;KnowledgeCircle=0;Lumberyard=2;MetalMine=2;Quarry=2;ScribeHut=2;Smokehouse=2;StoneCuttingWorkshop=2;WeavingWorkshop=2;WoodHouse=6","Agriculture;AnimalHusbandry;Calendar;CeramicFiring;CharcoalMaking;ClayExtraction;ControlledFire;FoodPreservation;HerbalKnowledge;KnowledgeSharing;Mathematics;Measurement;Mining;NaturalPhilosophy;NeolithicSettlement;OrganizedDefense;Quarry;StoneTools;TextileCraft;VillageOrganization;Woodworking;WrittenRecords",""
160,Neolithic,23.205,40,1.45,0,204.4,125,79.4,0.612,146,800,"IrrigationEngineering","Biomass=16576.96;Ceramic=7504.07;Clay=16050.17;Cloth=9342.57;Coal=19227.76;CopperOre=12545.77;IronOre=10036.61;StoneBrick=12184.78;StoneChunk=26285.46;TinOre=10036.61;WoodLog=78483.81","CeramicKiln=2;CharcoalKiln=1;ClayPit=2;CoalMine=2;Farm=2;FiberGatheringCamp=2;KnowledgeCircle=0;Lumberyard=2;MetalMine=2;Quarry=2;ScribeHut=2;Smokehouse=2;StoneCuttingWorkshop=2;WeavingWorkshop=2;WoodHouse=8","Agriculture;AnimalHusbandry;Calendar;CeramicFiring;CharcoalMaking;ClayExtraction;ControlledFire;FoodPreservation;HerbalKnowledge;KnowledgeSharing;Masonry;Mathematics;Measurement;Mining;NaturalPhilosophy;NeolithicSettlement;OrganizedDefense;Quarry;StoneTools;TextileCraft;VillageOrganization;Woodworking;WrittenRecords",""
170,Neolithic,23.205,49,1.45,0,225.64,130,95.64,0.576,148,800,"Smithing_Copper","Biomass=17246.25;Ceramic=8836.75;Clay=16881.72;Cloth=10899.7;Coal=21838.44;CopperOre=13924.93;IronOre=11274.35;StoneBrick=13349.11;StoneChunk=27873.18;TinOre=11120.35;WoodLog=84616.2","CeramicKiln=2;CharcoalKiln=1;ClayPit=2;CoalMine=2;Farm=1;FiberGatheringCamp=2;IrrigationWorks=1;KnowledgeCircle=0;Lumberyard=2;MetalMine=2;Quarry=2;ScribeHut=2;Smokehouse=2;StoneCuttingWorkshop=2;StoneHouse=1;WeavingWorkshop=2;WoodHouse=7","Agriculture;AnimalHusbandry;Calendar;CeramicFiring;CharcoalMaking;ClayExtraction;ControlledFire;FoodPreservation;HerbalKnowledge;IrrigationEngineering;KnowledgeSharing;Masonry;Mathematics;Measurement;Mining;NaturalPhilosophy;NeolithicSettlement;OrganizedDefense;Quarry;StoneTools;TextileCraft;VillageOrganization;Woodworking;WrittenRecords",""
180,Neolithic,23.205,58,1.45,0,246.88,135,111.88,0.547,152,800,"","Biomass=17962.53;Ceramic=10175.92;Clay=17732.84;Cloth=12496.6;Coal=24831.67;CopperOre=15511.61;IronOre=12543.69;StoneBrick=14568.55;StoneChunk=29361.23;TinOre=12389.69;WoodLog=90572.1","CeramicKiln=2;CharcoalKiln=1;ClayPit=2;CoalMine=2;Farm=0;FiberGatheringCamp=2;Granary=1;IrrigationWorks=2;KnowledgeCircle=0;Lumberyard=2;MetalMine=2;Quarry=2;ScribeHut=2;Smokehouse=1;StoneCuttingWorkshop=2;StoneHouse=2;WeavingWorkshop=2;WoodHouse=6","Agriculture;AnimalHusbandry;Calendar;CeramicFiring;CharcoalMaking;ClayExtraction;ControlledFire;FoodPreservation;FoodStorage;HerbalKnowledge;IrrigationEngineering;KnowledgeSharing;Masonry;Mathematics;Measurement;Mining;NaturalPhilosophy;NeolithicSettlement;OrganizedDefense;Quarry;Smithing_Copper;StoneTools;TextileCraft;VillageOrganization;Woodworking;WrittenRecords",""
190,Neolithic,23.205,65,1.45,2.823,263.4,135,128.4,0.513,154,800,"CropRotation","Biomass=18654.8;Ceramic=11337.93;Clay=18522.85;Cloth=13953.49;Coal=27787.4;CopperOre=17078.41;IronOre=13797.13;StoneBrick=15956.53;StoneChunk=30998.09;TinOre=13643.13;WoodLog=96938.72","CeramicKiln=2;CharcoalKiln=1;ClayPit=2;CoalMine=2;Farm=0;FiberGatheringCamp=2;Granary=2;IrrigationWorks=2;KnowledgeCircle=0;Lumberyard=2;MetalMine=2;Quarry=2;ScribeHut=2;Smokehouse=0;StoneCuttingWorkshop=2;StoneHouse=3;WeavingWorkshop=2;WoodHouse=5","Agriculture;AnimalHusbandry;Calendar;CeramicFiring;CharcoalMaking;ClayExtraction;ControlledFire;FoodPreservation;FoodStorage;HerbalKnowledge;IrrigationEngineering;KnowledgeSharing;Masonry;Mathematics;Measurement;Mining;NaturalPhilosophy;NeolithicSettlement;OrganizedDefense;Quarry;Smithing_Copper;StoneTools;TextileCraft;VillageOrganization;Woodworking;WrittenRecords",""
200,Neolithic,23.205,85,1.6,0,310.6,135,175.6,0.435,154,800,"VillageCrafts","Biomass=19009.08;Ceramic=12597.74;Clay=19343.31;Cloth=15498.73;Coal=30683.79;CopperOre=18613.76;IronOre=15025.41;StoneBrick=17149.27;StoneChunk=32553.89;TinOre=14871.41;WoodLog=103198.81","CeramicKiln=2;CharcoalKiln=1;ClayPit=2;CoalMine=2;Farm=0;FiberGatheringCamp=2;Granary=2;IrrigationWorks=2;KnowledgeCircle=0;Lumberyard=2;MetalMine=2;Quarry=2;ScribeHut=2;Smokehouse=0;StoneCuttingWorkshop=2;StoneHouse=5;WeavingWorkshop=2;WoodHouse=3","Agriculture;AnimalFodder;AnimalHusbandry;Calendar;CeramicFiring;CharcoalMaking;ClayExtraction;ControlledFire;CropRotation;FoodPreservation;FoodStorage;HerbalKnowledge;IrrigationEngineering;KnowledgeSharing;Masonry;Mathematics;Measurement;Mining;NaturalPhilosophy;NeolithicSettlement;OrganizedDefense;Quarry;Smithing_Copper;StoneTools;TextileCraft;VillageOrganization;Woodworking;WrittenRecords",""
210,Neolithic,23.205,103,1.6,0,353.08,135,218.08,0.382,154,800,"VillageCrafts","Biomass=19487.01;Ceramic=13591.31;Clay=19807.23;Cloth=16627.79;Coal=32800.1;CopperOre=19735.59;IronOre=15922.87;StoneBrick=17749.91;StoneChunk=33690.4;TinOre=15768.87;WoodLog=107844.01","CeramicKiln=2;CharcoalKiln=1;ClayPit=2;CoalMine=2;Farm=0;FiberGatheringCamp=2;Granary=2;IrrigationWorks=2;KnowledgeCircle=0;Lumberyard=2;MetalMine=2;Quarry=2;ScribeHut=2;Smokehouse=0;StoneCuttingWorkshop=2;StoneHouse=7;WeavingWorkshop=2;WoodHouse=1","Agriculture;AnimalFodder;AnimalHusbandry;Calendar;CeramicFiring;CharcoalMaking;ClayExtraction;ControlledFire;CropRotation;FoodPreservation;FoodStorage;HerbalKnowledge;IrrigationEngineering;KnowledgeSharing;Masonry;Mathematics;Measurement;Mining;NaturalPhilosophy;NeolithicSettlement;OrganizedDefense;Quarry;Smithing_Copper;StoneTools;TextileCraft;VillageOrganization;Woodworking;WrittenRecords",""
220,Neolithic,23.205,112,1.6,0,374.32,145,229.32,0.387,162,800,"VillageCrafts","Biomass=19882.38;Bronze=105.28;Ceramic=14413.24;Clay=20244.73;Cloth=17561.79;Coal=34337.85;Copper=140.37;CopperOre=20521.66;Iron=140.37;IronOre=16523.33;StoneBrick=18297.09;StoneChunk=34630.57;Tin=140.37;TinOre=16369.33;WoodLog=111707.68","CeramicKiln=2;CharcoalKiln=1;ClayPit=2;CoalMine=2;Farm=0;FiberGatheringCamp=2;Granary=2;IrrigationWorks=2;KnowledgeCircle=0;Lumberyard=2;MetalMine=2;MetalSmelter=1;Quarry=2;ScribeHut=2;Smokehouse=0;StoneCuttingWorkshop=2;StoneHouse=8;WeavingWorkshop=2;WoodHouse=0","Agriculture;AnimalFodder;AnimalHusbandry;Calendar;CeramicFiring;CharcoalMaking;ClayExtraction;ControlledFire;CropRotation;FoodPreservation;FoodStorage;HerbalKnowledge;IrrigationEngineering;KnowledgeSharing;Masonry;Mathematics;Measurement;Mining;NaturalPhilosophy;NeolithicSettlement;OrganizedDefense;Quarry;Smithing_Copper;StoneTools;TextileCraft;VillageOrganization;Woodworking;WrittenRecords",""
230,Neolithic,23.205,130,1.6,7.571,416.8,155,261.8,0.372,176,800,"VillageCrafts","Biomass=20252.33;Bronze=595.52;Ceramic=15182.32;Clay=20356.18;Cloth=18435.75;Coal=34984.41;Copper=594.03;CopperOre=20728.96;Iron=794.03;IronOre=16556.97;StoneBrick=17949.85;StoneChunk=35510.3;Tin=794.03;TinOre=16402.97;WoodLog=114828.56","CeramicKiln=2;CharcoalKiln=1;ClayPit=2;CoalMine=2;Farm=0;FiberGatheringCamp=2;Granary=2;IrrigationWorks=2;KnowledgeCircle=0;Lumberyard=2;MetalMine=2;MetalSmelter=2;Quarry=2;ScribeHut=2;Smokehouse=0;StoneCuttingWorkshop=2;StoneHouse=10;WeavingWorkshop=2;WoodHouse=0","Agriculture;AnimalFodder;AnimalHusbandry;Calendar;CeramicFiring;CharcoalMaking;ClayExtraction;ControlledFire;CropRotation;FoodPreservation;FoodStorage;HerbalKnowledge;IrrigationEngineering;KnowledgeSharing;Masonry;Mathematics;Measurement;Mining;NaturalPhilosophy;NeolithicSettlement;OrganizedDefense;Quarry;Smithing_Copper;StoneTools;TextileCraft;VillageOrganization;Woodworking;WrittenRecords",""
240,Neolithic,23.205,162,1.6,3.786,492.32,155,337.32,0.315,182,800,"CouncilGovernance","Biomass=20559.04;Bronze=1005.33;Ceramic=15608.41;Clay=20181.65;Cloth=18997.22;Coal=35497.41;Copper=1140.43;CopperOre=20888.83;Iron=1340.43;IronOre=16575.45;StoneBrick=17033.53;StoneChunk=36237.55;Tin=1340.43;TinOre=16421.45;WoodLog=117555.87","CeramicKiln=2;CharcoalKiln=1;ClayPit=2;CoalMine=2;Farm=0;FiberGatheringCamp=2;Granary=2;IrrigationWorks=2;KnowledgeCircle=0;Lumberyard=2;MetalMine=2;MetalSmelter=2;Quarry=2;ScribeHut=2;Smokehouse=0;StoneCuttingWorkshop=2;StoneHouse=12;WeavingWorkshop=2;WoodHouse=0","Agriculture;AnimalFodder;AnimalHusbandry;Calendar;CeramicFiring;CharcoalMaking;ClayExtraction;ControlledFire;CropRotation;FoodPreservation;FoodStorage;HerbalKnowledge;IrrigationEngineering;KnowledgeSharing;Masonry;Mathematics;Measurement;Mining;NaturalPhilosophy;NeolithicSettlement;OrganizedDefense;Quarry;Smithing_Copper;StoneTools;TextileCraft;VillageCrafts;VillageOrganization;Woodworking;WrittenRecords",""
250,Neolithic,23.205,168,1.6,0,506.48,160,346.48,0.316,186,800,"CouncilGovernance","Biomass=20853.89;Bronze=1375.12;Ceramic=16173.38;Clay=20506.3;Cloth=19639.23;Coal=36159.27;Copper=1633.5;CopperOre=21051.17;Iron=1833.5;IronOre=16610.21;StoneBrick=17632.89;StoneChunk=36929.97;Tin=1833.5;TinOre=16456.21;WoodLog=120041.29","CeramicKiln=2;CharcoalKiln=2;ClayPit=2;CoalMine=2;Farm=0;FiberGatheringCamp=2;Granary=2;IrrigationWorks=2;KnowledgeCircle=0;Lumberyard=2;MetalMine=2;MetalSmelter=2;Quarry=2;ScribeHut=2;Smokehouse=0;StoneCuttingWorkshop=2;StoneHouse=12;WeavingWorkshop=2;WoodHouse=0","Agriculture;AnimalFodder;AnimalHusbandry;Calendar;CeramicFiring;CharcoalMaking;ClayExtraction;ControlledFire;CropRotation;FoodPreservation;FoodStorage;HerbalKnowledge;IrrigationEngineering;KnowledgeSharing;Masonry;Mathematics;Measurement;Mining;NaturalPhilosophy;NeolithicSettlement;OrganizedDefense;Quarry;Smithing_Copper;StoneTools;TextileCraft;VillageCrafts;VillageOrganization;Woodworking;WrittenRecords",""
260,Neolithic,23.205,168,1.6,0,506.48,160,346.48,0.316,186,800,"CouncilGovernance","Biomass=21147.28;Bronze=1743.1;Ceramic=16735.56;Clay=20953.01;Cloth=20278.07;Coal=36892.2;Copper=2124.13;CopperOre=21212.7;Iron=2324.13;IronOre=16644.79;StoneBrick=18295.23;StoneChunk=37618.97;Tin=2324.13;TinOre=16490.79;WoodLog=122538.88","CeramicKiln=2;CharcoalKiln=2;ClayPit=2;CoalMine=2;Farm=0;FiberGatheringCamp=2;Granary=2;IrrigationWorks=2;KnowledgeCircle=0;Lumberyard=2;MetalMine=2;MetalSmelter=2;Quarry=2;ScribeHut=2;Smokehouse=0;StoneCuttingWorkshop=2;StoneHouse=12;WeavingWorkshop=2;WoodHouse=0","Agriculture;AnimalFodder;AnimalHusbandry;Calendar;CeramicFiring;CharcoalMaking;ClayExtraction;ControlledFire;CropRotation;FoodPreservation;FoodStorage;HerbalKnowledge;IrrigationEngineering;KnowledgeSharing;Masonry;Mathematics;Measurement;Mining;NaturalPhilosophy;NeolithicSettlement;OrganizedDefense;Quarry;Smithing_Copper;StoneTools;TextileCraft;VillageCrafts;VillageOrganization;Woodworking;WrittenRecords",""
270,Neolithic,23.985,168,1.6,0,506.48,160,346.48,0.316,186,800,"Smithing_Bronze","Biomass=21440.67;Bronze=2111.07;Ceramic=17297.74;Clay=21399.73;Cloth=20916.91;Coal=37415.14;Copper=2488.76;CopperOre=21374.24;Iron=2814.76;IronOre=16679.38;StoneBrick=18957.58;StoneChunk=38307.97;Tin=2688.76;TinOre=16525.38;WoodLog=124861.47","CeramicKiln=2;CharcoalKiln=2;ClayPit=2;CoalMine=2;Farm=0;FiberGatheringCamp=2;Granary=2;IrrigationWorks=2;KnowledgeCircle=0;Lumberyard=2;MetalMine=2;MetalSmelter=2;Quarry=2;ScribeHut=2;Smokehouse=0;StoneCuttingWorkshop=2;StoneHouse=12;WeavingWorkshop=2;WoodHouse=0","Agriculture;AnimalFodder;AnimalHusbandry;Calendar;CeramicFiring;CharcoalMaking;ClayExtraction;ControlledFire;CouncilGovernance;CropRotation;FoodPreservation;FoodStorage;HerbalKnowledge;IrrigationEngineering;KnowledgeSharing;Masonry;Mathematics;Measurement;Mining;NaturalPhilosophy;NeolithicSettlement;OrganizedDefense;Quarry;Smithing_Copper;StoneTools;TextileCraft;VillageCrafts;VillageOrganization;Woodworking;WrittenRecords",""
280,Neolithic,23.985,168,1.6,0,506.48,160,346.48,0.316,186,800,"Smithing_Bronze","Biomass=21734.07;Bronze=2479.04;Ceramic=17859.92;Clay=21846.44;Cloth=21555.75;Coal=38148.07;Copper=2979.38;CopperOre=21535.77;Iron=3305.38;IronOre=16713.96;StoneBrick=19619.93;StoneChunk=38996.97;Tin=3179.38;TinOre=16559.96;WoodLog=127359.06","CeramicKiln=2;CharcoalKiln=2;ClayPit=2;CoalMine=2;Farm=0;FiberGatheringCamp=2;Granary=2;IrrigationWorks=2;KnowledgeCircle=0;Lumberyard=2;MetalMine=2;MetalSmelter=2;Quarry=2;ScribeHut=2;Smokehouse=0;StoneCuttingWorkshop=2;StoneHouse=12;WeavingWorkshop=2;WoodHouse=0","Agriculture;AnimalFodder;AnimalHusbandry;Calendar;CeramicFiring;CharcoalMaking;ClayExtraction;ControlledFire;CouncilGovernance;CropRotation;FoodPreservation;FoodStorage;HerbalKnowledge;IrrigationEngineering;KnowledgeSharing;Masonry;Mathematics;Measurement;Mining;NaturalPhilosophy;NeolithicSettlement;OrganizedDefense;Quarry;Smithing_Copper;StoneTools;TextileCraft;VillageCrafts;VillageOrganization;Woodworking;WrittenRecords",""
290,Neolithic,23.985,168,1.6,0,506.48,160,346.48,0.316,186,800,"Smithing_Bronze","Biomass=22027.46;Bronze=2847.01;Ceramic=18422.1;Clay=22293.16;Cloth=22194.59;Coal=38881;Copper=3470.01;CopperOre=21697.31;Iron=3796.01;IronOre=16748.55;StoneBrick=20282.28;StoneChunk=39685.97;Tin=3670.01;TinOre=16594.55;WoodLog=129856.65","CeramicKiln=2;CharcoalKiln=2;ClayPit=2;CoalMine=2;Farm=0;FiberGatheringCamp=2;Granary=2;IrrigationWorks=2;KnowledgeCircle=0;Lumberyard=2;MetalMine=2;MetalSmelter=2;Quarry=2;ScribeHut=2;Smokehouse=0;StoneCuttingWorkshop=2;StoneHouse=12;WeavingWorkshop=2;WoodHouse=0","Agriculture;AnimalFodder;AnimalHusbandry;Calendar;CeramicFiring;CharcoalMaking;ClayExtraction;ControlledFire;CouncilGovernance;CropRotation;FoodPreservation;FoodStorage;HerbalKnowledge;IrrigationEngineering;KnowledgeSharing;Masonry;Mathematics;Measurement;Mining;NaturalPhilosophy;NeolithicSettlement;OrganizedDefense;Quarry;Smithing_Copper;StoneTools;TextileCraft;VillageCrafts;VillageOrganization;Woodworking;WrittenRecords",""
300,Neolithic,23.985,168,1.6,0,506.48,160,346.48,0.316,186,800,"Smithing_Bronze","Biomass=22320.85;Bronze=3214.98;Ceramic=18984.28;Clay=22739.87;Cloth=22833.43;Coal=39613.93;Copper=3960.64;CopperOre=21858.85;Iron=4286.64;IronOre=16783.14;StoneBrick=20944.63;StoneChunk=40374.97;Tin=4160.64;TinOre=16629.14;WoodLog=132354.24","CeramicKiln=2;CharcoalKiln=2;ClayPit=2;CoalMine=2;Farm=0;FiberGatheringCamp=2;Granary=2;IrrigationWorks=2;KnowledgeCircle=0;Lumberyard=2;MetalMine=2;MetalSmelter=2;Quarry=2;ScribeHut=2;Smokehouse=0;StoneCuttingWorkshop=2;StoneHouse=12;WeavingWorkshop=2;WoodHouse=0","Agriculture;AnimalFodder;AnimalHusbandry;Calendar;CeramicFiring;CharcoalMaking;ClayExtraction;ControlledFire;CouncilGovernance;CropRotation;FoodPreservation;FoodStorage;HerbalKnowledge;IrrigationEngineering;KnowledgeSharing;Masonry;Mathematics;Measurement;Mining;NaturalPhilosophy;NeolithicSettlement;OrganizedDefense;Quarry;Smithing_Copper;StoneTools;TextileCraft;VillageCrafts;VillageOrganization;Woodworking;WrittenRecords",""
310,Neolithic,23.985,168,1.6,0,506.48,160,346.48,0.316,186,800,"OrganizedWatch","Biomass=22614.24;Bronze=3378.64;Ceramic=19546.45;Clay=23186.58;Cloth=23472.27;Coal=40346.87;Copper=4512.19;CopperOre=22020.38;Iron=4838.19;IronOre=16817.72;StoneBrick=21306.98;StoneChunk=41063.97;Tin=4712.19;TinOre=16663.72;WoodLog=134651.83","CeramicKiln=2;CharcoalKiln=2;ClayPit=2;CoalMine=2;Farm=0;FiberGatheringCamp=2;Granary=2;IrrigationWorks=2;KnowledgeCircle=0;Lumberyard=2;MetalMine=2;MetalSmelter=2;Quarry=2;ScribeHut=2;Smokehouse=0;StoneCuttingWorkshop=2;StoneHouse=12;WeavingWorkshop=2;WoodHouse=0","Agriculture;AnimalFodder;AnimalHusbandry;Calendar;CeramicFiring;CharcoalMaking;ClayExtraction;ControlledFire;CouncilGovernance;CropRotation;FoodPreservation;FoodStorage;HerbalKnowledge;IrrigationEngineering;KnowledgeSharing;Masonry;Mathematics;Measurement;Mining;NaturalPhilosophy;NeolithicSettlement;OrganizedDefense;Quarry;Smithing_Bronze;Smithing_Copper;StoneTools;TextileCraft;VillageCrafts;VillageOrganization;Woodworking;WrittenRecords",""
320,Neolithic,23.985,168,1.6,0,506.48,160,346.48,0.316,186,800,"OrganizedWatch","Biomass=22907.64;Bronze=3792.61;Ceramic=20108.63;Clay=23633.3;Cloth=24111.11;Coal=41079.8;Copper=5064.15;CopperOre=22181.92;Iron=5390.15;IronOre=16852.31;StoneBrick=21969.33;StoneChunk=41752.97;Tin=5264.15;TinOre=16698.31;WoodLog=137149.42","CeramicKiln=2;CharcoalKiln=2;ClayPit=2;CoalMine=2;Farm=0;FiberGatheringCamp=2;Granary=2;IrrigationWorks=2;KnowledgeCircle=0;Lumberyard=2;MetalMine=2;MetalSmelter=2;Quarry=2;ScribeHut=2;Smokehouse=0;StoneCuttingWorkshop=2;StoneHouse=12;WeavingWorkshop=2;WoodHouse=0","Agriculture;AnimalFodder;AnimalHusbandry;Calendar;CeramicFiring;CharcoalMaking;ClayExtraction;ControlledFire;CouncilGovernance;CropRotation;FoodPreservation;FoodStorage;HerbalKnowledge;IrrigationEngineering;KnowledgeSharing;Masonry;Mathematics;Measurement;Mining;NaturalPhilosophy;NeolithicSettlement;OrganizedDefense;Quarry;Smithing_Bronze;Smithing_Copper;StoneTools;TextileCraft;VillageCrafts;VillageOrganization;Woodworking;WrittenRecords",""
330,Neolithic,23.985,168,1.6,0,506.48,160,346.48,0.316,186,800,"OrganizedWatch","Biomass=23201.03;Bronze=4206.58;Ceramic=20670.81;Clay=24080.01;Cloth=24749.94;Coal=41812.73;Copper=5616.1;CopperOre=22343.46;Iron=5942.1;IronOre=16886.9;StoneBrick=22631.67;StoneChunk=42441.97;Tin=5816.1;TinOre=16732.9;WoodLog=139647.01","CeramicKiln=2;CharcoalKiln=2;ClayPit=2;CoalMine=2;Farm=0;FiberGatheringCamp=2;Granary=2;IrrigationWorks=2;KnowledgeCircle=0;Lumberyard=2;MetalMine=2;MetalSmelter=2;Quarry=2;ScribeHut=2;Smokehouse=0;StoneCuttingWorkshop=2;StoneHouse=12;WeavingWorkshop=2;WoodHouse=0","Agriculture;AnimalFodder;AnimalHusbandry;Calendar;CeramicFiring;CharcoalMaking;ClayExtraction;ControlledFire;CouncilGovernance;CropRotation;FoodPreservation;FoodStorage;HerbalKnowledge;IrrigationEngineering;KnowledgeSharing;Masonry;Mathematics;Measurement;Mining;NaturalPhilosophy;NeolithicSettlement;OrganizedDefense;Quarry;Smithing_Bronze;Smithing_Copper;StoneTools;TextileCraft;VillageCrafts;VillageOrganization;Woodworking;WrittenRecords",""
340,Neolithic,23.985,168,1.6,0,506.48,160,346.48,0.316,186,800,"Smithing_Iron","Biomass=23522.72;Bronze=4635.83;Ceramic=21253.74;Clay=24560.69;Cloth=25412.37;Coal=42178.92;Copper=6188.44;CopperOre=22528.42;Iron=6514.44;IronOre=16640.23;StoneBrick=23318.47;StoneChunk=43191.34;Tin=6388.44;TinOre=16786.23;WoodLog=142253.07","CeramicKiln=2;CharcoalKiln=2;ClayPit=2;CoalMine=2;Farm=0;FiberGatheringCamp=2;Granary=2;IrrigationWorks=2;KnowledgeCircle=0;Lumberyard=2;MetalMine=2;MetalSmelter=2;Quarry=2;ScribeHut=2;Smokehouse=0;StoneCuttingWorkshop=2;StoneHouse=12;WeavingWorkshop=2;WoodHouse=0","Agriculture;AnimalFodder;AnimalHusbandry;Calendar;CeramicFiring;CharcoalMaking;ClayExtraction;ControlledFire;CouncilGovernance;CropRotation;FoodPreservation;FoodStorage;HerbalKnowledge;IrrigationEngineering;KnowledgeSharing;Masonry;Mathematics;Measurement;Mining;NaturalPhilosophy;NeolithicSettlement;OrganizedDefense;OrganizedWatch;Quarry;Smithing_Bronze;Smithing_Copper;StoneTools;TextileCraft;VillageCrafts;VillageOrganization;Woodworking;WrittenRecords",""
350,Neolithic,23.985,168,1.6,0,506.48,160,346.48,0.316,186,800,"Smithing_Iron","Biomass=23844.51;Bronze=5065.13;Ceramic=21836.74;Clay=25041.47;Cloth=26074.87;Coal=42965.29;Copper=6760.84;CopperOre=22713.47;Iron=7086.84;IronOre=16693.62;StoneBrick=24005.35;StoneChunk=43940.92;Tin=6960.84;TinOre=16839.62;WoodLog=144859.5","CeramicKiln=2;CharcoalKiln=2;ClayPit=2;CoalMine=2;Farm=0;FiberGatheringCamp=2;Granary=2;IrrigationWorks=2;KnowledgeCircle=0;Lumberyard=2;MetalMine=2;MetalSmelter=2;Quarry=2;ScribeHut=2;Smokehouse=0;StoneCuttingWorkshop=2;StoneHouse=12;WeavingWorkshop=2;WoodHouse=0","Agriculture;AnimalFodder;AnimalHusbandry;Calendar;CeramicFiring;CharcoalMaking;ClayExtraction;ControlledFire;CouncilGovernance;CropRotation;FoodPreservation;FoodStorage;HerbalKnowledge;IrrigationEngineering;KnowledgeSharing;Masonry;Mathematics;Measurement;Mining;NaturalPhilosophy;NeolithicSettlement;OrganizedDefense;OrganizedWatch;Quarry;Smithing_Bronze;Smithing_Copper;StoneTools;TextileCraft;VillageCrafts;VillageOrganization;Woodworking;WrittenRecords",""
360,Neolithic,23.985,168,1.6,0,506.48,160,346.48,0.316,186,800,"Smithing_Iron","Biomass=24166.29;Bronze=5494.43;Ceramic=22419.74;Clay=25522.26;Cloth=26737.37;Coal=43751.66;Copper=7333.24;CopperOre=22898.52;Iron=7659.24;IronOre=16747.01;StoneBrick=24692.23;StoneChunk=44690.49;Tin=7533.24;TinOre=16893.01;WoodLog=147465.93","CeramicKiln=2;CharcoalKiln=2;ClayPit=2;CoalMine=2;Farm=0;FiberGatheringCamp=2;Granary=2;IrrigationWorks=2;KnowledgeCircle=0;Lumberyard=2;MetalMine=2;MetalSmelter=2;Quarry=2;ScribeHut=2;Smokehouse=0;StoneCuttingWorkshop=2;StoneHouse=12;WeavingWorkshop=2;WoodHouse=0","Agriculture;AnimalFodder;AnimalHusbandry;Calendar;CeramicFiring;CharcoalMaking;ClayExtraction;ControlledFire;CouncilGovernance;CropRotation;FoodPreservation;FoodStorage;HerbalKnowledge;IrrigationEngineering;KnowledgeSharing;Masonry;Mathematics;Measurement;Mining;NaturalPhilosophy;NeolithicSettlement;OrganizedDefense;OrganizedWatch;Quarry;Smithing_Bronze;Smithing_Copper;StoneTools;TextileCraft;VillageCrafts;VillageOrganization;Woodworking;WrittenRecords",""
370,Neolithic,23.985,168,1.6,0,506.48,160,346.48,0.316,186,800,"FeudalAdministration","Biomass=24506.49;Bronze=5933.67;Ceramic=23016.24;Clay=26025.13;Cloth=27315.21;Coal=44572.67;Copper=7918.89;CopperOre=23098.8;Iron=8244.89;IronOre=16812.6;StoneBrick=25145.02;StoneChunk=45479.33;Tin=8118.89;TinOre=16958.6;WoodLog=150142.92","CeramicKiln=2;CharcoalKiln=2;ClayPit=2;CoalMine=2;Farm=0;FiberGatheringCamp=2;Granary=2;IrrigationWorks=2;KnowledgeCircle=0;Lumberyard=2;MetalMine=2;MetalSmelter=2;Quarry=2;ScribeHut=2;Smokehouse=0;StoneCuttingWorkshop=2;StoneHouse=12;WeavingWorkshop=2;WoodHouse=0","Agriculture;AnimalFodder;AnimalHusbandry;Calendar;CeramicFiring;CharcoalMaking;ClayExtraction;ControlledFire;CouncilGovernance;CropRotation;FoodPreservation;FoodStorage;HerbalKnowledge;IrrigationEngineering;KnowledgeSharing;Masonry;Mathematics;Measurement;Mining;NaturalPhilosophy;NeolithicSettlement;OrganizedDefense;OrganizedWatch;Quarry;Smithing_Bronze;Smithing_Copper;Smithing_Iron;StoneTools;TextileCraft;VillageCrafts;VillageOrganization;Woodworking;WrittenRecords",""
380,Neolithic,23.985,168,1.6,0,506.48,160,346.48,0.316,186,800,"FeudalAdministration","Biomass=24856.66;Bronze=6378.3;Ceramic=23620.06;Clay=26539.99;Cloth=28001.37;Coal=45412.48;Copper=8511.73;CopperOre=23307.36;Iron=8837.73;IronOre=16884.8;StoneBrick=25856.43;StoneChunk=46289.47;Tin=8711.73;TinOre=17030.8;WoodLog=152858.19","CeramicKiln=2;CharcoalKiln=2;ClayPit=2;CoalMine=2;Farm=0;FiberGatheringCamp=2;Granary=2;IrrigationWorks=2;KnowledgeCircle=0;Lumberyard=2;MetalMine=2;MetalSmelter=2;Quarry=2;ScribeHut=2;Smokehouse=0;StoneCuttingWorkshop=2;StoneHouse=12;WeavingWorkshop=2;WoodHouse=0","Agriculture;AnimalFodder;AnimalHusbandry;Calendar;CeramicFiring;CharcoalMaking;ClayExtraction;ControlledFire;CouncilGovernance;CropRotation;FoodPreservation;FoodStorage;HerbalKnowledge;IrrigationEngineering;KnowledgeSharing;Masonry;Mathematics;Measurement;Mining;NaturalPhilosophy;NeolithicSettlement;OrganizedDefense;OrganizedWatch;Quarry;Smithing_Bronze;Smithing_Copper;Smithing_Iron;StoneTools;TextileCraft;VillageCrafts;VillageOrganization;Woodworking;WrittenRecords",""
390,Neolithic,23.985,168,1.6,0,506.48,160,346.48,0.316,186,800,"FeudalAdministration","Biomass=25206.84;Bronze=6822.93;Ceramic=24223.88;Clay=27054.85;Cloth=28687.53;Coal=46252.28;Copper=9104.58;CopperOre=23515.91;Iron=9430.58;IronOre=16957;StoneBrick=26567.84;StoneChunk=47099.61;Tin=9304.58;TinOre=17103;WoodLog=155573.46","CeramicKiln=2;CharcoalKiln=2;ClayPit=2;CoalMine=2;Farm=0;FiberGatheringCamp=2;Granary=2;IrrigationWorks=2;KnowledgeCircle=0;Lumberyard=2;MetalMine=2;MetalSmelter=2;Quarry=2;ScribeHut=2;Smokehouse=0;StoneCuttingWorkshop=2;StoneHouse=12;WeavingWorkshop=2;WoodHouse=0","Agriculture;AnimalFodder;AnimalHusbandry;Calendar;CeramicFiring;CharcoalMaking;ClayExtraction;ControlledFire;CouncilGovernance;CropRotation;FoodPreservation;FoodStorage;HerbalKnowledge;IrrigationEngineering;KnowledgeSharing;Masonry;Mathematics;Measurement;Mining;NaturalPhilosophy;NeolithicSettlement;OrganizedDefense;OrganizedWatch;Quarry;Smithing_Bronze;Smithing_Copper;Smithing_Iron;StoneTools;TextileCraft;VillageCrafts;VillageOrganization;Woodworking;WrittenRecords",""
400,Neolithic,23.985,168,1.6,0,506.48,160,346.48,0.316,186,800,"FeudalAdministration","Biomass=25557.02;Bronze=7267.56;Ceramic=24827.7;Clay=27569.7;Cloth=29373.69;Coal=47092.09;Copper=9697.42;CopperOre=23724.47;Iron=10023.42;IronOre=17029.2;StoneBrick=27279.25;StoneChunk=47909.76;Tin=9897.42;TinOre=17175.2;WoodLog=158288.73","CeramicKiln=2;CharcoalKiln=2;ClayPit=2;CoalMine=2;Farm=0;FiberGatheringCamp=2;Granary=2;IrrigationWorks=2;KnowledgeCircle=0;Lumberyard=2;MetalMine=2;MetalSmelter=2;Quarry=2;ScribeHut=2;Smokehouse=0;StoneCuttingWorkshop=2;StoneHouse=12;WeavingWorkshop=2;WoodHouse=0","Agriculture;AnimalFodder;AnimalHusbandry;Calendar;CeramicFiring;CharcoalMaking;ClayExtraction;ControlledFire;CouncilGovernance;CropRotation;FoodPreservation;FoodStorage;HerbalKnowledge;IrrigationEngineering;KnowledgeSharing;Masonry;Mathematics;Measurement;Mining;NaturalPhilosophy;NeolithicSettlement;OrganizedDefense;OrganizedWatch;Quarry;Smithing_Bronze;Smithing_Copper;Smithing_Iron;StoneTools;TextileCraft;VillageCrafts;VillageOrganization;Woodworking;WrittenRecords",""
410,Neolithic,23.985,168,1.6,0,506.48,160,346.48,0.316,186,800,"FeudalAdministration","Biomass=25907.2;Bronze=7712.2;Ceramic=25431.53;Clay=28084.56;Cloth=30059.85;Coal=47931.89;Copper=10290.26;CopperOre=23933.02;Iron=10616.26;IronOre=17101.41;StoneBrick=27990.66;StoneChunk=48719.9;Tin=10490.26;TinOre=17247.41;WoodLog=161003.99","CeramicKiln=2;CharcoalKiln=2;ClayPit=2;CoalMine=2;Farm=0;FiberGatheringCamp=2;Granary=2;IrrigationWorks=2;KnowledgeCircle=0;Lumberyard=2;MetalMine=2;MetalSmelter=2;Quarry=2;ScribeHut=2;Smokehouse=0;StoneCuttingWorkshop=2;StoneHouse=12;WeavingWorkshop=2;WoodHouse=0","Agriculture;AnimalFodder;AnimalHusbandry;Calendar;CeramicFiring;CharcoalMaking;ClayExtraction;ControlledFire;CouncilGovernance;CropRotation;FoodPreservation;FoodStorage;HerbalKnowledge;IrrigationEngineering;KnowledgeSharing;Masonry;Mathematics;Measurement;Mining;NaturalPhilosophy;NeolithicSettlement;OrganizedDefense;OrganizedWatch;Quarry;Smithing_Bronze;Smithing_Copper;Smithing_Iron;StoneTools;TextileCraft;VillageCrafts;VillageOrganization;Woodworking;WrittenRecords",""
420,Neolithic,23.985,168,1.6,0,506.48,160,346.48,0.316,186,800,"FeudalAdministration","Biomass=26257.38;Bronze=8156.83;Ceramic=26035.35;Clay=28599.42;Cloth=30746.01;Coal=48771.69;Copper=10883.1;CopperOre=24141.58;Iron=11209.1;IronOre=17173.61;StoneBrick=28702.07;StoneChunk=49530.04;Tin=11083.1;TinOre=17319.61;WoodLog=163719.26","CeramicKiln=2;CharcoalKiln=2;ClayPit=2;CoalMine=2;Farm=0;FiberGatheringCamp=2;Granary=2;IrrigationWorks=2;KnowledgeCircle=0;Lumberyard=2;MetalMine=2;MetalSmelter=2;Quarry=2;ScribeHut=2;Smokehouse=0;StoneCuttingWorkshop=2;StoneHouse=12;WeavingWorkshop=2;WoodHouse=0","Agriculture;AnimalFodder;AnimalHusbandry;Calendar;CeramicFiring;CharcoalMaking;ClayExtraction;ControlledFire;CouncilGovernance;CropRotation;FoodPreservation;FoodStorage;HerbalKnowledge;IrrigationEngineering;KnowledgeSharing;Masonry;Mathematics;Measurement;Mining;NaturalPhilosophy;NeolithicSettlement;OrganizedDefense;OrganizedWatch;Quarry;Smithing_Bronze;Smithing_Copper;Smithing_Iron;StoneTools;TextileCraft;VillageCrafts;VillageOrganization;Woodworking;WrittenRecords",""
430,Neolithic,23.985,168,1.6,0,506.48,160,346.48,0.316,186,800,"FeudalAdministration","Biomass=26607.56;Bronze=8601.46;Ceramic=26639.17;Clay=29114.27;Cloth=31432.17;Coal=49611.5;Copper=11475.95;CopperOre=24350.13;Iron=11801.95;IronOre=17245.81;StoneBrick=29413.49;StoneChunk=50340.19;Tin=11675.95;TinOre=17391.81;WoodLog=166434.53","CeramicKiln=2;CharcoalKiln=2;ClayPit=2;CoalMine=2;Farm=0;FiberGatheringCamp=2;Granary=2;IrrigationWorks=2;KnowledgeCircle=0;Lumberyard=2;MetalMine=2;MetalSmelter=2;Quarry=2;ScribeHut=2;Smokehouse=0;StoneCuttingWorkshop=2;StoneHouse=12;WeavingWorkshop=2;WoodHouse=0","Agriculture;AnimalFodder;AnimalHusbandry;Calendar;CeramicFiring;CharcoalMaking;ClayExtraction;ControlledFire;CouncilGovernance;CropRotation;FoodPreservation;FoodStorage;HerbalKnowledge;IrrigationEngineering;KnowledgeSharing;Masonry;Mathematics;Measurement;Mining;NaturalPhilosophy;NeolithicSettlement;OrganizedDefense;OrganizedWatch;Quarry;Smithing_Bronze;Smithing_Copper;Smithing_Iron;StoneTools;TextileCraft;VillageCrafts;VillageOrganization;Woodworking;WrittenRecords",""
440,Neolithic,23.985,168,1.6,0,506.48,160,346.48,0.316,186,800,"FeudalAdministration","Biomass=26957.74;Bronze=9046.09;Ceramic=27242.99;Clay=29629.13;Cloth=32118.33;Coal=50451.3;Copper=12068.79;CopperOre=24558.69;Iron=12394.79;IronOre=17318.01;StoneBrick=30124.9;StoneChunk=51150.33;Tin=12268.79;TinOre=17464.01;WoodLog=169149.8","CeramicKiln=2;CharcoalKiln=2;ClayPit=2;CoalMine=2;Farm=0;FiberGatheringCamp=2;Granary=2;IrrigationWorks=2;KnowledgeCircle=0;Lumberyard=2;MetalMine=2;MetalSmelter=2;Quarry=2;ScribeHut=2;Smokehouse=0;StoneCuttingWorkshop=2;StoneHouse=12;WeavingWorkshop=2;WoodHouse=0","Agriculture;AnimalFodder;AnimalHusbandry;Calendar;CeramicFiring;CharcoalMaking;ClayExtraction;ControlledFire;CouncilGovernance;CropRotation;FoodPreservation;FoodStorage;HerbalKnowledge;IrrigationEngineering;KnowledgeSharing;Masonry;Mathematics;Measurement;Mining;NaturalPhilosophy;NeolithicSettlement;OrganizedDefense;OrganizedWatch;Quarry;Smithing_Bronze;Smithing_Copper;Smithing_Iron;StoneTools;TextileCraft;VillageCrafts;VillageOrganization;Woodworking;WrittenRecords",""
450,Medieval,23.985,168,1.6,0,506.48,160,346.48,0.316,186,825,"Steelmaking","Biomass=27313.17;Bronze=9427.39;Ceramic=27855.87;Clay=28751.71;Cloth=32814.78;Coal=49483.7;Copper=12670.53;CopperOre=24770.37;Iron=11876.53;IronOre=17181.29;StoneBrick=30846.98;StoneChunk=51972.62;Tin=12870.53;TinOre=17537.29;WoodLog=171905.79","CeramicKiln=2;CharcoalKiln=2;ClayPit=2;CoalMine=2;Farm=0;FiberGatheringCamp=2;Granary=2;IrrigationWorks=2;KnowledgeCircle=0;Lumberyard=2;MetalMine=2;MetalSmelter=2;Quarry=2;ScribeHut=2;Smokehouse=0;StoneCuttingWorkshop=2;StoneHouse=12;WeavingWorkshop=2;WoodHouse=0","Agriculture;AnimalFodder;AnimalHusbandry;Calendar;CeramicFiring;CharcoalMaking;ClayExtraction;ControlledFire;CouncilGovernance;CropRotation;FeudalAdministration;FoodPreservation;FoodStorage;HerbalKnowledge;IrrigationEngineering;KnowledgeSharing;Masonry;Mathematics;Measurement;Mining;NaturalPhilosophy;NeolithicSettlement;OrganizedDefense;OrganizedWatch;Quarry;Smithing_Bronze;Smithing_Copper;Smithing_Iron;StoneTools;TextileCraft;VillageCrafts;VillageOrganization;Woodworking;WrittenRecords",""
460,Medieval,23.985,168,1.6,0,506.48,160,346.48,0.316,186,825,"Steelmaking","Biomass=27663.35;Bronze=9872.03;Ceramic=28459.69;Clay=29266.57;Cloth=33500.94;Coal=50323.51;Copper=13263.37;CopperOre=24978.93;Iron=12469.37;IronOre=17253.49;StoneBrick=31558.39;StoneChunk=52782.77;Tin=13463.37;TinOre=17609.49;WoodLog=174621.06","CeramicKiln=2;CharcoalKiln=2;ClayPit=2;CoalMine=2;Farm=0;FiberGatheringCamp=2;Granary=2;IrrigationWorks=2;KnowledgeCircle=0;Lumberyard=2;MetalMine=2;MetalSmelter=2;Quarry=2;ScribeHut=2;Smokehouse=0;StoneCuttingWorkshop=2;StoneHouse=12;WeavingWorkshop=2;WoodHouse=0","Agriculture;AnimalFodder;AnimalHusbandry;Calendar;CeramicFiring;CharcoalMaking;ClayExtraction;ControlledFire;CouncilGovernance;CropRotation;FeudalAdministration;FoodPreservation;FoodStorage;HerbalKnowledge;IrrigationEngineering;KnowledgeSharing;Masonry;Mathematics;Measurement;Mining;NaturalPhilosophy;NeolithicSettlement;OrganizedDefense;OrganizedWatch;Quarry;Smithing_Bronze;Smithing_Copper;Smithing_Iron;StoneTools;TextileCraft;VillageCrafts;VillageOrganization;Woodworking;WrittenRecords",""
470,Medieval,23.985,168,1.6,0,506.48,160,346.48,0.316,186,825,"Steelmaking","Biomass=28013.52;Bronze=10316.66;Ceramic=29063.51;Clay=29781.43;Cloth=34187.11;Coal=51163.31;Copper=13856.21;CopperOre=25187.48;Iron=13062.21;IronOre=17325.7;StoneBrick=32269.8;StoneChunk=53592.91;Tin=14056.21;TinOre=17681.7;WoodLog=177336.33","CeramicKiln=2;CharcoalKiln=2;ClayPit=2;CoalMine=2;Farm=0;FiberGatheringCamp=2;Granary=2;IrrigationWorks=2;KnowledgeCircle=0;Lumberyard=2;MetalMine=2;MetalSmelter=2;Quarry=2;ScribeHut=2;Smokehouse=0;StoneCuttingWorkshop=2;StoneHouse=12;WeavingWorkshop=2;WoodHouse=0","Agriculture;AnimalFodder;AnimalHusbandry;Calendar;CeramicFiring;CharcoalMaking;ClayExtraction;ControlledFire;CouncilGovernance;CropRotation;FeudalAdministration;FoodPreservation;FoodStorage;HerbalKnowledge;IrrigationEngineering;KnowledgeSharing;Masonry;Mathematics;Measurement;Mining;NaturalPhilosophy;NeolithicSettlement;OrganizedDefense;OrganizedWatch;Quarry;Smithing_Bronze;Smithing_Copper;Smithing_Iron;StoneTools;TextileCraft;VillageCrafts;VillageOrganization;Woodworking;WrittenRecords",""
480,Medieval,23.985,168,1.6,0,806.48,208,598.48,0.258,196,1325,"MechanicalEngineering","Biomass=28363.7;Bronze=10761.29;Ceramic=29667.33;Clay=30296.28;Cloth=34873.27;Coal=51861.71;Copper=14449.05;CopperOre=25396.04;Iron=13513.65;IronOre=17397.9;Steel=94.69;StoneBrick=32805.16;StoneChunk=54403.05;Tin=14649.05;TinOre=17753.9;WoodLog=179840.33","CeramicKiln=2;CharcoalKiln=2;ClayPit=2;CoalMine=2;Farm=0;FiberGatheringCamp=2;Granary=2;IrrigationWorks=2;KnowledgeCircle=0;Lumberyard=2;MetalMine=2;MetalSmelter=2;Quarry=2;ScribeHut=2;Smokehouse=0;SteelForge=1;StoneCuttingWorkshop=2;StoneHouse=12;WeavingWorkshop=2;WoodHouse=0","Agriculture;AnimalFodder;AnimalHusbandry;Calendar;CeramicFiring;CharcoalMaking;ClayExtraction;ControlledFire;CouncilGovernance;CropRotation;FeudalAdministration;FoodPreservation;FoodStorage;HerbalKnowledge;IrrigationEngineering;KnowledgeSharing;Masonry;Mathematics;Measurement;Mining;NaturalPhilosophy;NeolithicSettlement;OrganizedDefense;OrganizedWatch;Quarry;Smithing_Bronze;Smithing_Copper;Smithing_Iron;Steelmaking;StoneTools;TextileCraft;VillageCrafts;VillageOrganization;Woodworking;WrittenRecords",""
490,Medieval,23.985,168,1.6,0,806.48,256,550.48,0.317,206,1325,"MechanicalEngineering","Biomass=28713.88;Bronze=11044.92;Ceramic=30271.16;Clay=30811.14;Cloth=35559.43;Coal=52179.28;Copper=15041.9;CopperOre=25604.59;Iron=13584.26;IronOre=17470.1;Steel=328.61;StoneBrick=32885.3;StoneChunk=55213.2;Tin=15241.9;TinOre=17826.1;WoodLog=182302.08","CeramicKiln=2;CharcoalKiln=2;ClayPit=2;CoalMine=2;Farm=0;FiberGatheringCamp=2;Granary=2;IrrigationWorks=2;KnowledgeCircle=0;Lumberyard=2;MetalMine=2;MetalSmelter=2;Quarry=2;ScribeHut=2;Smokehouse=0;SteelForge=2;StoneCuttingWorkshop=2;StoneHouse=12;WeavingWorkshop=2;WoodHouse=0","Agriculture;AnimalFodder;AnimalHusbandry;Calendar;CeramicFiring;CharcoalMaking;ClayExtraction;ControlledFire;CouncilGovernance;CropRotation;FeudalAdministration;FoodPreservation;FoodStorage;HerbalKnowledge;IrrigationEngineering;KnowledgeSharing;Masonry;Mathematics;Measurement;Mining;NaturalPhilosophy;NeolithicSettlement;OrganizedDefense;OrganizedWatch;Quarry;Smithing_Bronze;Smithing_Copper;Smithing_Iron;Steelmaking;StoneTools;TextileCraft;VillageCrafts;VillageOrganization;Woodworking;WrittenRecords",""
500,Medieval,23.985,168,1.6,0,806.48,256,550.48,0.317,206,1325,"MechanicalEngineering","Biomass=29064.06;Bronze=11489.55;Ceramic=30874.98;Clay=31326;Cloth=36245.59;Coal=52545.87;Copper=15634.74;CopperOre=25813.15;Iron=13703.89;IronOre=17542.3;Steel=959.88;StoneBrick=33596.71;StoneChunk=56023.34;Tin=15834.74;TinOre=17898.3;WoodLog=185017.34","CeramicKiln=2;CharcoalKiln=2;ClayPit=2;CoalMine=2;Farm=0;FiberGatheringCamp=2;Granary=2;IrrigationWorks=2;KnowledgeCircle=0;Lumberyard=2;MetalMine=2;MetalSmelter=2;Quarry=2;ScribeHut=2;Smokehouse=0;SteelForge=2;StoneCuttingWorkshop=2;StoneHouse=12;WeavingWorkshop=2;WoodHouse=0","Agriculture;AnimalFodder;AnimalHusbandry;Calendar;CeramicFiring;CharcoalMaking;ClayExtraction;ControlledFire;CouncilGovernance;CropRotation;FeudalAdministration;FoodPreservation;FoodStorage;HerbalKnowledge;IrrigationEngineering;KnowledgeSharing;Masonry;Mathematics;Measurement;Mining;NaturalPhilosophy;NeolithicSettlement;OrganizedDefense;OrganizedWatch;Quarry;Smithing_Bronze;Smithing_Copper;Smithing_Iron;Steelmaking;StoneTools;TextileCraft;VillageCrafts;VillageOrganization;Woodworking;WrittenRecords",""
510,Medieval,23.985,168,1.6,0,806.48,256,550.48,0.317,206,1325,"Industrialization","Biomass=29425.25;Bronze=11948.17;Ceramic=31497.79;Clay=31857.05;Cloth=36953.33;Coal=52923.99;Copper=16246.23;CopperOre=26028.26;Iron=13827.28;IronOre=17616.77;Steel=611;StoneBrick=34330.5;StoneChunk=56858.96;Tin=16446.23;TinOre=17972.77;WoodLog=187799.13","CeramicKiln=2;CharcoalKiln=2;ClayPit=2;CoalMine=2;Farm=0;FiberGatheringCamp=2;Granary=2;IrrigationWorks=2;KnowledgeCircle=0;Lumberyard=2;MetalMine=2;MetalSmelter=2;Quarry=2;ScribeHut=2;Smokehouse=0;SteelForge=2;StoneCuttingWorkshop=2;StoneHouse=12;WeavingWorkshop=2;WoodHouse=0","Agriculture;AnimalFodder;AnimalHusbandry;Calendar;CeramicFiring;CharcoalMaking;ClayExtraction;ControlledFire;CouncilGovernance;CropRotation;FeudalAdministration;FoodPreservation;FoodStorage;HerbalKnowledge;IrrigationEngineering;KnowledgeSharing;Masonry;Mathematics;Measurement;MechanicalEngineering;Mining;NaturalPhilosophy;NeolithicSettlement;OrganizedDefense;OrganizedWatch;Quarry;Smithing_Bronze;Smithing_Copper;Smithing_Iron;Steelmaking;StoneTools;TextileCraft;VillageCrafts;VillageOrganization;Woodworking;WrittenRecords",""
520,Medieval,23.985,168,1.6,0,806.48,256,550.48,0.317,206,1325,"Industrialization","Biomass=29841.5;Bronze=12476.69;Ceramic=32215.54;Clay=32469.05;Cloth=37768.95;Coal=53359.75;Copper=16950.93;CopperOre=26276.16;Iron=13969.48;IronOre=17702.59;Steel=1361.37;StoneBrick=35176.14;StoneChunk=57821.96;Tin=17150.93;TinOre=18058.59;WoodLog=190913.51","CeramicKiln=2;CharcoalKiln=2;ClayPit=2;CoalMine=2;Farm=0;FiberGatheringCamp=2;Granary=2;IrrigationWorks=2;KnowledgeCircle=0;Lumberyard=2;MetalMine=2;MetalSmelter=2;Quarry=2;ScribeHut=2;Smokehouse=0;SteelForge=2;StoneCuttingWorkshop=2;StoneHouse=12;WeavingWorkshop=2;WoodHouse=0","Agriculture;AnimalFodder;AnimalHusbandry;Calendar;CeramicFiring;CharcoalMaking;ClayExtraction;ControlledFire;CouncilGovernance;CropRotation;FeudalAdministration;FoodPreservation;FoodStorage;HerbalKnowledge;IrrigationEngineering;KnowledgeSharing;Masonry;Mathematics;Measurement;MechanicalEngineering;Mining;NaturalPhilosophy;NeolithicSettlement;OrganizedDefense;OrganizedWatch;Quarry;Smithing_Bronze;Smithing_Copper;Smithing_Iron;Steelmaking;StoneTools;TextileCraft;VillageCrafts;VillageOrganization;Woodworking;WrittenRecords",""
530,Medieval,23.985,168,1.6,0,806.48,256,550.48,0.317,206,1325,"Industrialization","Biomass=30257.75;Bronze=13005.22;Ceramic=32933.29;Clay=33081.05;Cloth=38584.58;Coal=53795.51;Copper=17655.63;CopperOre=26524.07;Iron=14111.68;IronOre=17788.42;Steel=2111.75;StoneBrick=36021.78;StoneChunk=58784.96;Tin=17855.63;TinOre=18144.42;WoodLog=194027.88","CeramicKiln=2;CharcoalKiln=2;ClayPit=2;CoalMine=2;Farm=0;FiberGatheringCamp=2;Granary=2;IrrigationWorks=2;KnowledgeCircle=0;Lumberyard=2;MetalMine=2;MetalSmelter=2;Quarry=2;ScribeHut=2;Smokehouse=0;SteelForge=2;StoneCuttingWorkshop=2;StoneHouse=12;WeavingWorkshop=2;WoodHouse=0","Agriculture;AnimalFodder;AnimalHusbandry;Calendar;CeramicFiring;CharcoalMaking;ClayExtraction;ControlledFire;CouncilGovernance;CropRotation;FeudalAdministration;FoodPreservation;FoodStorage;HerbalKnowledge;IrrigationEngineering;KnowledgeSharing;Masonry;Mathematics;Measurement;MechanicalEngineering;Mining;NaturalPhilosophy;NeolithicSettlement;OrganizedDefense;OrganizedWatch;Quarry;Smithing_Bronze;Smithing_Copper;Smithing_Iron;Steelmaking;StoneTools;TextileCraft;VillageCrafts;VillageOrganization;Woodworking;WrittenRecords",""
540,Medieval,23.985,168,1.6,0,806.48,256,550.48,0.317,206,1325,"Industrialization","Biomass=30674;Bronze=13533.74;Ceramic=33651.04;Clay=33693.05;Cloth=39400.2;Coal=54231.26;Copper=18360.33;CopperOre=26771.97;Iron=14253.88;IronOre=17874.24;Steel=2862.12;StoneBrick=36867.42;StoneChunk=59747.96;Tin=18560.33;TinOre=18230.24;WoodLog=197142.26","CeramicKiln=2;CharcoalKiln=2;ClayPit=2;CoalMine=2;Farm=0;FiberGatheringCamp=2;Granary=2;IrrigationWorks=2;KnowledgeCircle=0;Lumberyard=2;MetalMine=2;MetalSmelter=2;Quarry=2;ScribeHut=2;Smokehouse=0;SteelForge=2;StoneCuttingWorkshop=2;StoneHouse=12;WeavingWorkshop=2;WoodHouse=0","Agriculture;AnimalFodder;AnimalHusbandry;Calendar;CeramicFiring;CharcoalMaking;ClayExtraction;ControlledFire;CouncilGovernance;CropRotation;FeudalAdministration;FoodPreservation;FoodStorage;HerbalKnowledge;IrrigationEngineering;KnowledgeSharing;Masonry;Mathematics;Measurement;MechanicalEngineering;Mining;NaturalPhilosophy;NeolithicSettlement;OrganizedDefense;OrganizedWatch;Quarry;Smithing_Bronze;Smithing_Copper;Smithing_Iron;Steelmaking;StoneTools;TextileCraft;VillageCrafts;VillageOrganization;Woodworking;WrittenRecords",""
550,Medieval,23.985,168,1.6,0,806.48,256,550.48,0.317,206,1325,"Industrialization","Biomass=31090.25;Bronze=14062.27;Ceramic=34368.79;Clay=34305.05;Cloth=40215.83;Coal=54667.02;Copper=19065.03;CopperOre=27019.88;Iron=14396.08;IronOre=17960.07;Steel=3612.5;StoneBrick=37713.06;StoneChunk=60710.96;Tin=19265.03;TinOre=18316.07;WoodLog=200256.63","CeramicKiln=2;CharcoalKiln=2;ClayPit=2;CoalMine=2;Farm=0;FiberGatheringCamp=2;Granary=2;IrrigationWorks=2;KnowledgeCircle=0;Lumberyard=2;MetalMine=2;MetalSmelter=2;Quarry=2;ScribeHut=2;Smokehouse=0;SteelForge=2;StoneCuttingWorkshop=2;StoneHouse=12;WeavingWorkshop=2;WoodHouse=0","Agriculture;AnimalFodder;AnimalHusbandry;Calendar;CeramicFiring;CharcoalMaking;ClayExtraction;ControlledFire;CouncilGovernance;CropRotation;FeudalAdministration;FoodPreservation;FoodStorage;HerbalKnowledge;IrrigationEngineering;KnowledgeSharing;Masonry;Mathematics;Measurement;MechanicalEngineering;Mining;NaturalPhilosophy;NeolithicSettlement;OrganizedDefense;OrganizedWatch;Quarry;Smithing_Bronze;Smithing_Copper;Smithing_Iron;Steelmaking;StoneTools;TextileCraft;VillageCrafts;VillageOrganization;Woodworking;WrittenRecords",""
560,Medieval,23.985,168,1.6,0,806.48,256,550.48,0.317,206,1325,"Industrialization","Biomass=31506.5;Bronze=14590.79;Ceramic=35086.54;Clay=34917.05;Cloth=41031.45;Coal=55102.78;Copper=19769.73;CopperOre=27267.78;Iron=14538.28;IronOre=18045.89;Steel=4362.87;StoneBrick=38558.7;StoneChunk=61673.96;Tin=19969.73;TinOre=18401.89;WoodLog=203371.01","CeramicKiln=2;CharcoalKiln=2;ClayPit=2;CoalMine=2;Farm=0;FiberGatheringCamp=2;Granary=2;IrrigationWorks=2;KnowledgeCircle=0;Lumberyard=2;MetalMine=2;MetalSmelter=2;Quarry=2;ScribeHut=2;Smokehouse=0;SteelForge=2;StoneCuttingWorkshop=2;StoneHouse=12;WeavingWorkshop=2;WoodHouse=0","Agriculture;AnimalFodder;AnimalHusbandry;Calendar;CeramicFiring;CharcoalMaking;ClayExtraction;ControlledFire;CouncilGovernance;CropRotation;FeudalAdministration;FoodPreservation;FoodStorage;HerbalKnowledge;IrrigationEngineering;KnowledgeSharing;Masonry;Mathematics;Measurement;MechanicalEngineering;Mining;NaturalPhilosophy;NeolithicSettlement;OrganizedDefense;OrganizedWatch;Quarry;Smithing_Bronze;Smithing_Copper;Smithing_Iron;Steelmaking;StoneTools;TextileCraft;VillageCrafts;VillageOrganization;Woodworking;WrittenRecords",""
570,Medieval,23.985,168,1.6,0,806.48,256,550.48,0.317,206,1325,"Industrialization","Biomass=31922.75;Bronze=15119.32;Ceramic=35804.29;Clay=35529.05;Cloth=41847.08;Coal=55538.54;Copper=20474.43;CopperOre=27515.69;Iron=14680.48;IronOre=18131.71;Steel=5113.25;StoneBrick=39404.34;StoneChunk=62636.96;Tin=20674.43;TinOre=18487.71;WoodLog=206485.38","CeramicKiln=2;CharcoalKiln=2;ClayPit=2;CoalMine=2;Farm=0;FiberGatheringCamp=2;Granary=2;IrrigationWorks=2;KnowledgeCircle=0;Lumberyard=2;MetalMine=2;MetalSmelter=2;Quarry=2;ScribeHut=2;Smokehouse=0;SteelForge=2;StoneCuttingWorkshop=2;StoneHouse=12;WeavingWorkshop=2;WoodHouse=0","Agriculture;AnimalFodder;AnimalHusbandry;Calendar;CeramicFiring;CharcoalMaking;ClayExtraction;ControlledFire;CouncilGovernance;CropRotation;FeudalAdministration;FoodPreservation;FoodStorage;HerbalKnowledge;IrrigationEngineering;KnowledgeSharing;Masonry;Mathematics;Measurement;MechanicalEngineering;Mining;NaturalPhilosophy;NeolithicSettlement;OrganizedDefense;OrganizedWatch;Quarry;Smithing_Bronze;Smithing_Copper;Smithing_Iron;Steelmaking;StoneTools;TextileCraft;VillageCrafts;VillageOrganization;Woodworking;WrittenRecords",""
580,Medieval,23.985,168,1.6,0,806.48,256,550.48,0.317,206,1325,"Industrialization","Biomass=32339;Bronze=15647.84;Ceramic=36522.04;Clay=36141.05;Cloth=42662.7;Coal=55974.29;Copper=21179.13;CopperOre=27763.59;Iron=14822.68;IronOre=18217.54;Steel=5863.62;StoneBrick=40249.98;StoneChunk=63599.96;Tin=21379.13;TinOre=18573.54;WoodLog=209599.76","CeramicKiln=2;CharcoalKiln=2;ClayPit=2;CoalMine=2;Farm=0;FiberGatheringCamp=2;Granary=2;IrrigationWorks=2;KnowledgeCircle=0;Lumberyard=2;MetalMine=2;MetalSmelter=2;Quarry=2;ScribeHut=2;Smokehouse=0;SteelForge=2;StoneCuttingWorkshop=2;StoneHouse=12;WeavingWorkshop=2;WoodHouse=0","Agriculture;AnimalFodder;AnimalHusbandry;Calendar;CeramicFiring;CharcoalMaking;ClayExtraction;ControlledFire;CouncilGovernance;CropRotation;FeudalAdministration;FoodPreservation;FoodStorage;HerbalKnowledge;IrrigationEngineering;KnowledgeSharing;Masonry;Mathematics;Measurement;MechanicalEngineering;Mining;NaturalPhilosophy;NeolithicSettlement;OrganizedDefense;OrganizedWatch;Quarry;Smithing_Bronze;Smithing_Copper;Smithing_Iron;Steelmaking;StoneTools;TextileCraft;VillageCrafts;VillageOrganization;Woodworking;WrittenRecords",""
590,Medieval,23.985,168,1.6,0,806.48,256,550.48,0.317,206,1325,"Industrialization","Biomass=32755.25;Bronze=16176.37;Ceramic=37239.79;Clay=36753.05;Cloth=43478.33;Coal=56410.05;Copper=21883.83;CopperOre=28011.5;Iron=14964.88;IronOre=18303.36;Steel=6614;StoneBrick=41095.62;StoneChunk=64562.96;Tin=22083.83;TinOre=18659.36;WoodLog=212714.13","CeramicKiln=2;CharcoalKiln=2;ClayPit=2;CoalMine=2;Farm=0;FiberGatheringCamp=2;Granary=2;IrrigationWorks=2;KnowledgeCircle=0;Lumberyard=2;MetalMine=2;MetalSmelter=2;Quarry=2;ScribeHut=2;Smokehouse=0;SteelForge=2;StoneCuttingWorkshop=2;StoneHouse=12;WeavingWorkshop=2;WoodHouse=0","Agriculture;AnimalFodder;AnimalHusbandry;Calendar;CeramicFiring;CharcoalMaking;ClayExtraction;ControlledFire;CouncilGovernance;CropRotation;FeudalAdministration;FoodPreservation;FoodStorage;HerbalKnowledge;IrrigationEngineering;KnowledgeSharing;Masonry;Mathematics;Measurement;MechanicalEngineering;Mining;NaturalPhilosophy;NeolithicSettlement;OrganizedDefense;OrganizedWatch;Quarry;Smithing_Bronze;Smithing_Copper;Smithing_Iron;Steelmaking;StoneTools;TextileCraft;VillageCrafts;VillageOrganization;Woodworking;WrittenRecords",""
600,Medieval,23.985,168,1.6,0,806.48,256,550.48,0.317,206,1325,"Industrialization","Biomass=33171.5;Bronze=16704.89;Ceramic=37957.54;Clay=37365.05;Cloth=44293.95;Coal=56845.81;Copper=22588.53;CopperOre=28259.4;Iron=15107.08;IronOre=18389.19;Steel=7364.37;StoneBrick=41941.26;StoneChunk=65525.96;Tin=22788.53;TinOre=18745.19;WoodLog=215828.51","CeramicKiln=2;CharcoalKiln=2;ClayPit=2;CoalMine=2;Farm=0;FiberGatheringCamp=2;Granary=2;IrrigationWorks=2;KnowledgeCircle=0;Lumberyard=2;MetalMine=2;MetalSmelter=2;Quarry=2;ScribeHut=2;Smokehouse=0;SteelForge=2;StoneCuttingWorkshop=2;StoneHouse=12;WeavingWorkshop=2;WoodHouse=0","Agriculture;AnimalFodder;AnimalHusbandry;Calendar;CeramicFiring;CharcoalMaking;ClayExtraction;ControlledFire;CouncilGovernance;CropRotation;FeudalAdministration;FoodPreservation;FoodStorage;HerbalKnowledge;IrrigationEngineering;KnowledgeSharing;Masonry;Mathematics;Measurement;MechanicalEngineering;Mining;NaturalPhilosophy;NeolithicSettlement;OrganizedDefense;OrganizedWatch;Quarry;Smithing_Bronze;Smithing_Copper;Smithing_Iron;Steelmaking;StoneTools;TextileCraft;VillageCrafts;VillageOrganization;Woodworking;WrittenRecords",""
610,Medieval,23.985,168,1.6,0,806.48,256,550.48,0.317,206,1325,"Industrialization","Biomass=33587.75;Bronze=17233.42;Ceramic=38675.29;Clay=37977.05;Cloth=45109.58;Coal=57281.57;Copper=23293.23;CopperOre=28507.31;Iron=15249.28;IronOre=18475.01;Steel=8114.75;StoneBrick=42786.9;StoneChunk=66488.96;Tin=23493.23;TinOre=18831.01;WoodLog=218942.88","CeramicKiln=2;CharcoalKiln=2;ClayPit=2;CoalMine=2;Farm=0;FiberGatheringCamp=2;Granary=2;IrrigationWorks=2;KnowledgeCircle=0;Lumberyard=2;MetalMine=2;MetalSmelter=2;Quarry=2;ScribeHut=2;Smokehouse=0;SteelForge=2;StoneCuttingWorkshop=2;StoneHouse=12;WeavingWorkshop=2;WoodHouse=0","Agriculture;AnimalFodder;AnimalHusbandry;Calendar;CeramicFiring;CharcoalMaking;ClayExtraction;ControlledFire;CouncilGovernance;CropRotation;FeudalAdministration;FoodPreservation;FoodStorage;HerbalKnowledge;IrrigationEngineering;KnowledgeSharing;Masonry;Mathematics;Measurement;MechanicalEngineering;Mining;NaturalPhilosophy;NeolithicSettlement;OrganizedDefense;OrganizedWatch;Quarry;Smithing_Bronze;Smithing_Copper;Smithing_Iron;Steelmaking;StoneTools;TextileCraft;VillageCrafts;VillageOrganization;Woodworking;WrittenRecords",""
620,Medieval,23.985,168,1.6,0,806.48,256,550.48,0.317,206,1325,"Industrialization","Biomass=34004;Bronze=17761.94;Ceramic=39393.04;Clay=38589.05;Cloth=45925.2;Coal=57717.32;Copper=23997.93;CopperOre=28755.21;Iron=15391.48;IronOre=18560.83;Steel=8865.12;StoneBrick=43632.54;StoneChunk=67451.96;Tin=24197.93;TinOre=18916.83;WoodLog=222057.26","CeramicKiln=2;CharcoalKiln=2;ClayPit=2;CoalMine=2;Farm=0;FiberGatheringCamp=2;Granary=2;IrrigationWorks=2;KnowledgeCircle=0;Lumberyard=2;MetalMine=2;MetalSmelter=2;Quarry=2;ScribeHut=2;Smokehouse=0;SteelForge=2;StoneCuttingWorkshop=2;StoneHouse=12;WeavingWorkshop=2;WoodHouse=0","Agriculture;AnimalFodder;AnimalHusbandry;Calendar;CeramicFiring;CharcoalMaking;ClayExtraction;ControlledFire;CouncilGovernance;CropRotation;FeudalAdministration;FoodPreservation;FoodStorage;HerbalKnowledge;IrrigationEngineering;KnowledgeSharing;Masonry;Mathematics;Measurement;MechanicalEngineering;Mining;NaturalPhilosophy;NeolithicSettlement;OrganizedDefense;OrganizedWatch;Quarry;Smithing_Bronze;Smithing_Copper;Smithing_Iron;Steelmaking;StoneTools;TextileCraft;VillageCrafts;VillageOrganization;Woodworking;WrittenRecords",""
630,Medieval,23.985,168,1.6,0,806.48,256,550.48,0.317,206,1325,"Industrialization","Biomass=34420.25;Bronze=18290.47;Ceramic=40110.79;Clay=39201.05;Cloth=46740.83;Coal=58153.08;Copper=24702.63;CopperOre=29003.12;Iron=15533.68;IronOre=18646.66;Steel=9615.5;StoneBrick=44478.18;StoneChunk=68414.96;Tin=24902.63;TinOre=19002.66;WoodLog=225171.63","CeramicKiln=2;CharcoalKiln=2;ClayPit=2;CoalMine=2;Farm=0;FiberGatheringCamp=2;Granary=2;IrrigationWorks=2;KnowledgeCircle=0;Lumberyard=2;MetalMine=2;MetalSmelter=2;Quarry=2;ScribeHut=2;Smokehouse=0;SteelForge=2;StoneCuttingWorkshop=2;StoneHouse=12;WeavingWorkshop=2;WoodHouse=0","Agriculture;AnimalFodder;AnimalHusbandry;Calendar;CeramicFiring;CharcoalMaking;ClayExtraction;ControlledFire;CouncilGovernance;CropRotation;FeudalAdministration;FoodPreservation;FoodStorage;HerbalKnowledge;IrrigationEngineering;KnowledgeSharing;Masonry;Mathematics;Measurement;MechanicalEngineering;Mining;NaturalPhilosophy;NeolithicSettlement;OrganizedDefense;OrganizedWatch;Quarry;Smithing_Bronze;Smithing_Copper;Smithing_Iron;Steelmaking;StoneTools;TextileCraft;VillageCrafts;VillageOrganization;Woodworking;WrittenRecords",""
640,Medieval,23.985,168,1.6,0,806.48,256,550.48,0.317,206,1325,"Industrialization","Biomass=34836.5;Bronze=18818.99;Ceramic=40828.54;Clay=39813.05;Cloth=47556.45;Coal=58588.84;Copper=25407.33;CopperOre=29251.02;Iron=15675.88;IronOre=18732.48;Steel=10365.87;StoneBrick=45323.82;StoneChunk=69377.96;Tin=25607.33;TinOre=19088.48;WoodLog=228286.01","CeramicKiln=2;CharcoalKiln=2;ClayPit=2;CoalMine=2;Farm=0;FiberGatheringCamp=2;Granary=2;IrrigationWorks=2;KnowledgeCircle=0;Lumberyard=2;MetalMine=2;MetalSmelter=2;Quarry=2;ScribeHut=2;Smokehouse=0;SteelForge=2;StoneCuttingWorkshop=2;StoneHouse=12;WeavingWorkshop=2;WoodHouse=0","Agriculture;AnimalFodder;AnimalHusbandry;Calendar;CeramicFiring;CharcoalMaking;ClayExtraction;ControlledFire;CouncilGovernance;CropRotation;FeudalAdministration;FoodPreservation;FoodStorage;HerbalKnowledge;IrrigationEngineering;KnowledgeSharing;Masonry;Mathematics;Measurement;MechanicalEngineering;Mining;NaturalPhilosophy;NeolithicSettlement;OrganizedDefense;OrganizedWatch;Quarry;Smithing_Bronze;Smithing_Copper;Smithing_Iron;Steelmaking;StoneTools;TextileCraft;VillageCrafts;VillageOrganization;Woodworking;WrittenRecords",""
650,Medieval,23.985,168,1.6,0,806.48,256,550.48,0.317,206,1325,"Industrialization","Biomass=35252.75;Bronze=19347.52;Ceramic=41546.29;Clay=40425.05;Cloth=48372.08;Coal=59024.6;Copper=26112.03;CopperOre=29498.93;Iron=15818.08;IronOre=18818.31;Steel=11116.25;StoneBrick=46169.46;StoneChunk=70340.96;Tin=26312.03;TinOre=19174.31;WoodLog=231400.38","CeramicKiln=2;CharcoalKiln=2;ClayPit=2;CoalMine=2;Farm=0;FiberGatheringCamp=2;Granary=2;IrrigationWorks=2;KnowledgeCircle=0;Lumberyard=2;MetalMine=2;MetalSmelter=2;Quarry=2;ScribeHut=2;Smokehouse=0;SteelForge=2;StoneCuttingWorkshop=2;StoneHouse=12;WeavingWorkshop=2;WoodHouse=0","Agriculture;AnimalFodder;AnimalHusbandry;Calendar;CeramicFiring;CharcoalMaking;ClayExtraction;ControlledFire;CouncilGovernance;CropRotation;FeudalAdministration;FoodPreservation;FoodStorage;HerbalKnowledge;IrrigationEngineering;KnowledgeSharing;Masonry;Mathematics;Measurement;MechanicalEngineering;Mining;NaturalPhilosophy;NeolithicSettlement;OrganizedDefense;OrganizedWatch;Quarry;Smithing_Bronze;Smithing_Copper;Smithing_Iron;Steelmaking;StoneTools;TextileCraft;VillageCrafts;VillageOrganization;Woodworking;WrittenRecords",""
660,Medieval,23.985,168,1.6,0,806.48,256,550.48,0.317,206,1325,"Industrialization","Biomass=35669;Bronze=19876.04;Ceramic=42264.04;Clay=41037.05;Cloth=49187.7;Coal=59460.35;Copper=26816.73;CopperOre=29746.83;Iron=15960.28;IronOre=18904.13;Steel=11866.62;StoneBrick=47015.1;StoneChunk=71303.96;Tin=27016.73;TinOre=19260.13;WoodLog=234514.76","CeramicKiln=2;CharcoalKiln=2;ClayPit=2;CoalMine=2;Farm=0;FiberGatheringCamp=2;Granary=2;IrrigationWorks=2;KnowledgeCircle=0;Lumberyard=2;MetalMine=2;MetalSmelter=2;Quarry=2;ScribeHut=2;Smokehouse=0;SteelForge=2;StoneCuttingWorkshop=2;StoneHouse=12;WeavingWorkshop=2;WoodHouse=0","Agriculture;AnimalFodder;AnimalHusbandry;Calendar;CeramicFiring;CharcoalMaking;ClayExtraction;ControlledFire;CouncilGovernance;CropRotation;FeudalAdministration;FoodPreservation;FoodStorage;HerbalKnowledge;IrrigationEngineering;KnowledgeSharing;Masonry;Mathematics;Measurement;MechanicalEngineering;Mining;NaturalPhilosophy;NeolithicSettlement;OrganizedDefense;OrganizedWatch;Quarry;Smithing_Bronze;Smithing_Copper;Smithing_Iron;Steelmaking;StoneTools;TextileCraft;VillageCrafts;VillageOrganization;Woodworking;WrittenRecords",""
670,Medieval,23.985,168,1.6,0,806.48,256,550.48,0.317,206,1325,"Industrialization","Biomass=36085.25;Bronze=20404.57;Ceramic=42981.79;Clay=41649.05;Cloth=50003.33;Coal=59896.11;Copper=27521.43;CopperOre=29994.74;Iron=16102.48;IronOre=18989.95;Steel=12617;StoneBrick=47860.74;StoneChunk=72266.96;Tin=27721.43;TinOre=19345.95;WoodLog=237629.13","CeramicKiln=2;CharcoalKiln=2;ClayPit=2;CoalMine=2;Farm=0;FiberGatheringCamp=2;Granary=2;IrrigationWorks=2;KnowledgeCircle=0;Lumberyard=2;MetalMine=2;MetalSmelter=2;Quarry=2;ScribeHut=2;Smokehouse=0;SteelForge=2;StoneCuttingWorkshop=2;StoneHouse=12;WeavingWorkshop=2;WoodHouse=0","Agriculture;AnimalFodder;AnimalHusbandry;Calendar;CeramicFiring;CharcoalMaking;ClayExtraction;ControlledFire;CouncilGovernance;CropRotation;FeudalAdministration;FoodPreservation;FoodStorage;HerbalKnowledge;IrrigationEngineering;KnowledgeSharing;Masonry;Mathematics;Measurement;MechanicalEngineering;Mining;NaturalPhilosophy;NeolithicSettlement;OrganizedDefense;OrganizedWatch;Quarry;Smithing_Bronze;Smithing_Copper;Smithing_Iron;Steelmaking;StoneTools;TextileCraft;VillageCrafts;VillageOrganization;Woodworking;WrittenRecords",""
680,Medieval,23.985,168,1.6,0,806.48,256,550.48,0.317,206,1325,"Industrialization","Biomass=36501.5;Bronze=20933.09;Ceramic=43699.54;Clay=42261.05;Cloth=50818.95;Coal=60331.87;Copper=28226.13;CopperOre=30242.64;Iron=16244.68;IronOre=19075.78;Steel=13367.37;StoneBrick=48706.38;StoneChunk=73229.96;Tin=28426.13;TinOre=19431.78;WoodLog=240743.51","CeramicKiln=2;CharcoalKiln=2;ClayPit=2;CoalMine=2;Farm=0;FiberGatheringCamp=2;Granary=2;IrrigationWorks=2;KnowledgeCircle=0;Lumberyard=2;MetalMine=2;MetalSmelter=2;Quarry=2;ScribeHut=2;Smokehouse=0;SteelForge=2;StoneCuttingWorkshop=2;StoneHouse=12;WeavingWorkshop=2;WoodHouse=0","Agriculture;AnimalFodder;AnimalHusbandry;Calendar;CeramicFiring;CharcoalMaking;ClayExtraction;ControlledFire;CouncilGovernance;CropRotation;FeudalAdministration;FoodPreservation;FoodStorage;HerbalKnowledge;IrrigationEngineering;KnowledgeSharing;Masonry;Mathematics;Measurement;MechanicalEngineering;Mining;NaturalPhilosophy;NeolithicSettlement;OrganizedDefense;OrganizedWatch;Quarry;Smithing_Bronze;Smithing_Copper;Smithing_Iron;Steelmaking;StoneTools;TextileCraft;VillageCrafts;VillageOrganization;Woodworking;WrittenRecords",""
690,Medieval,23.985,168,1.6,0,806.48,256,550.48,0.317,206,1325,"Industrialization","Biomass=36917.75;Bronze=21461.62;Ceramic=44417.29;Clay=42873.05;Cloth=51634.58;Coal=60767.63;Copper=28930.83;CopperOre=30490.55;Iron=16386.88;IronOre=19161.6;Steel=14117.75;StoneBrick=49552.02;StoneChunk=74192.96;Tin=29130.83;TinOre=19517.6;WoodLog=243857.88","CeramicKiln=2;CharcoalKiln=2;ClayPit=2;CoalMine=2;Farm=0;FiberGatheringCamp=2;Granary=2;IrrigationWorks=2;KnowledgeCircle=0;Lumberyard=2;MetalMine=2;MetalSmelter=2;Quarry=2;ScribeHut=2;Smokehouse=0;SteelForge=2;StoneCuttingWorkshop=2;StoneHouse=12;WeavingWorkshop=2;WoodHouse=0","Agriculture;AnimalFodder;AnimalHusbandry;Calendar;CeramicFiring;CharcoalMaking;ClayExtraction;ControlledFire;CouncilGovernance;CropRotation;FeudalAdministration;FoodPreservation;FoodStorage;HerbalKnowledge;IrrigationEngineering;KnowledgeSharing;Masonry;Mathematics;Measurement;MechanicalEngineering;Mining;NaturalPhilosophy;NeolithicSettlement;OrganizedDefense;OrganizedWatch;Quarry;Smithing_Bronze;Smithing_Copper;Smithing_Iron;Steelmaking;StoneTools;TextileCraft;VillageCrafts;VillageOrganization;Woodworking;WrittenRecords",""
700,Medieval,23.985,168,1.6,0,806.48,256,550.48,0.317,206,1325,"Industrialization","Biomass=37334;Bronze=21990.14;Ceramic=45135.04;Clay=43485.05;Cloth=52450.2;Coal=61203.38;Copper=29635.53;CopperOre=30738.45;Iron=16529.08;IronOre=19247.43;Steel=14868.12;StoneBrick=50397.66;StoneChunk=75155.96;Tin=29835.53;TinOre=19603.43;WoodLog=246972.26","CeramicKiln=2;CharcoalKiln=2;ClayPit=2;CoalMine=2;Farm=0;FiberGatheringCamp=2;Granary=2;IrrigationWorks=2;KnowledgeCircle=0;Lumberyard=2;MetalMine=2;MetalSmelter=2;Quarry=2;ScribeHut=2;Smokehouse=0;SteelForge=2;StoneCuttingWorkshop=2;StoneHouse=12;WeavingWorkshop=2;WoodHouse=0","Agriculture;AnimalFodder;AnimalHusbandry;Calendar;CeramicFiring;CharcoalMaking;ClayExtraction;ControlledFire;CouncilGovernance;CropRotation;FeudalAdministration;FoodPreservation;FoodStorage;HerbalKnowledge;IrrigationEngineering;KnowledgeSharing;Masonry;Mathematics;Measurement;MechanicalEngineering;Mining;NaturalPhilosophy;NeolithicSettlement;OrganizedDefense;OrganizedWatch;Quarry;Smithing_Bronze;Smithing_Copper;Smithing_Iron;Steelmaking;StoneTools;TextileCraft;VillageCrafts;VillageOrganization;Woodworking;WrittenRecords",""
710,Medieval,23.985,168,1.6,0,806.48,256,550.48,0.317,206,1325,"Industrialization","Biomass=37750.25;Bronze=22518.67;Ceramic=45852.79;Clay=44097.05;Cloth=53265.83;Coal=61639.14;Copper=30340.23;CopperOre=30986.36;Iron=16671.28;IronOre=19333.25;Steel=15618.5;StoneBrick=51243.3;StoneChunk=76118.96;Tin=30540.23;TinOre=19689.25;WoodLog=250086.63","CeramicKiln=2;CharcoalKiln=2;ClayPit=2;CoalMine=2;Farm=0;FiberGatheringCamp=2;Granary=2;IrrigationWorks=2;KnowledgeCircle=0;Lumberyard=2;MetalMine=2;MetalSmelter=2;Quarry=2;ScribeHut=2;Smokehouse=0;SteelForge=2;StoneCuttingWorkshop=2;StoneHouse=12;WeavingWorkshop=2;WoodHouse=0","Agriculture;AnimalFodder;AnimalHusbandry;Calendar;CeramicFiring;CharcoalMaking;ClayExtraction;ControlledFire;CouncilGovernance;CropRotation;FeudalAdministration;FoodPreservation;FoodStorage;HerbalKnowledge;IrrigationEngineering;KnowledgeSharing;Masonry;Mathematics;Measurement;MechanicalEngineering;Mining;NaturalPhilosophy;NeolithicSettlement;OrganizedDefense;OrganizedWatch;Quarry;Smithing_Bronze;Smithing_Copper;Smithing_Iron;Steelmaking;StoneTools;TextileCraft;VillageCrafts;VillageOrganization;Woodworking;WrittenRecords",""
720,Medieval,23.985,168,1.6,0,806.48,256,550.48,0.317,206,1325,"Industrialization","Biomass=38166.5;Bronze=23047.19;Ceramic=46570.54;Clay=44709.05;Cloth=54081.45;Coal=62074.9;Copper=31044.93;CopperOre=31234.26;Iron=16813.48;IronOre=19419.07;Steel=16368.87;StoneBrick=52088.94;StoneChunk=77081.96;Tin=31244.93;TinOre=19775.07;WoodLog=253201.01","CeramicKiln=2;CharcoalKiln=2;ClayPit=2;CoalMine=2;Farm=0;FiberGatheringCamp=2;Granary=2;IrrigationWorks=2;KnowledgeCircle=0;Lumberyard=2;MetalMine=2;MetalSmelter=2;Quarry=2;ScribeHut=2;Smokehouse=0;SteelForge=2;StoneCuttingWorkshop=2;StoneHouse=12;WeavingWorkshop=2;WoodHouse=0","Agriculture;AnimalFodder;AnimalHusbandry;Calendar;CeramicFiring;CharcoalMaking;ClayExtraction;ControlledFire;CouncilGovernance;CropRotation;FeudalAdministration;FoodPreservation;FoodStorage;HerbalKnowledge;IrrigationEngineering;KnowledgeSharing;Masonry;Mathematics;Measurement;MechanicalEngineering;Mining;NaturalPhilosophy;NeolithicSettlement;OrganizedDefense;OrganizedWatch;Quarry;Smithing_Bronze;Smithing_Copper;Smithing_Iron;Steelmaking;StoneTools;TextileCraft;VillageCrafts;VillageOrganization;Woodworking;WrittenRecords",""
730,Medieval,23.985,168,1.6,0,806.48,256,550.48,0.317,206,1325,"Industrialization","Biomass=38582.75;Bronze=23575.72;Ceramic=47288.29;Clay=45321.05;Cloth=54897.08;Coal=62510.66;Copper=31749.63;CopperOre=31482.17;Iron=16955.68;IronOre=19504.9;Steel=17119.25;StoneBrick=52934.58;StoneChunk=78044.96;Tin=31949.63;TinOre=19860.9;WoodLog=256315.38","CeramicKiln=2;CharcoalKiln=2;ClayPit=2;CoalMine=2;Farm=0;FiberGatheringCamp=2;Granary=2;IrrigationWorks=2;KnowledgeCircle=0;Lumberyard=2;MetalMine=2;MetalSmelter=2;Quarry=2;ScribeHut=2;Smokehouse=0;SteelForge=2;StoneCuttingWorkshop=2;StoneHouse=12;WeavingWorkshop=2;WoodHouse=0","Agriculture;AnimalFodder;AnimalHusbandry;Calendar;CeramicFiring;CharcoalMaking;ClayExtraction;ControlledFire;CouncilGovernance;CropRotation;FeudalAdministration;FoodPreservation;FoodStorage;HerbalKnowledge;IrrigationEngineering;KnowledgeSharing;Masonry;Mathematics;Measurement;MechanicalEngineering;Mining;NaturalPhilosophy;NeolithicSettlement;OrganizedDefense;OrganizedWatch;Quarry;Smithing_Bronze;Smithing_Copper;Smithing_Iron;Steelmaking;StoneTools;TextileCraft;VillageCrafts;VillageOrganization;Woodworking;WrittenRecords",""
740,Medieval,23.985,168,1.6,0,806.48,256,550.48,0.317,206,1325,"Industrialization","Biomass=38999;Bronze=24104.24;Ceramic=48006.04;Clay=45933.05;Cloth=55712.7;Coal=62946.41;Copper=32454.33;CopperOre=31730.07;Iron=17097.88;IronOre=19590.72;Steel=17869.62;StoneBrick=53780.22;StoneChunk=79007.96;Tin=32654.33;TinOre=19946.72;WoodLog=259429.76","CeramicKiln=2;CharcoalKiln=2;ClayPit=2;CoalMine=2;Farm=0;FiberGatheringCamp=2;Granary=2;IrrigationWorks=2;KnowledgeCircle=0;Lumberyard=2;MetalMine=2;MetalSmelter=2;Quarry=2;ScribeHut=2;Smokehouse=0;SteelForge=2;StoneCuttingWorkshop=2;StoneHouse=12;WeavingWorkshop=2;WoodHouse=0","Agriculture;AnimalFodder;AnimalHusbandry;Calendar;CeramicFiring;CharcoalMaking;ClayExtraction;ControlledFire;CouncilGovernance;CropRotation;FeudalAdministration;FoodPreservation;FoodStorage;HerbalKnowledge;IrrigationEngineering;KnowledgeSharing;Masonry;Mathematics;Measurement;MechanicalEngineering;Mining;NaturalPhilosophy;NeolithicSettlement;OrganizedDefense;OrganizedWatch;Quarry;Smithing_Bronze;Smithing_Copper;Smithing_Iron;Steelmaking;StoneTools;TextileCraft;VillageCrafts;VillageOrganization;Woodworking;WrittenRecords",""
750,Medieval,23.985,168,1.6,0,806.48,256,550.48,0.317,206,1325,"Industrialization","Biomass=39415.25;Bronze=24632.77;Ceramic=48723.79;Clay=46545.05;Cloth=56528.33;Coal=63382.17;Copper=33159.03;CopperOre=31977.98;Iron=17240.08;IronOre=19676.55;Steel=18620;StoneBrick=54625.86;StoneChunk=79970.96;Tin=33359.03;TinOre=20032.55;WoodLog=262544.13","CeramicKiln=2;CharcoalKiln=2;ClayPit=2;CoalMine=2;Farm=0;FiberGatheringCamp=2;Granary=2;IrrigationWorks=2;KnowledgeCircle=0;Lumberyard=2;MetalMine=2;MetalSmelter=2;Quarry=2;ScribeHut=2;Smokehouse=0;SteelForge=2;StoneCuttingWorkshop=2;StoneHouse=12;WeavingWorkshop=2;WoodHouse=0","Agriculture;AnimalFodder;AnimalHusbandry;Calendar;CeramicFiring;CharcoalMaking;ClayExtraction;ControlledFire;CouncilGovernance;CropRotation;FeudalAdministration;FoodPreservation;FoodStorage;HerbalKnowledge;IrrigationEngineering;KnowledgeSharing;Masonry;Mathematics;Measurement;MechanicalEngineering;Mining;NaturalPhilosophy;NeolithicSettlement;OrganizedDefense;OrganizedWatch;Quarry;Smithing_Bronze;Smithing_Copper;Smithing_Iron;Steelmaking;StoneTools;TextileCraft;VillageCrafts;VillageOrganization;Woodworking;WrittenRecords",""
760,Medieval,23.985,168,1.6,0,806.48,256,550.48,0.317,206,1325,"Industrialization","Biomass=39831.5;Bronze=25161.29;Ceramic=49441.54;Clay=47157.05;Cloth=57343.95;Coal=63817.93;Copper=33863.73;CopperOre=32225.88;Iron=17382.28;IronOre=19762.37;Steel=19370.37;StoneBrick=55471.5;StoneChunk=80933.96;Tin=34063.73;TinOre=20118.37;WoodLog=265658.51","CeramicKiln=2;CharcoalKiln=2;ClayPit=2;CoalMine=2;Farm=0;FiberGatheringCamp=2;Granary=2;IrrigationWorks=2;KnowledgeCircle=0;Lumberyard=2;MetalMine=2;MetalSmelter=2;Quarry=2;ScribeHut=2;Smokehouse=0;SteelForge=2;StoneCuttingWorkshop=2;StoneHouse=12;WeavingWorkshop=2;WoodHouse=0","Agriculture;AnimalFodder;AnimalHusbandry;Calendar;CeramicFiring;CharcoalMaking;ClayExtraction;ControlledFire;CouncilGovernance;CropRotation;FeudalAdministration;FoodPreservation;FoodStorage;HerbalKnowledge;IrrigationEngineering;KnowledgeSharing;Masonry;Mathematics;Measurement;MechanicalEngineering;Mining;NaturalPhilosophy;NeolithicSettlement;OrganizedDefense;OrganizedWatch;Quarry;Smithing_Bronze;Smithing_Copper;Smithing_Iron;Steelmaking;StoneTools;TextileCraft;VillageCrafts;VillageOrganization;Woodworking;WrittenRecords",""
770,Medieval,23.985,168,1.6,0,806.48,256,550.48,0.317,206,1325,"Industrialization","Biomass=40247.75;Bronze=25689.82;Ceramic=50159.29;Clay=47769.05;Cloth=58159.58;Coal=64253.69;Copper=34568.43;CopperOre=32473.79;Iron=17524.48;IronOre=19848.19;Steel=20120.75;StoneBrick=56317.14;StoneChunk=81896.96;Tin=34768.43;TinOre=20204.19;WoodLog=268772.88","CeramicKiln=2;CharcoalKiln=2;ClayPit=2;CoalMine=2;Farm=0;FiberGatheringCamp=2;Granary=2;IrrigationWorks=2;KnowledgeCircle=0;Lumberyard=2;MetalMine=2;MetalSmelter=2;Quarry=2;ScribeHut=2;Smokehouse=0;SteelForge=2;StoneCuttingWorkshop=2;StoneHouse=12;WeavingWorkshop=2;WoodHouse=0","Agriculture;AnimalFodder;AnimalHusbandry;Calendar;CeramicFiring;CharcoalMaking;ClayExtraction;ControlledFire;CouncilGovernance;CropRotation;FeudalAdministration;FoodPreservation;FoodStorage;HerbalKnowledge;IrrigationEngineering;KnowledgeSharing;Masonry;Mathematics;Measurement;MechanicalEngineering;Mining;NaturalPhilosophy;NeolithicSettlement;OrganizedDefense;OrganizedWatch;Quarry;Smithing_Bronze;Smithing_Copper;Smithing_Iron;Steelmaking;StoneTools;TextileCraft;VillageCrafts;VillageOrganization;Woodworking;WrittenRecords",""
780,Medieval,23.985,168,1.6,0,806.48,256,550.48,0.317,206,1325,"Industrialization","Biomass=40664;Bronze=26218.34;Ceramic=50877.04;Clay=48381.05;Cloth=58975.2;Coal=64689.44;Copper=35273.13;CopperOre=32721.69;Iron=17666.68;IronOre=19934.02;Steel=20871.12;StoneBrick=57162.78;StoneChunk=82859.96;Tin=35473.13;TinOre=20290.02;WoodLog=271887.26","CeramicKiln=2;CharcoalKiln=2;ClayPit=2;CoalMine=2;Farm=0;FiberGatheringCamp=2;Granary=2;IrrigationWorks=2;KnowledgeCircle=0;Lumberyard=2;MetalMine=2;MetalSmelter=2;Quarry=2;ScribeHut=2;Smokehouse=0;SteelForge=2;StoneCuttingWorkshop=2;StoneHouse=12;WeavingWorkshop=2;WoodHouse=0","Agriculture;AnimalFodder;AnimalHusbandry;Calendar;CeramicFiring;CharcoalMaking;ClayExtraction;ControlledFire;CouncilGovernance;CropRotation;FeudalAdministration;FoodPreservation;FoodStorage;HerbalKnowledge;IrrigationEngineering;KnowledgeSharing;Masonry;Mathematics;Measurement;MechanicalEngineering;Mining;NaturalPhilosophy;NeolithicSettlement;OrganizedDefense;OrganizedWatch;Quarry;Smithing_Bronze;Smithing_Copper;Smithing_Iron;Steelmaking;StoneTools;TextileCraft;VillageCrafts;VillageOrganization;Woodworking;WrittenRecords",""
790,Medieval,23.985,168,1.6,0,806.48,256,550.48,0.317,206,1325,"Industrialization","Biomass=41080.25;Bronze=26746.87;Ceramic=51594.79;Clay=48993.05;Cloth=59790.83;Coal=65125.2;Copper=35977.83;CopperOre=32969.6;Iron=17808.88;IronOre=20019.84;Steel=21621.5;StoneBrick=58008.42;StoneChunk=83822.96;Tin=36177.83;TinOre=20375.84;WoodLog=275001.63","CeramicKiln=2;CharcoalKiln=2;ClayPit=2;CoalMine=2;Farm=0;FiberGatheringCamp=2;Granary=2;IrrigationWorks=2;KnowledgeCircle=0;Lumberyard=2;MetalMine=2;MetalSmelter=2;Quarry=2;ScribeHut=2;Smokehouse=0;SteelForge=2;StoneCuttingWorkshop=2;StoneHouse=12;WeavingWorkshop=2;WoodHouse=0","Agriculture;AnimalFodder;AnimalHusbandry;Calendar;CeramicFiring;CharcoalMaking;ClayExtraction;ControlledFire;CouncilGovernance;CropRotation;FeudalAdministration;FoodPreservation;FoodStorage;HerbalKnowledge;IrrigationEngineering;KnowledgeSharing;Masonry;Mathematics;Measurement;MechanicalEngineering;Mining;NaturalPhilosophy;NeolithicSettlement;OrganizedDefense;OrganizedWatch;Quarry;Smithing_Bronze;Smithing_Copper;Smithing_Iron;Steelmaking;StoneTools;TextileCraft;VillageCrafts;VillageOrganization;Woodworking;WrittenRecords",""
800,Medieval,23.985,168,1.6,0,806.48,256,550.48,0.317,206,1325,"Industrialization","Biomass=41496.5;Bronze=27275.39;Ceramic=52312.54;Clay=49605.05;Cloth=60606.45;Coal=65560.96;Copper=36682.53;CopperOre=33217.5;Iron=17951.08;IronOre=20105.67;Steel=22371.87;StoneBrick=58854.06;StoneChunk=84785.96;Tin=36882.53;TinOre=20461.67;WoodLog=278116.01","CeramicKiln=2;CharcoalKiln=2;ClayPit=2;CoalMine=2;Farm=0;FiberGatheringCamp=2;Granary=2;IrrigationWorks=2;KnowledgeCircle=0;Lumberyard=2;MetalMine=2;MetalSmelter=2;Quarry=2;ScribeHut=2;Smokehouse=0;SteelForge=2;StoneCuttingWorkshop=2;StoneHouse=12;WeavingWorkshop=2;WoodHouse=0","Agriculture;AnimalFodder;AnimalHusbandry;Calendar;CeramicFiring;CharcoalMaking;ClayExtraction;ControlledFire;CouncilGovernance;CropRotation;FeudalAdministration;FoodPreservation;FoodStorage;HerbalKnowledge;IrrigationEngineering;KnowledgeSharing;Masonry;Mathematics;Measurement;MechanicalEngineering;Mining;NaturalPhilosophy;NeolithicSettlement;OrganizedDefense;OrganizedWatch;Quarry;Smithing_Bronze;Smithing_Copper;Smithing_Iron;Steelmaking;StoneTools;TextileCraft;VillageCrafts;VillageOrganization;Woodworking;WrittenRecords",""
810,Medieval,23.985,168,1.6,0,806.48,256,550.48,0.317,206,1325,"Industrialization","Biomass=41912.75;Bronze=27803.92;Ceramic=53030.29;Clay=50217.05;Cloth=61422.08;Coal=65996.72;Copper=37387.23;CopperOre=33465.41;Iron=18093.28;IronOre=20191.49;Steel=23122.25;StoneBrick=59699.7;StoneChunk=85748.96;Tin=37587.23;TinOre=20547.49;WoodLog=281230.38","CeramicKiln=2;CharcoalKiln=2;ClayPit=2;CoalMine=2;Farm=0;FiberGatheringCamp=2;Granary=2;IrrigationWorks=2;KnowledgeCircle=0;Lumberyard=2;MetalMine=2;MetalSmelter=2;Quarry=2;ScribeHut=2;Smokehouse=0;SteelForge=2;StoneCuttingWorkshop=2;StoneHouse=12;WeavingWorkshop=2;WoodHouse=0","Agriculture;AnimalFodder;AnimalHusbandry;Calendar;CeramicFiring;CharcoalMaking;ClayExtraction;ControlledFire;CouncilGovernance;CropRotation;FeudalAdministration;FoodPreservation;FoodStorage;HerbalKnowledge;IrrigationEngineering;KnowledgeSharing;Masonry;Mathematics;Measurement;MechanicalEngineering;Mining;NaturalPhilosophy;NeolithicSettlement;OrganizedDefense;OrganizedWatch;Quarry;Smithing_Bronze;Smithing_Copper;Smithing_Iron;Steelmaking;StoneTools;TextileCraft;VillageCrafts;VillageOrganization;Woodworking;WrittenRecords",""
820,Medieval,23.985,168,1.6,0,806.48,256,550.48,0.317,206,1325,"Industrialization","Biomass=42329;Bronze=28332.44;Ceramic=53748.04;Clay=50829.05;Cloth=62237.7;Coal=66432.47;Copper=38091.93;CopperOre=33713.31;Iron=18235.48;IronOre=20277.31;Steel=23872.62;StoneBrick=60545.34;StoneChunk=86711.96;Tin=38291.93;TinOre=20633.31;WoodLog=284344.76","CeramicKiln=2;CharcoalKiln=2;ClayPit=2;CoalMine=2;Farm=0;FiberGatheringCamp=2;Granary=2;IrrigationWorks=2;KnowledgeCircle=0;Lumberyard=2;MetalMine=2;MetalSmelter=2;Quarry=2;ScribeHut=2;Smokehouse=0;SteelForge=2;StoneCuttingWorkshop=2;StoneHouse=12;WeavingWorkshop=2;WoodHouse=0","Agriculture;AnimalFodder;AnimalHusbandry;Calendar;CeramicFiring;CharcoalMaking;ClayExtraction;ControlledFire;CouncilGovernance;CropRotation;FeudalAdministration;FoodPreservation;FoodStorage;HerbalKnowledge;IrrigationEngineering;KnowledgeSharing;Masonry;Mathematics;Measurement;MechanicalEngineering;Mining;NaturalPhilosophy;NeolithicSettlement;OrganizedDefense;OrganizedWatch;Quarry;Smithing_Bronze;Smithing_Copper;Smithing_Iron;Steelmaking;StoneTools;TextileCraft;VillageCrafts;VillageOrganization;Woodworking;WrittenRecords",""
830,Medieval,23.985,168,1.6,0,806.48,256,550.48,0.317,206,1325,"Industrialization","Biomass=42745.25;Bronze=28860.97;Ceramic=54465.79;Clay=51441.05;Cloth=63053.33;Coal=66868.23;Copper=38796.63;CopperOre=33961.22;Iron=18377.68;IronOre=20363.14;Steel=24623;StoneBrick=61390.98;StoneChunk=87674.96;Tin=38996.63;TinOre=20719.14;WoodLog=287459.13","CeramicKiln=2;CharcoalKiln=2;ClayPit=2;CoalMine=2;Farm=0;FiberGatheringCamp=2;Granary=2;IrrigationWorks=2;KnowledgeCircle=0;Lumberyard=2;MetalMine=2;MetalSmelter=2;Quarry=2;ScribeHut=2;Smokehouse=0;SteelForge=2;StoneCuttingWorkshop=2;StoneHouse=12;WeavingWorkshop=2;WoodHouse=0","Agriculture;AnimalFodder;AnimalHusbandry;Calendar;CeramicFiring;CharcoalMaking;ClayExtraction;ControlledFire;CouncilGovernance;CropRotation;FeudalAdministration;FoodPreservation;FoodStorage;HerbalKnowledge;IrrigationEngineering;KnowledgeSharing;Masonry;Mathematics;Measurement;MechanicalEngineering;Mining;NaturalPhilosophy;NeolithicSettlement;OrganizedDefense;OrganizedWatch;Quarry;Smithing_Bronze;Smithing_Copper;Smithing_Iron;Steelmaking;StoneTools;TextileCraft;VillageCrafts;VillageOrganization;Woodworking;WrittenRecords",""
840,Medieval,23.985,168,1.6,0,806.48,256,550.48,0.317,206,1325,"Industrialization","Biomass=43161.5;Bronze=29389.49;Ceramic=55183.54;Clay=52053.05;Cloth=63868.95;Coal=67303.99;Copper=39501.33;CopperOre=34209.12;Iron=18519.88;IronOre=20448.96;Steel=25373.37;StoneBrick=62236.62;StoneChunk=88637.96;Tin=39701.33;TinOre=20804.96;WoodLog=290573.51","CeramicKiln=2;CharcoalKiln=2;ClayPit=2;CoalMine=2;Farm=0;FiberGatheringCamp=2;Granary=2;IrrigationWorks=2;KnowledgeCircle=0;Lumberyard=2;MetalMine=2;MetalSmelter=2;Quarry=2;ScribeHut=2;Smokehouse=0;SteelForge=2;StoneCuttingWorkshop=2;StoneHouse=12;WeavingWorkshop=2;WoodHouse=0","Agriculture;AnimalFodder;AnimalHusbandry;Calendar;CeramicFiring;CharcoalMaking;ClayExtraction;ControlledFire;CouncilGovernance;CropRotation;FeudalAdministration;FoodPreservation;FoodStorage;HerbalKnowledge;IrrigationEngineering;KnowledgeSharing;Masonry;Mathematics;Measurement;MechanicalEngineering;Mining;NaturalPhilosophy;NeolithicSettlement;OrganizedDefense;OrganizedWatch;Quarry;Smithing_Bronze;Smithing_Copper;Smithing_Iron;Steelmaking;StoneTools;TextileCraft;VillageCrafts;VillageOrganization;Woodworking;WrittenRecords",""
850,Medieval,23.985,168,1.6,0,806.48,256,550.48,0.317,206,1325,"Industrialization","Biomass=43577.75;Bronze=29918.02;Ceramic=55901.29;Clay=52665.05;Cloth=64684.58;Coal=67739.75;Copper=40206.03;CopperOre=34457.03;Iron=18662.08;IronOre=20534.79;Steel=26123.75;StoneBrick=63082.26;StoneChunk=89600.96;Tin=40406.03;TinOre=20890.79;WoodLog=293687.88","CeramicKiln=2;CharcoalKiln=2;ClayPit=2;CoalMine=2;Farm=0;FiberGatheringCamp=2;Granary=2;IrrigationWorks=2;KnowledgeCircle=0;Lumberyard=2;MetalMine=2;MetalSmelter=2;Quarry=2;ScribeHut=2;Smokehouse=0;SteelForge=2;StoneCuttingWorkshop=2;StoneHouse=12;WeavingWorkshop=2;WoodHouse=0","Agriculture;AnimalFodder;AnimalHusbandry;Calendar;CeramicFiring;CharcoalMaking;ClayExtraction;ControlledFire;CouncilGovernance;CropRotation;FeudalAdministration;FoodPreservation;FoodStorage;HerbalKnowledge;IrrigationEngineering;KnowledgeSharing;Masonry;Mathematics;Measurement;MechanicalEngineering;Mining;NaturalPhilosophy;NeolithicSettlement;OrganizedDefense;OrganizedWatch;Quarry;Smithing_Bronze;Smithing_Copper;Smithing_Iron;Steelmaking;StoneTools;TextileCraft;VillageCrafts;VillageOrganization;Woodworking;WrittenRecords",""
860,Medieval,23.985,168,1.6,0,806.48,256,550.48,0.317,206,1325,"Industrialization","Biomass=43994;Bronze=30446.54;Ceramic=56619.04;Clay=53277.05;Cloth=65500.2;Coal=68175.5;Copper=40910.73;CopperOre=34704.93;Iron=18804.28;IronOre=20620.61;Steel=26874.12;StoneBrick=63927.9;StoneChunk=90563.96;Tin=41110.73;TinOre=20976.61;WoodLog=296802.26","CeramicKiln=2;CharcoalKiln=2;ClayPit=2;CoalMine=2;Farm=0;FiberGatheringCamp=2;Granary=2;IrrigationWorks=2;KnowledgeCircle=0;Lumberyard=2;MetalMine=2;MetalSmelter=2;Quarry=2;ScribeHut=2;Smokehouse=0;SteelForge=2;StoneCuttingWorkshop=2;StoneHouse=12;WeavingWorkshop=2;WoodHouse=0","Agriculture;AnimalFodder;AnimalHusbandry;Calendar;CeramicFiring;CharcoalMaking;ClayExtraction;ControlledFire;CouncilGovernance;CropRotation;FeudalAdministration;FoodPreservation;FoodStorage;HerbalKnowledge;IrrigationEngineering;KnowledgeSharing;Masonry;Mathematics;Measurement;MechanicalEngineering;Mining;NaturalPhilosophy;NeolithicSettlement;OrganizedDefense;OrganizedWatch;Quarry;Smithing_Bronze;Smithing_Copper;Smithing_Iron;Steelmaking;StoneTools;TextileCraft;VillageCrafts;VillageOrganization;Woodworking;WrittenRecords",""
870,Medieval,23.985,168,1.6,0,806.48,256,550.48,0.317,206,1325,"Industrialization","Biomass=44410.25;Bronze=30975.07;Ceramic=57336.79;Clay=53889.05;Cloth=66315.83;Coal=68611.26;Copper=41615.43;CopperOre=34952.84;Iron=18946.48;IronOre=20706.43;Steel=27624.5;StoneBrick=64773.54;StoneChunk=91526.96;Tin=41815.43;TinOre=21062.43;WoodLog=299916.63","CeramicKiln=2;CharcoalKiln=2;ClayPit=2;CoalMine=2;Farm=0;FiberGatheringCamp=2;Granary=2;IrrigationWorks=2;KnowledgeCircle=0;Lumberyard=2;MetalMine=2;MetalSmelter=2;Quarry=2;ScribeHut=2;Smokehouse=0;SteelForge=2;StoneCuttingWorkshop=2;StoneHouse=12;WeavingWorkshop=2;WoodHouse=0","Agriculture;AnimalFodder;AnimalHusbandry;Calendar;CeramicFiring;CharcoalMaking;ClayExtraction;ControlledFire;CouncilGovernance;CropRotation;FeudalAdministration;FoodPreservation;FoodStorage;HerbalKnowledge;IrrigationEngineering;KnowledgeSharing;Masonry;Mathematics;Measurement;MechanicalEngineering;Mining;NaturalPhilosophy;NeolithicSettlement;OrganizedDefense;OrganizedWatch;Quarry;Smithing_Bronze;Smithing_Copper;Smithing_Iron;Steelmaking;StoneTools;TextileCraft;VillageCrafts;VillageOrganization;Woodworking;WrittenRecords",""
880,Medieval,23.985,168,1.6,0,806.48,256,550.48,0.317,206,1325,"Industrialization","Biomass=44826.5;Bronze=31503.59;Ceramic=58054.54;Clay=54501.05;Cloth=67131.45;Coal=69047.02;Copper=42320.13;CopperOre=35200.74;Iron=19088.68;IronOre=20792.26;Steel=28374.87;StoneBrick=65619.18;StoneChunk=92489.96;Tin=42520.13;TinOre=21148.26;WoodLog=303031.01","CeramicKiln=2;CharcoalKiln=2;ClayPit=2;CoalMine=2;Farm=0;FiberGatheringCamp=2;Granary=2;IrrigationWorks=2;KnowledgeCircle=0;Lumberyard=2;MetalMine=2;MetalSmelter=2;Quarry=2;ScribeHut=2;Smokehouse=0;SteelForge=2;StoneCuttingWorkshop=2;StoneHouse=12;WeavingWorkshop=2;WoodHouse=0","Agriculture;AnimalFodder;AnimalHusbandry;Calendar;CeramicFiring;CharcoalMaking;ClayExtraction;ControlledFire;CouncilGovernance;CropRotation;FeudalAdministration;FoodPreservation;FoodStorage;HerbalKnowledge;IrrigationEngineering;KnowledgeSharing;Masonry;Mathematics;Measurement;MechanicalEngineering;Mining;NaturalPhilosophy;NeolithicSettlement;OrganizedDefense;OrganizedWatch;Quarry;Smithing_Bronze;Smithing_Copper;Smithing_Iron;Steelmaking;StoneTools;TextileCraft;VillageCrafts;VillageOrganization;Woodworking;WrittenRecords",""
890,Medieval,23.985,168,1.6,0,806.48,256,550.48,0.317,206,1325,"Industrialization","Biomass=45242.75;Bronze=32032.12;Ceramic=58772.29;Clay=55113.05;Cloth=67947.08;Coal=69482.78;Copper=43024.83;CopperOre=35448.65;Iron=19230.88;IronOre=20878.08;Steel=29125.25;StoneBrick=66464.82;StoneChunk=93452.96;Tin=43224.83;TinOre=21234.08;WoodLog=306145.38","CeramicKiln=2;CharcoalKiln=2;ClayPit=2;CoalMine=2;Farm=0;FiberGatheringCamp=2;Granary=2;IrrigationWorks=2;KnowledgeCircle=0;Lumberyard=2;MetalMine=2;MetalSmelter=2;Quarry=2;ScribeHut=2;Smokehouse=0;SteelForge=2;StoneCuttingWorkshop=2;StoneHouse=12;WeavingWorkshop=2;WoodHouse=0","Agriculture;AnimalFodder;AnimalHusbandry;Calendar;CeramicFiring;CharcoalMaking;ClayExtraction;ControlledFire;CouncilGovernance;CropRotation;FeudalAdministration;FoodPreservation;FoodStorage;HerbalKnowledge;IrrigationEngineering;KnowledgeSharing;Masonry;Mathematics;Measurement;MechanicalEngineering;Mining;NaturalPhilosophy;NeolithicSettlement;OrganizedDefense;OrganizedWatch;Quarry;Smithing_Bronze;Smithing_Copper;Smithing_Iron;Steelmaking;StoneTools;TextileCraft;VillageCrafts;VillageOrganization;Woodworking;WrittenRecords",""
900,Medieval,23.985,168,1.6,0,806.48,256,550.48,0.317,206,1325,"Industrialization","Biomass=45659;Bronze=32560.64;Ceramic=59490.04;Clay=55725.05;Cloth=68762.7;Coal=69918.53;Copper=43729.53;CopperOre=35696.55;Iron=19373.08;IronOre=20963.91;Steel=29875.62;StoneBrick=67310.46;StoneChunk=94415.96;Tin=43929.53;TinOre=21319.91;WoodLog=309259.76","CeramicKiln=2;CharcoalKiln=2;ClayPit=2;CoalMine=2;Farm=0;FiberGatheringCamp=2;Granary=2;IrrigationWorks=2;KnowledgeCircle=0;Lumberyard=2;MetalMine=2;MetalSmelter=2;Quarry=2;ScribeHut=2;Smokehouse=0;SteelForge=2;StoneCuttingWorkshop=2;StoneHouse=12;WeavingWorkshop=2;WoodHouse=0","Agriculture;AnimalFodder;AnimalHusbandry;Calendar;CeramicFiring;CharcoalMaking;ClayExtraction;ControlledFire;CouncilGovernance;CropRotation;FeudalAdministration;FoodPreservation;FoodStorage;HerbalKnowledge;IrrigationEngineering;KnowledgeSharing;Masonry;Mathematics;Measurement;MechanicalEngineering;Mining;NaturalPhilosophy;NeolithicSettlement;OrganizedDefense;OrganizedWatch;Quarry;Smithing_Bronze;Smithing_Copper;Smithing_Iron;Steelmaking;StoneTools;TextileCraft;VillageCrafts;VillageOrganization;Woodworking;WrittenRecords",""
910,Medieval,23.985,168,1.6,0,806.48,256,550.48,0.317,206,1325,"Industrialization","Biomass=46075.25;Bronze=33089.17;Ceramic=60207.79;Clay=56337.05;Cloth=69578.33;Coal=70354.29;Copper=44434.23;CopperOre=35944.46;Iron=19515.28;IronOre=21049.73;Steel=30626;StoneBrick=68156.1;StoneChunk=95378.96;Tin=44634.23;TinOre=21405.73;WoodLog=312374.13","CeramicKiln=2;CharcoalKiln=2;ClayPit=2;CoalMine=2;Farm=0;FiberGatheringCamp=2;Granary=2;IrrigationWorks=2;KnowledgeCircle=0;Lumberyard=2;MetalMine=2;MetalSmelter=2;Quarry=2;ScribeHut=2;Smokehouse=0;SteelForge=2;StoneCuttingWorkshop=2;StoneHouse=12;WeavingWorkshop=2;WoodHouse=0","Agriculture;AnimalFodder;AnimalHusbandry;Calendar;CeramicFiring;CharcoalMaking;ClayExtraction;ControlledFire;CouncilGovernance;CropRotation;FeudalAdministration;FoodPreservation;FoodStorage;HerbalKnowledge;IrrigationEngineering;KnowledgeSharing;Masonry;Mathematics;Measurement;MechanicalEngineering;Mining;NaturalPhilosophy;NeolithicSettlement;OrganizedDefense;OrganizedWatch;Quarry;Smithing_Bronze;Smithing_Copper;Smithing_Iron;Steelmaking;StoneTools;TextileCraft;VillageCrafts;VillageOrganization;Woodworking;WrittenRecords",""
920,Medieval,23.985,168,1.6,0,806.48,256,550.48,0.317,206,1325,"Industrialization","Biomass=46491.5;Bronze=33617.69;Ceramic=60925.54;Clay=56949.05;Cloth=70393.95;Coal=70790.05;Copper=45138.93;CopperOre=36192.36;Iron=19657.48;IronOre=21135.55;Steel=31376.37;StoneBrick=69001.74;StoneChunk=96341.96;Tin=45338.93;TinOre=21491.55;WoodLog=315488.51","CeramicKiln=2;CharcoalKiln=2;ClayPit=2;CoalMine=2;Farm=0;FiberGatheringCamp=2;Granary=2;IrrigationWorks=2;KnowledgeCircle=0;Lumberyard=2;MetalMine=2;MetalSmelter=2;Quarry=2;ScribeHut=2;Smokehouse=0;SteelForge=2;StoneCuttingWorkshop=2;StoneHouse=12;WeavingWorkshop=2;WoodHouse=0","Agriculture;AnimalFodder;AnimalHusbandry;Calendar;CeramicFiring;CharcoalMaking;ClayExtraction;ControlledFire;CouncilGovernance;CropRotation;FeudalAdministration;FoodPreservation;FoodStorage;HerbalKnowledge;IrrigationEngineering;KnowledgeSharing;Masonry;Mathematics;Measurement;MechanicalEngineering;Mining;NaturalPhilosophy;NeolithicSettlement;OrganizedDefense;OrganizedWatch;Quarry;Smithing_Bronze;Smithing_Copper;Smithing_Iron;Steelmaking;StoneTools;TextileCraft;VillageCrafts;VillageOrganization;Woodworking;WrittenRecords",""
930,Medieval,23.985,168,1.6,0,806.48,256,550.48,0.317,206,1325,"Industrialization","Biomass=46907.75;Bronze=34146.22;Ceramic=61643.29;Clay=57561.05;Cloth=71209.58;Coal=71225.81;Copper=45843.63;CopperOre=36440.27;Iron=19799.68;IronOre=21221.38;Steel=32126.75;StoneBrick=69847.38;StoneChunk=97304.96;Tin=46043.63;TinOre=21577.38;WoodLog=318602.88","CeramicKiln=2;CharcoalKiln=2;ClayPit=2;CoalMine=2;Farm=0;FiberGatheringCamp=2;Granary=2;IrrigationWorks=2;KnowledgeCircle=0;Lumberyard=2;MetalMine=2;MetalSmelter=2;Quarry=2;ScribeHut=2;Smokehouse=0;SteelForge=2;StoneCuttingWorkshop=2;StoneHouse=12;WeavingWorkshop=2;WoodHouse=0","Agriculture;AnimalFodder;AnimalHusbandry;Calendar;CeramicFiring;CharcoalMaking;ClayExtraction;ControlledFire;CouncilGovernance;CropRotation;FeudalAdministration;FoodPreservation;FoodStorage;HerbalKnowledge;IrrigationEngineering;KnowledgeSharing;Masonry;Mathematics;Measurement;MechanicalEngineering;Mining;NaturalPhilosophy;NeolithicSettlement;OrganizedDefense;OrganizedWatch;Quarry;Smithing_Bronze;Smithing_Copper;Smithing_Iron;Steelmaking;StoneTools;TextileCraft;VillageCrafts;VillageOrganization;Woodworking;WrittenRecords",""
940,Medieval,23.985,168,1.6,0,806.48,256,550.48,0.317,206,1325,"Industrialization","Biomass=47324;Bronze=34674.74;Ceramic=62361.04;Clay=58173.05;Cloth=72025.2;Coal=71661.56;Copper=46548.33;CopperOre=36688.17;Iron=19941.88;IronOre=21307.2;Steel=32877.12;StoneBrick=70693.02;StoneChunk=98267.96;Tin=46748.33;TinOre=21663.2;WoodLog=321717.26","CeramicKiln=2;CharcoalKiln=2;ClayPit=2;CoalMine=2;Farm=0;FiberGatheringCamp=2;Granary=2;IrrigationWorks=2;KnowledgeCircle=0;Lumberyard=2;MetalMine=2;MetalSmelter=2;Quarry=2;ScribeHut=2;Smokehouse=0;SteelForge=2;StoneCuttingWorkshop=2;StoneHouse=12;WeavingWorkshop=2;WoodHouse=0","Agriculture;AnimalFodder;AnimalHusbandry;Calendar;CeramicFiring;CharcoalMaking;ClayExtraction;ControlledFire;CouncilGovernance;CropRotation;FeudalAdministration;FoodPreservation;FoodStorage;HerbalKnowledge;IrrigationEngineering;KnowledgeSharing;Masonry;Mathematics;Measurement;MechanicalEngineering;Mining;NaturalPhilosophy;NeolithicSettlement;OrganizedDefense;OrganizedWatch;Quarry;Smithing_Bronze;Smithing_Copper;Smithing_Iron;Steelmaking;StoneTools;TextileCraft;VillageCrafts;VillageOrganization;Woodworking;WrittenRecords",""
950,Medieval,23.985,168,1.6,0,806.48,256,550.48,0.317,206,1325,"Industrialization","Biomass=47740.25;Bronze=35203.27;Ceramic=63078.79;Clay=58785.05;Cloth=72840.83;Coal=72097.32;Copper=47253.03;CopperOre=36936.08;Iron=20084.08;IronOre=21393.03;Steel=33627.5;StoneBrick=71538.66;StoneChunk=99230.96;Tin=47453.03;TinOre=21749.03;WoodLog=324831.63","CeramicKiln=2;CharcoalKiln=2;ClayPit=2;CoalMine=2;Farm=0;FiberGatheringCamp=2;Granary=2;IrrigationWorks=2;KnowledgeCircle=0;Lumberyard=2;MetalMine=2;MetalSmelter=2;Quarry=2;ScribeHut=2;Smokehouse=0;SteelForge=2;StoneCuttingWorkshop=2;StoneHouse=12;WeavingWorkshop=2;WoodHouse=0","Agriculture;AnimalFodder;AnimalHusbandry;Calendar;CeramicFiring;CharcoalMaking;ClayExtraction;ControlledFire;CouncilGovernance;CropRotation;FeudalAdministration;FoodPreservation;FoodStorage;HerbalKnowledge;IrrigationEngineering;KnowledgeSharing;Masonry;Mathematics;Measurement;MechanicalEngineering;Mining;NaturalPhilosophy;NeolithicSettlement;OrganizedDefense;OrganizedWatch;Quarry;Smithing_Bronze;Smithing_Copper;Smithing_Iron;Steelmaking;StoneTools;TextileCraft;VillageCrafts;VillageOrganization;Woodworking;WrittenRecords",""
960,Medieval,23.985,168,1.6,0,806.48,256,550.48,0.317,206,1325,"Industrialization","Biomass=48156.5;Bronze=35731.79;Ceramic=63796.54;Clay=59397.05;Cloth=73656.45;Coal=72533.08;Copper=47957.73;CopperOre=37183.98;Iron=20226.28;IronOre=21478.85;Steel=34377.87;StoneBrick=72384.3;StoneChunk=100193.96;Tin=48157.73;TinOre=21834.85;WoodLog=327946.01","CeramicKiln=2;CharcoalKiln=2;ClayPit=2;CoalMine=2;Farm=0;FiberGatheringCamp=2;Granary=2;IrrigationWorks=2;KnowledgeCircle=0;Lumberyard=2;MetalMine=2;MetalSmelter=2;Quarry=2;ScribeHut=2;Smokehouse=0;SteelForge=2;StoneCuttingWorkshop=2;StoneHouse=12;WeavingWorkshop=2;WoodHouse=0","Agriculture;AnimalFodder;AnimalHusbandry;Calendar;CeramicFiring;CharcoalMaking;ClayExtraction;ControlledFire;CouncilGovernance;CropRotation;FeudalAdministration;FoodPreservation;FoodStorage;HerbalKnowledge;IrrigationEngineering;KnowledgeSharing;Masonry;Mathematics;Measurement;MechanicalEngineering;Mining;NaturalPhilosophy;NeolithicSettlement;OrganizedDefense;OrganizedWatch;Quarry;Smithing_Bronze;Smithing_Copper;Smithing_Iron;Steelmaking;StoneTools;TextileCraft;VillageCrafts;VillageOrganization;Woodworking;WrittenRecords",""
970,Medieval,23.985,168,1.6,0,806.48,256,550.48,0.317,206,1325,"Industrialization","Biomass=48572.75;Bronze=36260.32;Ceramic=64514.29;Clay=60009.05;Cloth=74472.08;Coal=72968.84;Copper=48662.43;CopperOre=37431.89;Iron=20368.48;IronOre=21564.67;Steel=35128.25;StoneBrick=73229.94;StoneChunk=101156.96;Tin=48862.43;TinOre=21920.67;WoodLog=331060.38","CeramicKiln=2;CharcoalKiln=2;ClayPit=2;CoalMine=2;Farm=0;FiberGatheringCamp=2;Granary=2;IrrigationWorks=2;KnowledgeCircle=0;Lumberyard=2;MetalMine=2;MetalSmelter=2;Quarry=2;ScribeHut=2;Smokehouse=0;SteelForge=2;StoneCuttingWorkshop=2;StoneHouse=12;WeavingWorkshop=2;WoodHouse=0","Agriculture;AnimalFodder;AnimalHusbandry;Calendar;CeramicFiring;CharcoalMaking;ClayExtraction;ControlledFire;CouncilGovernance;CropRotation;FeudalAdministration;FoodPreservation;FoodStorage;HerbalKnowledge;IrrigationEngineering;KnowledgeSharing;Masonry;Mathematics;Measurement;MechanicalEngineering;Mining;NaturalPhilosophy;NeolithicSettlement;OrganizedDefense;OrganizedWatch;Quarry;Smithing_Bronze;Smithing_Copper;Smithing_Iron;Steelmaking;StoneTools;TextileCraft;VillageCrafts;VillageOrganization;Woodworking;WrittenRecords",""
980,Medieval,23.985,168,1.6,0,806.48,256,550.48,0.317,206,1325,"Industrialization","Biomass=48989;Bronze=36788.84;Ceramic=65232.04;Clay=60621.05;Cloth=75287.7;Coal=73404.59;Copper=49367.13;CopperOre=37679.79;Iron=20510.68;IronOre=21650.5;Steel=35878.62;StoneBrick=74075.58;StoneChunk=102119.96;Tin=49567.13;TinOre=22006.5;WoodLog=334174.76","CeramicKiln=2;CharcoalKiln=2;ClayPit=2;CoalMine=2;Farm=0;FiberGatheringCamp=2;Granary=2;IrrigationWorks=2;KnowledgeCircle=0;Lumberyard=2;MetalMine=2;MetalSmelter=2;Quarry=2;ScribeHut=2;Smokehouse=0;SteelForge=2;StoneCuttingWorkshop=2;StoneHouse=12;WeavingWorkshop=2;WoodHouse=0","Agriculture;AnimalFodder;AnimalHusbandry;Calendar;CeramicFiring;CharcoalMaking;ClayExtraction;ControlledFire;CouncilGovernance;CropRotation;FeudalAdministration;FoodPreservation;FoodStorage;HerbalKnowledge;IrrigationEngineering;KnowledgeSharing;Masonry;Mathematics;Measurement;MechanicalEngineering;Mining;NaturalPhilosophy;NeolithicSettlement;OrganizedDefense;OrganizedWatch;Quarry;Smithing_Bronze;Smithing_Copper;Smithing_Iron;Steelmaking;StoneTools;TextileCraft;VillageCrafts;VillageOrganization;Woodworking;WrittenRecords",""
990,Medieval,23.985,168,1.6,0,806.48,256,550.48,0.317,206,1325,"Industrialization","Biomass=49405.25;Bronze=37317.37;Ceramic=65949.79;Clay=61233.05;Cloth=76103.33;Coal=73840.35;Copper=50071.83;CopperOre=37927.7;Iron=20652.88;IronOre=21736.32;Steel=36629;StoneBrick=74921.22;StoneChunk=103082.96;Tin=50271.83;TinOre=22092.32;WoodLog=337289.13","CeramicKiln=2;CharcoalKiln=2;ClayPit=2;CoalMine=2;Farm=0;FiberGatheringCamp=2;Granary=2;IrrigationWorks=2;KnowledgeCircle=0;Lumberyard=2;MetalMine=2;MetalSmelter=2;Quarry=2;ScribeHut=2;Smokehouse=0;SteelForge=2;StoneCuttingWorkshop=2;StoneHouse=12;WeavingWorkshop=2;WoodHouse=0","Agriculture;AnimalFodder;AnimalHusbandry;Calendar;CeramicFiring;CharcoalMaking;ClayExtraction;ControlledFire;CouncilGovernance;CropRotation;FeudalAdministration;FoodPreservation;FoodStorage;HerbalKnowledge;IrrigationEngineering;KnowledgeSharing;Masonry;Mathematics;Measurement;MechanicalEngineering;Mining;NaturalPhilosophy;NeolithicSettlement;OrganizedDefense;OrganizedWatch;Quarry;Smithing_Bronze;Smithing_Copper;Smithing_Iron;Steelmaking;StoneTools;TextileCraft;VillageCrafts;VillageOrganization;Woodworking;WrittenRecords",""
1000,Medieval,23.985,168,1.6,0,806.48,256,550.48,0.317,206,1325,"Industrialization","Biomass=49821.5;Bronze=37845.89;Ceramic=66667.54;Clay=61845.05;Cloth=76918.95;Coal=74276.11;Copper=50776.53;CopperOre=38175.6;Iron=20795.08;IronOre=21822.15;Steel=37379.37;StoneBrick=75766.86;StoneChunk=104045.96;Tin=50976.53;TinOre=22178.15;WoodLog=340403.51","CeramicKiln=2;CharcoalKiln=2;ClayPit=2;CoalMine=2;Farm=0;FiberGatheringCamp=2;Granary=2;IrrigationWorks=2;KnowledgeCircle=0;Lumberyard=2;MetalMine=2;MetalSmelter=2;Quarry=2;ScribeHut=2;Smokehouse=0;SteelForge=2;StoneCuttingWorkshop=2;StoneHouse=12;WeavingWorkshop=2;WoodHouse=0","Agriculture;AnimalFodder;AnimalHusbandry;Calendar;CeramicFiring;CharcoalMaking;ClayExtraction;ControlledFire;CouncilGovernance;CropRotation;FeudalAdministration;FoodPreservation;FoodStorage;HerbalKnowledge;IrrigationEngineering;KnowledgeSharing;Masonry;Mathematics;Measurement;MechanicalEngineering;Mining;NaturalPhilosophy;NeolithicSettlement;OrganizedDefense;OrganizedWatch;Quarry;Smithing_Bronze;Smithing_Copper;Smithing_Iron;Steelmaking;StoneTools;TextileCraft;VillageCrafts;VillageOrganization;Woodworking;WrittenRecords",""
1010,Medieval,23.985,168,1.6,0,806.48,256,550.48,0.317,206,1325,"Industrialization","Biomass=50237.75;Bronze=38374.42;Ceramic=67385.29;Clay=62457.05;Cloth=77734.58;Coal=74711.87;Copper=51481.23;CopperOre=38423.51;Iron=20937.28;IronOre=21907.97;Steel=38129.75;StoneBrick=76612.5;StoneChunk=105008.96;Tin=51681.23;TinOre=22263.97;WoodLog=343517.88","CeramicKiln=2;CharcoalKiln=2;ClayPit=2;CoalMine=2;Farm=0;FiberGatheringCamp=2;Granary=2;IrrigationWorks=2;KnowledgeCircle=0;Lumberyard=2;MetalMine=2;MetalSmelter=2;Quarry=2;ScribeHut=2;Smokehouse=0;SteelForge=2;StoneCuttingWorkshop=2;StoneHouse=12;WeavingWorkshop=2;WoodHouse=0","Agriculture;AnimalFodder;AnimalHusbandry;Calendar;CeramicFiring;CharcoalMaking;ClayExtraction;ControlledFire;CouncilGovernance;CropRotation;FeudalAdministration;FoodPreservation;FoodStorage;HerbalKnowledge;IrrigationEngineering;KnowledgeSharing;Masonry;Mathematics;Measurement;MechanicalEngineering;Mining;NaturalPhilosophy;NeolithicSettlement;OrganizedDefense;OrganizedWatch;Quarry;Smithing_Bronze;Smithing_Copper;Smithing_Iron;Steelmaking;StoneTools;TextileCraft;VillageCrafts;VillageOrganization;Woodworking;WrittenRecords",""
1020,Medieval,23.985,168,1.6,0,806.48,256,550.48,0.317,206,1325,"Industrialization","Biomass=50654;Bronze=38902.94;Ceramic=68103.04;Clay=63069.05;Cloth=78550.2;Coal=75147.62;Copper=52185.93;CopperOre=38671.41;Iron=21079.48;IronOre=21993.79;Steel=38880.12;StoneBrick=77458.14;StoneChunk=105971.96;Tin=52385.93;TinOre=22349.79;WoodLog=346632.26","CeramicKiln=2;CharcoalKiln=2;ClayPit=2;CoalMine=2;Farm=0;FiberGatheringCamp=2;Granary=2;IrrigationWorks=2;KnowledgeCircle=0;Lumberyard=2;MetalMine=2;MetalSmelter=2;Quarry=2;ScribeHut=2;Smokehouse=0;SteelForge=2;StoneCuttingWorkshop=2;StoneHouse=12;WeavingWorkshop=2;WoodHouse=0","Agriculture;AnimalFodder;AnimalHusbandry;Calendar;CeramicFiring;CharcoalMaking;ClayExtraction;ControlledFire;CouncilGovernance;CropRotation;FeudalAdministration;FoodPreservation;FoodStorage;HerbalKnowledge;IrrigationEngineering;KnowledgeSharing;Masonry;Mathematics;Measurement;MechanicalEngineering;Mining;NaturalPhilosophy;NeolithicSettlement;OrganizedDefense;OrganizedWatch;Quarry;Smithing_Bronze;Smithing_Copper;Smithing_Iron;Steelmaking;StoneTools;TextileCraft;VillageCrafts;VillageOrganization;Woodworking;WrittenRecords",""
1030,Medieval,23.985,168,1.6,0,806.48,256,550.48,0.317,206,1325,"Industrialization","Biomass=51070.25;Bronze=39431.47;Ceramic=68820.79;Clay=63681.05;Cloth=79365.83;Coal=75583.38;Copper=52890.63;CopperOre=38919.32;Iron=21221.68;IronOre=22079.62;Steel=39630.5;StoneBrick=78303.78;StoneChunk=106934.96;Tin=53090.63;TinOre=22435.62;WoodLog=349746.63","CeramicKiln=2;CharcoalKiln=2;ClayPit=2;CoalMine=2;Farm=0;FiberGatheringCamp=2;Granary=2;IrrigationWorks=2;KnowledgeCircle=0;Lumberyard=2;MetalMine=2;MetalSmelter=2;Quarry=2;ScribeHut=2;Smokehouse=0;SteelForge=2;StoneCuttingWorkshop=2;StoneHouse=12;WeavingWorkshop=2;WoodHouse=0","Agriculture;AnimalFodder;AnimalHusbandry;Calendar;CeramicFiring;CharcoalMaking;ClayExtraction;ControlledFire;CouncilGovernance;CropRotation;FeudalAdministration;FoodPreservation;FoodStorage;HerbalKnowledge;IrrigationEngineering;KnowledgeSharing;Masonry;Mathematics;Measurement;MechanicalEngineering;Mining;NaturalPhilosophy;NeolithicSettlement;OrganizedDefense;OrganizedWatch;Quarry;Smithing_Bronze;Smithing_Copper;Smithing_Iron;Steelmaking;StoneTools;TextileCraft;VillageCrafts;VillageOrganization;Woodworking;WrittenRecords",""
1040,Medieval,23.985,168,1.6,0,806.48,256,550.48,0.317,206,1325,"Industrialization","Biomass=51486.5;Bronze=39959.99;Ceramic=69538.54;Clay=64293.05;Cloth=80181.45;Coal=76019.14;Copper=53595.33;CopperOre=39167.22;Iron=21363.88;IronOre=22165.44;Steel=40380.87;StoneBrick=79149.42;StoneChunk=107897.96;Tin=53795.33;TinOre=22521.44;WoodLog=352861.01","CeramicKiln=2;CharcoalKiln=2;ClayPit=2;CoalMine=2;Farm=0;FiberGatheringCamp=2;Granary=2;IrrigationWorks=2;KnowledgeCircle=0;Lumberyard=2;MetalMine=2;MetalSmelter=2;Quarry=2;ScribeHut=2;Smokehouse=0;SteelForge=2;StoneCuttingWorkshop=2;StoneHouse=12;WeavingWorkshop=2;WoodHouse=0","Agriculture;AnimalFodder;AnimalHusbandry;Calendar;CeramicFiring;CharcoalMaking;ClayExtraction;ControlledFire;CouncilGovernance;CropRotation;FeudalAdministration;FoodPreservation;FoodStorage;HerbalKnowledge;IrrigationEngineering;KnowledgeSharing;Masonry;Mathematics;Measurement;MechanicalEngineering;Mining;NaturalPhilosophy;NeolithicSettlement;OrganizedDefense;OrganizedWatch;Quarry;Smithing_Bronze;Smithing_Copper;Smithing_Iron;Steelmaking;StoneTools;TextileCraft;VillageCrafts;VillageOrganization;Woodworking;WrittenRecords",""
1050,Medieval,23.985,168,1.6,0,806.48,256,550.48,0.317,206,1325,"Industrialization","Biomass=51902.75;Bronze=40488.52;Ceramic=70256.29;Clay=64905.05;Cloth=80997.08;Coal=76454.9;Copper=54300.03;CopperOre=39415.13;Iron=21506.08;IronOre=22251.27;Steel=41131.25;StoneBrick=79995.06;StoneChunk=108860.96;Tin=54500.03;TinOre=22607.27;WoodLog=355975.38","CeramicKiln=2;CharcoalKiln=2;ClayPit=2;CoalMine=2;Farm=0;FiberGatheringCamp=2;Granary=2;IrrigationWorks=2;KnowledgeCircle=0;Lumberyard=2;MetalMine=2;MetalSmelter=2;Quarry=2;ScribeHut=2;Smokehouse=0;SteelForge=2;StoneCuttingWorkshop=2;StoneHouse=12;WeavingWorkshop=2;WoodHouse=0","Agriculture;AnimalFodder;AnimalHusbandry;Calendar;CeramicFiring;CharcoalMaking;ClayExtraction;ControlledFire;CouncilGovernance;CropRotation;FeudalAdministration;FoodPreservation;FoodStorage;HerbalKnowledge;IrrigationEngineering;KnowledgeSharing;Masonry;Mathematics;Measurement;MechanicalEngineering;Mining;NaturalPhilosophy;NeolithicSettlement;OrganizedDefense;OrganizedWatch;Quarry;Smithing_Bronze;Smithing_Copper;Smithing_Iron;Steelmaking;StoneTools;TextileCraft;VillageCrafts;VillageOrganization;Woodworking;WrittenRecords",""
1060,Medieval,23.985,168,1.6,0,806.48,256,550.48,0.317,206,1325,"Industrialization","Biomass=52319;Bronze=41017.04;Ceramic=70974.04;Clay=65517.05;Cloth=81812.7;Coal=76890.65;Copper=55004.73;CopperOre=39663.03;Iron=21648.28;IronOre=22337.09;Steel=41881.62;StoneBrick=80840.7;StoneChunk=109823.96;Tin=55204.73;TinOre=22693.09;WoodLog=359089.76","CeramicKiln=2;CharcoalKiln=2;ClayPit=2;CoalMine=2;Farm=0;FiberGatheringCamp=2;Granary=2;IrrigationWorks=2;KnowledgeCircle=0;Lumberyard=2;MetalMine=2;MetalSmelter=2;Quarry=2;ScribeHut=2;Smokehouse=0;SteelForge=2;StoneCuttingWorkshop=2;StoneHouse=12;WeavingWorkshop=2;WoodHouse=0","Agriculture;AnimalFodder;AnimalHusbandry;Calendar;CeramicFiring;CharcoalMaking;ClayExtraction;ControlledFire;CouncilGovernance;CropRotation;FeudalAdministration;FoodPreservation;FoodStorage;HerbalKnowledge;IrrigationEngineering;KnowledgeSharing;Masonry;Mathematics;Measurement;MechanicalEngineering;Mining;NaturalPhilosophy;NeolithicSettlement;OrganizedDefense;OrganizedWatch;Quarry;Smithing_Bronze;Smithing_Copper;Smithing_Iron;Steelmaking;StoneTools;TextileCraft;VillageCrafts;VillageOrganization;Woodworking;WrittenRecords",""
1070,Medieval,23.985,168,1.6,0,806.48,256,550.48,0.317,206,1325,"Industrialization","Biomass=52735.25;Bronze=41545.57;Ceramic=71691.79;Clay=66129.05;Cloth=82628.33;Coal=77326.41;Copper=55709.43;CopperOre=39910.94;Iron=21790.48;IronOre=22422.91;Steel=42632;StoneBrick=81686.34;StoneChunk=110786.96;Tin=55909.43;TinOre=22778.91;WoodLog=362204.13","CeramicKiln=2;CharcoalKiln=2;ClayPit=2;CoalMine=2;Farm=0;FiberGatheringCamp=2;Granary=2;IrrigationWorks=2;KnowledgeCircle=0;Lumberyard=2;MetalMine=2;MetalSmelter=2;Quarry=2;ScribeHut=2;Smokehouse=0;SteelForge=2;StoneCuttingWorkshop=2;StoneHouse=12;WeavingWorkshop=2;WoodHouse=0","Agriculture;AnimalFodder;AnimalHusbandry;Calendar;CeramicFiring;CharcoalMaking;ClayExtraction;ControlledFire;CouncilGovernance;CropRotation;FeudalAdministration;FoodPreservation;FoodStorage;HerbalKnowledge;IrrigationEngineering;KnowledgeSharing;Masonry;Mathematics;Measurement;MechanicalEngineering;Mining;NaturalPhilosophy;NeolithicSettlement;OrganizedDefense;OrganizedWatch;Quarry;Smithing_Bronze;Smithing_Copper;Smithing_Iron;Steelmaking;StoneTools;TextileCraft;VillageCrafts;VillageOrganization;Woodworking;WrittenRecords",""
1080,Medieval,23.985,168,1.6,0,806.48,256,550.48,0.317,206,1325,"Industrialization","Biomass=53151.5;Bronze=42074.09;Ceramic=72409.54;Clay=66741.05;Cloth=83443.95;Coal=77762.17;Copper=56414.13;CopperOre=40158.84;Iron=21932.68;IronOre=22508.74;Steel=43382.37;StoneBrick=82531.98;StoneChunk=111749.96;Tin=56614.13;TinOre=22864.74;WoodLog=365318.51","CeramicKiln=2;CharcoalKiln=2;ClayPit=2;CoalMine=2;Farm=0;FiberGatheringCamp=2;Granary=2;IrrigationWorks=2;KnowledgeCircle=0;Lumberyard=2;MetalMine=2;MetalSmelter=2;Quarry=2;ScribeHut=2;Smokehouse=0;SteelForge=2;StoneCuttingWorkshop=2;StoneHouse=12;WeavingWorkshop=2;WoodHouse=0","Agriculture;AnimalFodder;AnimalHusbandry;Calendar;CeramicFiring;CharcoalMaking;ClayExtraction;ControlledFire;CouncilGovernance;CropRotation;FeudalAdministration;FoodPreservation;FoodStorage;HerbalKnowledge;IrrigationEngineering;KnowledgeSharing;Masonry;Mathematics;Measurement;MechanicalEngineering;Mining;NaturalPhilosophy;NeolithicSettlement;OrganizedDefense;OrganizedWatch;Quarry;Smithing_Bronze;Smithing_Copper;Smithing_Iron;Steelmaking;StoneTools;TextileCraft;VillageCrafts;VillageOrganization;Woodworking;WrittenRecords",""
1090,Medieval,23.985,168,1.6,0,806.48,256,550.48,0.317,206,1325,"Industrialization","Biomass=53567.75;Bronze=42602.62;Ceramic=73127.29;Clay=67353.05;Cloth=84259.58;Coal=78197.93;Copper=57118.83;CopperOre=40406.75;Iron=22074.88;IronOre=22594.56;Steel=44132.75;StoneBrick=83377.62;StoneChunk=112712.96;Tin=57318.83;TinOre=22950.56;WoodLog=368432.88","CeramicKiln=2;CharcoalKiln=2;ClayPit=2;CoalMine=2;Farm=0;FiberGatheringCamp=2;Granary=2;IrrigationWorks=2;KnowledgeCircle=0;Lumberyard=2;MetalMine=2;MetalSmelter=2;Quarry=2;ScribeHut=2;Smokehouse=0;SteelForge=2;StoneCuttingWorkshop=2;StoneHouse=12;WeavingWorkshop=2;WoodHouse=0","Agriculture;AnimalFodder;AnimalHusbandry;Calendar;CeramicFiring;CharcoalMaking;ClayExtraction;ControlledFire;CouncilGovernance;CropRotation;FeudalAdministration;FoodPreservation;FoodStorage;HerbalKnowledge;IrrigationEngineering;KnowledgeSharing;Masonry;Mathematics;Measurement;MechanicalEngineering;Mining;NaturalPhilosophy;NeolithicSettlement;OrganizedDefense;OrganizedWatch;Quarry;Smithing_Bronze;Smithing_Copper;Smithing_Iron;Steelmaking;StoneTools;TextileCraft;VillageCrafts;VillageOrganization;Woodworking;WrittenRecords",""
1100,Medieval,23.985,168,1.6,0,806.48,256,550.48,0.317,206,1325,"Industrialization","Biomass=53984;Bronze=43131.14;Ceramic=73845.04;Clay=67965.05;Cloth=85075.2;Coal=78633.68;Copper=57823.53;CopperOre=40654.65;Iron=22217.08;IronOre=22680.39;Steel=44883.12;StoneBrick=84223.26;StoneChunk=113675.96;Tin=58023.53;TinOre=23036.39;WoodLog=371547.26","CeramicKiln=2;CharcoalKiln=2;ClayPit=2;CoalMine=2;Farm=0;FiberGatheringCamp=2;Granary=2;IrrigationWorks=2;KnowledgeCircle=0;Lumberyard=2;MetalMine=2;MetalSmelter=2;Quarry=2;ScribeHut=2;Smokehouse=0;SteelForge=2;StoneCuttingWorkshop=2;StoneHouse=12;WeavingWorkshop=2;WoodHouse=0","Agriculture;AnimalFodder;AnimalHusbandry;Calendar;CeramicFiring;CharcoalMaking;ClayExtraction;ControlledFire;CouncilGovernance;CropRotation;FeudalAdministration;FoodPreservation;FoodStorage;HerbalKnowledge;IrrigationEngineering;KnowledgeSharing;Masonry;Mathematics;Measurement;MechanicalEngineering;Mining;NaturalPhilosophy;NeolithicSettlement;OrganizedDefense;OrganizedWatch;Quarry;Smithing_Bronze;Smithing_Copper;Smithing_Iron;Steelmaking;StoneTools;TextileCraft;VillageCrafts;VillageOrganization;Woodworking;WrittenRecords",""
1110,Medieval,23.985,168,1.6,0,806.48,256,550.48,0.317,206,1325,"Industrialization","Biomass=54400.25;Bronze=43659.67;Ceramic=74562.79;Clay=68577.05;Cloth=85890.83;Coal=79069.44;Copper=58528.23;CopperOre=40902.56;Iron=22359.28;IronOre=22766.21;Steel=45633.5;StoneBrick=85068.9;StoneChunk=114638.96;Tin=58728.23;TinOre=23122.21;WoodLog=374661.63","CeramicKiln=2;CharcoalKiln=2;ClayPit=2;CoalMine=2;Farm=0;FiberGatheringCamp=2;Granary=2;IrrigationWorks=2;KnowledgeCircle=0;Lumberyard=2;MetalMine=2;MetalSmelter=2;Quarry=2;ScribeHut=2;Smokehouse=0;SteelForge=2;StoneCuttingWorkshop=2;StoneHouse=12;WeavingWorkshop=2;WoodHouse=0","Agriculture;AnimalFodder;AnimalHusbandry;Calendar;CeramicFiring;CharcoalMaking;ClayExtraction;ControlledFire;CouncilGovernance;CropRotation;FeudalAdministration;FoodPreservation;FoodStorage;HerbalKnowledge;IrrigationEngineering;KnowledgeSharing;Masonry;Mathematics;Measurement;MechanicalEngineering;Mining;NaturalPhilosophy;NeolithicSettlement;OrganizedDefense;OrganizedWatch;Quarry;Smithing_Bronze;Smithing_Copper;Smithing_Iron;Steelmaking;StoneTools;TextileCraft;VillageCrafts;VillageOrganization;Woodworking;WrittenRecords",""
1120,Medieval,23.985,168,1.6,0,806.48,256,550.48,0.317,206,1325,"Industrialization","Biomass=54816.5;Bronze=44188.19;Ceramic=75280.54;Clay=69189.05;Cloth=86706.45;Coal=79505.2;Copper=59232.93;CopperOre=41150.46;Iron=22501.48;IronOre=22852.03;Steel=46383.87;StoneBrick=85914.54;StoneChunk=115601.96;Tin=59432.93;TinOre=23208.03;WoodLog=377776.01","CeramicKiln=2;CharcoalKiln=2;ClayPit=2;CoalMine=2;Farm=0;FiberGatheringCamp=2;Granary=2;IrrigationWorks=2;KnowledgeCircle=0;Lumberyard=2;MetalMine=2;MetalSmelter=2;Quarry=2;ScribeHut=2;Smokehouse=0;SteelForge=2;StoneCuttingWorkshop=2;StoneHouse=12;WeavingWorkshop=2;WoodHouse=0","Agriculture;AnimalFodder;AnimalHusbandry;Calendar;CeramicFiring;CharcoalMaking;ClayExtraction;ControlledFire;CouncilGovernance;CropRotation;FeudalAdministration;FoodPreservation;FoodStorage;HerbalKnowledge;IrrigationEngineering;KnowledgeSharing;Masonry;Mathematics;Measurement;MechanicalEngineering;Mining;NaturalPhilosophy;NeolithicSettlement;OrganizedDefense;OrganizedWatch;Quarry;Smithing_Bronze;Smithing_Copper;Smithing_Iron;Steelmaking;StoneTools;TextileCraft;VillageCrafts;VillageOrganization;Woodworking;WrittenRecords",""
1130,Medieval,23.985,168,1.6,0,806.48,256,550.48,0.317,206,1325,"Industrialization","Biomass=55232.75;Bronze=44716.72;Ceramic=75998.29;Clay=69801.05;Cloth=87522.08;Coal=79940.96;Copper=59937.63;CopperOre=41398.37;Iron=22643.68;IronOre=22937.86;Steel=47134.25;StoneBrick=86760.18;StoneChunk=116564.96;Tin=60137.63;TinOre=23293.86;WoodLog=380890.38","CeramicKiln=2;CharcoalKiln=2;ClayPit=2;CoalMine=2;Farm=0;FiberGatheringCamp=2;Granary=2;IrrigationWorks=2;KnowledgeCircle=0;Lumberyard=2;MetalMine=2;MetalSmelter=2;Quarry=2;ScribeHut=2;Smokehouse=0;SteelForge=2;StoneCuttingWorkshop=2;StoneHouse=12;WeavingWorkshop=2;WoodHouse=0","Agriculture;AnimalFodder;AnimalHusbandry;Calendar;CeramicFiring;CharcoalMaking;ClayExtraction;ControlledFire;CouncilGovernance;CropRotation;FeudalAdministration;FoodPreservation;FoodStorage;HerbalKnowledge;IrrigationEngineering;KnowledgeSharing;Masonry;Mathematics;Measurement;MechanicalEngineering;Mining;NaturalPhilosophy;NeolithicSettlement;OrganizedDefense;OrganizedWatch;Quarry;Smithing_Bronze;Smithing_Copper;Smithing_Iron;Steelmaking;StoneTools;TextileCraft;VillageCrafts;VillageOrganization;Woodworking;WrittenRecords",""
43200,Spacer,2094.175,2162,2.65,0,8906.72,8804,102.72,0.988,2724,2725,"PhaseMaterialEngineering","Aluminum=5207701.26;BauxiteOre=58838940.6;Biomass=6844513527.71;Bronze=370887839.5;Ceramic=57372226.05;Chemical=3794891.05;Clay=236212634.19;Cloth=17596100.29;Coal=78203056.91;Coke=125305303.58;Composite=6962168.1;Concrete=8735732.49;Copper=443553870.34;CopperOre=3977961.41;CopperWire=13106069.56;CrudeOil=17636624.25;Electronics=3360049.11;Engine=2684490.55;Explosives=5603899.62;Glass=5851908.07;Iron=270299994.05;IronOre=7950605.61;Lubricant=7000558.14;Machinery=13862249.31;NickelConcentrate=36922589.47;RefinedFuel=25078888.42;RocketFuel=3158692.73;Rubber=5942176.2;Steel=538575198.58;StoneBrick=33435985.88;StoneChunk=78357113.92;Tin=357514464.69;TinOre=108142.39;TitaniumAlloy=1919057.41;TitaniumConcentrate=53455726.45;WoodLog=36453.35","Academy=0;AdvancedCeramicsPlant=4;AluminumSmelter=1;Caravanserai=0;CentralPowerStation=2;CeramicKiln=1;CharcoalKiln=0;ChemicalPlant=2;ClayPit=2;CoalMine=1;CokeOven=0;ConcreteWorks=1;Farm=1;FiberGatheringCamp=1;Glassworks=1;Granary=2;IndustrialCarbonizationRetort=17;IndustrialClayProcessingWorks=4;IndustrialMetalSmelter=28;IndustrialStoneworks=1;IntegratedPetrochemicalComplex=1;IrrigationWorks=35;KnowledgeCircle=0;Library=0;Lumberyard=2;MachineFactory=2;MechanizedCoalMine=2;MetalMine=1;MetalSmelter=1;OilDerrick=2;OilRefinery=1;PlantingField=36;Quarry=1;RailHub=5;RareMetalMine=5;ScribeHut=0;Smokehouse=0;SteamPlant=0;SteelForge=0;StoneCuttingWorkshop=2;StoneHouse=43;TitaniumMetallurgicalComplex=1;TownHouse=39;University=2;WeavingWorkshop=2;WireMill=2;WoodHouse=0","AdvancedCeramicEngineering;Agriculture;AluminumMetallurgy;AnimalFodder;AnimalHusbandry;AutonomousOrbitalMining;Bookmaking;Calendar;CeramicFiring;CharcoalMaking;ChlorideTitaniumMetallurgy;ClayExtraction;Coking;CombustionEngines;ConcreteEngineering;ControlledFire;CouncilGovernance;CropRotation;DeepOilDrilling;DeepSpaceFleet;DeepSpaceShipbuilding;ElectricalCommunication;ElectricalEngineering;FactoryOrganization;FeudalAdministration;FirstContact;FoodPreservation;FoodStorage;Fortification;GuildSystem;Gunpowder;HerbalKnowledge;IndustrialAgriculture;IndustrialChemistry;IndustrialExplosives;IndustrialHabitationEngineering;Industrialization;IndustrialMetalSmelting;IndustrialWorkshop;InterstellarNavigation;IrrigationEngineering;KnowledgeSharing;LogisticsManagement;Masonry;MassProduction;Mathematics;Measurement;MechanicalEngineering;MechanizedForestry;MilitaryIndustry;Mining;ModernMedicine;ModernUniversity;NaturalPhilosophy;NeolithicSettlement;NickelHydrometallurgy;OrbitalEngineering;OrbitalHabitation;OrganizedDefense;OrganizedWatch;PetroleumExtraction;PhantomMaterials;PowerGridEngineering;PrecisionManufacturing;PublicHealth;Quarry;RailwayEngineering;RareMetalResourceDevelopment;ScholasticInstitutions;ScientificInstrumentation;ScientificMethod;Smithing_Bronze;Smithing_Copper;Smithing_Iron;Standardization;StandingArmy;SteamPower;Steelmaking;StoneTools;SyntheticFertilizers;TextileCraft;TitaniumAlloyEngineering;TradeRoutes;UrbanHousing;VillageCrafts;VillageOrganization;Woodworking;WrittenRecords","AdvancedCeramicFiring;AgriculturalMachinery;AluminumBusbars;AluminumElectrolyticCells;BlockSignalling;CokeOvenOptimization;ConcreteBatching;ContinuousDistillation;ControlledBlasting;ConveyorSystems;DraftingTables;ElectricalInstrumentation;FuelInjection;HeavyMineralSeparationSystem;HighPressureTurbines;HotBlastStoves;IndustrialHousingStandards;InsulatedWindings;IntegratedFurnaces;LaboratoryGlassware;LightAlloyFrames;MechanicalLooms;MechanizedForestryEquipment;NickelLeachingElectrowinningSystem;OrbitalThermalManagement;PoweredMining;PrecisionTooling;PressurizedReactors;ReinforcedBoilers;RotaryDrillingHeads;RotaryKilns;StandardizedFreightContainers;VacuumArcFurnace"
