FirstSeconds,LastSeconds,Route,Subsystem,Outcome,Candidate,RepeatCount,Reason
0,71580,Conservative,"Workshop","Blocked","",260,"industrial-workshop system is locked"
0,0,Conservative,"Building","Waiting","",1,"productivity or territory is insufficient"
0,0,Conservative,"Research","Selected","Agriculture",1,"score=240.275"
1,26,Conservative,"Research","Waiting","Agriculture",26,"complete resource cost is not yet affordable"
27,27,Conservative,"Research","Paid","Agriculture",1,"complete resource cost paid atomically"
88,88,Conservative,"Research","Completed","Agriculture",1,"elapsed=88s"
270,270,Conservative,"Building","Constructed","WoodHouse",1,"score=145; count=1"
300,300,Conservative,"Research","Selected","ControlledFire",1,"score=153.662"
301,301,Conservative,"Research","Paid","ControlledFire",1,"complete resource cost paid atomically"
313,313,Conservative,"Research","Completed","ControlledFire",1,"elapsed=13s"
540,540,Conservative,"Building","Constructed","Farm",1,"score=410; count=1"
600,600,Conservative,"Research","Selected","ClayExtraction",1,"score=146.437"
601,601,Conservative,"Research","Paid","ClayExtraction",1,"complete resource cost paid atomically"
652,652,Conservative,"Research","Completed","ClayExtraction",1,"elapsed=52s"
810,810,Conservative,"Building","Constructed","ClayPit",1,"score=270; count=1"
900,900,Conservative,"Research","Selected","Quarry",1,"score=70.05"
901,901,Conservative,"Research","Paid","Quarry",1,"complete resource cost paid atomically"
926,926,Conservative,"Research","Completed","Quarry",1,"elapsed=26s"
1080,1080,Conservative,"Building","Constructed","FiberGatheringCamp",1,"score=270; count=1"
1200,1200,Conservative,"Research","Selected","StoneTools",1,"score=185.859"
1201,1632,Conservative,"Research","Waiting","StoneTools",432,"complete resource cost is not yet affordable"
1350,1350,Conservative,"Building","Constructed","WoodHouse",1,"score=25; count=2"
1620,1620,Conservative,"Building","Constructed","Quarry",1,"score=320; count=1"
1633,1633,Conservative,"Research","Paid","StoneTools",1,"complete resource cost paid atomically"
1793,1793,Conservative,"Research","Completed","StoneTools",1,"elapsed=593s"
1793,1793,Conservative,"Research","Selected","Mining",1,"score=165.937"
1794,1794,Conservative,"Research","Paid","Mining",1,"complete resource cost paid atomically"
1890,1890,Conservative,"Building","Constructed","Farm",1,"score=290; count=2"
2160,2160,Conservative,"Building","Constructed","WoodHouse",1,"score=25; count=3"
2191,2191,Conservative,"Research","Completed","Mining",1,"elapsed=398s"
2191,2191,Conservative,"Research","Selected","Woodworking",1,"score=73.503"
2192,2192,Conservative,"Research","Paid","Woodworking",1,"complete resource cost paid atomically"
2430,2430,Conservative,"Building","Constructed","StoneCuttingWorkshop",1,"score=160; count=1"
2440,2440,Conservative,"Research","Completed","Woodworking",1,"elapsed=249s"
2491,2491,Conservative,"Research","Selected","KnowledgeSharing",1,"score=58.05"
2492,2492,Conservative,"Research","Paid","KnowledgeSharing",1,"complete resource cost paid atomically"
2700,2700,Conservative,"Building","Constructed","Lumberyard",1,"score=620; count=1"
2764,2764,Conservative,"Research","Completed","KnowledgeSharing",1,"elapsed=273s"
2791,2791,Conservative,"Research","Selected","HerbalKnowledge",1,"score=9.847"
2792,2792,Conservative,"Research","Paid","HerbalKnowledge",1,"complete resource cost paid atomically"
2959,2959,Conservative,"Research","Completed","HerbalKnowledge",1,"elapsed=168s"
2970,2970,Conservative,"Building","Constructed","Lumberyard",1,"score=500; count=2"
3091,3091,Conservative,"Research","Selected","AnimalHusbandry",1,"score=-13.563"
3092,3092,Conservative,"Research","Paid","AnimalHusbandry",1,"complete resource cost paid atomically"
3139,3139,Conservative,"Research","Completed","AnimalHusbandry",1,"elapsed=48s"
3240,3240,Conservative,"Building","Constructed","FiberGatheringCamp",1,"score=150; count=2"
3391,3391,Conservative,"Research","Selected","NeolithicSettlement",1,"score=301.551"
3392,3392,Conservative,"Research","Paid","NeolithicSettlement",1,"complete resource cost paid atomically"
3510,3510,Conservative,"Building","Constructed","WoodHouse",1,"score=25; count=4"
3780,3780,Conservative,"Building","Constructed","Quarry",1,"score=200; count=2"
3875,3875,Conservative,"Research","Completed","NeolithicSettlement",1,"elapsed=484s"
3875,3875,Conservative,"Research","Selected","CeramicFiring",1,"score=215.937"
3876,4911,Conservative,"Research","Waiting","CeramicFiring",1036,"complete resource cost is not yet affordable"
4050,4050,Conservative,"Building","Constructed","KnowledgeCircle",1,"score=220; count=1"
4320,4320,Conservative,"Building","Constructed","KnowledgeCircle",1,"score=100; count=2"
4590,4590,Conservative,"Building","Constructed","MetalMine",1,"score=380; count=1"
4860,4860,Conservative,"Building","Constructed","CoalMine",1,"score=270; count=1"
4912,4912,Conservative,"Research","Paid","CeramicFiring",1,"complete resource cost paid atomically"
5130,5130,Conservative,"Building","Constructed","MetalMine",1,"score=260; count=2"
5156,5156,Conservative,"Research","Completed","CeramicFiring",1,"elapsed=1281s"
5156,5156,Conservative,"Research","Selected","TextileCraft",1,"score=136.551"
5157,5157,Conservative,"Research","Paid","TextileCraft",1,"complete resource cost paid atomically"
5374,5374,Conservative,"Research","Completed","TextileCraft",1,"elapsed=218s"
5400,5400,Conservative,"Building","Constructed","CeramicKiln",1,"score=184; count=1"
5456,5456,Conservative,"Research","Selected","CharcoalMaking",1,"score=49.662"
5457,5457,Conservative,"Research","Paid","CharcoalMaking",1,"complete resource cost paid atomically"
5670,5670,Conservative,"Building","Constructed","WeavingWorkshop",1,"score=100; count=1"
5940,5940,Conservative,"Building","Constructed","ClayPit",1,"score=150; count=2"
6210,6210,Conservative,"Building","Constructed","CoalMine",1,"score=150; count=2"
6273,6273,Conservative,"Research","Completed","CharcoalMaking",1,"elapsed=817s"
6273,6273,Conservative,"Research","Selected","Mathematics",1,"score=-23.765"
6274,6274,Conservative,"Research","Paid","Mathematics",1,"complete resource cost paid atomically"
6480,6480,Conservative,"Building","Constructed","CharcoalKiln",1,"score=140; count=1"
6621,6621,Conservative,"Research","Completed","Mathematics",1,"elapsed=348s"
6621,6621,Conservative,"Research","Selected","Calendar",1,"score=-9.345"
6622,6622,Conservative,"Research","Paid","Calendar",1,"complete resource cost paid atomically"
6750,6750,Conservative,"Building","Constructed","CeramicKiln",1,"score=64; count=2"
6921,6921,Conservative,"Research","Completed","Calendar",1,"elapsed=300s"
6921,6921,Conservative,"Research","Selected","WrittenRecords",1,"score=144.245"
6922,6922,Conservative,"Research","Paid","WrittenRecords",1,"complete resource cost paid atomically"
7020,7020,Conservative,"Building","Constructed","StoneCuttingWorkshop",1,"score=40; count=2"
7290,7290,Conservative,"Building","Constructed","WoodHouse",1,"score=25; count=5"
7560,7560,Conservative,"Building","Constructed","WoodHouse",1,"score=25; count=6"
7602,7602,Conservative,"Research","Completed","WrittenRecords",1,"elapsed=681s"
7602,7602,Conservative,"Research","Selected","FoodPreservation",1,"score=55.937"
7603,7603,Conservative,"Research","Paid","FoodPreservation",1,"complete resource cost paid atomically"
7830,8100,Conservative,"Building","Upgraded","KnowledgeCircle->ScribeHut",2,"eligible upgrade chain selected"
7869,7869,Conservative,"Research","Completed","FoodPreservation",1,"elapsed=267s"
7902,7902,Conservative,"Research","Selected","NaturalPhilosophy",1,"score=-11.366"
7903,7903,Conservative,"Research","Paid","NaturalPhilosophy",1,"complete resource cost paid atomically"
8148,8148,Conservative,"Research","Completed","NaturalPhilosophy",1,"elapsed=246s"
8202,8202,Conservative,"Research","Selected","VillageOrganization",1,"score=-25.109"
8203,8203,Conservative,"Research","Paid","VillageOrganization",1,"complete resource cost paid atomically"
8341,8341,Conservative,"Research","Completed","VillageOrganization",1,"elapsed=139s"
8370,8370,Conservative,"Building","Constructed","Smokehouse",1,"score=245; count=1"
8502,8502,Conservative,"Research","Selected","OrganizedDefense",1,"score=-25.563"
8503,8503,Conservative,"Research","Paid","OrganizedDefense",1,"complete resource cost paid atomically"
8640,8640,Conservative,"Building","Constructed","Smokehouse",1,"score=125; count=2"
8652,8652,Conservative,"Research","Completed","OrganizedDefense",1,"elapsed=150s"
8802,8802,Conservative,"Research","Selected","Measurement",1,"score=-27.062"
8803,8803,Conservative,"Research","Paid","Measurement",1,"complete resource cost paid atomically"
8910,8910,Conservative,"Building","Constructed","WoodHouse",1,"score=25; count=7"
8934,8934,Conservative,"Research","Completed","Measurement",1,"elapsed=132s"
9102,9102,Conservative,"Research","Selected","Masonry",1,"score=62.847"
9103,9103,Conservative,"Research","Paid","Masonry",1,"complete resource cost paid atomically"
9180,9180,Conservative,"Building","Constructed","WoodHouse",1,"score=25; count=8"
9450,9450,Conservative,"Building","Constructed","WoodHouse",1,"score=25; count=9"
9465,9465,Conservative,"Research","Completed","Masonry",1,"elapsed=363s"
9465,9465,Conservative,"Research","Selected","IrrigationEngineering",1,"score=61.272"
9466,9466,Conservative,"Research","Paid","IrrigationEngineering",1,"complete resource cost paid atomically"
9720,9990,Conservative,"Building","Upgraded","WoodHouse->StoneHouse",2,"eligible upgrade chain selected"
10029,10029,Conservative,"Research","Completed","IrrigationEngineering",1,"elapsed=564s"
10029,10029,Conservative,"Research","Selected","Smithing_Copper",1,"score=59.887"
10030,10030,Conservative,"Research","Paid","Smithing_Copper",1,"complete resource cost paid atomically"
10260,10530,Conservative,"Building","Upgraded","Farm->IrrigationWorks",2,"eligible upgrade chain selected"
10677,10677,Conservative,"Research","Completed","Smithing_Copper",1,"elapsed=648s"
10677,10677,Conservative,"Research","Selected","FoodStorage",1,"score=51.521"
10678,10678,Conservative,"Research","Paid","FoodStorage",1,"complete resource cost paid atomically"
10800,10800,Conservative,"Building","Upgraded","WoodHouse->StoneHouse",1,"eligible upgrade chain selected"
10855,10855,Conservative,"Research","Completed","FoodStorage",1,"elapsed=178s"
10977,10977,Conservative,"Research","Selected","CropRotation",1,"score=-19.367"
10978,10978,Conservative,"Research","Paid","CropRotation",1,"complete resource cost paid atomically"
11070,11340,Conservative,"Building","Upgraded","Smokehouse->Granary",2,"eligible upgrade chain selected"
11537,11537,Conservative,"Research","Completed","CropRotation",1,"elapsed=560s"
11537,11537,Conservative,"Research","Selected","AnimalFodder",1,"score=-31.141"
11538,11538,Conservative,"Research","Paid","AnimalFodder",1,"complete resource cost paid atomically"
11610,12960,Conservative,"Building","Upgraded","WoodHouse->StoneHouse",6,"eligible upgrade chain selected"
11853,11853,Conservative,"Research","Completed","AnimalFodder",1,"elapsed=316s"
11853,11853,Conservative,"Research","Selected","VillageCrafts",1,"score=-33.95"
11854,13463,Conservative,"Research","Waiting","VillageCrafts",1610,"complete resource cost is not yet affordable"
13230,13230,Conservative,"Building","Constructed","MetalSmelter",1,"score=285; count=1"
13464,13464,Conservative,"Research","Paid","VillageCrafts",1,"complete resource cost paid atomically"
13500,13500,Conservative,"Building","Constructed","MetalSmelter",1,"score=165; count=2"
13770,13770,Conservative,"Building","Constructed","StoneHouse",1,"score=60; count=10"
14040,14040,Conservative,"Building","Constructed","StoneHouse",1,"score=60; count=11"
14052,14052,Conservative,"Research","Completed","VillageCrafts",1,"elapsed=2199s"
14052,14052,Conservative,"Research","Selected","CouncilGovernance",1,"score=-34.754"
14053,14053,Conservative,"Research","Paid","CouncilGovernance",1,"complete resource cost paid atomically"
14310,14310,Conservative,"Building","Constructed","StoneHouse",1,"score=60; count=12"
14580,14580,Conservative,"Building","Constructed","CharcoalKiln",1,"score=20; count=2"
14725,14725,Conservative,"Research","Completed","CouncilGovernance",1,"elapsed=673s"
14725,14725,Conservative,"Research","Selected","Smithing_Bronze",1,"score=-36.867"
14726,14726,Conservative,"Research","Paid","Smithing_Bronze",1,"complete resource cost paid atomically"
14850,14850,Conservative,"Building","Constructed","WeavingWorkshop",1,"score=-20; count=2"
15120,26190,Conservative,"Building","Waiting","",42,"productivity or territory is insufficient"
15682,15682,Conservative,"Research","Completed","Smithing_Bronze",1,"elapsed=957s"
15682,15682,Conservative,"Research","Selected","OrganizedWatch",1,"score=-35.765"
15683,15683,Conservative,"Research","Paid","OrganizedWatch",1,"complete resource cost paid atomically"
16443,16443,Conservative,"Research","Completed","OrganizedWatch",1,"elapsed=761s"
16443,16443,Conservative,"Research","Selected","Smithing_Iron",1,"score=-36.345"
16444,16444,Conservative,"Research","Paid","Smithing_Iron",1,"complete resource cost paid atomically"
17281,17281,Conservative,"Research","Completed","Smithing_Iron",1,"elapsed=838s"
17281,17281,Conservative,"Research","Selected","FeudalAdministration",1,"score=-71.367"
17282,17282,Conservative,"Research","Paid","FeudalAdministration",1,"complete resource cost paid atomically"
25579,25579,Conservative,"Research","Completed","FeudalAdministration",1,"elapsed=8298s"
25579,25579,Conservative,"Research","Selected","Steelmaking",1,"score=88.895"
25580,25580,Conservative,"Research","Paid","Steelmaking",1,"complete resource cost paid atomically"
26410,26410,Conservative,"Research","Completed","Steelmaking",1,"elapsed=831s"
26410,26410,Conservative,"Research","Selected","MechanicalEngineering",1,"score=-19.522"
26420,28010,Conservative,"Research","Waiting","MechanicalEngineering",160,"complete resource cost is not yet affordable"
26460,26460,Conservative,"Building","Constructed","SteelForge",1,"score=160; count=1"
26730,26730,Conservative,"Building","Constructed","SteelForge",1,"score=40; count=2"
27000,68310,Conservative,"Building","Waiting","",154,"productivity or territory is insufficient"
28020,28020,Conservative,"Research","Paid","MechanicalEngineering",1,"complete resource cost paid atomically"
28610,28610,Conservative,"Research","Completed","MechanicalEngineering",1,"elapsed=2200s"
28610,28610,Conservative,"Research","Selected","Industrialization",1,"score=593.684"
28620,47200,Conservative,"Research","Waiting","Industrialization",1859,"complete resource cost is not yet affordable"
47210,47210,Conservative,"Research","Paid","Industrialization",1,"complete resource cost paid atomically"
68570,68570,Conservative,"Research","Completed","Industrialization",1,"elapsed=39960s"
68570,68570,Conservative,"Research","Selected","IndustrialWorkshop",1,"score=955.549"
68580,68580,Conservative,"Research","Paid","IndustrialWorkshop",1,"complete resource cost paid atomically"
68580,73980,Conservative,"Building","Waiting","",10,"productivity or territory is insufficient [CokeOven:candidate=False;constructible=True;affordable=False;available=False;owned=0;upgradeTo=IndustrialCarbonizationRetort;research=SteamPower|Coking;workshop=;productivity=1140.44;territory=2119]"
72180,72180,Conservative,"Research","Completed","IndustrialWorkshop",1,"elapsed=3610s"
72180,72180,Conservative,"Workshop","Purchased","DraftingTables",1,"score=-46"
72180,72180,Conservative,"Research","Selected","PetroleumExtraction",1,"score=209.503"
72780,72780,Conservative,"Research","Paid","PetroleumExtraction",1,"complete resource cost paid atomically"
72780,81780,Conservative,"Workshop","Waiting","",16,"no prerequisite-complete upgrade"
74580,74580,Conservative,"Building","Waiting","",1,"productivity or territory is insufficient [CokeOven:candidate=False;constructible=True;affordable=False;available=False;owned=0;upgradeTo=IndustrialCarbonizationRetort;research=SteamPower|Coking;workshop=;productivity=1138.08;territory=2119]"
75180,75180,Conservative,"Building","Waiting","",1,"productivity or territory is insufficient [CokeOven:candidate=False;constructible=True;affordable=False;available=False;owned=0;upgradeTo=IndustrialCarbonizationRetort;research=SteamPower|Coking;workshop=;productivity=1293.84;territory=2119]"
75780,75780,Conservative,"Building","Waiting","",1,"productivity or territory is insufficient [CokeOven:candidate=False;constructible=True;affordable=False;available=False;owned=0;upgradeTo=IndustrialCarbonizationRetort;research=SteamPower|Coking;workshop=;productivity=1270.24;territory=2119]"
76380,76380,Conservative,"Building","Waiting","",1,"productivity or territory is insufficient [CokeOven:candidate=False;constructible=True;affordable=False;available=False;owned=0;upgradeTo=IndustrialCarbonizationRetort;research=SteamPower|Coking;workshop=;productivity=1249;territory=2119]"
76980,76980,Conservative,"Building","Waiting","",1,"productivity or territory is insufficient [CokeOven:candidate=False;constructible=True;affordable=False;available=False;owned=0;upgradeTo=IndustrialCarbonizationRetort;research=SteamPower|Coking;workshop=;productivity=1230.12;territory=2119]"
77580,77580,Conservative,"Building","Waiting","",1,"productivity or territory is insufficient [CokeOven:candidate=False;constructible=True;affordable=False;available=False;owned=0;upgradeTo=IndustrialCarbonizationRetort;research=SteamPower|Coking;workshop=;productivity=1213.6;territory=2119]"
78180,78180,Conservative,"Research","Completed","PetroleumExtraction",1,"elapsed=6000s"
78180,78180,Conservative,"Building","Waiting","",1,"productivity or territory is insufficient [CokeOven:candidate=False;constructible=True;affordable=False;available=False;owned=0;upgradeTo=IndustrialCarbonizationRetort;research=SteamPower|Coking;workshop=;productivity=1201.8;territory=2119]"
78180,78180,Conservative,"Research","Selected","SteamPower",1,"score=116.499"
78780,78780,Conservative,"Research","Paid","SteamPower",1,"complete resource cost paid atomically"
78780,78780,Conservative,"Building","Waiting","",1,"productivity or territory is insufficient [CokeOven:candidate=False;constructible=True;affordable=False;available=False;owned=0;upgradeTo=IndustrialCarbonizationRetort;research=SteamPower|Coking;workshop=;productivity=1192.36;territory=2119]"
79380,79380,Conservative,"Building","Waiting","",1,"productivity or territory is insufficient [CokeOven:candidate=False;constructible=True;affordable=False;available=False;owned=0;upgradeTo=IndustrialCarbonizationRetort;research=SteamPower|Coking;workshop=;productivity=1182.92;territory=2119]"
79980,79980,Conservative,"Building","Waiting","",1,"productivity or territory is insufficient [CokeOven:candidate=False;constructible=True;affordable=False;available=False;owned=0;upgradeTo=IndustrialCarbonizationRetort;research=SteamPower|Coking;workshop=;productivity=1175.84;territory=2119]"
80580,80580,Conservative,"Building","Waiting","",1,"productivity or territory is insufficient [CokeOven:candidate=False;constructible=True;affordable=False;available=False;owned=0;upgradeTo=IndustrialCarbonizationRetort;research=SteamPower|Coking;workshop=;productivity=1171.12;territory=2119]"
81180,81180,Conservative,"Building","Waiting","",1,"productivity or territory is insufficient [CokeOven:candidate=False;constructible=True;affordable=False;available=False;owned=0;upgradeTo=IndustrialCarbonizationRetort;research=SteamPower|Coking;workshop=;productivity=1164.04;territory=2119]"
81780,81780,Conservative,"Building","Waiting","",1,"productivity or territory is insufficient [CokeOven:candidate=False;constructible=True;affordable=False;available=False;owned=0;upgradeTo=IndustrialCarbonizationRetort;research=SteamPower|Coking;workshop=;productivity=1161.68;territory=2119]"
82380,82380,Conservative,"Research","Completed","SteamPower",1,"elapsed=4200s"
82380,112380,Conservative,"Workshop","Waiting","",51,"upgrade resources are insufficient"
82380,82380,Conservative,"Building","Constructed","SteamPlant",1,"score=60; count=1"
82380,82380,Conservative,"Research","Selected","Coking",1,"score=383.246"
82980,82980,Conservative,"Research","Paid","Coking",1,"complete resource cost paid atomically"
82980,82980,Conservative,"Building","Constructed","SteamPlant",1,"score=-60; count=2"
83580,83580,Conservative,"Building","Waiting","",1,"productivity or territory is insufficient [CokeOven:candidate=False;constructible=True;affordable=False;available=False;owned=0;upgradeTo=IndustrialCarbonizationRetort;research=SteamPower|Coking;workshop=;productivity=1032.24;territory=2083]"
84180,84180,Conservative,"Building","Waiting","",1,"productivity or territory is insufficient [CokeOven:candidate=False;constructible=True;affordable=False;available=False;owned=0;upgradeTo=IndustrialCarbonizationRetort;research=SteamPower|Coking;workshop=;productivity=1029.88;territory=2083]"
84780,85380,Conservative,"Building","Waiting","",2,"productivity or territory is insufficient [CokeOven:candidate=False;constructible=True;affordable=False;available=False;owned=0;upgradeTo=IndustrialCarbonizationRetort;research=SteamPower|Coking;workshop=;productivity=1027.52;territory=2083]"
85980,86580,Conservative,"Building","Waiting","",2,"productivity or territory is insufficient [CokeOven:candidate=False;constructible=True;affordable=False;available=False;owned=0;upgradeTo=IndustrialCarbonizationRetort;research=SteamPower|Coking;workshop=;productivity=1025.16;territory=2083]"
87180,88380,Conservative,"Building","Waiting","",3,"productivity or territory is insufficient [CokeOven:candidate=False;constructible=True;affordable=False;available=False;owned=0;upgradeTo=IndustrialCarbonizationRetort;research=SteamPower|Coking;workshop=;productivity=1022.8;territory=2083]"
88980,88980,Conservative,"Research","Completed","Coking",1,"elapsed=6600s"
88980,88980,Conservative,"Building","Constructed","CokeOven",1,"score=210; count=1"
88980,88980,Conservative,"Research","Selected","Standardization",1,"score=105.491"
89580,89580,Conservative,"Research","Paid","Standardization",1,"complete resource cost paid atomically"
89580,89580,Conservative,"Building","Constructed","CokeOven",1,"score=90; count=2"
90180,102780,Conservative,"Building","Waiting","",22,"productivity or territory is insufficient [CokeOven:candidate=True;constructible=True;affordable=False;available=False;owned=2;upgradeTo=IndustrialCarbonizationRetort;research=SteamPower|Coking;workshop=;productivity=996.44;territory=2055]"
103380,103380,Conservative,"Building","Waiting","",1,"productivity or territory is insufficient [CokeOven:candidate=True;constructible=True;affordable=False;available=False;owned=2;upgradeTo=IndustrialCarbonizationRetort;research=SteamPower|Coking;workshop=;productivity=994.08;territory=2055]"
103980,103980,Conservative,"Building","Waiting","",1,"productivity or territory is insufficient [CokeOven:candidate=True;constructible=True;affordable=False;available=False;owned=2;upgradeTo=IndustrialCarbonizationRetort;research=SteamPower|Coking;workshop=;productivity=1149.84;territory=2055]"
104580,104580,Conservative,"Building","Waiting","",1,"productivity or territory is insufficient [CokeOven:candidate=True;constructible=True;affordable=False;available=False;owned=2;upgradeTo=IndustrialCarbonizationRetort;research=SteamPower|Coking;workshop=;productivity=1126.24;territory=2055]"
105180,105180,Conservative,"Building","Waiting","",1,"productivity or territory is insufficient [CokeOven:candidate=True;constructible=True;affordable=False;available=False;owned=2;upgradeTo=IndustrialCarbonizationRetort;research=SteamPower|Coking;workshop=;productivity=1105;territory=2055]"
105780,105780,Conservative,"Building","Waiting","",1,"productivity or territory is insufficient [CokeOven:candidate=True;constructible=True;affordable=False;available=False;owned=2;upgradeTo=IndustrialCarbonizationRetort;research=SteamPower|Coking;workshop=;productivity=1086.12;territory=2055]"
106380,106380,Conservative,"Building","Waiting","",1,"productivity or territory is insufficient [CokeOven:candidate=True;constructible=True;affordable=False;available=False;owned=2;upgradeTo=IndustrialCarbonizationRetort;research=SteamPower|Coking;workshop=;productivity=1069.6;territory=2055]"
106980,106980,Conservative,"Building","Waiting","",1,"productivity or territory is insufficient [CokeOven:candidate=True;constructible=True;affordable=False;available=False;owned=2;upgradeTo=IndustrialCarbonizationRetort;research=SteamPower|Coking;workshop=;productivity=1057.8;territory=2055]"
107580,107580,Conservative,"Building","Waiting","",1,"productivity or territory is insufficient [CokeOven:candidate=True;constructible=True;affordable=False;available=False;owned=2;upgradeTo=IndustrialCarbonizationRetort;research=SteamPower|Coking;workshop=;productivity=1048.36;territory=2055]"
108180,108180,Conservative,"Building","Waiting","",1,"productivity or territory is insufficient [CokeOven:candidate=True;constructible=True;affordable=False;available=False;owned=2;upgradeTo=IndustrialCarbonizationRetort;research=SteamPower|Coking;workshop=;productivity=1038.92;territory=2055]"
108780,108780,Conservative,"Building","Waiting","",1,"productivity or territory is insufficient [CokeOven:candidate=True;constructible=True;affordable=False;available=False;owned=2;upgradeTo=IndustrialCarbonizationRetort;research=SteamPower|Coking;workshop=;productivity=1031.84;territory=2055]"
109380,109380,Conservative,"Building","Waiting","",1,"productivity or territory is insufficient [CokeOven:candidate=True;constructible=True;affordable=False;available=False;owned=2;upgradeTo=IndustrialCarbonizationRetort;research=SteamPower|Coking;workshop=;productivity=1027.12;territory=2055]"
109980,109980,Conservative,"Building","Waiting","",1,"productivity or territory is insufficient [CokeOven:candidate=True;constructible=True;affordable=False;available=False;owned=2;upgradeTo=IndustrialCarbonizationRetort;research=SteamPower|Coking;workshop=;productivity=1020.04;territory=2055]"
110580,110580,Conservative,"Building","Waiting","",1,"productivity or territory is insufficient [CokeOven:candidate=True;constructible=True;affordable=False;available=False;owned=2;upgradeTo=IndustrialCarbonizationRetort;research=SteamPower|Coking;workshop=;productivity=1017.68;territory=2055]"
111180,111180,Conservative,"Building","Waiting","",1,"productivity or territory is insufficient [CokeOven:candidate=True;constructible=True;affordable=False;available=False;owned=2;upgradeTo=IndustrialCarbonizationRetort;research=SteamPower|Coking;workshop=;productivity=1012.96;territory=2055]"
111780,111780,Conservative,"Building","Waiting","",1,"productivity or territory is insufficient [CokeOven:candidate=True;constructible=True;affordable=False;available=False;owned=2;upgradeTo=IndustrialCarbonizationRetort;research=SteamPower|Coking;workshop=;productivity=1010.6;territory=2055]"
112380,112380,Conservative,"Building","Waiting","",1,"productivity or territory is insufficient [CokeOven:candidate=True;constructible=True;affordable=False;available=False;owned=2;upgradeTo=IndustrialCarbonizationRetort;research=SteamPower|Coking;workshop=;productivity=1008.24;territory=2055]"
112980,112980,Conservative,"Workshop","Purchased","CokeOvenOptimization",1,"score=-114"
112980,112980,Conservative,"Building","Waiting","",1,"productivity or territory is insufficient [CokeOven:candidate=True;constructible=True;affordable=False;available=False;owned=2;upgradeTo=IndustrialCarbonizationRetort;research=SteamPower|Coking;workshop=;productivity=1005.88;territory=2055]"
113580,1662780,Conservative,"Workshop","Waiting","",2583,"upgrade resources are insufficient"
113580,114180,Conservative,"Building","Waiting","",2,"productivity or territory is insufficient [CokeOven:candidate=True;constructible=True;affordable=False;available=False;owned=2;upgradeTo=IndustrialCarbonizationRetort;research=SteamPower|Coking;workshop=;productivity=1003.52;territory=2055]"
114780,115380,Conservative,"Building","Waiting","",2,"productivity or territory is insufficient [CokeOven:candidate=True;constructible=True;affordable=False;available=False;owned=2;upgradeTo=IndustrialCarbonizationRetort;research=SteamPower|Coking;workshop=;productivity=1001.16;territory=2055]"
115980,118380,Conservative,"Building","Waiting","",5,"productivity or territory is insufficient [CokeOven:candidate=True;constructible=True;affordable=False;available=False;owned=2;upgradeTo=IndustrialCarbonizationRetort;research=SteamPower|Coking;workshop=;productivity=998.8;territory=2055]"
117180,117180,Conservative,"Research","Completed","Standardization",1,"elapsed=28200s"
117180,117180,Conservative,"Research","Selected","Bookmaking",1,"score=31.388"
117780,117780,Conservative,"Research","Paid","Bookmaking",1,"complete resource cost paid atomically"
118980,129180,Conservative,"Building","Waiting","",18,"productivity or territory is insufficient [CokeOven:candidate=True;constructible=True;affordable=False;available=False;owned=2;upgradeTo=IndustrialCarbonizationRetort;research=SteamPower|Coking;workshop=;productivity=996.44;territory=2055]"
129780,129780,Conservative,"Research","Completed","Bookmaking",1,"elapsed=12600s"
129780,130380,Conservative,"Building","Upgraded","ScribeHut->Library",2,"eligible upgrade chain selected"
129780,129780,Conservative,"Research","Selected","ScholasticInstitutions",1,"score=45.891"
130380,130380,Conservative,"Research","Paid","ScholasticInstitutions",1,"complete resource cost paid atomically"
130980,131580,Conservative,"Building","Waiting","",2,"productivity or territory is insufficient [CokeOven:candidate=True;constructible=True;affordable=False;available=False;owned=2;upgradeTo=IndustrialCarbonizationRetort;research=SteamPower|Coking;workshop=;productivity=934.44;territory=2053]"
132180,132180,Conservative,"Building","Waiting","",1,"productivity or territory is insufficient [CokeOven:candidate=True;constructible=True;affordable=False;available=False;owned=2;upgradeTo=IndustrialCarbonizationRetort;research=SteamPower|Coking;workshop=;productivity=932.08;territory=2053]"
132780,132780,Conservative,"Building","Waiting","",1,"productivity or territory is insufficient [CokeOven:candidate=True;constructible=True;affordable=False;available=False;owned=2;upgradeTo=IndustrialCarbonizationRetort;research=SteamPower|Coking;workshop=;productivity=1087.84;territory=2053]"
133380,133380,Conservative,"Building","Waiting","",1,"productivity or territory is insufficient [CokeOven:candidate=True;constructible=True;affordable=False;available=False;owned=2;upgradeTo=IndustrialCarbonizationRetort;research=SteamPower|Coking;workshop=;productivity=1064.24;territory=2053]"
133980,133980,Conservative,"Research","Completed","ScholasticInstitutions",1,"elapsed=4200s"
133980,134580,Conservative,"Building","Upgraded","Library->Academy",2,"eligible upgrade chain selected"
133980,133980,Conservative,"Research","Selected","TradeRoutes",1,"score=30.891"
134580,134580,Conservative,"Research","Paid","TradeRoutes",1,"complete resource cost paid atomically"
135180,135180,Conservative,"Building","Waiting","",1,"productivity or territory is insufficient [CokeOven:candidate=True;constructible=True;affordable=False;available=False;owned=2;upgradeTo=IndustrialCarbonizationRetort;research=SteamPower|Coking;workshop=;productivity=959.6;territory=2053]"
135780,135780,Conservative,"Building","Waiting","",1,"productivity or territory is insufficient [CokeOven:candidate=True;constructible=True;affordable=False;available=False;owned=2;upgradeTo=IndustrialCarbonizationRetort;research=SteamPower|Coking;workshop=;productivity=947.8;territory=2053]"
136380,136380,Conservative,"Building","Waiting","",1,"productivity or territory is insufficient [CokeOven:candidate=True;constructible=True;affordable=False;available=False;owned=2;upgradeTo=IndustrialCarbonizationRetort;research=SteamPower|Coking;workshop=;productivity=938.36;territory=2053]"
136980,136980,Conservative,"Research","Completed","TradeRoutes",1,"elapsed=3000s"
136980,136980,Conservative,"Building","Constructed","Caravanserai",1,"score=120; count=1"
136980,136980,Conservative,"Research","Selected","ElectricalEngineering",1,"score=29.275"
137580,137580,Conservative,"Research","Paid","ElectricalEngineering",1,"complete resource cost paid atomically"
137580,137580,Conservative,"Building","Constructed","Caravanserai",1,"score=0; count=2"
138180,138180,Conservative,"Building","Waiting","",1,"productivity or territory is insufficient [CokeOven:candidate=True;constructible=True;affordable=False;available=False;owned=2;upgradeTo=IndustrialCarbonizationRetort;research=SteamPower|Coking;workshop=;productivity=897.12;territory=2037]"
138780,138780,Conservative,"Building","Waiting","",1,"productivity or territory is insufficient [CokeOven:candidate=True;constructible=True;affordable=False;available=False;owned=2;upgradeTo=IndustrialCarbonizationRetort;research=SteamPower|Coking;workshop=;productivity=890.04;territory=2037]"
139380,139380,Conservative,"Research","Completed","ElectricalEngineering",1,"elapsed=2400s"
139380,139380,Conservative,"Building","Constructed","WireMill",1,"score=241; count=1"
139380,139380,Conservative,"Research","Selected","PowerGridEngineering",1,"score=278.549"
139980,139980,Conservative,"Research","Paid","PowerGridEngineering",1,"complete resource cost paid atomically"
139980,139980,Conservative,"Building","Constructed","WireMill",1,"score=121; count=2"
140580,140580,Conservative,"Building","Waiting","",1,"productivity or territory is insufficient [CokeOven:candidate=True;constructible=True;affordable=False;available=False;owned=2;upgradeTo=IndustrialCarbonizationRetort;research=SteamPower|Coking;workshop=;productivity=740.6;territory=2005]"
141180,141180,Conservative,"Building","Waiting","",1,"productivity or territory is insufficient [CokeOven:candidate=True;constructible=True;affordable=False;available=False;owned=2;upgradeTo=IndustrialCarbonizationRetort;research=SteamPower|Coking;workshop=;productivity=738.24;territory=2005]"
141780,141780,Conservative,"Building","Waiting","",1,"productivity or territory is insufficient [CokeOven:candidate=True;constructible=True;affordable=False;available=False;owned=2;upgradeTo=IndustrialCarbonizationRetort;research=SteamPower|Coking;workshop=;productivity=735.88;territory=2005]"
142380,142980,Conservative,"Building","Waiting","",2,"productivity or territory is insufficient [CokeOven:candidate=True;constructible=True;affordable=False;available=False;owned=2;upgradeTo=IndustrialCarbonizationRetort;research=SteamPower|Coking;workshop=;productivity=733.52;territory=2005]"
143580,144180,Conservative,"Building","Waiting","",2,"productivity or territory is insufficient [CokeOven:candidate=True;constructible=True;affordable=False;available=False;owned=2;upgradeTo=IndustrialCarbonizationRetort;research=SteamPower|Coking;workshop=;productivity=731.16;territory=2005]"
144780,144780,Conservative,"Building","Waiting","",1,"productivity or territory is insufficient [CokeOven:candidate=True;constructible=True;affordable=False;available=False;owned=2;upgradeTo=IndustrialCarbonizationRetort;research=SteamPower|Coking;workshop=;productivity=728.8;territory=2005]"
145380,145380,Conservative,"Research","Completed","PowerGridEngineering",1,"elapsed=6000s"
145380,145980,Conservative,"Building","Upgraded","SteamPlant->CentralPowerStation",2,"eligible upgrade chain selected"
145380,145380,Conservative,"Research","Selected","IndustrialChemistry",1,"score=380.437"
145980,145980,Conservative,"Research","Paid","IndustrialChemistry",1,"complete resource cost paid atomically"
146580,146580,Conservative,"Building","Waiting","",1,"productivity or territory is insufficient [CokeOven:candidate=True;constructible=True;affordable=False;available=False;owned=2;upgradeTo=IndustrialCarbonizationRetort;research=SteamPower|Coking;workshop=;productivity=628.8;territory=1985]"
147180,147180,Conservative,"Research","Completed","IndustrialChemistry",1,"elapsed=1800s"
147180,147180,Conservative,"Building","Constructed","OilDerrick",1,"score=417.6; count=1"
147180,147180,Conservative,"Research","Selected","IndustrialExplosives",1,"score=187.047"
147780,147780,Conservative,"Research","Paid","IndustrialExplosives",1,"complete resource cost paid atomically"
147780,147780,Conservative,"Building","Constructed","ChemicalPlant",1,"score=276; count=1"
148380,148380,Conservative,"Building","Constructed","OilRefinery",1,"score=244; count=1"
148980,148980,Conservative,"Building","Constructed","OilDerrick",1,"score=297.6; count=2"
149580,149580,Conservative,"Building","Constructed","ChemicalPlant",1,"score=156; count=2"
150180,150180,Conservative,"Research","Completed","IndustrialExplosives",1,"elapsed=3000s"
150180,150180,Conservative,"Building","Constructed","OilRefinery",1,"score=124; count=2"
150180,150180,Conservative,"Research","Selected","PrecisionManufacturing",1,"score=136.408"
150780,150780,Conservative,"Research","Waiting","PrecisionManufacturing",1,"complete resource cost is not yet affordable"
150780,160380,Conservative,"Building","Waiting","",17,"productivity or territory is insufficient [CokeOven:candidate=True;constructible=True;affordable=False;available=False;owned=2;upgradeTo=IndustrialCarbonizationRetort;research=SteamPower|Coking;workshop=;productivity=226.44;territory=1881]"
151380,151380,Conservative,"Research","Paid","PrecisionManufacturing",1,"complete resource cost paid atomically"
154380,154380,Conservative,"Research","Completed","PrecisionManufacturing",1,"elapsed=4200s"
154380,154380,Conservative,"Research","Selected","IndustrialMetalSmelting",1,"score=28.324"
154980,154980,Conservative,"Research","Paid","IndustrialMetalSmelting",1,"complete resource cost paid atomically"
156780,156780,Conservative,"Research","Completed","IndustrialMetalSmelting",1,"elapsed=2400s"
156780,156780,Conservative,"Research","Selected","ScientificMethod",1,"score=23.105"
157380,157380,Conservative,"Research","Paid","ScientificMethod",1,"complete resource cost paid atomically"
160980,160980,Conservative,"Building","Waiting","",1,"productivity or territory is insufficient [CokeOven:candidate=True;constructible=True;affordable=False;available=False;owned=2;upgradeTo=IndustrialCarbonizationRetort;research=SteamPower|Coking;workshop=;productivity=224.08;territory=1881]"
161580,161580,Conservative,"Building","Waiting","",1,"productivity or territory is insufficient [CokeOven:candidate=True;constructible=True;affordable=False;available=False;owned=2;upgradeTo=IndustrialCarbonizationRetort;research=SteamPower|Coking;workshop=;productivity=379.84;territory=1881]"
162180,162180,Conservative,"Building","Waiting","",1,"productivity or territory is insufficient [CokeOven:candidate=True;constructible=True;affordable=False;available=False;owned=2;upgradeTo=IndustrialCarbonizationRetort;research=SteamPower|Coking;workshop=;productivity=356.24;territory=1881]"
162780,162780,Conservative,"Building","Waiting","",1,"productivity or territory is insufficient [CokeOven:candidate=True;constructible=True;affordable=False;available=False;owned=2;upgradeTo=IndustrialCarbonizationRetort;research=SteamPower|Coking;workshop=;productivity=335;territory=1881]"
163380,163380,Conservative,"Building","Waiting","",1,"productivity or territory is insufficient [CokeOven:candidate=True;constructible=True;affordable=False;available=False;owned=2;upgradeTo=IndustrialCarbonizationRetort;research=SteamPower|Coking;workshop=;productivity=316.12;territory=1881]"
163980,163980,Conservative,"Research","Completed","ScientificMethod",1,"elapsed=7200s"
163980,163980,Conservative,"Building","Waiting","",1,"productivity or territory is insufficient [CokeOven:candidate=True;constructible=True;affordable=False;available=False;owned=2;upgradeTo=IndustrialCarbonizationRetort;research=SteamPower|Coking;workshop=;productivity=299.6;territory=1881]"
163980,163980,Conservative,"Research","Selected","PublicHealth",1,"score=-2.916"
164580,164580,Conservative,"Research","Paid","PublicHealth",1,"complete resource cost paid atomically"
164580,164580,Conservative,"Building","Waiting","",1,"productivity or territory is insufficient [CokeOven:candidate=True;constructible=True;affordable=False;available=False;owned=2;upgradeTo=IndustrialCarbonizationRetort;research=SteamPower|Coking;workshop=;productivity=287.8;territory=1881]"
165180,165180,Conservative,"Building","Waiting","",1,"productivity or territory is insufficient [CokeOven:candidate=True;constructible=True;affordable=False;available=False;owned=2;upgradeTo=IndustrialCarbonizationRetort;research=SteamPower|Coking;workshop=;productivity=278.36;territory=1881]"
165780,165780,Conservative,"Building","Waiting","",1,"productivity or territory is insufficient [CokeOven:candidate=True;constructible=True;affordable=False;available=False;owned=2;upgradeTo=IndustrialCarbonizationRetort;research=SteamPower|Coking;workshop=;productivity=268.92;territory=1881]"
166380,166380,Conservative,"Research","Completed","PublicHealth",1,"elapsed=2400s"
166380,166380,Conservative,"Building","Waiting","",1,"productivity or territory is insufficient [CokeOven:candidate=True;constructible=True;affordable=False;available=False;owned=2;upgradeTo=IndustrialCarbonizationRetort;research=SteamPower|Coking;workshop=;productivity=308.84;territory=1881]"
166380,166380,Conservative,"Research","Selected","GuildSystem",1,"score=-47.113"
166980,166980,Conservative,"Research","Paid","GuildSystem",1,"complete resource cost paid atomically"
166980,166980,Conservative,"Building","Waiting","",1,"productivity or territory is insufficient [CokeOven:candidate=True;constructible=True;affordable=False;available=False;owned=2;upgradeTo=IndustrialCarbonizationRetort;research=SteamPower|Coking;workshop=;productivity=303.12;territory=1881]"
167580,167580,Conservative,"Building","Waiting","",1,"productivity or territory is insufficient [CokeOven:candidate=True;constructible=True;affordable=False;available=False;owned=2;upgradeTo=IndustrialCarbonizationRetort;research=SteamPower|Coking;workshop=;productivity=294.54;territory=1881]"
168180,168180,Conservative,"Research","Completed","GuildSystem",1,"elapsed=1800s"
168180,168180,Conservative,"Building","Waiting","",1,"productivity or territory is insufficient [CokeOven:candidate=True;constructible=True;affordable=False;available=False;owned=2;upgradeTo=IndustrialCarbonizationRetort;research=SteamPower|Coking;workshop=;productivity=291.68;territory=1881]"
168180,168180,Conservative,"Research","Selected","Fortification",1,"score=-48.867"
168780,168780,Conservative,"Research","Paid","Fortification",1,"complete resource cost paid atomically"
168780,168780,Conservative,"Building","Waiting","",1,"productivity or territory is insufficient [CokeOven:candidate=True;constructible=True;affordable=False;available=False;owned=2;upgradeTo=IndustrialCarbonizationRetort;research=SteamPower|Coking;workshop=;productivity=285.96;territory=1881]"
169380,169380,Conservative,"Building","Waiting","",1,"productivity or territory is insufficient [CokeOven:candidate=True;constructible=True;affordable=False;available=False;owned=2;upgradeTo=IndustrialCarbonizationRetort;research=SteamPower|Coking;workshop=;productivity=283.1;territory=1881]"
169980,169980,Conservative,"Building","Waiting","",1,"productivity or territory is insufficient [CokeOven:candidate=True;constructible=True;affordable=False;available=False;owned=2;upgradeTo=IndustrialCarbonizationRetort;research=SteamPower|Coking;workshop=;productivity=280.24;territory=1881]"
170580,170580,Conservative,"Research","Completed","Fortification",1,"elapsed=2400s"
170580,170580,Conservative,"Building","Waiting","",1,"productivity or territory is insufficient [CokeOven:candidate=True;constructible=True;affordable=False;available=False;owned=2;upgradeTo=IndustrialCarbonizationRetort;research=SteamPower|Coking;workshop=;productivity=277.38;territory=1881]"
170580,170580,Conservative,"Research","Selected","UrbanHousing",1,"score=48.436"
171180,171180,Conservative,"Research","Paid","UrbanHousing",1,"complete resource cost paid atomically"
171180,171180,Conservative,"Building","Waiting","",1,"productivity or territory is insufficient [CokeOven:candidate=True;constructible=True;affordable=False;available=False;owned=2;upgradeTo=IndustrialCarbonizationRetort;research=SteamPower|Coking;workshop=;productivity=274.52;territory=1881]"
171780,171780,Conservative,"Research","Completed","UrbanHousing",1,"elapsed=1200s"
171780,178380,Conservative,"Building","Upgraded","StoneHouse->TownHouse",12,"eligible upgrade chain selected"
171780,171780,Conservative,"Research","Selected","StandingArmy",1,"score=-47.113"
172380,172380,Conservative,"Research","Paid","StandingArmy",1,"complete resource cost paid atomically"
173580,173580,Conservative,"Research","Completed","StandingArmy",1,"elapsed=1800s"
173580,173580,Conservative,"Research","Selected","Gunpowder",1,"score=-50.176"
174180,174180,Conservative,"Research","Paid","Gunpowder",1,"complete resource cost paid atomically"
175980,175980,Conservative,"Research","Completed","Gunpowder",1,"elapsed=2400s"
175980,2592000,Conservative,"Research","Blocked","",4028,"no prerequisite-complete research with an available production chain"
178980,189180,Conservative,"Building","Waiting","",18,"productivity or territory is insufficient [CokeOven:candidate=True;constructible=True;affordable=False;available=False;owned=2;upgradeTo=IndustrialCarbonizationRetort;research=SteamPower|Coking;workshop=;productivity=265.94;territory=1881]"
189780,189780,Conservative,"Building","Waiting","",1,"productivity or territory is insufficient [CokeOven:candidate=True;constructible=True;affordable=False;available=False;owned=2;upgradeTo=IndustrialCarbonizationRetort;research=SteamPower|Coking;workshop=;productivity=263.08;territory=1881]"
190380,190380,Conservative,"Building","Waiting","",1,"productivity or territory is insufficient [CokeOven:candidate=True;constructible=True;affordable=False;available=False;owned=2;upgradeTo=IndustrialCarbonizationRetort;research=SteamPower|Coking;workshop=;productivity=1412.8;territory=1881]"
190980,190980,Conservative,"Building","Waiting","",1,"productivity or territory is insufficient [CokeOven:candidate=True;constructible=True;affordable=False;available=False;owned=2;upgradeTo=IndustrialCarbonizationRetort;research=SteamPower|Coking;workshop=;productivity=1224.04;territory=1881]"
191580,191580,Conservative,"Building","Waiting","",1,"productivity or territory is insufficient [CokeOven:candidate=True;constructible=True;affordable=False;available=False;owned=2;upgradeTo=IndustrialCarbonizationRetort;research=SteamPower|Coking;workshop=;productivity=1063.88;territory=1881]"
192180,192180,Conservative,"Building","Waiting","",1,"productivity or territory is insufficient [CokeOven:candidate=True;constructible=True;affordable=False;available=False;owned=2;upgradeTo=IndustrialCarbonizationRetort;research=SteamPower|Coking;workshop=;productivity=929.46;territory=1881]"
192780,192780,Conservative,"Building","Waiting","",1,"productivity or territory is insufficient [CokeOven:candidate=True;constructible=True;affordable=False;available=False;owned=2;upgradeTo=IndustrialCarbonizationRetort;research=SteamPower|Coking;workshop=;productivity=820.78;territory=1881]"
193380,193380,Conservative,"Building","Waiting","",1,"productivity or territory is insufficient [CokeOven:candidate=True;constructible=True;affordable=False;available=False;owned=2;upgradeTo=IndustrialCarbonizationRetort;research=SteamPower|Coking;workshop=;productivity=726.4;territory=1881]"
193980,193980,Conservative,"Building","Waiting","",1,"productivity or territory is insufficient [CokeOven:candidate=True;constructible=True;affordable=False;available=False;owned=2;upgradeTo=IndustrialCarbonizationRetort;research=SteamPower|Coking;workshop=;productivity=649.18;territory=1881]"
194580,194580,Conservative,"Building","Waiting","",1,"productivity or territory is insufficient [CokeOven:candidate=True;constructible=True;affordable=False;available=False;owned=2;upgradeTo=IndustrialCarbonizationRetort;research=SteamPower|Coking;workshop=;productivity=586.26;territory=1881]"
195180,195180,Conservative,"Building","Waiting","",1,"productivity or territory is insufficient [CokeOven:candidate=True;constructible=True;affordable=False;available=False;owned=2;upgradeTo=IndustrialCarbonizationRetort;research=SteamPower|Coking;workshop=;productivity=531.92;territory=1881]"
195780,195780,Conservative,"Building","Waiting","",1,"productivity or territory is insufficient [CokeOven:candidate=True;constructible=True;affordable=False;available=False;owned=2;upgradeTo=IndustrialCarbonizationRetort;research=SteamPower|Coking;workshop=;productivity=489.02;territory=1881]"
196380,196380,Conservative,"Building","Waiting","",1,"productivity or territory is insufficient [CokeOven:candidate=True;constructible=True;affordable=False;available=False;owned=2;upgradeTo=IndustrialCarbonizationRetort;research=SteamPower|Coking;workshop=;productivity=451.84;territory=1881]"
196980,196980,Conservative,"Building","Waiting","",1,"productivity or territory is insufficient [CokeOven:candidate=True;constructible=True;affordable=False;available=False;owned=2;upgradeTo=IndustrialCarbonizationRetort;research=SteamPower|Coking;workshop=;productivity=420.38;territory=1881]"
197580,197580,Conservative,"Building","Waiting","",1,"productivity or territory is insufficient [CokeOven:candidate=True;constructible=True;affordable=False;available=False;owned=2;upgradeTo=IndustrialCarbonizationRetort;research=SteamPower|Coking;workshop=;productivity=394.64;territory=1881]"
198180,198180,Conservative,"Building","Waiting","",1,"productivity or territory is insufficient [CokeOven:candidate=True;constructible=True;affordable=False;available=False;owned=2;upgradeTo=IndustrialCarbonizationRetort;research=SteamPower|Coking;workshop=;productivity=371.76;territory=1881]"
198780,198780,Conservative,"Building","Waiting","",1,"productivity or territory is insufficient [CokeOven:candidate=True;constructible=True;affordable=False;available=False;owned=2;upgradeTo=IndustrialCarbonizationRetort;research=SteamPower|Coking;workshop=;productivity=354.6;territory=1881]"
199380,199380,Conservative,"Building","Waiting","",1,"productivity or territory is insufficient [CokeOven:candidate=True;constructible=True;affordable=False;available=False;owned=2;upgradeTo=IndustrialCarbonizationRetort;research=SteamPower|Coking;workshop=;productivity=340.3;territory=1881]"
199980,199980,Conservative,"Building","Waiting","",1,"productivity or territory is insufficient [CokeOven:candidate=True;constructible=True;affordable=False;available=False;owned=2;upgradeTo=IndustrialCarbonizationRetort;research=SteamPower|Coking;workshop=;productivity=326;territory=1881]"
200580,200580,Conservative,"Building","Waiting","",1,"productivity or territory is insufficient [CokeOven:candidate=True;constructible=True;affordable=False;available=False;owned=2;upgradeTo=IndustrialCarbonizationRetort;research=SteamPower|Coking;workshop=;productivity=317.42;territory=1881]"
201180,201180,Conservative,"Building","Waiting","",1,"productivity or territory is insufficient [CokeOven:candidate=True;constructible=True;affordable=False;available=False;owned=2;upgradeTo=IndustrialCarbonizationRetort;research=SteamPower|Coking;workshop=;productivity=308.84;territory=1881]"
201780,201780,Conservative,"Building","Waiting","",1,"productivity or territory is insufficient [CokeOven:candidate=True;constructible=True;affordable=False;available=False;owned=2;upgradeTo=IndustrialCarbonizationRetort;research=SteamPower|Coking;workshop=;productivity=300.26;territory=1881]"
202380,202380,Conservative,"Building","Waiting","",1,"productivity or territory is insufficient [CokeOven:candidate=True;constructible=True;affordable=False;available=False;owned=2;upgradeTo=IndustrialCarbonizationRetort;research=SteamPower|Coking;workshop=;productivity=294.54;territory=1881]"
202980,202980,Conservative,"Building","Waiting","",1,"productivity or territory is insufficient [CokeOven:candidate=True;constructible=True;affordable=False;available=False;owned=2;upgradeTo=IndustrialCarbonizationRetort;research=SteamPower|Coking;workshop=;productivity=291.68;territory=1881]"
203580,203580,Conservative,"Building","Waiting","",1,"productivity or territory is insufficient [CokeOven:candidate=True;constructible=True;affordable=False;available=False;owned=2;upgradeTo=IndustrialCarbonizationRetort;research=SteamPower|Coking;workshop=;productivity=285.96;territory=1881]"
204180,204180,Conservative,"Building","Waiting","",1,"productivity or territory is insufficient [CokeOven:candidate=True;constructible=True;affordable=False;available=False;owned=2;upgradeTo=IndustrialCarbonizationRetort;research=SteamPower|Coking;workshop=;productivity=283.1;territory=1881]"
204780,204780,Conservative,"Building","Waiting","",1,"productivity or territory is insufficient [CokeOven:candidate=True;constructible=True;affordable=False;available=False;owned=2;upgradeTo=IndustrialCarbonizationRetort;research=SteamPower|Coking;workshop=;productivity=280.24;territory=1881]"
205380,205380,Conservative,"Building","Waiting","",1,"productivity or territory is insufficient [CokeOven:candidate=True;constructible=True;affordable=False;available=False;owned=2;upgradeTo=IndustrialCarbonizationRetort;research=SteamPower|Coking;workshop=;productivity=277.38;territory=1881]"
205980,206580,Conservative,"Building","Waiting","",2,"productivity or territory is insufficient [CokeOven:candidate=True;constructible=True;affordable=False;available=False;owned=2;upgradeTo=IndustrialCarbonizationRetort;research=SteamPower|Coking;workshop=;productivity=274.52;territory=1881]"
207180,207780,Conservative,"Building","Waiting","",2,"productivity or territory is insufficient [CokeOven:candidate=True;constructible=True;affordable=False;available=False;owned=2;upgradeTo=IndustrialCarbonizationRetort;research=SteamPower|Coking;workshop=;productivity=271.66;territory=1881]"
208380,210780,Conservative,"Building","Waiting","",5,"productivity or territory is insufficient [CokeOven:candidate=True;constructible=True;affordable=False;available=False;owned=2;upgradeTo=IndustrialCarbonizationRetort;research=SteamPower|Coking;workshop=;productivity=268.8;territory=1881]"
211380,211380,Conservative,"Building","Constructed","SteamPlant",1,"score=60; count=1"
211980,222780,Conservative,"Building","Waiting","",19,"productivity or territory is insufficient [CokeOven:candidate=True;constructible=True;affordable=False;available=False;owned=2;upgradeTo=IndustrialCarbonizationRetort;research=SteamPower|Coking;workshop=;productivity=205.94;territory=1863]"
223380,223380,Conservative,"Building","Waiting","",1,"productivity or territory is insufficient [CokeOven:candidate=True;constructible=True;affordable=False;available=False;owned=2;upgradeTo=IndustrialCarbonizationRetort;research=SteamPower|Coking;workshop=;productivity=203.08;territory=1863]"
223980,223980,Conservative,"Building","Waiting","",1,"productivity or territory is insufficient [CokeOven:candidate=True;constructible=True;affordable=False;available=False;owned=2;upgradeTo=IndustrialCarbonizationRetort;research=SteamPower|Coking;workshop=;productivity=1352.8;territory=1863]"
224580,224580,Conservative,"Building","Waiting","",1,"productivity or territory is insufficient [CokeOven:candidate=True;constructible=True;affordable=False;available=False;owned=2;upgradeTo=IndustrialCarbonizationRetort;research=SteamPower|Coking;workshop=;productivity=1164.04;territory=1863]"
225180,225180,Conservative,"Building","Waiting","",1,"productivity or territory is insufficient [CokeOven:candidate=True;constructible=True;affordable=False;available=False;owned=2;upgradeTo=IndustrialCarbonizationRetort;research=SteamPower|Coking;workshop=;productivity=1003.88;territory=1863]"
225780,225780,Conservative,"Building","Waiting","",1,"productivity or territory is insufficient [CokeOven:candidate=True;constructible=True;affordable=False;available=False;owned=2;upgradeTo=IndustrialCarbonizationRetort;research=SteamPower|Coking;workshop=;productivity=869.46;territory=1863]"
226380,226380,Conservative,"Building","Waiting","",1,"productivity or territory is insufficient [CokeOven:candidate=True;constructible=True;affordable=False;available=False;owned=2;upgradeTo=IndustrialCarbonizationRetort;research=SteamPower|Coking;workshop=;productivity=760.78;territory=1863]"
226980,226980,Conservative,"Building","Waiting","",1,"productivity or territory is insufficient [CokeOven:candidate=True;constructible=True;affordable=False;available=False;owned=2;upgradeTo=IndustrialCarbonizationRetort;research=SteamPower|Coking;workshop=;productivity=666.4;territory=1863]"
227580,227580,Conservative,"Building","Waiting","",1,"productivity or territory is insufficient [CokeOven:candidate=True;constructible=True;affordable=False;available=False;owned=2;upgradeTo=IndustrialCarbonizationRetort;research=SteamPower|Coking;workshop=;productivity=589.18;territory=1863]"
228180,228180,Conservative,"Building","Waiting","",1,"productivity or territory is insufficient [CokeOven:candidate=True;constructible=True;affordable=False;available=False;owned=2;upgradeTo=IndustrialCarbonizationRetort;research=SteamPower|Coking;workshop=;productivity=526.26;territory=1863]"
228780,228780,Conservative,"Building","Waiting","",1,"productivity or territory is insufficient [CokeOven:candidate=True;constructible=True;affordable=False;available=False;owned=2;upgradeTo=IndustrialCarbonizationRetort;research=SteamPower|Coking;workshop=;productivity=471.92;territory=1863]"
229380,229380,Conservative,"Building","Waiting","",1,"productivity or territory is insufficient [CokeOven:candidate=True;constructible=True;affordable=False;available=False;owned=2;upgradeTo=IndustrialCarbonizationRetort;research=SteamPower|Coking;workshop=;productivity=429.02;territory=1863]"
229980,229980,Conservative,"Building","Waiting","",1,"productivity or territory is insufficient [CokeOven:candidate=True;constructible=True;affordable=False;available=False;owned=2;upgradeTo=IndustrialCarbonizationRetort;research=SteamPower|Coking;workshop=;productivity=391.84;territory=1863]"
230580,230580,Conservative,"Building","Waiting","",1,"productivity or territory is insufficient [CokeOven:candidate=True;constructible=True;affordable=False;available=False;owned=2;upgradeTo=IndustrialCarbonizationRetort;research=SteamPower|Coking;workshop=;productivity=360.38;territory=1863]"
231180,231180,Conservative,"Building","Waiting","",1,"productivity or territory is insufficient [CokeOven:candidate=True;constructible=True;affordable=False;available=False;owned=2;upgradeTo=IndustrialCarbonizationRetort;research=SteamPower|Coking;workshop=;productivity=334.64;territory=1863]"
231780,231780,Conservative,"Building","Waiting","",1,"productivity or territory is insufficient [CokeOven:candidate=True;constructible=True;affordable=False;available=False;owned=2;upgradeTo=IndustrialCarbonizationRetort;research=SteamPower|Coking;workshop=;productivity=311.76;territory=1863]"
232380,232380,Conservative,"Building","Waiting","",1,"productivity or territory is insufficient [CokeOven:candidate=True;constructible=True;affordable=False;available=False;owned=2;upgradeTo=IndustrialCarbonizationRetort;research=SteamPower|Coking;workshop=;productivity=294.6;territory=1863]"
232980,232980,Conservative,"Building","Waiting","",1,"productivity or territory is insufficient [CokeOven:candidate=True;constructible=True;affordable=False;available=False;owned=2;upgradeTo=IndustrialCarbonizationRetort;research=SteamPower|Coking;workshop=;productivity=280.3;territory=1863]"
233580,233580,Conservative,"Building","Waiting","",1,"productivity or territory is insufficient [CokeOven:candidate=True;constructible=True;affordable=False;available=False;owned=2;upgradeTo=IndustrialCarbonizationRetort;research=SteamPower|Coking;workshop=;productivity=266;territory=1863]"
234180,234180,Conservative,"Building","Waiting","",1,"productivity or territory is insufficient [CokeOven:candidate=True;constructible=True;affordable=False;available=False;owned=2;upgradeTo=IndustrialCarbonizationRetort;research=SteamPower|Coking;workshop=;productivity=257.42;territory=1863]"
234780,234780,Conservative,"Building","Waiting","",1,"productivity or territory is insufficient [CokeOven:candidate=True;constructible=True;affordable=False;available=False;owned=2;upgradeTo=IndustrialCarbonizationRetort;research=SteamPower|Coking;workshop=;productivity=248.84;territory=1863]"
235380,235380,Conservative,"Building","Waiting","",1,"productivity or territory is insufficient [CokeOven:candidate=True;constructible=True;affordable=False;available=False;owned=2;upgradeTo=IndustrialCarbonizationRetort;research=SteamPower|Coking;workshop=;productivity=240.26;territory=1863]"
235980,235980,Conservative,"Building","Waiting","",1,"productivity or territory is insufficient [CokeOven:candidate=True;constructible=True;affordable=False;available=False;owned=2;upgradeTo=IndustrialCarbonizationRetort;research=SteamPower|Coking;workshop=;productivity=234.54;territory=1863]"
236580,236580,Conservative,"Building","Waiting","",1,"productivity or territory is insufficient [CokeOven:candidate=True;constructible=True;affordable=False;available=False;owned=2;upgradeTo=IndustrialCarbonizationRetort;research=SteamPower|Coking;workshop=;productivity=231.68;territory=1863]"
237180,237180,Conservative,"Building","Waiting","",1,"productivity or territory is insufficient [CokeOven:candidate=True;constructible=True;affordable=False;available=False;owned=2;upgradeTo=IndustrialCarbonizationRetort;research=SteamPower|Coking;workshop=;productivity=225.96;territory=1863]"
237780,237780,Conservative,"Building","Waiting","",1,"productivity or territory is insufficient [CokeOven:candidate=True;constructible=True;affordable=False;available=False;owned=2;upgradeTo=IndustrialCarbonizationRetort;research=SteamPower|Coking;workshop=;productivity=223.1;territory=1863]"
238380,238380,Conservative,"Building","Waiting","",1,"productivity or territory is insufficient [CokeOven:candidate=True;constructible=True;affordable=False;available=False;owned=2;upgradeTo=IndustrialCarbonizationRetort;research=SteamPower|Coking;workshop=;productivity=220.24;territory=1863]"
238980,238980,Conservative,"Building","Waiting","",1,"productivity or territory is insufficient [CokeOven:candidate=True;constructible=True;affordable=False;available=False;owned=2;upgradeTo=IndustrialCarbonizationRetort;research=SteamPower|Coking;workshop=;productivity=217.38;territory=1863]"
239580,240180,Conservative,"Building","Waiting","",2,"productivity or territory is insufficient [CokeOven:candidate=True;constructible=True;affordable=False;available=False;owned=2;upgradeTo=IndustrialCarbonizationRetort;research=SteamPower|Coking;workshop=;productivity=214.52;territory=1863]"
240780,241380,Conservative,"Building","Waiting","",2,"productivity or territory is insufficient [CokeOven:candidate=True;constructible=True;affordable=False;available=False;owned=2;upgradeTo=IndustrialCarbonizationRetort;research=SteamPower|Coking;workshop=;productivity=211.66;territory=1863]"
241980,244380,Conservative,"Building","Waiting","",5,"productivity or territory is insufficient [CokeOven:candidate=True;constructible=True;affordable=False;available=False;owned=2;upgradeTo=IndustrialCarbonizationRetort;research=SteamPower|Coking;workshop=;productivity=208.8;territory=1863]"
244980,256380,Conservative,"Building","Waiting","",20,"productivity or territory is insufficient [CokeOven:candidate=True;constructible=True;affordable=False;available=False;owned=2;upgradeTo=IndustrialCarbonizationRetort;research=SteamPower|Coking;workshop=;productivity=205.94;territory=1863]"
256980,256980,Conservative,"Building","Waiting","",1,"productivity or territory is insufficient [CokeOven:candidate=True;constructible=True;affordable=False;available=False;owned=2;upgradeTo=IndustrialCarbonizationRetort;research=SteamPower|Coking;workshop=;productivity=203.08;territory=1863]"
257580,257580,Conservative,"Building","Waiting","",1,"productivity or territory is insufficient [CokeOven:candidate=True;constructible=True;affordable=False;available=False;owned=2;upgradeTo=IndustrialCarbonizationRetort;research=SteamPower|Coking;workshop=;productivity=1352.8;territory=1863]"
258180,258180,Conservative,"Building","Waiting","",1,"productivity or territory is insufficient [CokeOven:candidate=True;constructible=True;affordable=False;available=False;owned=2;upgradeTo=IndustrialCarbonizationRetort;research=SteamPower|Coking;workshop=;productivity=1164.04;territory=1863]"
258780,258780,Conservative,"Building","Waiting","",1,"productivity or territory is insufficient [CokeOven:candidate=True;constructible=True;affordable=False;available=False;owned=2;upgradeTo=IndustrialCarbonizationRetort;research=SteamPower|Coking;workshop=;productivity=1003.88;territory=1863]"
259380,259380,Conservative,"Building","Waiting","",1,"productivity or territory is insufficient [CokeOven:candidate=True;constructible=True;affordable=False;available=False;owned=2;upgradeTo=IndustrialCarbonizationRetort;research=SteamPower|Coking;workshop=;productivity=869.46;territory=1863]"
259980,259980,Conservative,"Building","Waiting","",1,"productivity or territory is insufficient [CokeOven:candidate=True;constructible=True;affordable=False;available=False;owned=2;upgradeTo=IndustrialCarbonizationRetort;research=SteamPower|Coking;workshop=;productivity=760.78;territory=1863]"
260580,260580,Conservative,"Building","Waiting","",1,"productivity or territory is insufficient [CokeOven:candidate=True;constructible=True;affordable=False;available=False;owned=2;upgradeTo=IndustrialCarbonizationRetort;research=SteamPower|Coking;workshop=;productivity=666.4;territory=1863]"
261180,261180,Conservative,"Building","Waiting","",1,"productivity or territory is insufficient [CokeOven:candidate=True;constructible=True;affordable=False;available=False;owned=2;upgradeTo=IndustrialCarbonizationRetort;research=SteamPower|Coking;workshop=;productivity=589.18;territory=1863]"
261780,261780,Conservative,"Building","Waiting","",1,"productivity or territory is insufficient [CokeOven:candidate=True;constructible=True;affordable=False;available=False;owned=2;upgradeTo=IndustrialCarbonizationRetort;research=SteamPower|Coking;workshop=;productivity=526.26;territory=1863]"
262380,262380,Conservative,"Building","Waiting","",1,"productivity or territory is insufficient [CokeOven:candidate=True;constructible=True;affordable=False;available=False;owned=2;upgradeTo=IndustrialCarbonizationRetort;research=SteamPower|Coking;workshop=;productivity=471.92;territory=1863]"
262980,262980,Conservative,"Building","Waiting","",1,"productivity or territory is insufficient [CokeOven:candidate=True;constructible=True;affordable=False;available=False;owned=2;upgradeTo=IndustrialCarbonizationRetort;research=SteamPower|Coking;workshop=;productivity=429.02;territory=1863]"
263580,263580,Conservative,"Building","Waiting","",1,"productivity or territory is insufficient [CokeOven:candidate=True;constructible=True;affordable=False;available=False;owned=2;upgradeTo=IndustrialCarbonizationRetort;research=SteamPower|Coking;workshop=;productivity=391.84;territory=1863]"
264180,264180,Conservative,"Building","Waiting","",1,"productivity or territory is insufficient [CokeOven:candidate=True;constructible=True;affordable=False;available=False;owned=2;upgradeTo=IndustrialCarbonizationRetort;research=SteamPower|Coking;workshop=;productivity=360.38;territory=1863]"
264780,264780,Conservative,"Building","Waiting","",1,"productivity or territory is insufficient [CokeOven:candidate=True;constructible=True;affordable=False;available=False;owned=2;upgradeTo=IndustrialCarbonizationRetort;research=SteamPower|Coking;workshop=;productivity=334.64;territory=1863]"
265380,265380,Conservative,"Building","Waiting","",1,"productivity or territory is insufficient [CokeOven:candidate=True;constructible=True;affordable=False;available=False;owned=2;upgradeTo=IndustrialCarbonizationRetort;research=SteamPower|Coking;workshop=;productivity=311.76;territory=1863]"
265980,265980,Conservative,"Building","Waiting","",1,"productivity or territory is insufficient [CokeOven:candidate=True;constructible=True;affordable=False;available=False;owned=2;upgradeTo=IndustrialCarbonizationRetort;research=SteamPower|Coking;workshop=;productivity=294.6;territory=1863]"
266580,266580,Conservative,"Building","Waiting","",1,"productivity or territory is insufficient [CokeOven:candidate=True;constructible=True;affordable=False;available=False;owned=2;upgradeTo=IndustrialCarbonizationRetort;research=SteamPower|Coking;workshop=;productivity=280.3;territory=1863]"
267180,267180,Conservative,"Building","Waiting","",1,"productivity or territory is insufficient [CokeOven:candidate=True;constructible=True;affordable=False;available=False;owned=2;upgradeTo=IndustrialCarbonizationRetort;research=SteamPower|Coking;workshop=;productivity=266;territory=1863]"
267780,267780,Conservative,"Building","Waiting","",1,"productivity or territory is insufficient [CokeOven:candidate=True;constructible=True;affordable=False;available=False;owned=2;upgradeTo=IndustrialCarbonizationRetort;research=SteamPower|Coking;workshop=;productivity=257.42;territory=1863]"
268380,268380,Conservative,"Building","Waiting","",1,"productivity or territory is insufficient [CokeOven:candidate=True;constructible=True;affordable=False;available=False;owned=2;upgradeTo=IndustrialCarbonizationRetort;research=SteamPower|Coking;workshop=;productivity=248.84;territory=1863]"
268980,268980,Conservative,"Building","Waiting","",1,"productivity or territory is insufficient [CokeOven:candidate=True;constructible=True;affordable=False;available=False;owned=2;upgradeTo=IndustrialCarbonizationRetort;research=SteamPower|Coking;workshop=;productivity=240.26;territory=1863]"
269580,269580,Conservative,"Building","Waiting","",1,"productivity or territory is insufficient [CokeOven:candidate=True;constructible=True;affordable=False;available=False;owned=2;upgradeTo=IndustrialCarbonizationRetort;research=SteamPower|Coking;workshop=;productivity=234.54;territory=1863]"
270180,270180,Conservative,"Building","Waiting","",1,"productivity or territory is insufficient [CokeOven:candidate=True;constructible=True;affordable=False;available=False;owned=2;upgradeTo=IndustrialCarbonizationRetort;research=SteamPower|Coking;workshop=;productivity=231.68;territory=1863]"
270780,270780,Conservative,"Building","Waiting","",1,"productivity or territory is insufficient [CokeOven:candidate=True;constructible=True;affordable=False;available=False;owned=2;upgradeTo=IndustrialCarbonizationRetort;research=SteamPower|Coking;workshop=;productivity=225.96;territory=1863]"
271380,271380,Conservative,"Building","Waiting","",1,"productivity or territory is insufficient [CokeOven:candidate=True;constructible=True;affordable=False;available=False;owned=2;upgradeTo=IndustrialCarbonizationRetort;research=SteamPower|Coking;workshop=;productivity=223.1;territory=1863]"
271980,271980,Conservative,"Building","Waiting","",1,"productivity or territory is insufficient [CokeOven:candidate=True;constructible=True;affordable=False;available=False;owned=2;upgradeTo=IndustrialCarbonizationRetort;research=SteamPower|Coking;workshop=;productivity=220.24;territory=1863]"
272580,272580,Conservative,"Building","Waiting","",1,"productivity or territory is insufficient [CokeOven:candidate=True;constructible=True;affordable=False;available=False;owned=2;upgradeTo=IndustrialCarbonizationRetort;research=SteamPower|Coking;workshop=;productivity=217.38;territory=1863]"
273180,273780,Conservative,"Building","Waiting","",2,"productivity or territory is insufficient [CokeOven:candidate=True;constructible=True;affordable=False;available=False;owned=2;upgradeTo=IndustrialCarbonizationRetort;research=SteamPower|Coking;workshop=;productivity=214.52;territory=1863]"
274380,274980,Conservative,"Building","Waiting","",2,"productivity or territory is insufficient [CokeOven:candidate=True;constructible=True;affordable=False;available=False;owned=2;upgradeTo=IndustrialCarbonizationRetort;research=SteamPower|Coking;workshop=;productivity=211.66;territory=1863]"
275580,277980,Conservative,"Building","Waiting","",5,"productivity or territory is insufficient [CokeOven:candidate=True;constructible=True;affordable=False;available=False;owned=2;upgradeTo=IndustrialCarbonizationRetort;research=SteamPower|Coking;workshop=;productivity=208.8;territory=1863]"
278580,289980,Conservative,"Building","Waiting","",20,"productivity or territory is insufficient [CokeOven:candidate=True;constructible=True;affordable=False;available=False;owned=2;upgradeTo=IndustrialCarbonizationRetort;research=SteamPower|Coking;workshop=;productivity=205.94;territory=1863]"
290580,290580,Conservative,"Building","Waiting","",1,"productivity or territory is insufficient [CokeOven:candidate=True;constructible=True;affordable=False;available=False;owned=2;upgradeTo=IndustrialCarbonizationRetort;research=SteamPower|Coking;workshop=;productivity=203.08;territory=1863]"
291180,291180,Conservative,"Building","Waiting","",1,"productivity or territory is insufficient [CokeOven:candidate=True;constructible=True;affordable=False;available=False;owned=2;upgradeTo=IndustrialCarbonizationRetort;research=SteamPower|Coking;workshop=;productivity=1352.8;territory=1863]"
291780,291780,Conservative,"Building","Waiting","",1,"productivity or territory is insufficient [CokeOven:candidate=True;constructible=True;affordable=False;available=False;owned=2;upgradeTo=IndustrialCarbonizationRetort;research=SteamPower|Coking;workshop=;productivity=1164.04;territory=1863]"
292380,292380,Conservative,"Building","Waiting","",1,"productivity or territory is insufficient [CokeOven:candidate=True;constructible=True;affordable=False;available=False;owned=2;upgradeTo=IndustrialCarbonizationRetort;research=SteamPower|Coking;workshop=;productivity=1003.88;territory=1863]"
292980,292980,Conservative,"Building","Waiting","",1,"productivity or territory is insufficient [CokeOven:candidate=True;constructible=True;affordable=False;available=False;owned=2;upgradeTo=IndustrialCarbonizationRetort;research=SteamPower|Coking;workshop=;productivity=869.46;territory=1863]"
293580,293580,Conservative,"Building","Waiting","",1,"productivity or territory is insufficient [CokeOven:candidate=True;constructible=True;affordable=False;available=False;owned=2;upgradeTo=IndustrialCarbonizationRetort;research=SteamPower|Coking;workshop=;productivity=760.78;territory=1863]"
294180,294180,Conservative,"Building","Waiting","",1,"productivity or territory is insufficient [CokeOven:candidate=True;constructible=True;affordable=False;available=False;owned=2;upgradeTo=IndustrialCarbonizationRetort;research=SteamPower|Coking;workshop=;productivity=666.4;territory=1863]"
294780,294780,Conservative,"Building","Waiting","",1,"productivity or territory is insufficient [CokeOven:candidate=True;constructible=True;affordable=False;available=False;owned=2;upgradeTo=IndustrialCarbonizationRetort;research=SteamPower|Coking;workshop=;productivity=589.18;territory=1863]"
295380,295380,Conservative,"Building","Waiting","",1,"productivity or territory is insufficient [CokeOven:candidate=True;constructible=True;affordable=False;available=False;owned=2;upgradeTo=IndustrialCarbonizationRetort;research=SteamPower|Coking;workshop=;productivity=526.26;territory=1863]"
295980,295980,Conservative,"Building","Waiting","",1,"productivity or territory is insufficient [CokeOven:candidate=True;constructible=True;affordable=False;available=False;owned=2;upgradeTo=IndustrialCarbonizationRetort;research=SteamPower|Coking;workshop=;productivity=471.92;territory=1863]"
296580,296580,Conservative,"Building","Waiting","",1,"productivity or territory is insufficient [CokeOven:candidate=True;constructible=True;affordable=False;available=False;owned=2;upgradeTo=IndustrialCarbonizationRetort;research=SteamPower|Coking;workshop=;productivity=429.02;territory=1863]"
297180,297180,Conservative,"Building","Waiting","",1,"productivity or territory is insufficient [CokeOven:candidate=True;constructible=True;affordable=False;available=False;owned=2;upgradeTo=IndustrialCarbonizationRetort;research=SteamPower|Coking;workshop=;productivity=391.84;territory=1863]"
297780,297780,Conservative,"Building","Waiting","",1,"productivity or territory is insufficient [CokeOven:candidate=True;constructible=True;affordable=False;available=False;owned=2;upgradeTo=IndustrialCarbonizationRetort;research=SteamPower|Coking;workshop=;productivity=360.38;territory=1863]"
298380,298380,Conservative,"Building","Waiting","",1,"productivity or territory is insufficient [CokeOven:candidate=True;constructible=True;affordable=False;available=False;owned=2;upgradeTo=IndustrialCarbonizationRetort;research=SteamPower|Coking;workshop=;productivity=334.64;territory=1863]"
298980,298980,Conservative,"Building","Waiting","",1,"productivity or territory is insufficient [CokeOven:candidate=True;constructible=True;affordable=False;available=False;owned=2;upgradeTo=IndustrialCarbonizationRetort;research=SteamPower|Coking;workshop=;productivity=311.76;territory=1863]"
299580,299580,Conservative,"Building","Waiting","",1,"productivity or territory is insufficient [CokeOven:candidate=True;constructible=True;affordable=False;available=False;owned=2;upgradeTo=IndustrialCarbonizationRetort;research=SteamPower|Coking;workshop=;productivity=294.6;territory=1863]"
300180,300180,Conservative,"Building","Waiting","",1,"productivity or territory is insufficient [CokeOven:candidate=True;constructible=True;affordable=False;available=False;owned=2;upgradeTo=IndustrialCarbonizationRetort;research=SteamPower|Coking;workshop=;productivity=280.3;territory=1863]"
300780,300780,Conservative,"Building","Waiting","",1,"productivity or territory is insufficient [CokeOven:candidate=True;constructible=True;affordable=False;available=False;owned=2;upgradeTo=IndustrialCarbonizationRetort;research=SteamPower|Coking;workshop=;productivity=266;territory=1863]"
301380,301380,Conservative,"Building","Waiting","",1,"productivity or territory is insufficient [CokeOven:candidate=True;constructible=True;affordable=False;available=False;owned=2;upgradeTo=IndustrialCarbonizationRetort;research=SteamPower|Coking;workshop=;productivity=257.42;territory=1863]"
301980,301980,Conservative,"Building","Waiting","",1,"productivity or territory is insufficient [CokeOven:candidate=True;constructible=True;affordable=False;available=False;owned=2;upgradeTo=IndustrialCarbonizationRetort;research=SteamPower|Coking;workshop=;productivity=248.84;territory=1863]"
302580,302580,Conservative,"Building","Waiting","",1,"productivity or territory is insufficient [CokeOven:candidate=True;constructible=True;affordable=False;available=False;owned=2;upgradeTo=IndustrialCarbonizationRetort;research=SteamPower|Coking;workshop=;productivity=240.26;territory=1863]"
303180,303180,Conservative,"Building","Waiting","",1,"productivity or territory is insufficient [CokeOven:candidate=True;constructible=True;affordable=False;available=False;owned=2;upgradeTo=IndustrialCarbonizationRetort;research=SteamPower|Coking;workshop=;productivity=234.54;territory=1863]"
303780,303780,Conservative,"Building","Waiting","",1,"productivity or territory is insufficient [CokeOven:candidate=True;constructible=True;affordable=False;available=False;owned=2;upgradeTo=IndustrialCarbonizationRetort;research=SteamPower|Coking;workshop=;productivity=231.68;territory=1863]"
304380,304380,Conservative,"Building","Waiting","",1,"productivity or territory is insufficient [CokeOven:candidate=True;constructible=True;affordable=False;available=False;owned=2;upgradeTo=IndustrialCarbonizationRetort;research=SteamPower|Coking;workshop=;productivity=225.96;territory=1863]"
304980,304980,Conservative,"Building","Waiting","",1,"productivity or territory is insufficient [CokeOven:candidate=True;constructible=True;affordable=False;available=False;owned=2;upgradeTo=IndustrialCarbonizationRetort;research=SteamPower|Coking;workshop=;productivity=223.1;territory=1863]"
305580,305580,Conservative,"Building","Waiting","",1,"productivity or territory is insufficient [CokeOven:candidate=True;constructible=True;affordable=False;available=False;owned=2;upgradeTo=IndustrialCarbonizationRetort;research=SteamPower|Coking;workshop=;productivity=220.24;territory=1863]"
306180,306180,Conservative,"Building","Waiting","",1,"productivity or territory is insufficient [CokeOven:candidate=True;constructible=True;affordable=False;available=False;owned=2;upgradeTo=IndustrialCarbonizationRetort;research=SteamPower|Coking;workshop=;productivity=217.38;territory=1863]"
306780,307380,Conservative,"Building","Waiting","",2,"productivity or territory is insufficient [CokeOven:candidate=True;constructible=True;affordable=False;available=False;owned=2;upgradeTo=IndustrialCarbonizationRetort;research=SteamPower|Coking;workshop=;productivity=214.52;territory=1863]"
307980,308580,Conservative,"Building","Waiting","",2,"productivity or territory is insufficient [CokeOven:candidate=True;constructible=True;affordable=False;available=False;owned=2;upgradeTo=IndustrialCarbonizationRetort;research=SteamPower|Coking;workshop=;productivity=211.66;territory=1863]"
309180,311580,Conservative,"Building","Waiting","",5,"productivity or territory is insufficient [CokeOven:candidate=True;constructible=True;affordable=False;available=False;owned=2;upgradeTo=IndustrialCarbonizationRetort;research=SteamPower|Coking;workshop=;productivity=208.8;territory=1863]"
312180,323580,Conservative,"Building","Waiting","",20,"productivity or territory is insufficient [CokeOven:candidate=True;constructible=True;affordable=False;available=False;owned=2;upgradeTo=IndustrialCarbonizationRetort;research=SteamPower|Coking;workshop=;productivity=205.94;territory=1863]"
324180,324180,Conservative,"Building","Waiting","",1,"productivity or territory is insufficient [CokeOven:candidate=True;constructible=True;affordable=False;available=False;owned=2;upgradeTo=IndustrialCarbonizationRetort;research=SteamPower|Coking;workshop=;productivity=203.08;territory=1863]"
324780,324780,Conservative,"Building","Waiting","",1,"productivity or territory is insufficient [CokeOven:candidate=True;constructible=True;affordable=False;available=False;owned=2;upgradeTo=IndustrialCarbonizationRetort;research=SteamPower|Coking;workshop=;productivity=1352.8;territory=1863]"
325380,325380,Conservative,"Building","Waiting","",1,"productivity or territory is insufficient [CokeOven:candidate=True;constructible=True;affordable=False;available=False;owned=2;upgradeTo=IndustrialCarbonizationRetort;research=SteamPower|Coking;workshop=;productivity=1164.04;territory=1863]"
325980,325980,Conservative,"Building","Waiting","",1,"productivity or territory is insufficient [CokeOven:candidate=True;constructible=True;affordable=False;available=False;owned=2;upgradeTo=IndustrialCarbonizationRetort;research=SteamPower|Coking;workshop=;productivity=1003.88;territory=1863]"
326580,326580,Conservative,"Building","Waiting","",1,"productivity or territory is insufficient [CokeOven:candidate=True;constructible=True;affordable=False;available=False;owned=2;upgradeTo=IndustrialCarbonizationRetort;research=SteamPower|Coking;workshop=;productivity=869.46;territory=1863]"
327180,327180,Conservative,"Building","Waiting","",1,"productivity or territory is insufficient [CokeOven:candidate=True;constructible=True;affordable=False;available=False;owned=2;upgradeTo=IndustrialCarbonizationRetort;research=SteamPower|Coking;workshop=;productivity=760.78;territory=1863]"
327780,327780,Conservative,"Building","Waiting","",1,"productivity or territory is insufficient [CokeOven:candidate=True;constructible=True;affordable=False;available=False;owned=2;upgradeTo=IndustrialCarbonizationRetort;research=SteamPower|Coking;workshop=;productivity=666.4;territory=1863]"
328380,328380,Conservative,"Building","Waiting","",1,"productivity or territory is insufficient [CokeOven:candidate=True;constructible=True;affordable=False;available=False;owned=2;upgradeTo=IndustrialCarbonizationRetort;research=SteamPower|Coking;workshop=;productivity=589.18;territory=1863]"
328980,328980,Conservative,"Building","Waiting","",1,"productivity or territory is insufficient [CokeOven:candidate=True;constructible=True;affordable=False;available=False;owned=2;upgradeTo=IndustrialCarbonizationRetort;research=SteamPower|Coking;workshop=;productivity=526.26;territory=1863]"
329580,329580,Conservative,"Building","Waiting","",1,"productivity or territory is insufficient [CokeOven:candidate=True;constructible=True;affordable=False;available=False;owned=2;upgradeTo=IndustrialCarbonizationRetort;research=SteamPower|Coking;workshop=;productivity=471.92;territory=1863]"
330180,330180,Conservative,"Building","Waiting","",1,"productivity or territory is insufficient [CokeOven:candidate=True;constructible=True;affordable=False;available=False;owned=2;upgradeTo=IndustrialCarbonizationRetort;research=SteamPower|Coking;workshop=;productivity=429.02;territory=1863]"
330780,330780,Conservative,"Building","Waiting","",1,"productivity or territory is insufficient [CokeOven:candidate=True;constructible=True;affordable=False;available=False;owned=2;upgradeTo=IndustrialCarbonizationRetort;research=SteamPower|Coking;workshop=;productivity=391.84;territory=1863]"
331380,331380,Conservative,"Building","Waiting","",1,"productivity or territory is insufficient [CokeOven:candidate=True;constructible=True;affordable=False;available=False;owned=2;upgradeTo=IndustrialCarbonizationRetort;research=SteamPower|Coking;workshop=;productivity=360.38;territory=1863]"
331980,331980,Conservative,"Building","Waiting","",1,"productivity or territory is insufficient [CokeOven:candidate=True;constructible=True;affordable=False;available=False;owned=2;upgradeTo=IndustrialCarbonizationRetort;research=SteamPower|Coking;workshop=;productivity=334.64;territory=1863]"
332580,332580,Conservative,"Building","Waiting","",1,"productivity or territory is insufficient [CokeOven:candidate=True;constructible=True;affordable=False;available=False;owned=2;upgradeTo=IndustrialCarbonizationRetort;research=SteamPower|Coking;workshop=;productivity=311.76;territory=1863]"
333180,333180,Conservative,"Building","Waiting","",1,"productivity or territory is insufficient [CokeOven:candidate=True;constructible=True;affordable=False;available=False;owned=2;upgradeTo=IndustrialCarbonizationRetort;research=SteamPower|Coking;workshop=;productivity=294.6;territory=1863]"
333780,333780,Conservative,"Building","Waiting","",1,"productivity or territory is insufficient [CokeOven:candidate=True;constructible=True;affordable=False;available=False;owned=2;upgradeTo=IndustrialCarbonizationRetort;research=SteamPower|Coking;workshop=;productivity=280.3;territory=1863]"
334380,334380,Conservative,"Building","Waiting","",1,"productivity or territory is insufficient [CokeOven:candidate=True;constructible=True;affordable=False;available=False;owned=2;upgradeTo=IndustrialCarbonizationRetort;research=SteamPower|Coking;workshop=;productivity=266;territory=1863]"
334980,334980,Conservative,"Building","Waiting","",1,"productivity or territory is insufficient [CokeOven:candidate=True;constructible=True;affordable=False;available=False;owned=2;upgradeTo=IndustrialCarbonizationRetort;research=SteamPower|Coking;workshop=;productivity=257.42;territory=1863]"
335580,335580,Conservative,"Building","Waiting","",1,"productivity or territory is insufficient [CokeOven:candidate=True;constructible=True;affordable=False;available=False;owned=2;upgradeTo=IndustrialCarbonizationRetort;research=SteamPower|Coking;workshop=;productivity=248.84;territory=1863]"
336180,336180,Conservative,"Building","Waiting","",1,"productivity or territory is insufficient [CokeOven:candidate=True;constructible=True;affordable=False;available=False;owned=2;upgradeTo=IndustrialCarbonizationRetort;research=SteamPower|Coking;workshop=;productivity=240.26;territory=1863]"
336780,336780,Conservative,"Building","Waiting","",1,"productivity or territory is insufficient [CokeOven:candidate=True;constructible=True;affordable=False;available=False;owned=2;upgradeTo=IndustrialCarbonizationRetort;research=SteamPower|Coking;workshop=;productivity=234.54;territory=1863]"
337380,337380,Conservative,"Building","Waiting","",1,"productivity or territory is insufficient [CokeOven:candidate=True;constructible=True;affordable=False;available=False;owned=2;upgradeTo=IndustrialCarbonizationRetort;research=SteamPower|Coking;workshop=;productivity=231.68;territory=1863]"
337980,337980,Conservative,"Building","Waiting","",1,"productivity or territory is insufficient [CokeOven:candidate=True;constructible=True;affordable=False;available=False;owned=2;upgradeTo=IndustrialCarbonizationRetort;research=SteamPower|Coking;workshop=;productivity=225.96;territory=1863]"
338580,338580,Conservative,"Building","Waiting","",1,"productivity or territory is insufficient [CokeOven:candidate=True;constructible=True;affordable=False;available=False;owned=2;upgradeTo=IndustrialCarbonizationRetort;research=SteamPower|Coking;workshop=;productivity=223.1;territory=1863]"
339180,339180,Conservative,"Building","Waiting","",1,"productivity or territory is insufficient [CokeOven:candidate=True;constructible=True;affordable=False;available=False;owned=2;upgradeTo=IndustrialCarbonizationRetort;research=SteamPower|Coking;workshop=;productivity=220.24;territory=1863]"
339780,339780,Conservative,"Building","Waiting","",1,"productivity or territory is insufficient [CokeOven:candidate=True;constructible=True;affordable=False;available=False;owned=2;upgradeTo=IndustrialCarbonizationRetort;research=SteamPower|Coking;workshop=;productivity=217.38;territory=1863]"
340380,340980,Conservative,"Building","Waiting","",2,"productivity or territory is insufficient [CokeOven:candidate=True;constructible=True;affordable=False;available=False;owned=2;upgradeTo=IndustrialCarbonizationRetort;research=SteamPower|Coking;workshop=;productivity=214.52;territory=1863]"
341580,342180,Conservative,"Building","Waiting","",2,"productivity or territory is insufficient [CokeOven:candidate=True;constructible=True;affordable=False;available=False;owned=2;upgradeTo=IndustrialCarbonizationRetort;research=SteamPower|Coking;workshop=;productivity=211.66;territory=1863]"
342780,345180,Conservative,"Building","Waiting","",5,"productivity or territory is insufficient [CokeOven:candidate=True;constructible=True;affordable=False;available=False;owned=2;upgradeTo=IndustrialCarbonizationRetort;research=SteamPower|Coking;workshop=;productivity=208.8;territory=1863]"
345780,357180,Conservative,"Building","Waiting","",20,"productivity or territory is insufficient [CokeOven:candidate=True;constructible=True;affordable=False;available=False;owned=2;upgradeTo=IndustrialCarbonizationRetort;research=SteamPower|Coking;workshop=;productivity=205.94;territory=1863]"
357780,357780,Conservative,"Building","Waiting","",1,"productivity or territory is insufficient [CokeOven:candidate=True;constructible=True;affordable=False;available=False;owned=2;upgradeTo=IndustrialCarbonizationRetort;research=SteamPower|Coking;workshop=;productivity=203.08;territory=1863]"
358380,358380,Conservative,"Building","Waiting","",1,"productivity or territory is insufficient [CokeOven:candidate=True;constructible=True;affordable=False;available=False;owned=2;upgradeTo=IndustrialCarbonizationRetort;research=SteamPower|Coking;workshop=;productivity=1352.8;territory=1863]"
358980,358980,Conservative,"Building","Waiting","",1,"productivity or territory is insufficient [CokeOven:candidate=True;constructible=True;affordable=False;available=False;owned=2;upgradeTo=IndustrialCarbonizationRetort;research=SteamPower|Coking;workshop=;productivity=1164.04;territory=1863]"
359580,359580,Conservative,"Building","Waiting","",1,"productivity or territory is insufficient [CokeOven:candidate=True;constructible=True;affordable=False;available=False;owned=2;upgradeTo=IndustrialCarbonizationRetort;research=SteamPower|Coking;workshop=;productivity=1003.88;territory=1863]"
360180,360180,Conservative,"Building","Waiting","",1,"productivity or territory is insufficient [CokeOven:candidate=True;constructible=True;affordable=False;available=False;owned=2;upgradeTo=IndustrialCarbonizationRetort;research=SteamPower|Coking;workshop=;productivity=869.46;territory=1863]"
360780,360780,Conservative,"Building","Waiting","",1,"productivity or territory is insufficient [CokeOven:candidate=True;constructible=True;affordable=False;available=False;owned=2;upgradeTo=IndustrialCarbonizationRetort;research=SteamPower|Coking;workshop=;productivity=760.78;territory=1863]"
361380,361380,Conservative,"Building","Waiting","",1,"productivity or territory is insufficient [CokeOven:candidate=True;constructible=True;affordable=False;available=False;owned=2;upgradeTo=IndustrialCarbonizationRetort;research=SteamPower|Coking;workshop=;productivity=666.4;territory=1863]"
361980,361980,Conservative,"Building","Waiting","",1,"productivity or territory is insufficient [CokeOven:candidate=True;constructible=True;affordable=False;available=False;owned=2;upgradeTo=IndustrialCarbonizationRetort;research=SteamPower|Coking;workshop=;productivity=589.18;territory=1863]"
362580,362580,Conservative,"Building","Waiting","",1,"productivity or territory is insufficient [CokeOven:candidate=True;constructible=True;affordable=False;available=False;owned=2;upgradeTo=IndustrialCarbonizationRetort;research=SteamPower|Coking;workshop=;productivity=526.26;territory=1863]"
363180,363180,Conservative,"Building","Waiting","",1,"productivity or territory is insufficient [CokeOven:candidate=True;constructible=True;affordable=False;available=False;owned=2;upgradeTo=IndustrialCarbonizationRetort;research=SteamPower|Coking;workshop=;productivity=471.92;territory=1863]"
363780,363780,Conservative,"Building","Waiting","",1,"productivity or territory is insufficient [CokeOven:candidate=True;constructible=True;affordable=False;available=False;owned=2;upgradeTo=IndustrialCarbonizationRetort;research=SteamPower|Coking;workshop=;productivity=429.02;territory=1863]"
364380,364380,Conservative,"Building","Waiting","",1,"productivity or territory is insufficient [CokeOven:candidate=True;constructible=True;affordable=False;available=False;owned=2;upgradeTo=IndustrialCarbonizationRetort;research=SteamPower|Coking;workshop=;productivity=391.84;territory=1863]"
364980,364980,Conservative,"Building","Waiting","",1,"productivity or territory is insufficient [CokeOven:candidate=True;constructible=True;affordable=False;available=False;owned=2;upgradeTo=IndustrialCarbonizationRetort;research=SteamPower|Coking;workshop=;productivity=360.38;territory=1863]"
365580,365580,Conservative,"Building","Waiting","",1,"productivity or territory is insufficient [CokeOven:candidate=True;constructible=True;affordable=False;available=False;owned=2;upgradeTo=IndustrialCarbonizationRetort;research=SteamPower|Coking;workshop=;productivity=334.64;territory=1863]"
366180,366180,Conservative,"Building","Waiting","",1,"productivity or territory is insufficient [CokeOven:candidate=True;constructible=True;affordable=False;available=False;owned=2;upgradeTo=IndustrialCarbonizationRetort;research=SteamPower|Coking;workshop=;productivity=311.76;territory=1863]"
366780,366780,Conservative,"Building","Waiting","",1,"productivity or territory is insufficient [CokeOven:candidate=True;constructible=True;affordable=False;available=False;owned=2;upgradeTo=IndustrialCarbonizationRetort;research=SteamPower|Coking;workshop=;productivity=294.6;territory=1863]"
367380,367380,Conservative,"Building","Waiting","",1,"productivity or territory is insufficient [CokeOven:candidate=True;constructible=True;affordable=False;available=False;owned=2;upgradeTo=IndustrialCarbonizationRetort;research=SteamPower|Coking;workshop=;productivity=280.3;territory=1863]"
367980,367980,Conservative,"Building","Waiting","",1,"productivity or territory is insufficient [CokeOven:candidate=True;constructible=True;affordable=False;available=False;owned=2;upgradeTo=IndustrialCarbonizationRetort;research=SteamPower|Coking;workshop=;productivity=266;territory=1863]"
368580,368580,Conservative,"Building","Waiting","",1,"productivity or territory is insufficient [CokeOven:candidate=True;constructible=True;affordable=False;available=False;owned=2;upgradeTo=IndustrialCarbonizationRetort;research=SteamPower|Coking;workshop=;productivity=257.42;territory=1863]"
369180,369180,Conservative,"Building","Waiting","",1,"productivity or territory is insufficient [CokeOven:candidate=True;constructible=True;affordable=False;available=False;owned=2;upgradeTo=IndustrialCarbonizationRetort;research=SteamPower|Coking;workshop=;productivity=248.84;territory=1863]"
369780,369780,Conservative,"Building","Waiting","",1,"productivity or territory is insufficient [CokeOven:candidate=True;constructible=True;affordable=False;available=False;owned=2;upgradeTo=IndustrialCarbonizationRetort;research=SteamPower|Coking;workshop=;productivity=240.26;territory=1863]"
370380,370380,Conservative,"Building","Waiting","",1,"productivity or territory is insufficient [CokeOven:candidate=True;constructible=True;affordable=False;available=False;owned=2;upgradeTo=IndustrialCarbonizationRetort;research=SteamPower|Coking;workshop=;productivity=234.54;territory=1863]"
370980,370980,Conservative,"Building","Waiting","",1,"productivity or territory is insufficient [CokeOven:candidate=True;constructible=True;affordable=False;available=False;owned=2;upgradeTo=IndustrialCarbonizationRetort;research=SteamPower|Coking;workshop=;productivity=231.68;territory=1863]"
371580,371580,Conservative,"Building","Waiting","",1,"productivity or territory is insufficient [CokeOven:candidate=True;constructible=True;affordable=False;available=False;owned=2;upgradeTo=IndustrialCarbonizationRetort;research=SteamPower|Coking;workshop=;productivity=225.96;territory=1863]"
372180,372180,Conservative,"Building","Waiting","",1,"productivity or territory is insufficient [CokeOven:candidate=True;constructible=True;affordable=False;available=False;owned=2;upgradeTo=IndustrialCarbonizationRetort;research=SteamPower|Coking;workshop=;productivity=223.1;territory=1863]"
372780,372780,Conservative,"Building","Waiting","",1,"productivity or territory is insufficient [CokeOven:candidate=True;constructible=True;affordable=False;available=False;owned=2;upgradeTo=IndustrialCarbonizationRetort;research=SteamPower|Coking;workshop=;productivity=220.24;territory=1863]"
373380,373380,Conservative,"Building","Waiting","",1,"productivity or territory is insufficient [CokeOven:candidate=True;constructible=True;affordable=False;available=False;owned=2;upgradeTo=IndustrialCarbonizationRetort;research=SteamPower|Coking;workshop=;productivity=217.38;territory=1863]"
373980,374580,Conservative,"Building","Waiting","",2,"productivity or territory is insufficient [CokeOven:candidate=True;constructible=True;affordable=False;available=False;owned=2;upgradeTo=IndustrialCarbonizationRetort;research=SteamPower|Coking;workshop=;productivity=214.52;territory=1863]"
375180,375780,Conservative,"Building","Waiting","",2,"productivity or territory is insufficient [CokeOven:candidate=True;constructible=True;affordable=False;available=False;owned=2;upgradeTo=IndustrialCarbonizationRetort;research=SteamPower|Coking;workshop=;productivity=211.66;territory=1863]"
376380,378780,Conservative,"Building","Waiting","",5,"productivity or territory is insufficient [CokeOven:candidate=True;constructible=True;affordable=False;available=False;owned=2;upgradeTo=IndustrialCarbonizationRetort;research=SteamPower|Coking;workshop=;productivity=208.8;territory=1863]"
379380,390780,Conservative,"Building","Waiting","",20,"productivity or territory is insufficient [CokeOven:candidate=True;constructible=True;affordable=False;available=False;owned=2;upgradeTo=IndustrialCarbonizationRetort;research=SteamPower|Coking;workshop=;productivity=205.94;territory=1863]"
391380,391380,Conservative,"Building","Waiting","",1,"productivity or territory is insufficient [CokeOven:candidate=True;constructible=True;affordable=False;available=False;owned=2;upgradeTo=IndustrialCarbonizationRetort;research=SteamPower|Coking;workshop=;productivity=203.08;territory=1863]"
391980,391980,Conservative,"Building","Waiting","",1,"productivity or territory is insufficient [CokeOven:candidate=True;constructible=True;affordable=False;available=False;owned=2;upgradeTo=IndustrialCarbonizationRetort;research=SteamPower|Coking;workshop=;productivity=1352.8;territory=1863]"
392580,392580,Conservative,"Building","Waiting","",1,"productivity or territory is insufficient [CokeOven:candidate=True;constructible=True;affordable=False;available=False;owned=2;upgradeTo=IndustrialCarbonizationRetort;research=SteamPower|Coking;workshop=;productivity=1164.04;territory=1863]"
393180,393180,Conservative,"Building","Waiting","",1,"productivity or territory is insufficient [CokeOven:candidate=True;constructible=True;affordable=False;available=False;owned=2;upgradeTo=IndustrialCarbonizationRetort;research=SteamPower|Coking;workshop=;productivity=1003.88;territory=1863]"
393780,393780,Conservative,"Building","Waiting","",1,"productivity or territory is insufficient [CokeOven:candidate=True;constructible=True;affordable=False;available=False;owned=2;upgradeTo=IndustrialCarbonizationRetort;research=SteamPower|Coking;workshop=;productivity=869.46;territory=1863]"
394380,394380,Conservative,"Building","Waiting","",1,"productivity or territory is insufficient [CokeOven:candidate=True;constructible=True;affordable=False;available=False;owned=2;upgradeTo=IndustrialCarbonizationRetort;research=SteamPower|Coking;workshop=;productivity=760.78;territory=1863]"
394980,394980,Conservative,"Building","Waiting","",1,"productivity or territory is insufficient [CokeOven:candidate=True;constructible=True;affordable=False;available=False;owned=2;upgradeTo=IndustrialCarbonizationRetort;research=SteamPower|Coking;workshop=;productivity=666.4;territory=1863]"
395580,395580,Conservative,"Building","Waiting","",1,"productivity or territory is insufficient [CokeOven:candidate=True;constructible=True;affordable=False;available=False;owned=2;upgradeTo=IndustrialCarbonizationRetort;research=SteamPower|Coking;workshop=;productivity=589.18;territory=1863]"
396180,396180,Conservative,"Building","Waiting","",1,"productivity or territory is insufficient [CokeOven:candidate=True;constructible=True;affordable=False;available=False;owned=2;upgradeTo=IndustrialCarbonizationRetort;research=SteamPower|Coking;workshop=;productivity=526.26;territory=1863]"
396780,396780,Conservative,"Building","Waiting","",1,"productivity or territory is insufficient [CokeOven:candidate=True;constructible=True;affordable=False;available=False;owned=2;upgradeTo=IndustrialCarbonizationRetort;research=SteamPower|Coking;workshop=;productivity=471.92;territory=1863]"
397380,397380,Conservative,"Building","Waiting","",1,"productivity or territory is insufficient [CokeOven:candidate=True;constructible=True;affordable=False;available=False;owned=2;upgradeTo=IndustrialCarbonizationRetort;research=SteamPower|Coking;workshop=;productivity=429.02;territory=1863]"
397980,397980,Conservative,"Building","Waiting","",1,"productivity or territory is insufficient [CokeOven:candidate=True;constructible=True;affordable=False;available=False;owned=2;upgradeTo=IndustrialCarbonizationRetort;research=SteamPower|Coking;workshop=;productivity=391.84;territory=1863]"
398580,398580,Conservative,"Building","Waiting","",1,"productivity or territory is insufficient [CokeOven:candidate=True;constructible=True;affordable=False;available=False;owned=2;upgradeTo=IndustrialCarbonizationRetort;research=SteamPower|Coking;workshop=;productivity=360.38;territory=1863]"
399180,399180,Conservative,"Building","Waiting","",1,"productivity or territory is insufficient [CokeOven:candidate=True;constructible=True;affordable=False;available=False;owned=2;upgradeTo=IndustrialCarbonizationRetort;research=SteamPower|Coking;workshop=;productivity=334.64;territory=1863]"
399780,399780,Conservative,"Building","Waiting","",1,"productivity or territory is insufficient [CokeOven:candidate=True;constructible=True;affordable=False;available=False;owned=2;upgradeTo=IndustrialCarbonizationRetort;research=SteamPower|Coking;workshop=;productivity=311.76;territory=1863]"
400380,400380,Conservative,"Building","Waiting","",1,"productivity or territory is insufficient [CokeOven:candidate=True;constructible=True;affordable=False;available=False;owned=2;upgradeTo=IndustrialCarbonizationRetort;research=SteamPower|Coking;workshop=;productivity=294.6;territory=1863]"
400980,400980,Conservative,"Building","Waiting","",1,"productivity or territory is insufficient [CokeOven:candidate=True;constructible=True;affordable=False;available=False;owned=2;upgradeTo=IndustrialCarbonizationRetort;research=SteamPower|Coking;workshop=;productivity=280.3;territory=1863]"
401580,401580,Conservative,"Building","Waiting","",1,"productivity or territory is insufficient [CokeOven:candidate=True;constructible=True;affordable=False;available=False;owned=2;upgradeTo=IndustrialCarbonizationRetort;research=SteamPower|Coking;workshop=;productivity=266;territory=1863]"
402180,402180,Conservative,"Building","Waiting","",1,"productivity or territory is insufficient [CokeOven:candidate=True;constructible=True;affordable=False;available=False;owned=2;upgradeTo=IndustrialCarbonizationRetort;research=SteamPower|Coking;workshop=;productivity=257.42;territory=1863]"
402780,402780,Conservative,"Building","Waiting","",1,"productivity or territory is insufficient [CokeOven:candidate=True;constructible=True;affordable=False;available=False;owned=2;upgradeTo=IndustrialCarbonizationRetort;research=SteamPower|Coking;workshop=;productivity=248.84;territory=1863]"
403380,403380,Conservative,"Building","Waiting","",1,"productivity or territory is insufficient [CokeOven:candidate=True;constructible=True;affordable=False;available=False;owned=2;upgradeTo=IndustrialCarbonizationRetort;research=SteamPower|Coking;workshop=;productivity=240.26;territory=1863]"
403980,403980,Conservative,"Building","Waiting","",1,"productivity or territory is insufficient [CokeOven:candidate=True;constructible=True;affordable=False;available=False;owned=2;upgradeTo=IndustrialCarbonizationRetort;research=SteamPower|Coking;workshop=;productivity=234.54;territory=1863]"
404580,404580,Conservative,"Building","Waiting","",1,"productivity or territory is insufficient [CokeOven:candidate=True;constructible=True;affordable=False;available=False;owned=2;upgradeTo=IndustrialCarbonizationRetort;research=SteamPower|Coking;workshop=;productivity=231.68;territory=1863]"
405180,405180,Conservative,"Building","Waiting","",1,"productivity or territory is insufficient [CokeOven:candidate=True;constructible=True;affordable=False;available=False;owned=2;upgradeTo=IndustrialCarbonizationRetort;research=SteamPower|Coking;workshop=;productivity=225.96;territory=1863]"
405780,405780,Conservative,"Building","Waiting","",1,"productivity or territory is insufficient [CokeOven:candidate=True;constructible=True;affordable=False;available=False;owned=2;upgradeTo=IndustrialCarbonizationRetort;research=SteamPower|Coking;workshop=;productivity=223.1;territory=1863]"
406380,406380,Conservative,"Building","Waiting","",1,"productivity or territory is insufficient [CokeOven:candidate=True;constructible=True;affordable=False;available=False;owned=2;upgradeTo=IndustrialCarbonizationRetort;research=SteamPower|Coking;workshop=;productivity=220.24;territory=1863]"
406980,406980,Conservative,"Building","Waiting","",1,"productivity or territory is insufficient [CokeOven:candidate=True;constructible=True;affordable=False;available=False;owned=2;upgradeTo=IndustrialCarbonizationRetort;research=SteamPower|Coking;workshop=;productivity=217.38;territory=1863]"
407580,408180,Conservative,"Building","Waiting","",2,"productivity or territory is insufficient [CokeOven:candidate=True;constructible=True;affordable=False;available=False;owned=2;upgradeTo=IndustrialCarbonizationRetort;research=SteamPower|Coking;workshop=;productivity=214.52;territory=1863]"
408780,409380,Conservative,"Building","Waiting","",2,"productivity or territory is insufficient [CokeOven:candidate=True;constructible=True;affordable=False;available=False;owned=2;upgradeTo=IndustrialCarbonizationRetort;research=SteamPower|Coking;workshop=;productivity=211.66;territory=1863]"
409980,412380,Conservative,"Building","Waiting","",5,"productivity or territory is insufficient [CokeOven:candidate=True;constructible=True;affordable=False;available=False;owned=2;upgradeTo=IndustrialCarbonizationRetort;research=SteamPower|Coking;workshop=;productivity=208.8;territory=1863]"
412980,424380,Conservative,"Building","Waiting","",20,"productivity or territory is insufficient [CokeOven:candidate=True;constructible=True;affordable=False;available=False;owned=2;upgradeTo=IndustrialCarbonizationRetort;research=SteamPower|Coking;workshop=;productivity=205.94;territory=1863]"
424980,424980,Conservative,"Building","Waiting","",1,"productivity or territory is insufficient [CokeOven:candidate=True;constructible=True;affordable=False;available=False;owned=2;upgradeTo=IndustrialCarbonizationRetort;research=SteamPower|Coking;workshop=;productivity=203.08;territory=1863]"
425580,425580,Conservative,"Building","Waiting","",1,"productivity or territory is insufficient [CokeOven:candidate=True;constructible=True;affordable=False;available=False;owned=2;upgradeTo=IndustrialCarbonizationRetort;research=SteamPower|Coking;workshop=;productivity=1352.8;territory=1863]"
426180,426180,Conservative,"Building","Waiting","",1,"productivity or territory is insufficient [CokeOven:candidate=True;constructible=True;affordable=False;available=False;owned=2;upgradeTo=IndustrialCarbonizationRetort;research=SteamPower|Coking;workshop=;productivity=1164.04;territory=1863]"
426780,426780,Conservative,"Building","Waiting","",1,"productivity or territory is insufficient [CokeOven:candidate=True;constructible=True;affordable=False;available=False;owned=2;upgradeTo=IndustrialCarbonizationRetort;research=SteamPower|Coking;workshop=;productivity=1003.88;territory=1863]"
427380,427380,Conservative,"Building","Waiting","",1,"productivity or territory is insufficient [CokeOven:candidate=True;constructible=True;affordable=False;available=False;owned=2;upgradeTo=IndustrialCarbonizationRetort;research=SteamPower|Coking;workshop=;productivity=869.46;territory=1863]"
427980,427980,Conservative,"Building","Waiting","",1,"productivity or territory is insufficient [CokeOven:candidate=True;constructible=True;affordable=False;available=False;owned=2;upgradeTo=IndustrialCarbonizationRetort;research=SteamPower|Coking;workshop=;productivity=760.78;territory=1863]"
428580,428580,Conservative,"Building","Waiting","",1,"productivity or territory is insufficient [CokeOven:candidate=True;constructible=True;affordable=False;available=False;owned=2;upgradeTo=IndustrialCarbonizationRetort;research=SteamPower|Coking;workshop=;productivity=666.4;territory=1863]"
429180,429180,Conservative,"Building","Waiting","",1,"productivity or territory is insufficient [CokeOven:candidate=True;constructible=True;affordable=False;available=False;owned=2;upgradeTo=IndustrialCarbonizationRetort;research=SteamPower|Coking;workshop=;productivity=589.18;territory=1863]"
429780,429780,Conservative,"Building","Waiting","",1,"productivity or territory is insufficient [CokeOven:candidate=True;constructible=True;affordable=False;available=False;owned=2;upgradeTo=IndustrialCarbonizationRetort;research=SteamPower|Coking;workshop=;productivity=526.26;territory=1863]"
430380,430380,Conservative,"Building","Waiting","",1,"productivity or territory is insufficient [CokeOven:candidate=True;constructible=True;affordable=False;available=False;owned=2;upgradeTo=IndustrialCarbonizationRetort;research=SteamPower|Coking;workshop=;productivity=471.92;territory=1863]"
430980,430980,Conservative,"Building","Waiting","",1,"productivity or territory is insufficient [CokeOven:candidate=True;constructible=True;affordable=False;available=False;owned=2;upgradeTo=IndustrialCarbonizationRetort;research=SteamPower|Coking;workshop=;productivity=429.02;territory=1863]"
431580,431580,Conservative,"Building","Waiting","",1,"productivity or territory is insufficient [CokeOven:candidate=True;constructible=True;affordable=False;available=False;owned=2;upgradeTo=IndustrialCarbonizationRetort;research=SteamPower|Coking;workshop=;productivity=391.84;territory=1863]"
432180,432180,Conservative,"Building","Waiting","",1,"productivity or territory is insufficient [CokeOven:candidate=True;constructible=True;affordable=False;available=False;owned=2;upgradeTo=IndustrialCarbonizationRetort;research=SteamPower|Coking;workshop=;productivity=360.38;territory=1863]"
432780,432780,Conservative,"Building","Waiting","",1,"productivity or territory is insufficient [CokeOven:candidate=True;constructible=True;affordable=False;available=False;owned=2;upgradeTo=IndustrialCarbonizationRetort;research=SteamPower|Coking;workshop=;productivity=334.64;territory=1863]"
433380,433380,Conservative,"Building","Waiting","",1,"productivity or territory is insufficient [CokeOven:candidate=True;constructible=True;affordable=False;available=False;owned=2;upgradeTo=IndustrialCarbonizationRetort;research=SteamPower|Coking;workshop=;productivity=311.76;territory=1863]"
433980,433980,Conservative,"Building","Waiting","",1,"productivity or territory is insufficient [CokeOven:candidate=True;constructible=True;affordable=False;available=False;owned=2;upgradeTo=IndustrialCarbonizationRetort;research=SteamPower|Coking;workshop=;productivity=294.6;territory=1863]"
434580,434580,Conservative,"Building","Waiting","",1,"productivity or territory is insufficient [CokeOven:candidate=True;constructible=True;affordable=False;available=False;owned=2;upgradeTo=IndustrialCarbonizationRetort;research=SteamPower|Coking;workshop=;productivity=280.3;territory=1863]"
435180,435180,Conservative,"Building","Waiting","",1,"productivity or territory is insufficient [CokeOven:candidate=True;constructible=True;affordable=False;available=False;owned=2;upgradeTo=IndustrialCarbonizationRetort;research=SteamPower|Coking;workshop=;productivity=266;territory=1863]"
435780,435780,Conservative,"Building","Waiting","",1,"productivity or territory is insufficient [CokeOven:candidate=True;constructible=True;affordable=False;available=False;owned=2;upgradeTo=IndustrialCarbonizationRetort;research=SteamPower|Coking;workshop=;productivity=257.42;territory=1863]"
436380,436380,Conservative,"Building","Waiting","",1,"productivity or territory is insufficient [CokeOven:candidate=True;constructible=True;affordable=False;available=False;owned=2;upgradeTo=IndustrialCarbonizationRetort;research=SteamPower|Coking;workshop=;productivity=248.84;territory=1863]"
436980,436980,Conservative,"Building","Waiting","",1,"productivity or territory is insufficient [CokeOven:candidate=True;constructible=True;affordable=False;available=False;owned=2;upgradeTo=IndustrialCarbonizationRetort;research=SteamPower|Coking;workshop=;productivity=240.26;territory=1863]"
437580,437580,Conservative,"Building","Waiting","",1,"productivity or territory is insufficient [CokeOven:candidate=True;constructible=True;affordable=False;available=False;owned=2;upgradeTo=IndustrialCarbonizationRetort;research=SteamPower|Coking;workshop=;productivity=234.54;territory=1863]"
438180,438180,Conservative,"Building","Waiting","",1,"productivity or territory is insufficient [CokeOven:candidate=True;constructible=True;affordable=False;available=False;owned=2;upgradeTo=IndustrialCarbonizationRetort;research=SteamPower|Coking;workshop=;productivity=231.68;territory=1863]"
438780,438780,Conservative,"Building","Waiting","",1,"productivity or territory is insufficient [CokeOven:candidate=True;constructible=True;affordable=False;available=False;owned=2;upgradeTo=IndustrialCarbonizationRetort;research=SteamPower|Coking;workshop=;productivity=225.96;territory=1863]"
439380,439380,Conservative,"Building","Waiting","",1,"productivity or territory is insufficient [CokeOven:candidate=True;constructible=True;affordable=False;available=False;owned=2;upgradeTo=IndustrialCarbonizationRetort;research=SteamPower|Coking;workshop=;productivity=223.1;territory=1863]"
439980,439980,Conservative,"Building","Waiting","",1,"productivity or territory is insufficient [CokeOven:candidate=True;constructible=True;affordable=False;available=False;owned=2;upgradeTo=IndustrialCarbonizationRetort;research=SteamPower|Coking;workshop=;productivity=220.24;territory=1863]"
440580,440580,Conservative,"Building","Waiting","",1,"productivity or territory is insufficient [CokeOven:candidate=True;constructible=True;affordable=False;available=False;owned=2;upgradeTo=IndustrialCarbonizationRetort;research=SteamPower|Coking;workshop=;productivity=217.38;territory=1863]"
441180,441780,Conservative,"Building","Waiting","",2,"productivity or territory is insufficient [CokeOven:candidate=True;constructible=True;affordable=False;available=False;owned=2;upgradeTo=IndustrialCarbonizationRetort;research=SteamPower|Coking;workshop=;productivity=214.52;territory=1863]"
442380,442980,Conservative,"Building","Waiting","",2,"productivity or territory is insufficient [CokeOven:candidate=True;constructible=True;affordable=False;available=False;owned=2;upgradeTo=IndustrialCarbonizationRetort;research=SteamPower|Coking;workshop=;productivity=211.66;territory=1863]"
443580,445980,Conservative,"Building","Waiting","",5,"productivity or territory is insufficient [CokeOven:candidate=True;constructible=True;affordable=False;available=False;owned=2;upgradeTo=IndustrialCarbonizationRetort;research=SteamPower|Coking;workshop=;productivity=208.8;territory=1863]"
446580,457980,Conservative,"Building","Waiting","",20,"productivity or territory is insufficient [CokeOven:candidate=True;constructible=True;affordable=False;available=False;owned=2;upgradeTo=IndustrialCarbonizationRetort;research=SteamPower|Coking;workshop=;productivity=205.94;territory=1863]"
458580,458580,Conservative,"Building","Waiting","",1,"productivity or territory is insufficient [CokeOven:candidate=True;constructible=True;affordable=False;available=False;owned=2;upgradeTo=IndustrialCarbonizationRetort;research=SteamPower|Coking;workshop=;productivity=203.08;territory=1863]"
459180,459180,Conservative,"Building","Waiting","",1,"productivity or territory is insufficient [CokeOven:candidate=True;constructible=True;affordable=False;available=False;owned=2;upgradeTo=IndustrialCarbonizationRetort;research=SteamPower|Coking;workshop=;productivity=1352.8;territory=1863]"
459780,459780,Conservative,"Building","Waiting","",1,"productivity or territory is insufficient [CokeOven:candidate=True;constructible=True;affordable=False;available=False;owned=2;upgradeTo=IndustrialCarbonizationRetort;research=SteamPower|Coking;workshop=;productivity=1164.04;territory=1863]"
460380,460380,Conservative,"Building","Waiting","",1,"productivity or territory is insufficient [CokeOven:candidate=True;constructible=True;affordable=False;available=False;owned=2;upgradeTo=IndustrialCarbonizationRetort;research=SteamPower|Coking;workshop=;productivity=1003.88;territory=1863]"
460980,460980,Conservative,"Building","Waiting","",1,"productivity or territory is insufficient [CokeOven:candidate=True;constructible=True;affordable=False;available=False;owned=2;upgradeTo=IndustrialCarbonizationRetort;research=SteamPower|Coking;workshop=;productivity=869.46;territory=1863]"
461580,461580,Conservative,"Building","Waiting","",1,"productivity or territory is insufficient [CokeOven:candidate=True;constructible=True;affordable=False;available=False;owned=2;upgradeTo=IndustrialCarbonizationRetort;research=SteamPower|Coking;workshop=;productivity=760.78;territory=1863]"
462180,462180,Conservative,"Building","Waiting","",1,"productivity or territory is insufficient [CokeOven:candidate=True;constructible=True;affordable=False;available=False;owned=2;upgradeTo=IndustrialCarbonizationRetort;research=SteamPower|Coking;workshop=;productivity=666.4;territory=1863]"
462780,462780,Conservative,"Building","Waiting","",1,"productivity or territory is insufficient [CokeOven:candidate=True;constructible=True;affordable=False;available=False;owned=2;upgradeTo=IndustrialCarbonizationRetort;research=SteamPower|Coking;workshop=;productivity=589.18;territory=1863]"
463380,463380,Conservative,"Building","Waiting","",1,"productivity or territory is insufficient [CokeOven:candidate=True;constructible=True;affordable=False;available=False;owned=2;upgradeTo=IndustrialCarbonizationRetort;research=SteamPower|Coking;workshop=;productivity=526.26;territory=1863]"
463980,463980,Conservative,"Building","Waiting","",1,"productivity or territory is insufficient [CokeOven:candidate=True;constructible=True;affordable=False;available=False;owned=2;upgradeTo=IndustrialCarbonizationRetort;research=SteamPower|Coking;workshop=;productivity=471.92;territory=1863]"
464580,464580,Conservative,"Building","Waiting","",1,"productivity or territory is insufficient [CokeOven:candidate=True;constructible=True;affordable=False;available=False;owned=2;upgradeTo=IndustrialCarbonizationRetort;research=SteamPower|Coking;workshop=;productivity=429.02;territory=1863]"
465180,465180,Conservative,"Building","Waiting","",1,"productivity or territory is insufficient [CokeOven:candidate=True;constructible=True;affordable=False;available=False;owned=2;upgradeTo=IndustrialCarbonizationRetort;research=SteamPower|Coking;workshop=;productivity=391.84;territory=1863]"
465780,465780,Conservative,"Building","Waiting","",1,"productivity or territory is insufficient [CokeOven:candidate=True;constructible=True;affordable=False;available=False;owned=2;upgradeTo=IndustrialCarbonizationRetort;research=SteamPower|Coking;workshop=;productivity=360.38;territory=1863]"
466380,466380,Conservative,"Building","Waiting","",1,"productivity or territory is insufficient [CokeOven:candidate=True;constructible=True;affordable=False;available=False;owned=2;upgradeTo=IndustrialCarbonizationRetort;research=SteamPower|Coking;workshop=;productivity=334.64;territory=1863]"
466980,466980,Conservative,"Building","Waiting","",1,"productivity or territory is insufficient [CokeOven:candidate=True;constructible=True;affordable=False;available=False;owned=2;upgradeTo=IndustrialCarbonizationRetort;research=SteamPower|Coking;workshop=;productivity=311.76;territory=1863]"
467580,467580,Conservative,"Building","Waiting","",1,"productivity or territory is insufficient [CokeOven:candidate=True;constructible=True;affordable=False;available=False;owned=2;upgradeTo=IndustrialCarbonizationRetort;research=SteamPower|Coking;workshop=;productivity=294.6;territory=1863]"
468180,468180,Conservative,"Building","Waiting","",1,"productivity or territory is insufficient [CokeOven:candidate=True;constructible=True;affordable=False;available=False;owned=2;upgradeTo=IndustrialCarbonizationRetort;research=SteamPower|Coking;workshop=;productivity=280.3;territory=1863]"
468780,468780,Conservative,"Building","Waiting","",1,"productivity or territory is insufficient [CokeOven:candidate=True;constructible=True;affordable=False;available=False;owned=2;upgradeTo=IndustrialCarbonizationRetort;research=SteamPower|Coking;workshop=;productivity=266;territory=1863]"
469380,469380,Conservative,"Building","Waiting","",1,"productivity or territory is insufficient [CokeOven:candidate=True;constructible=True;affordable=False;available=False;owned=2;upgradeTo=IndustrialCarbonizationRetort;research=SteamPower|Coking;workshop=;productivity=257.42;territory=1863]"
469980,469980,Conservative,"Building","Waiting","",1,"productivity or territory is insufficient [CokeOven:candidate=True;constructible=True;affordable=False;available=False;owned=2;upgradeTo=IndustrialCarbonizationRetort;research=SteamPower|Coking;workshop=;productivity=248.84;territory=1863]"
470580,470580,Conservative,"Building","Waiting","",1,"productivity or territory is insufficient [CokeOven:candidate=True;constructible=True;affordable=False;available=False;owned=2;upgradeTo=IndustrialCarbonizationRetort;research=SteamPower|Coking;workshop=;productivity=240.26;territory=1863]"
471180,471180,Conservative,"Building","Waiting","",1,"productivity or territory is insufficient [CokeOven:candidate=True;constructible=True;affordable=False;available=False;owned=2;upgradeTo=IndustrialCarbonizationRetort;research=SteamPower|Coking;workshop=;productivity=234.54;territory=1863]"
471780,471780,Conservative,"Building","Waiting","",1,"productivity or territory is insufficient [CokeOven:candidate=True;constructible=True;affordable=False;available=False;owned=2;upgradeTo=IndustrialCarbonizationRetort;research=SteamPower|Coking;workshop=;productivity=231.68;territory=1863]"
472380,472380,Conservative,"Building","Waiting","",1,"productivity or territory is insufficient [CokeOven:candidate=True;constructible=True;affordable=False;available=False;owned=2;upgradeTo=IndustrialCarbonizationRetort;research=SteamPower|Coking;workshop=;productivity=225.96;territory=1863]"
472980,472980,Conservative,"Building","Waiting","",1,"productivity or territory is insufficient [CokeOven:candidate=True;constructible=True;affordable=False;available=False;owned=2;upgradeTo=IndustrialCarbonizationRetort;research=SteamPower|Coking;workshop=;productivity=223.1;territory=1863]"
473580,473580,Conservative,"Building","Waiting","",1,"productivity or territory is insufficient [CokeOven:candidate=True;constructible=True;affordable=False;available=False;owned=2;upgradeTo=IndustrialCarbonizationRetort;research=SteamPower|Coking;workshop=;productivity=220.24;territory=1863]"
474180,474180,Conservative,"Building","Waiting","",1,"productivity or territory is insufficient [CokeOven:candidate=True;constructible=True;affordable=False;available=False;owned=2;upgradeTo=IndustrialCarbonizationRetort;research=SteamPower|Coking;workshop=;productivity=217.38;territory=1863]"
474780,475380,Conservative,"Building","Waiting","",2,"productivity or territory is insufficient [CokeOven:candidate=True;constructible=True;affordable=False;available=False;owned=2;upgradeTo=IndustrialCarbonizationRetort;research=SteamPower|Coking;workshop=;productivity=214.52;territory=1863]"
475980,476580,Conservative,"Building","Waiting","",2,"productivity or territory is insufficient [CokeOven:candidate=True;constructible=True;affordable=False;available=False;owned=2;upgradeTo=IndustrialCarbonizationRetort;research=SteamPower|Coking;workshop=;productivity=211.66;territory=1863]"
477180,479580,Conservative,"Building","Waiting","",5,"productivity or territory is insufficient [CokeOven:candidate=True;constructible=True;affordable=False;available=False;owned=2;upgradeTo=IndustrialCarbonizationRetort;research=SteamPower|Coking;workshop=;productivity=208.8;territory=1863]"
480180,491580,Conservative,"Building","Waiting","",20,"productivity or territory is insufficient [CokeOven:candidate=True;constructible=True;affordable=False;available=False;owned=2;upgradeTo=IndustrialCarbonizationRetort;research=SteamPower|Coking;workshop=;productivity=205.94;territory=1863]"
492180,492180,Conservative,"Building","Waiting","",1,"productivity or territory is insufficient [CokeOven:candidate=True;constructible=True;affordable=False;available=False;owned=2;upgradeTo=IndustrialCarbonizationRetort;research=SteamPower|Coking;workshop=;productivity=203.08;territory=1863]"
492780,492780,Conservative,"Building","Waiting","",1,"productivity or territory is insufficient [CokeOven:candidate=True;constructible=True;affordable=False;available=False;owned=2;upgradeTo=IndustrialCarbonizationRetort;research=SteamPower|Coking;workshop=;productivity=1352.8;territory=1863]"
493380,493380,Conservative,"Building","Waiting","",1,"productivity or territory is insufficient [CokeOven:candidate=True;constructible=True;affordable=False;available=False;owned=2;upgradeTo=IndustrialCarbonizationRetort;research=SteamPower|Coking;workshop=;productivity=1164.04;territory=1863]"
493980,493980,Conservative,"Building","Waiting","",1,"productivity or territory is insufficient [CokeOven:candidate=True;constructible=True;affordable=False;available=False;owned=2;upgradeTo=IndustrialCarbonizationRetort;research=SteamPower|Coking;workshop=;productivity=1003.88;territory=1863]"
494580,494580,Conservative,"Building","Waiting","",1,"productivity or territory is insufficient [CokeOven:candidate=True;constructible=True;affordable=False;available=False;owned=2;upgradeTo=IndustrialCarbonizationRetort;research=SteamPower|Coking;workshop=;productivity=869.46;territory=1863]"
495180,495180,Conservative,"Building","Waiting","",1,"productivity or territory is insufficient [CokeOven:candidate=True;constructible=True;affordable=False;available=False;owned=2;upgradeTo=IndustrialCarbonizationRetort;research=SteamPower|Coking;workshop=;productivity=760.78;territory=1863]"
495780,495780,Conservative,"Building","Waiting","",1,"productivity or territory is insufficient [CokeOven:candidate=True;constructible=True;affordable=False;available=False;owned=2;upgradeTo=IndustrialCarbonizationRetort;research=SteamPower|Coking;workshop=;productivity=666.4;territory=1863]"
496380,496380,Conservative,"Building","Waiting","",1,"productivity or territory is insufficient [CokeOven:candidate=True;constructible=True;affordable=False;available=False;owned=2;upgradeTo=IndustrialCarbonizationRetort;research=SteamPower|Coking;workshop=;productivity=589.18;territory=1863]"
496980,496980,Conservative,"Building","Waiting","",1,"productivity or territory is insufficient [CokeOven:candidate=True;constructible=True;affordable=False;available=False;owned=2;upgradeTo=IndustrialCarbonizationRetort;research=SteamPower|Coking;workshop=;productivity=526.26;territory=1863]"
497580,497580,Conservative,"Building","Waiting","",1,"productivity or territory is insufficient [CokeOven:candidate=True;constructible=True;affordable=False;available=False;owned=2;upgradeTo=IndustrialCarbonizationRetort;research=SteamPower|Coking;workshop=;productivity=471.92;territory=1863]"
498180,498180,Conservative,"Building","Waiting","",1,"productivity or territory is insufficient [CokeOven:candidate=True;constructible=True;affordable=False;available=False;owned=2;upgradeTo=IndustrialCarbonizationRetort;research=SteamPower|Coking;workshop=;productivity=429.02;territory=1863]"
498780,498780,Conservative,"Building","Waiting","",1,"productivity or territory is insufficient [CokeOven:candidate=True;constructible=True;affordable=False;available=False;owned=2;upgradeTo=IndustrialCarbonizationRetort;research=SteamPower|Coking;workshop=;productivity=391.84;territory=1863]"
499380,499380,Conservative,"Building","Waiting","",1,"productivity or territory is insufficient [CokeOven:candidate=True;constructible=True;affordable=False;available=False;owned=2;upgradeTo=IndustrialCarbonizationRetort;research=SteamPower|Coking;workshop=;productivity=360.38;territory=1863]"
499980,499980,Conservative,"Building","Waiting","",1,"productivity or territory is insufficient [CokeOven:candidate=True;constructible=True;affordable=False;available=False;owned=2;upgradeTo=IndustrialCarbonizationRetort;research=SteamPower|Coking;workshop=;productivity=334.64;territory=1863]"
500580,500580,Conservative,"Building","Waiting","",1,"productivity or territory is insufficient [CokeOven:candidate=True;constructible=True;affordable=False;available=False;owned=2;upgradeTo=IndustrialCarbonizationRetort;research=SteamPower|Coking;workshop=;productivity=311.76;territory=1863]"
501180,501180,Conservative,"Building","Waiting","",1,"productivity or territory is insufficient [CokeOven:candidate=True;constructible=True;affordable=False;available=False;owned=2;upgradeTo=IndustrialCarbonizationRetort;research=SteamPower|Coking;workshop=;productivity=294.6;territory=1863]"
501780,501780,Conservative,"Building","Waiting","",1,"productivity or territory is insufficient [CokeOven:candidate=True;constructible=True;affordable=False;available=False;owned=2;upgradeTo=IndustrialCarbonizationRetort;research=SteamPower|Coking;workshop=;productivity=280.3;territory=1863]"
502380,502380,Conservative,"Building","Waiting","",1,"productivity or territory is insufficient [CokeOven:candidate=True;constructible=True;affordable=False;available=False;owned=2;upgradeTo=IndustrialCarbonizationRetort;research=SteamPower|Coking;workshop=;productivity=266;territory=1863]"
502980,502980,Conservative,"Building","Waiting","",1,"productivity or territory is insufficient [CokeOven:candidate=True;constructible=True;affordable=False;available=False;owned=2;upgradeTo=IndustrialCarbonizationRetort;research=SteamPower|Coking;workshop=;productivity=257.42;territory=1863]"
503580,503580,Conservative,"Building","Waiting","",1,"productivity or territory is insufficient [CokeOven:candidate=True;constructible=True;affordable=False;available=False;owned=2;upgradeTo=IndustrialCarbonizationRetort;research=SteamPower|Coking;workshop=;productivity=248.84;territory=1863]"
504180,504180,Conservative,"Building","Waiting","",1,"productivity or territory is insufficient [CokeOven:candidate=True;constructible=True;affordable=False;available=False;owned=2;upgradeTo=IndustrialCarbonizationRetort;research=SteamPower|Coking;workshop=;productivity=240.26;territory=1863]"
504780,504780,Conservative,"Building","Waiting","",1,"productivity or territory is insufficient [CokeOven:candidate=True;constructible=True;affordable=False;available=False;owned=2;upgradeTo=IndustrialCarbonizationRetort;research=SteamPower|Coking;workshop=;productivity=234.54;territory=1863]"
505380,505380,Conservative,"Building","Waiting","",1,"productivity or territory is insufficient [CokeOven:candidate=True;constructible=True;affordable=False;available=False;owned=2;upgradeTo=IndustrialCarbonizationRetort;research=SteamPower|Coking;workshop=;productivity=231.68;territory=1863]"
505980,505980,Conservative,"Building","Waiting","",1,"productivity or territory is insufficient [CokeOven:candidate=True;constructible=True;affordable=False;available=False;owned=2;upgradeTo=IndustrialCarbonizationRetort;research=SteamPower|Coking;workshop=;productivity=225.96;territory=1863]"
506580,506580,Conservative,"Building","Waiting","",1,"productivity or territory is insufficient [CokeOven:candidate=True;constructible=True;affordable=False;available=False;owned=2;upgradeTo=IndustrialCarbonizationRetort;research=SteamPower|Coking;workshop=;productivity=223.1;territory=1863]"
507180,507180,Conservative,"Building","Waiting","",1,"productivity or territory is insufficient [CokeOven:candidate=True;constructible=True;affordable=False;available=False;owned=2;upgradeTo=IndustrialCarbonizationRetort;research=SteamPower|Coking;workshop=;productivity=220.24;territory=1863]"
507780,507780,Conservative,"Building","Waiting","",1,"productivity or territory is insufficient [CokeOven:candidate=True;constructible=True;affordable=False;available=False;owned=2;upgradeTo=IndustrialCarbonizationRetort;research=SteamPower|Coking;workshop=;productivity=217.38;territory=1863]"
508380,508980,Conservative,"Building","Waiting","",2,"productivity or territory is insufficient [CokeOven:candidate=True;constructible=True;affordable=False;available=False;owned=2;upgradeTo=IndustrialCarbonizationRetort;research=SteamPower|Coking;workshop=;productivity=214.52;territory=1863]"
509580,510180,Conservative,"Building","Waiting","",2,"productivity or territory is insufficient [CokeOven:candidate=True;constructible=True;affordable=False;available=False;owned=2;upgradeTo=IndustrialCarbonizationRetort;research=SteamPower|Coking;workshop=;productivity=211.66;territory=1863]"
510780,513180,Conservative,"Building","Waiting","",5,"productivity or territory is insufficient [CokeOven:candidate=True;constructible=True;affordable=False;available=False;owned=2;upgradeTo=IndustrialCarbonizationRetort;research=SteamPower|Coking;workshop=;productivity=208.8;territory=1863]"
513780,525180,Conservative,"Building","Waiting","",20,"productivity or territory is insufficient [CokeOven:candidate=True;constructible=True;affordable=False;available=False;owned=2;upgradeTo=IndustrialCarbonizationRetort;research=SteamPower|Coking;workshop=;productivity=205.94;territory=1863]"
525780,525780,Conservative,"Building","Waiting","",1,"productivity or territory is insufficient [CokeOven:candidate=True;constructible=True;affordable=False;available=False;owned=2;upgradeTo=IndustrialCarbonizationRetort;research=SteamPower|Coking;workshop=;productivity=203.08;territory=1863]"
526380,526380,Conservative,"Building","Waiting","",1,"productivity or territory is insufficient [CokeOven:candidate=True;constructible=True;affordable=False;available=False;owned=2;upgradeTo=IndustrialCarbonizationRetort;research=SteamPower|Coking;workshop=;productivity=1352.8;territory=1863]"
526980,526980,Conservative,"Building","Waiting","",1,"productivity or territory is insufficient [CokeOven:candidate=True;constructible=True;affordable=False;available=False;owned=2;upgradeTo=IndustrialCarbonizationRetort;research=SteamPower|Coking;workshop=;productivity=1164.04;territory=1863]"
527580,527580,Conservative,"Building","Waiting","",1,"productivity or territory is insufficient [CokeOven:candidate=True;constructible=True;affordable=False;available=False;owned=2;upgradeTo=IndustrialCarbonizationRetort;research=SteamPower|Coking;workshop=;productivity=1003.88;territory=1863]"
528180,528180,Conservative,"Building","Waiting","",1,"productivity or territory is insufficient [CokeOven:candidate=True;constructible=True;affordable=False;available=False;owned=2;upgradeTo=IndustrialCarbonizationRetort;research=SteamPower|Coking;workshop=;productivity=869.46;territory=1863]"
528780,528780,Conservative,"Building","Waiting","",1,"productivity or territory is insufficient [CokeOven:candidate=True;constructible=True;affordable=False;available=False;owned=2;upgradeTo=IndustrialCarbonizationRetort;research=SteamPower|Coking;workshop=;productivity=760.78;territory=1863]"
529380,529380,Conservative,"Building","Waiting","",1,"productivity or territory is insufficient [CokeOven:candidate=True;constructible=True;affordable=False;available=False;owned=2;upgradeTo=IndustrialCarbonizationRetort;research=SteamPower|Coking;workshop=;productivity=666.4;territory=1863]"
529980,529980,Conservative,"Building","Waiting","",1,"productivity or territory is insufficient [CokeOven:candidate=True;constructible=True;affordable=False;available=False;owned=2;upgradeTo=IndustrialCarbonizationRetort;research=SteamPower|Coking;workshop=;productivity=589.18;territory=1863]"
530580,530580,Conservative,"Building","Waiting","",1,"productivity or territory is insufficient [CokeOven:candidate=True;constructible=True;affordable=False;available=False;owned=2;upgradeTo=IndustrialCarbonizationRetort;research=SteamPower|Coking;workshop=;productivity=526.26;territory=1863]"
531180,531180,Conservative,"Building","Waiting","",1,"productivity or territory is insufficient [CokeOven:candidate=True;constructible=True;affordable=False;available=False;owned=2;upgradeTo=IndustrialCarbonizationRetort;research=SteamPower|Coking;workshop=;productivity=471.92;territory=1863]"
531780,531780,Conservative,"Building","Waiting","",1,"productivity or territory is insufficient [CokeOven:candidate=True;constructible=True;affordable=False;available=False;owned=2;upgradeTo=IndustrialCarbonizationRetort;research=SteamPower|Coking;workshop=;productivity=429.02;territory=1863]"
532380,532380,Conservative,"Building","Waiting","",1,"productivity or territory is insufficient [CokeOven:candidate=True;constructible=True;affordable=False;available=False;owned=2;upgradeTo=IndustrialCarbonizationRetort;research=SteamPower|Coking;workshop=;productivity=391.84;territory=1863]"
532980,532980,Conservative,"Building","Waiting","",1,"productivity or territory is insufficient [CokeOven:candidate=True;constructible=True;affordable=False;available=False;owned=2;upgradeTo=IndustrialCarbonizationRetort;research=SteamPower|Coking;workshop=;productivity=360.38;territory=1863]"
533580,533580,Conservative,"Building","Waiting","",1,"productivity or territory is insufficient [CokeOven:candidate=True;constructible=True;affordable=False;available=False;owned=2;upgradeTo=IndustrialCarbonizationRetort;research=SteamPower|Coking;workshop=;productivity=334.64;territory=1863]"
534180,534180,Conservative,"Building","Waiting","",1,"productivity or territory is insufficient [CokeOven:candidate=True;constructible=True;affordable=False;available=False;owned=2;upgradeTo=IndustrialCarbonizationRetort;research=SteamPower|Coking;workshop=;productivity=311.76;territory=1863]"
534780,534780,Conservative,"Building","Waiting","",1,"productivity or territory is insufficient [CokeOven:candidate=True;constructible=True;affordable=False;available=False;owned=2;upgradeTo=IndustrialCarbonizationRetort;research=SteamPower|Coking;workshop=;productivity=294.6;territory=1863]"
535380,535380,Conservative,"Building","Waiting","",1,"productivity or territory is insufficient [CokeOven:candidate=True;constructible=True;affordable=False;available=False;owned=2;upgradeTo=IndustrialCarbonizationRetort;research=SteamPower|Coking;workshop=;productivity=280.3;territory=1863]"
535980,535980,Conservative,"Building","Waiting","",1,"productivity or territory is insufficient [CokeOven:candidate=True;constructible=True;affordable=False;available=False;owned=2;upgradeTo=IndustrialCarbonizationRetort;research=SteamPower|Coking;workshop=;productivity=266;territory=1863]"
536580,536580,Conservative,"Building","Waiting","",1,"productivity or territory is insufficient [CokeOven:candidate=True;constructible=True;affordable=False;available=False;owned=2;upgradeTo=IndustrialCarbonizationRetort;research=SteamPower|Coking;workshop=;productivity=257.42;territory=1863]"
537180,537180,Conservative,"Building","Waiting","",1,"productivity or territory is insufficient [CokeOven:candidate=True;constructible=True;affordable=False;available=False;owned=2;upgradeTo=IndustrialCarbonizationRetort;research=SteamPower|Coking;workshop=;productivity=248.84;territory=1863]"
537780,537780,Conservative,"Building","Waiting","",1,"productivity or territory is insufficient [CokeOven:candidate=True;constructible=True;affordable=False;available=False;owned=2;upgradeTo=IndustrialCarbonizationRetort;research=SteamPower|Coking;workshop=;productivity=240.26;territory=1863]"
538380,538380,Conservative,"Building","Waiting","",1,"productivity or territory is insufficient [CokeOven:candidate=True;constructible=True;affordable=False;available=False;owned=2;upgradeTo=IndustrialCarbonizationRetort;research=SteamPower|Coking;workshop=;productivity=234.54;territory=1863]"
538980,538980,Conservative,"Building","Waiting","",1,"productivity or territory is insufficient [CokeOven:candidate=True;constructible=True;affordable=False;available=False;owned=2;upgradeTo=IndustrialCarbonizationRetort;research=SteamPower|Coking;workshop=;productivity=231.68;territory=1863]"
539580,539580,Conservative,"Building","Waiting","",1,"productivity or territory is insufficient [CokeOven:candidate=True;constructible=True;affordable=False;available=False;owned=2;upgradeTo=IndustrialCarbonizationRetort;research=SteamPower|Coking;workshop=;productivity=225.96;territory=1863]"
540180,540180,Conservative,"Building","Waiting","",1,"productivity or territory is insufficient [CokeOven:candidate=True;constructible=True;affordable=False;available=False;owned=2;upgradeTo=IndustrialCarbonizationRetort;research=SteamPower|Coking;workshop=;productivity=223.1;territory=1863]"
540780,540780,Conservative,"Building","Waiting","",1,"productivity or territory is insufficient [CokeOven:candidate=True;constructible=True;affordable=False;available=False;owned=2;upgradeTo=IndustrialCarbonizationRetort;research=SteamPower|Coking;workshop=;productivity=220.24;territory=1863]"
541380,541380,Conservative,"Building","Waiting","",1,"productivity or territory is insufficient [CokeOven:candidate=True;constructible=True;affordable=False;available=False;owned=2;upgradeTo=IndustrialCarbonizationRetort;research=SteamPower|Coking;workshop=;productivity=217.38;territory=1863]"
541980,542580,Conservative,"Building","Waiting","",2,"productivity or territory is insufficient [CokeOven:candidate=True;constructible=True;affordable=False;available=False;owned=2;upgradeTo=IndustrialCarbonizationRetort;research=SteamPower|Coking;workshop=;productivity=214.52;territory=1863]"
543180,543780,Conservative,"Building","Waiting","",2,"productivity or territory is insufficient [CokeOven:candidate=True;constructible=True;affordable=False;available=False;owned=2;upgradeTo=IndustrialCarbonizationRetort;research=SteamPower|Coking;workshop=;productivity=211.66;territory=1863]"
544380,546780,Conservative,"Building","Waiting","",5,"productivity or territory is insufficient [CokeOven:candidate=True;constructible=True;affordable=False;available=False;owned=2;upgradeTo=IndustrialCarbonizationRetort;research=SteamPower|Coking;workshop=;productivity=208.8;territory=1863]"
547380,558780,Conservative,"Building","Waiting","",20,"productivity or territory is insufficient [CokeOven:candidate=True;constructible=True;affordable=False;available=False;owned=2;upgradeTo=IndustrialCarbonizationRetort;research=SteamPower|Coking;workshop=;productivity=205.94;territory=1863]"
559380,559380,Conservative,"Building","Waiting","",1,"productivity or territory is insufficient [CokeOven:candidate=True;constructible=True;affordable=False;available=False;owned=2;upgradeTo=IndustrialCarbonizationRetort;research=SteamPower|Coking;workshop=;productivity=203.08;territory=1863]"
559980,559980,Conservative,"Building","Waiting","",1,"productivity or territory is insufficient [CokeOven:candidate=True;constructible=True;affordable=False;available=False;owned=2;upgradeTo=IndustrialCarbonizationRetort;research=SteamPower|Coking;workshop=;productivity=1352.8;territory=1863]"
560580,560580,Conservative,"Building","Waiting","",1,"productivity or territory is insufficient [CokeOven:candidate=True;constructible=True;affordable=False;available=False;owned=2;upgradeTo=IndustrialCarbonizationRetort;research=SteamPower|Coking;workshop=;productivity=1164.04;territory=1863]"
561180,561180,Conservative,"Building","Waiting","",1,"productivity or territory is insufficient [CokeOven:candidate=True;constructible=True;affordable=False;available=False;owned=2;upgradeTo=IndustrialCarbonizationRetort;research=SteamPower|Coking;workshop=;productivity=1003.88;territory=1863]"
561780,561780,Conservative,"Building","Waiting","",1,"productivity or territory is insufficient [CokeOven:candidate=True;constructible=True;affordable=False;available=False;owned=2;upgradeTo=IndustrialCarbonizationRetort;research=SteamPower|Coking;workshop=;productivity=869.46;territory=1863]"
562380,562380,Conservative,"Building","Waiting","",1,"productivity or territory is insufficient [CokeOven:candidate=True;constructible=True;affordable=False;available=False;owned=2;upgradeTo=IndustrialCarbonizationRetort;research=SteamPower|Coking;workshop=;productivity=760.78;territory=1863]"
562980,562980,Conservative,"Building","Waiting","",1,"productivity or territory is insufficient [CokeOven:candidate=True;constructible=True;affordable=False;available=False;owned=2;upgradeTo=IndustrialCarbonizationRetort;research=SteamPower|Coking;workshop=;productivity=666.4;territory=1863]"
563580,563580,Conservative,"Building","Waiting","",1,"productivity or territory is insufficient [CokeOven:candidate=True;constructible=True;affordable=False;available=False;owned=2;upgradeTo=IndustrialCarbonizationRetort;research=SteamPower|Coking;workshop=;productivity=589.18;territory=1863]"
564180,564180,Conservative,"Building","Waiting","",1,"productivity or territory is insufficient [CokeOven:candidate=True;constructible=True;affordable=False;available=False;owned=2;upgradeTo=IndustrialCarbonizationRetort;research=SteamPower|Coking;workshop=;productivity=526.26;territory=1863]"
564780,564780,Conservative,"Building","Waiting","",1,"productivity or territory is insufficient [CokeOven:candidate=True;constructible=True;affordable=False;available=False;owned=2;upgradeTo=IndustrialCarbonizationRetort;research=SteamPower|Coking;workshop=;productivity=471.92;territory=1863]"
565380,565380,Conservative,"Building","Waiting","",1,"productivity or territory is insufficient [CokeOven:candidate=True;constructible=True;affordable=False;available=False;owned=2;upgradeTo=IndustrialCarbonizationRetort;research=SteamPower|Coking;workshop=;productivity=429.02;territory=1863]"
565980,565980,Conservative,"Building","Waiting","",1,"productivity or territory is insufficient [CokeOven:candidate=True;constructible=True;affordable=False;available=False;owned=2;upgradeTo=IndustrialCarbonizationRetort;research=SteamPower|Coking;workshop=;productivity=391.84;territory=1863]"
566580,566580,Conservative,"Building","Waiting","",1,"productivity or territory is insufficient [CokeOven:candidate=True;constructible=True;affordable=False;available=False;owned=2;upgradeTo=IndustrialCarbonizationRetort;research=SteamPower|Coking;workshop=;productivity=360.38;territory=1863]"
567180,567180,Conservative,"Building","Waiting","",1,"productivity or territory is insufficient [CokeOven:candidate=True;constructible=True;affordable=False;available=False;owned=2;upgradeTo=IndustrialCarbonizationRetort;research=SteamPower|Coking;workshop=;productivity=334.64;territory=1863]"
567780,567780,Conservative,"Building","Waiting","",1,"productivity or territory is insufficient [CokeOven:candidate=True;constructible=True;affordable=False;available=False;owned=2;upgradeTo=IndustrialCarbonizationRetort;research=SteamPower|Coking;workshop=;productivity=311.76;territory=1863]"
568380,568380,Conservative,"Building","Waiting","",1,"productivity or territory is insufficient [CokeOven:candidate=True;constructible=True;affordable=False;available=False;owned=2;upgradeTo=IndustrialCarbonizationRetort;research=SteamPower|Coking;workshop=;productivity=294.6;territory=1863]"
568980,568980,Conservative,"Building","Waiting","",1,"productivity or territory is insufficient [CokeOven:candidate=True;constructible=True;affordable=False;available=False;owned=2;upgradeTo=IndustrialCarbonizationRetort;research=SteamPower|Coking;workshop=;productivity=280.3;territory=1863]"
569580,569580,Conservative,"Building","Waiting","",1,"productivity or territory is insufficient [CokeOven:candidate=True;constructible=True;affordable=False;available=False;owned=2;upgradeTo=IndustrialCarbonizationRetort;research=SteamPower|Coking;workshop=;productivity=266;territory=1863]"
570180,570180,Conservative,"Building","Waiting","",1,"productivity or territory is insufficient [CokeOven:candidate=True;constructible=True;affordable=False;available=False;owned=2;upgradeTo=IndustrialCarbonizationRetort;research=SteamPower|Coking;workshop=;productivity=257.42;territory=1863]"
570780,570780,Conservative,"Building","Waiting","",1,"productivity or territory is insufficient [CokeOven:candidate=True;constructible=True;affordable=False;available=False;owned=2;upgradeTo=IndustrialCarbonizationRetort;research=SteamPower|Coking;workshop=;productivity=248.84;territory=1863]"
571380,571380,Conservative,"Building","Waiting","",1,"productivity or territory is insufficient [CokeOven:candidate=True;constructible=True;affordable=False;available=False;owned=2;upgradeTo=IndustrialCarbonizationRetort;research=SteamPower|Coking;workshop=;productivity=240.26;territory=1863]"
571980,571980,Conservative,"Building","Waiting","",1,"productivity or territory is insufficient [CokeOven:candidate=True;constructible=True;affordable=False;available=False;owned=2;upgradeTo=IndustrialCarbonizationRetort;research=SteamPower|Coking;workshop=;productivity=234.54;territory=1863]"
572580,572580,Conservative,"Building","Waiting","",1,"productivity or territory is insufficient [CokeOven:candidate=True;constructible=True;affordable=False;available=False;owned=2;upgradeTo=IndustrialCarbonizationRetort;research=SteamPower|Coking;workshop=;productivity=231.68;territory=1863]"
573180,573180,Conservative,"Building","Waiting","",1,"productivity or territory is insufficient [CokeOven:candidate=True;constructible=True;affordable=False;available=False;owned=2;upgradeTo=IndustrialCarbonizationRetort;research=SteamPower|Coking;workshop=;productivity=225.96;territory=1863]"
573780,573780,Conservative,"Building","Waiting","",1,"productivity or territory is insufficient [CokeOven:candidate=True;constructible=True;affordable=False;available=False;owned=2;upgradeTo=IndustrialCarbonizationRetort;research=SteamPower|Coking;workshop=;productivity=223.1;territory=1863]"
574380,574380,Conservative,"Building","Waiting","",1,"productivity or territory is insufficient [CokeOven:candidate=True;constructible=True;affordable=False;available=False;owned=2;upgradeTo=IndustrialCarbonizationRetort;research=SteamPower|Coking;workshop=;productivity=220.24;territory=1863]"
574980,574980,Conservative,"Building","Waiting","",1,"productivity or territory is insufficient [CokeOven:candidate=True;constructible=True;affordable=False;available=False;owned=2;upgradeTo=IndustrialCarbonizationRetort;research=SteamPower|Coking;workshop=;productivity=217.38;territory=1863]"
575580,576180,Conservative,"Building","Waiting","",2,"productivity or territory is insufficient [CokeOven:candidate=True;constructible=True;affordable=False;available=False;owned=2;upgradeTo=IndustrialCarbonizationRetort;research=SteamPower|Coking;workshop=;productivity=214.52;territory=1863]"
576780,577380,Conservative,"Building","Waiting","",2,"productivity or territory is insufficient [CokeOven:candidate=True;constructible=True;affordable=False;available=False;owned=2;upgradeTo=IndustrialCarbonizationRetort;research=SteamPower|Coking;workshop=;productivity=211.66;territory=1863]"
577980,580380,Conservative,"Building","Waiting","",5,"productivity or territory is insufficient [CokeOven:candidate=True;constructible=True;affordable=False;available=False;owned=2;upgradeTo=IndustrialCarbonizationRetort;research=SteamPower|Coking;workshop=;productivity=208.8;territory=1863]"
580980,592380,Conservative,"Building","Waiting","",20,"productivity or territory is insufficient [CokeOven:candidate=True;constructible=True;affordable=False;available=False;owned=2;upgradeTo=IndustrialCarbonizationRetort;research=SteamPower|Coking;workshop=;productivity=205.94;territory=1863]"
592980,592980,Conservative,"Building","Waiting","",1,"productivity or territory is insufficient [CokeOven:candidate=True;constructible=True;affordable=False;available=False;owned=2;upgradeTo=IndustrialCarbonizationRetort;research=SteamPower|Coking;workshop=;productivity=203.08;territory=1863]"
593580,593580,Conservative,"Building","Waiting","",1,"productivity or territory is insufficient [CokeOven:candidate=True;constructible=True;affordable=False;available=False;owned=2;upgradeTo=IndustrialCarbonizationRetort;research=SteamPower|Coking;workshop=;productivity=1352.8;territory=1863]"
594180,594180,Conservative,"Building","Waiting","",1,"productivity or territory is insufficient [CokeOven:candidate=True;constructible=True;affordable=False;available=False;owned=2;upgradeTo=IndustrialCarbonizationRetort;research=SteamPower|Coking;workshop=;productivity=1164.04;territory=1863]"
594780,594780,Conservative,"Building","Waiting","",1,"productivity or territory is insufficient [CokeOven:candidate=True;constructible=True;affordable=False;available=False;owned=2;upgradeTo=IndustrialCarbonizationRetort;research=SteamPower|Coking;workshop=;productivity=1003.88;territory=1863]"
595380,595380,Conservative,"Building","Waiting","",1,"productivity or territory is insufficient [CokeOven:candidate=True;constructible=True;affordable=False;available=False;owned=2;upgradeTo=IndustrialCarbonizationRetort;research=SteamPower|Coking;workshop=;productivity=869.46;territory=1863]"
595980,595980,Conservative,"Building","Waiting","",1,"productivity or territory is insufficient [CokeOven:candidate=True;constructible=True;affordable=False;available=False;owned=2;upgradeTo=IndustrialCarbonizationRetort;research=SteamPower|Coking;workshop=;productivity=760.78;territory=1863]"
596580,596580,Conservative,"Building","Waiting","",1,"productivity or territory is insufficient [CokeOven:candidate=True;constructible=True;affordable=False;available=False;owned=2;upgradeTo=IndustrialCarbonizationRetort;research=SteamPower|Coking;workshop=;productivity=666.4;territory=1863]"
597180,597180,Conservative,"Building","Waiting","",1,"productivity or territory is insufficient [CokeOven:candidate=True;constructible=True;affordable=False;available=False;owned=2;upgradeTo=IndustrialCarbonizationRetort;research=SteamPower|Coking;workshop=;productivity=589.18;territory=1863]"
597780,597780,Conservative,"Building","Waiting","",1,"productivity or territory is insufficient [CokeOven:candidate=True;constructible=True;affordable=False;available=False;owned=2;upgradeTo=IndustrialCarbonizationRetort;research=SteamPower|Coking;workshop=;productivity=526.26;territory=1863]"
598380,598380,Conservative,"Building","Waiting","",1,"productivity or territory is insufficient [CokeOven:candidate=True;constructible=True;affordable=False;available=False;owned=2;upgradeTo=IndustrialCarbonizationRetort;research=SteamPower|Coking;workshop=;productivity=471.92;territory=1863]"
598980,598980,Conservative,"Building","Waiting","",1,"productivity or territory is insufficient [CokeOven:candidate=True;constructible=True;affordable=False;available=False;owned=2;upgradeTo=IndustrialCarbonizationRetort;research=SteamPower|Coking;workshop=;productivity=429.02;territory=1863]"
599580,599580,Conservative,"Building","Waiting","",1,"productivity or territory is insufficient [CokeOven:candidate=True;constructible=True;affordable=False;available=False;owned=2;upgradeTo=IndustrialCarbonizationRetort;research=SteamPower|Coking;workshop=;productivity=391.84;territory=1863]"
600180,600180,Conservative,"Building","Waiting","",1,"productivity or territory is insufficient [CokeOven:candidate=True;constructible=True;affordable=False;available=False;owned=2;upgradeTo=IndustrialCarbonizationRetort;research=SteamPower|Coking;workshop=;productivity=360.38;territory=1863]"
600780,600780,Conservative,"Building","Waiting","",1,"productivity or territory is insufficient [CokeOven:candidate=True;constructible=True;affordable=False;available=False;owned=2;upgradeTo=IndustrialCarbonizationRetort;research=SteamPower|Coking;workshop=;productivity=334.64;territory=1863]"
601380,601380,Conservative,"Building","Waiting","",1,"productivity or territory is insufficient [CokeOven:candidate=True;constructible=True;affordable=False;available=False;owned=2;upgradeTo=IndustrialCarbonizationRetort;research=SteamPower|Coking;workshop=;productivity=311.76;territory=1863]"
601980,601980,Conservative,"Building","Waiting","",1,"productivity or territory is insufficient [CokeOven:candidate=True;constructible=True;affordable=False;available=False;owned=2;upgradeTo=IndustrialCarbonizationRetort;research=SteamPower|Coking;workshop=;productivity=294.6;territory=1863]"
602580,602580,Conservative,"Building","Waiting","",1,"productivity or territory is insufficient [CokeOven:candidate=True;constructible=True;affordable=False;available=False;owned=2;upgradeTo=IndustrialCarbonizationRetort;research=SteamPower|Coking;workshop=;productivity=280.3;territory=1863]"
603180,603180,Conservative,"Building","Waiting","",1,"productivity or territory is insufficient [CokeOven:candidate=True;constructible=True;affordable=False;available=False;owned=2;upgradeTo=IndustrialCarbonizationRetort;research=SteamPower|Coking;workshop=;productivity=266;territory=1863]"
603780,603780,Conservative,"Building","Waiting","",1,"productivity or territory is insufficient [CokeOven:candidate=True;constructible=True;affordable=False;available=False;owned=2;upgradeTo=IndustrialCarbonizationRetort;research=SteamPower|Coking;workshop=;productivity=257.42;territory=1863]"
604380,604380,Conservative,"Building","Waiting","",1,"productivity or territory is insufficient [CokeOven:candidate=True;constructible=True;affordable=False;available=False;owned=2;upgradeTo=IndustrialCarbonizationRetort;research=SteamPower|Coking;workshop=;productivity=248.84;territory=1863]"
604980,604980,Conservative,"Building","Waiting","",1,"productivity or territory is insufficient [CokeOven:candidate=True;constructible=True;affordable=False;available=False;owned=2;upgradeTo=IndustrialCarbonizationRetort;research=SteamPower|Coking;workshop=;productivity=240.26;territory=1863]"
605580,605580,Conservative,"Building","Waiting","",1,"productivity or territory is insufficient [CokeOven:candidate=True;constructible=True;affordable=False;available=False;owned=2;upgradeTo=IndustrialCarbonizationRetort;research=SteamPower|Coking;workshop=;productivity=234.54;territory=1863]"
606180,606180,Conservative,"Building","Waiting","",1,"productivity or territory is insufficient [CokeOven:candidate=True;constructible=True;affordable=False;available=False;owned=2;upgradeTo=IndustrialCarbonizationRetort;research=SteamPower|Coking;workshop=;productivity=231.68;territory=1863]"
606780,606780,Conservative,"Building","Waiting","",1,"productivity or territory is insufficient [CokeOven:candidate=True;constructible=True;affordable=False;available=False;owned=2;upgradeTo=IndustrialCarbonizationRetort;research=SteamPower|Coking;workshop=;productivity=225.96;territory=1863]"
607380,607380,Conservative,"Building","Waiting","",1,"productivity or territory is insufficient [CokeOven:candidate=True;constructible=True;affordable=False;available=False;owned=2;upgradeTo=IndustrialCarbonizationRetort;research=SteamPower|Coking;workshop=;productivity=223.1;territory=1863]"
607980,607980,Conservative,"Building","Waiting","",1,"productivity or territory is insufficient [CokeOven:candidate=True;constructible=True;affordable=False;available=False;owned=2;upgradeTo=IndustrialCarbonizationRetort;research=SteamPower|Coking;workshop=;productivity=220.24;territory=1863]"
608580,608580,Conservative,"Building","Waiting","",1,"productivity or territory is insufficient [CokeOven:candidate=True;constructible=True;affordable=False;available=False;owned=2;upgradeTo=IndustrialCarbonizationRetort;research=SteamPower|Coking;workshop=;productivity=217.38;territory=1863]"
609180,609780,Conservative,"Building","Waiting","",2,"productivity or territory is insufficient [CokeOven:candidate=True;constructible=True;affordable=False;available=False;owned=2;upgradeTo=IndustrialCarbonizationRetort;research=SteamPower|Coking;workshop=;productivity=214.52;territory=1863]"
610380,610980,Conservative,"Building","Waiting","",2,"productivity or territory is insufficient [CokeOven:candidate=True;constructible=True;affordable=False;available=False;owned=2;upgradeTo=IndustrialCarbonizationRetort;research=SteamPower|Coking;workshop=;productivity=211.66;territory=1863]"
611580,613980,Conservative,"Building","Waiting","",5,"productivity or territory is insufficient [CokeOven:candidate=True;constructible=True;affordable=False;available=False;owned=2;upgradeTo=IndustrialCarbonizationRetort;research=SteamPower|Coking;workshop=;productivity=208.8;territory=1863]"
614580,625980,Conservative,"Building","Waiting","",20,"productivity or territory is insufficient [CokeOven:candidate=True;constructible=True;affordable=False;available=False;owned=2;upgradeTo=IndustrialCarbonizationRetort;research=SteamPower|Coking;workshop=;productivity=205.94;territory=1863]"
626580,626580,Conservative,"Building","Waiting","",1,"productivity or territory is insufficient [CokeOven:candidate=True;constructible=True;affordable=False;available=False;owned=2;upgradeTo=IndustrialCarbonizationRetort;research=SteamPower|Coking;workshop=;productivity=203.08;territory=1863]"
627180,627180,Conservative,"Building","Waiting","",1,"productivity or territory is insufficient [CokeOven:candidate=True;constructible=True;affordable=False;available=False;owned=2;upgradeTo=IndustrialCarbonizationRetort;research=SteamPower|Coking;workshop=;productivity=1352.8;territory=1863]"
627780,627780,Conservative,"Building","Waiting","",1,"productivity or territory is insufficient [CokeOven:candidate=True;constructible=True;affordable=False;available=False;owned=2;upgradeTo=IndustrialCarbonizationRetort;research=SteamPower|Coking;workshop=;productivity=1164.04;territory=1863]"
628380,628380,Conservative,"Building","Waiting","",1,"productivity or territory is insufficient [CokeOven:candidate=True;constructible=True;affordable=False;available=False;owned=2;upgradeTo=IndustrialCarbonizationRetort;research=SteamPower|Coking;workshop=;productivity=1003.88;territory=1863]"
628980,628980,Conservative,"Building","Waiting","",1,"productivity or territory is insufficient [CokeOven:candidate=True;constructible=True;affordable=False;available=False;owned=2;upgradeTo=IndustrialCarbonizationRetort;research=SteamPower|Coking;workshop=;productivity=869.46;territory=1863]"
629580,629580,Conservative,"Building","Waiting","",1,"productivity or territory is insufficient [CokeOven:candidate=True;constructible=True;affordable=False;available=False;owned=2;upgradeTo=IndustrialCarbonizationRetort;research=SteamPower|Coking;workshop=;productivity=760.78;territory=1863]"
630180,630180,Conservative,"Building","Waiting","",1,"productivity or territory is insufficient [CokeOven:candidate=True;constructible=True;affordable=False;available=False;owned=2;upgradeTo=IndustrialCarbonizationRetort;research=SteamPower|Coking;workshop=;productivity=666.4;territory=1863]"
630780,630780,Conservative,"Building","Waiting","",1,"productivity or territory is insufficient [CokeOven:candidate=True;constructible=True;affordable=False;available=False;owned=2;upgradeTo=IndustrialCarbonizationRetort;research=SteamPower|Coking;workshop=;productivity=589.18;territory=1863]"
631380,631380,Conservative,"Building","Waiting","",1,"productivity or territory is insufficient [CokeOven:candidate=True;constructible=True;affordable=False;available=False;owned=2;upgradeTo=IndustrialCarbonizationRetort;research=SteamPower|Coking;workshop=;productivity=526.26;territory=1863]"
631980,631980,Conservative,"Building","Waiting","",1,"productivity or territory is insufficient [CokeOven:candidate=True;constructible=True;affordable=False;available=False;owned=2;upgradeTo=IndustrialCarbonizationRetort;research=SteamPower|Coking;workshop=;productivity=471.92;territory=1863]"
632580,632580,Conservative,"Building","Waiting","",1,"productivity or territory is insufficient [CokeOven:candidate=True;constructible=True;affordable=False;available=False;owned=2;upgradeTo=IndustrialCarbonizationRetort;research=SteamPower|Coking;workshop=;productivity=429.02;territory=1863]"
633180,633180,Conservative,"Building","Waiting","",1,"productivity or territory is insufficient [CokeOven:candidate=True;constructible=True;affordable=False;available=False;owned=2;upgradeTo=IndustrialCarbonizationRetort;research=SteamPower|Coking;workshop=;productivity=391.84;territory=1863]"
633780,633780,Conservative,"Building","Waiting","",1,"productivity or territory is insufficient [CokeOven:candidate=True;constructible=True;affordable=False;available=False;owned=2;upgradeTo=IndustrialCarbonizationRetort;research=SteamPower|Coking;workshop=;productivity=360.38;territory=1863]"
634380,634380,Conservative,"Building","Waiting","",1,"productivity or territory is insufficient [CokeOven:candidate=True;constructible=True;affordable=False;available=False;owned=2;upgradeTo=IndustrialCarbonizationRetort;research=SteamPower|Coking;workshop=;productivity=334.64;territory=1863]"
634980,634980,Conservative,"Building","Waiting","",1,"productivity or territory is insufficient [CokeOven:candidate=True;constructible=True;affordable=False;available=False;owned=2;upgradeTo=IndustrialCarbonizationRetort;research=SteamPower|Coking;workshop=;productivity=311.76;territory=1863]"
635580,635580,Conservative,"Building","Waiting","",1,"productivity or territory is insufficient [CokeOven:candidate=True;constructible=True;affordable=False;available=False;owned=2;upgradeTo=IndustrialCarbonizationRetort;research=SteamPower|Coking;workshop=;productivity=294.6;territory=1863]"
636180,636180,Conservative,"Building","Waiting","",1,"productivity or territory is insufficient [CokeOven:candidate=True;constructible=True;affordable=False;available=False;owned=2;upgradeTo=IndustrialCarbonizationRetort;research=SteamPower|Coking;workshop=;productivity=280.3;territory=1863]"
636780,636780,Conservative,"Building","Waiting","",1,"productivity or territory is insufficient [CokeOven:candidate=True;constructible=True;affordable=False;available=False;owned=2;upgradeTo=IndustrialCarbonizationRetort;research=SteamPower|Coking;workshop=;productivity=266;territory=1863]"
637380,637380,Conservative,"Building","Waiting","",1,"productivity or territory is insufficient [CokeOven:candidate=True;constructible=True;affordable=False;available=False;owned=2;upgradeTo=IndustrialCarbonizationRetort;research=SteamPower|Coking;workshop=;productivity=257.42;territory=1863]"
637980,637980,Conservative,"Building","Waiting","",1,"productivity or territory is insufficient [CokeOven:candidate=True;constructible=True;affordable=False;available=False;owned=2;upgradeTo=IndustrialCarbonizationRetort;research=SteamPower|Coking;workshop=;productivity=248.84;territory=1863]"
638580,638580,Conservative,"Building","Waiting","",1,"productivity or territory is insufficient [CokeOven:candidate=True;constructible=True;affordable=False;available=False;owned=2;upgradeTo=IndustrialCarbonizationRetort;research=SteamPower|Coking;workshop=;productivity=240.26;territory=1863]"
639180,639180,Conservative,"Building","Waiting","",1,"productivity or territory is insufficient [CokeOven:candidate=True;constructible=True;affordable=False;available=False;owned=2;upgradeTo=IndustrialCarbonizationRetort;research=SteamPower|Coking;workshop=;productivity=234.54;territory=1863]"
639780,639780,Conservative,"Building","Waiting","",1,"productivity or territory is insufficient [CokeOven:candidate=True;constructible=True;affordable=False;available=False;owned=2;upgradeTo=IndustrialCarbonizationRetort;research=SteamPower|Coking;workshop=;productivity=231.68;territory=1863]"
640380,640380,Conservative,"Building","Waiting","",1,"productivity or territory is insufficient [CokeOven:candidate=True;constructible=True;affordable=False;available=False;owned=2;upgradeTo=IndustrialCarbonizationRetort;research=SteamPower|Coking;workshop=;productivity=225.96;territory=1863]"
640980,640980,Conservative,"Building","Waiting","",1,"productivity or territory is insufficient [CokeOven:candidate=True;constructible=True;affordable=False;available=False;owned=2;upgradeTo=IndustrialCarbonizationRetort;research=SteamPower|Coking;workshop=;productivity=223.1;territory=1863]"
641580,641580,Conservative,"Building","Waiting","",1,"productivity or territory is insufficient [CokeOven:candidate=True;constructible=True;affordable=False;available=False;owned=2;upgradeTo=IndustrialCarbonizationRetort;research=SteamPower|Coking;workshop=;productivity=220.24;territory=1863]"
642180,642180,Conservative,"Building","Waiting","",1,"productivity or territory is insufficient [CokeOven:candidate=True;constructible=True;affordable=False;available=False;owned=2;upgradeTo=IndustrialCarbonizationRetort;research=SteamPower|Coking;workshop=;productivity=217.38;territory=1863]"
642780,643380,Conservative,"Building","Waiting","",2,"productivity or territory is insufficient [CokeOven:candidate=True;constructible=True;affordable=False;available=False;owned=2;upgradeTo=IndustrialCarbonizationRetort;research=SteamPower|Coking;workshop=;productivity=214.52;territory=1863]"
643980,644580,Conservative,"Building","Waiting","",2,"productivity or territory is insufficient [CokeOven:candidate=True;constructible=True;affordable=False;available=False;owned=2;upgradeTo=IndustrialCarbonizationRetort;research=SteamPower|Coking;workshop=;productivity=211.66;territory=1863]"
645180,647580,Conservative,"Building","Waiting","",5,"productivity or territory is insufficient [CokeOven:candidate=True;constructible=True;affordable=False;available=False;owned=2;upgradeTo=IndustrialCarbonizationRetort;research=SteamPower|Coking;workshop=;productivity=208.8;territory=1863]"
648180,659580,Conservative,"Building","Waiting","",20,"productivity or territory is insufficient [CokeOven:candidate=True;constructible=True;affordable=False;available=False;owned=2;upgradeTo=IndustrialCarbonizationRetort;research=SteamPower|Coking;workshop=;productivity=205.94;territory=1863]"
660180,660180,Conservative,"Building","Waiting","",1,"productivity or territory is insufficient [CokeOven:candidate=True;constructible=True;affordable=False;available=False;owned=2;upgradeTo=IndustrialCarbonizationRetort;research=SteamPower|Coking;workshop=;productivity=203.08;territory=1863]"
660780,660780,Conservative,"Building","Waiting","",1,"productivity or territory is insufficient [CokeOven:candidate=True;constructible=True;affordable=False;available=False;owned=2;upgradeTo=IndustrialCarbonizationRetort;research=SteamPower|Coking;workshop=;productivity=1352.8;territory=1863]"
661380,661380,Conservative,"Building","Waiting","",1,"productivity or territory is insufficient [CokeOven:candidate=True;constructible=True;affordable=False;available=False;owned=2;upgradeTo=IndustrialCarbonizationRetort;research=SteamPower|Coking;workshop=;productivity=1164.04;territory=1863]"
661980,661980,Conservative,"Building","Waiting","",1,"productivity or territory is insufficient [CokeOven:candidate=True;constructible=True;affordable=False;available=False;owned=2;upgradeTo=IndustrialCarbonizationRetort;research=SteamPower|Coking;workshop=;productivity=1003.88;territory=1863]"
662580,662580,Conservative,"Building","Waiting","",1,"productivity or territory is insufficient [CokeOven:candidate=True;constructible=True;affordable=False;available=False;owned=2;upgradeTo=IndustrialCarbonizationRetort;research=SteamPower|Coking;workshop=;productivity=869.46;territory=1863]"
663180,663180,Conservative,"Building","Waiting","",1,"productivity or territory is insufficient [CokeOven:candidate=True;constructible=True;affordable=False;available=False;owned=2;upgradeTo=IndustrialCarbonizationRetort;research=SteamPower|Coking;workshop=;productivity=760.78;territory=1863]"
663780,663780,Conservative,"Building","Waiting","",1,"productivity or territory is insufficient [CokeOven:candidate=True;constructible=True;affordable=False;available=False;owned=2;upgradeTo=IndustrialCarbonizationRetort;research=SteamPower|Coking;workshop=;productivity=666.4;territory=1863]"
664380,664380,Conservative,"Building","Waiting","",1,"productivity or territory is insufficient [CokeOven:candidate=True;constructible=True;affordable=False;available=False;owned=2;upgradeTo=IndustrialCarbonizationRetort;research=SteamPower|Coking;workshop=;productivity=589.18;territory=1863]"
664980,664980,Conservative,"Building","Waiting","",1,"productivity or territory is insufficient [CokeOven:candidate=True;constructible=True;affordable=False;available=False;owned=2;upgradeTo=IndustrialCarbonizationRetort;research=SteamPower|Coking;workshop=;productivity=526.26;territory=1863]"
665580,665580,Conservative,"Building","Waiting","",1,"productivity or territory is insufficient [CokeOven:candidate=True;constructible=True;affordable=False;available=False;owned=2;upgradeTo=IndustrialCarbonizationRetort;research=SteamPower|Coking;workshop=;productivity=471.92;territory=1863]"
666180,666180,Conservative,"Building","Waiting","",1,"productivity or territory is insufficient [CokeOven:candidate=True;constructible=True;affordable=False;available=False;owned=2;upgradeTo=IndustrialCarbonizationRetort;research=SteamPower|Coking;workshop=;productivity=429.02;territory=1863]"
666780,666780,Conservative,"Building","Waiting","",1,"productivity or territory is insufficient [CokeOven:candidate=True;constructible=True;affordable=False;available=False;owned=2;upgradeTo=IndustrialCarbonizationRetort;research=SteamPower|Coking;workshop=;productivity=391.84;territory=1863]"
667380,667380,Conservative,"Building","Waiting","",1,"productivity or territory is insufficient [CokeOven:candidate=True;constructible=True;affordable=False;available=False;owned=2;upgradeTo=IndustrialCarbonizationRetort;research=SteamPower|Coking;workshop=;productivity=360.38;territory=1863]"
667980,667980,Conservative,"Building","Waiting","",1,"productivity or territory is insufficient [CokeOven:candidate=True;constructible=True;affordable=False;available=False;owned=2;upgradeTo=IndustrialCarbonizationRetort;research=SteamPower|Coking;workshop=;productivity=334.64;territory=1863]"
668580,668580,Conservative,"Building","Waiting","",1,"productivity or territory is insufficient [CokeOven:candidate=True;constructible=True;affordable=False;available=False;owned=2;upgradeTo=IndustrialCarbonizationRetort;research=SteamPower|Coking;workshop=;productivity=311.76;territory=1863]"
669180,669180,Conservative,"Building","Waiting","",1,"productivity or territory is insufficient [CokeOven:candidate=True;constructible=True;affordable=False;available=False;owned=2;upgradeTo=IndustrialCarbonizationRetort;research=SteamPower|Coking;workshop=;productivity=294.6;territory=1863]"
669780,669780,Conservative,"Building","Waiting","",1,"productivity or territory is insufficient [CokeOven:candidate=True;constructible=True;affordable=False;available=False;owned=2;upgradeTo=IndustrialCarbonizationRetort;research=SteamPower|Coking;workshop=;productivity=280.3;territory=1863]"
670380,670380,Conservative,"Building","Waiting","",1,"productivity or territory is insufficient [CokeOven:candidate=True;constructible=True;affordable=False;available=False;owned=2;upgradeTo=IndustrialCarbonizationRetort;research=SteamPower|Coking;workshop=;productivity=266;territory=1863]"
670980,670980,Conservative,"Building","Waiting","",1,"productivity or territory is insufficient [CokeOven:candidate=True;constructible=True;affordable=False;available=False;owned=2;upgradeTo=IndustrialCarbonizationRetort;research=SteamPower|Coking;workshop=;productivity=257.42;territory=1863]"
671580,671580,Conservative,"Building","Waiting","",1,"productivity or territory is insufficient [CokeOven:candidate=True;constructible=True;affordable=False;available=False;owned=2;upgradeTo=IndustrialCarbonizationRetort;research=SteamPower|Coking;workshop=;productivity=248.84;territory=1863]"
672180,672180,Conservative,"Building","Waiting","",1,"productivity or territory is insufficient [CokeOven:candidate=True;constructible=True;affordable=False;available=False;owned=2;upgradeTo=IndustrialCarbonizationRetort;research=SteamPower|Coking;workshop=;productivity=240.26;territory=1863]"
672780,672780,Conservative,"Building","Waiting","",1,"productivity or territory is insufficient [CokeOven:candidate=True;constructible=True;affordable=False;available=False;owned=2;upgradeTo=IndustrialCarbonizationRetort;research=SteamPower|Coking;workshop=;productivity=234.54;territory=1863]"
673380,673380,Conservative,"Building","Waiting","",1,"productivity or territory is insufficient [CokeOven:candidate=True;constructible=True;affordable=False;available=False;owned=2;upgradeTo=IndustrialCarbonizationRetort;research=SteamPower|Coking;workshop=;productivity=231.68;territory=1863]"
673980,673980,Conservative,"Building","Waiting","",1,"productivity or territory is insufficient [CokeOven:candidate=True;constructible=True;affordable=False;available=False;owned=2;upgradeTo=IndustrialCarbonizationRetort;research=SteamPower|Coking;workshop=;productivity=225.96;territory=1863]"
674580,674580,Conservative,"Building","Waiting","",1,"productivity or territory is insufficient [CokeOven:candidate=True;constructible=True;affordable=False;available=False;owned=2;upgradeTo=IndustrialCarbonizationRetort;research=SteamPower|Coking;workshop=;productivity=223.1;territory=1863]"
675180,675180,Conservative,"Building","Waiting","",1,"productivity or territory is insufficient [CokeOven:candidate=True;constructible=True;affordable=False;available=False;owned=2;upgradeTo=IndustrialCarbonizationRetort;research=SteamPower|Coking;workshop=;productivity=220.24;territory=1863]"
675780,675780,Conservative,"Building","Waiting","",1,"productivity or territory is insufficient [CokeOven:candidate=True;constructible=True;affordable=False;available=False;owned=2;upgradeTo=IndustrialCarbonizationRetort;research=SteamPower|Coking;workshop=;productivity=217.38;territory=1863]"
676380,676980,Conservative,"Building","Waiting","",2,"productivity or territory is insufficient [CokeOven:candidate=True;constructible=True;affordable=False;available=False;owned=2;upgradeTo=IndustrialCarbonizationRetort;research=SteamPower|Coking;workshop=;productivity=214.52;territory=1863]"
677580,678180,Conservative,"Building","Waiting","",2,"productivity or territory is insufficient [CokeOven:candidate=True;constructible=True;affordable=False;available=False;owned=2;upgradeTo=IndustrialCarbonizationRetort;research=SteamPower|Coking;workshop=;productivity=211.66;territory=1863]"
678780,681180,Conservative,"Building","Waiting","",5,"productivity or territory is insufficient [CokeOven:candidate=True;constructible=True;affordable=False;available=False;owned=2;upgradeTo=IndustrialCarbonizationRetort;research=SteamPower|Coking;workshop=;productivity=208.8;territory=1863]"
681780,693180,Conservative,"Building","Waiting","",20,"productivity or territory is insufficient [CokeOven:candidate=True;constructible=True;affordable=False;available=False;owned=2;upgradeTo=IndustrialCarbonizationRetort;research=SteamPower|Coking;workshop=;productivity=205.94;territory=1863]"
693780,693780,Conservative,"Building","Waiting","",1,"productivity or territory is insufficient [CokeOven:candidate=True;constructible=True;affordable=False;available=False;owned=2;upgradeTo=IndustrialCarbonizationRetort;research=SteamPower|Coking;workshop=;productivity=203.08;territory=1863]"
694380,694380,Conservative,"Building","Waiting","",1,"productivity or territory is insufficient [CokeOven:candidate=True;constructible=True;affordable=False;available=False;owned=2;upgradeTo=IndustrialCarbonizationRetort;research=SteamPower|Coking;workshop=;productivity=1352.8;territory=1863]"
694980,694980,Conservative,"Building","Waiting","",1,"productivity or territory is insufficient [CokeOven:candidate=True;constructible=True;affordable=False;available=False;owned=2;upgradeTo=IndustrialCarbonizationRetort;research=SteamPower|Coking;workshop=;productivity=1164.04;territory=1863]"
695580,695580,Conservative,"Building","Waiting","",1,"productivity or territory is insufficient [CokeOven:candidate=True;constructible=True;affordable=False;available=False;owned=2;upgradeTo=IndustrialCarbonizationRetort;research=SteamPower|Coking;workshop=;productivity=1003.88;territory=1863]"
696180,696180,Conservative,"Building","Waiting","",1,"productivity or territory is insufficient [CokeOven:candidate=True;constructible=True;affordable=False;available=False;owned=2;upgradeTo=IndustrialCarbonizationRetort;research=SteamPower|Coking;workshop=;productivity=869.46;territory=1863]"
696780,696780,Conservative,"Building","Waiting","",1,"productivity or territory is insufficient [CokeOven:candidate=True;constructible=True;affordable=False;available=False;owned=2;upgradeTo=IndustrialCarbonizationRetort;research=SteamPower|Coking;workshop=;productivity=760.78;territory=1863]"
697380,697380,Conservative,"Building","Waiting","",1,"productivity or territory is insufficient [CokeOven:candidate=True;constructible=True;affordable=False;available=False;owned=2;upgradeTo=IndustrialCarbonizationRetort;research=SteamPower|Coking;workshop=;productivity=666.4;territory=1863]"
697980,697980,Conservative,"Building","Waiting","",1,"productivity or territory is insufficient [CokeOven:candidate=True;constructible=True;affordable=False;available=False;owned=2;upgradeTo=IndustrialCarbonizationRetort;research=SteamPower|Coking;workshop=;productivity=589.18;territory=1863]"
698580,698580,Conservative,"Building","Waiting","",1,"productivity or territory is insufficient [CokeOven:candidate=True;constructible=True;affordable=False;available=False;owned=2;upgradeTo=IndustrialCarbonizationRetort;research=SteamPower|Coking;workshop=;productivity=526.26;territory=1863]"
699180,699180,Conservative,"Building","Waiting","",1,"productivity or territory is insufficient [CokeOven:candidate=True;constructible=True;affordable=False;available=False;owned=2;upgradeTo=IndustrialCarbonizationRetort;research=SteamPower|Coking;workshop=;productivity=471.92;territory=1863]"
699780,699780,Conservative,"Building","Waiting","",1,"productivity or territory is insufficient [CokeOven:candidate=True;constructible=True;affordable=False;available=False;owned=2;upgradeTo=IndustrialCarbonizationRetort;research=SteamPower|Coking;workshop=;productivity=429.02;territory=1863]"
700380,700380,Conservative,"Building","Waiting","",1,"productivity or territory is insufficient [CokeOven:candidate=True;constructible=True;affordable=False;available=False;owned=2;upgradeTo=IndustrialCarbonizationRetort;research=SteamPower|Coking;workshop=;productivity=391.84;territory=1863]"
700980,700980,Conservative,"Building","Waiting","",1,"productivity or territory is insufficient [CokeOven:candidate=True;constructible=True;affordable=False;available=False;owned=2;upgradeTo=IndustrialCarbonizationRetort;research=SteamPower|Coking;workshop=;productivity=360.38;territory=1863]"
701580,701580,Conservative,"Building","Waiting","",1,"productivity or territory is insufficient [CokeOven:candidate=True;constructible=True;affordable=False;available=False;owned=2;upgradeTo=IndustrialCarbonizationRetort;research=SteamPower|Coking;workshop=;productivity=334.64;territory=1863]"
702180,702180,Conservative,"Building","Waiting","",1,"productivity or territory is insufficient [CokeOven:candidate=True;constructible=True;affordable=False;available=False;owned=2;upgradeTo=IndustrialCarbonizationRetort;research=SteamPower|Coking;workshop=;productivity=311.76;territory=1863]"
702780,702780,Conservative,"Building","Waiting","",1,"productivity or territory is insufficient [CokeOven:candidate=True;constructible=True;affordable=False;available=False;owned=2;upgradeTo=IndustrialCarbonizationRetort;research=SteamPower|Coking;workshop=;productivity=294.6;territory=1863]"
703380,703380,Conservative,"Building","Waiting","",1,"productivity or territory is insufficient [CokeOven:candidate=True;constructible=True;affordable=False;available=False;owned=2;upgradeTo=IndustrialCarbonizationRetort;research=SteamPower|Coking;workshop=;productivity=280.3;territory=1863]"
703980,703980,Conservative,"Building","Waiting","",1,"productivity or territory is insufficient [CokeOven:candidate=True;constructible=True;affordable=False;available=False;owned=2;upgradeTo=IndustrialCarbonizationRetort;research=SteamPower|Coking;workshop=;productivity=266;territory=1863]"
704580,704580,Conservative,"Building","Waiting","",1,"productivity or territory is insufficient [CokeOven:candidate=True;constructible=True;affordable=False;available=False;owned=2;upgradeTo=IndustrialCarbonizationRetort;research=SteamPower|Coking;workshop=;productivity=257.42;territory=1863]"
705180,705180,Conservative,"Building","Waiting","",1,"productivity or territory is insufficient [CokeOven:candidate=True;constructible=True;affordable=False;available=False;owned=2;upgradeTo=IndustrialCarbonizationRetort;research=SteamPower|Coking;workshop=;productivity=248.84;territory=1863]"
705780,705780,Conservative,"Building","Waiting","",1,"productivity or territory is insufficient [CokeOven:candidate=True;constructible=True;affordable=False;available=False;owned=2;upgradeTo=IndustrialCarbonizationRetort;research=SteamPower|Coking;workshop=;productivity=240.26;territory=1863]"
706380,706380,Conservative,"Building","Waiting","",1,"productivity or territory is insufficient [CokeOven:candidate=True;constructible=True;affordable=False;available=False;owned=2;upgradeTo=IndustrialCarbonizationRetort;research=SteamPower|Coking;workshop=;productivity=234.54;territory=1863]"
706980,706980,Conservative,"Building","Waiting","",1,"productivity or territory is insufficient [CokeOven:candidate=True;constructible=True;affordable=False;available=False;owned=2;upgradeTo=IndustrialCarbonizationRetort;research=SteamPower|Coking;workshop=;productivity=231.68;territory=1863]"
707580,707580,Conservative,"Building","Waiting","",1,"productivity or territory is insufficient [CokeOven:candidate=True;constructible=True;affordable=False;available=False;owned=2;upgradeTo=IndustrialCarbonizationRetort;research=SteamPower|Coking;workshop=;productivity=225.96;territory=1863]"
708180,708180,Conservative,"Building","Waiting","",1,"productivity or territory is insufficient [CokeOven:candidate=True;constructible=True;affordable=False;available=False;owned=2;upgradeTo=IndustrialCarbonizationRetort;research=SteamPower|Coking;workshop=;productivity=223.1;territory=1863]"
708780,708780,Conservative,"Building","Waiting","",1,"productivity or territory is insufficient [CokeOven:candidate=True;constructible=True;affordable=False;available=False;owned=2;upgradeTo=IndustrialCarbonizationRetort;research=SteamPower|Coking;workshop=;productivity=220.24;territory=1863]"
709380,709380,Conservative,"Building","Waiting","",1,"productivity or territory is insufficient [CokeOven:candidate=True;constructible=True;affordable=False;available=False;owned=2;upgradeTo=IndustrialCarbonizationRetort;research=SteamPower|Coking;workshop=;productivity=217.38;territory=1863]"
709980,710580,Conservative,"Building","Waiting","",2,"productivity or territory is insufficient [CokeOven:candidate=True;constructible=True;affordable=False;available=False;owned=2;upgradeTo=IndustrialCarbonizationRetort;research=SteamPower|Coking;workshop=;productivity=214.52;territory=1863]"
711180,711780,Conservative,"Building","Waiting","",2,"productivity or territory is insufficient [CokeOven:candidate=True;constructible=True;affordable=False;available=False;owned=2;upgradeTo=IndustrialCarbonizationRetort;research=SteamPower|Coking;workshop=;productivity=211.66;territory=1863]"
712380,714780,Conservative,"Building","Waiting","",5,"productivity or territory is insufficient [CokeOven:candidate=True;constructible=True;affordable=False;available=False;owned=2;upgradeTo=IndustrialCarbonizationRetort;research=SteamPower|Coking;workshop=;productivity=208.8;territory=1863]"
715380,726780,Conservative,"Building","Waiting","",20,"productivity or territory is insufficient [CokeOven:candidate=True;constructible=True;affordable=False;available=False;owned=2;upgradeTo=IndustrialCarbonizationRetort;research=SteamPower|Coking;workshop=;productivity=205.94;territory=1863]"
727380,727380,Conservative,"Building","Waiting","",1,"productivity or territory is insufficient [CokeOven:candidate=True;constructible=True;affordable=False;available=False;owned=2;upgradeTo=IndustrialCarbonizationRetort;research=SteamPower|Coking;workshop=;productivity=203.08;territory=1863]"
727980,727980,Conservative,"Building","Waiting","",1,"productivity or territory is insufficient [CokeOven:candidate=True;constructible=True;affordable=False;available=False;owned=2;upgradeTo=IndustrialCarbonizationRetort;research=SteamPower|Coking;workshop=;productivity=1352.8;territory=1863]"
728580,728580,Conservative,"Building","Waiting","",1,"productivity or territory is insufficient [CokeOven:candidate=True;constructible=True;affordable=False;available=False;owned=2;upgradeTo=IndustrialCarbonizationRetort;research=SteamPower|Coking;workshop=;productivity=1164.04;territory=1863]"
729180,729180,Conservative,"Building","Waiting","",1,"productivity or territory is insufficient [CokeOven:candidate=True;constructible=True;affordable=False;available=False;owned=2;upgradeTo=IndustrialCarbonizationRetort;research=SteamPower|Coking;workshop=;productivity=1003.88;territory=1863]"
729780,729780,Conservative,"Building","Waiting","",1,"productivity or territory is insufficient [CokeOven:candidate=True;constructible=True;affordable=False;available=False;owned=2;upgradeTo=IndustrialCarbonizationRetort;research=SteamPower|Coking;workshop=;productivity=869.46;territory=1863]"
730380,730380,Conservative,"Building","Waiting","",1,"productivity or territory is insufficient [CokeOven:candidate=True;constructible=True;affordable=False;available=False;owned=2;upgradeTo=IndustrialCarbonizationRetort;research=SteamPower|Coking;workshop=;productivity=760.78;territory=1863]"
730980,730980,Conservative,"Building","Waiting","",1,"productivity or territory is insufficient [CokeOven:candidate=True;constructible=True;affordable=False;available=False;owned=2;upgradeTo=IndustrialCarbonizationRetort;research=SteamPower|Coking;workshop=;productivity=666.4;territory=1863]"
731580,731580,Conservative,"Building","Waiting","",1,"productivity or territory is insufficient [CokeOven:candidate=True;constructible=True;affordable=False;available=False;owned=2;upgradeTo=IndustrialCarbonizationRetort;research=SteamPower|Coking;workshop=;productivity=589.18;territory=1863]"
732180,732180,Conservative,"Building","Waiting","",1,"productivity or territory is insufficient [CokeOven:candidate=True;constructible=True;affordable=False;available=False;owned=2;upgradeTo=IndustrialCarbonizationRetort;research=SteamPower|Coking;workshop=;productivity=526.26;territory=1863]"
732780,732780,Conservative,"Building","Waiting","",1,"productivity or territory is insufficient [CokeOven:candidate=True;constructible=True;affordable=False;available=False;owned=2;upgradeTo=IndustrialCarbonizationRetort;research=SteamPower|Coking;workshop=;productivity=471.92;territory=1863]"
733380,733380,Conservative,"Building","Waiting","",1,"productivity or territory is insufficient [CokeOven:candidate=True;constructible=True;affordable=False;available=False;owned=2;upgradeTo=IndustrialCarbonizationRetort;research=SteamPower|Coking;workshop=;productivity=429.02;territory=1863]"
733980,733980,Conservative,"Building","Waiting","",1,"productivity or territory is insufficient [CokeOven:candidate=True;constructible=True;affordable=False;available=False;owned=2;upgradeTo=IndustrialCarbonizationRetort;research=SteamPower|Coking;workshop=;productivity=391.84;territory=1863]"
734580,734580,Conservative,"Building","Waiting","",1,"productivity or territory is insufficient [CokeOven:candidate=True;constructible=True;affordable=False;available=False;owned=2;upgradeTo=IndustrialCarbonizationRetort;research=SteamPower|Coking;workshop=;productivity=360.38;territory=1863]"
735180,735180,Conservative,"Building","Waiting","",1,"productivity or territory is insufficient [CokeOven:candidate=True;constructible=True;affordable=False;available=False;owned=2;upgradeTo=IndustrialCarbonizationRetort;research=SteamPower|Coking;workshop=;productivity=334.64;territory=1863]"
735780,735780,Conservative,"Building","Waiting","",1,"productivity or territory is insufficient [CokeOven:candidate=True;constructible=True;affordable=False;available=False;owned=2;upgradeTo=IndustrialCarbonizationRetort;research=SteamPower|Coking;workshop=;productivity=311.76;territory=1863]"
736380,736380,Conservative,"Building","Waiting","",1,"productivity or territory is insufficient [CokeOven:candidate=True;constructible=True;affordable=False;available=False;owned=2;upgradeTo=IndustrialCarbonizationRetort;research=SteamPower|Coking;workshop=;productivity=294.6;territory=1863]"
736980,736980,Conservative,"Building","Waiting","",1,"productivity or territory is insufficient [CokeOven:candidate=True;constructible=True;affordable=False;available=False;owned=2;upgradeTo=IndustrialCarbonizationRetort;research=SteamPower|Coking;workshop=;productivity=280.3;territory=1863]"
737580,737580,Conservative,"Building","Waiting","",1,"productivity or territory is insufficient [CokeOven:candidate=True;constructible=True;affordable=False;available=False;owned=2;upgradeTo=IndustrialCarbonizationRetort;research=SteamPower|Coking;workshop=;productivity=266;territory=1863]"
738180,738180,Conservative,"Building","Waiting","",1,"productivity or territory is insufficient [CokeOven:candidate=True;constructible=True;affordable=False;available=False;owned=2;upgradeTo=IndustrialCarbonizationRetort;research=SteamPower|Coking;workshop=;productivity=257.42;territory=1863]"
738780,738780,Conservative,"Building","Waiting","",1,"productivity or territory is insufficient [CokeOven:candidate=True;constructible=True;affordable=False;available=False;owned=2;upgradeTo=IndustrialCarbonizationRetort;research=SteamPower|Coking;workshop=;productivity=248.84;territory=1863]"
739380,739380,Conservative,"Building","Waiting","",1,"productivity or territory is insufficient [CokeOven:candidate=True;constructible=True;affordable=False;available=False;owned=2;upgradeTo=IndustrialCarbonizationRetort;research=SteamPower|Coking;workshop=;productivity=240.26;territory=1863]"
739980,739980,Conservative,"Building","Waiting","",1,"productivity or territory is insufficient [CokeOven:candidate=True;constructible=True;affordable=False;available=False;owned=2;upgradeTo=IndustrialCarbonizationRetort;research=SteamPower|Coking;workshop=;productivity=234.54;territory=1863]"
740580,740580,Conservative,"Building","Waiting","",1,"productivity or territory is insufficient [CokeOven:candidate=True;constructible=True;affordable=False;available=False;owned=2;upgradeTo=IndustrialCarbonizationRetort;research=SteamPower|Coking;workshop=;productivity=231.68;territory=1863]"
741180,741180,Conservative,"Building","Waiting","",1,"productivity or territory is insufficient [CokeOven:candidate=True;constructible=True;affordable=False;available=False;owned=2;upgradeTo=IndustrialCarbonizationRetort;research=SteamPower|Coking;workshop=;productivity=225.96;territory=1863]"
741780,741780,Conservative,"Building","Waiting","",1,"productivity or territory is insufficient [CokeOven:candidate=True;constructible=True;affordable=False;available=False;owned=2;upgradeTo=IndustrialCarbonizationRetort;research=SteamPower|Coking;workshop=;productivity=223.1;territory=1863]"
742380,742380,Conservative,"Building","Waiting","",1,"productivity or territory is insufficient [CokeOven:candidate=True;constructible=True;affordable=False;available=False;owned=2;upgradeTo=IndustrialCarbonizationRetort;research=SteamPower|Coking;workshop=;productivity=220.24;territory=1863]"
742980,742980,Conservative,"Building","Waiting","",1,"productivity or territory is insufficient [CokeOven:candidate=True;constructible=True;affordable=False;available=False;owned=2;upgradeTo=IndustrialCarbonizationRetort;research=SteamPower|Coking;workshop=;productivity=217.38;territory=1863]"
743580,744180,Conservative,"Building","Waiting","",2,"productivity or territory is insufficient [CokeOven:candidate=True;constructible=True;affordable=False;available=False;owned=2;upgradeTo=IndustrialCarbonizationRetort;research=SteamPower|Coking;workshop=;productivity=214.52;territory=1863]"
744780,745380,Conservative,"Building","Waiting","",2,"productivity or territory is insufficient [CokeOven:candidate=True;constructible=True;affordable=False;available=False;owned=2;upgradeTo=IndustrialCarbonizationRetort;research=SteamPower|Coking;workshop=;productivity=211.66;territory=1863]"
745980,748380,Conservative,"Building","Waiting","",5,"productivity or territory is insufficient [CokeOven:candidate=True;constructible=True;affordable=False;available=False;owned=2;upgradeTo=IndustrialCarbonizationRetort;research=SteamPower|Coking;workshop=;productivity=208.8;territory=1863]"
748980,760380,Conservative,"Building","Waiting","",20,"productivity or territory is insufficient [CokeOven:candidate=True;constructible=True;affordable=False;available=False;owned=2;upgradeTo=IndustrialCarbonizationRetort;research=SteamPower|Coking;workshop=;productivity=205.94;territory=1863]"
760980,760980,Conservative,"Building","Waiting","",1,"productivity or territory is insufficient [CokeOven:candidate=True;constructible=True;affordable=False;available=False;owned=2;upgradeTo=IndustrialCarbonizationRetort;research=SteamPower|Coking;workshop=;productivity=203.08;territory=1863]"
761580,761580,Conservative,"Building","Waiting","",1,"productivity or territory is insufficient [CokeOven:candidate=True;constructible=True;affordable=False;available=False;owned=2;upgradeTo=IndustrialCarbonizationRetort;research=SteamPower|Coking;workshop=;productivity=1352.8;territory=1863]"
762180,762180,Conservative,"Building","Waiting","",1,"productivity or territory is insufficient [CokeOven:candidate=True;constructible=True;affordable=False;available=False;owned=2;upgradeTo=IndustrialCarbonizationRetort;research=SteamPower|Coking;workshop=;productivity=1164.04;territory=1863]"
762780,762780,Conservative,"Building","Waiting","",1,"productivity or territory is insufficient [CokeOven:candidate=True;constructible=True;affordable=False;available=False;owned=2;upgradeTo=IndustrialCarbonizationRetort;research=SteamPower|Coking;workshop=;productivity=1003.88;territory=1863]"
763380,763380,Conservative,"Building","Waiting","",1,"productivity or territory is insufficient [CokeOven:candidate=True;constructible=True;affordable=False;available=False;owned=2;upgradeTo=IndustrialCarbonizationRetort;research=SteamPower|Coking;workshop=;productivity=869.46;territory=1863]"
763980,763980,Conservative,"Building","Waiting","",1,"productivity or territory is insufficient [CokeOven:candidate=True;constructible=True;affordable=False;available=False;owned=2;upgradeTo=IndustrialCarbonizationRetort;research=SteamPower|Coking;workshop=;productivity=760.78;territory=1863]"
764580,764580,Conservative,"Building","Waiting","",1,"productivity or territory is insufficient [CokeOven:candidate=True;constructible=True;affordable=False;available=False;owned=2;upgradeTo=IndustrialCarbonizationRetort;research=SteamPower|Coking;workshop=;productivity=666.4;territory=1863]"
765180,765180,Conservative,"Building","Waiting","",1,"productivity or territory is insufficient [CokeOven:candidate=True;constructible=True;affordable=False;available=False;owned=2;upgradeTo=IndustrialCarbonizationRetort;research=SteamPower|Coking;workshop=;productivity=589.18;territory=1863]"
765780,765780,Conservative,"Building","Waiting","",1,"productivity or territory is insufficient [CokeOven:candidate=True;constructible=True;affordable=False;available=False;owned=2;upgradeTo=IndustrialCarbonizationRetort;research=SteamPower|Coking;workshop=;productivity=526.26;territory=1863]"
766380,766380,Conservative,"Building","Waiting","",1,"productivity or territory is insufficient [CokeOven:candidate=True;constructible=True;affordable=False;available=False;owned=2;upgradeTo=IndustrialCarbonizationRetort;research=SteamPower|Coking;workshop=;productivity=471.92;territory=1863]"
766980,766980,Conservative,"Building","Waiting","",1,"productivity or territory is insufficient [CokeOven:candidate=True;constructible=True;affordable=False;available=False;owned=2;upgradeTo=IndustrialCarbonizationRetort;research=SteamPower|Coking;workshop=;productivity=429.02;territory=1863]"
767580,767580,Conservative,"Building","Waiting","",1,"productivity or territory is insufficient [CokeOven:candidate=True;constructible=True;affordable=False;available=False;owned=2;upgradeTo=IndustrialCarbonizationRetort;research=SteamPower|Coking;workshop=;productivity=391.84;territory=1863]"
768180,768180,Conservative,"Building","Waiting","",1,"productivity or territory is insufficient [CokeOven:candidate=True;constructible=True;affordable=False;available=False;owned=2;upgradeTo=IndustrialCarbonizationRetort;research=SteamPower|Coking;workshop=;productivity=360.38;territory=1863]"
768780,768780,Conservative,"Building","Waiting","",1,"productivity or territory is insufficient [CokeOven:candidate=True;constructible=True;affordable=False;available=False;owned=2;upgradeTo=IndustrialCarbonizationRetort;research=SteamPower|Coking;workshop=;productivity=334.64;territory=1863]"
769380,769380,Conservative,"Building","Waiting","",1,"productivity or territory is insufficient [CokeOven:candidate=True;constructible=True;affordable=False;available=False;owned=2;upgradeTo=IndustrialCarbonizationRetort;research=SteamPower|Coking;workshop=;productivity=311.76;territory=1863]"
769980,769980,Conservative,"Building","Waiting","",1,"productivity or territory is insufficient [CokeOven:candidate=True;constructible=True;affordable=False;available=False;owned=2;upgradeTo=IndustrialCarbonizationRetort;research=SteamPower|Coking;workshop=;productivity=294.6;territory=1863]"
770580,770580,Conservative,"Building","Waiting","",1,"productivity or territory is insufficient [CokeOven:candidate=True;constructible=True;affordable=False;available=False;owned=2;upgradeTo=IndustrialCarbonizationRetort;research=SteamPower|Coking;workshop=;productivity=280.3;territory=1863]"
771180,771180,Conservative,"Building","Waiting","",1,"productivity or territory is insufficient [CokeOven:candidate=True;constructible=True;affordable=False;available=False;owned=2;upgradeTo=IndustrialCarbonizationRetort;research=SteamPower|Coking;workshop=;productivity=266;territory=1863]"
771780,771780,Conservative,"Building","Waiting","",1,"productivity or territory is insufficient [CokeOven:candidate=True;constructible=True;affordable=False;available=False;owned=2;upgradeTo=IndustrialCarbonizationRetort;research=SteamPower|Coking;workshop=;productivity=257.42;territory=1863]"
772380,772380,Conservative,"Building","Waiting","",1,"productivity or territory is insufficient [CokeOven:candidate=True;constructible=True;affordable=False;available=False;owned=2;upgradeTo=IndustrialCarbonizationRetort;research=SteamPower|Coking;workshop=;productivity=248.84;territory=1863]"
772980,772980,Conservative,"Building","Waiting","",1,"productivity or territory is insufficient [CokeOven:candidate=True;constructible=True;affordable=False;available=False;owned=2;upgradeTo=IndustrialCarbonizationRetort;research=SteamPower|Coking;workshop=;productivity=240.26;territory=1863]"
773580,773580,Conservative,"Building","Waiting","",1,"productivity or territory is insufficient [CokeOven:candidate=True;constructible=True;affordable=False;available=False;owned=2;upgradeTo=IndustrialCarbonizationRetort;research=SteamPower|Coking;workshop=;productivity=234.54;territory=1863]"
774180,774180,Conservative,"Building","Waiting","",1,"productivity or territory is insufficient [CokeOven:candidate=True;constructible=True;affordable=False;available=False;owned=2;upgradeTo=IndustrialCarbonizationRetort;research=SteamPower|Coking;workshop=;productivity=231.68;territory=1863]"
774780,774780,Conservative,"Building","Waiting","",1,"productivity or territory is insufficient [CokeOven:candidate=True;constructible=True;affordable=False;available=False;owned=2;upgradeTo=IndustrialCarbonizationRetort;research=SteamPower|Coking;workshop=;productivity=225.96;territory=1863]"
775380,775380,Conservative,"Building","Waiting","",1,"productivity or territory is insufficient [CokeOven:candidate=True;constructible=True;affordable=False;available=False;owned=2;upgradeTo=IndustrialCarbonizationRetort;research=SteamPower|Coking;workshop=;productivity=223.1;territory=1863]"
775980,775980,Conservative,"Building","Waiting","",1,"productivity or territory is insufficient [CokeOven:candidate=True;constructible=True;affordable=False;available=False;owned=2;upgradeTo=IndustrialCarbonizationRetort;research=SteamPower|Coking;workshop=;productivity=220.24;territory=1863]"
776580,776580,Conservative,"Building","Waiting","",1,"productivity or territory is insufficient [CokeOven:candidate=True;constructible=True;affordable=False;available=False;owned=2;upgradeTo=IndustrialCarbonizationRetort;research=SteamPower|Coking;workshop=;productivity=217.38;territory=1863]"
777180,777780,Conservative,"Building","Waiting","",2,"productivity or territory is insufficient [CokeOven:candidate=True;constructible=True;affordable=False;available=False;owned=2;upgradeTo=IndustrialCarbonizationRetort;research=SteamPower|Coking;workshop=;productivity=214.52;territory=1863]"
778380,778980,Conservative,"Building","Waiting","",2,"productivity or territory is insufficient [CokeOven:candidate=True;constructible=True;affordable=False;available=False;owned=2;upgradeTo=IndustrialCarbonizationRetort;research=SteamPower|Coking;workshop=;productivity=211.66;territory=1863]"
779580,781980,Conservative,"Building","Waiting","",5,"productivity or territory is insufficient [CokeOven:candidate=True;constructible=True;affordable=False;available=False;owned=2;upgradeTo=IndustrialCarbonizationRetort;research=SteamPower|Coking;workshop=;productivity=208.8;territory=1863]"
782580,793980,Conservative,"Building","Waiting","",20,"productivity or territory is insufficient [CokeOven:candidate=True;constructible=True;affordable=False;available=False;owned=2;upgradeTo=IndustrialCarbonizationRetort;research=SteamPower|Coking;workshop=;productivity=205.94;territory=1863]"
794580,794580,Conservative,"Building","Waiting","",1,"productivity or territory is insufficient [CokeOven:candidate=True;constructible=True;affordable=False;available=False;owned=2;upgradeTo=IndustrialCarbonizationRetort;research=SteamPower|Coking;workshop=;productivity=203.08;territory=1863]"
795180,795180,Conservative,"Building","Waiting","",1,"productivity or territory is insufficient [CokeOven:candidate=True;constructible=True;affordable=False;available=False;owned=2;upgradeTo=IndustrialCarbonizationRetort;research=SteamPower|Coking;workshop=;productivity=1352.8;territory=1863]"
795780,795780,Conservative,"Building","Waiting","",1,"productivity or territory is insufficient [CokeOven:candidate=True;constructible=True;affordable=False;available=False;owned=2;upgradeTo=IndustrialCarbonizationRetort;research=SteamPower|Coking;workshop=;productivity=1164.04;territory=1863]"
796380,796380,Conservative,"Building","Waiting","",1,"productivity or territory is insufficient [CokeOven:candidate=True;constructible=True;affordable=False;available=False;owned=2;upgradeTo=IndustrialCarbonizationRetort;research=SteamPower|Coking;workshop=;productivity=1003.88;territory=1863]"
796980,796980,Conservative,"Building","Waiting","",1,"productivity or territory is insufficient [CokeOven:candidate=True;constructible=True;affordable=False;available=False;owned=2;upgradeTo=IndustrialCarbonizationRetort;research=SteamPower|Coking;workshop=;productivity=869.46;territory=1863]"
797580,797580,Conservative,"Building","Waiting","",1,"productivity or territory is insufficient [CokeOven:candidate=True;constructible=True;affordable=False;available=False;owned=2;upgradeTo=IndustrialCarbonizationRetort;research=SteamPower|Coking;workshop=;productivity=760.78;territory=1863]"
798180,798180,Conservative,"Building","Waiting","",1,"productivity or territory is insufficient [CokeOven:candidate=True;constructible=True;affordable=False;available=False;owned=2;upgradeTo=IndustrialCarbonizationRetort;research=SteamPower|Coking;workshop=;productivity=666.4;territory=1863]"
798780,798780,Conservative,"Building","Waiting","",1,"productivity or territory is insufficient [CokeOven:candidate=True;constructible=True;affordable=False;available=False;owned=2;upgradeTo=IndustrialCarbonizationRetort;research=SteamPower|Coking;workshop=;productivity=589.18;territory=1863]"
799380,799380,Conservative,"Building","Waiting","",1,"productivity or territory is insufficient [CokeOven:candidate=True;constructible=True;affordable=False;available=False;owned=2;upgradeTo=IndustrialCarbonizationRetort;research=SteamPower|Coking;workshop=;productivity=526.26;territory=1863]"
799980,799980,Conservative,"Building","Waiting","",1,"productivity or territory is insufficient [CokeOven:candidate=True;constructible=True;affordable=False;available=False;owned=2;upgradeTo=IndustrialCarbonizationRetort;research=SteamPower|Coking;workshop=;productivity=471.92;territory=1863]"
800580,800580,Conservative,"Building","Waiting","",1,"productivity or territory is insufficient [CokeOven:candidate=True;constructible=True;affordable=False;available=False;owned=2;upgradeTo=IndustrialCarbonizationRetort;research=SteamPower|Coking;workshop=;productivity=429.02;territory=1863]"
801180,801180,Conservative,"Building","Waiting","",1,"productivity or territory is insufficient [CokeOven:candidate=True;constructible=True;affordable=False;available=False;owned=2;upgradeTo=IndustrialCarbonizationRetort;research=SteamPower|Coking;workshop=;productivity=391.84;territory=1863]"
801780,801780,Conservative,"Building","Waiting","",1,"productivity or territory is insufficient [CokeOven:candidate=True;constructible=True;affordable=False;available=False;owned=2;upgradeTo=IndustrialCarbonizationRetort;research=SteamPower|Coking;workshop=;productivity=360.38;territory=1863]"
802380,802380,Conservative,"Building","Waiting","",1,"productivity or territory is insufficient [CokeOven:candidate=True;constructible=True;affordable=False;available=False;owned=2;upgradeTo=IndustrialCarbonizationRetort;research=SteamPower|Coking;workshop=;productivity=334.64;territory=1863]"
802980,802980,Conservative,"Building","Waiting","",1,"productivity or territory is insufficient [CokeOven:candidate=True;constructible=True;affordable=False;available=False;owned=2;upgradeTo=IndustrialCarbonizationRetort;research=SteamPower|Coking;workshop=;productivity=311.76;territory=1863]"
803580,803580,Conservative,"Building","Waiting","",1,"productivity or territory is insufficient [CokeOven:candidate=True;constructible=True;affordable=False;available=False;owned=2;upgradeTo=IndustrialCarbonizationRetort;research=SteamPower|Coking;workshop=;productivity=294.6;territory=1863]"
804180,804180,Conservative,"Building","Waiting","",1,"productivity or territory is insufficient [CokeOven:candidate=True;constructible=True;affordable=False;available=False;owned=2;upgradeTo=IndustrialCarbonizationRetort;research=SteamPower|Coking;workshop=;productivity=280.3;territory=1863]"
804780,804780,Conservative,"Building","Waiting","",1,"productivity or territory is insufficient [CokeOven:candidate=True;constructible=True;affordable=False;available=False;owned=2;upgradeTo=IndustrialCarbonizationRetort;research=SteamPower|Coking;workshop=;productivity=266;territory=1863]"
805380,805380,Conservative,"Building","Waiting","",1,"productivity or territory is insufficient [CokeOven:candidate=True;constructible=True;affordable=False;available=False;owned=2;upgradeTo=IndustrialCarbonizationRetort;research=SteamPower|Coking;workshop=;productivity=257.42;territory=1863]"
805980,805980,Conservative,"Building","Waiting","",1,"productivity or territory is insufficient [CokeOven:candidate=True;constructible=True;affordable=False;available=False;owned=2;upgradeTo=IndustrialCarbonizationRetort;research=SteamPower|Coking;workshop=;productivity=248.84;territory=1863]"
806580,806580,Conservative,"Building","Waiting","",1,"productivity or territory is insufficient [CokeOven:candidate=True;constructible=True;affordable=False;available=False;owned=2;upgradeTo=IndustrialCarbonizationRetort;research=SteamPower|Coking;workshop=;productivity=240.26;territory=1863]"
807180,807180,Conservative,"Building","Waiting","",1,"productivity or territory is insufficient [CokeOven:candidate=True;constructible=True;affordable=False;available=False;owned=2;upgradeTo=IndustrialCarbonizationRetort;research=SteamPower|Coking;workshop=;productivity=234.54;territory=1863]"
807780,807780,Conservative,"Building","Waiting","",1,"productivity or territory is insufficient [CokeOven:candidate=True;constructible=True;affordable=False;available=False;owned=2;upgradeTo=IndustrialCarbonizationRetort;research=SteamPower|Coking;workshop=;productivity=231.68;territory=1863]"
808380,808380,Conservative,"Building","Waiting","",1,"productivity or territory is insufficient [CokeOven:candidate=True;constructible=True;affordable=False;available=False;owned=2;upgradeTo=IndustrialCarbonizationRetort;research=SteamPower|Coking;workshop=;productivity=225.96;territory=1863]"
808980,808980,Conservative,"Building","Waiting","",1,"productivity or territory is insufficient [CokeOven:candidate=True;constructible=True;affordable=False;available=False;owned=2;upgradeTo=IndustrialCarbonizationRetort;research=SteamPower|Coking;workshop=;productivity=223.1;territory=1863]"
809580,809580,Conservative,"Building","Waiting","",1,"productivity or territory is insufficient [CokeOven:candidate=True;constructible=True;affordable=False;available=False;owned=2;upgradeTo=IndustrialCarbonizationRetort;research=SteamPower|Coking;workshop=;productivity=220.24;territory=1863]"
810180,810180,Conservative,"Building","Waiting","",1,"productivity or territory is insufficient [CokeOven:candidate=True;constructible=True;affordable=False;available=False;owned=2;upgradeTo=IndustrialCarbonizationRetort;research=SteamPower|Coking;workshop=;productivity=217.38;territory=1863]"
810780,811380,Conservative,"Building","Waiting","",2,"productivity or territory is insufficient [CokeOven:candidate=True;constructible=True;affordable=False;available=False;owned=2;upgradeTo=IndustrialCarbonizationRetort;research=SteamPower|Coking;workshop=;productivity=214.52;territory=1863]"
811980,812580,Conservative,"Building","Waiting","",2,"productivity or territory is insufficient [CokeOven:candidate=True;constructible=True;affordable=False;available=False;owned=2;upgradeTo=IndustrialCarbonizationRetort;research=SteamPower|Coking;workshop=;productivity=211.66;territory=1863]"
813180,815580,Conservative,"Building","Waiting","",5,"productivity or territory is insufficient [CokeOven:candidate=True;constructible=True;affordable=False;available=False;owned=2;upgradeTo=IndustrialCarbonizationRetort;research=SteamPower|Coking;workshop=;productivity=208.8;territory=1863]"
816180,827580,Conservative,"Building","Waiting","",20,"productivity or territory is insufficient [CokeOven:candidate=True;constructible=True;affordable=False;available=False;owned=2;upgradeTo=IndustrialCarbonizationRetort;research=SteamPower|Coking;workshop=;productivity=205.94;territory=1863]"
828180,828180,Conservative,"Building","Waiting","",1,"productivity or territory is insufficient [CokeOven:candidate=True;constructible=True;affordable=False;available=False;owned=2;upgradeTo=IndustrialCarbonizationRetort;research=SteamPower|Coking;workshop=;productivity=203.08;territory=1863]"
828780,828780,Conservative,"Building","Waiting","",1,"productivity or territory is insufficient [CokeOven:candidate=True;constructible=True;affordable=False;available=False;owned=2;upgradeTo=IndustrialCarbonizationRetort;research=SteamPower|Coking;workshop=;productivity=1352.8;territory=1863]"
829380,829380,Conservative,"Building","Waiting","",1,"productivity or territory is insufficient [CokeOven:candidate=True;constructible=True;affordable=False;available=False;owned=2;upgradeTo=IndustrialCarbonizationRetort;research=SteamPower|Coking;workshop=;productivity=1164.04;territory=1863]"
829980,829980,Conservative,"Building","Waiting","",1,"productivity or territory is insufficient [CokeOven:candidate=True;constructible=True;affordable=False;available=False;owned=2;upgradeTo=IndustrialCarbonizationRetort;research=SteamPower|Coking;workshop=;productivity=1003.88;territory=1863]"
830580,830580,Conservative,"Building","Waiting","",1,"productivity or territory is insufficient [CokeOven:candidate=True;constructible=True;affordable=False;available=False;owned=2;upgradeTo=IndustrialCarbonizationRetort;research=SteamPower|Coking;workshop=;productivity=869.46;territory=1863]"
831180,831180,Conservative,"Building","Waiting","",1,"productivity or territory is insufficient [CokeOven:candidate=True;constructible=True;affordable=False;available=False;owned=2;upgradeTo=IndustrialCarbonizationRetort;research=SteamPower|Coking;workshop=;productivity=760.78;territory=1863]"
831780,831780,Conservative,"Building","Waiting","",1,"productivity or territory is insufficient [CokeOven:candidate=True;constructible=True;affordable=False;available=False;owned=2;upgradeTo=IndustrialCarbonizationRetort;research=SteamPower|Coking;workshop=;productivity=666.4;territory=1863]"
832380,832380,Conservative,"Building","Waiting","",1,"productivity or territory is insufficient [CokeOven:candidate=True;constructible=True;affordable=False;available=False;owned=2;upgradeTo=IndustrialCarbonizationRetort;research=SteamPower|Coking;workshop=;productivity=589.18;territory=1863]"
832980,832980,Conservative,"Building","Waiting","",1,"productivity or territory is insufficient [CokeOven:candidate=True;constructible=True;affordable=False;available=False;owned=2;upgradeTo=IndustrialCarbonizationRetort;research=SteamPower|Coking;workshop=;productivity=526.26;territory=1863]"
833580,833580,Conservative,"Building","Waiting","",1,"productivity or territory is insufficient [CokeOven:candidate=True;constructible=True;affordable=False;available=False;owned=2;upgradeTo=IndustrialCarbonizationRetort;research=SteamPower|Coking;workshop=;productivity=471.92;territory=1863]"
834180,834180,Conservative,"Building","Waiting","",1,"productivity or territory is insufficient [CokeOven:candidate=True;constructible=True;affordable=False;available=False;owned=2;upgradeTo=IndustrialCarbonizationRetort;research=SteamPower|Coking;workshop=;productivity=429.02;territory=1863]"
834780,834780,Conservative,"Building","Waiting","",1,"productivity or territory is insufficient [CokeOven:candidate=True;constructible=True;affordable=False;available=False;owned=2;upgradeTo=IndustrialCarbonizationRetort;research=SteamPower|Coking;workshop=;productivity=391.84;territory=1863]"
835380,835380,Conservative,"Building","Waiting","",1,"productivity or territory is insufficient [CokeOven:candidate=True;constructible=True;affordable=False;available=False;owned=2;upgradeTo=IndustrialCarbonizationRetort;research=SteamPower|Coking;workshop=;productivity=360.38;territory=1863]"
835980,835980,Conservative,"Building","Waiting","",1,"productivity or territory is insufficient [CokeOven:candidate=True;constructible=True;affordable=False;available=False;owned=2;upgradeTo=IndustrialCarbonizationRetort;research=SteamPower|Coking;workshop=;productivity=334.64;territory=1863]"
836580,836580,Conservative,"Building","Waiting","",1,"productivity or territory is insufficient [CokeOven:candidate=True;constructible=True;affordable=False;available=False;owned=2;upgradeTo=IndustrialCarbonizationRetort;research=SteamPower|Coking;workshop=;productivity=311.76;territory=1863]"
837180,837180,Conservative,"Building","Waiting","",1,"productivity or territory is insufficient [CokeOven:candidate=True;constructible=True;affordable=False;available=False;owned=2;upgradeTo=IndustrialCarbonizationRetort;research=SteamPower|Coking;workshop=;productivity=294.6;territory=1863]"
837780,837780,Conservative,"Building","Waiting","",1,"productivity or territory is insufficient [CokeOven:candidate=True;constructible=True;affordable=False;available=False;owned=2;upgradeTo=IndustrialCarbonizationRetort;research=SteamPower|Coking;workshop=;productivity=280.3;territory=1863]"
838380,838380,Conservative,"Building","Waiting","",1,"productivity or territory is insufficient [CokeOven:candidate=True;constructible=True;affordable=False;available=False;owned=2;upgradeTo=IndustrialCarbonizationRetort;research=SteamPower|Coking;workshop=;productivity=266;territory=1863]"
838980,838980,Conservative,"Building","Waiting","",1,"productivity or territory is insufficient [CokeOven:candidate=True;constructible=True;affordable=False;available=False;owned=2;upgradeTo=IndustrialCarbonizationRetort;research=SteamPower|Coking;workshop=;productivity=257.42;territory=1863]"
839580,839580,Conservative,"Building","Waiting","",1,"productivity or territory is insufficient [CokeOven:candidate=True;constructible=True;affordable=False;available=False;owned=2;upgradeTo=IndustrialCarbonizationRetort;research=SteamPower|Coking;workshop=;productivity=248.84;territory=1863]"
840180,840180,Conservative,"Building","Waiting","",1,"productivity or territory is insufficient [CokeOven:candidate=True;constructible=True;affordable=False;available=False;owned=2;upgradeTo=IndustrialCarbonizationRetort;research=SteamPower|Coking;workshop=;productivity=240.26;territory=1863]"
840780,840780,Conservative,"Building","Waiting","",1,"productivity or territory is insufficient [CokeOven:candidate=True;constructible=True;affordable=False;available=False;owned=2;upgradeTo=IndustrialCarbonizationRetort;research=SteamPower|Coking;workshop=;productivity=234.54;territory=1863]"
841380,841380,Conservative,"Building","Waiting","",1,"productivity or territory is insufficient [CokeOven:candidate=True;constructible=True;affordable=False;available=False;owned=2;upgradeTo=IndustrialCarbonizationRetort;research=SteamPower|Coking;workshop=;productivity=231.68;territory=1863]"
841980,841980,Conservative,"Building","Waiting","",1,"productivity or territory is insufficient [CokeOven:candidate=True;constructible=True;affordable=False;available=False;owned=2;upgradeTo=IndustrialCarbonizationRetort;research=SteamPower|Coking;workshop=;productivity=225.96;territory=1863]"
842580,842580,Conservative,"Building","Waiting","",1,"productivity or territory is insufficient [CokeOven:candidate=True;constructible=True;affordable=False;available=False;owned=2;upgradeTo=IndustrialCarbonizationRetort;research=SteamPower|Coking;workshop=;productivity=223.1;territory=1863]"
843180,843180,Conservative,"Building","Waiting","",1,"productivity or territory is insufficient [CokeOven:candidate=True;constructible=True;affordable=False;available=False;owned=2;upgradeTo=IndustrialCarbonizationRetort;research=SteamPower|Coking;workshop=;productivity=220.24;territory=1863]"
843780,843780,Conservative,"Building","Waiting","",1,"productivity or territory is insufficient [CokeOven:candidate=True;constructible=True;affordable=False;available=False;owned=2;upgradeTo=IndustrialCarbonizationRetort;research=SteamPower|Coking;workshop=;productivity=217.38;territory=1863]"
844380,844980,Conservative,"Building","Waiting","",2,"productivity or territory is insufficient [CokeOven:candidate=True;constructible=True;affordable=False;available=False;owned=2;upgradeTo=IndustrialCarbonizationRetort;research=SteamPower|Coking;workshop=;productivity=214.52;territory=1863]"
845580,846180,Conservative,"Building","Waiting","",2,"productivity or territory is insufficient [CokeOven:candidate=True;constructible=True;affordable=False;available=False;owned=2;upgradeTo=IndustrialCarbonizationRetort;research=SteamPower|Coking;workshop=;productivity=211.66;territory=1863]"
846780,849180,Conservative,"Building","Waiting","",5,"productivity or territory is insufficient [CokeOven:candidate=True;constructible=True;affordable=False;available=False;owned=2;upgradeTo=IndustrialCarbonizationRetort;research=SteamPower|Coking;workshop=;productivity=208.8;territory=1863]"
849780,861180,Conservative,"Building","Waiting","",20,"productivity or territory is insufficient [CokeOven:candidate=True;constructible=True;affordable=False;available=False;owned=2;upgradeTo=IndustrialCarbonizationRetort;research=SteamPower|Coking;workshop=;productivity=205.94;territory=1863]"
861780,861780,Conservative,"Building","Waiting","",1,"productivity or territory is insufficient [CokeOven:candidate=True;constructible=True;affordable=False;available=False;owned=2;upgradeTo=IndustrialCarbonizationRetort;research=SteamPower|Coking;workshop=;productivity=203.08;territory=1863]"
862380,862380,Conservative,"Building","Waiting","",1,"productivity or territory is insufficient [CokeOven:candidate=True;constructible=True;affordable=False;available=False;owned=2;upgradeTo=IndustrialCarbonizationRetort;research=SteamPower|Coking;workshop=;productivity=1352.8;territory=1863]"
862980,862980,Conservative,"Building","Waiting","",1,"productivity or territory is insufficient [CokeOven:candidate=True;constructible=True;affordable=False;available=False;owned=2;upgradeTo=IndustrialCarbonizationRetort;research=SteamPower|Coking;workshop=;productivity=1164.04;territory=1863]"
863580,863580,Conservative,"Building","Waiting","",1,"productivity or territory is insufficient [CokeOven:candidate=True;constructible=True;affordable=False;available=False;owned=2;upgradeTo=IndustrialCarbonizationRetort;research=SteamPower|Coking;workshop=;productivity=1003.88;territory=1863]"
864180,864180,Conservative,"Building","Waiting","",1,"productivity or territory is insufficient [CokeOven:candidate=True;constructible=True;affordable=False;available=False;owned=2;upgradeTo=IndustrialCarbonizationRetort;research=SteamPower|Coking;workshop=;productivity=869.46;territory=1863]"
864780,864780,Conservative,"Building","Waiting","",1,"productivity or territory is insufficient [CokeOven:candidate=True;constructible=True;affordable=False;available=False;owned=2;upgradeTo=IndustrialCarbonizationRetort;research=SteamPower|Coking;workshop=;productivity=760.78;territory=1863]"
865380,865380,Conservative,"Building","Waiting","",1,"productivity or territory is insufficient [CokeOven:candidate=True;constructible=True;affordable=False;available=False;owned=2;upgradeTo=IndustrialCarbonizationRetort;research=SteamPower|Coking;workshop=;productivity=666.4;territory=1863]"
865980,865980,Conservative,"Building","Waiting","",1,"productivity or territory is insufficient [CokeOven:candidate=True;constructible=True;affordable=False;available=False;owned=2;upgradeTo=IndustrialCarbonizationRetort;research=SteamPower|Coking;workshop=;productivity=589.18;territory=1863]"
866580,866580,Conservative,"Building","Waiting","",1,"productivity or territory is insufficient [CokeOven:candidate=True;constructible=True;affordable=False;available=False;owned=2;upgradeTo=IndustrialCarbonizationRetort;research=SteamPower|Coking;workshop=;productivity=526.26;territory=1863]"
867180,867180,Conservative,"Building","Waiting","",1,"productivity or territory is insufficient [CokeOven:candidate=True;constructible=True;affordable=False;available=False;owned=2;upgradeTo=IndustrialCarbonizationRetort;research=SteamPower|Coking;workshop=;productivity=471.92;territory=1863]"
867780,867780,Conservative,"Building","Waiting","",1,"productivity or territory is insufficient [CokeOven:candidate=True;constructible=True;affordable=False;available=False;owned=2;upgradeTo=IndustrialCarbonizationRetort;research=SteamPower|Coking;workshop=;productivity=429.02;territory=1863]"
868380,868380,Conservative,"Building","Waiting","",1,"productivity or territory is insufficient [CokeOven:candidate=True;constructible=True;affordable=False;available=False;owned=2;upgradeTo=IndustrialCarbonizationRetort;research=SteamPower|Coking;workshop=;productivity=391.84;territory=1863]"
868980,868980,Conservative,"Building","Waiting","",1,"productivity or territory is insufficient [CokeOven:candidate=True;constructible=True;affordable=False;available=False;owned=2;upgradeTo=IndustrialCarbonizationRetort;research=SteamPower|Coking;workshop=;productivity=360.38;territory=1863]"
869580,869580,Conservative,"Building","Waiting","",1,"productivity or territory is insufficient [CokeOven:candidate=True;constructible=True;affordable=False;available=False;owned=2;upgradeTo=IndustrialCarbonizationRetort;research=SteamPower|Coking;workshop=;productivity=334.64;territory=1863]"
870180,870180,Conservative,"Building","Waiting","",1,"productivity or territory is insufficient [CokeOven:candidate=True;constructible=True;affordable=False;available=False;owned=2;upgradeTo=IndustrialCarbonizationRetort;research=SteamPower|Coking;workshop=;productivity=311.76;territory=1863]"
870780,870780,Conservative,"Building","Waiting","",1,"productivity or territory is insufficient [CokeOven:candidate=True;constructible=True;affordable=False;available=False;owned=2;upgradeTo=IndustrialCarbonizationRetort;research=SteamPower|Coking;workshop=;productivity=294.6;territory=1863]"
871380,871380,Conservative,"Building","Waiting","",1,"productivity or territory is insufficient [CokeOven:candidate=True;constructible=True;affordable=False;available=False;owned=2;upgradeTo=IndustrialCarbonizationRetort;research=SteamPower|Coking;workshop=;productivity=280.3;territory=1863]"
871980,871980,Conservative,"Building","Waiting","",1,"productivity or territory is insufficient [CokeOven:candidate=True;constructible=True;affordable=False;available=False;owned=2;upgradeTo=IndustrialCarbonizationRetort;research=SteamPower|Coking;workshop=;productivity=266;territory=1863]"
872580,872580,Conservative,"Building","Waiting","",1,"productivity or territory is insufficient [CokeOven:candidate=True;constructible=True;affordable=False;available=False;owned=2;upgradeTo=IndustrialCarbonizationRetort;research=SteamPower|Coking;workshop=;productivity=257.42;territory=1863]"
873180,873180,Conservative,"Building","Waiting","",1,"productivity or territory is insufficient [CokeOven:candidate=True;constructible=True;affordable=False;available=False;owned=2;upgradeTo=IndustrialCarbonizationRetort;research=SteamPower|Coking;workshop=;productivity=248.84;territory=1863]"
873780,873780,Conservative,"Building","Waiting","",1,"productivity or territory is insufficient [CokeOven:candidate=True;constructible=True;affordable=False;available=False;owned=2;upgradeTo=IndustrialCarbonizationRetort;research=SteamPower|Coking;workshop=;productivity=240.26;territory=1863]"
874380,874380,Conservative,"Building","Waiting","",1,"productivity or territory is insufficient [CokeOven:candidate=True;constructible=True;affordable=False;available=False;owned=2;upgradeTo=IndustrialCarbonizationRetort;research=SteamPower|Coking;workshop=;productivity=234.54;territory=1863]"
874980,874980,Conservative,"Building","Waiting","",1,"productivity or territory is insufficient [CokeOven:candidate=True;constructible=True;affordable=False;available=False;owned=2;upgradeTo=IndustrialCarbonizationRetort;research=SteamPower|Coking;workshop=;productivity=231.68;territory=1863]"
875580,875580,Conservative,"Building","Waiting","",1,"productivity or territory is insufficient [CokeOven:candidate=True;constructible=True;affordable=False;available=False;owned=2;upgradeTo=IndustrialCarbonizationRetort;research=SteamPower|Coking;workshop=;productivity=225.96;territory=1863]"
876180,876180,Conservative,"Building","Waiting","",1,"productivity or territory is insufficient [CokeOven:candidate=True;constructible=True;affordable=False;available=False;owned=2;upgradeTo=IndustrialCarbonizationRetort;research=SteamPower|Coking;workshop=;productivity=223.1;territory=1863]"
876780,876780,Conservative,"Building","Waiting","",1,"productivity or territory is insufficient [CokeOven:candidate=True;constructible=True;affordable=False;available=False;owned=2;upgradeTo=IndustrialCarbonizationRetort;research=SteamPower|Coking;workshop=;productivity=220.24;territory=1863]"
877380,877380,Conservative,"Building","Waiting","",1,"productivity or territory is insufficient [CokeOven:candidate=True;constructible=True;affordable=False;available=False;owned=2;upgradeTo=IndustrialCarbonizationRetort;research=SteamPower|Coking;workshop=;productivity=217.38;territory=1863]"
877980,878580,Conservative,"Building","Waiting","",2,"productivity or territory is insufficient [CokeOven:candidate=True;constructible=True;affordable=False;available=False;owned=2;upgradeTo=IndustrialCarbonizationRetort;research=SteamPower|Coking;workshop=;productivity=214.52;territory=1863]"
879180,879780,Conservative,"Building","Waiting","",2,"productivity or territory is insufficient [CokeOven:candidate=True;constructible=True;affordable=False;available=False;owned=2;upgradeTo=IndustrialCarbonizationRetort;research=SteamPower|Coking;workshop=;productivity=211.66;territory=1863]"
880380,882780,Conservative,"Building","Waiting","",5,"productivity or territory is insufficient [CokeOven:candidate=True;constructible=True;affordable=False;available=False;owned=2;upgradeTo=IndustrialCarbonizationRetort;research=SteamPower|Coking;workshop=;productivity=208.8;territory=1863]"
883380,894780,Conservative,"Building","Waiting","",20,"productivity or territory is insufficient [CokeOven:candidate=True;constructible=True;affordable=False;available=False;owned=2;upgradeTo=IndustrialCarbonizationRetort;research=SteamPower|Coking;workshop=;productivity=205.94;territory=1863]"
895380,895380,Conservative,"Building","Waiting","",1,"productivity or territory is insufficient [CokeOven:candidate=True;constructible=True;affordable=False;available=False;owned=2;upgradeTo=IndustrialCarbonizationRetort;research=SteamPower|Coking;workshop=;productivity=203.08;territory=1863]"
895980,895980,Conservative,"Building","Waiting","",1,"productivity or territory is insufficient [CokeOven:candidate=True;constructible=True;affordable=False;available=False;owned=2;upgradeTo=IndustrialCarbonizationRetort;research=SteamPower|Coking;workshop=;productivity=1352.8;territory=1863]"
896580,896580,Conservative,"Building","Waiting","",1,"productivity or territory is insufficient [CokeOven:candidate=True;constructible=True;affordable=False;available=False;owned=2;upgradeTo=IndustrialCarbonizationRetort;research=SteamPower|Coking;workshop=;productivity=1164.04;territory=1863]"
897180,897180,Conservative,"Building","Waiting","",1,"productivity or territory is insufficient [CokeOven:candidate=True;constructible=True;affordable=False;available=False;owned=2;upgradeTo=IndustrialCarbonizationRetort;research=SteamPower|Coking;workshop=;productivity=1003.88;territory=1863]"
897780,897780,Conservative,"Building","Waiting","",1,"productivity or territory is insufficient [CokeOven:candidate=True;constructible=True;affordable=False;available=False;owned=2;upgradeTo=IndustrialCarbonizationRetort;research=SteamPower|Coking;workshop=;productivity=869.46;territory=1863]"
898380,898380,Conservative,"Building","Waiting","",1,"productivity or territory is insufficient [CokeOven:candidate=True;constructible=True;affordable=False;available=False;owned=2;upgradeTo=IndustrialCarbonizationRetort;research=SteamPower|Coking;workshop=;productivity=760.78;territory=1863]"
898980,898980,Conservative,"Building","Waiting","",1,"productivity or territory is insufficient [CokeOven:candidate=True;constructible=True;affordable=False;available=False;owned=2;upgradeTo=IndustrialCarbonizationRetort;research=SteamPower|Coking;workshop=;productivity=666.4;territory=1863]"
899580,899580,Conservative,"Building","Waiting","",1,"productivity or territory is insufficient [CokeOven:candidate=True;constructible=True;affordable=False;available=False;owned=2;upgradeTo=IndustrialCarbonizationRetort;research=SteamPower|Coking;workshop=;productivity=589.18;territory=1863]"
900180,900180,Conservative,"Building","Waiting","",1,"productivity or territory is insufficient [CokeOven:candidate=True;constructible=True;affordable=False;available=False;owned=2;upgradeTo=IndustrialCarbonizationRetort;research=SteamPower|Coking;workshop=;productivity=526.26;territory=1863]"
900780,900780,Conservative,"Building","Waiting","",1,"productivity or territory is insufficient [CokeOven:candidate=True;constructible=True;affordable=False;available=False;owned=2;upgradeTo=IndustrialCarbonizationRetort;research=SteamPower|Coking;workshop=;productivity=471.92;territory=1863]"
901380,901380,Conservative,"Building","Waiting","",1,"productivity or territory is insufficient [CokeOven:candidate=True;constructible=True;affordable=False;available=False;owned=2;upgradeTo=IndustrialCarbonizationRetort;research=SteamPower|Coking;workshop=;productivity=429.02;territory=1863]"
901980,901980,Conservative,"Building","Waiting","",1,"productivity or territory is insufficient [CokeOven:candidate=True;constructible=True;affordable=False;available=False;owned=2;upgradeTo=IndustrialCarbonizationRetort;research=SteamPower|Coking;workshop=;productivity=391.84;territory=1863]"
902580,902580,Conservative,"Building","Waiting","",1,"productivity or territory is insufficient [CokeOven:candidate=True;constructible=True;affordable=False;available=False;owned=2;upgradeTo=IndustrialCarbonizationRetort;research=SteamPower|Coking;workshop=;productivity=360.38;territory=1863]"
903180,903180,Conservative,"Building","Waiting","",1,"productivity or territory is insufficient [CokeOven:candidate=True;constructible=True;affordable=False;available=False;owned=2;upgradeTo=IndustrialCarbonizationRetort;research=SteamPower|Coking;workshop=;productivity=334.64;territory=1863]"
903780,903780,Conservative,"Building","Waiting","",1,"productivity or territory is insufficient [CokeOven:candidate=True;constructible=True;affordable=False;available=False;owned=2;upgradeTo=IndustrialCarbonizationRetort;research=SteamPower|Coking;workshop=;productivity=311.76;territory=1863]"
904380,904380,Conservative,"Building","Waiting","",1,"productivity or territory is insufficient [CokeOven:candidate=True;constructible=True;affordable=False;available=False;owned=2;upgradeTo=IndustrialCarbonizationRetort;research=SteamPower|Coking;workshop=;productivity=294.6;territory=1863]"
904980,904980,Conservative,"Building","Waiting","",1,"productivity or territory is insufficient [CokeOven:candidate=True;constructible=True;affordable=False;available=False;owned=2;upgradeTo=IndustrialCarbonizationRetort;research=SteamPower|Coking;workshop=;productivity=280.3;territory=1863]"
905580,905580,Conservative,"Building","Waiting","",1,"productivity or territory is insufficient [CokeOven:candidate=True;constructible=True;affordable=False;available=False;owned=2;upgradeTo=IndustrialCarbonizationRetort;research=SteamPower|Coking;workshop=;productivity=266;territory=1863]"
906180,906180,Conservative,"Building","Waiting","",1,"productivity or territory is insufficient [CokeOven:candidate=True;constructible=True;affordable=False;available=False;owned=2;upgradeTo=IndustrialCarbonizationRetort;research=SteamPower|Coking;workshop=;productivity=257.42;territory=1863]"
906780,906780,Conservative,"Building","Waiting","",1,"productivity or territory is insufficient [CokeOven:candidate=True;constructible=True;affordable=False;available=False;owned=2;upgradeTo=IndustrialCarbonizationRetort;research=SteamPower|Coking;workshop=;productivity=248.84;territory=1863]"
907380,907380,Conservative,"Building","Waiting","",1,"productivity or territory is insufficient [CokeOven:candidate=True;constructible=True;affordable=False;available=False;owned=2;upgradeTo=IndustrialCarbonizationRetort;research=SteamPower|Coking;workshop=;productivity=240.26;territory=1863]"
907980,907980,Conservative,"Building","Waiting","",1,"productivity or territory is insufficient [CokeOven:candidate=True;constructible=True;affordable=False;available=False;owned=2;upgradeTo=IndustrialCarbonizationRetort;research=SteamPower|Coking;workshop=;productivity=234.54;territory=1863]"
908580,908580,Conservative,"Building","Waiting","",1,"productivity or territory is insufficient [CokeOven:candidate=True;constructible=True;affordable=False;available=False;owned=2;upgradeTo=IndustrialCarbonizationRetort;research=SteamPower|Coking;workshop=;productivity=231.68;territory=1863]"
909180,909180,Conservative,"Building","Waiting","",1,"productivity or territory is insufficient [CokeOven:candidate=True;constructible=True;affordable=False;available=False;owned=2;upgradeTo=IndustrialCarbonizationRetort;research=SteamPower|Coking;workshop=;productivity=225.96;territory=1863]"
909780,909780,Conservative,"Building","Waiting","",1,"productivity or territory is insufficient [CokeOven:candidate=True;constructible=True;affordable=False;available=False;owned=2;upgradeTo=IndustrialCarbonizationRetort;research=SteamPower|Coking;workshop=;productivity=223.1;territory=1863]"
910380,910380,Conservative,"Building","Waiting","",1,"productivity or territory is insufficient [CokeOven:candidate=True;constructible=True;affordable=False;available=False;owned=2;upgradeTo=IndustrialCarbonizationRetort;research=SteamPower|Coking;workshop=;productivity=220.24;territory=1863]"
910980,910980,Conservative,"Building","Waiting","",1,"productivity or territory is insufficient [CokeOven:candidate=True;constructible=True;affordable=False;available=False;owned=2;upgradeTo=IndustrialCarbonizationRetort;research=SteamPower|Coking;workshop=;productivity=217.38;territory=1863]"
911580,912180,Conservative,"Building","Waiting","",2,"productivity or territory is insufficient [CokeOven:candidate=True;constructible=True;affordable=False;available=False;owned=2;upgradeTo=IndustrialCarbonizationRetort;research=SteamPower|Coking;workshop=;productivity=214.52;territory=1863]"
912780,913380,Conservative,"Building","Waiting","",2,"productivity or territory is insufficient [CokeOven:candidate=True;constructible=True;affordable=False;available=False;owned=2;upgradeTo=IndustrialCarbonizationRetort;research=SteamPower|Coking;workshop=;productivity=211.66;territory=1863]"
913980,916380,Conservative,"Building","Waiting","",5,"productivity or territory is insufficient [CokeOven:candidate=True;constructible=True;affordable=False;available=False;owned=2;upgradeTo=IndustrialCarbonizationRetort;research=SteamPower|Coking;workshop=;productivity=208.8;territory=1863]"
916980,928380,Conservative,"Building","Waiting","",20,"productivity or territory is insufficient [CokeOven:candidate=True;constructible=True;affordable=False;available=False;owned=2;upgradeTo=IndustrialCarbonizationRetort;research=SteamPower|Coking;workshop=;productivity=205.94;territory=1863]"
928980,928980,Conservative,"Building","Waiting","",1,"productivity or territory is insufficient [CokeOven:candidate=True;constructible=True;affordable=False;available=False;owned=2;upgradeTo=IndustrialCarbonizationRetort;research=SteamPower|Coking;workshop=;productivity=203.08;territory=1863]"
929580,929580,Conservative,"Building","Waiting","",1,"productivity or territory is insufficient [CokeOven:candidate=True;constructible=True;affordable=False;available=False;owned=2;upgradeTo=IndustrialCarbonizationRetort;research=SteamPower|Coking;workshop=;productivity=1352.8;territory=1863]"
930180,930180,Conservative,"Building","Waiting","",1,"productivity or territory is insufficient [CokeOven:candidate=True;constructible=True;affordable=False;available=False;owned=2;upgradeTo=IndustrialCarbonizationRetort;research=SteamPower|Coking;workshop=;productivity=1164.04;territory=1863]"
930780,930780,Conservative,"Building","Waiting","",1,"productivity or territory is insufficient [CokeOven:candidate=True;constructible=True;affordable=False;available=False;owned=2;upgradeTo=IndustrialCarbonizationRetort;research=SteamPower|Coking;workshop=;productivity=1003.88;territory=1863]"
931380,931380,Conservative,"Building","Waiting","",1,"productivity or territory is insufficient [CokeOven:candidate=True;constructible=True;affordable=False;available=False;owned=2;upgradeTo=IndustrialCarbonizationRetort;research=SteamPower|Coking;workshop=;productivity=869.46;territory=1863]"
931980,931980,Conservative,"Building","Waiting","",1,"productivity or territory is insufficient [CokeOven:candidate=True;constructible=True;affordable=False;available=False;owned=2;upgradeTo=IndustrialCarbonizationRetort;research=SteamPower|Coking;workshop=;productivity=760.78;territory=1863]"
932580,932580,Conservative,"Building","Waiting","",1,"productivity or territory is insufficient [CokeOven:candidate=True;constructible=True;affordable=False;available=False;owned=2;upgradeTo=IndustrialCarbonizationRetort;research=SteamPower|Coking;workshop=;productivity=666.4;territory=1863]"
933180,933180,Conservative,"Building","Waiting","",1,"productivity or territory is insufficient [CokeOven:candidate=True;constructible=True;affordable=False;available=False;owned=2;upgradeTo=IndustrialCarbonizationRetort;research=SteamPower|Coking;workshop=;productivity=589.18;territory=1863]"
933780,933780,Conservative,"Building","Waiting","",1,"productivity or territory is insufficient [CokeOven:candidate=True;constructible=True;affordable=False;available=False;owned=2;upgradeTo=IndustrialCarbonizationRetort;research=SteamPower|Coking;workshop=;productivity=526.26;territory=1863]"
934380,934380,Conservative,"Building","Waiting","",1,"productivity or territory is insufficient [CokeOven:candidate=True;constructible=True;affordable=False;available=False;owned=2;upgradeTo=IndustrialCarbonizationRetort;research=SteamPower|Coking;workshop=;productivity=471.92;territory=1863]"
934980,934980,Conservative,"Building","Waiting","",1,"productivity or territory is insufficient [CokeOven:candidate=True;constructible=True;affordable=False;available=False;owned=2;upgradeTo=IndustrialCarbonizationRetort;research=SteamPower|Coking;workshop=;productivity=429.02;territory=1863]"
935580,935580,Conservative,"Building","Waiting","",1,"productivity or territory is insufficient [CokeOven:candidate=True;constructible=True;affordable=False;available=False;owned=2;upgradeTo=IndustrialCarbonizationRetort;research=SteamPower|Coking;workshop=;productivity=391.84;territory=1863]"
936180,936180,Conservative,"Building","Waiting","",1,"productivity or territory is insufficient [CokeOven:candidate=True;constructible=True;affordable=False;available=False;owned=2;upgradeTo=IndustrialCarbonizationRetort;research=SteamPower|Coking;workshop=;productivity=360.38;territory=1863]"
936780,936780,Conservative,"Building","Waiting","",1,"productivity or territory is insufficient [CokeOven:candidate=True;constructible=True;affordable=False;available=False;owned=2;upgradeTo=IndustrialCarbonizationRetort;research=SteamPower|Coking;workshop=;productivity=334.64;territory=1863]"
937380,937380,Conservative,"Building","Waiting","",1,"productivity or territory is insufficient [CokeOven:candidate=True;constructible=True;affordable=False;available=False;owned=2;upgradeTo=IndustrialCarbonizationRetort;research=SteamPower|Coking;workshop=;productivity=311.76;territory=1863]"
937980,937980,Conservative,"Building","Waiting","",1,"productivity or territory is insufficient [CokeOven:candidate=True;constructible=True;affordable=False;available=False;owned=2;upgradeTo=IndustrialCarbonizationRetort;research=SteamPower|Coking;workshop=;productivity=294.6;territory=1863]"
938580,938580,Conservative,"Building","Waiting","",1,"productivity or territory is insufficient [CokeOven:candidate=True;constructible=True;affordable=False;available=False;owned=2;upgradeTo=IndustrialCarbonizationRetort;research=SteamPower|Coking;workshop=;productivity=280.3;territory=1863]"
939180,939180,Conservative,"Building","Waiting","",1,"productivity or territory is insufficient [CokeOven:candidate=True;constructible=True;affordable=False;available=False;owned=2;upgradeTo=IndustrialCarbonizationRetort;research=SteamPower|Coking;workshop=;productivity=266;territory=1863]"
939780,939780,Conservative,"Building","Waiting","",1,"productivity or territory is insufficient [CokeOven:candidate=True;constructible=True;affordable=False;available=False;owned=2;upgradeTo=IndustrialCarbonizationRetort;research=SteamPower|Coking;workshop=;productivity=257.42;territory=1863]"
940380,940380,Conservative,"Building","Waiting","",1,"productivity or territory is insufficient [CokeOven:candidate=True;constructible=True;affordable=False;available=False;owned=2;upgradeTo=IndustrialCarbonizationRetort;research=SteamPower|Coking;workshop=;productivity=248.84;territory=1863]"
940980,940980,Conservative,"Building","Waiting","",1,"productivity or territory is insufficient [CokeOven:candidate=True;constructible=True;affordable=False;available=False;owned=2;upgradeTo=IndustrialCarbonizationRetort;research=SteamPower|Coking;workshop=;productivity=240.26;territory=1863]"
941580,941580,Conservative,"Building","Waiting","",1,"productivity or territory is insufficient [CokeOven:candidate=True;constructible=True;affordable=False;available=False;owned=2;upgradeTo=IndustrialCarbonizationRetort;research=SteamPower|Coking;workshop=;productivity=234.54;territory=1863]"
942180,942180,Conservative,"Building","Waiting","",1,"productivity or territory is insufficient [CokeOven:candidate=True;constructible=True;affordable=False;available=False;owned=2;upgradeTo=IndustrialCarbonizationRetort;research=SteamPower|Coking;workshop=;productivity=231.68;territory=1863]"
942780,942780,Conservative,"Building","Waiting","",1,"productivity or territory is insufficient [CokeOven:candidate=True;constructible=True;affordable=False;available=False;owned=2;upgradeTo=IndustrialCarbonizationRetort;research=SteamPower|Coking;workshop=;productivity=225.96;territory=1863]"
943380,943380,Conservative,"Building","Waiting","",1,"productivity or territory is insufficient [CokeOven:candidate=True;constructible=True;affordable=False;available=False;owned=2;upgradeTo=IndustrialCarbonizationRetort;research=SteamPower|Coking;workshop=;productivity=223.1;territory=1863]"
943980,943980,Conservative,"Building","Waiting","",1,"productivity or territory is insufficient [CokeOven:candidate=True;constructible=True;affordable=False;available=False;owned=2;upgradeTo=IndustrialCarbonizationRetort;research=SteamPower|Coking;workshop=;productivity=220.24;territory=1863]"
944580,944580,Conservative,"Building","Waiting","",1,"productivity or territory is insufficient [CokeOven:candidate=True;constructible=True;affordable=False;available=False;owned=2;upgradeTo=IndustrialCarbonizationRetort;research=SteamPower|Coking;workshop=;productivity=217.38;territory=1863]"
945180,945780,Conservative,"Building","Waiting","",2,"productivity or territory is insufficient [CokeOven:candidate=True;constructible=True;affordable=False;available=False;owned=2;upgradeTo=IndustrialCarbonizationRetort;research=SteamPower|Coking;workshop=;productivity=214.52;territory=1863]"
946380,946980,Conservative,"Building","Waiting","",2,"productivity or territory is insufficient [CokeOven:candidate=True;constructible=True;affordable=False;available=False;owned=2;upgradeTo=IndustrialCarbonizationRetort;research=SteamPower|Coking;workshop=;productivity=211.66;territory=1863]"
947580,949980,Conservative,"Building","Waiting","",5,"productivity or territory is insufficient [CokeOven:candidate=True;constructible=True;affordable=False;available=False;owned=2;upgradeTo=IndustrialCarbonizationRetort;research=SteamPower|Coking;workshop=;productivity=208.8;territory=1863]"
950580,961980,Conservative,"Building","Waiting","",20,"productivity or territory is insufficient [CokeOven:candidate=True;constructible=True;affordable=False;available=False;owned=2;upgradeTo=IndustrialCarbonizationRetort;research=SteamPower|Coking;workshop=;productivity=205.94;territory=1863]"
962580,962580,Conservative,"Building","Waiting","",1,"productivity or territory is insufficient [CokeOven:candidate=True;constructible=True;affordable=False;available=False;owned=2;upgradeTo=IndustrialCarbonizationRetort;research=SteamPower|Coking;workshop=;productivity=203.08;territory=1863]"
963180,963180,Conservative,"Building","Waiting","",1,"productivity or territory is insufficient [CokeOven:candidate=True;constructible=True;affordable=False;available=False;owned=2;upgradeTo=IndustrialCarbonizationRetort;research=SteamPower|Coking;workshop=;productivity=1352.8;territory=1863]"
963780,963780,Conservative,"Building","Waiting","",1,"productivity or territory is insufficient [CokeOven:candidate=True;constructible=True;affordable=False;available=False;owned=2;upgradeTo=IndustrialCarbonizationRetort;research=SteamPower|Coking;workshop=;productivity=1164.04;territory=1863]"
964380,964380,Conservative,"Building","Waiting","",1,"productivity or territory is insufficient [CokeOven:candidate=True;constructible=True;affordable=False;available=False;owned=2;upgradeTo=IndustrialCarbonizationRetort;research=SteamPower|Coking;workshop=;productivity=1003.88;territory=1863]"
964980,964980,Conservative,"Building","Waiting","",1,"productivity or territory is insufficient [CokeOven:candidate=True;constructible=True;affordable=False;available=False;owned=2;upgradeTo=IndustrialCarbonizationRetort;research=SteamPower|Coking;workshop=;productivity=869.46;territory=1863]"
965580,965580,Conservative,"Building","Waiting","",1,"productivity or territory is insufficient [CokeOven:candidate=True;constructible=True;affordable=False;available=False;owned=2;upgradeTo=IndustrialCarbonizationRetort;research=SteamPower|Coking;workshop=;productivity=760.78;territory=1863]"
966180,966180,Conservative,"Building","Waiting","",1,"productivity or territory is insufficient [CokeOven:candidate=True;constructible=True;affordable=False;available=False;owned=2;upgradeTo=IndustrialCarbonizationRetort;research=SteamPower|Coking;workshop=;productivity=666.4;territory=1863]"
966780,966780,Conservative,"Building","Waiting","",1,"productivity or territory is insufficient [CokeOven:candidate=True;constructible=True;affordable=False;available=False;owned=2;upgradeTo=IndustrialCarbonizationRetort;research=SteamPower|Coking;workshop=;productivity=589.18;territory=1863]"
967380,967380,Conservative,"Building","Waiting","",1,"productivity or territory is insufficient [CokeOven:candidate=True;constructible=True;affordable=False;available=False;owned=2;upgradeTo=IndustrialCarbonizationRetort;research=SteamPower|Coking;workshop=;productivity=526.26;territory=1863]"
967980,967980,Conservative,"Building","Waiting","",1,"productivity or territory is insufficient [CokeOven:candidate=True;constructible=True;affordable=False;available=False;owned=2;upgradeTo=IndustrialCarbonizationRetort;research=SteamPower|Coking;workshop=;productivity=471.92;territory=1863]"
968580,968580,Conservative,"Building","Waiting","",1,"productivity or territory is insufficient [CokeOven:candidate=True;constructible=True;affordable=False;available=False;owned=2;upgradeTo=IndustrialCarbonizationRetort;research=SteamPower|Coking;workshop=;productivity=429.02;territory=1863]"
969180,969180,Conservative,"Building","Waiting","",1,"productivity or territory is insufficient [CokeOven:candidate=True;constructible=True;affordable=False;available=False;owned=2;upgradeTo=IndustrialCarbonizationRetort;research=SteamPower|Coking;workshop=;productivity=391.84;territory=1863]"
969780,969780,Conservative,"Building","Waiting","",1,"productivity or territory is insufficient [CokeOven:candidate=True;constructible=True;affordable=False;available=False;owned=2;upgradeTo=IndustrialCarbonizationRetort;research=SteamPower|Coking;workshop=;productivity=360.38;territory=1863]"
970380,970380,Conservative,"Building","Waiting","",1,"productivity or territory is insufficient [CokeOven:candidate=True;constructible=True;affordable=False;available=False;owned=2;upgradeTo=IndustrialCarbonizationRetort;research=SteamPower|Coking;workshop=;productivity=334.64;territory=1863]"
970980,970980,Conservative,"Building","Waiting","",1,"productivity or territory is insufficient [CokeOven:candidate=True;constructible=True;affordable=False;available=False;owned=2;upgradeTo=IndustrialCarbonizationRetort;research=SteamPower|Coking;workshop=;productivity=311.76;territory=1863]"
971580,971580,Conservative,"Building","Waiting","",1,"productivity or territory is insufficient [CokeOven:candidate=True;constructible=True;affordable=False;available=False;owned=2;upgradeTo=IndustrialCarbonizationRetort;research=SteamPower|Coking;workshop=;productivity=294.6;territory=1863]"
972180,972180,Conservative,"Building","Waiting","",1,"productivity or territory is insufficient [CokeOven:candidate=True;constructible=True;affordable=False;available=False;owned=2;upgradeTo=IndustrialCarbonizationRetort;research=SteamPower|Coking;workshop=;productivity=280.3;territory=1863]"
972780,972780,Conservative,"Building","Waiting","",1,"productivity or territory is insufficient [CokeOven:candidate=True;constructible=True;affordable=False;available=False;owned=2;upgradeTo=IndustrialCarbonizationRetort;research=SteamPower|Coking;workshop=;productivity=266;territory=1863]"
973380,973380,Conservative,"Building","Waiting","",1,"productivity or territory is insufficient [CokeOven:candidate=True;constructible=True;affordable=False;available=False;owned=2;upgradeTo=IndustrialCarbonizationRetort;research=SteamPower|Coking;workshop=;productivity=257.42;territory=1863]"
973980,973980,Conservative,"Building","Waiting","",1,"productivity or territory is insufficient [CokeOven:candidate=True;constructible=True;affordable=False;available=False;owned=2;upgradeTo=IndustrialCarbonizationRetort;research=SteamPower|Coking;workshop=;productivity=248.84;territory=1863]"
974580,974580,Conservative,"Building","Waiting","",1,"productivity or territory is insufficient [CokeOven:candidate=True;constructible=True;affordable=False;available=False;owned=2;upgradeTo=IndustrialCarbonizationRetort;research=SteamPower|Coking;workshop=;productivity=240.26;territory=1863]"
975180,975180,Conservative,"Building","Waiting","",1,"productivity or territory is insufficient [CokeOven:candidate=True;constructible=True;affordable=False;available=False;owned=2;upgradeTo=IndustrialCarbonizationRetort;research=SteamPower|Coking;workshop=;productivity=234.54;territory=1863]"
975780,975780,Conservative,"Building","Waiting","",1,"productivity or territory is insufficient [CokeOven:candidate=True;constructible=True;affordable=False;available=False;owned=2;upgradeTo=IndustrialCarbonizationRetort;research=SteamPower|Coking;workshop=;productivity=231.68;territory=1863]"
976380,976380,Conservative,"Building","Waiting","",1,"productivity or territory is insufficient [CokeOven:candidate=True;constructible=True;affordable=False;available=False;owned=2;upgradeTo=IndustrialCarbonizationRetort;research=SteamPower|Coking;workshop=;productivity=225.96;territory=1863]"
976980,976980,Conservative,"Building","Waiting","",1,"productivity or territory is insufficient [CokeOven:candidate=True;constructible=True;affordable=False;available=False;owned=2;upgradeTo=IndustrialCarbonizationRetort;research=SteamPower|Coking;workshop=;productivity=223.1;territory=1863]"
977580,977580,Conservative,"Building","Waiting","",1,"productivity or territory is insufficient [CokeOven:candidate=True;constructible=True;affordable=False;available=False;owned=2;upgradeTo=IndustrialCarbonizationRetort;research=SteamPower|Coking;workshop=;productivity=220.24;territory=1863]"
978180,978180,Conservative,"Building","Waiting","",1,"productivity or territory is insufficient [CokeOven:candidate=True;constructible=True;affordable=False;available=False;owned=2;upgradeTo=IndustrialCarbonizationRetort;research=SteamPower|Coking;workshop=;productivity=217.38;territory=1863]"
978780,979380,Conservative,"Building","Waiting","",2,"productivity or territory is insufficient [CokeOven:candidate=True;constructible=True;affordable=False;available=False;owned=2;upgradeTo=IndustrialCarbonizationRetort;research=SteamPower|Coking;workshop=;productivity=214.52;territory=1863]"
979980,980580,Conservative,"Building","Waiting","",2,"productivity or territory is insufficient [CokeOven:candidate=True;constructible=True;affordable=False;available=False;owned=2;upgradeTo=IndustrialCarbonizationRetort;research=SteamPower|Coking;workshop=;productivity=211.66;territory=1863]"
981180,983580,Conservative,"Building","Waiting","",5,"productivity or territory is insufficient [CokeOven:candidate=True;constructible=True;affordable=False;available=False;owned=2;upgradeTo=IndustrialCarbonizationRetort;research=SteamPower|Coking;workshop=;productivity=208.8;territory=1863]"
984180,995580,Conservative,"Building","Waiting","",20,"productivity or territory is insufficient [CokeOven:candidate=True;constructible=True;affordable=False;available=False;owned=2;upgradeTo=IndustrialCarbonizationRetort;research=SteamPower|Coking;workshop=;productivity=205.94;territory=1863]"
996180,996180,Conservative,"Building","Waiting","",1,"productivity or territory is insufficient [CokeOven:candidate=True;constructible=True;affordable=False;available=False;owned=2;upgradeTo=IndustrialCarbonizationRetort;research=SteamPower|Coking;workshop=;productivity=203.08;territory=1863]"
996780,996780,Conservative,"Building","Waiting","",1,"productivity or territory is insufficient [CokeOven:candidate=True;constructible=True;affordable=False;available=False;owned=2;upgradeTo=IndustrialCarbonizationRetort;research=SteamPower|Coking;workshop=;productivity=1352.8;territory=1863]"
997380,997380,Conservative,"Building","Waiting","",1,"productivity or territory is insufficient [CokeOven:candidate=True;constructible=True;affordable=False;available=False;owned=2;upgradeTo=IndustrialCarbonizationRetort;research=SteamPower|Coking;workshop=;productivity=1164.04;territory=1863]"
997980,997980,Conservative,"Building","Waiting","",1,"productivity or territory is insufficient [CokeOven:candidate=True;constructible=True;affordable=False;available=False;owned=2;upgradeTo=IndustrialCarbonizationRetort;research=SteamPower|Coking;workshop=;productivity=1003.88;territory=1863]"
998580,998580,Conservative,"Building","Waiting","",1,"productivity or territory is insufficient [CokeOven:candidate=True;constructible=True;affordable=False;available=False;owned=2;upgradeTo=IndustrialCarbonizationRetort;research=SteamPower|Coking;workshop=;productivity=869.46;territory=1863]"
999180,999180,Conservative,"Building","Waiting","",1,"productivity or territory is insufficient [CokeOven:candidate=True;constructible=True;affordable=False;available=False;owned=2;upgradeTo=IndustrialCarbonizationRetort;research=SteamPower|Coking;workshop=;productivity=760.78;territory=1863]"
999780,999780,Conservative,"Building","Waiting","",1,"productivity or territory is insufficient [CokeOven:candidate=True;constructible=True;affordable=False;available=False;owned=2;upgradeTo=IndustrialCarbonizationRetort;research=SteamPower|Coking;workshop=;productivity=666.4;territory=1863]"
1000380,1000380,Conservative,"Building","Waiting","",1,"productivity or territory is insufficient [CokeOven:candidate=True;constructible=True;affordable=False;available=False;owned=2;upgradeTo=IndustrialCarbonizationRetort;research=SteamPower|Coking;workshop=;productivity=589.18;territory=1863]"
1000980,1000980,Conservative,"Building","Waiting","",1,"productivity or territory is insufficient [CokeOven:candidate=True;constructible=True;affordable=False;available=False;owned=2;upgradeTo=IndustrialCarbonizationRetort;research=SteamPower|Coking;workshop=;productivity=526.26;territory=1863]"
1001580,1001580,Conservative,"Building","Waiting","",1,"productivity or territory is insufficient [CokeOven:candidate=True;constructible=True;affordable=False;available=False;owned=2;upgradeTo=IndustrialCarbonizationRetort;research=SteamPower|Coking;workshop=;productivity=471.92;territory=1863]"
1002180,1002180,Conservative,"Building","Waiting","",1,"productivity or territory is insufficient [CokeOven:candidate=True;constructible=True;affordable=False;available=False;owned=2;upgradeTo=IndustrialCarbonizationRetort;research=SteamPower|Coking;workshop=;productivity=429.02;territory=1863]"
1002780,1002780,Conservative,"Building","Waiting","",1,"productivity or territory is insufficient [CokeOven:candidate=True;constructible=True;affordable=False;available=False;owned=2;upgradeTo=IndustrialCarbonizationRetort;research=SteamPower|Coking;workshop=;productivity=391.84;territory=1863]"
1003380,1003380,Conservative,"Building","Waiting","",1,"productivity or territory is insufficient [CokeOven:candidate=True;constructible=True;affordable=False;available=False;owned=2;upgradeTo=IndustrialCarbonizationRetort;research=SteamPower|Coking;workshop=;productivity=360.38;territory=1863]"
1003980,1003980,Conservative,"Building","Waiting","",1,"productivity or territory is insufficient [CokeOven:candidate=True;constructible=True;affordable=False;available=False;owned=2;upgradeTo=IndustrialCarbonizationRetort;research=SteamPower|Coking;workshop=;productivity=334.64;territory=1863]"
1004580,1004580,Conservative,"Building","Waiting","",1,"productivity or territory is insufficient [CokeOven:candidate=True;constructible=True;affordable=False;available=False;owned=2;upgradeTo=IndustrialCarbonizationRetort;research=SteamPower|Coking;workshop=;productivity=311.76;territory=1863]"
1005180,1005180,Conservative,"Building","Waiting","",1,"productivity or territory is insufficient [CokeOven:candidate=True;constructible=True;affordable=False;available=False;owned=2;upgradeTo=IndustrialCarbonizationRetort;research=SteamPower|Coking;workshop=;productivity=294.6;territory=1863]"
1005780,1005780,Conservative,"Building","Waiting","",1,"productivity or territory is insufficient [CokeOven:candidate=True;constructible=True;affordable=False;available=False;owned=2;upgradeTo=IndustrialCarbonizationRetort;research=SteamPower|Coking;workshop=;productivity=280.3;territory=1863]"
1006380,1006380,Conservative,"Building","Waiting","",1,"productivity or territory is insufficient [CokeOven:candidate=True;constructible=True;affordable=False;available=False;owned=2;upgradeTo=IndustrialCarbonizationRetort;research=SteamPower|Coking;workshop=;productivity=266;territory=1863]"
1006980,1006980,Conservative,"Building","Waiting","",1,"productivity or territory is insufficient [CokeOven:candidate=True;constructible=True;affordable=False;available=False;owned=2;upgradeTo=IndustrialCarbonizationRetort;research=SteamPower|Coking;workshop=;productivity=257.42;territory=1863]"
1007580,1007580,Conservative,"Building","Waiting","",1,"productivity or territory is insufficient [CokeOven:candidate=True;constructible=True;affordable=False;available=False;owned=2;upgradeTo=IndustrialCarbonizationRetort;research=SteamPower|Coking;workshop=;productivity=248.84;territory=1863]"
1008180,1008180,Conservative,"Building","Waiting","",1,"productivity or territory is insufficient [CokeOven:candidate=True;constructible=True;affordable=False;available=False;owned=2;upgradeTo=IndustrialCarbonizationRetort;research=SteamPower|Coking;workshop=;productivity=240.26;territory=1863]"
1008780,1008780,Conservative,"Building","Waiting","",1,"productivity or territory is insufficient [CokeOven:candidate=True;constructible=True;affordable=False;available=False;owned=2;upgradeTo=IndustrialCarbonizationRetort;research=SteamPower|Coking;workshop=;productivity=234.54;territory=1863]"
1009380,1009380,Conservative,"Building","Waiting","",1,"productivity or territory is insufficient [CokeOven:candidate=True;constructible=True;affordable=False;available=False;owned=2;upgradeTo=IndustrialCarbonizationRetort;research=SteamPower|Coking;workshop=;productivity=231.68;territory=1863]"
1009980,1009980,Conservative,"Building","Waiting","",1,"productivity or territory is insufficient [CokeOven:candidate=True;constructible=True;affordable=False;available=False;owned=2;upgradeTo=IndustrialCarbonizationRetort;research=SteamPower|Coking;workshop=;productivity=225.96;territory=1863]"
1010580,1010580,Conservative,"Building","Waiting","",1,"productivity or territory is insufficient [CokeOven:candidate=True;constructible=True;affordable=False;available=False;owned=2;upgradeTo=IndustrialCarbonizationRetort;research=SteamPower|Coking;workshop=;productivity=223.1;territory=1863]"
1011180,1011180,Conservative,"Building","Waiting","",1,"productivity or territory is insufficient [CokeOven:candidate=True;constructible=True;affordable=False;available=False;owned=2;upgradeTo=IndustrialCarbonizationRetort;research=SteamPower|Coking;workshop=;productivity=220.24;territory=1863]"
1011780,1011780,Conservative,"Building","Waiting","",1,"productivity or territory is insufficient [CokeOven:candidate=True;constructible=True;affordable=False;available=False;owned=2;upgradeTo=IndustrialCarbonizationRetort;research=SteamPower|Coking;workshop=;productivity=217.38;territory=1863]"
1012380,1012980,Conservative,"Building","Waiting","",2,"productivity or territory is insufficient [CokeOven:candidate=True;constructible=True;affordable=False;available=False;owned=2;upgradeTo=IndustrialCarbonizationRetort;research=SteamPower|Coking;workshop=;productivity=214.52;territory=1863]"
1013580,1014180,Conservative,"Building","Waiting","",2,"productivity or territory is insufficient [CokeOven:candidate=True;constructible=True;affordable=False;available=False;owned=2;upgradeTo=IndustrialCarbonizationRetort;research=SteamPower|Coking;workshop=;productivity=211.66;territory=1863]"
1014780,1017180,Conservative,"Building","Waiting","",5,"productivity or territory is insufficient [CokeOven:candidate=True;constructible=True;affordable=False;available=False;owned=2;upgradeTo=IndustrialCarbonizationRetort;research=SteamPower|Coking;workshop=;productivity=208.8;territory=1863]"
1017780,1029180,Conservative,"Building","Waiting","",20,"productivity or territory is insufficient [CokeOven:candidate=True;constructible=True;affordable=False;available=False;owned=2;upgradeTo=IndustrialCarbonizationRetort;research=SteamPower|Coking;workshop=;productivity=205.94;territory=1863]"
1029780,1029780,Conservative,"Building","Waiting","",1,"productivity or territory is insufficient [CokeOven:candidate=True;constructible=True;affordable=False;available=False;owned=2;upgradeTo=IndustrialCarbonizationRetort;research=SteamPower|Coking;workshop=;productivity=203.08;territory=1863]"
1030380,1030380,Conservative,"Building","Waiting","",1,"productivity or territory is insufficient [CokeOven:candidate=True;constructible=True;affordable=False;available=False;owned=2;upgradeTo=IndustrialCarbonizationRetort;research=SteamPower|Coking;workshop=;productivity=1352.8;territory=1863]"
1030980,1030980,Conservative,"Building","Waiting","",1,"productivity or territory is insufficient [CokeOven:candidate=True;constructible=True;affordable=False;available=False;owned=2;upgradeTo=IndustrialCarbonizationRetort;research=SteamPower|Coking;workshop=;productivity=1164.04;territory=1863]"
1031580,1031580,Conservative,"Building","Waiting","",1,"productivity or territory is insufficient [CokeOven:candidate=True;constructible=True;affordable=False;available=False;owned=2;upgradeTo=IndustrialCarbonizationRetort;research=SteamPower|Coking;workshop=;productivity=1003.88;territory=1863]"
1032180,1032180,Conservative,"Building","Waiting","",1,"productivity or territory is insufficient [CokeOven:candidate=True;constructible=True;affordable=False;available=False;owned=2;upgradeTo=IndustrialCarbonizationRetort;research=SteamPower|Coking;workshop=;productivity=869.46;territory=1863]"
1032780,1032780,Conservative,"Building","Waiting","",1,"productivity or territory is insufficient [CokeOven:candidate=True;constructible=True;affordable=False;available=False;owned=2;upgradeTo=IndustrialCarbonizationRetort;research=SteamPower|Coking;workshop=;productivity=760.78;territory=1863]"
1033380,1033380,Conservative,"Building","Waiting","",1,"productivity or territory is insufficient [CokeOven:candidate=True;constructible=True;affordable=False;available=False;owned=2;upgradeTo=IndustrialCarbonizationRetort;research=SteamPower|Coking;workshop=;productivity=666.4;territory=1863]"
1033980,1033980,Conservative,"Building","Waiting","",1,"productivity or territory is insufficient [CokeOven:candidate=True;constructible=True;affordable=False;available=False;owned=2;upgradeTo=IndustrialCarbonizationRetort;research=SteamPower|Coking;workshop=;productivity=589.18;territory=1863]"
1034580,1034580,Conservative,"Building","Waiting","",1,"productivity or territory is insufficient [CokeOven:candidate=True;constructible=True;affordable=False;available=False;owned=2;upgradeTo=IndustrialCarbonizationRetort;research=SteamPower|Coking;workshop=;productivity=526.26;territory=1863]"
1035180,1035180,Conservative,"Building","Waiting","",1,"productivity or territory is insufficient [CokeOven:candidate=True;constructible=True;affordable=False;available=False;owned=2;upgradeTo=IndustrialCarbonizationRetort;research=SteamPower|Coking;workshop=;productivity=471.92;territory=1863]"
1035780,1035780,Conservative,"Building","Waiting","",1,"productivity or territory is insufficient [CokeOven:candidate=True;constructible=True;affordable=False;available=False;owned=2;upgradeTo=IndustrialCarbonizationRetort;research=SteamPower|Coking;workshop=;productivity=429.02;territory=1863]"
1036380,1036380,Conservative,"Building","Waiting","",1,"productivity or territory is insufficient [CokeOven:candidate=True;constructible=True;affordable=False;available=False;owned=2;upgradeTo=IndustrialCarbonizationRetort;research=SteamPower|Coking;workshop=;productivity=391.84;territory=1863]"
1036980,1036980,Conservative,"Building","Waiting","",1,"productivity or territory is insufficient [CokeOven:candidate=True;constructible=True;affordable=False;available=False;owned=2;upgradeTo=IndustrialCarbonizationRetort;research=SteamPower|Coking;workshop=;productivity=360.38;territory=1863]"
1037580,1037580,Conservative,"Building","Waiting","",1,"productivity or territory is insufficient [CokeOven:candidate=True;constructible=True;affordable=False;available=False;owned=2;upgradeTo=IndustrialCarbonizationRetort;research=SteamPower|Coking;workshop=;productivity=334.64;territory=1863]"
1038180,1038180,Conservative,"Building","Waiting","",1,"productivity or territory is insufficient [CokeOven:candidate=True;constructible=True;affordable=False;available=False;owned=2;upgradeTo=IndustrialCarbonizationRetort;research=SteamPower|Coking;workshop=;productivity=311.76;territory=1863]"
1038780,1038780,Conservative,"Building","Waiting","",1,"productivity or territory is insufficient [CokeOven:candidate=True;constructible=True;affordable=False;available=False;owned=2;upgradeTo=IndustrialCarbonizationRetort;research=SteamPower|Coking;workshop=;productivity=294.6;territory=1863]"
1039380,1039380,Conservative,"Building","Waiting","",1,"productivity or territory is insufficient [CokeOven:candidate=True;constructible=True;affordable=False;available=False;owned=2;upgradeTo=IndustrialCarbonizationRetort;research=SteamPower|Coking;workshop=;productivity=280.3;territory=1863]"
1039980,1039980,Conservative,"Building","Waiting","",1,"productivity or territory is insufficient [CokeOven:candidate=True;constructible=True;affordable=False;available=False;owned=2;upgradeTo=IndustrialCarbonizationRetort;research=SteamPower|Coking;workshop=;productivity=266;territory=1863]"
1040580,1040580,Conservative,"Building","Waiting","",1,"productivity or territory is insufficient [CokeOven:candidate=True;constructible=True;affordable=False;available=False;owned=2;upgradeTo=IndustrialCarbonizationRetort;research=SteamPower|Coking;workshop=;productivity=257.42;territory=1863]"
1041180,1041180,Conservative,"Building","Waiting","",1,"productivity or territory is insufficient [CokeOven:candidate=True;constructible=True;affordable=False;available=False;owned=2;upgradeTo=IndustrialCarbonizationRetort;research=SteamPower|Coking;workshop=;productivity=248.84;territory=1863]"
1041780,1041780,Conservative,"Building","Waiting","",1,"productivity or territory is insufficient [CokeOven:candidate=True;constructible=True;affordable=False;available=False;owned=2;upgradeTo=IndustrialCarbonizationRetort;research=SteamPower|Coking;workshop=;productivity=240.26;territory=1863]"
1042380,1042380,Conservative,"Building","Waiting","",1,"productivity or territory is insufficient [CokeOven:candidate=True;constructible=True;affordable=False;available=False;owned=2;upgradeTo=IndustrialCarbonizationRetort;research=SteamPower|Coking;workshop=;productivity=234.54;territory=1863]"
1042980,1042980,Conservative,"Building","Waiting","",1,"productivity or territory is insufficient [CokeOven:candidate=True;constructible=True;affordable=False;available=False;owned=2;upgradeTo=IndustrialCarbonizationRetort;research=SteamPower|Coking;workshop=;productivity=231.68;territory=1863]"
1043580,1043580,Conservative,"Building","Waiting","",1,"productivity or territory is insufficient [CokeOven:candidate=True;constructible=True;affordable=False;available=False;owned=2;upgradeTo=IndustrialCarbonizationRetort;research=SteamPower|Coking;workshop=;productivity=225.96;territory=1863]"
1044180,1044180,Conservative,"Building","Waiting","",1,"productivity or territory is insufficient [CokeOven:candidate=True;constructible=True;affordable=False;available=False;owned=2;upgradeTo=IndustrialCarbonizationRetort;research=SteamPower|Coking;workshop=;productivity=223.1;territory=1863]"
1044780,1044780,Conservative,"Building","Waiting","",1,"productivity or territory is insufficient [CokeOven:candidate=True;constructible=True;affordable=False;available=False;owned=2;upgradeTo=IndustrialCarbonizationRetort;research=SteamPower|Coking;workshop=;productivity=220.24;territory=1863]"
1045380,1045380,Conservative,"Building","Waiting","",1,"productivity or territory is insufficient [CokeOven:candidate=True;constructible=True;affordable=False;available=False;owned=2;upgradeTo=IndustrialCarbonizationRetort;research=SteamPower|Coking;workshop=;productivity=217.38;territory=1863]"
1045980,1046580,Conservative,"Building","Waiting","",2,"productivity or territory is insufficient [CokeOven:candidate=True;constructible=True;affordable=False;available=False;owned=2;upgradeTo=IndustrialCarbonizationRetort;research=SteamPower|Coking;workshop=;productivity=214.52;territory=1863]"
1047180,1047780,Conservative,"Building","Waiting","",2,"productivity or territory is insufficient [CokeOven:candidate=True;constructible=True;affordable=False;available=False;owned=2;upgradeTo=IndustrialCarbonizationRetort;research=SteamPower|Coking;workshop=;productivity=211.66;territory=1863]"
1048380,1050780,Conservative,"Building","Waiting","",5,"productivity or territory is insufficient [CokeOven:candidate=True;constructible=True;affordable=False;available=False;owned=2;upgradeTo=IndustrialCarbonizationRetort;research=SteamPower|Coking;workshop=;productivity=208.8;territory=1863]"
1051380,1062780,Conservative,"Building","Waiting","",20,"productivity or territory is insufficient [CokeOven:candidate=True;constructible=True;affordable=False;available=False;owned=2;upgradeTo=IndustrialCarbonizationRetort;research=SteamPower|Coking;workshop=;productivity=205.94;territory=1863]"
1063380,1063380,Conservative,"Building","Waiting","",1,"productivity or territory is insufficient [CokeOven:candidate=True;constructible=True;affordable=False;available=False;owned=2;upgradeTo=IndustrialCarbonizationRetort;research=SteamPower|Coking;workshop=;productivity=203.08;territory=1863]"
1063980,1063980,Conservative,"Building","Waiting","",1,"productivity or territory is insufficient [CokeOven:candidate=True;constructible=True;affordable=False;available=False;owned=2;upgradeTo=IndustrialCarbonizationRetort;research=SteamPower|Coking;workshop=;productivity=1352.8;territory=1863]"
1064580,1064580,Conservative,"Building","Waiting","",1,"productivity or territory is insufficient [CokeOven:candidate=True;constructible=True;affordable=False;available=False;owned=2;upgradeTo=IndustrialCarbonizationRetort;research=SteamPower|Coking;workshop=;productivity=1164.04;territory=1863]"
1065180,1065180,Conservative,"Building","Waiting","",1,"productivity or territory is insufficient [CokeOven:candidate=True;constructible=True;affordable=False;available=False;owned=2;upgradeTo=IndustrialCarbonizationRetort;research=SteamPower|Coking;workshop=;productivity=1003.88;territory=1863]"
1065780,1065780,Conservative,"Building","Waiting","",1,"productivity or territory is insufficient [CokeOven:candidate=True;constructible=True;affordable=False;available=False;owned=2;upgradeTo=IndustrialCarbonizationRetort;research=SteamPower|Coking;workshop=;productivity=869.46;territory=1863]"
1066380,1066380,Conservative,"Building","Waiting","",1,"productivity or territory is insufficient [CokeOven:candidate=True;constructible=True;affordable=False;available=False;owned=2;upgradeTo=IndustrialCarbonizationRetort;research=SteamPower|Coking;workshop=;productivity=760.78;territory=1863]"
1066980,1066980,Conservative,"Building","Waiting","",1,"productivity or territory is insufficient [CokeOven:candidate=True;constructible=True;affordable=False;available=False;owned=2;upgradeTo=IndustrialCarbonizationRetort;research=SteamPower|Coking;workshop=;productivity=666.4;territory=1863]"
1067580,1067580,Conservative,"Building","Waiting","",1,"productivity or territory is insufficient [CokeOven:candidate=True;constructible=True;affordable=False;available=False;owned=2;upgradeTo=IndustrialCarbonizationRetort;research=SteamPower|Coking;workshop=;productivity=589.18;territory=1863]"
1068180,1068180,Conservative,"Building","Waiting","",1,"productivity or territory is insufficient [CokeOven:candidate=True;constructible=True;affordable=False;available=False;owned=2;upgradeTo=IndustrialCarbonizationRetort;research=SteamPower|Coking;workshop=;productivity=526.26;territory=1863]"
1068780,1068780,Conservative,"Building","Waiting","",1,"productivity or territory is insufficient [CokeOven:candidate=True;constructible=True;affordable=False;available=False;owned=2;upgradeTo=IndustrialCarbonizationRetort;research=SteamPower|Coking;workshop=;productivity=471.92;territory=1863]"
1069380,1069380,Conservative,"Building","Waiting","",1,"productivity or territory is insufficient [CokeOven:candidate=True;constructible=True;affordable=False;available=False;owned=2;upgradeTo=IndustrialCarbonizationRetort;research=SteamPower|Coking;workshop=;productivity=429.02;territory=1863]"
1069980,1069980,Conservative,"Building","Waiting","",1,"productivity or territory is insufficient [CokeOven:candidate=True;constructible=True;affordable=False;available=False;owned=2;upgradeTo=IndustrialCarbonizationRetort;research=SteamPower|Coking;workshop=;productivity=391.84;territory=1863]"
1070580,1070580,Conservative,"Building","Waiting","",1,"productivity or territory is insufficient [CokeOven:candidate=True;constructible=True;affordable=False;available=False;owned=2;upgradeTo=IndustrialCarbonizationRetort;research=SteamPower|Coking;workshop=;productivity=360.38;territory=1863]"
1071180,1071180,Conservative,"Building","Waiting","",1,"productivity or territory is insufficient [CokeOven:candidate=True;constructible=True;affordable=False;available=False;owned=2;upgradeTo=IndustrialCarbonizationRetort;research=SteamPower|Coking;workshop=;productivity=334.64;territory=1863]"
1071780,1071780,Conservative,"Building","Waiting","",1,"productivity or territory is insufficient [CokeOven:candidate=True;constructible=True;affordable=False;available=False;owned=2;upgradeTo=IndustrialCarbonizationRetort;research=SteamPower|Coking;workshop=;productivity=311.76;territory=1863]"
1072380,1072380,Conservative,"Building","Waiting","",1,"productivity or territory is insufficient [CokeOven:candidate=True;constructible=True;affordable=False;available=False;owned=2;upgradeTo=IndustrialCarbonizationRetort;research=SteamPower|Coking;workshop=;productivity=294.6;territory=1863]"
1072980,1072980,Conservative,"Building","Waiting","",1,"productivity or territory is insufficient [CokeOven:candidate=True;constructible=True;affordable=False;available=False;owned=2;upgradeTo=IndustrialCarbonizationRetort;research=SteamPower|Coking;workshop=;productivity=280.3;territory=1863]"
1073580,1073580,Conservative,"Building","Waiting","",1,"productivity or territory is insufficient [CokeOven:candidate=True;constructible=True;affordable=False;available=False;owned=2;upgradeTo=IndustrialCarbonizationRetort;research=SteamPower|Coking;workshop=;productivity=266;territory=1863]"
1074180,1074180,Conservative,"Building","Waiting","",1,"productivity or territory is insufficient [CokeOven:candidate=True;constructible=True;affordable=False;available=False;owned=2;upgradeTo=IndustrialCarbonizationRetort;research=SteamPower|Coking;workshop=;productivity=257.42;territory=1863]"
1074780,1074780,Conservative,"Building","Waiting","",1,"productivity or territory is insufficient [CokeOven:candidate=True;constructible=True;affordable=False;available=False;owned=2;upgradeTo=IndustrialCarbonizationRetort;research=SteamPower|Coking;workshop=;productivity=248.84;territory=1863]"
1075380,1075380,Conservative,"Building","Waiting","",1,"productivity or territory is insufficient [CokeOven:candidate=True;constructible=True;affordable=False;available=False;owned=2;upgradeTo=IndustrialCarbonizationRetort;research=SteamPower|Coking;workshop=;productivity=240.26;territory=1863]"
1075980,1075980,Conservative,"Building","Waiting","",1,"productivity or territory is insufficient [CokeOven:candidate=True;constructible=True;affordable=False;available=False;owned=2;upgradeTo=IndustrialCarbonizationRetort;research=SteamPower|Coking;workshop=;productivity=234.54;territory=1863]"
1076580,1076580,Conservative,"Building","Waiting","",1,"productivity or territory is insufficient [CokeOven:candidate=True;constructible=True;affordable=False;available=False;owned=2;upgradeTo=IndustrialCarbonizationRetort;research=SteamPower|Coking;workshop=;productivity=231.68;territory=1863]"
1077180,1077180,Conservative,"Building","Waiting","",1,"productivity or territory is insufficient [CokeOven:candidate=True;constructible=True;affordable=False;available=False;owned=2;upgradeTo=IndustrialCarbonizationRetort;research=SteamPower|Coking;workshop=;productivity=225.96;territory=1863]"
1077780,1077780,Conservative,"Building","Waiting","",1,"productivity or territory is insufficient [CokeOven:candidate=True;constructible=True;affordable=False;available=False;owned=2;upgradeTo=IndustrialCarbonizationRetort;research=SteamPower|Coking;workshop=;productivity=223.1;territory=1863]"
1078380,1078380,Conservative,"Building","Waiting","",1,"productivity or territory is insufficient [CokeOven:candidate=True;constructible=True;affordable=False;available=False;owned=2;upgradeTo=IndustrialCarbonizationRetort;research=SteamPower|Coking;workshop=;productivity=220.24;territory=1863]"
1078980,1078980,Conservative,"Building","Waiting","",1,"productivity or territory is insufficient [CokeOven:candidate=True;constructible=True;affordable=False;available=False;owned=2;upgradeTo=IndustrialCarbonizationRetort;research=SteamPower|Coking;workshop=;productivity=217.38;territory=1863]"
1079580,1080180,Conservative,"Building","Waiting","",2,"productivity or territory is insufficient [CokeOven:candidate=True;constructible=True;affordable=False;available=False;owned=2;upgradeTo=IndustrialCarbonizationRetort;research=SteamPower|Coking;workshop=;productivity=214.52;territory=1863]"
1080780,1081380,Conservative,"Building","Waiting","",2,"productivity or territory is insufficient [CokeOven:candidate=True;constructible=True;affordable=False;available=False;owned=2;upgradeTo=IndustrialCarbonizationRetort;research=SteamPower|Coking;workshop=;productivity=211.66;territory=1863]"
1081980,1084380,Conservative,"Building","Waiting","",5,"productivity or territory is insufficient [CokeOven:candidate=True;constructible=True;affordable=False;available=False;owned=2;upgradeTo=IndustrialCarbonizationRetort;research=SteamPower|Coking;workshop=;productivity=208.8;territory=1863]"
1084980,1096380,Conservative,"Building","Waiting","",20,"productivity or territory is insufficient [CokeOven:candidate=True;constructible=True;affordable=False;available=False;owned=2;upgradeTo=IndustrialCarbonizationRetort;research=SteamPower|Coking;workshop=;productivity=205.94;territory=1863]"
1096980,1096980,Conservative,"Building","Waiting","",1,"productivity or territory is insufficient [CokeOven:candidate=True;constructible=True;affordable=False;available=False;owned=2;upgradeTo=IndustrialCarbonizationRetort;research=SteamPower|Coking;workshop=;productivity=203.08;territory=1863]"
1097580,1097580,Conservative,"Building","Waiting","",1,"productivity or territory is insufficient [CokeOven:candidate=True;constructible=True;affordable=False;available=False;owned=2;upgradeTo=IndustrialCarbonizationRetort;research=SteamPower|Coking;workshop=;productivity=1352.8;territory=1863]"
1098180,1098180,Conservative,"Building","Waiting","",1,"productivity or territory is insufficient [CokeOven:candidate=True;constructible=True;affordable=False;available=False;owned=2;upgradeTo=IndustrialCarbonizationRetort;research=SteamPower|Coking;workshop=;productivity=1164.04;territory=1863]"
1098780,1098780,Conservative,"Building","Waiting","",1,"productivity or territory is insufficient [CokeOven:candidate=True;constructible=True;affordable=False;available=False;owned=2;upgradeTo=IndustrialCarbonizationRetort;research=SteamPower|Coking;workshop=;productivity=1003.88;territory=1863]"
1099380,1099380,Conservative,"Building","Waiting","",1,"productivity or territory is insufficient [CokeOven:candidate=True;constructible=True;affordable=False;available=False;owned=2;upgradeTo=IndustrialCarbonizationRetort;research=SteamPower|Coking;workshop=;productivity=869.46;territory=1863]"
1099980,1099980,Conservative,"Building","Waiting","",1,"productivity or territory is insufficient [CokeOven:candidate=True;constructible=True;affordable=False;available=False;owned=2;upgradeTo=IndustrialCarbonizationRetort;research=SteamPower|Coking;workshop=;productivity=760.78;territory=1863]"
1100580,1100580,Conservative,"Building","Waiting","",1,"productivity or territory is insufficient [CokeOven:candidate=True;constructible=True;affordable=False;available=False;owned=2;upgradeTo=IndustrialCarbonizationRetort;research=SteamPower|Coking;workshop=;productivity=666.4;territory=1863]"
1101180,1101180,Conservative,"Building","Waiting","",1,"productivity or territory is insufficient [CokeOven:candidate=True;constructible=True;affordable=False;available=False;owned=2;upgradeTo=IndustrialCarbonizationRetort;research=SteamPower|Coking;workshop=;productivity=589.18;territory=1863]"
1101780,1101780,Conservative,"Building","Waiting","",1,"productivity or territory is insufficient [CokeOven:candidate=True;constructible=True;affordable=False;available=False;owned=2;upgradeTo=IndustrialCarbonizationRetort;research=SteamPower|Coking;workshop=;productivity=526.26;territory=1863]"
1102380,1102380,Conservative,"Building","Waiting","",1,"productivity or territory is insufficient [CokeOven:candidate=True;constructible=True;affordable=False;available=False;owned=2;upgradeTo=IndustrialCarbonizationRetort;research=SteamPower|Coking;workshop=;productivity=471.92;territory=1863]"
1102980,1102980,Conservative,"Building","Waiting","",1,"productivity or territory is insufficient [CokeOven:candidate=True;constructible=True;affordable=False;available=False;owned=2;upgradeTo=IndustrialCarbonizationRetort;research=SteamPower|Coking;workshop=;productivity=429.02;territory=1863]"
1103580,1103580,Conservative,"Building","Waiting","",1,"productivity or territory is insufficient [CokeOven:candidate=True;constructible=True;affordable=False;available=False;owned=2;upgradeTo=IndustrialCarbonizationRetort;research=SteamPower|Coking;workshop=;productivity=391.84;territory=1863]"
1104180,1104180,Conservative,"Building","Waiting","",1,"productivity or territory is insufficient [CokeOven:candidate=True;constructible=True;affordable=False;available=False;owned=2;upgradeTo=IndustrialCarbonizationRetort;research=SteamPower|Coking;workshop=;productivity=360.38;territory=1863]"
1104780,1104780,Conservative,"Building","Waiting","",1,"productivity or territory is insufficient [CokeOven:candidate=True;constructible=True;affordable=False;available=False;owned=2;upgradeTo=IndustrialCarbonizationRetort;research=SteamPower|Coking;workshop=;productivity=334.64;territory=1863]"
1105380,1105380,Conservative,"Building","Waiting","",1,"productivity or territory is insufficient [CokeOven:candidate=True;constructible=True;affordable=False;available=False;owned=2;upgradeTo=IndustrialCarbonizationRetort;research=SteamPower|Coking;workshop=;productivity=311.76;territory=1863]"
1105980,1105980,Conservative,"Building","Waiting","",1,"productivity or territory is insufficient [CokeOven:candidate=True;constructible=True;affordable=False;available=False;owned=2;upgradeTo=IndustrialCarbonizationRetort;research=SteamPower|Coking;workshop=;productivity=294.6;territory=1863]"
1106580,1106580,Conservative,"Building","Waiting","",1,"productivity or territory is insufficient [CokeOven:candidate=True;constructible=True;affordable=False;available=False;owned=2;upgradeTo=IndustrialCarbonizationRetort;research=SteamPower|Coking;workshop=;productivity=280.3;territory=1863]"
1107180,1107180,Conservative,"Building","Waiting","",1,"productivity or territory is insufficient [CokeOven:candidate=True;constructible=True;affordable=False;available=False;owned=2;upgradeTo=IndustrialCarbonizationRetort;research=SteamPower|Coking;workshop=;productivity=266;territory=1863]"
1107780,1107780,Conservative,"Building","Waiting","",1,"productivity or territory is insufficient [CokeOven:candidate=True;constructible=True;affordable=False;available=False;owned=2;upgradeTo=IndustrialCarbonizationRetort;research=SteamPower|Coking;workshop=;productivity=257.42;territory=1863]"
1108380,1108380,Conservative,"Building","Waiting","",1,"productivity or territory is insufficient [CokeOven:candidate=True;constructible=True;affordable=False;available=False;owned=2;upgradeTo=IndustrialCarbonizationRetort;research=SteamPower|Coking;workshop=;productivity=248.84;territory=1863]"
1108980,1108980,Conservative,"Building","Waiting","",1,"productivity or territory is insufficient [CokeOven:candidate=True;constructible=True;affordable=False;available=False;owned=2;upgradeTo=IndustrialCarbonizationRetort;research=SteamPower|Coking;workshop=;productivity=240.26;territory=1863]"
1109580,1109580,Conservative,"Building","Waiting","",1,"productivity or territory is insufficient [CokeOven:candidate=True;constructible=True;affordable=False;available=False;owned=2;upgradeTo=IndustrialCarbonizationRetort;research=SteamPower|Coking;workshop=;productivity=234.54;territory=1863]"
1110180,1110180,Conservative,"Building","Waiting","",1,"productivity or territory is insufficient [CokeOven:candidate=True;constructible=True;affordable=False;available=False;owned=2;upgradeTo=IndustrialCarbonizationRetort;research=SteamPower|Coking;workshop=;productivity=231.68;territory=1863]"
1110780,1110780,Conservative,"Building","Waiting","",1,"productivity or territory is insufficient [CokeOven:candidate=True;constructible=True;affordable=False;available=False;owned=2;upgradeTo=IndustrialCarbonizationRetort;research=SteamPower|Coking;workshop=;productivity=225.96;territory=1863]"
1111380,1111380,Conservative,"Building","Waiting","",1,"productivity or territory is insufficient [CokeOven:candidate=True;constructible=True;affordable=False;available=False;owned=2;upgradeTo=IndustrialCarbonizationRetort;research=SteamPower|Coking;workshop=;productivity=223.1;territory=1863]"
1111980,1111980,Conservative,"Building","Waiting","",1,"productivity or territory is insufficient [CokeOven:candidate=True;constructible=True;affordable=False;available=False;owned=2;upgradeTo=IndustrialCarbonizationRetort;research=SteamPower|Coking;workshop=;productivity=220.24;territory=1863]"
1112580,1112580,Conservative,"Building","Waiting","",1,"productivity or territory is insufficient [CokeOven:candidate=True;constructible=True;affordable=False;available=False;owned=2;upgradeTo=IndustrialCarbonizationRetort;research=SteamPower|Coking;workshop=;productivity=217.38;territory=1863]"
1113180,1113780,Conservative,"Building","Waiting","",2,"productivity or territory is insufficient [CokeOven:candidate=True;constructible=True;affordable=False;available=False;owned=2;upgradeTo=IndustrialCarbonizationRetort;research=SteamPower|Coking;workshop=;productivity=214.52;territory=1863]"
1114380,1114980,Conservative,"Building","Waiting","",2,"productivity or territory is insufficient [CokeOven:candidate=True;constructible=True;affordable=False;available=False;owned=2;upgradeTo=IndustrialCarbonizationRetort;research=SteamPower|Coking;workshop=;productivity=211.66;territory=1863]"
1115580,1117980,Conservative,"Building","Waiting","",5,"productivity or territory is insufficient [CokeOven:candidate=True;constructible=True;affordable=False;available=False;owned=2;upgradeTo=IndustrialCarbonizationRetort;research=SteamPower|Coking;workshop=;productivity=208.8;territory=1863]"
1118580,1129980,Conservative,"Building","Waiting","",20,"productivity or territory is insufficient [CokeOven:candidate=True;constructible=True;affordable=False;available=False;owned=2;upgradeTo=IndustrialCarbonizationRetort;research=SteamPower|Coking;workshop=;productivity=205.94;territory=1863]"
1130580,1130580,Conservative,"Building","Waiting","",1,"productivity or territory is insufficient [CokeOven:candidate=True;constructible=True;affordable=False;available=False;owned=2;upgradeTo=IndustrialCarbonizationRetort;research=SteamPower|Coking;workshop=;productivity=203.08;territory=1863]"
1131180,1131180,Conservative,"Building","Waiting","",1,"productivity or territory is insufficient [CokeOven:candidate=True;constructible=True;affordable=False;available=False;owned=2;upgradeTo=IndustrialCarbonizationRetort;research=SteamPower|Coking;workshop=;productivity=1352.8;territory=1863]"
1131780,1131780,Conservative,"Building","Waiting","",1,"productivity or territory is insufficient [CokeOven:candidate=True;constructible=True;affordable=False;available=False;owned=2;upgradeTo=IndustrialCarbonizationRetort;research=SteamPower|Coking;workshop=;productivity=1164.04;territory=1863]"
1132380,1132380,Conservative,"Building","Waiting","",1,"productivity or territory is insufficient [CokeOven:candidate=True;constructible=True;affordable=False;available=False;owned=2;upgradeTo=IndustrialCarbonizationRetort;research=SteamPower|Coking;workshop=;productivity=1003.88;territory=1863]"
1132980,1132980,Conservative,"Building","Waiting","",1,"productivity or territory is insufficient [CokeOven:candidate=True;constructible=True;affordable=False;available=False;owned=2;upgradeTo=IndustrialCarbonizationRetort;research=SteamPower|Coking;workshop=;productivity=869.46;territory=1863]"
1133580,1133580,Conservative,"Building","Waiting","",1,"productivity or territory is insufficient [CokeOven:candidate=True;constructible=True;affordable=False;available=False;owned=2;upgradeTo=IndustrialCarbonizationRetort;research=SteamPower|Coking;workshop=;productivity=760.78;territory=1863]"
1134180,1134180,Conservative,"Building","Waiting","",1,"productivity or territory is insufficient [CokeOven:candidate=True;constructible=True;affordable=False;available=False;owned=2;upgradeTo=IndustrialCarbonizationRetort;research=SteamPower|Coking;workshop=;productivity=666.4;territory=1863]"
1134780,1134780,Conservative,"Building","Waiting","",1,"productivity or territory is insufficient [CokeOven:candidate=True;constructible=True;affordable=False;available=False;owned=2;upgradeTo=IndustrialCarbonizationRetort;research=SteamPower|Coking;workshop=;productivity=589.18;territory=1863]"
1135380,1135380,Conservative,"Building","Waiting","",1,"productivity or territory is insufficient [CokeOven:candidate=True;constructible=True;affordable=False;available=False;owned=2;upgradeTo=IndustrialCarbonizationRetort;research=SteamPower|Coking;workshop=;productivity=526.26;territory=1863]"
1135980,1135980,Conservative,"Building","Waiting","",1,"productivity or territory is insufficient [CokeOven:candidate=True;constructible=True;affordable=False;available=False;owned=2;upgradeTo=IndustrialCarbonizationRetort;research=SteamPower|Coking;workshop=;productivity=471.92;territory=1863]"
1136580,1136580,Conservative,"Building","Waiting","",1,"productivity or territory is insufficient [CokeOven:candidate=True;constructible=True;affordable=False;available=False;owned=2;upgradeTo=IndustrialCarbonizationRetort;research=SteamPower|Coking;workshop=;productivity=429.02;territory=1863]"
1137180,1137180,Conservative,"Building","Waiting","",1,"productivity or territory is insufficient [CokeOven:candidate=True;constructible=True;affordable=False;available=False;owned=2;upgradeTo=IndustrialCarbonizationRetort;research=SteamPower|Coking;workshop=;productivity=391.84;territory=1863]"
1137780,1137780,Conservative,"Building","Waiting","",1,"productivity or territory is insufficient [CokeOven:candidate=True;constructible=True;affordable=False;available=False;owned=2;upgradeTo=IndustrialCarbonizationRetort;research=SteamPower|Coking;workshop=;productivity=360.38;territory=1863]"
1138380,1138380,Conservative,"Building","Waiting","",1,"productivity or territory is insufficient [CokeOven:candidate=True;constructible=True;affordable=False;available=False;owned=2;upgradeTo=IndustrialCarbonizationRetort;research=SteamPower|Coking;workshop=;productivity=334.64;territory=1863]"
1138980,1138980,Conservative,"Building","Waiting","",1,"productivity or territory is insufficient [CokeOven:candidate=True;constructible=True;affordable=False;available=False;owned=2;upgradeTo=IndustrialCarbonizationRetort;research=SteamPower|Coking;workshop=;productivity=311.76;territory=1863]"
1139580,1139580,Conservative,"Building","Waiting","",1,"productivity or territory is insufficient [CokeOven:candidate=True;constructible=True;affordable=False;available=False;owned=2;upgradeTo=IndustrialCarbonizationRetort;research=SteamPower|Coking;workshop=;productivity=294.6;territory=1863]"
1140180,1140180,Conservative,"Building","Waiting","",1,"productivity or territory is insufficient [CokeOven:candidate=True;constructible=True;affordable=False;available=False;owned=2;upgradeTo=IndustrialCarbonizationRetort;research=SteamPower|Coking;workshop=;productivity=280.3;territory=1863]"
1140780,1140780,Conservative,"Building","Waiting","",1,"productivity or territory is insufficient [CokeOven:candidate=True;constructible=True;affordable=False;available=False;owned=2;upgradeTo=IndustrialCarbonizationRetort;research=SteamPower|Coking;workshop=;productivity=266;territory=1863]"
1141380,1141380,Conservative,"Building","Waiting","",1,"productivity or territory is insufficient [CokeOven:candidate=True;constructible=True;affordable=False;available=False;owned=2;upgradeTo=IndustrialCarbonizationRetort;research=SteamPower|Coking;workshop=;productivity=257.42;territory=1863]"
1141980,1141980,Conservative,"Building","Waiting","",1,"productivity or territory is insufficient [CokeOven:candidate=True;constructible=True;affordable=False;available=False;owned=2;upgradeTo=IndustrialCarbonizationRetort;research=SteamPower|Coking;workshop=;productivity=248.84;territory=1863]"
1142580,1142580,Conservative,"Building","Waiting","",1,"productivity or territory is insufficient [CokeOven:candidate=True;constructible=True;affordable=False;available=False;owned=2;upgradeTo=IndustrialCarbonizationRetort;research=SteamPower|Coking;workshop=;productivity=240.26;territory=1863]"
1143180,1143180,Conservative,"Building","Waiting","",1,"productivity or territory is insufficient [CokeOven:candidate=True;constructible=True;affordable=False;available=False;owned=2;upgradeTo=IndustrialCarbonizationRetort;research=SteamPower|Coking;workshop=;productivity=234.54;territory=1863]"
1143780,1143780,Conservative,"Building","Waiting","",1,"productivity or territory is insufficient [CokeOven:candidate=True;constructible=True;affordable=False;available=False;owned=2;upgradeTo=IndustrialCarbonizationRetort;research=SteamPower|Coking;workshop=;productivity=231.68;territory=1863]"
1144380,1144380,Conservative,"Building","Waiting","",1,"productivity or territory is insufficient [CokeOven:candidate=True;constructible=True;affordable=False;available=False;owned=2;upgradeTo=IndustrialCarbonizationRetort;research=SteamPower|Coking;workshop=;productivity=225.96;territory=1863]"
1144980,1144980,Conservative,"Building","Waiting","",1,"productivity or territory is insufficient [CokeOven:candidate=True;constructible=True;affordable=False;available=False;owned=2;upgradeTo=IndustrialCarbonizationRetort;research=SteamPower|Coking;workshop=;productivity=223.1;territory=1863]"
1145580,1145580,Conservative,"Building","Waiting","",1,"productivity or territory is insufficient [CokeOven:candidate=True;constructible=True;affordable=False;available=False;owned=2;upgradeTo=IndustrialCarbonizationRetort;research=SteamPower|Coking;workshop=;productivity=220.24;territory=1863]"
1146180,1146180,Conservative,"Building","Waiting","",1,"productivity or territory is insufficient [CokeOven:candidate=True;constructible=True;affordable=False;available=False;owned=2;upgradeTo=IndustrialCarbonizationRetort;research=SteamPower|Coking;workshop=;productivity=217.38;territory=1863]"
1146780,1147380,Conservative,"Building","Waiting","",2,"productivity or territory is insufficient [CokeOven:candidate=True;constructible=True;affordable=False;available=False;owned=2;upgradeTo=IndustrialCarbonizationRetort;research=SteamPower|Coking;workshop=;productivity=214.52;territory=1863]"
1147980,1148580,Conservative,"Building","Waiting","",2,"productivity or territory is insufficient [CokeOven:candidate=True;constructible=True;affordable=False;available=False;owned=2;upgradeTo=IndustrialCarbonizationRetort;research=SteamPower|Coking;workshop=;productivity=211.66;territory=1863]"
1149180,1151580,Conservative,"Building","Waiting","",5,"productivity or territory is insufficient [CokeOven:candidate=True;constructible=True;affordable=False;available=False;owned=2;upgradeTo=IndustrialCarbonizationRetort;research=SteamPower|Coking;workshop=;productivity=208.8;territory=1863]"
1152180,1163580,Conservative,"Building","Waiting","",20,"productivity or territory is insufficient [CokeOven:candidate=True;constructible=True;affordable=False;available=False;owned=2;upgradeTo=IndustrialCarbonizationRetort;research=SteamPower|Coking;workshop=;productivity=205.94;territory=1863]"
1164180,1164180,Conservative,"Building","Waiting","",1,"productivity or territory is insufficient [CokeOven:candidate=True;constructible=True;affordable=False;available=False;owned=2;upgradeTo=IndustrialCarbonizationRetort;research=SteamPower|Coking;workshop=;productivity=203.08;territory=1863]"
1164780,1164780,Conservative,"Building","Waiting","",1,"productivity or territory is insufficient [CokeOven:candidate=True;constructible=True;affordable=False;available=False;owned=2;upgradeTo=IndustrialCarbonizationRetort;research=SteamPower|Coking;workshop=;productivity=1352.8;territory=1863]"
1165380,1165380,Conservative,"Building","Waiting","",1,"productivity or territory is insufficient [CokeOven:candidate=True;constructible=True;affordable=False;available=False;owned=2;upgradeTo=IndustrialCarbonizationRetort;research=SteamPower|Coking;workshop=;productivity=1164.04;territory=1863]"
1165980,1165980,Conservative,"Building","Waiting","",1,"productivity or territory is insufficient [CokeOven:candidate=True;constructible=True;affordable=False;available=False;owned=2;upgradeTo=IndustrialCarbonizationRetort;research=SteamPower|Coking;workshop=;productivity=1003.88;territory=1863]"
1166580,1166580,Conservative,"Building","Waiting","",1,"productivity or territory is insufficient [CokeOven:candidate=True;constructible=True;affordable=False;available=False;owned=2;upgradeTo=IndustrialCarbonizationRetort;research=SteamPower|Coking;workshop=;productivity=869.46;territory=1863]"
1167180,1167180,Conservative,"Building","Waiting","",1,"productivity or territory is insufficient [CokeOven:candidate=True;constructible=True;affordable=False;available=False;owned=2;upgradeTo=IndustrialCarbonizationRetort;research=SteamPower|Coking;workshop=;productivity=760.78;territory=1863]"
1167780,1167780,Conservative,"Building","Waiting","",1,"productivity or territory is insufficient [CokeOven:candidate=True;constructible=True;affordable=False;available=False;owned=2;upgradeTo=IndustrialCarbonizationRetort;research=SteamPower|Coking;workshop=;productivity=666.4;territory=1863]"
1168380,1168380,Conservative,"Building","Waiting","",1,"productivity or territory is insufficient [CokeOven:candidate=True;constructible=True;affordable=False;available=False;owned=2;upgradeTo=IndustrialCarbonizationRetort;research=SteamPower|Coking;workshop=;productivity=589.18;territory=1863]"
1168980,1168980,Conservative,"Building","Waiting","",1,"productivity or territory is insufficient [CokeOven:candidate=True;constructible=True;affordable=False;available=False;owned=2;upgradeTo=IndustrialCarbonizationRetort;research=SteamPower|Coking;workshop=;productivity=526.26;territory=1863]"
1169580,1169580,Conservative,"Building","Waiting","",1,"productivity or territory is insufficient [CokeOven:candidate=True;constructible=True;affordable=False;available=False;owned=2;upgradeTo=IndustrialCarbonizationRetort;research=SteamPower|Coking;workshop=;productivity=471.92;territory=1863]"
1170180,1170180,Conservative,"Building","Waiting","",1,"productivity or territory is insufficient [CokeOven:candidate=True;constructible=True;affordable=False;available=False;owned=2;upgradeTo=IndustrialCarbonizationRetort;research=SteamPower|Coking;workshop=;productivity=429.02;territory=1863]"
1170780,1170780,Conservative,"Building","Waiting","",1,"productivity or territory is insufficient [CokeOven:candidate=True;constructible=True;affordable=False;available=False;owned=2;upgradeTo=IndustrialCarbonizationRetort;research=SteamPower|Coking;workshop=;productivity=391.84;territory=1863]"
1171380,1171380,Conservative,"Building","Waiting","",1,"productivity or territory is insufficient [CokeOven:candidate=True;constructible=True;affordable=False;available=False;owned=2;upgradeTo=IndustrialCarbonizationRetort;research=SteamPower|Coking;workshop=;productivity=360.38;territory=1863]"
1171980,1171980,Conservative,"Building","Waiting","",1,"productivity or territory is insufficient [CokeOven:candidate=True;constructible=True;affordable=False;available=False;owned=2;upgradeTo=IndustrialCarbonizationRetort;research=SteamPower|Coking;workshop=;productivity=334.64;territory=1863]"
1172580,1172580,Conservative,"Building","Waiting","",1,"productivity or territory is insufficient [CokeOven:candidate=True;constructible=True;affordable=False;available=False;owned=2;upgradeTo=IndustrialCarbonizationRetort;research=SteamPower|Coking;workshop=;productivity=311.76;territory=1863]"
1173180,1173180,Conservative,"Building","Waiting","",1,"productivity or territory is insufficient [CokeOven:candidate=True;constructible=True;affordable=False;available=False;owned=2;upgradeTo=IndustrialCarbonizationRetort;research=SteamPower|Coking;workshop=;productivity=294.6;territory=1863]"
1173780,1173780,Conservative,"Building","Waiting","",1,"productivity or territory is insufficient [CokeOven:candidate=True;constructible=True;affordable=False;available=False;owned=2;upgradeTo=IndustrialCarbonizationRetort;research=SteamPower|Coking;workshop=;productivity=280.3;territory=1863]"
1174380,1174380,Conservative,"Building","Waiting","",1,"productivity or territory is insufficient [CokeOven:candidate=True;constructible=True;affordable=False;available=False;owned=2;upgradeTo=IndustrialCarbonizationRetort;research=SteamPower|Coking;workshop=;productivity=266;territory=1863]"
1174980,1174980,Conservative,"Building","Waiting","",1,"productivity or territory is insufficient [CokeOven:candidate=True;constructible=True;affordable=False;available=False;owned=2;upgradeTo=IndustrialCarbonizationRetort;research=SteamPower|Coking;workshop=;productivity=257.42;territory=1863]"
1175580,1175580,Conservative,"Building","Waiting","",1,"productivity or territory is insufficient [CokeOven:candidate=True;constructible=True;affordable=False;available=False;owned=2;upgradeTo=IndustrialCarbonizationRetort;research=SteamPower|Coking;workshop=;productivity=248.84;territory=1863]"
1176180,1176180,Conservative,"Building","Waiting","",1,"productivity or territory is insufficient [CokeOven:candidate=True;constructible=True;affordable=False;available=False;owned=2;upgradeTo=IndustrialCarbonizationRetort;research=SteamPower|Coking;workshop=;productivity=240.26;territory=1863]"
1176780,1176780,Conservative,"Building","Waiting","",1,"productivity or territory is insufficient [CokeOven:candidate=True;constructible=True;affordable=False;available=False;owned=2;upgradeTo=IndustrialCarbonizationRetort;research=SteamPower|Coking;workshop=;productivity=234.54;territory=1863]"
1177380,1177380,Conservative,"Building","Waiting","",1,"productivity or territory is insufficient [CokeOven:candidate=True;constructible=True;affordable=False;available=False;owned=2;upgradeTo=IndustrialCarbonizationRetort;research=SteamPower|Coking;workshop=;productivity=231.68;territory=1863]"
1177980,1177980,Conservative,"Building","Waiting","",1,"productivity or territory is insufficient [CokeOven:candidate=True;constructible=True;affordable=False;available=False;owned=2;upgradeTo=IndustrialCarbonizationRetort;research=SteamPower|Coking;workshop=;productivity=225.96;territory=1863]"
1178580,1178580,Conservative,"Building","Waiting","",1,"productivity or territory is insufficient [CokeOven:candidate=True;constructible=True;affordable=False;available=False;owned=2;upgradeTo=IndustrialCarbonizationRetort;research=SteamPower|Coking;workshop=;productivity=223.1;territory=1863]"
1179180,1179180,Conservative,"Building","Waiting","",1,"productivity or territory is insufficient [CokeOven:candidate=True;constructible=True;affordable=False;available=False;owned=2;upgradeTo=IndustrialCarbonizationRetort;research=SteamPower|Coking;workshop=;productivity=220.24;territory=1863]"
1179780,1179780,Conservative,"Building","Waiting","",1,"productivity or territory is insufficient [CokeOven:candidate=True;constructible=True;affordable=False;available=False;owned=2;upgradeTo=IndustrialCarbonizationRetort;research=SteamPower|Coking;workshop=;productivity=217.38;territory=1863]"
1180380,1180980,Conservative,"Building","Waiting","",2,"productivity or territory is insufficient [CokeOven:candidate=True;constructible=True;affordable=False;available=False;owned=2;upgradeTo=IndustrialCarbonizationRetort;research=SteamPower|Coking;workshop=;productivity=214.52;territory=1863]"
1181580,1182180,Conservative,"Building","Waiting","",2,"productivity or territory is insufficient [CokeOven:candidate=True;constructible=True;affordable=False;available=False;owned=2;upgradeTo=IndustrialCarbonizationRetort;research=SteamPower|Coking;workshop=;productivity=211.66;territory=1863]"
1182780,1185180,Conservative,"Building","Waiting","",5,"productivity or territory is insufficient [CokeOven:candidate=True;constructible=True;affordable=False;available=False;owned=2;upgradeTo=IndustrialCarbonizationRetort;research=SteamPower|Coking;workshop=;productivity=208.8;territory=1863]"
1185780,1197180,Conservative,"Building","Waiting","",20,"productivity or territory is insufficient [CokeOven:candidate=True;constructible=True;affordable=False;available=False;owned=2;upgradeTo=IndustrialCarbonizationRetort;research=SteamPower|Coking;workshop=;productivity=205.94;territory=1863]"
1197780,1197780,Conservative,"Building","Waiting","",1,"productivity or territory is insufficient [CokeOven:candidate=True;constructible=True;affordable=False;available=False;owned=2;upgradeTo=IndustrialCarbonizationRetort;research=SteamPower|Coking;workshop=;productivity=203.08;territory=1863]"
1198380,1198380,Conservative,"Building","Waiting","",1,"productivity or territory is insufficient [CokeOven:candidate=True;constructible=True;affordable=False;available=False;owned=2;upgradeTo=IndustrialCarbonizationRetort;research=SteamPower|Coking;workshop=;productivity=1352.8;territory=1863]"
1198980,1198980,Conservative,"Building","Waiting","",1,"productivity or territory is insufficient [CokeOven:candidate=True;constructible=True;affordable=False;available=False;owned=2;upgradeTo=IndustrialCarbonizationRetort;research=SteamPower|Coking;workshop=;productivity=1164.04;territory=1863]"
1199580,1199580,Conservative,"Building","Waiting","",1,"productivity or territory is insufficient [CokeOven:candidate=True;constructible=True;affordable=False;available=False;owned=2;upgradeTo=IndustrialCarbonizationRetort;research=SteamPower|Coking;workshop=;productivity=1003.88;territory=1863]"
1200180,1200180,Conservative,"Building","Waiting","",1,"productivity or territory is insufficient [CokeOven:candidate=True;constructible=True;affordable=False;available=False;owned=2;upgradeTo=IndustrialCarbonizationRetort;research=SteamPower|Coking;workshop=;productivity=869.46;territory=1863]"
1200780,1200780,Conservative,"Building","Waiting","",1,"productivity or territory is insufficient [CokeOven:candidate=True;constructible=True;affordable=False;available=False;owned=2;upgradeTo=IndustrialCarbonizationRetort;research=SteamPower|Coking;workshop=;productivity=760.78;territory=1863]"
1201380,1201380,Conservative,"Building","Waiting","",1,"productivity or territory is insufficient [CokeOven:candidate=True;constructible=True;affordable=False;available=False;owned=2;upgradeTo=IndustrialCarbonizationRetort;research=SteamPower|Coking;workshop=;productivity=666.4;territory=1863]"
1201980,1201980,Conservative,"Building","Waiting","",1,"productivity or territory is insufficient [CokeOven:candidate=True;constructible=True;affordable=False;available=False;owned=2;upgradeTo=IndustrialCarbonizationRetort;research=SteamPower|Coking;workshop=;productivity=589.18;territory=1863]"
1202580,1202580,Conservative,"Building","Waiting","",1,"productivity or territory is insufficient [CokeOven:candidate=True;constructible=True;affordable=False;available=False;owned=2;upgradeTo=IndustrialCarbonizationRetort;research=SteamPower|Coking;workshop=;productivity=526.26;territory=1863]"
1203180,1203180,Conservative,"Building","Waiting","",1,"productivity or territory is insufficient [CokeOven:candidate=True;constructible=True;affordable=False;available=False;owned=2;upgradeTo=IndustrialCarbonizationRetort;research=SteamPower|Coking;workshop=;productivity=471.92;territory=1863]"
1203780,1203780,Conservative,"Building","Waiting","",1,"productivity or territory is insufficient [CokeOven:candidate=True;constructible=True;affordable=False;available=False;owned=2;upgradeTo=IndustrialCarbonizationRetort;research=SteamPower|Coking;workshop=;productivity=429.02;territory=1863]"
1204380,1204380,Conservative,"Building","Waiting","",1,"productivity or territory is insufficient [CokeOven:candidate=True;constructible=True;affordable=False;available=False;owned=2;upgradeTo=IndustrialCarbonizationRetort;research=SteamPower|Coking;workshop=;productivity=391.84;territory=1863]"
1204980,1204980,Conservative,"Building","Waiting","",1,"productivity or territory is insufficient [CokeOven:candidate=True;constructible=True;affordable=False;available=False;owned=2;upgradeTo=IndustrialCarbonizationRetort;research=SteamPower|Coking;workshop=;productivity=360.38;territory=1863]"
1205580,1205580,Conservative,"Building","Waiting","",1,"productivity or territory is insufficient [CokeOven:candidate=True;constructible=True;affordable=False;available=False;owned=2;upgradeTo=IndustrialCarbonizationRetort;research=SteamPower|Coking;workshop=;productivity=334.64;territory=1863]"
1206180,1206180,Conservative,"Building","Waiting","",1,"productivity or territory is insufficient [CokeOven:candidate=True;constructible=True;affordable=False;available=False;owned=2;upgradeTo=IndustrialCarbonizationRetort;research=SteamPower|Coking;workshop=;productivity=311.76;territory=1863]"
1206780,1206780,Conservative,"Building","Waiting","",1,"productivity or territory is insufficient [CokeOven:candidate=True;constructible=True;affordable=False;available=False;owned=2;upgradeTo=IndustrialCarbonizationRetort;research=SteamPower|Coking;workshop=;productivity=294.6;territory=1863]"
1207380,1207380,Conservative,"Building","Waiting","",1,"productivity or territory is insufficient [CokeOven:candidate=True;constructible=True;affordable=False;available=False;owned=2;upgradeTo=IndustrialCarbonizationRetort;research=SteamPower|Coking;workshop=;productivity=280.3;territory=1863]"
1207980,1207980,Conservative,"Building","Waiting","",1,"productivity or territory is insufficient [CokeOven:candidate=True;constructible=True;affordable=False;available=False;owned=2;upgradeTo=IndustrialCarbonizationRetort;research=SteamPower|Coking;workshop=;productivity=266;territory=1863]"
1208580,1208580,Conservative,"Building","Waiting","",1,"productivity or territory is insufficient [CokeOven:candidate=True;constructible=True;affordable=False;available=False;owned=2;upgradeTo=IndustrialCarbonizationRetort;research=SteamPower|Coking;workshop=;productivity=257.42;territory=1863]"
1209180,1209180,Conservative,"Building","Waiting","",1,"productivity or territory is insufficient [CokeOven:candidate=True;constructible=True;affordable=False;available=False;owned=2;upgradeTo=IndustrialCarbonizationRetort;research=SteamPower|Coking;workshop=;productivity=248.84;territory=1863]"
1209780,1209780,Conservative,"Building","Waiting","",1,"productivity or territory is insufficient [CokeOven:candidate=True;constructible=True;affordable=False;available=False;owned=2;upgradeTo=IndustrialCarbonizationRetort;research=SteamPower|Coking;workshop=;productivity=240.26;territory=1863]"
1210380,1210380,Conservative,"Building","Waiting","",1,"productivity or territory is insufficient [CokeOven:candidate=True;constructible=True;affordable=False;available=False;owned=2;upgradeTo=IndustrialCarbonizationRetort;research=SteamPower|Coking;workshop=;productivity=234.54;territory=1863]"
1210980,1210980,Conservative,"Building","Waiting","",1,"productivity or territory is insufficient [CokeOven:candidate=True;constructible=True;affordable=False;available=False;owned=2;upgradeTo=IndustrialCarbonizationRetort;research=SteamPower|Coking;workshop=;productivity=231.68;territory=1863]"
1211580,1211580,Conservative,"Building","Waiting","",1,"productivity or territory is insufficient [CokeOven:candidate=True;constructible=True;affordable=False;available=False;owned=2;upgradeTo=IndustrialCarbonizationRetort;research=SteamPower|Coking;workshop=;productivity=225.96;territory=1863]"
1212180,1212180,Conservative,"Building","Waiting","",1,"productivity or territory is insufficient [CokeOven:candidate=True;constructible=True;affordable=False;available=False;owned=2;upgradeTo=IndustrialCarbonizationRetort;research=SteamPower|Coking;workshop=;productivity=223.1;territory=1863]"
1212780,1212780,Conservative,"Building","Waiting","",1,"productivity or territory is insufficient [CokeOven:candidate=True;constructible=True;affordable=False;available=False;owned=2;upgradeTo=IndustrialCarbonizationRetort;research=SteamPower|Coking;workshop=;productivity=220.24;territory=1863]"
1213380,1213380,Conservative,"Building","Waiting","",1,"productivity or territory is insufficient [CokeOven:candidate=True;constructible=True;affordable=False;available=False;owned=2;upgradeTo=IndustrialCarbonizationRetort;research=SteamPower|Coking;workshop=;productivity=217.38;territory=1863]"
1213980,1214580,Conservative,"Building","Waiting","",2,"productivity or territory is insufficient [CokeOven:candidate=True;constructible=True;affordable=False;available=False;owned=2;upgradeTo=IndustrialCarbonizationRetort;research=SteamPower|Coking;workshop=;productivity=214.52;territory=1863]"
1215180,1215780,Conservative,"Building","Waiting","",2,"productivity or territory is insufficient [CokeOven:candidate=True;constructible=True;affordable=False;available=False;owned=2;upgradeTo=IndustrialCarbonizationRetort;research=SteamPower|Coking;workshop=;productivity=211.66;territory=1863]"
1216380,1218780,Conservative,"Building","Waiting","",5,"productivity or territory is insufficient [CokeOven:candidate=True;constructible=True;affordable=False;available=False;owned=2;upgradeTo=IndustrialCarbonizationRetort;research=SteamPower|Coking;workshop=;productivity=208.8;territory=1863]"
1219380,1230780,Conservative,"Building","Waiting","",20,"productivity or territory is insufficient [CokeOven:candidate=True;constructible=True;affordable=False;available=False;owned=2;upgradeTo=IndustrialCarbonizationRetort;research=SteamPower|Coking;workshop=;productivity=205.94;territory=1863]"
1231380,1231380,Conservative,"Building","Waiting","",1,"productivity or territory is insufficient [CokeOven:candidate=True;constructible=True;affordable=False;available=False;owned=2;upgradeTo=IndustrialCarbonizationRetort;research=SteamPower|Coking;workshop=;productivity=203.08;territory=1863]"
1231980,1231980,Conservative,"Building","Waiting","",1,"productivity or territory is insufficient [CokeOven:candidate=True;constructible=True;affordable=False;available=False;owned=2;upgradeTo=IndustrialCarbonizationRetort;research=SteamPower|Coking;workshop=;productivity=1352.8;territory=1863]"
1232580,1232580,Conservative,"Building","Waiting","",1,"productivity or territory is insufficient [CokeOven:candidate=True;constructible=True;affordable=False;available=False;owned=2;upgradeTo=IndustrialCarbonizationRetort;research=SteamPower|Coking;workshop=;productivity=1164.04;territory=1863]"
1233180,1233180,Conservative,"Building","Waiting","",1,"productivity or territory is insufficient [CokeOven:candidate=True;constructible=True;affordable=False;available=False;owned=2;upgradeTo=IndustrialCarbonizationRetort;research=SteamPower|Coking;workshop=;productivity=1003.88;territory=1863]"
1233780,1233780,Conservative,"Building","Waiting","",1,"productivity or territory is insufficient [CokeOven:candidate=True;constructible=True;affordable=False;available=False;owned=2;upgradeTo=IndustrialCarbonizationRetort;research=SteamPower|Coking;workshop=;productivity=869.46;territory=1863]"
1234380,1234380,Conservative,"Building","Waiting","",1,"productivity or territory is insufficient [CokeOven:candidate=True;constructible=True;affordable=False;available=False;owned=2;upgradeTo=IndustrialCarbonizationRetort;research=SteamPower|Coking;workshop=;productivity=760.78;territory=1863]"
1234980,1234980,Conservative,"Building","Waiting","",1,"productivity or territory is insufficient [CokeOven:candidate=True;constructible=True;affordable=False;available=False;owned=2;upgradeTo=IndustrialCarbonizationRetort;research=SteamPower|Coking;workshop=;productivity=666.4;territory=1863]"
1235580,1235580,Conservative,"Building","Waiting","",1,"productivity or territory is insufficient [CokeOven:candidate=True;constructible=True;affordable=False;available=False;owned=2;upgradeTo=IndustrialCarbonizationRetort;research=SteamPower|Coking;workshop=;productivity=589.18;territory=1863]"
1236180,1236180,Conservative,"Building","Waiting","",1,"productivity or territory is insufficient [CokeOven:candidate=True;constructible=True;affordable=False;available=False;owned=2;upgradeTo=IndustrialCarbonizationRetort;research=SteamPower|Coking;workshop=;productivity=526.26;territory=1863]"
1236780,1236780,Conservative,"Building","Waiting","",1,"productivity or territory is insufficient [CokeOven:candidate=True;constructible=True;affordable=False;available=False;owned=2;upgradeTo=IndustrialCarbonizationRetort;research=SteamPower|Coking;workshop=;productivity=471.92;territory=1863]"
1237380,1237380,Conservative,"Building","Waiting","",1,"productivity or territory is insufficient [CokeOven:candidate=True;constructible=True;affordable=False;available=False;owned=2;upgradeTo=IndustrialCarbonizationRetort;research=SteamPower|Coking;workshop=;productivity=429.02;territory=1863]"
1237980,1237980,Conservative,"Building","Waiting","",1,"productivity or territory is insufficient [CokeOven:candidate=True;constructible=True;affordable=False;available=False;owned=2;upgradeTo=IndustrialCarbonizationRetort;research=SteamPower|Coking;workshop=;productivity=391.84;territory=1863]"
1238580,1238580,Conservative,"Building","Waiting","",1,"productivity or territory is insufficient [CokeOven:candidate=True;constructible=True;affordable=False;available=False;owned=2;upgradeTo=IndustrialCarbonizationRetort;research=SteamPower|Coking;workshop=;productivity=360.38;territory=1863]"
1239180,1239180,Conservative,"Building","Waiting","",1,"productivity or territory is insufficient [CokeOven:candidate=True;constructible=True;affordable=False;available=False;owned=2;upgradeTo=IndustrialCarbonizationRetort;research=SteamPower|Coking;workshop=;productivity=334.64;territory=1863]"
1239780,1239780,Conservative,"Building","Waiting","",1,"productivity or territory is insufficient [CokeOven:candidate=True;constructible=True;affordable=False;available=False;owned=2;upgradeTo=IndustrialCarbonizationRetort;research=SteamPower|Coking;workshop=;productivity=311.76;territory=1863]"
1240380,1240380,Conservative,"Building","Waiting","",1,"productivity or territory is insufficient [CokeOven:candidate=True;constructible=True;affordable=False;available=False;owned=2;upgradeTo=IndustrialCarbonizationRetort;research=SteamPower|Coking;workshop=;productivity=294.6;territory=1863]"
1240980,1240980,Conservative,"Building","Waiting","",1,"productivity or territory is insufficient [CokeOven:candidate=True;constructible=True;affordable=False;available=False;owned=2;upgradeTo=IndustrialCarbonizationRetort;research=SteamPower|Coking;workshop=;productivity=280.3;territory=1863]"
1241580,1241580,Conservative,"Building","Waiting","",1,"productivity or territory is insufficient [CokeOven:candidate=True;constructible=True;affordable=False;available=False;owned=2;upgradeTo=IndustrialCarbonizationRetort;research=SteamPower|Coking;workshop=;productivity=266;territory=1863]"
1242180,1242180,Conservative,"Building","Waiting","",1,"productivity or territory is insufficient [CokeOven:candidate=True;constructible=True;affordable=False;available=False;owned=2;upgradeTo=IndustrialCarbonizationRetort;research=SteamPower|Coking;workshop=;productivity=257.42;territory=1863]"
1242780,1242780,Conservative,"Building","Waiting","",1,"productivity or territory is insufficient [CokeOven:candidate=True;constructible=True;affordable=False;available=False;owned=2;upgradeTo=IndustrialCarbonizationRetort;research=SteamPower|Coking;workshop=;productivity=248.84;territory=1863]"
1243380,1243380,Conservative,"Building","Waiting","",1,"productivity or territory is insufficient [CokeOven:candidate=True;constructible=True;affordable=False;available=False;owned=2;upgradeTo=IndustrialCarbonizationRetort;research=SteamPower|Coking;workshop=;productivity=240.26;territory=1863]"
1243980,1243980,Conservative,"Building","Waiting","",1,"productivity or territory is insufficient [CokeOven:candidate=True;constructible=True;affordable=False;available=False;owned=2;upgradeTo=IndustrialCarbonizationRetort;research=SteamPower|Coking;workshop=;productivity=234.54;territory=1863]"
1244580,1244580,Conservative,"Building","Waiting","",1,"productivity or territory is insufficient [CokeOven:candidate=True;constructible=True;affordable=False;available=False;owned=2;upgradeTo=IndustrialCarbonizationRetort;research=SteamPower|Coking;workshop=;productivity=231.68;territory=1863]"
1245180,1245180,Conservative,"Building","Waiting","",1,"productivity or territory is insufficient [CokeOven:candidate=True;constructible=True;affordable=False;available=False;owned=2;upgradeTo=IndustrialCarbonizationRetort;research=SteamPower|Coking;workshop=;productivity=225.96;territory=1863]"
1245780,1245780,Conservative,"Building","Waiting","",1,"productivity or territory is insufficient [CokeOven:candidate=True;constructible=True;affordable=False;available=False;owned=2;upgradeTo=IndustrialCarbonizationRetort;research=SteamPower|Coking;workshop=;productivity=223.1;territory=1863]"
1246380,1246380,Conservative,"Building","Waiting","",1,"productivity or territory is insufficient [CokeOven:candidate=True;constructible=True;affordable=False;available=False;owned=2;upgradeTo=IndustrialCarbonizationRetort;research=SteamPower|Coking;workshop=;productivity=220.24;territory=1863]"
1246980,1246980,Conservative,"Building","Waiting","",1,"productivity or territory is insufficient [CokeOven:candidate=True;constructible=True;affordable=False;available=False;owned=2;upgradeTo=IndustrialCarbonizationRetort;research=SteamPower|Coking;workshop=;productivity=217.38;territory=1863]"
1247580,1248180,Conservative,"Building","Waiting","",2,"productivity or territory is insufficient [CokeOven:candidate=True;constructible=True;affordable=False;available=False;owned=2;upgradeTo=IndustrialCarbonizationRetort;research=SteamPower|Coking;workshop=;productivity=214.52;territory=1863]"
1248780,1249380,Conservative,"Building","Waiting","",2,"productivity or territory is insufficient [CokeOven:candidate=True;constructible=True;affordable=False;available=False;owned=2;upgradeTo=IndustrialCarbonizationRetort;research=SteamPower|Coking;workshop=;productivity=211.66;territory=1863]"
1249980,1252380,Conservative,"Building","Waiting","",5,"productivity or territory is insufficient [CokeOven:candidate=True;constructible=True;affordable=False;available=False;owned=2;upgradeTo=IndustrialCarbonizationRetort;research=SteamPower|Coking;workshop=;productivity=208.8;territory=1863]"
1252980,1264380,Conservative,"Building","Waiting","",20,"productivity or territory is insufficient [CokeOven:candidate=True;constructible=True;affordable=False;available=False;owned=2;upgradeTo=IndustrialCarbonizationRetort;research=SteamPower|Coking;workshop=;productivity=205.94;territory=1863]"
1264980,1264980,Conservative,"Building","Waiting","",1,"productivity or territory is insufficient [CokeOven:candidate=True;constructible=True;affordable=False;available=False;owned=2;upgradeTo=IndustrialCarbonizationRetort;research=SteamPower|Coking;workshop=;productivity=203.08;territory=1863]"
1265580,1265580,Conservative,"Building","Waiting","",1,"productivity or territory is insufficient [CokeOven:candidate=True;constructible=True;affordable=False;available=False;owned=2;upgradeTo=IndustrialCarbonizationRetort;research=SteamPower|Coking;workshop=;productivity=1352.8;territory=1863]"
1266180,1266180,Conservative,"Building","Waiting","",1,"productivity or territory is insufficient [CokeOven:candidate=True;constructible=True;affordable=False;available=False;owned=2;upgradeTo=IndustrialCarbonizationRetort;research=SteamPower|Coking;workshop=;productivity=1164.04;territory=1863]"
1266780,1266780,Conservative,"Building","Waiting","",1,"productivity or territory is insufficient [CokeOven:candidate=True;constructible=True;affordable=False;available=False;owned=2;upgradeTo=IndustrialCarbonizationRetort;research=SteamPower|Coking;workshop=;productivity=1003.88;territory=1863]"
1267380,1267380,Conservative,"Building","Waiting","",1,"productivity or territory is insufficient [CokeOven:candidate=True;constructible=True;affordable=False;available=False;owned=2;upgradeTo=IndustrialCarbonizationRetort;research=SteamPower|Coking;workshop=;productivity=869.46;territory=1863]"
1267980,1267980,Conservative,"Building","Waiting","",1,"productivity or territory is insufficient [CokeOven:candidate=True;constructible=True;affordable=False;available=False;owned=2;upgradeTo=IndustrialCarbonizationRetort;research=SteamPower|Coking;workshop=;productivity=760.78;territory=1863]"
1268580,1268580,Conservative,"Building","Waiting","",1,"productivity or territory is insufficient [CokeOven:candidate=True;constructible=True;affordable=False;available=False;owned=2;upgradeTo=IndustrialCarbonizationRetort;research=SteamPower|Coking;workshop=;productivity=666.4;territory=1863]"
1269180,1269180,Conservative,"Building","Waiting","",1,"productivity or territory is insufficient [CokeOven:candidate=True;constructible=True;affordable=False;available=False;owned=2;upgradeTo=IndustrialCarbonizationRetort;research=SteamPower|Coking;workshop=;productivity=589.18;territory=1863]"
1269780,1269780,Conservative,"Building","Waiting","",1,"productivity or territory is insufficient [CokeOven:candidate=True;constructible=True;affordable=False;available=False;owned=2;upgradeTo=IndustrialCarbonizationRetort;research=SteamPower|Coking;workshop=;productivity=526.26;territory=1863]"
1270380,1270380,Conservative,"Building","Waiting","",1,"productivity or territory is insufficient [CokeOven:candidate=True;constructible=True;affordable=False;available=False;owned=2;upgradeTo=IndustrialCarbonizationRetort;research=SteamPower|Coking;workshop=;productivity=471.92;territory=1863]"
1270980,1270980,Conservative,"Building","Waiting","",1,"productivity or territory is insufficient [CokeOven:candidate=True;constructible=True;affordable=False;available=False;owned=2;upgradeTo=IndustrialCarbonizationRetort;research=SteamPower|Coking;workshop=;productivity=429.02;territory=1863]"
1271580,1271580,Conservative,"Building","Waiting","",1,"productivity or territory is insufficient [CokeOven:candidate=True;constructible=True;affordable=False;available=False;owned=2;upgradeTo=IndustrialCarbonizationRetort;research=SteamPower|Coking;workshop=;productivity=391.84;territory=1863]"
1272180,1272180,Conservative,"Building","Waiting","",1,"productivity or territory is insufficient [CokeOven:candidate=True;constructible=True;affordable=False;available=False;owned=2;upgradeTo=IndustrialCarbonizationRetort;research=SteamPower|Coking;workshop=;productivity=360.38;territory=1863]"
1272780,1272780,Conservative,"Building","Waiting","",1,"productivity or territory is insufficient [CokeOven:candidate=True;constructible=True;affordable=False;available=False;owned=2;upgradeTo=IndustrialCarbonizationRetort;research=SteamPower|Coking;workshop=;productivity=334.64;territory=1863]"
1273380,1273380,Conservative,"Building","Waiting","",1,"productivity or territory is insufficient [CokeOven:candidate=True;constructible=True;affordable=False;available=False;owned=2;upgradeTo=IndustrialCarbonizationRetort;research=SteamPower|Coking;workshop=;productivity=311.76;territory=1863]"
1273980,1273980,Conservative,"Building","Waiting","",1,"productivity or territory is insufficient [CokeOven:candidate=True;constructible=True;affordable=False;available=False;owned=2;upgradeTo=IndustrialCarbonizationRetort;research=SteamPower|Coking;workshop=;productivity=294.6;territory=1863]"
1274580,1274580,Conservative,"Building","Waiting","",1,"productivity or territory is insufficient [CokeOven:candidate=True;constructible=True;affordable=False;available=False;owned=2;upgradeTo=IndustrialCarbonizationRetort;research=SteamPower|Coking;workshop=;productivity=280.3;territory=1863]"
1275180,1275180,Conservative,"Building","Waiting","",1,"productivity or territory is insufficient [CokeOven:candidate=True;constructible=True;affordable=False;available=False;owned=2;upgradeTo=IndustrialCarbonizationRetort;research=SteamPower|Coking;workshop=;productivity=266;territory=1863]"
1275780,1275780,Conservative,"Building","Waiting","",1,"productivity or territory is insufficient [CokeOven:candidate=True;constructible=True;affordable=False;available=False;owned=2;upgradeTo=IndustrialCarbonizationRetort;research=SteamPower|Coking;workshop=;productivity=257.42;territory=1863]"
1276380,1276380,Conservative,"Building","Waiting","",1,"productivity or territory is insufficient [CokeOven:candidate=True;constructible=True;affordable=False;available=False;owned=2;upgradeTo=IndustrialCarbonizationRetort;research=SteamPower|Coking;workshop=;productivity=248.84;territory=1863]"
1276980,1276980,Conservative,"Building","Waiting","",1,"productivity or territory is insufficient [CokeOven:candidate=True;constructible=True;affordable=False;available=False;owned=2;upgradeTo=IndustrialCarbonizationRetort;research=SteamPower|Coking;workshop=;productivity=240.26;territory=1863]"
1277580,1277580,Conservative,"Building","Waiting","",1,"productivity or territory is insufficient [CokeOven:candidate=True;constructible=True;affordable=False;available=False;owned=2;upgradeTo=IndustrialCarbonizationRetort;research=SteamPower|Coking;workshop=;productivity=234.54;territory=1863]"
1278180,1278180,Conservative,"Building","Waiting","",1,"productivity or territory is insufficient [CokeOven:candidate=True;constructible=True;affordable=False;available=False;owned=2;upgradeTo=IndustrialCarbonizationRetort;research=SteamPower|Coking;workshop=;productivity=231.68;territory=1863]"
1278780,1278780,Conservative,"Building","Waiting","",1,"productivity or territory is insufficient [CokeOven:candidate=True;constructible=True;affordable=False;available=False;owned=2;upgradeTo=IndustrialCarbonizationRetort;research=SteamPower|Coking;workshop=;productivity=225.96;territory=1863]"
1279380,1279380,Conservative,"Building","Waiting","",1,"productivity or territory is insufficient [CokeOven:candidate=True;constructible=True;affordable=False;available=False;owned=2;upgradeTo=IndustrialCarbonizationRetort;research=SteamPower|Coking;workshop=;productivity=223.1;territory=1863]"
1279980,1279980,Conservative,"Building","Waiting","",1,"productivity or territory is insufficient [CokeOven:candidate=True;constructible=True;affordable=False;available=False;owned=2;upgradeTo=IndustrialCarbonizationRetort;research=SteamPower|Coking;workshop=;productivity=220.24;territory=1863]"
1280580,1280580,Conservative,"Building","Waiting","",1,"productivity or territory is insufficient [CokeOven:candidate=True;constructible=True;affordable=False;available=False;owned=2;upgradeTo=IndustrialCarbonizationRetort;research=SteamPower|Coking;workshop=;productivity=217.38;territory=1863]"
1281180,1281780,Conservative,"Building","Waiting","",2,"productivity or territory is insufficient [CokeOven:candidate=True;constructible=True;affordable=False;available=False;owned=2;upgradeTo=IndustrialCarbonizationRetort;research=SteamPower|Coking;workshop=;productivity=214.52;territory=1863]"
1282380,1282980,Conservative,"Building","Waiting","",2,"productivity or territory is insufficient [CokeOven:candidate=True;constructible=True;affordable=False;available=False;owned=2;upgradeTo=IndustrialCarbonizationRetort;research=SteamPower|Coking;workshop=;productivity=211.66;territory=1863]"
1283580,1285980,Conservative,"Building","Waiting","",5,"productivity or territory is insufficient [CokeOven:candidate=True;constructible=True;affordable=False;available=False;owned=2;upgradeTo=IndustrialCarbonizationRetort;research=SteamPower|Coking;workshop=;productivity=208.8;territory=1863]"
1286580,1297980,Conservative,"Building","Waiting","",20,"productivity or territory is insufficient [CokeOven:candidate=True;constructible=True;affordable=False;available=False;owned=2;upgradeTo=IndustrialCarbonizationRetort;research=SteamPower|Coking;workshop=;productivity=205.94;territory=1863]"
1298580,1298580,Conservative,"Building","Waiting","",1,"productivity or territory is insufficient [CokeOven:candidate=True;constructible=True;affordable=False;available=False;owned=2;upgradeTo=IndustrialCarbonizationRetort;research=SteamPower|Coking;workshop=;productivity=203.08;territory=1863]"
1299180,1299180,Conservative,"Building","Waiting","",1,"productivity or territory is insufficient [CokeOven:candidate=True;constructible=True;affordable=False;available=False;owned=2;upgradeTo=IndustrialCarbonizationRetort;research=SteamPower|Coking;workshop=;productivity=1352.8;territory=1863]"
1299780,1299780,Conservative,"Building","Waiting","",1,"productivity or territory is insufficient [CokeOven:candidate=True;constructible=True;affordable=False;available=False;owned=2;upgradeTo=IndustrialCarbonizationRetort;research=SteamPower|Coking;workshop=;productivity=1164.04;territory=1863]"
1300380,1300380,Conservative,"Building","Waiting","",1,"productivity or territory is insufficient [CokeOven:candidate=True;constructible=True;affordable=False;available=False;owned=2;upgradeTo=IndustrialCarbonizationRetort;research=SteamPower|Coking;workshop=;productivity=1003.88;territory=1863]"
1300980,1300980,Conservative,"Building","Waiting","",1,"productivity or territory is insufficient [CokeOven:candidate=True;constructible=True;affordable=False;available=False;owned=2;upgradeTo=IndustrialCarbonizationRetort;research=SteamPower|Coking;workshop=;productivity=869.46;territory=1863]"
1301580,1301580,Conservative,"Building","Waiting","",1,"productivity or territory is insufficient [CokeOven:candidate=True;constructible=True;affordable=False;available=False;owned=2;upgradeTo=IndustrialCarbonizationRetort;research=SteamPower|Coking;workshop=;productivity=760.78;territory=1863]"
1302180,1302180,Conservative,"Building","Waiting","",1,"productivity or territory is insufficient [CokeOven:candidate=True;constructible=True;affordable=False;available=False;owned=2;upgradeTo=IndustrialCarbonizationRetort;research=SteamPower|Coking;workshop=;productivity=666.4;territory=1863]"
1302780,1302780,Conservative,"Building","Waiting","",1,"productivity or territory is insufficient [CokeOven:candidate=True;constructible=True;affordable=False;available=False;owned=2;upgradeTo=IndustrialCarbonizationRetort;research=SteamPower|Coking;workshop=;productivity=589.18;territory=1863]"
1303380,1303380,Conservative,"Building","Waiting","",1,"productivity or territory is insufficient [CokeOven:candidate=True;constructible=True;affordable=False;available=False;owned=2;upgradeTo=IndustrialCarbonizationRetort;research=SteamPower|Coking;workshop=;productivity=526.26;territory=1863]"
1303980,1303980,Conservative,"Building","Waiting","",1,"productivity or territory is insufficient [CokeOven:candidate=True;constructible=True;affordable=False;available=False;owned=2;upgradeTo=IndustrialCarbonizationRetort;research=SteamPower|Coking;workshop=;productivity=471.92;territory=1863]"
1304580,1304580,Conservative,"Building","Waiting","",1,"productivity or territory is insufficient [CokeOven:candidate=True;constructible=True;affordable=False;available=False;owned=2;upgradeTo=IndustrialCarbonizationRetort;research=SteamPower|Coking;workshop=;productivity=429.02;territory=1863]"
1305180,1305180,Conservative,"Building","Waiting","",1,"productivity or territory is insufficient [CokeOven:candidate=True;constructible=True;affordable=False;available=False;owned=2;upgradeTo=IndustrialCarbonizationRetort;research=SteamPower|Coking;workshop=;productivity=391.84;territory=1863]"
1305780,1305780,Conservative,"Building","Waiting","",1,"productivity or territory is insufficient [CokeOven:candidate=True;constructible=True;affordable=False;available=False;owned=2;upgradeTo=IndustrialCarbonizationRetort;research=SteamPower|Coking;workshop=;productivity=360.38;territory=1863]"
1306380,1306380,Conservative,"Building","Waiting","",1,"productivity or territory is insufficient [CokeOven:candidate=True;constructible=True;affordable=False;available=False;owned=2;upgradeTo=IndustrialCarbonizationRetort;research=SteamPower|Coking;workshop=;productivity=334.64;territory=1863]"
1306980,1306980,Conservative,"Building","Waiting","",1,"productivity or territory is insufficient [CokeOven:candidate=True;constructible=True;affordable=False;available=False;owned=2;upgradeTo=IndustrialCarbonizationRetort;research=SteamPower|Coking;workshop=;productivity=311.76;territory=1863]"
1307580,1307580,Conservative,"Building","Waiting","",1,"productivity or territory is insufficient [CokeOven:candidate=True;constructible=True;affordable=False;available=False;owned=2;upgradeTo=IndustrialCarbonizationRetort;research=SteamPower|Coking;workshop=;productivity=294.6;territory=1863]"
1308180,1308180,Conservative,"Building","Waiting","",1,"productivity or territory is insufficient [CokeOven:candidate=True;constructible=True;affordable=False;available=False;owned=2;upgradeTo=IndustrialCarbonizationRetort;research=SteamPower|Coking;workshop=;productivity=280.3;territory=1863]"
1308780,1308780,Conservative,"Building","Waiting","",1,"productivity or territory is insufficient [CokeOven:candidate=True;constructible=True;affordable=False;available=False;owned=2;upgradeTo=IndustrialCarbonizationRetort;research=SteamPower|Coking;workshop=;productivity=266;territory=1863]"
1309380,1309380,Conservative,"Building","Waiting","",1,"productivity or territory is insufficient [CokeOven:candidate=True;constructible=True;affordable=False;available=False;owned=2;upgradeTo=IndustrialCarbonizationRetort;research=SteamPower|Coking;workshop=;productivity=257.42;territory=1863]"
1309980,1309980,Conservative,"Building","Waiting","",1,"productivity or territory is insufficient [CokeOven:candidate=True;constructible=True;affordable=False;available=False;owned=2;upgradeTo=IndustrialCarbonizationRetort;research=SteamPower|Coking;workshop=;productivity=248.84;territory=1863]"
1310580,1310580,Conservative,"Building","Waiting","",1,"productivity or territory is insufficient [CokeOven:candidate=True;constructible=True;affordable=False;available=False;owned=2;upgradeTo=IndustrialCarbonizationRetort;research=SteamPower|Coking;workshop=;productivity=240.26;territory=1863]"
1311180,1311180,Conservative,"Building","Waiting","",1,"productivity or territory is insufficient [CokeOven:candidate=True;constructible=True;affordable=False;available=False;owned=2;upgradeTo=IndustrialCarbonizationRetort;research=SteamPower|Coking;workshop=;productivity=234.54;territory=1863]"
1311780,1311780,Conservative,"Building","Waiting","",1,"productivity or territory is insufficient [CokeOven:candidate=True;constructible=True;affordable=False;available=False;owned=2;upgradeTo=IndustrialCarbonizationRetort;research=SteamPower|Coking;workshop=;productivity=231.68;territory=1863]"
1312380,1312380,Conservative,"Building","Waiting","",1,"productivity or territory is insufficient [CokeOven:candidate=True;constructible=True;affordable=False;available=False;owned=2;upgradeTo=IndustrialCarbonizationRetort;research=SteamPower|Coking;workshop=;productivity=225.96;territory=1863]"
1312980,1312980,Conservative,"Building","Waiting","",1,"productivity or territory is insufficient [CokeOven:candidate=True;constructible=True;affordable=False;available=False;owned=2;upgradeTo=IndustrialCarbonizationRetort;research=SteamPower|Coking;workshop=;productivity=223.1;territory=1863]"
1313580,1313580,Conservative,"Building","Waiting","",1,"productivity or territory is insufficient [CokeOven:candidate=True;constructible=True;affordable=False;available=False;owned=2;upgradeTo=IndustrialCarbonizationRetort;research=SteamPower|Coking;workshop=;productivity=220.24;territory=1863]"
1314180,1314180,Conservative,"Building","Waiting","",1,"productivity or territory is insufficient [CokeOven:candidate=True;constructible=True;affordable=False;available=False;owned=2;upgradeTo=IndustrialCarbonizationRetort;research=SteamPower|Coking;workshop=;productivity=217.38;territory=1863]"
1314780,1315380,Conservative,"Building","Waiting","",2,"productivity or territory is insufficient [CokeOven:candidate=True;constructible=True;affordable=False;available=False;owned=2;upgradeTo=IndustrialCarbonizationRetort;research=SteamPower|Coking;workshop=;productivity=214.52;territory=1863]"
1315980,1316580,Conservative,"Building","Waiting","",2,"productivity or territory is insufficient [CokeOven:candidate=True;constructible=True;affordable=False;available=False;owned=2;upgradeTo=IndustrialCarbonizationRetort;research=SteamPower|Coking;workshop=;productivity=211.66;territory=1863]"
1317180,1319580,Conservative,"Building","Waiting","",5,"productivity or territory is insufficient [CokeOven:candidate=True;constructible=True;affordable=False;available=False;owned=2;upgradeTo=IndustrialCarbonizationRetort;research=SteamPower|Coking;workshop=;productivity=208.8;territory=1863]"
1320180,1331580,Conservative,"Building","Waiting","",20,"productivity or territory is insufficient [CokeOven:candidate=True;constructible=True;affordable=False;available=False;owned=2;upgradeTo=IndustrialCarbonizationRetort;research=SteamPower|Coking;workshop=;productivity=205.94;territory=1863]"
1332180,1332180,Conservative,"Building","Waiting","",1,"productivity or territory is insufficient [CokeOven:candidate=True;constructible=True;affordable=False;available=False;owned=2;upgradeTo=IndustrialCarbonizationRetort;research=SteamPower|Coking;workshop=;productivity=203.08;territory=1863]"
1332780,1332780,Conservative,"Building","Waiting","",1,"productivity or territory is insufficient [CokeOven:candidate=True;constructible=True;affordable=False;available=False;owned=2;upgradeTo=IndustrialCarbonizationRetort;research=SteamPower|Coking;workshop=;productivity=1352.8;territory=1863]"
1333380,1333380,Conservative,"Building","Waiting","",1,"productivity or territory is insufficient [CokeOven:candidate=True;constructible=True;affordable=False;available=False;owned=2;upgradeTo=IndustrialCarbonizationRetort;research=SteamPower|Coking;workshop=;productivity=1164.04;territory=1863]"
1333980,1333980,Conservative,"Building","Waiting","",1,"productivity or territory is insufficient [CokeOven:candidate=True;constructible=True;affordable=False;available=False;owned=2;upgradeTo=IndustrialCarbonizationRetort;research=SteamPower|Coking;workshop=;productivity=1003.88;territory=1863]"
1334580,1334580,Conservative,"Building","Waiting","",1,"productivity or territory is insufficient [CokeOven:candidate=True;constructible=True;affordable=False;available=False;owned=2;upgradeTo=IndustrialCarbonizationRetort;research=SteamPower|Coking;workshop=;productivity=869.46;territory=1863]"
1335180,1335180,Conservative,"Building","Waiting","",1,"productivity or territory is insufficient [CokeOven:candidate=True;constructible=True;affordable=False;available=False;owned=2;upgradeTo=IndustrialCarbonizationRetort;research=SteamPower|Coking;workshop=;productivity=760.78;territory=1863]"
1335780,1335780,Conservative,"Building","Waiting","",1,"productivity or territory is insufficient [CokeOven:candidate=True;constructible=True;affordable=False;available=False;owned=2;upgradeTo=IndustrialCarbonizationRetort;research=SteamPower|Coking;workshop=;productivity=666.4;territory=1863]"
1336380,1336380,Conservative,"Building","Waiting","",1,"productivity or territory is insufficient [CokeOven:candidate=True;constructible=True;affordable=False;available=False;owned=2;upgradeTo=IndustrialCarbonizationRetort;research=SteamPower|Coking;workshop=;productivity=589.18;territory=1863]"
1336980,1336980,Conservative,"Building","Waiting","",1,"productivity or territory is insufficient [CokeOven:candidate=True;constructible=True;affordable=False;available=False;owned=2;upgradeTo=IndustrialCarbonizationRetort;research=SteamPower|Coking;workshop=;productivity=526.26;territory=1863]"
1337580,1337580,Conservative,"Building","Waiting","",1,"productivity or territory is insufficient [CokeOven:candidate=True;constructible=True;affordable=False;available=False;owned=2;upgradeTo=IndustrialCarbonizationRetort;research=SteamPower|Coking;workshop=;productivity=471.92;territory=1863]"
1338180,1338180,Conservative,"Building","Waiting","",1,"productivity or territory is insufficient [CokeOven:candidate=True;constructible=True;affordable=False;available=False;owned=2;upgradeTo=IndustrialCarbonizationRetort;research=SteamPower|Coking;workshop=;productivity=429.02;territory=1863]"
1338780,1338780,Conservative,"Building","Waiting","",1,"productivity or territory is insufficient [CokeOven:candidate=True;constructible=True;affordable=False;available=False;owned=2;upgradeTo=IndustrialCarbonizationRetort;research=SteamPower|Coking;workshop=;productivity=391.84;territory=1863]"
1339380,1339380,Conservative,"Building","Waiting","",1,"productivity or territory is insufficient [CokeOven:candidate=True;constructible=True;affordable=False;available=False;owned=2;upgradeTo=IndustrialCarbonizationRetort;research=SteamPower|Coking;workshop=;productivity=360.38;territory=1863]"
1339980,1339980,Conservative,"Building","Waiting","",1,"productivity or territory is insufficient [CokeOven:candidate=True;constructible=True;affordable=False;available=False;owned=2;upgradeTo=IndustrialCarbonizationRetort;research=SteamPower|Coking;workshop=;productivity=334.64;territory=1863]"
1340580,1340580,Conservative,"Building","Waiting","",1,"productivity or territory is insufficient [CokeOven:candidate=True;constructible=True;affordable=False;available=False;owned=2;upgradeTo=IndustrialCarbonizationRetort;research=SteamPower|Coking;workshop=;productivity=311.76;territory=1863]"
1341180,1341180,Conservative,"Building","Waiting","",1,"productivity or territory is insufficient [CokeOven:candidate=True;constructible=True;affordable=False;available=False;owned=2;upgradeTo=IndustrialCarbonizationRetort;research=SteamPower|Coking;workshop=;productivity=294.6;territory=1863]"
1341780,1341780,Conservative,"Building","Waiting","",1,"productivity or territory is insufficient [CokeOven:candidate=True;constructible=True;affordable=False;available=False;owned=2;upgradeTo=IndustrialCarbonizationRetort;research=SteamPower|Coking;workshop=;productivity=280.3;territory=1863]"
1342380,1342380,Conservative,"Building","Waiting","",1,"productivity or territory is insufficient [CokeOven:candidate=True;constructible=True;affordable=False;available=False;owned=2;upgradeTo=IndustrialCarbonizationRetort;research=SteamPower|Coking;workshop=;productivity=266;territory=1863]"
1342980,1342980,Conservative,"Building","Waiting","",1,"productivity or territory is insufficient [CokeOven:candidate=True;constructible=True;affordable=False;available=False;owned=2;upgradeTo=IndustrialCarbonizationRetort;research=SteamPower|Coking;workshop=;productivity=257.42;territory=1863]"
1343580,1343580,Conservative,"Building","Waiting","",1,"productivity or territory is insufficient [CokeOven:candidate=True;constructible=True;affordable=False;available=False;owned=2;upgradeTo=IndustrialCarbonizationRetort;research=SteamPower|Coking;workshop=;productivity=248.84;territory=1863]"
1344180,1344180,Conservative,"Building","Waiting","",1,"productivity or territory is insufficient [CokeOven:candidate=True;constructible=True;affordable=False;available=False;owned=2;upgradeTo=IndustrialCarbonizationRetort;research=SteamPower|Coking;workshop=;productivity=240.26;territory=1863]"
1344780,1344780,Conservative,"Building","Waiting","",1,"productivity or territory is insufficient [CokeOven:candidate=True;constructible=True;affordable=False;available=False;owned=2;upgradeTo=IndustrialCarbonizationRetort;research=SteamPower|Coking;workshop=;productivity=234.54;territory=1863]"
1345380,1345380,Conservative,"Building","Waiting","",1,"productivity or territory is insufficient [CokeOven:candidate=True;constructible=True;affordable=False;available=False;owned=2;upgradeTo=IndustrialCarbonizationRetort;research=SteamPower|Coking;workshop=;productivity=231.68;territory=1863]"
1345980,1345980,Conservative,"Building","Waiting","",1,"productivity or territory is insufficient [CokeOven:candidate=True;constructible=True;affordable=False;available=False;owned=2;upgradeTo=IndustrialCarbonizationRetort;research=SteamPower|Coking;workshop=;productivity=225.96;territory=1863]"
1346580,1346580,Conservative,"Building","Waiting","",1,"productivity or territory is insufficient [CokeOven:candidate=True;constructible=True;affordable=False;available=False;owned=2;upgradeTo=IndustrialCarbonizationRetort;research=SteamPower|Coking;workshop=;productivity=223.1;territory=1863]"
1347180,1347180,Conservative,"Building","Waiting","",1,"productivity or territory is insufficient [CokeOven:candidate=True;constructible=True;affordable=False;available=False;owned=2;upgradeTo=IndustrialCarbonizationRetort;research=SteamPower|Coking;workshop=;productivity=220.24;territory=1863]"
1347780,1347780,Conservative,"Building","Waiting","",1,"productivity or territory is insufficient [CokeOven:candidate=True;constructible=True;affordable=False;available=False;owned=2;upgradeTo=IndustrialCarbonizationRetort;research=SteamPower|Coking;workshop=;productivity=217.38;territory=1863]"
1348380,1348980,Conservative,"Building","Waiting","",2,"productivity or territory is insufficient [CokeOven:candidate=True;constructible=True;affordable=False;available=False;owned=2;upgradeTo=IndustrialCarbonizationRetort;research=SteamPower|Coking;workshop=;productivity=214.52;territory=1863]"
1349580,1350180,Conservative,"Building","Waiting","",2,"productivity or territory is insufficient [CokeOven:candidate=True;constructible=True;affordable=False;available=False;owned=2;upgradeTo=IndustrialCarbonizationRetort;research=SteamPower|Coking;workshop=;productivity=211.66;territory=1863]"
1350780,1353180,Conservative,"Building","Waiting","",5,"productivity or territory is insufficient [CokeOven:candidate=True;constructible=True;affordable=False;available=False;owned=2;upgradeTo=IndustrialCarbonizationRetort;research=SteamPower|Coking;workshop=;productivity=208.8;territory=1863]"
1353780,1365180,Conservative,"Building","Waiting","",20,"productivity or territory is insufficient [CokeOven:candidate=True;constructible=True;affordable=False;available=False;owned=2;upgradeTo=IndustrialCarbonizationRetort;research=SteamPower|Coking;workshop=;productivity=205.94;territory=1863]"
1365780,1365780,Conservative,"Building","Waiting","",1,"productivity or territory is insufficient [CokeOven:candidate=True;constructible=True;affordable=False;available=False;owned=2;upgradeTo=IndustrialCarbonizationRetort;research=SteamPower|Coking;workshop=;productivity=203.08;territory=1863]"
1366380,1366380,Conservative,"Building","Waiting","",1,"productivity or territory is insufficient [CokeOven:candidate=True;constructible=True;affordable=False;available=False;owned=2;upgradeTo=IndustrialCarbonizationRetort;research=SteamPower|Coking;workshop=;productivity=1352.8;territory=1863]"
1366980,1366980,Conservative,"Building","Waiting","",1,"productivity or territory is insufficient [CokeOven:candidate=True;constructible=True;affordable=False;available=False;owned=2;upgradeTo=IndustrialCarbonizationRetort;research=SteamPower|Coking;workshop=;productivity=1164.04;territory=1863]"
1367580,1367580,Conservative,"Building","Waiting","",1,"productivity or territory is insufficient [CokeOven:candidate=True;constructible=True;affordable=False;available=False;owned=2;upgradeTo=IndustrialCarbonizationRetort;research=SteamPower|Coking;workshop=;productivity=1003.88;territory=1863]"
1368180,1368180,Conservative,"Building","Waiting","",1,"productivity or territory is insufficient [CokeOven:candidate=True;constructible=True;affordable=False;available=False;owned=2;upgradeTo=IndustrialCarbonizationRetort;research=SteamPower|Coking;workshop=;productivity=869.46;territory=1863]"
1368780,1368780,Conservative,"Building","Waiting","",1,"productivity or territory is insufficient [CokeOven:candidate=True;constructible=True;affordable=False;available=False;owned=2;upgradeTo=IndustrialCarbonizationRetort;research=SteamPower|Coking;workshop=;productivity=760.78;territory=1863]"
1369380,1369380,Conservative,"Building","Waiting","",1,"productivity or territory is insufficient [CokeOven:candidate=True;constructible=True;affordable=False;available=False;owned=2;upgradeTo=IndustrialCarbonizationRetort;research=SteamPower|Coking;workshop=;productivity=666.4;territory=1863]"
1369980,1369980,Conservative,"Building","Waiting","",1,"productivity or territory is insufficient [CokeOven:candidate=True;constructible=True;affordable=False;available=False;owned=2;upgradeTo=IndustrialCarbonizationRetort;research=SteamPower|Coking;workshop=;productivity=589.18;territory=1863]"
1370580,1370580,Conservative,"Building","Waiting","",1,"productivity or territory is insufficient [CokeOven:candidate=True;constructible=True;affordable=False;available=False;owned=2;upgradeTo=IndustrialCarbonizationRetort;research=SteamPower|Coking;workshop=;productivity=526.26;territory=1863]"
1371180,1371180,Conservative,"Building","Waiting","",1,"productivity or territory is insufficient [CokeOven:candidate=True;constructible=True;affordable=False;available=False;owned=2;upgradeTo=IndustrialCarbonizationRetort;research=SteamPower|Coking;workshop=;productivity=471.92;territory=1863]"
1371780,1371780,Conservative,"Building","Waiting","",1,"productivity or territory is insufficient [CokeOven:candidate=True;constructible=True;affordable=False;available=False;owned=2;upgradeTo=IndustrialCarbonizationRetort;research=SteamPower|Coking;workshop=;productivity=429.02;territory=1863]"
1372380,1372380,Conservative,"Building","Waiting","",1,"productivity or territory is insufficient [CokeOven:candidate=True;constructible=True;affordable=False;available=False;owned=2;upgradeTo=IndustrialCarbonizationRetort;research=SteamPower|Coking;workshop=;productivity=391.84;territory=1863]"
1372980,1372980,Conservative,"Building","Waiting","",1,"productivity or territory is insufficient [CokeOven:candidate=True;constructible=True;affordable=False;available=False;owned=2;upgradeTo=IndustrialCarbonizationRetort;research=SteamPower|Coking;workshop=;productivity=360.38;territory=1863]"
1373580,1373580,Conservative,"Building","Waiting","",1,"productivity or territory is insufficient [CokeOven:candidate=True;constructible=True;affordable=False;available=False;owned=2;upgradeTo=IndustrialCarbonizationRetort;research=SteamPower|Coking;workshop=;productivity=334.64;territory=1863]"
1374180,1374180,Conservative,"Building","Waiting","",1,"productivity or territory is insufficient [CokeOven:candidate=True;constructible=True;affordable=False;available=False;owned=2;upgradeTo=IndustrialCarbonizationRetort;research=SteamPower|Coking;workshop=;productivity=311.76;territory=1863]"
1374780,1374780,Conservative,"Building","Waiting","",1,"productivity or territory is insufficient [CokeOven:candidate=True;constructible=True;affordable=False;available=False;owned=2;upgradeTo=IndustrialCarbonizationRetort;research=SteamPower|Coking;workshop=;productivity=294.6;territory=1863]"
1375380,1375380,Conservative,"Building","Waiting","",1,"productivity or territory is insufficient [CokeOven:candidate=True;constructible=True;affordable=False;available=False;owned=2;upgradeTo=IndustrialCarbonizationRetort;research=SteamPower|Coking;workshop=;productivity=280.3;territory=1863]"
1375980,1375980,Conservative,"Building","Waiting","",1,"productivity or territory is insufficient [CokeOven:candidate=True;constructible=True;affordable=False;available=False;owned=2;upgradeTo=IndustrialCarbonizationRetort;research=SteamPower|Coking;workshop=;productivity=266;territory=1863]"
1376580,1376580,Conservative,"Building","Waiting","",1,"productivity or territory is insufficient [CokeOven:candidate=True;constructible=True;affordable=False;available=False;owned=2;upgradeTo=IndustrialCarbonizationRetort;research=SteamPower|Coking;workshop=;productivity=257.42;territory=1863]"
1377180,1377180,Conservative,"Building","Waiting","",1,"productivity or territory is insufficient [CokeOven:candidate=True;constructible=True;affordable=False;available=False;owned=2;upgradeTo=IndustrialCarbonizationRetort;research=SteamPower|Coking;workshop=;productivity=248.84;territory=1863]"
1377780,1377780,Conservative,"Building","Waiting","",1,"productivity or territory is insufficient [CokeOven:candidate=True;constructible=True;affordable=False;available=False;owned=2;upgradeTo=IndustrialCarbonizationRetort;research=SteamPower|Coking;workshop=;productivity=240.26;territory=1863]"
1378380,1378380,Conservative,"Building","Waiting","",1,"productivity or territory is insufficient [CokeOven:candidate=True;constructible=True;affordable=False;available=False;owned=2;upgradeTo=IndustrialCarbonizationRetort;research=SteamPower|Coking;workshop=;productivity=234.54;territory=1863]"
1378980,1378980,Conservative,"Building","Waiting","",1,"productivity or territory is insufficient [CokeOven:candidate=True;constructible=True;affordable=False;available=False;owned=2;upgradeTo=IndustrialCarbonizationRetort;research=SteamPower|Coking;workshop=;productivity=231.68;territory=1863]"
1379580,1379580,Conservative,"Building","Waiting","",1,"productivity or territory is insufficient [CokeOven:candidate=True;constructible=True;affordable=False;available=False;owned=2;upgradeTo=IndustrialCarbonizationRetort;research=SteamPower|Coking;workshop=;productivity=225.96;territory=1863]"
1380180,1380180,Conservative,"Building","Waiting","",1,"productivity or territory is insufficient [CokeOven:candidate=True;constructible=True;affordable=False;available=False;owned=2;upgradeTo=IndustrialCarbonizationRetort;research=SteamPower|Coking;workshop=;productivity=223.1;territory=1863]"
1380780,1380780,Conservative,"Building","Waiting","",1,"productivity or territory is insufficient [CokeOven:candidate=True;constructible=True;affordable=False;available=False;owned=2;upgradeTo=IndustrialCarbonizationRetort;research=SteamPower|Coking;workshop=;productivity=220.24;territory=1863]"
1381380,1381380,Conservative,"Building","Waiting","",1,"productivity or territory is insufficient [CokeOven:candidate=True;constructible=True;affordable=False;available=False;owned=2;upgradeTo=IndustrialCarbonizationRetort;research=SteamPower|Coking;workshop=;productivity=217.38;territory=1863]"
1381980,1382580,Conservative,"Building","Waiting","",2,"productivity or territory is insufficient [CokeOven:candidate=True;constructible=True;affordable=False;available=False;owned=2;upgradeTo=IndustrialCarbonizationRetort;research=SteamPower|Coking;workshop=;productivity=214.52;territory=1863]"
1383180,1383780,Conservative,"Building","Waiting","",2,"productivity or territory is insufficient [CokeOven:candidate=True;constructible=True;affordable=False;available=False;owned=2;upgradeTo=IndustrialCarbonizationRetort;research=SteamPower|Coking;workshop=;productivity=211.66;territory=1863]"
1384380,1386780,Conservative,"Building","Waiting","",5,"productivity or territory is insufficient [CokeOven:candidate=True;constructible=True;affordable=False;available=False;owned=2;upgradeTo=IndustrialCarbonizationRetort;research=SteamPower|Coking;workshop=;productivity=208.8;territory=1863]"
1387380,1398780,Conservative,"Building","Waiting","",20,"productivity or territory is insufficient [CokeOven:candidate=True;constructible=True;affordable=False;available=False;owned=2;upgradeTo=IndustrialCarbonizationRetort;research=SteamPower|Coking;workshop=;productivity=205.94;territory=1863]"
1399380,1399380,Conservative,"Building","Waiting","",1,"productivity or territory is insufficient [CokeOven:candidate=True;constructible=True;affordable=False;available=False;owned=2;upgradeTo=IndustrialCarbonizationRetort;research=SteamPower|Coking;workshop=;productivity=203.08;territory=1863]"
1399980,1399980,Conservative,"Building","Waiting","",1,"productivity or territory is insufficient [CokeOven:candidate=True;constructible=True;affordable=False;available=False;owned=2;upgradeTo=IndustrialCarbonizationRetort;research=SteamPower|Coking;workshop=;productivity=1352.8;territory=1863]"
1400580,1400580,Conservative,"Building","Waiting","",1,"productivity or territory is insufficient [CokeOven:candidate=True;constructible=True;affordable=False;available=False;owned=2;upgradeTo=IndustrialCarbonizationRetort;research=SteamPower|Coking;workshop=;productivity=1164.04;territory=1863]"
1401180,1401180,Conservative,"Building","Waiting","",1,"productivity or territory is insufficient [CokeOven:candidate=True;constructible=True;affordable=False;available=False;owned=2;upgradeTo=IndustrialCarbonizationRetort;research=SteamPower|Coking;workshop=;productivity=1003.88;territory=1863]"
1401780,1401780,Conservative,"Building","Waiting","",1,"productivity or territory is insufficient [CokeOven:candidate=True;constructible=True;affordable=False;available=False;owned=2;upgradeTo=IndustrialCarbonizationRetort;research=SteamPower|Coking;workshop=;productivity=869.46;territory=1863]"
1402380,1402380,Conservative,"Building","Waiting","",1,"productivity or territory is insufficient [CokeOven:candidate=True;constructible=True;affordable=False;available=False;owned=2;upgradeTo=IndustrialCarbonizationRetort;research=SteamPower|Coking;workshop=;productivity=760.78;territory=1863]"
1402980,1402980,Conservative,"Building","Waiting","",1,"productivity or territory is insufficient [CokeOven:candidate=True;constructible=True;affordable=False;available=False;owned=2;upgradeTo=IndustrialCarbonizationRetort;research=SteamPower|Coking;workshop=;productivity=666.4;territory=1863]"
1403580,1403580,Conservative,"Building","Waiting","",1,"productivity or territory is insufficient [CokeOven:candidate=True;constructible=True;affordable=False;available=False;owned=2;upgradeTo=IndustrialCarbonizationRetort;research=SteamPower|Coking;workshop=;productivity=589.18;territory=1863]"
1404180,1404180,Conservative,"Building","Waiting","",1,"productivity or territory is insufficient [CokeOven:candidate=True;constructible=True;affordable=False;available=False;owned=2;upgradeTo=IndustrialCarbonizationRetort;research=SteamPower|Coking;workshop=;productivity=526.26;territory=1863]"
1404780,1404780,Conservative,"Building","Waiting","",1,"productivity or territory is insufficient [CokeOven:candidate=True;constructible=True;affordable=False;available=False;owned=2;upgradeTo=IndustrialCarbonizationRetort;research=SteamPower|Coking;workshop=;productivity=471.92;territory=1863]"
1405380,1405380,Conservative,"Building","Waiting","",1,"productivity or territory is insufficient [CokeOven:candidate=True;constructible=True;affordable=False;available=False;owned=2;upgradeTo=IndustrialCarbonizationRetort;research=SteamPower|Coking;workshop=;productivity=429.02;territory=1863]"
1405980,1405980,Conservative,"Building","Waiting","",1,"productivity or territory is insufficient [CokeOven:candidate=True;constructible=True;affordable=False;available=False;owned=2;upgradeTo=IndustrialCarbonizationRetort;research=SteamPower|Coking;workshop=;productivity=391.84;territory=1863]"
1406580,1406580,Conservative,"Building","Waiting","",1,"productivity or territory is insufficient [CokeOven:candidate=True;constructible=True;affordable=False;available=False;owned=2;upgradeTo=IndustrialCarbonizationRetort;research=SteamPower|Coking;workshop=;productivity=360.38;territory=1863]"
1407180,1407180,Conservative,"Building","Waiting","",1,"productivity or territory is insufficient [CokeOven:candidate=True;constructible=True;affordable=False;available=False;owned=2;upgradeTo=IndustrialCarbonizationRetort;research=SteamPower|Coking;workshop=;productivity=334.64;territory=1863]"
1407780,1407780,Conservative,"Building","Waiting","",1,"productivity or territory is insufficient [CokeOven:candidate=True;constructible=True;affordable=False;available=False;owned=2;upgradeTo=IndustrialCarbonizationRetort;research=SteamPower|Coking;workshop=;productivity=311.76;territory=1863]"
1408380,1408380,Conservative,"Building","Waiting","",1,"productivity or territory is insufficient [CokeOven:candidate=True;constructible=True;affordable=False;available=False;owned=2;upgradeTo=IndustrialCarbonizationRetort;research=SteamPower|Coking;workshop=;productivity=294.6;territory=1863]"
1408980,1408980,Conservative,"Building","Waiting","",1,"productivity or territory is insufficient [CokeOven:candidate=True;constructible=True;affordable=False;available=False;owned=2;upgradeTo=IndustrialCarbonizationRetort;research=SteamPower|Coking;workshop=;productivity=280.3;territory=1863]"
1409580,1409580,Conservative,"Building","Waiting","",1,"productivity or territory is insufficient [CokeOven:candidate=True;constructible=True;affordable=False;available=False;owned=2;upgradeTo=IndustrialCarbonizationRetort;research=SteamPower|Coking;workshop=;productivity=266;territory=1863]"
1410180,1410180,Conservative,"Building","Waiting","",1,"productivity or territory is insufficient [CokeOven:candidate=True;constructible=True;affordable=False;available=False;owned=2;upgradeTo=IndustrialCarbonizationRetort;research=SteamPower|Coking;workshop=;productivity=257.42;territory=1863]"
1410780,1410780,Conservative,"Building","Waiting","",1,"productivity or territory is insufficient [CokeOven:candidate=True;constructible=True;affordable=False;available=False;owned=2;upgradeTo=IndustrialCarbonizationRetort;research=SteamPower|Coking;workshop=;productivity=248.84;territory=1863]"
1411380,1411380,Conservative,"Building","Waiting","",1,"productivity or territory is insufficient [CokeOven:candidate=True;constructible=True;affordable=False;available=False;owned=2;upgradeTo=IndustrialCarbonizationRetort;research=SteamPower|Coking;workshop=;productivity=240.26;territory=1863]"
1411980,1411980,Conservative,"Building","Waiting","",1,"productivity or territory is insufficient [CokeOven:candidate=True;constructible=True;affordable=False;available=False;owned=2;upgradeTo=IndustrialCarbonizationRetort;research=SteamPower|Coking;workshop=;productivity=234.54;territory=1863]"
1412580,1412580,Conservative,"Building","Waiting","",1,"productivity or territory is insufficient [CokeOven:candidate=True;constructible=True;affordable=False;available=False;owned=2;upgradeTo=IndustrialCarbonizationRetort;research=SteamPower|Coking;workshop=;productivity=231.68;territory=1863]"
1413180,1413180,Conservative,"Building","Waiting","",1,"productivity or territory is insufficient [CokeOven:candidate=True;constructible=True;affordable=False;available=False;owned=2;upgradeTo=IndustrialCarbonizationRetort;research=SteamPower|Coking;workshop=;productivity=225.96;territory=1863]"
1413780,1413780,Conservative,"Building","Waiting","",1,"productivity or territory is insufficient [CokeOven:candidate=True;constructible=True;affordable=False;available=False;owned=2;upgradeTo=IndustrialCarbonizationRetort;research=SteamPower|Coking;workshop=;productivity=223.1;territory=1863]"
1414380,1414380,Conservative,"Building","Waiting","",1,"productivity or territory is insufficient [CokeOven:candidate=True;constructible=True;affordable=False;available=False;owned=2;upgradeTo=IndustrialCarbonizationRetort;research=SteamPower|Coking;workshop=;productivity=220.24;territory=1863]"
1414980,1414980,Conservative,"Building","Waiting","",1,"productivity or territory is insufficient [CokeOven:candidate=True;constructible=True;affordable=False;available=False;owned=2;upgradeTo=IndustrialCarbonizationRetort;research=SteamPower|Coking;workshop=;productivity=217.38;territory=1863]"
1415580,1416180,Conservative,"Building","Waiting","",2,"productivity or territory is insufficient [CokeOven:candidate=True;constructible=True;affordable=False;available=False;owned=2;upgradeTo=IndustrialCarbonizationRetort;research=SteamPower|Coking;workshop=;productivity=214.52;territory=1863]"
1416780,1417380,Conservative,"Building","Waiting","",2,"productivity or territory is insufficient [CokeOven:candidate=True;constructible=True;affordable=False;available=False;owned=2;upgradeTo=IndustrialCarbonizationRetort;research=SteamPower|Coking;workshop=;productivity=211.66;territory=1863]"
1417980,1420380,Conservative,"Building","Waiting","",5,"productivity or territory is insufficient [CokeOven:candidate=True;constructible=True;affordable=False;available=False;owned=2;upgradeTo=IndustrialCarbonizationRetort;research=SteamPower|Coking;workshop=;productivity=208.8;territory=1863]"
1420980,1432380,Conservative,"Building","Waiting","",20,"productivity or territory is insufficient [CokeOven:candidate=True;constructible=True;affordable=False;available=False;owned=2;upgradeTo=IndustrialCarbonizationRetort;research=SteamPower|Coking;workshop=;productivity=205.94;territory=1863]"
1432980,1432980,Conservative,"Building","Waiting","",1,"productivity or territory is insufficient [CokeOven:candidate=True;constructible=True;affordable=False;available=False;owned=2;upgradeTo=IndustrialCarbonizationRetort;research=SteamPower|Coking;workshop=;productivity=203.08;territory=1863]"
1433580,1433580,Conservative,"Building","Waiting","",1,"productivity or territory is insufficient [CokeOven:candidate=True;constructible=True;affordable=False;available=False;owned=2;upgradeTo=IndustrialCarbonizationRetort;research=SteamPower|Coking;workshop=;productivity=1352.8;territory=1863]"
1434180,1434180,Conservative,"Building","Waiting","",1,"productivity or territory is insufficient [CokeOven:candidate=True;constructible=True;affordable=False;available=False;owned=2;upgradeTo=IndustrialCarbonizationRetort;research=SteamPower|Coking;workshop=;productivity=1164.04;territory=1863]"
1434780,1434780,Conservative,"Building","Waiting","",1,"productivity or territory is insufficient [CokeOven:candidate=True;constructible=True;affordable=False;available=False;owned=2;upgradeTo=IndustrialCarbonizationRetort;research=SteamPower|Coking;workshop=;productivity=1003.88;territory=1863]"
1435380,1435380,Conservative,"Building","Waiting","",1,"productivity or territory is insufficient [CokeOven:candidate=True;constructible=True;affordable=False;available=False;owned=2;upgradeTo=IndustrialCarbonizationRetort;research=SteamPower|Coking;workshop=;productivity=869.46;territory=1863]"
1435980,1435980,Conservative,"Building","Waiting","",1,"productivity or territory is insufficient [CokeOven:candidate=True;constructible=True;affordable=False;available=False;owned=2;upgradeTo=IndustrialCarbonizationRetort;research=SteamPower|Coking;workshop=;productivity=760.78;territory=1863]"
1436580,1436580,Conservative,"Building","Waiting","",1,"productivity or territory is insufficient [CokeOven:candidate=True;constructible=True;affordable=False;available=False;owned=2;upgradeTo=IndustrialCarbonizationRetort;research=SteamPower|Coking;workshop=;productivity=666.4;territory=1863]"
1437180,1437180,Conservative,"Building","Waiting","",1,"productivity or territory is insufficient [CokeOven:candidate=True;constructible=True;affordable=False;available=False;owned=2;upgradeTo=IndustrialCarbonizationRetort;research=SteamPower|Coking;workshop=;productivity=589.18;territory=1863]"
1437780,1437780,Conservative,"Building","Waiting","",1,"productivity or territory is insufficient [CokeOven:candidate=True;constructible=True;affordable=False;available=False;owned=2;upgradeTo=IndustrialCarbonizationRetort;research=SteamPower|Coking;workshop=;productivity=526.26;territory=1863]"
1438380,1438380,Conservative,"Building","Waiting","",1,"productivity or territory is insufficient [CokeOven:candidate=True;constructible=True;affordable=False;available=False;owned=2;upgradeTo=IndustrialCarbonizationRetort;research=SteamPower|Coking;workshop=;productivity=471.92;territory=1863]"
1438980,1438980,Conservative,"Building","Waiting","",1,"productivity or territory is insufficient [CokeOven:candidate=True;constructible=True;affordable=False;available=False;owned=2;upgradeTo=IndustrialCarbonizationRetort;research=SteamPower|Coking;workshop=;productivity=429.02;territory=1863]"
1439580,1439580,Conservative,"Building","Waiting","",1,"productivity or territory is insufficient [CokeOven:candidate=True;constructible=True;affordable=False;available=False;owned=2;upgradeTo=IndustrialCarbonizationRetort;research=SteamPower|Coking;workshop=;productivity=391.84;territory=1863]"
1440180,1440180,Conservative,"Building","Waiting","",1,"productivity or territory is insufficient [CokeOven:candidate=True;constructible=True;affordable=False;available=False;owned=2;upgradeTo=IndustrialCarbonizationRetort;research=SteamPower|Coking;workshop=;productivity=360.38;territory=1863]"
1440780,1440780,Conservative,"Building","Waiting","",1,"productivity or territory is insufficient [CokeOven:candidate=True;constructible=True;affordable=False;available=False;owned=2;upgradeTo=IndustrialCarbonizationRetort;research=SteamPower|Coking;workshop=;productivity=334.64;territory=1863]"
1441380,1441380,Conservative,"Building","Waiting","",1,"productivity or territory is insufficient [CokeOven:candidate=True;constructible=True;affordable=False;available=False;owned=2;upgradeTo=IndustrialCarbonizationRetort;research=SteamPower|Coking;workshop=;productivity=311.76;territory=1863]"
1441980,1441980,Conservative,"Building","Waiting","",1,"productivity or territory is insufficient [CokeOven:candidate=True;constructible=True;affordable=False;available=False;owned=2;upgradeTo=IndustrialCarbonizationRetort;research=SteamPower|Coking;workshop=;productivity=294.6;territory=1863]"
1442580,1442580,Conservative,"Building","Waiting","",1,"productivity or territory is insufficient [CokeOven:candidate=True;constructible=True;affordable=False;available=False;owned=2;upgradeTo=IndustrialCarbonizationRetort;research=SteamPower|Coking;workshop=;productivity=280.3;territory=1863]"
1443180,1443180,Conservative,"Building","Waiting","",1,"productivity or territory is insufficient [CokeOven:candidate=True;constructible=True;affordable=False;available=False;owned=2;upgradeTo=IndustrialCarbonizationRetort;research=SteamPower|Coking;workshop=;productivity=266;territory=1863]"
1443780,1443780,Conservative,"Building","Waiting","",1,"productivity or territory is insufficient [CokeOven:candidate=True;constructible=True;affordable=False;available=False;owned=2;upgradeTo=IndustrialCarbonizationRetort;research=SteamPower|Coking;workshop=;productivity=257.42;territory=1863]"
1444380,1444380,Conservative,"Building","Waiting","",1,"productivity or territory is insufficient [CokeOven:candidate=True;constructible=True;affordable=False;available=False;owned=2;upgradeTo=IndustrialCarbonizationRetort;research=SteamPower|Coking;workshop=;productivity=248.84;territory=1863]"
1444980,1444980,Conservative,"Building","Waiting","",1,"productivity or territory is insufficient [CokeOven:candidate=True;constructible=True;affordable=False;available=False;owned=2;upgradeTo=IndustrialCarbonizationRetort;research=SteamPower|Coking;workshop=;productivity=240.26;territory=1863]"
1445580,1445580,Conservative,"Building","Waiting","",1,"productivity or territory is insufficient [CokeOven:candidate=True;constructible=True;affordable=False;available=False;owned=2;upgradeTo=IndustrialCarbonizationRetort;research=SteamPower|Coking;workshop=;productivity=234.54;territory=1863]"
1446180,1446180,Conservative,"Building","Waiting","",1,"productivity or territory is insufficient [CokeOven:candidate=True;constructible=True;affordable=False;available=False;owned=2;upgradeTo=IndustrialCarbonizationRetort;research=SteamPower|Coking;workshop=;productivity=231.68;territory=1863]"
1446780,1446780,Conservative,"Building","Waiting","",1,"productivity or territory is insufficient [CokeOven:candidate=True;constructible=True;affordable=False;available=False;owned=2;upgradeTo=IndustrialCarbonizationRetort;research=SteamPower|Coking;workshop=;productivity=225.96;territory=1863]"
1447380,1447380,Conservative,"Building","Waiting","",1,"productivity or territory is insufficient [CokeOven:candidate=True;constructible=True;affordable=False;available=False;owned=2;upgradeTo=IndustrialCarbonizationRetort;research=SteamPower|Coking;workshop=;productivity=223.1;territory=1863]"
1447980,1447980,Conservative,"Building","Waiting","",1,"productivity or territory is insufficient [CokeOven:candidate=True;constructible=True;affordable=False;available=False;owned=2;upgradeTo=IndustrialCarbonizationRetort;research=SteamPower|Coking;workshop=;productivity=220.24;territory=1863]"
1448580,1448580,Conservative,"Building","Waiting","",1,"productivity or territory is insufficient [CokeOven:candidate=True;constructible=True;affordable=False;available=False;owned=2;upgradeTo=IndustrialCarbonizationRetort;research=SteamPower|Coking;workshop=;productivity=217.38;territory=1863]"
1449180,1449780,Conservative,"Building","Waiting","",2,"productivity or territory is insufficient [CokeOven:candidate=True;constructible=True;affordable=False;available=False;owned=2;upgradeTo=IndustrialCarbonizationRetort;research=SteamPower|Coking;workshop=;productivity=214.52;territory=1863]"
1450380,1450980,Conservative,"Building","Waiting","",2,"productivity or territory is insufficient [CokeOven:candidate=True;constructible=True;affordable=False;available=False;owned=2;upgradeTo=IndustrialCarbonizationRetort;research=SteamPower|Coking;workshop=;productivity=211.66;territory=1863]"
1451580,1453980,Conservative,"Building","Waiting","",5,"productivity or territory is insufficient [CokeOven:candidate=True;constructible=True;affordable=False;available=False;owned=2;upgradeTo=IndustrialCarbonizationRetort;research=SteamPower|Coking;workshop=;productivity=208.8;territory=1863]"
1454580,1465980,Conservative,"Building","Waiting","",20,"productivity or territory is insufficient [CokeOven:candidate=True;constructible=True;affordable=False;available=False;owned=2;upgradeTo=IndustrialCarbonizationRetort;research=SteamPower|Coking;workshop=;productivity=205.94;territory=1863]"
1466580,1466580,Conservative,"Building","Waiting","",1,"productivity or territory is insufficient [CokeOven:candidate=True;constructible=True;affordable=False;available=False;owned=2;upgradeTo=IndustrialCarbonizationRetort;research=SteamPower|Coking;workshop=;productivity=203.08;territory=1863]"
1467180,1467180,Conservative,"Building","Waiting","",1,"productivity or territory is insufficient [CokeOven:candidate=True;constructible=True;affordable=False;available=False;owned=2;upgradeTo=IndustrialCarbonizationRetort;research=SteamPower|Coking;workshop=;productivity=1352.8;territory=1863]"
1467780,1467780,Conservative,"Building","Waiting","",1,"productivity or territory is insufficient [CokeOven:candidate=True;constructible=True;affordable=False;available=False;owned=2;upgradeTo=IndustrialCarbonizationRetort;research=SteamPower|Coking;workshop=;productivity=1164.04;territory=1863]"
1468380,1468380,Conservative,"Building","Waiting","",1,"productivity or territory is insufficient [CokeOven:candidate=True;constructible=True;affordable=False;available=False;owned=2;upgradeTo=IndustrialCarbonizationRetort;research=SteamPower|Coking;workshop=;productivity=1003.88;territory=1863]"
1468980,1468980,Conservative,"Building","Waiting","",1,"productivity or territory is insufficient [CokeOven:candidate=True;constructible=True;affordable=False;available=False;owned=2;upgradeTo=IndustrialCarbonizationRetort;research=SteamPower|Coking;workshop=;productivity=869.46;territory=1863]"
1469580,1469580,Conservative,"Building","Waiting","",1,"productivity or territory is insufficient [CokeOven:candidate=True;constructible=True;affordable=False;available=False;owned=2;upgradeTo=IndustrialCarbonizationRetort;research=SteamPower|Coking;workshop=;productivity=760.78;territory=1863]"
1470180,1470180,Conservative,"Building","Waiting","",1,"productivity or territory is insufficient [CokeOven:candidate=True;constructible=True;affordable=False;available=False;owned=2;upgradeTo=IndustrialCarbonizationRetort;research=SteamPower|Coking;workshop=;productivity=666.4;territory=1863]"
1470780,1470780,Conservative,"Building","Waiting","",1,"productivity or territory is insufficient [CokeOven:candidate=True;constructible=True;affordable=False;available=False;owned=2;upgradeTo=IndustrialCarbonizationRetort;research=SteamPower|Coking;workshop=;productivity=589.18;territory=1863]"
1471380,1471380,Conservative,"Building","Waiting","",1,"productivity or territory is insufficient [CokeOven:candidate=True;constructible=True;affordable=False;available=False;owned=2;upgradeTo=IndustrialCarbonizationRetort;research=SteamPower|Coking;workshop=;productivity=526.26;territory=1863]"
1471980,1471980,Conservative,"Building","Waiting","",1,"productivity or territory is insufficient [CokeOven:candidate=True;constructible=True;affordable=False;available=False;owned=2;upgradeTo=IndustrialCarbonizationRetort;research=SteamPower|Coking;workshop=;productivity=471.92;territory=1863]"
1472580,1472580,Conservative,"Building","Waiting","",1,"productivity or territory is insufficient [CokeOven:candidate=True;constructible=True;affordable=False;available=False;owned=2;upgradeTo=IndustrialCarbonizationRetort;research=SteamPower|Coking;workshop=;productivity=429.02;territory=1863]"
1473180,1473180,Conservative,"Building","Waiting","",1,"productivity or territory is insufficient [CokeOven:candidate=True;constructible=True;affordable=False;available=False;owned=2;upgradeTo=IndustrialCarbonizationRetort;research=SteamPower|Coking;workshop=;productivity=391.84;territory=1863]"
1473780,1473780,Conservative,"Building","Waiting","",1,"productivity or territory is insufficient [CokeOven:candidate=True;constructible=True;affordable=False;available=False;owned=2;upgradeTo=IndustrialCarbonizationRetort;research=SteamPower|Coking;workshop=;productivity=360.38;territory=1863]"
1474380,1474380,Conservative,"Building","Waiting","",1,"productivity or territory is insufficient [CokeOven:candidate=True;constructible=True;affordable=False;available=False;owned=2;upgradeTo=IndustrialCarbonizationRetort;research=SteamPower|Coking;workshop=;productivity=334.64;territory=1863]"
1474980,1474980,Conservative,"Building","Waiting","",1,"productivity or territory is insufficient [CokeOven:candidate=True;constructible=True;affordable=False;available=False;owned=2;upgradeTo=IndustrialCarbonizationRetort;research=SteamPower|Coking;workshop=;productivity=311.76;territory=1863]"
1475580,1475580,Conservative,"Building","Waiting","",1,"productivity or territory is insufficient [CokeOven:candidate=True;constructible=True;affordable=False;available=False;owned=2;upgradeTo=IndustrialCarbonizationRetort;research=SteamPower|Coking;workshop=;productivity=294.6;territory=1863]"
1476180,1476180,Conservative,"Building","Waiting","",1,"productivity or territory is insufficient [CokeOven:candidate=True;constructible=True;affordable=False;available=False;owned=2;upgradeTo=IndustrialCarbonizationRetort;research=SteamPower|Coking;workshop=;productivity=280.3;territory=1863]"
1476780,1476780,Conservative,"Building","Waiting","",1,"productivity or territory is insufficient [CokeOven:candidate=True;constructible=True;affordable=False;available=False;owned=2;upgradeTo=IndustrialCarbonizationRetort;research=SteamPower|Coking;workshop=;productivity=266;territory=1863]"
1477380,1477380,Conservative,"Building","Waiting","",1,"productivity or territory is insufficient [CokeOven:candidate=True;constructible=True;affordable=False;available=False;owned=2;upgradeTo=IndustrialCarbonizationRetort;research=SteamPower|Coking;workshop=;productivity=257.42;territory=1863]"
1477980,1477980,Conservative,"Building","Waiting","",1,"productivity or territory is insufficient [CokeOven:candidate=True;constructible=True;affordable=False;available=False;owned=2;upgradeTo=IndustrialCarbonizationRetort;research=SteamPower|Coking;workshop=;productivity=248.84;territory=1863]"
1478580,1478580,Conservative,"Building","Waiting","",1,"productivity or territory is insufficient [CokeOven:candidate=True;constructible=True;affordable=False;available=False;owned=2;upgradeTo=IndustrialCarbonizationRetort;research=SteamPower|Coking;workshop=;productivity=240.26;territory=1863]"
1479180,1479180,Conservative,"Building","Waiting","",1,"productivity or territory is insufficient [CokeOven:candidate=True;constructible=True;affordable=False;available=False;owned=2;upgradeTo=IndustrialCarbonizationRetort;research=SteamPower|Coking;workshop=;productivity=234.54;territory=1863]"
1479780,1479780,Conservative,"Building","Waiting","",1,"productivity or territory is insufficient [CokeOven:candidate=True;constructible=True;affordable=False;available=False;owned=2;upgradeTo=IndustrialCarbonizationRetort;research=SteamPower|Coking;workshop=;productivity=231.68;territory=1863]"
1480380,1480380,Conservative,"Building","Waiting","",1,"productivity or territory is insufficient [CokeOven:candidate=True;constructible=True;affordable=False;available=False;owned=2;upgradeTo=IndustrialCarbonizationRetort;research=SteamPower|Coking;workshop=;productivity=225.96;territory=1863]"
1480980,1480980,Conservative,"Building","Waiting","",1,"productivity or territory is insufficient [CokeOven:candidate=True;constructible=True;affordable=False;available=False;owned=2;upgradeTo=IndustrialCarbonizationRetort;research=SteamPower|Coking;workshop=;productivity=223.1;territory=1863]"
1481580,1481580,Conservative,"Building","Waiting","",1,"productivity or territory is insufficient [CokeOven:candidate=True;constructible=True;affordable=False;available=False;owned=2;upgradeTo=IndustrialCarbonizationRetort;research=SteamPower|Coking;workshop=;productivity=220.24;territory=1863]"
1482180,1482180,Conservative,"Building","Waiting","",1,"productivity or territory is insufficient [CokeOven:candidate=True;constructible=True;affordable=False;available=False;owned=2;upgradeTo=IndustrialCarbonizationRetort;research=SteamPower|Coking;workshop=;productivity=217.38;territory=1863]"
1482780,1483380,Conservative,"Building","Waiting","",2,"productivity or territory is insufficient [CokeOven:candidate=True;constructible=True;affordable=False;available=False;owned=2;upgradeTo=IndustrialCarbonizationRetort;research=SteamPower|Coking;workshop=;productivity=214.52;territory=1863]"
1483980,1484580,Conservative,"Building","Waiting","",2,"productivity or territory is insufficient [CokeOven:candidate=True;constructible=True;affordable=False;available=False;owned=2;upgradeTo=IndustrialCarbonizationRetort;research=SteamPower|Coking;workshop=;productivity=211.66;territory=1863]"
1485180,1487580,Conservative,"Building","Waiting","",5,"productivity or territory is insufficient [CokeOven:candidate=True;constructible=True;affordable=False;available=False;owned=2;upgradeTo=IndustrialCarbonizationRetort;research=SteamPower|Coking;workshop=;productivity=208.8;territory=1863]"
1488180,1499580,Conservative,"Building","Waiting","",20,"productivity or territory is insufficient [CokeOven:candidate=True;constructible=True;affordable=False;available=False;owned=2;upgradeTo=IndustrialCarbonizationRetort;research=SteamPower|Coking;workshop=;productivity=205.94;territory=1863]"
1500180,1500180,Conservative,"Building","Waiting","",1,"productivity or territory is insufficient [CokeOven:candidate=True;constructible=True;affordable=False;available=False;owned=2;upgradeTo=IndustrialCarbonizationRetort;research=SteamPower|Coking;workshop=;productivity=203.08;territory=1863]"
1500780,1500780,Conservative,"Building","Waiting","",1,"productivity or territory is insufficient [CokeOven:candidate=True;constructible=True;affordable=False;available=False;owned=2;upgradeTo=IndustrialCarbonizationRetort;research=SteamPower|Coking;workshop=;productivity=1352.8;territory=1863]"
1501380,1501380,Conservative,"Building","Waiting","",1,"productivity or territory is insufficient [CokeOven:candidate=True;constructible=True;affordable=False;available=False;owned=2;upgradeTo=IndustrialCarbonizationRetort;research=SteamPower|Coking;workshop=;productivity=1164.04;territory=1863]"
1501980,1501980,Conservative,"Building","Waiting","",1,"productivity or territory is insufficient [CokeOven:candidate=True;constructible=True;affordable=False;available=False;owned=2;upgradeTo=IndustrialCarbonizationRetort;research=SteamPower|Coking;workshop=;productivity=1003.88;territory=1863]"
1502580,1502580,Conservative,"Building","Waiting","",1,"productivity or territory is insufficient [CokeOven:candidate=True;constructible=True;affordable=False;available=False;owned=2;upgradeTo=IndustrialCarbonizationRetort;research=SteamPower|Coking;workshop=;productivity=869.46;territory=1863]"
1503180,1503180,Conservative,"Building","Waiting","",1,"productivity or territory is insufficient [CokeOven:candidate=True;constructible=True;affordable=False;available=False;owned=2;upgradeTo=IndustrialCarbonizationRetort;research=SteamPower|Coking;workshop=;productivity=760.78;territory=1863]"
1503780,1503780,Conservative,"Building","Waiting","",1,"productivity or territory is insufficient [CokeOven:candidate=True;constructible=True;affordable=False;available=False;owned=2;upgradeTo=IndustrialCarbonizationRetort;research=SteamPower|Coking;workshop=;productivity=666.4;territory=1863]"
1504380,1504380,Conservative,"Building","Waiting","",1,"productivity or territory is insufficient [CokeOven:candidate=True;constructible=True;affordable=False;available=False;owned=2;upgradeTo=IndustrialCarbonizationRetort;research=SteamPower|Coking;workshop=;productivity=589.18;territory=1863]"
1504980,1504980,Conservative,"Building","Waiting","",1,"productivity or territory is insufficient [CokeOven:candidate=True;constructible=True;affordable=False;available=False;owned=2;upgradeTo=IndustrialCarbonizationRetort;research=SteamPower|Coking;workshop=;productivity=526.26;territory=1863]"
1505580,1505580,Conservative,"Building","Waiting","",1,"productivity or territory is insufficient [CokeOven:candidate=True;constructible=True;affordable=False;available=False;owned=2;upgradeTo=IndustrialCarbonizationRetort;research=SteamPower|Coking;workshop=;productivity=471.92;territory=1863]"
1506180,1506180,Conservative,"Building","Waiting","",1,"productivity or territory is insufficient [CokeOven:candidate=True;constructible=True;affordable=False;available=False;owned=2;upgradeTo=IndustrialCarbonizationRetort;research=SteamPower|Coking;workshop=;productivity=429.02;territory=1863]"
1506780,1506780,Conservative,"Building","Waiting","",1,"productivity or territory is insufficient [CokeOven:candidate=True;constructible=True;affordable=False;available=False;owned=2;upgradeTo=IndustrialCarbonizationRetort;research=SteamPower|Coking;workshop=;productivity=391.84;territory=1863]"
1507380,1507380,Conservative,"Building","Waiting","",1,"productivity or territory is insufficient [CokeOven:candidate=True;constructible=True;affordable=False;available=False;owned=2;upgradeTo=IndustrialCarbonizationRetort;research=SteamPower|Coking;workshop=;productivity=360.38;territory=1863]"
1507980,1507980,Conservative,"Building","Waiting","",1,"productivity or territory is insufficient [CokeOven:candidate=True;constructible=True;affordable=False;available=False;owned=2;upgradeTo=IndustrialCarbonizationRetort;research=SteamPower|Coking;workshop=;productivity=334.64;territory=1863]"
1508580,1508580,Conservative,"Building","Waiting","",1,"productivity or territory is insufficient [CokeOven:candidate=True;constructible=True;affordable=False;available=False;owned=2;upgradeTo=IndustrialCarbonizationRetort;research=SteamPower|Coking;workshop=;productivity=311.76;territory=1863]"
1509180,1509180,Conservative,"Building","Waiting","",1,"productivity or territory is insufficient [CokeOven:candidate=True;constructible=True;affordable=False;available=False;owned=2;upgradeTo=IndustrialCarbonizationRetort;research=SteamPower|Coking;workshop=;productivity=294.6;territory=1863]"
1509780,1509780,Conservative,"Building","Waiting","",1,"productivity or territory is insufficient [CokeOven:candidate=True;constructible=True;affordable=False;available=False;owned=2;upgradeTo=IndustrialCarbonizationRetort;research=SteamPower|Coking;workshop=;productivity=280.3;territory=1863]"
1510380,1510380,Conservative,"Building","Waiting","",1,"productivity or territory is insufficient [CokeOven:candidate=True;constructible=True;affordable=False;available=False;owned=2;upgradeTo=IndustrialCarbonizationRetort;research=SteamPower|Coking;workshop=;productivity=266;territory=1863]"
1510980,1510980,Conservative,"Building","Waiting","",1,"productivity or territory is insufficient [CokeOven:candidate=True;constructible=True;affordable=False;available=False;owned=2;upgradeTo=IndustrialCarbonizationRetort;research=SteamPower|Coking;workshop=;productivity=257.42;territory=1863]"
1511580,1511580,Conservative,"Building","Waiting","",1,"productivity or territory is insufficient [CokeOven:candidate=True;constructible=True;affordable=False;available=False;owned=2;upgradeTo=IndustrialCarbonizationRetort;research=SteamPower|Coking;workshop=;productivity=248.84;territory=1863]"
1512180,1512180,Conservative,"Building","Waiting","",1,"productivity or territory is insufficient [CokeOven:candidate=True;constructible=True;affordable=False;available=False;owned=2;upgradeTo=IndustrialCarbonizationRetort;research=SteamPower|Coking;workshop=;productivity=240.26;territory=1863]"
1512780,1512780,Conservative,"Building","Waiting","",1,"productivity or territory is insufficient [CokeOven:candidate=True;constructible=True;affordable=False;available=False;owned=2;upgradeTo=IndustrialCarbonizationRetort;research=SteamPower|Coking;workshop=;productivity=234.54;territory=1863]"
1513380,1513380,Conservative,"Building","Waiting","",1,"productivity or territory is insufficient [CokeOven:candidate=True;constructible=True;affordable=False;available=False;owned=2;upgradeTo=IndustrialCarbonizationRetort;research=SteamPower|Coking;workshop=;productivity=231.68;territory=1863]"
1513980,1513980,Conservative,"Building","Waiting","",1,"productivity or territory is insufficient [CokeOven:candidate=True;constructible=True;affordable=False;available=False;owned=2;upgradeTo=IndustrialCarbonizationRetort;research=SteamPower|Coking;workshop=;productivity=225.96;territory=1863]"
1514580,1514580,Conservative,"Building","Waiting","",1,"productivity or territory is insufficient [CokeOven:candidate=True;constructible=True;affordable=False;available=False;owned=2;upgradeTo=IndustrialCarbonizationRetort;research=SteamPower|Coking;workshop=;productivity=223.1;territory=1863]"
1515180,1515180,Conservative,"Building","Waiting","",1,"productivity or territory is insufficient [CokeOven:candidate=True;constructible=True;affordable=False;available=False;owned=2;upgradeTo=IndustrialCarbonizationRetort;research=SteamPower|Coking;workshop=;productivity=220.24;territory=1863]"
1515780,1515780,Conservative,"Building","Waiting","",1,"productivity or territory is insufficient [CokeOven:candidate=True;constructible=True;affordable=False;available=False;owned=2;upgradeTo=IndustrialCarbonizationRetort;research=SteamPower|Coking;workshop=;productivity=217.38;territory=1863]"
1516380,1516980,Conservative,"Building","Waiting","",2,"productivity or territory is insufficient [CokeOven:candidate=True;constructible=True;affordable=False;available=False;owned=2;upgradeTo=IndustrialCarbonizationRetort;research=SteamPower|Coking;workshop=;productivity=214.52;territory=1863]"
1517580,1518180,Conservative,"Building","Waiting","",2,"productivity or territory is insufficient [CokeOven:candidate=True;constructible=True;affordable=False;available=False;owned=2;upgradeTo=IndustrialCarbonizationRetort;research=SteamPower|Coking;workshop=;productivity=211.66;territory=1863]"
1518780,1521180,Conservative,"Building","Waiting","",5,"productivity or territory is insufficient [CokeOven:candidate=True;constructible=True;affordable=False;available=False;owned=2;upgradeTo=IndustrialCarbonizationRetort;research=SteamPower|Coking;workshop=;productivity=208.8;territory=1863]"
1521780,1533180,Conservative,"Building","Waiting","",20,"productivity or territory is insufficient [CokeOven:candidate=True;constructible=True;affordable=False;available=False;owned=2;upgradeTo=IndustrialCarbonizationRetort;research=SteamPower|Coking;workshop=;productivity=205.94;territory=1863]"
1533780,1533780,Conservative,"Building","Waiting","",1,"productivity or territory is insufficient [CokeOven:candidate=True;constructible=True;affordable=False;available=False;owned=2;upgradeTo=IndustrialCarbonizationRetort;research=SteamPower|Coking;workshop=;productivity=203.08;territory=1863]"
1534380,1534380,Conservative,"Building","Waiting","",1,"productivity or territory is insufficient [CokeOven:candidate=True;constructible=True;affordable=False;available=False;owned=2;upgradeTo=IndustrialCarbonizationRetort;research=SteamPower|Coking;workshop=;productivity=1352.8;territory=1863]"
1534980,1534980,Conservative,"Building","Waiting","",1,"productivity or territory is insufficient [CokeOven:candidate=True;constructible=True;affordable=False;available=False;owned=2;upgradeTo=IndustrialCarbonizationRetort;research=SteamPower|Coking;workshop=;productivity=1164.04;territory=1863]"
1535580,1535580,Conservative,"Building","Waiting","",1,"productivity or territory is insufficient [CokeOven:candidate=True;constructible=True;affordable=False;available=False;owned=2;upgradeTo=IndustrialCarbonizationRetort;research=SteamPower|Coking;workshop=;productivity=1003.88;territory=1863]"
1536180,1536180,Conservative,"Building","Waiting","",1,"productivity or territory is insufficient [CokeOven:candidate=True;constructible=True;affordable=False;available=False;owned=2;upgradeTo=IndustrialCarbonizationRetort;research=SteamPower|Coking;workshop=;productivity=869.46;territory=1863]"
1536780,1536780,Conservative,"Building","Waiting","",1,"productivity or territory is insufficient [CokeOven:candidate=True;constructible=True;affordable=False;available=False;owned=2;upgradeTo=IndustrialCarbonizationRetort;research=SteamPower|Coking;workshop=;productivity=760.78;territory=1863]"
1537380,1537380,Conservative,"Building","Waiting","",1,"productivity or territory is insufficient [CokeOven:candidate=True;constructible=True;affordable=False;available=False;owned=2;upgradeTo=IndustrialCarbonizationRetort;research=SteamPower|Coking;workshop=;productivity=666.4;territory=1863]"
1537980,1537980,Conservative,"Building","Waiting","",1,"productivity or territory is insufficient [CokeOven:candidate=True;constructible=True;affordable=False;available=False;owned=2;upgradeTo=IndustrialCarbonizationRetort;research=SteamPower|Coking;workshop=;productivity=589.18;territory=1863]"
1538580,1538580,Conservative,"Building","Waiting","",1,"productivity or territory is insufficient [CokeOven:candidate=True;constructible=True;affordable=False;available=False;owned=2;upgradeTo=IndustrialCarbonizationRetort;research=SteamPower|Coking;workshop=;productivity=526.26;territory=1863]"
1539180,1539180,Conservative,"Building","Waiting","",1,"productivity or territory is insufficient [CokeOven:candidate=True;constructible=True;affordable=False;available=False;owned=2;upgradeTo=IndustrialCarbonizationRetort;research=SteamPower|Coking;workshop=;productivity=471.92;territory=1863]"
1539780,1539780,Conservative,"Building","Waiting","",1,"productivity or territory is insufficient [CokeOven:candidate=True;constructible=True;affordable=False;available=False;owned=2;upgradeTo=IndustrialCarbonizationRetort;research=SteamPower|Coking;workshop=;productivity=429.02;territory=1863]"
1540380,1540380,Conservative,"Building","Waiting","",1,"productivity or territory is insufficient [CokeOven:candidate=True;constructible=True;affordable=False;available=False;owned=2;upgradeTo=IndustrialCarbonizationRetort;research=SteamPower|Coking;workshop=;productivity=391.84;territory=1863]"
1540980,1540980,Conservative,"Building","Waiting","",1,"productivity or territory is insufficient [CokeOven:candidate=True;constructible=True;affordable=False;available=False;owned=2;upgradeTo=IndustrialCarbonizationRetort;research=SteamPower|Coking;workshop=;productivity=360.38;territory=1863]"
1541580,1541580,Conservative,"Building","Waiting","",1,"productivity or territory is insufficient [CokeOven:candidate=True;constructible=True;affordable=False;available=False;owned=2;upgradeTo=IndustrialCarbonizationRetort;research=SteamPower|Coking;workshop=;productivity=334.64;territory=1863]"
1542180,1542180,Conservative,"Building","Waiting","",1,"productivity or territory is insufficient [CokeOven:candidate=True;constructible=True;affordable=False;available=False;owned=2;upgradeTo=IndustrialCarbonizationRetort;research=SteamPower|Coking;workshop=;productivity=311.76;territory=1863]"
1542780,1542780,Conservative,"Building","Waiting","",1,"productivity or territory is insufficient [CokeOven:candidate=True;constructible=True;affordable=False;available=False;owned=2;upgradeTo=IndustrialCarbonizationRetort;research=SteamPower|Coking;workshop=;productivity=294.6;territory=1863]"
1543380,1543380,Conservative,"Building","Waiting","",1,"productivity or territory is insufficient [CokeOven:candidate=True;constructible=True;affordable=False;available=False;owned=2;upgradeTo=IndustrialCarbonizationRetort;research=SteamPower|Coking;workshop=;productivity=280.3;territory=1863]"
1543980,1543980,Conservative,"Building","Waiting","",1,"productivity or territory is insufficient [CokeOven:candidate=True;constructible=True;affordable=False;available=False;owned=2;upgradeTo=IndustrialCarbonizationRetort;research=SteamPower|Coking;workshop=;productivity=266;territory=1863]"
1544580,1544580,Conservative,"Building","Waiting","",1,"productivity or territory is insufficient [CokeOven:candidate=True;constructible=True;affordable=False;available=False;owned=2;upgradeTo=IndustrialCarbonizationRetort;research=SteamPower|Coking;workshop=;productivity=257.42;territory=1863]"
1545180,1545180,Conservative,"Building","Waiting","",1,"productivity or territory is insufficient [CokeOven:candidate=True;constructible=True;affordable=False;available=False;owned=2;upgradeTo=IndustrialCarbonizationRetort;research=SteamPower|Coking;workshop=;productivity=248.84;territory=1863]"
1545780,1545780,Conservative,"Building","Waiting","",1,"productivity or territory is insufficient [CokeOven:candidate=True;constructible=True;affordable=False;available=False;owned=2;upgradeTo=IndustrialCarbonizationRetort;research=SteamPower|Coking;workshop=;productivity=240.26;territory=1863]"
1546380,1546380,Conservative,"Building","Waiting","",1,"productivity or territory is insufficient [CokeOven:candidate=True;constructible=True;affordable=False;available=False;owned=2;upgradeTo=IndustrialCarbonizationRetort;research=SteamPower|Coking;workshop=;productivity=234.54;territory=1863]"
1546980,1546980,Conservative,"Building","Waiting","",1,"productivity or territory is insufficient [CokeOven:candidate=True;constructible=True;affordable=False;available=False;owned=2;upgradeTo=IndustrialCarbonizationRetort;research=SteamPower|Coking;workshop=;productivity=231.68;territory=1863]"
1547580,1547580,Conservative,"Building","Waiting","",1,"productivity or territory is insufficient [CokeOven:candidate=True;constructible=True;affordable=False;available=False;owned=2;upgradeTo=IndustrialCarbonizationRetort;research=SteamPower|Coking;workshop=;productivity=225.96;territory=1863]"
1548180,1548180,Conservative,"Building","Waiting","",1,"productivity or territory is insufficient [CokeOven:candidate=True;constructible=True;affordable=False;available=False;owned=2;upgradeTo=IndustrialCarbonizationRetort;research=SteamPower|Coking;workshop=;productivity=223.1;territory=1863]"
1548780,1548780,Conservative,"Building","Waiting","",1,"productivity or territory is insufficient [CokeOven:candidate=True;constructible=True;affordable=False;available=False;owned=2;upgradeTo=IndustrialCarbonizationRetort;research=SteamPower|Coking;workshop=;productivity=220.24;territory=1863]"
1549380,1549380,Conservative,"Building","Waiting","",1,"productivity or territory is insufficient [CokeOven:candidate=True;constructible=True;affordable=False;available=False;owned=2;upgradeTo=IndustrialCarbonizationRetort;research=SteamPower|Coking;workshop=;productivity=217.38;territory=1863]"
1549980,1550580,Conservative,"Building","Waiting","",2,"productivity or territory is insufficient [CokeOven:candidate=True;constructible=True;affordable=False;available=False;owned=2;upgradeTo=IndustrialCarbonizationRetort;research=SteamPower|Coking;workshop=;productivity=214.52;territory=1863]"
1551180,1551780,Conservative,"Building","Waiting","",2,"productivity or territory is insufficient [CokeOven:candidate=True;constructible=True;affordable=False;available=False;owned=2;upgradeTo=IndustrialCarbonizationRetort;research=SteamPower|Coking;workshop=;productivity=211.66;territory=1863]"
1552380,1554780,Conservative,"Building","Waiting","",5,"productivity or territory is insufficient [CokeOven:candidate=True;constructible=True;affordable=False;available=False;owned=2;upgradeTo=IndustrialCarbonizationRetort;research=SteamPower|Coking;workshop=;productivity=208.8;territory=1863]"
1555380,1566780,Conservative,"Building","Waiting","",20,"productivity or territory is insufficient [CokeOven:candidate=True;constructible=True;affordable=False;available=False;owned=2;upgradeTo=IndustrialCarbonizationRetort;research=SteamPower|Coking;workshop=;productivity=205.94;territory=1863]"
1567380,1567380,Conservative,"Building","Waiting","",1,"productivity or territory is insufficient [CokeOven:candidate=True;constructible=True;affordable=False;available=False;owned=2;upgradeTo=IndustrialCarbonizationRetort;research=SteamPower|Coking;workshop=;productivity=203.08;territory=1863]"
1567980,1567980,Conservative,"Building","Waiting","",1,"productivity or territory is insufficient [CokeOven:candidate=True;constructible=True;affordable=False;available=False;owned=2;upgradeTo=IndustrialCarbonizationRetort;research=SteamPower|Coking;workshop=;productivity=1352.8;territory=1863]"
1568580,1568580,Conservative,"Building","Waiting","",1,"productivity or territory is insufficient [CokeOven:candidate=True;constructible=True;affordable=False;available=False;owned=2;upgradeTo=IndustrialCarbonizationRetort;research=SteamPower|Coking;workshop=;productivity=1164.04;territory=1863]"
1569180,1569180,Conservative,"Building","Waiting","",1,"productivity or territory is insufficient [CokeOven:candidate=True;constructible=True;affordable=False;available=False;owned=2;upgradeTo=IndustrialCarbonizationRetort;research=SteamPower|Coking;workshop=;productivity=1003.88;territory=1863]"
1569780,1569780,Conservative,"Building","Waiting","",1,"productivity or territory is insufficient [CokeOven:candidate=True;constructible=True;affordable=False;available=False;owned=2;upgradeTo=IndustrialCarbonizationRetort;research=SteamPower|Coking;workshop=;productivity=869.46;territory=1863]"
1570380,1570380,Conservative,"Building","Waiting","",1,"productivity or territory is insufficient [CokeOven:candidate=True;constructible=True;affordable=False;available=False;owned=2;upgradeTo=IndustrialCarbonizationRetort;research=SteamPower|Coking;workshop=;productivity=760.78;territory=1863]"
1570980,1570980,Conservative,"Building","Waiting","",1,"productivity or territory is insufficient [CokeOven:candidate=True;constructible=True;affordable=False;available=False;owned=2;upgradeTo=IndustrialCarbonizationRetort;research=SteamPower|Coking;workshop=;productivity=666.4;territory=1863]"
1571580,1571580,Conservative,"Building","Waiting","",1,"productivity or territory is insufficient [CokeOven:candidate=True;constructible=True;affordable=False;available=False;owned=2;upgradeTo=IndustrialCarbonizationRetort;research=SteamPower|Coking;workshop=;productivity=589.18;territory=1863]"
1572180,1572180,Conservative,"Building","Waiting","",1,"productivity or territory is insufficient [CokeOven:candidate=True;constructible=True;affordable=False;available=False;owned=2;upgradeTo=IndustrialCarbonizationRetort;research=SteamPower|Coking;workshop=;productivity=526.26;territory=1863]"
1572780,1572780,Conservative,"Building","Waiting","",1,"productivity or territory is insufficient [CokeOven:candidate=True;constructible=True;affordable=False;available=False;owned=2;upgradeTo=IndustrialCarbonizationRetort;research=SteamPower|Coking;workshop=;productivity=471.92;territory=1863]"
1573380,1573380,Conservative,"Building","Waiting","",1,"productivity or territory is insufficient [CokeOven:candidate=True;constructible=True;affordable=False;available=False;owned=2;upgradeTo=IndustrialCarbonizationRetort;research=SteamPower|Coking;workshop=;productivity=429.02;territory=1863]"
1573980,1573980,Conservative,"Building","Waiting","",1,"productivity or territory is insufficient [CokeOven:candidate=True;constructible=True;affordable=False;available=False;owned=2;upgradeTo=IndustrialCarbonizationRetort;research=SteamPower|Coking;workshop=;productivity=391.84;territory=1863]"
1574580,1574580,Conservative,"Building","Waiting","",1,"productivity or territory is insufficient [CokeOven:candidate=True;constructible=True;affordable=False;available=False;owned=2;upgradeTo=IndustrialCarbonizationRetort;research=SteamPower|Coking;workshop=;productivity=360.38;territory=1863]"
1575180,1575180,Conservative,"Building","Waiting","",1,"productivity or territory is insufficient [CokeOven:candidate=True;constructible=True;affordable=False;available=False;owned=2;upgradeTo=IndustrialCarbonizationRetort;research=SteamPower|Coking;workshop=;productivity=334.64;territory=1863]"
1575780,1575780,Conservative,"Building","Waiting","",1,"productivity or territory is insufficient [CokeOven:candidate=True;constructible=True;affordable=False;available=False;owned=2;upgradeTo=IndustrialCarbonizationRetort;research=SteamPower|Coking;workshop=;productivity=311.76;territory=1863]"
1576380,1576380,Conservative,"Building","Waiting","",1,"productivity or territory is insufficient [CokeOven:candidate=True;constructible=True;affordable=False;available=False;owned=2;upgradeTo=IndustrialCarbonizationRetort;research=SteamPower|Coking;workshop=;productivity=294.6;territory=1863]"
1576980,1576980,Conservative,"Building","Waiting","",1,"productivity or territory is insufficient [CokeOven:candidate=True;constructible=True;affordable=False;available=False;owned=2;upgradeTo=IndustrialCarbonizationRetort;research=SteamPower|Coking;workshop=;productivity=280.3;territory=1863]"
1577580,1577580,Conservative,"Building","Waiting","",1,"productivity or territory is insufficient [CokeOven:candidate=True;constructible=True;affordable=False;available=False;owned=2;upgradeTo=IndustrialCarbonizationRetort;research=SteamPower|Coking;workshop=;productivity=266;territory=1863]"
1578180,1578180,Conservative,"Building","Waiting","",1,"productivity or territory is insufficient [CokeOven:candidate=True;constructible=True;affordable=False;available=False;owned=2;upgradeTo=IndustrialCarbonizationRetort;research=SteamPower|Coking;workshop=;productivity=257.42;territory=1863]"
1578780,1578780,Conservative,"Building","Waiting","",1,"productivity or territory is insufficient [CokeOven:candidate=True;constructible=True;affordable=False;available=False;owned=2;upgradeTo=IndustrialCarbonizationRetort;research=SteamPower|Coking;workshop=;productivity=248.84;territory=1863]"
1579380,1579380,Conservative,"Building","Waiting","",1,"productivity or territory is insufficient [CokeOven:candidate=True;constructible=True;affordable=False;available=False;owned=2;upgradeTo=IndustrialCarbonizationRetort;research=SteamPower|Coking;workshop=;productivity=240.26;territory=1863]"
1579980,1579980,Conservative,"Building","Waiting","",1,"productivity or territory is insufficient [CokeOven:candidate=True;constructible=True;affordable=False;available=False;owned=2;upgradeTo=IndustrialCarbonizationRetort;research=SteamPower|Coking;workshop=;productivity=234.54;territory=1863]"
1580580,1580580,Conservative,"Building","Waiting","",1,"productivity or territory is insufficient [CokeOven:candidate=True;constructible=True;affordable=False;available=False;owned=2;upgradeTo=IndustrialCarbonizationRetort;research=SteamPower|Coking;workshop=;productivity=231.68;territory=1863]"
1581180,1581180,Conservative,"Building","Waiting","",1,"productivity or territory is insufficient [CokeOven:candidate=True;constructible=True;affordable=False;available=False;owned=2;upgradeTo=IndustrialCarbonizationRetort;research=SteamPower|Coking;workshop=;productivity=225.96;territory=1863]"
1581780,1581780,Conservative,"Building","Waiting","",1,"productivity or territory is insufficient [CokeOven:candidate=True;constructible=True;affordable=False;available=False;owned=2;upgradeTo=IndustrialCarbonizationRetort;research=SteamPower|Coking;workshop=;productivity=223.1;territory=1863]"
1582380,1582380,Conservative,"Building","Waiting","",1,"productivity or territory is insufficient [CokeOven:candidate=True;constructible=True;affordable=False;available=False;owned=2;upgradeTo=IndustrialCarbonizationRetort;research=SteamPower|Coking;workshop=;productivity=220.24;territory=1863]"
1582980,1582980,Conservative,"Building","Waiting","",1,"productivity or territory is insufficient [CokeOven:candidate=True;constructible=True;affordable=False;available=False;owned=2;upgradeTo=IndustrialCarbonizationRetort;research=SteamPower|Coking;workshop=;productivity=217.38;territory=1863]"
1583580,1584180,Conservative,"Building","Waiting","",2,"productivity or territory is insufficient [CokeOven:candidate=True;constructible=True;affordable=False;available=False;owned=2;upgradeTo=IndustrialCarbonizationRetort;research=SteamPower|Coking;workshop=;productivity=214.52;territory=1863]"
1584780,1585380,Conservative,"Building","Waiting","",2,"productivity or territory is insufficient [CokeOven:candidate=True;constructible=True;affordable=False;available=False;owned=2;upgradeTo=IndustrialCarbonizationRetort;research=SteamPower|Coking;workshop=;productivity=211.66;territory=1863]"
1585980,1588380,Conservative,"Building","Waiting","",5,"productivity or territory is insufficient [CokeOven:candidate=True;constructible=True;affordable=False;available=False;owned=2;upgradeTo=IndustrialCarbonizationRetort;research=SteamPower|Coking;workshop=;productivity=208.8;territory=1863]"
1588980,1600380,Conservative,"Building","Waiting","",20,"productivity or territory is insufficient [CokeOven:candidate=True;constructible=True;affordable=False;available=False;owned=2;upgradeTo=IndustrialCarbonizationRetort;research=SteamPower|Coking;workshop=;productivity=205.94;territory=1863]"
1600980,1600980,Conservative,"Building","Waiting","",1,"productivity or territory is insufficient [CokeOven:candidate=True;constructible=True;affordable=False;available=False;owned=2;upgradeTo=IndustrialCarbonizationRetort;research=SteamPower|Coking;workshop=;productivity=203.08;territory=1863]"
1601580,1601580,Conservative,"Building","Waiting","",1,"productivity or territory is insufficient [CokeOven:candidate=True;constructible=True;affordable=False;available=False;owned=2;upgradeTo=IndustrialCarbonizationRetort;research=SteamPower|Coking;workshop=;productivity=1352.8;territory=1863]"
1602180,1602180,Conservative,"Building","Waiting","",1,"productivity or territory is insufficient [CokeOven:candidate=True;constructible=True;affordable=False;available=False;owned=2;upgradeTo=IndustrialCarbonizationRetort;research=SteamPower|Coking;workshop=;productivity=1164.04;territory=1863]"
1602780,1602780,Conservative,"Building","Waiting","",1,"productivity or territory is insufficient [CokeOven:candidate=True;constructible=True;affordable=False;available=False;owned=2;upgradeTo=IndustrialCarbonizationRetort;research=SteamPower|Coking;workshop=;productivity=1003.88;territory=1863]"
1603380,1603380,Conservative,"Building","Waiting","",1,"productivity or territory is insufficient [CokeOven:candidate=True;constructible=True;affordable=False;available=False;owned=2;upgradeTo=IndustrialCarbonizationRetort;research=SteamPower|Coking;workshop=;productivity=869.46;territory=1863]"
1603980,1603980,Conservative,"Building","Waiting","",1,"productivity or territory is insufficient [CokeOven:candidate=True;constructible=True;affordable=False;available=False;owned=2;upgradeTo=IndustrialCarbonizationRetort;research=SteamPower|Coking;workshop=;productivity=760.78;territory=1863]"
1604580,1604580,Conservative,"Building","Waiting","",1,"productivity or territory is insufficient [CokeOven:candidate=True;constructible=True;affordable=False;available=False;owned=2;upgradeTo=IndustrialCarbonizationRetort;research=SteamPower|Coking;workshop=;productivity=666.4;territory=1863]"
1605180,1605180,Conservative,"Building","Waiting","",1,"productivity or territory is insufficient [CokeOven:candidate=True;constructible=True;affordable=False;available=False;owned=2;upgradeTo=IndustrialCarbonizationRetort;research=SteamPower|Coking;workshop=;productivity=589.18;territory=1863]"
1605780,1605780,Conservative,"Building","Waiting","",1,"productivity or territory is insufficient [CokeOven:candidate=True;constructible=True;affordable=False;available=False;owned=2;upgradeTo=IndustrialCarbonizationRetort;research=SteamPower|Coking;workshop=;productivity=526.26;territory=1863]"
1606380,1606380,Conservative,"Building","Waiting","",1,"productivity or territory is insufficient [CokeOven:candidate=True;constructible=True;affordable=False;available=False;owned=2;upgradeTo=IndustrialCarbonizationRetort;research=SteamPower|Coking;workshop=;productivity=471.92;territory=1863]"
1606980,1606980,Conservative,"Building","Waiting","",1,"productivity or territory is insufficient [CokeOven:candidate=True;constructible=True;affordable=False;available=False;owned=2;upgradeTo=IndustrialCarbonizationRetort;research=SteamPower|Coking;workshop=;productivity=429.02;territory=1863]"
1607580,1607580,Conservative,"Building","Waiting","",1,"productivity or territory is insufficient [CokeOven:candidate=True;constructible=True;affordable=False;available=False;owned=2;upgradeTo=IndustrialCarbonizationRetort;research=SteamPower|Coking;workshop=;productivity=391.84;territory=1863]"
1608180,1608180,Conservative,"Building","Waiting","",1,"productivity or territory is insufficient [CokeOven:candidate=True;constructible=True;affordable=False;available=False;owned=2;upgradeTo=IndustrialCarbonizationRetort;research=SteamPower|Coking;workshop=;productivity=360.38;territory=1863]"
1608780,1608780,Conservative,"Building","Waiting","",1,"productivity or territory is insufficient [CokeOven:candidate=True;constructible=True;affordable=False;available=False;owned=2;upgradeTo=IndustrialCarbonizationRetort;research=SteamPower|Coking;workshop=;productivity=334.64;territory=1863]"
1609380,1609380,Conservative,"Building","Waiting","",1,"productivity or territory is insufficient [CokeOven:candidate=True;constructible=True;affordable=False;available=False;owned=2;upgradeTo=IndustrialCarbonizationRetort;research=SteamPower|Coking;workshop=;productivity=311.76;territory=1863]"
1609980,1609980,Conservative,"Building","Waiting","",1,"productivity or territory is insufficient [CokeOven:candidate=True;constructible=True;affordable=False;available=False;owned=2;upgradeTo=IndustrialCarbonizationRetort;research=SteamPower|Coking;workshop=;productivity=294.6;territory=1863]"
1610580,1610580,Conservative,"Building","Waiting","",1,"productivity or territory is insufficient [CokeOven:candidate=True;constructible=True;affordable=False;available=False;owned=2;upgradeTo=IndustrialCarbonizationRetort;research=SteamPower|Coking;workshop=;productivity=280.3;territory=1863]"
1611180,1611180,Conservative,"Building","Waiting","",1,"productivity or territory is insufficient [CokeOven:candidate=True;constructible=True;affordable=False;available=False;owned=2;upgradeTo=IndustrialCarbonizationRetort;research=SteamPower|Coking;workshop=;productivity=266;territory=1863]"
1611780,1611780,Conservative,"Building","Waiting","",1,"productivity or territory is insufficient [CokeOven:candidate=True;constructible=True;affordable=False;available=False;owned=2;upgradeTo=IndustrialCarbonizationRetort;research=SteamPower|Coking;workshop=;productivity=257.42;territory=1863]"
1612380,1612380,Conservative,"Building","Waiting","",1,"productivity or territory is insufficient [CokeOven:candidate=True;constructible=True;affordable=False;available=False;owned=2;upgradeTo=IndustrialCarbonizationRetort;research=SteamPower|Coking;workshop=;productivity=248.84;territory=1863]"
1612980,1612980,Conservative,"Building","Waiting","",1,"productivity or territory is insufficient [CokeOven:candidate=True;constructible=True;affordable=False;available=False;owned=2;upgradeTo=IndustrialCarbonizationRetort;research=SteamPower|Coking;workshop=;productivity=240.26;territory=1863]"
1613580,1613580,Conservative,"Building","Waiting","",1,"productivity or territory is insufficient [CokeOven:candidate=True;constructible=True;affordable=False;available=False;owned=2;upgradeTo=IndustrialCarbonizationRetort;research=SteamPower|Coking;workshop=;productivity=234.54;territory=1863]"
1614180,1614180,Conservative,"Building","Waiting","",1,"productivity or territory is insufficient [CokeOven:candidate=True;constructible=True;affordable=False;available=False;owned=2;upgradeTo=IndustrialCarbonizationRetort;research=SteamPower|Coking;workshop=;productivity=231.68;territory=1863]"
1614780,1614780,Conservative,"Building","Waiting","",1,"productivity or territory is insufficient [CokeOven:candidate=True;constructible=True;affordable=False;available=False;owned=2;upgradeTo=IndustrialCarbonizationRetort;research=SteamPower|Coking;workshop=;productivity=225.96;territory=1863]"
1615380,1615380,Conservative,"Building","Waiting","",1,"productivity or territory is insufficient [CokeOven:candidate=True;constructible=True;affordable=False;available=False;owned=2;upgradeTo=IndustrialCarbonizationRetort;research=SteamPower|Coking;workshop=;productivity=223.1;territory=1863]"
1615980,1615980,Conservative,"Building","Waiting","",1,"productivity or territory is insufficient [CokeOven:candidate=True;constructible=True;affordable=False;available=False;owned=2;upgradeTo=IndustrialCarbonizationRetort;research=SteamPower|Coking;workshop=;productivity=220.24;territory=1863]"
1616580,1616580,Conservative,"Building","Waiting","",1,"productivity or territory is insufficient [CokeOven:candidate=True;constructible=True;affordable=False;available=False;owned=2;upgradeTo=IndustrialCarbonizationRetort;research=SteamPower|Coking;workshop=;productivity=217.38;territory=1863]"
1617180,1617780,Conservative,"Building","Waiting","",2,"productivity or territory is insufficient [CokeOven:candidate=True;constructible=True;affordable=False;available=False;owned=2;upgradeTo=IndustrialCarbonizationRetort;research=SteamPower|Coking;workshop=;productivity=214.52;territory=1863]"
1618380,1618980,Conservative,"Building","Waiting","",2,"productivity or territory is insufficient [CokeOven:candidate=True;constructible=True;affordable=False;available=False;owned=2;upgradeTo=IndustrialCarbonizationRetort;research=SteamPower|Coking;workshop=;productivity=211.66;territory=1863]"
1619580,1621980,Conservative,"Building","Waiting","",5,"productivity or territory is insufficient [CokeOven:candidate=True;constructible=True;affordable=False;available=False;owned=2;upgradeTo=IndustrialCarbonizationRetort;research=SteamPower|Coking;workshop=;productivity=208.8;territory=1863]"
1622580,1633980,Conservative,"Building","Waiting","",20,"productivity or territory is insufficient [CokeOven:candidate=True;constructible=True;affordable=False;available=False;owned=2;upgradeTo=IndustrialCarbonizationRetort;research=SteamPower|Coking;workshop=;productivity=205.94;territory=1863]"
1634580,1634580,Conservative,"Building","Waiting","",1,"productivity or territory is insufficient [CokeOven:candidate=True;constructible=True;affordable=False;available=False;owned=2;upgradeTo=IndustrialCarbonizationRetort;research=SteamPower|Coking;workshop=;productivity=203.08;territory=1863]"
1635180,1635180,Conservative,"Building","Waiting","",1,"productivity or territory is insufficient [CokeOven:candidate=True;constructible=True;affordable=False;available=False;owned=2;upgradeTo=IndustrialCarbonizationRetort;research=SteamPower|Coking;workshop=;productivity=1352.8;territory=1863]"
1635780,1635780,Conservative,"Building","Waiting","",1,"productivity or territory is insufficient [CokeOven:candidate=True;constructible=True;affordable=False;available=False;owned=2;upgradeTo=IndustrialCarbonizationRetort;research=SteamPower|Coking;workshop=;productivity=1164.04;territory=1863]"
1636380,1636380,Conservative,"Building","Waiting","",1,"productivity or territory is insufficient [CokeOven:candidate=True;constructible=True;affordable=False;available=False;owned=2;upgradeTo=IndustrialCarbonizationRetort;research=SteamPower|Coking;workshop=;productivity=1003.88;territory=1863]"
1636980,1636980,Conservative,"Building","Waiting","",1,"productivity or territory is insufficient [CokeOven:candidate=True;constructible=True;affordable=False;available=False;owned=2;upgradeTo=IndustrialCarbonizationRetort;research=SteamPower|Coking;workshop=;productivity=869.46;territory=1863]"
1637580,1637580,Conservative,"Building","Waiting","",1,"productivity or territory is insufficient [CokeOven:candidate=True;constructible=True;affordable=False;available=False;owned=2;upgradeTo=IndustrialCarbonizationRetort;research=SteamPower|Coking;workshop=;productivity=760.78;territory=1863]"
1638180,1638180,Conservative,"Building","Waiting","",1,"productivity or territory is insufficient [CokeOven:candidate=True;constructible=True;affordable=False;available=False;owned=2;upgradeTo=IndustrialCarbonizationRetort;research=SteamPower|Coking;workshop=;productivity=666.4;territory=1863]"
1638780,1638780,Conservative,"Building","Waiting","",1,"productivity or territory is insufficient [CokeOven:candidate=True;constructible=True;affordable=False;available=False;owned=2;upgradeTo=IndustrialCarbonizationRetort;research=SteamPower|Coking;workshop=;productivity=589.18;territory=1863]"
1639380,1639380,Conservative,"Building","Waiting","",1,"productivity or territory is insufficient [CokeOven:candidate=True;constructible=True;affordable=False;available=False;owned=2;upgradeTo=IndustrialCarbonizationRetort;research=SteamPower|Coking;workshop=;productivity=526.26;territory=1863]"
1639980,1639980,Conservative,"Building","Waiting","",1,"productivity or territory is insufficient [CokeOven:candidate=True;constructible=True;affordable=False;available=False;owned=2;upgradeTo=IndustrialCarbonizationRetort;research=SteamPower|Coking;workshop=;productivity=471.92;territory=1863]"
1640580,1640580,Conservative,"Building","Waiting","",1,"productivity or territory is insufficient [CokeOven:candidate=True;constructible=True;affordable=False;available=False;owned=2;upgradeTo=IndustrialCarbonizationRetort;research=SteamPower|Coking;workshop=;productivity=429.02;territory=1863]"
1641180,1641180,Conservative,"Building","Waiting","",1,"productivity or territory is insufficient [CokeOven:candidate=True;constructible=True;affordable=False;available=False;owned=2;upgradeTo=IndustrialCarbonizationRetort;research=SteamPower|Coking;workshop=;productivity=391.84;territory=1863]"
1641780,1641780,Conservative,"Building","Waiting","",1,"productivity or territory is insufficient [CokeOven:candidate=True;constructible=True;affordable=False;available=False;owned=2;upgradeTo=IndustrialCarbonizationRetort;research=SteamPower|Coking;workshop=;productivity=360.38;territory=1863]"
1642380,1642380,Conservative,"Building","Waiting","",1,"productivity or territory is insufficient [CokeOven:candidate=True;constructible=True;affordable=False;available=False;owned=2;upgradeTo=IndustrialCarbonizationRetort;research=SteamPower|Coking;workshop=;productivity=334.64;territory=1863]"
1642980,1642980,Conservative,"Building","Waiting","",1,"productivity or territory is insufficient [CokeOven:candidate=True;constructible=True;affordable=False;available=False;owned=2;upgradeTo=IndustrialCarbonizationRetort;research=SteamPower|Coking;workshop=;productivity=311.76;territory=1863]"
1643580,1643580,Conservative,"Building","Waiting","",1,"productivity or territory is insufficient [CokeOven:candidate=True;constructible=True;affordable=False;available=False;owned=2;upgradeTo=IndustrialCarbonizationRetort;research=SteamPower|Coking;workshop=;productivity=294.6;territory=1863]"
1644180,1644180,Conservative,"Building","Waiting","",1,"productivity or territory is insufficient [CokeOven:candidate=True;constructible=True;affordable=False;available=False;owned=2;upgradeTo=IndustrialCarbonizationRetort;research=SteamPower|Coking;workshop=;productivity=280.3;territory=1863]"
1644780,1644780,Conservative,"Building","Waiting","",1,"productivity or territory is insufficient [CokeOven:candidate=True;constructible=True;affordable=False;available=False;owned=2;upgradeTo=IndustrialCarbonizationRetort;research=SteamPower|Coking;workshop=;productivity=266;territory=1863]"
1645380,1645380,Conservative,"Building","Waiting","",1,"productivity or territory is insufficient [CokeOven:candidate=True;constructible=True;affordable=False;available=False;owned=2;upgradeTo=IndustrialCarbonizationRetort;research=SteamPower|Coking;workshop=;productivity=257.42;territory=1863]"
1645980,1645980,Conservative,"Building","Waiting","",1,"productivity or territory is insufficient [CokeOven:candidate=True;constructible=True;affordable=False;available=False;owned=2;upgradeTo=IndustrialCarbonizationRetort;research=SteamPower|Coking;workshop=;productivity=248.84;territory=1863]"
1646580,1646580,Conservative,"Building","Waiting","",1,"productivity or territory is insufficient [CokeOven:candidate=True;constructible=True;affordable=False;available=False;owned=2;upgradeTo=IndustrialCarbonizationRetort;research=SteamPower|Coking;workshop=;productivity=240.26;territory=1863]"
1647180,1647180,Conservative,"Building","Waiting","",1,"productivity or territory is insufficient [CokeOven:candidate=True;constructible=True;affordable=False;available=False;owned=2;upgradeTo=IndustrialCarbonizationRetort;research=SteamPower|Coking;workshop=;productivity=234.54;territory=1863]"
1647780,1647780,Conservative,"Building","Waiting","",1,"productivity or territory is insufficient [CokeOven:candidate=True;constructible=True;affordable=False;available=False;owned=2;upgradeTo=IndustrialCarbonizationRetort;research=SteamPower|Coking;workshop=;productivity=231.68;territory=1863]"
1648380,1648380,Conservative,"Building","Waiting","",1,"productivity or territory is insufficient [CokeOven:candidate=True;constructible=True;affordable=False;available=False;owned=2;upgradeTo=IndustrialCarbonizationRetort;research=SteamPower|Coking;workshop=;productivity=225.96;territory=1863]"
1648980,1648980,Conservative,"Building","Waiting","",1,"productivity or territory is insufficient [CokeOven:candidate=True;constructible=True;affordable=False;available=False;owned=2;upgradeTo=IndustrialCarbonizationRetort;research=SteamPower|Coking;workshop=;productivity=223.1;territory=1863]"
1649580,1649580,Conservative,"Building","Waiting","",1,"productivity or territory is insufficient [CokeOven:candidate=True;constructible=True;affordable=False;available=False;owned=2;upgradeTo=IndustrialCarbonizationRetort;research=SteamPower|Coking;workshop=;productivity=220.24;territory=1863]"
1650180,1650180,Conservative,"Building","Waiting","",1,"productivity or territory is insufficient [CokeOven:candidate=True;constructible=True;affordable=False;available=False;owned=2;upgradeTo=IndustrialCarbonizationRetort;research=SteamPower|Coking;workshop=;productivity=217.38;territory=1863]"
1650780,1651380,Conservative,"Building","Waiting","",2,"productivity or territory is insufficient [CokeOven:candidate=True;constructible=True;affordable=False;available=False;owned=2;upgradeTo=IndustrialCarbonizationRetort;research=SteamPower|Coking;workshop=;productivity=214.52;territory=1863]"
1651980,1652580,Conservative,"Building","Waiting","",2,"productivity or territory is insufficient [CokeOven:candidate=True;constructible=True;affordable=False;available=False;owned=2;upgradeTo=IndustrialCarbonizationRetort;research=SteamPower|Coking;workshop=;productivity=211.66;territory=1863]"
1653180,1655580,Conservative,"Building","Waiting","",5,"productivity or territory is insufficient [CokeOven:candidate=True;constructible=True;affordable=False;available=False;owned=2;upgradeTo=IndustrialCarbonizationRetort;research=SteamPower|Coking;workshop=;productivity=208.8;territory=1863]"
1656180,1667580,Conservative,"Building","Waiting","",20,"productivity or territory is insufficient [CokeOven:candidate=True;constructible=True;affordable=False;available=False;owned=2;upgradeTo=IndustrialCarbonizationRetort;research=SteamPower|Coking;workshop=;productivity=205.94;territory=1863]"
1663380,1663380,Conservative,"Workshop","Purchased","ReinforcedBoilers",1,"score=-2910"
1663980,2592000,Conservative,"Workshop","Waiting","",1548,"upgrade resources are insufficient"
1668180,1668180,Conservative,"Building","Waiting","",1,"productivity or territory is insufficient [CokeOven:candidate=True;constructible=True;affordable=False;available=False;owned=2;upgradeTo=IndustrialCarbonizationRetort;research=SteamPower|Coking;workshop=;productivity=203.08;territory=1863]"
1668780,1668780,Conservative,"Building","Waiting","",1,"productivity or territory is insufficient [CokeOven:candidate=True;constructible=True;affordable=False;available=False;owned=2;upgradeTo=IndustrialCarbonizationRetort;research=SteamPower|Coking;workshop=;productivity=1352.8;territory=1863]"
1669380,1669380,Conservative,"Building","Waiting","",1,"productivity or territory is insufficient [CokeOven:candidate=True;constructible=True;affordable=False;available=False;owned=2;upgradeTo=IndustrialCarbonizationRetort;research=SteamPower|Coking;workshop=;productivity=1164.04;territory=1863]"
1669980,1669980,Conservative,"Building","Waiting","",1,"productivity or territory is insufficient [CokeOven:candidate=True;constructible=True;affordable=False;available=False;owned=2;upgradeTo=IndustrialCarbonizationRetort;research=SteamPower|Coking;workshop=;productivity=1003.88;territory=1863]"
1670580,1670580,Conservative,"Building","Waiting","",1,"productivity or territory is insufficient [CokeOven:candidate=True;constructible=True;affordable=False;available=False;owned=2;upgradeTo=IndustrialCarbonizationRetort;research=SteamPower|Coking;workshop=;productivity=869.46;territory=1863]"
1671180,1671180,Conservative,"Building","Waiting","",1,"productivity or territory is insufficient [CokeOven:candidate=True;constructible=True;affordable=False;available=False;owned=2;upgradeTo=IndustrialCarbonizationRetort;research=SteamPower|Coking;workshop=;productivity=760.78;territory=1863]"
1671780,1671780,Conservative,"Building","Waiting","",1,"productivity or territory is insufficient [CokeOven:candidate=True;constructible=True;affordable=False;available=False;owned=2;upgradeTo=IndustrialCarbonizationRetort;research=SteamPower|Coking;workshop=;productivity=666.4;territory=1863]"
1672380,1672380,Conservative,"Building","Waiting","",1,"productivity or territory is insufficient [CokeOven:candidate=True;constructible=True;affordable=False;available=False;owned=2;upgradeTo=IndustrialCarbonizationRetort;research=SteamPower|Coking;workshop=;productivity=589.18;territory=1863]"
1672980,1672980,Conservative,"Building","Waiting","",1,"productivity or territory is insufficient [CokeOven:candidate=True;constructible=True;affordable=False;available=False;owned=2;upgradeTo=IndustrialCarbonizationRetort;research=SteamPower|Coking;workshop=;productivity=526.26;territory=1863]"
1673580,1673580,Conservative,"Building","Waiting","",1,"productivity or territory is insufficient [CokeOven:candidate=True;constructible=True;affordable=False;available=False;owned=2;upgradeTo=IndustrialCarbonizationRetort;research=SteamPower|Coking;workshop=;productivity=471.92;territory=1863]"
1674180,1674180,Conservative,"Building","Waiting","",1,"productivity or territory is insufficient [CokeOven:candidate=True;constructible=True;affordable=False;available=False;owned=2;upgradeTo=IndustrialCarbonizationRetort;research=SteamPower|Coking;workshop=;productivity=429.02;territory=1863]"
1674780,1674780,Conservative,"Building","Waiting","",1,"productivity or territory is insufficient [CokeOven:candidate=True;constructible=True;affordable=False;available=False;owned=2;upgradeTo=IndustrialCarbonizationRetort;research=SteamPower|Coking;workshop=;productivity=391.84;territory=1863]"
1675380,1675380,Conservative,"Building","Waiting","",1,"productivity or territory is insufficient [CokeOven:candidate=True;constructible=True;affordable=False;available=False;owned=2;upgradeTo=IndustrialCarbonizationRetort;research=SteamPower|Coking;workshop=;productivity=360.38;territory=1863]"
1675980,1675980,Conservative,"Building","Waiting","",1,"productivity or territory is insufficient [CokeOven:candidate=True;constructible=True;affordable=False;available=False;owned=2;upgradeTo=IndustrialCarbonizationRetort;research=SteamPower|Coking;workshop=;productivity=334.64;territory=1863]"
1676580,1676580,Conservative,"Building","Waiting","",1,"productivity or territory is insufficient [CokeOven:candidate=True;constructible=True;affordable=False;available=False;owned=2;upgradeTo=IndustrialCarbonizationRetort;research=SteamPower|Coking;workshop=;productivity=311.76;territory=1863]"
1677180,1677180,Conservative,"Building","Waiting","",1,"productivity or territory is insufficient [CokeOven:candidate=True;constructible=True;affordable=False;available=False;owned=2;upgradeTo=IndustrialCarbonizationRetort;research=SteamPower|Coking;workshop=;productivity=294.6;territory=1863]"
1677780,1677780,Conservative,"Building","Waiting","",1,"productivity or territory is insufficient [CokeOven:candidate=True;constructible=True;affordable=False;available=False;owned=2;upgradeTo=IndustrialCarbonizationRetort;research=SteamPower|Coking;workshop=;productivity=280.3;territory=1863]"
1678380,1678380,Conservative,"Building","Waiting","",1,"productivity or territory is insufficient [CokeOven:candidate=True;constructible=True;affordable=False;available=False;owned=2;upgradeTo=IndustrialCarbonizationRetort;research=SteamPower|Coking;workshop=;productivity=266;territory=1863]"
1678980,1678980,Conservative,"Building","Waiting","",1,"productivity or territory is insufficient [CokeOven:candidate=True;constructible=True;affordable=False;available=False;owned=2;upgradeTo=IndustrialCarbonizationRetort;research=SteamPower|Coking;workshop=;productivity=257.42;territory=1863]"
1679580,1679580,Conservative,"Building","Waiting","",1,"productivity or territory is insufficient [CokeOven:candidate=True;constructible=True;affordable=False;available=False;owned=2;upgradeTo=IndustrialCarbonizationRetort;research=SteamPower|Coking;workshop=;productivity=248.84;territory=1863]"
1680180,1680180,Conservative,"Building","Waiting","",1,"productivity or territory is insufficient [CokeOven:candidate=True;constructible=True;affordable=False;available=False;owned=2;upgradeTo=IndustrialCarbonizationRetort;research=SteamPower|Coking;workshop=;productivity=240.26;territory=1863]"
1680780,1680780,Conservative,"Building","Waiting","",1,"productivity or territory is insufficient [CokeOven:candidate=True;constructible=True;affordable=False;available=False;owned=2;upgradeTo=IndustrialCarbonizationRetort;research=SteamPower|Coking;workshop=;productivity=234.54;territory=1863]"
1681380,1681380,Conservative,"Building","Waiting","",1,"productivity or territory is insufficient [CokeOven:candidate=True;constructible=True;affordable=False;available=False;owned=2;upgradeTo=IndustrialCarbonizationRetort;research=SteamPower|Coking;workshop=;productivity=231.68;territory=1863]"
1681980,1681980,Conservative,"Building","Waiting","",1,"productivity or territory is insufficient [CokeOven:candidate=True;constructible=True;affordable=False;available=False;owned=2;upgradeTo=IndustrialCarbonizationRetort;research=SteamPower|Coking;workshop=;productivity=225.96;territory=1863]"
1682580,1682580,Conservative,"Building","Waiting","",1,"productivity or territory is insufficient [CokeOven:candidate=True;constructible=True;affordable=False;available=False;owned=2;upgradeTo=IndustrialCarbonizationRetort;research=SteamPower|Coking;workshop=;productivity=223.1;territory=1863]"
1683180,1683180,Conservative,"Building","Waiting","",1,"productivity or territory is insufficient [CokeOven:candidate=True;constructible=True;affordable=False;available=False;owned=2;upgradeTo=IndustrialCarbonizationRetort;research=SteamPower|Coking;workshop=;productivity=220.24;territory=1863]"
1683780,1683780,Conservative,"Building","Waiting","",1,"productivity or territory is insufficient [CokeOven:candidate=True;constructible=True;affordable=False;available=False;owned=2;upgradeTo=IndustrialCarbonizationRetort;research=SteamPower|Coking;workshop=;productivity=217.38;territory=1863]"
1684380,1684980,Conservative,"Building","Waiting","",2,"productivity or territory is insufficient [CokeOven:candidate=True;constructible=True;affordable=False;available=False;owned=2;upgradeTo=IndustrialCarbonizationRetort;research=SteamPower|Coking;workshop=;productivity=214.52;territory=1863]"
1685580,1686180,Conservative,"Building","Waiting","",2,"productivity or territory is insufficient [CokeOven:candidate=True;constructible=True;affordable=False;available=False;owned=2;upgradeTo=IndustrialCarbonizationRetort;research=SteamPower|Coking;workshop=;productivity=211.66;territory=1863]"
1686780,1689180,Conservative,"Building","Waiting","",5,"productivity or territory is insufficient [CokeOven:candidate=True;constructible=True;affordable=False;available=False;owned=2;upgradeTo=IndustrialCarbonizationRetort;research=SteamPower|Coking;workshop=;productivity=208.8;territory=1863]"
1689780,1701180,Conservative,"Building","Waiting","",20,"productivity or territory is insufficient [CokeOven:candidate=True;constructible=True;affordable=False;available=False;owned=2;upgradeTo=IndustrialCarbonizationRetort;research=SteamPower|Coking;workshop=;productivity=205.94;territory=1863]"
1701780,1701780,Conservative,"Building","Waiting","",1,"productivity or territory is insufficient [CokeOven:candidate=True;constructible=True;affordable=False;available=False;owned=2;upgradeTo=IndustrialCarbonizationRetort;research=SteamPower|Coking;workshop=;productivity=203.08;territory=1863]"
1702380,1702380,Conservative,"Building","Waiting","",1,"productivity or territory is insufficient [CokeOven:candidate=True;constructible=True;affordable=False;available=False;owned=2;upgradeTo=IndustrialCarbonizationRetort;research=SteamPower|Coking;workshop=;productivity=1352.8;territory=1863]"
1702980,1702980,Conservative,"Building","Waiting","",1,"productivity or territory is insufficient [CokeOven:candidate=True;constructible=True;affordable=False;available=False;owned=2;upgradeTo=IndustrialCarbonizationRetort;research=SteamPower|Coking;workshop=;productivity=1164.04;territory=1863]"
1703580,1703580,Conservative,"Building","Waiting","",1,"productivity or territory is insufficient [CokeOven:candidate=True;constructible=True;affordable=False;available=False;owned=2;upgradeTo=IndustrialCarbonizationRetort;research=SteamPower|Coking;workshop=;productivity=1003.88;territory=1863]"
1704180,1704180,Conservative,"Building","Waiting","",1,"productivity or territory is insufficient [CokeOven:candidate=True;constructible=True;affordable=False;available=False;owned=2;upgradeTo=IndustrialCarbonizationRetort;research=SteamPower|Coking;workshop=;productivity=869.46;territory=1863]"
1704780,1704780,Conservative,"Building","Waiting","",1,"productivity or territory is insufficient [CokeOven:candidate=True;constructible=True;affordable=False;available=False;owned=2;upgradeTo=IndustrialCarbonizationRetort;research=SteamPower|Coking;workshop=;productivity=760.78;territory=1863]"
1705380,1705380,Conservative,"Building","Waiting","",1,"productivity or territory is insufficient [CokeOven:candidate=True;constructible=True;affordable=False;available=False;owned=2;upgradeTo=IndustrialCarbonizationRetort;research=SteamPower|Coking;workshop=;productivity=666.4;territory=1863]"
1705980,1705980,Conservative,"Building","Waiting","",1,"productivity or territory is insufficient [CokeOven:candidate=True;constructible=True;affordable=False;available=False;owned=2;upgradeTo=IndustrialCarbonizationRetort;research=SteamPower|Coking;workshop=;productivity=589.18;territory=1863]"
1706580,1706580,Conservative,"Building","Waiting","",1,"productivity or territory is insufficient [CokeOven:candidate=True;constructible=True;affordable=False;available=False;owned=2;upgradeTo=IndustrialCarbonizationRetort;research=SteamPower|Coking;workshop=;productivity=526.26;territory=1863]"
1707180,1707180,Conservative,"Building","Waiting","",1,"productivity or territory is insufficient [CokeOven:candidate=True;constructible=True;affordable=False;available=False;owned=2;upgradeTo=IndustrialCarbonizationRetort;research=SteamPower|Coking;workshop=;productivity=471.92;territory=1863]"
1707780,1707780,Conservative,"Building","Waiting","",1,"productivity or territory is insufficient [CokeOven:candidate=True;constructible=True;affordable=False;available=False;owned=2;upgradeTo=IndustrialCarbonizationRetort;research=SteamPower|Coking;workshop=;productivity=429.02;territory=1863]"
1708380,1708380,Conservative,"Building","Waiting","",1,"productivity or territory is insufficient [CokeOven:candidate=True;constructible=True;affordable=False;available=False;owned=2;upgradeTo=IndustrialCarbonizationRetort;research=SteamPower|Coking;workshop=;productivity=391.84;territory=1863]"
1708980,1708980,Conservative,"Building","Waiting","",1,"productivity or territory is insufficient [CokeOven:candidate=True;constructible=True;affordable=False;available=False;owned=2;upgradeTo=IndustrialCarbonizationRetort;research=SteamPower|Coking;workshop=;productivity=360.38;territory=1863]"
1709580,1709580,Conservative,"Building","Waiting","",1,"productivity or territory is insufficient [CokeOven:candidate=True;constructible=True;affordable=False;available=False;owned=2;upgradeTo=IndustrialCarbonizationRetort;research=SteamPower|Coking;workshop=;productivity=334.64;territory=1863]"
1710180,1710180,Conservative,"Building","Waiting","",1,"productivity or territory is insufficient [CokeOven:candidate=True;constructible=True;affordable=False;available=False;owned=2;upgradeTo=IndustrialCarbonizationRetort;research=SteamPower|Coking;workshop=;productivity=311.76;territory=1863]"
1710780,1710780,Conservative,"Building","Waiting","",1,"productivity or territory is insufficient [CokeOven:candidate=True;constructible=True;affordable=False;available=False;owned=2;upgradeTo=IndustrialCarbonizationRetort;research=SteamPower|Coking;workshop=;productivity=294.6;territory=1863]"
1711380,1711380,Conservative,"Building","Waiting","",1,"productivity or territory is insufficient [CokeOven:candidate=True;constructible=True;affordable=False;available=False;owned=2;upgradeTo=IndustrialCarbonizationRetort;research=SteamPower|Coking;workshop=;productivity=280.3;territory=1863]"
1711980,1711980,Conservative,"Building","Waiting","",1,"productivity or territory is insufficient [CokeOven:candidate=True;constructible=True;affordable=False;available=False;owned=2;upgradeTo=IndustrialCarbonizationRetort;research=SteamPower|Coking;workshop=;productivity=266;territory=1863]"
1712580,1712580,Conservative,"Building","Waiting","",1,"productivity or territory is insufficient [CokeOven:candidate=True;constructible=True;affordable=False;available=False;owned=2;upgradeTo=IndustrialCarbonizationRetort;research=SteamPower|Coking;workshop=;productivity=257.42;territory=1863]"
1713180,1713180,Conservative,"Building","Waiting","",1,"productivity or territory is insufficient [CokeOven:candidate=True;constructible=True;affordable=False;available=False;owned=2;upgradeTo=IndustrialCarbonizationRetort;research=SteamPower|Coking;workshop=;productivity=248.84;territory=1863]"
1713780,1713780,Conservative,"Building","Waiting","",1,"productivity or territory is insufficient [CokeOven:candidate=True;constructible=True;affordable=False;available=False;owned=2;upgradeTo=IndustrialCarbonizationRetort;research=SteamPower|Coking;workshop=;productivity=240.26;territory=1863]"
1714380,1714380,Conservative,"Building","Waiting","",1,"productivity or territory is insufficient [CokeOven:candidate=True;constructible=True;affordable=False;available=False;owned=2;upgradeTo=IndustrialCarbonizationRetort;research=SteamPower|Coking;workshop=;productivity=234.54;territory=1863]"
1714980,1714980,Conservative,"Building","Waiting","",1,"productivity or territory is insufficient [CokeOven:candidate=True;constructible=True;affordable=False;available=False;owned=2;upgradeTo=IndustrialCarbonizationRetort;research=SteamPower|Coking;workshop=;productivity=231.68;territory=1863]"
1715580,1715580,Conservative,"Building","Waiting","",1,"productivity or territory is insufficient [CokeOven:candidate=True;constructible=True;affordable=False;available=False;owned=2;upgradeTo=IndustrialCarbonizationRetort;research=SteamPower|Coking;workshop=;productivity=225.96;territory=1863]"
1716180,1716180,Conservative,"Building","Waiting","",1,"productivity or territory is insufficient [CokeOven:candidate=True;constructible=True;affordable=False;available=False;owned=2;upgradeTo=IndustrialCarbonizationRetort;research=SteamPower|Coking;workshop=;productivity=223.1;territory=1863]"
1716780,1716780,Conservative,"Building","Waiting","",1,"productivity or territory is insufficient [CokeOven:candidate=True;constructible=True;affordable=False;available=False;owned=2;upgradeTo=IndustrialCarbonizationRetort;research=SteamPower|Coking;workshop=;productivity=220.24;territory=1863]"
1717380,1717380,Conservative,"Building","Waiting","",1,"productivity or territory is insufficient [CokeOven:candidate=True;constructible=True;affordable=False;available=False;owned=2;upgradeTo=IndustrialCarbonizationRetort;research=SteamPower|Coking;workshop=;productivity=217.38;territory=1863]"
1717980,1718580,Conservative,"Building","Waiting","",2,"productivity or territory is insufficient [CokeOven:candidate=True;constructible=True;affordable=False;available=False;owned=2;upgradeTo=IndustrialCarbonizationRetort;research=SteamPower|Coking;workshop=;productivity=214.52;territory=1863]"
1719180,1719780,Conservative,"Building","Waiting","",2,"productivity or territory is insufficient [CokeOven:candidate=True;constructible=True;affordable=False;available=False;owned=2;upgradeTo=IndustrialCarbonizationRetort;research=SteamPower|Coking;workshop=;productivity=211.66;territory=1863]"
1720380,1722780,Conservative,"Building","Waiting","",5,"productivity or territory is insufficient [CokeOven:candidate=True;constructible=True;affordable=False;available=False;owned=2;upgradeTo=IndustrialCarbonizationRetort;research=SteamPower|Coking;workshop=;productivity=208.8;territory=1863]"
1723380,1734780,Conservative,"Building","Waiting","",20,"productivity or territory is insufficient [CokeOven:candidate=True;constructible=True;affordable=False;available=False;owned=2;upgradeTo=IndustrialCarbonizationRetort;research=SteamPower|Coking;workshop=;productivity=205.94;territory=1863]"
1735380,1735380,Conservative,"Building","Waiting","",1,"productivity or territory is insufficient [CokeOven:candidate=True;constructible=True;affordable=False;available=False;owned=2;upgradeTo=IndustrialCarbonizationRetort;research=SteamPower|Coking;workshop=;productivity=203.08;territory=1863]"
1735980,1735980,Conservative,"Building","Waiting","",1,"productivity or territory is insufficient [CokeOven:candidate=True;constructible=True;affordable=False;available=False;owned=2;upgradeTo=IndustrialCarbonizationRetort;research=SteamPower|Coking;workshop=;productivity=1352.8;territory=1863]"
1736580,1736580,Conservative,"Building","Waiting","",1,"productivity or territory is insufficient [CokeOven:candidate=True;constructible=True;affordable=False;available=False;owned=2;upgradeTo=IndustrialCarbonizationRetort;research=SteamPower|Coking;workshop=;productivity=1164.04;territory=1863]"
1737180,1737180,Conservative,"Building","Waiting","",1,"productivity or territory is insufficient [CokeOven:candidate=True;constructible=True;affordable=False;available=False;owned=2;upgradeTo=IndustrialCarbonizationRetort;research=SteamPower|Coking;workshop=;productivity=1003.88;territory=1863]"
1737780,1737780,Conservative,"Building","Waiting","",1,"productivity or territory is insufficient [CokeOven:candidate=True;constructible=True;affordable=False;available=False;owned=2;upgradeTo=IndustrialCarbonizationRetort;research=SteamPower|Coking;workshop=;productivity=869.46;territory=1863]"
1738380,1738380,Conservative,"Building","Waiting","",1,"productivity or territory is insufficient [CokeOven:candidate=True;constructible=True;affordable=False;available=False;owned=2;upgradeTo=IndustrialCarbonizationRetort;research=SteamPower|Coking;workshop=;productivity=760.78;territory=1863]"
1738980,1738980,Conservative,"Building","Waiting","",1,"productivity or territory is insufficient [CokeOven:candidate=True;constructible=True;affordable=False;available=False;owned=2;upgradeTo=IndustrialCarbonizationRetort;research=SteamPower|Coking;workshop=;productivity=666.4;territory=1863]"
1739580,1739580,Conservative,"Building","Waiting","",1,"productivity or territory is insufficient [CokeOven:candidate=True;constructible=True;affordable=False;available=False;owned=2;upgradeTo=IndustrialCarbonizationRetort;research=SteamPower|Coking;workshop=;productivity=589.18;territory=1863]"
1740180,1740180,Conservative,"Building","Waiting","",1,"productivity or territory is insufficient [CokeOven:candidate=True;constructible=True;affordable=False;available=False;owned=2;upgradeTo=IndustrialCarbonizationRetort;research=SteamPower|Coking;workshop=;productivity=526.26;territory=1863]"
1740780,1740780,Conservative,"Building","Waiting","",1,"productivity or territory is insufficient [CokeOven:candidate=True;constructible=True;affordable=False;available=False;owned=2;upgradeTo=IndustrialCarbonizationRetort;research=SteamPower|Coking;workshop=;productivity=471.92;territory=1863]"
1741380,1741380,Conservative,"Building","Waiting","",1,"productivity or territory is insufficient [CokeOven:candidate=True;constructible=True;affordable=False;available=False;owned=2;upgradeTo=IndustrialCarbonizationRetort;research=SteamPower|Coking;workshop=;productivity=429.02;territory=1863]"
1741980,1741980,Conservative,"Building","Waiting","",1,"productivity or territory is insufficient [CokeOven:candidate=True;constructible=True;affordable=False;available=False;owned=2;upgradeTo=IndustrialCarbonizationRetort;research=SteamPower|Coking;workshop=;productivity=391.84;territory=1863]"
1742580,1742580,Conservative,"Building","Waiting","",1,"productivity or territory is insufficient [CokeOven:candidate=True;constructible=True;affordable=False;available=False;owned=2;upgradeTo=IndustrialCarbonizationRetort;research=SteamPower|Coking;workshop=;productivity=360.38;territory=1863]"
1743180,1743180,Conservative,"Building","Waiting","",1,"productivity or territory is insufficient [CokeOven:candidate=True;constructible=True;affordable=False;available=False;owned=2;upgradeTo=IndustrialCarbonizationRetort;research=SteamPower|Coking;workshop=;productivity=334.64;territory=1863]"
1743780,1743780,Conservative,"Building","Waiting","",1,"productivity or territory is insufficient [CokeOven:candidate=True;constructible=True;affordable=False;available=False;owned=2;upgradeTo=IndustrialCarbonizationRetort;research=SteamPower|Coking;workshop=;productivity=311.76;territory=1863]"
1744380,1744380,Conservative,"Building","Waiting","",1,"productivity or territory is insufficient [CokeOven:candidate=True;constructible=True;affordable=False;available=False;owned=2;upgradeTo=IndustrialCarbonizationRetort;research=SteamPower|Coking;workshop=;productivity=294.6;territory=1863]"
1744980,1744980,Conservative,"Building","Waiting","",1,"productivity or territory is insufficient [CokeOven:candidate=True;constructible=True;affordable=False;available=False;owned=2;upgradeTo=IndustrialCarbonizationRetort;research=SteamPower|Coking;workshop=;productivity=280.3;territory=1863]"
1745580,1745580,Conservative,"Building","Waiting","",1,"productivity or territory is insufficient [CokeOven:candidate=True;constructible=True;affordable=False;available=False;owned=2;upgradeTo=IndustrialCarbonizationRetort;research=SteamPower|Coking;workshop=;productivity=266;territory=1863]"
1746180,1746180,Conservative,"Building","Waiting","",1,"productivity or territory is insufficient [CokeOven:candidate=True;constructible=True;affordable=False;available=False;owned=2;upgradeTo=IndustrialCarbonizationRetort;research=SteamPower|Coking;workshop=;productivity=257.42;territory=1863]"
1746780,1746780,Conservative,"Building","Waiting","",1,"productivity or territory is insufficient [CokeOven:candidate=True;constructible=True;affordable=False;available=False;owned=2;upgradeTo=IndustrialCarbonizationRetort;research=SteamPower|Coking;workshop=;productivity=248.84;territory=1863]"
1747380,1747380,Conservative,"Building","Waiting","",1,"productivity or territory is insufficient [CokeOven:candidate=True;constructible=True;affordable=False;available=False;owned=2;upgradeTo=IndustrialCarbonizationRetort;research=SteamPower|Coking;workshop=;productivity=240.26;territory=1863]"
1747980,1747980,Conservative,"Building","Waiting","",1,"productivity or territory is insufficient [CokeOven:candidate=True;constructible=True;affordable=False;available=False;owned=2;upgradeTo=IndustrialCarbonizationRetort;research=SteamPower|Coking;workshop=;productivity=234.54;territory=1863]"
1748580,1748580,Conservative,"Building","Waiting","",1,"productivity or territory is insufficient [CokeOven:candidate=True;constructible=True;affordable=False;available=False;owned=2;upgradeTo=IndustrialCarbonizationRetort;research=SteamPower|Coking;workshop=;productivity=231.68;territory=1863]"
1749180,1749180,Conservative,"Building","Waiting","",1,"productivity or territory is insufficient [CokeOven:candidate=True;constructible=True;affordable=False;available=False;owned=2;upgradeTo=IndustrialCarbonizationRetort;research=SteamPower|Coking;workshop=;productivity=225.96;territory=1863]"
1749780,1749780,Conservative,"Building","Waiting","",1,"productivity or territory is insufficient [CokeOven:candidate=True;constructible=True;affordable=False;available=False;owned=2;upgradeTo=IndustrialCarbonizationRetort;research=SteamPower|Coking;workshop=;productivity=223.1;territory=1863]"
1750380,1750380,Conservative,"Building","Waiting","",1,"productivity or territory is insufficient [CokeOven:candidate=True;constructible=True;affordable=False;available=False;owned=2;upgradeTo=IndustrialCarbonizationRetort;research=SteamPower|Coking;workshop=;productivity=220.24;territory=1863]"
1750980,1750980,Conservative,"Building","Waiting","",1,"productivity or territory is insufficient [CokeOven:candidate=True;constructible=True;affordable=False;available=False;owned=2;upgradeTo=IndustrialCarbonizationRetort;research=SteamPower|Coking;workshop=;productivity=217.38;territory=1863]"
1751580,1752180,Conservative,"Building","Waiting","",2,"productivity or territory is insufficient [CokeOven:candidate=True;constructible=True;affordable=False;available=False;owned=2;upgradeTo=IndustrialCarbonizationRetort;research=SteamPower|Coking;workshop=;productivity=214.52;territory=1863]"
1752780,1753380,Conservative,"Building","Waiting","",2,"productivity or territory is insufficient [CokeOven:candidate=True;constructible=True;affordable=False;available=False;owned=2;upgradeTo=IndustrialCarbonizationRetort;research=SteamPower|Coking;workshop=;productivity=211.66;territory=1863]"
1753980,1756380,Conservative,"Building","Waiting","",5,"productivity or territory is insufficient [CokeOven:candidate=True;constructible=True;affordable=False;available=False;owned=2;upgradeTo=IndustrialCarbonizationRetort;research=SteamPower|Coking;workshop=;productivity=208.8;territory=1863]"
1756980,1768380,Conservative,"Building","Waiting","",20,"productivity or territory is insufficient [CokeOven:candidate=True;constructible=True;affordable=False;available=False;owned=2;upgradeTo=IndustrialCarbonizationRetort;research=SteamPower|Coking;workshop=;productivity=205.94;territory=1863]"
1768980,1768980,Conservative,"Building","Waiting","",1,"productivity or territory is insufficient [CokeOven:candidate=True;constructible=True;affordable=False;available=False;owned=2;upgradeTo=IndustrialCarbonizationRetort;research=SteamPower|Coking;workshop=;productivity=203.08;territory=1863]"
1769580,1769580,Conservative,"Building","Waiting","",1,"productivity or territory is insufficient [CokeOven:candidate=True;constructible=True;affordable=False;available=False;owned=2;upgradeTo=IndustrialCarbonizationRetort;research=SteamPower|Coking;workshop=;productivity=1352.8;territory=1863]"
1770180,1770180,Conservative,"Building","Waiting","",1,"productivity or territory is insufficient [CokeOven:candidate=True;constructible=True;affordable=False;available=False;owned=2;upgradeTo=IndustrialCarbonizationRetort;research=SteamPower|Coking;workshop=;productivity=1164.04;territory=1863]"
1770780,1770780,Conservative,"Building","Waiting","",1,"productivity or territory is insufficient [CokeOven:candidate=True;constructible=True;affordable=False;available=False;owned=2;upgradeTo=IndustrialCarbonizationRetort;research=SteamPower|Coking;workshop=;productivity=1003.88;territory=1863]"
1771380,1771380,Conservative,"Building","Waiting","",1,"productivity or territory is insufficient [CokeOven:candidate=True;constructible=True;affordable=False;available=False;owned=2;upgradeTo=IndustrialCarbonizationRetort;research=SteamPower|Coking;workshop=;productivity=869.46;territory=1863]"
1771980,1771980,Conservative,"Building","Waiting","",1,"productivity or territory is insufficient [CokeOven:candidate=True;constructible=True;affordable=False;available=False;owned=2;upgradeTo=IndustrialCarbonizationRetort;research=SteamPower|Coking;workshop=;productivity=760.78;territory=1863]"
1772580,1772580,Conservative,"Building","Waiting","",1,"productivity or territory is insufficient [CokeOven:candidate=True;constructible=True;affordable=False;available=False;owned=2;upgradeTo=IndustrialCarbonizationRetort;research=SteamPower|Coking;workshop=;productivity=666.4;territory=1863]"
1773180,1773180,Conservative,"Building","Waiting","",1,"productivity or territory is insufficient [CokeOven:candidate=True;constructible=True;affordable=False;available=False;owned=2;upgradeTo=IndustrialCarbonizationRetort;research=SteamPower|Coking;workshop=;productivity=589.18;territory=1863]"
1773780,1773780,Conservative,"Building","Waiting","",1,"productivity or territory is insufficient [CokeOven:candidate=True;constructible=True;affordable=False;available=False;owned=2;upgradeTo=IndustrialCarbonizationRetort;research=SteamPower|Coking;workshop=;productivity=526.26;territory=1863]"
1774380,1774380,Conservative,"Building","Waiting","",1,"productivity or territory is insufficient [CokeOven:candidate=True;constructible=True;affordable=False;available=False;owned=2;upgradeTo=IndustrialCarbonizationRetort;research=SteamPower|Coking;workshop=;productivity=471.92;territory=1863]"
1774980,1774980,Conservative,"Building","Waiting","",1,"productivity or territory is insufficient [CokeOven:candidate=True;constructible=True;affordable=False;available=False;owned=2;upgradeTo=IndustrialCarbonizationRetort;research=SteamPower|Coking;workshop=;productivity=429.02;territory=1863]"
1775580,1775580,Conservative,"Building","Waiting","",1,"productivity or territory is insufficient [CokeOven:candidate=True;constructible=True;affordable=False;available=False;owned=2;upgradeTo=IndustrialCarbonizationRetort;research=SteamPower|Coking;workshop=;productivity=391.84;territory=1863]"
1776180,1776180,Conservative,"Building","Waiting","",1,"productivity or territory is insufficient [CokeOven:candidate=True;constructible=True;affordable=False;available=False;owned=2;upgradeTo=IndustrialCarbonizationRetort;research=SteamPower|Coking;workshop=;productivity=360.38;territory=1863]"
1776780,1776780,Conservative,"Building","Waiting","",1,"productivity or territory is insufficient [CokeOven:candidate=True;constructible=True;affordable=False;available=False;owned=2;upgradeTo=IndustrialCarbonizationRetort;research=SteamPower|Coking;workshop=;productivity=334.64;territory=1863]"
1777380,1777380,Conservative,"Building","Waiting","",1,"productivity or territory is insufficient [CokeOven:candidate=True;constructible=True;affordable=False;available=False;owned=2;upgradeTo=IndustrialCarbonizationRetort;research=SteamPower|Coking;workshop=;productivity=311.76;territory=1863]"
1777980,1777980,Conservative,"Building","Waiting","",1,"productivity or territory is insufficient [CokeOven:candidate=True;constructible=True;affordable=False;available=False;owned=2;upgradeTo=IndustrialCarbonizationRetort;research=SteamPower|Coking;workshop=;productivity=294.6;territory=1863]"
1778580,1778580,Conservative,"Building","Waiting","",1,"productivity or territory is insufficient [CokeOven:candidate=True;constructible=True;affordable=False;available=False;owned=2;upgradeTo=IndustrialCarbonizationRetort;research=SteamPower|Coking;workshop=;productivity=280.3;territory=1863]"
1779180,1779180,Conservative,"Building","Waiting","",1,"productivity or territory is insufficient [CokeOven:candidate=True;constructible=True;affordable=False;available=False;owned=2;upgradeTo=IndustrialCarbonizationRetort;research=SteamPower|Coking;workshop=;productivity=266;territory=1863]"
1779780,1779780,Conservative,"Building","Waiting","",1,"productivity or territory is insufficient [CokeOven:candidate=True;constructible=True;affordable=False;available=False;owned=2;upgradeTo=IndustrialCarbonizationRetort;research=SteamPower|Coking;workshop=;productivity=257.42;territory=1863]"
1780380,1780380,Conservative,"Building","Waiting","",1,"productivity or territory is insufficient [CokeOven:candidate=True;constructible=True;affordable=False;available=False;owned=2;upgradeTo=IndustrialCarbonizationRetort;research=SteamPower|Coking;workshop=;productivity=248.84;territory=1863]"
1780980,1780980,Conservative,"Building","Waiting","",1,"productivity or territory is insufficient [CokeOven:candidate=True;constructible=True;affordable=False;available=False;owned=2;upgradeTo=IndustrialCarbonizationRetort;research=SteamPower|Coking;workshop=;productivity=240.26;territory=1863]"
1781580,1781580,Conservative,"Building","Waiting","",1,"productivity or territory is insufficient [CokeOven:candidate=True;constructible=True;affordable=False;available=False;owned=2;upgradeTo=IndustrialCarbonizationRetort;research=SteamPower|Coking;workshop=;productivity=234.54;territory=1863]"
1782180,1782180,Conservative,"Building","Waiting","",1,"productivity or territory is insufficient [CokeOven:candidate=True;constructible=True;affordable=False;available=False;owned=2;upgradeTo=IndustrialCarbonizationRetort;research=SteamPower|Coking;workshop=;productivity=231.68;territory=1863]"
1782780,1782780,Conservative,"Building","Waiting","",1,"productivity or territory is insufficient [CokeOven:candidate=True;constructible=True;affordable=False;available=False;owned=2;upgradeTo=IndustrialCarbonizationRetort;research=SteamPower|Coking;workshop=;productivity=225.96;territory=1863]"
1783380,1783380,Conservative,"Building","Waiting","",1,"productivity or territory is insufficient [CokeOven:candidate=True;constructible=True;affordable=False;available=False;owned=2;upgradeTo=IndustrialCarbonizationRetort;research=SteamPower|Coking;workshop=;productivity=223.1;territory=1863]"
1783980,1783980,Conservative,"Building","Waiting","",1,"productivity or territory is insufficient [CokeOven:candidate=True;constructible=True;affordable=False;available=False;owned=2;upgradeTo=IndustrialCarbonizationRetort;research=SteamPower|Coking;workshop=;productivity=220.24;territory=1863]"
1784580,1784580,Conservative,"Building","Waiting","",1,"productivity or territory is insufficient [CokeOven:candidate=True;constructible=True;affordable=False;available=False;owned=2;upgradeTo=IndustrialCarbonizationRetort;research=SteamPower|Coking;workshop=;productivity=217.38;territory=1863]"
1785180,1785780,Conservative,"Building","Waiting","",2,"productivity or territory is insufficient [CokeOven:candidate=True;constructible=True;affordable=False;available=False;owned=2;upgradeTo=IndustrialCarbonizationRetort;research=SteamPower|Coking;workshop=;productivity=214.52;territory=1863]"
1786380,1786980,Conservative,"Building","Waiting","",2,"productivity or territory is insufficient [CokeOven:candidate=True;constructible=True;affordable=False;available=False;owned=2;upgradeTo=IndustrialCarbonizationRetort;research=SteamPower|Coking;workshop=;productivity=211.66;territory=1863]"
1787580,1789980,Conservative,"Building","Waiting","",5,"productivity or territory is insufficient [CokeOven:candidate=True;constructible=True;affordable=False;available=False;owned=2;upgradeTo=IndustrialCarbonizationRetort;research=SteamPower|Coking;workshop=;productivity=208.8;territory=1863]"
1790580,1801980,Conservative,"Building","Waiting","",20,"productivity or territory is insufficient [CokeOven:candidate=True;constructible=True;affordable=False;available=False;owned=2;upgradeTo=IndustrialCarbonizationRetort;research=SteamPower|Coking;workshop=;productivity=205.94;territory=1863]"
1802580,1802580,Conservative,"Building","Waiting","",1,"productivity or territory is insufficient [CokeOven:candidate=True;constructible=True;affordable=False;available=False;owned=2;upgradeTo=IndustrialCarbonizationRetort;research=SteamPower|Coking;workshop=;productivity=203.08;territory=1863]"
1803180,1803180,Conservative,"Building","Waiting","",1,"productivity or territory is insufficient [CokeOven:candidate=True;constructible=True;affordable=False;available=False;owned=2;upgradeTo=IndustrialCarbonizationRetort;research=SteamPower|Coking;workshop=;productivity=1352.8;territory=1863]"
1803780,1803780,Conservative,"Building","Waiting","",1,"productivity or territory is insufficient [CokeOven:candidate=True;constructible=True;affordable=False;available=False;owned=2;upgradeTo=IndustrialCarbonizationRetort;research=SteamPower|Coking;workshop=;productivity=1164.04;territory=1863]"
1804380,1804380,Conservative,"Building","Waiting","",1,"productivity or territory is insufficient [CokeOven:candidate=True;constructible=True;affordable=False;available=False;owned=2;upgradeTo=IndustrialCarbonizationRetort;research=SteamPower|Coking;workshop=;productivity=1003.88;territory=1863]"
1804980,1804980,Conservative,"Building","Waiting","",1,"productivity or territory is insufficient [CokeOven:candidate=True;constructible=True;affordable=False;available=False;owned=2;upgradeTo=IndustrialCarbonizationRetort;research=SteamPower|Coking;workshop=;productivity=869.46;territory=1863]"
1805580,1805580,Conservative,"Building","Waiting","",1,"productivity or territory is insufficient [CokeOven:candidate=True;constructible=True;affordable=False;available=False;owned=2;upgradeTo=IndustrialCarbonizationRetort;research=SteamPower|Coking;workshop=;productivity=760.78;territory=1863]"
1806180,1806180,Conservative,"Building","Waiting","",1,"productivity or territory is insufficient [CokeOven:candidate=True;constructible=True;affordable=False;available=False;owned=2;upgradeTo=IndustrialCarbonizationRetort;research=SteamPower|Coking;workshop=;productivity=666.4;territory=1863]"
1806780,1806780,Conservative,"Building","Waiting","",1,"productivity or territory is insufficient [CokeOven:candidate=True;constructible=True;affordable=False;available=False;owned=2;upgradeTo=IndustrialCarbonizationRetort;research=SteamPower|Coking;workshop=;productivity=589.18;territory=1863]"
1807380,1807380,Conservative,"Building","Waiting","",1,"productivity or territory is insufficient [CokeOven:candidate=True;constructible=True;affordable=False;available=False;owned=2;upgradeTo=IndustrialCarbonizationRetort;research=SteamPower|Coking;workshop=;productivity=526.26;territory=1863]"
1807980,1807980,Conservative,"Building","Waiting","",1,"productivity or territory is insufficient [CokeOven:candidate=True;constructible=True;affordable=False;available=False;owned=2;upgradeTo=IndustrialCarbonizationRetort;research=SteamPower|Coking;workshop=;productivity=471.92;territory=1863]"
1808580,1808580,Conservative,"Building","Waiting","",1,"productivity or territory is insufficient [CokeOven:candidate=True;constructible=True;affordable=False;available=False;owned=2;upgradeTo=IndustrialCarbonizationRetort;research=SteamPower|Coking;workshop=;productivity=429.02;territory=1863]"
1809180,1809180,Conservative,"Building","Waiting","",1,"productivity or territory is insufficient [CokeOven:candidate=True;constructible=True;affordable=False;available=False;owned=2;upgradeTo=IndustrialCarbonizationRetort;research=SteamPower|Coking;workshop=;productivity=391.84;territory=1863]"
1809780,1809780,Conservative,"Building","Waiting","",1,"productivity or territory is insufficient [CokeOven:candidate=True;constructible=True;affordable=False;available=False;owned=2;upgradeTo=IndustrialCarbonizationRetort;research=SteamPower|Coking;workshop=;productivity=360.38;territory=1863]"
1810380,1810380,Conservative,"Building","Waiting","",1,"productivity or territory is insufficient [CokeOven:candidate=True;constructible=True;affordable=False;available=False;owned=2;upgradeTo=IndustrialCarbonizationRetort;research=SteamPower|Coking;workshop=;productivity=334.64;territory=1863]"
1810980,1810980,Conservative,"Building","Waiting","",1,"productivity or territory is insufficient [CokeOven:candidate=True;constructible=True;affordable=False;available=False;owned=2;upgradeTo=IndustrialCarbonizationRetort;research=SteamPower|Coking;workshop=;productivity=311.76;territory=1863]"
1811580,1811580,Conservative,"Building","Waiting","",1,"productivity or territory is insufficient [CokeOven:candidate=True;constructible=True;affordable=False;available=False;owned=2;upgradeTo=IndustrialCarbonizationRetort;research=SteamPower|Coking;workshop=;productivity=294.6;territory=1863]"
1812180,1812180,Conservative,"Building","Waiting","",1,"productivity or territory is insufficient [CokeOven:candidate=True;constructible=True;affordable=False;available=False;owned=2;upgradeTo=IndustrialCarbonizationRetort;research=SteamPower|Coking;workshop=;productivity=280.3;territory=1863]"
1812780,1812780,Conservative,"Building","Waiting","",1,"productivity or territory is insufficient [CokeOven:candidate=True;constructible=True;affordable=False;available=False;owned=2;upgradeTo=IndustrialCarbonizationRetort;research=SteamPower|Coking;workshop=;productivity=266;territory=1863]"
1813380,1813380,Conservative,"Building","Waiting","",1,"productivity or territory is insufficient [CokeOven:candidate=True;constructible=True;affordable=False;available=False;owned=2;upgradeTo=IndustrialCarbonizationRetort;research=SteamPower|Coking;workshop=;productivity=257.42;territory=1863]"
1813980,1813980,Conservative,"Building","Waiting","",1,"productivity or territory is insufficient [CokeOven:candidate=True;constructible=True;affordable=False;available=False;owned=2;upgradeTo=IndustrialCarbonizationRetort;research=SteamPower|Coking;workshop=;productivity=248.84;territory=1863]"
1814580,1814580,Conservative,"Building","Waiting","",1,"productivity or territory is insufficient [CokeOven:candidate=True;constructible=True;affordable=False;available=False;owned=2;upgradeTo=IndustrialCarbonizationRetort;research=SteamPower|Coking;workshop=;productivity=240.26;territory=1863]"
1815180,1815180,Conservative,"Building","Waiting","",1,"productivity or territory is insufficient [CokeOven:candidate=True;constructible=True;affordable=False;available=False;owned=2;upgradeTo=IndustrialCarbonizationRetort;research=SteamPower|Coking;workshop=;productivity=234.54;territory=1863]"
1815780,1815780,Conservative,"Building","Waiting","",1,"productivity or territory is insufficient [CokeOven:candidate=True;constructible=True;affordable=False;available=False;owned=2;upgradeTo=IndustrialCarbonizationRetort;research=SteamPower|Coking;workshop=;productivity=231.68;territory=1863]"
1816380,1816380,Conservative,"Building","Waiting","",1,"productivity or territory is insufficient [CokeOven:candidate=True;constructible=True;affordable=False;available=False;owned=2;upgradeTo=IndustrialCarbonizationRetort;research=SteamPower|Coking;workshop=;productivity=225.96;territory=1863]"
1816980,1816980,Conservative,"Building","Waiting","",1,"productivity or territory is insufficient [CokeOven:candidate=True;constructible=True;affordable=False;available=False;owned=2;upgradeTo=IndustrialCarbonizationRetort;research=SteamPower|Coking;workshop=;productivity=223.1;territory=1863]"
1817580,1817580,Conservative,"Building","Waiting","",1,"productivity or territory is insufficient [CokeOven:candidate=True;constructible=True;affordable=False;available=False;owned=2;upgradeTo=IndustrialCarbonizationRetort;research=SteamPower|Coking;workshop=;productivity=220.24;territory=1863]"
1818180,1818180,Conservative,"Building","Waiting","",1,"productivity or territory is insufficient [CokeOven:candidate=True;constructible=True;affordable=False;available=False;owned=2;upgradeTo=IndustrialCarbonizationRetort;research=SteamPower|Coking;workshop=;productivity=217.38;territory=1863]"
1818780,1819380,Conservative,"Building","Waiting","",2,"productivity or territory is insufficient [CokeOven:candidate=True;constructible=True;affordable=False;available=False;owned=2;upgradeTo=IndustrialCarbonizationRetort;research=SteamPower|Coking;workshop=;productivity=214.52;territory=1863]"
1819980,1820580,Conservative,"Building","Waiting","",2,"productivity or territory is insufficient [CokeOven:candidate=True;constructible=True;affordable=False;available=False;owned=2;upgradeTo=IndustrialCarbonizationRetort;research=SteamPower|Coking;workshop=;productivity=211.66;territory=1863]"
1821180,1823580,Conservative,"Building","Waiting","",5,"productivity or territory is insufficient [CokeOven:candidate=True;constructible=True;affordable=False;available=False;owned=2;upgradeTo=IndustrialCarbonizationRetort;research=SteamPower|Coking;workshop=;productivity=208.8;territory=1863]"
1824180,1835580,Conservative,"Building","Waiting","",20,"productivity or territory is insufficient [CokeOven:candidate=True;constructible=True;affordable=False;available=False;owned=2;upgradeTo=IndustrialCarbonizationRetort;research=SteamPower|Coking;workshop=;productivity=205.94;territory=1863]"
1836180,1836180,Conservative,"Building","Waiting","",1,"productivity or territory is insufficient [CokeOven:candidate=True;constructible=True;affordable=False;available=False;owned=2;upgradeTo=IndustrialCarbonizationRetort;research=SteamPower|Coking;workshop=;productivity=203.08;territory=1863]"
1836780,1836780,Conservative,"Building","Waiting","",1,"productivity or territory is insufficient [CokeOven:candidate=True;constructible=True;affordable=False;available=False;owned=2;upgradeTo=IndustrialCarbonizationRetort;research=SteamPower|Coking;workshop=;productivity=1352.8;territory=1863]"
1837380,1837380,Conservative,"Building","Waiting","",1,"productivity or territory is insufficient [CokeOven:candidate=True;constructible=True;affordable=False;available=False;owned=2;upgradeTo=IndustrialCarbonizationRetort;research=SteamPower|Coking;workshop=;productivity=1164.04;territory=1863]"
1837980,1837980,Conservative,"Building","Waiting","",1,"productivity or territory is insufficient [CokeOven:candidate=True;constructible=True;affordable=False;available=False;owned=2;upgradeTo=IndustrialCarbonizationRetort;research=SteamPower|Coking;workshop=;productivity=1003.88;territory=1863]"
1838580,1838580,Conservative,"Building","Waiting","",1,"productivity or territory is insufficient [CokeOven:candidate=True;constructible=True;affordable=False;available=False;owned=2;upgradeTo=IndustrialCarbonizationRetort;research=SteamPower|Coking;workshop=;productivity=869.46;territory=1863]"
1839180,1839180,Conservative,"Building","Waiting","",1,"productivity or territory is insufficient [CokeOven:candidate=True;constructible=True;affordable=False;available=False;owned=2;upgradeTo=IndustrialCarbonizationRetort;research=SteamPower|Coking;workshop=;productivity=760.78;territory=1863]"
1839780,1839780,Conservative,"Building","Waiting","",1,"productivity or territory is insufficient [CokeOven:candidate=True;constructible=True;affordable=False;available=False;owned=2;upgradeTo=IndustrialCarbonizationRetort;research=SteamPower|Coking;workshop=;productivity=666.4;territory=1863]"
1840380,1840380,Conservative,"Building","Waiting","",1,"productivity or territory is insufficient [CokeOven:candidate=True;constructible=True;affordable=False;available=False;owned=2;upgradeTo=IndustrialCarbonizationRetort;research=SteamPower|Coking;workshop=;productivity=589.18;territory=1863]"
1840980,1840980,Conservative,"Building","Waiting","",1,"productivity or territory is insufficient [CokeOven:candidate=True;constructible=True;affordable=False;available=False;owned=2;upgradeTo=IndustrialCarbonizationRetort;research=SteamPower|Coking;workshop=;productivity=526.26;territory=1863]"
1841580,1841580,Conservative,"Building","Waiting","",1,"productivity or territory is insufficient [CokeOven:candidate=True;constructible=True;affordable=False;available=False;owned=2;upgradeTo=IndustrialCarbonizationRetort;research=SteamPower|Coking;workshop=;productivity=471.92;territory=1863]"
1842180,1842180,Conservative,"Building","Waiting","",1,"productivity or territory is insufficient [CokeOven:candidate=True;constructible=True;affordable=False;available=False;owned=2;upgradeTo=IndustrialCarbonizationRetort;research=SteamPower|Coking;workshop=;productivity=429.02;territory=1863]"
1842780,1842780,Conservative,"Building","Waiting","",1,"productivity or territory is insufficient [CokeOven:candidate=True;constructible=True;affordable=False;available=False;owned=2;upgradeTo=IndustrialCarbonizationRetort;research=SteamPower|Coking;workshop=;productivity=391.84;territory=1863]"
1843380,1843380,Conservative,"Building","Waiting","",1,"productivity or territory is insufficient [CokeOven:candidate=True;constructible=True;affordable=False;available=False;owned=2;upgradeTo=IndustrialCarbonizationRetort;research=SteamPower|Coking;workshop=;productivity=360.38;territory=1863]"
1843980,1843980,Conservative,"Building","Waiting","",1,"productivity or territory is insufficient [CokeOven:candidate=True;constructible=True;affordable=False;available=False;owned=2;upgradeTo=IndustrialCarbonizationRetort;research=SteamPower|Coking;workshop=;productivity=334.64;territory=1863]"
1844580,1844580,Conservative,"Building","Waiting","",1,"productivity or territory is insufficient [CokeOven:candidate=True;constructible=True;affordable=False;available=False;owned=2;upgradeTo=IndustrialCarbonizationRetort;research=SteamPower|Coking;workshop=;productivity=311.76;territory=1863]"
1845180,1845180,Conservative,"Building","Waiting","",1,"productivity or territory is insufficient [CokeOven:candidate=True;constructible=True;affordable=False;available=False;owned=2;upgradeTo=IndustrialCarbonizationRetort;research=SteamPower|Coking;workshop=;productivity=294.6;territory=1863]"
1845780,1845780,Conservative,"Building","Waiting","",1,"productivity or territory is insufficient [CokeOven:candidate=True;constructible=True;affordable=False;available=False;owned=2;upgradeTo=IndustrialCarbonizationRetort;research=SteamPower|Coking;workshop=;productivity=280.3;territory=1863]"
1846380,1846380,Conservative,"Building","Waiting","",1,"productivity or territory is insufficient [CokeOven:candidate=True;constructible=True;affordable=False;available=False;owned=2;upgradeTo=IndustrialCarbonizationRetort;research=SteamPower|Coking;workshop=;productivity=266;territory=1863]"
1846980,1846980,Conservative,"Building","Waiting","",1,"productivity or territory is insufficient [CokeOven:candidate=True;constructible=True;affordable=False;available=False;owned=2;upgradeTo=IndustrialCarbonizationRetort;research=SteamPower|Coking;workshop=;productivity=257.42;territory=1863]"
1847580,1847580,Conservative,"Building","Waiting","",1,"productivity or territory is insufficient [CokeOven:candidate=True;constructible=True;affordable=False;available=False;owned=2;upgradeTo=IndustrialCarbonizationRetort;research=SteamPower|Coking;workshop=;productivity=248.84;territory=1863]"
1848180,1848180,Conservative,"Building","Waiting","",1,"productivity or territory is insufficient [CokeOven:candidate=True;constructible=True;affordable=False;available=False;owned=2;upgradeTo=IndustrialCarbonizationRetort;research=SteamPower|Coking;workshop=;productivity=240.26;territory=1863]"
1848780,1848780,Conservative,"Building","Waiting","",1,"productivity or territory is insufficient [CokeOven:candidate=True;constructible=True;affordable=False;available=False;owned=2;upgradeTo=IndustrialCarbonizationRetort;research=SteamPower|Coking;workshop=;productivity=234.54;territory=1863]"
1849380,1849380,Conservative,"Building","Waiting","",1,"productivity or territory is insufficient [CokeOven:candidate=True;constructible=True;affordable=False;available=False;owned=2;upgradeTo=IndustrialCarbonizationRetort;research=SteamPower|Coking;workshop=;productivity=231.68;territory=1863]"
1849980,1849980,Conservative,"Building","Waiting","",1,"productivity or territory is insufficient [CokeOven:candidate=True;constructible=True;affordable=False;available=False;owned=2;upgradeTo=IndustrialCarbonizationRetort;research=SteamPower|Coking;workshop=;productivity=225.96;territory=1863]"
1850580,1850580,Conservative,"Building","Waiting","",1,"productivity or territory is insufficient [CokeOven:candidate=True;constructible=True;affordable=False;available=False;owned=2;upgradeTo=IndustrialCarbonizationRetort;research=SteamPower|Coking;workshop=;productivity=223.1;territory=1863]"
1851180,1851180,Conservative,"Building","Waiting","",1,"productivity or territory is insufficient [CokeOven:candidate=True;constructible=True;affordable=False;available=False;owned=2;upgradeTo=IndustrialCarbonizationRetort;research=SteamPower|Coking;workshop=;productivity=220.24;territory=1863]"
1851780,1851780,Conservative,"Building","Waiting","",1,"productivity or territory is insufficient [CokeOven:candidate=True;constructible=True;affordable=False;available=False;owned=2;upgradeTo=IndustrialCarbonizationRetort;research=SteamPower|Coking;workshop=;productivity=217.38;territory=1863]"
1852380,1852980,Conservative,"Building","Waiting","",2,"productivity or territory is insufficient [CokeOven:candidate=True;constructible=True;affordable=False;available=False;owned=2;upgradeTo=IndustrialCarbonizationRetort;research=SteamPower|Coking;workshop=;productivity=214.52;territory=1863]"
1853580,1854180,Conservative,"Building","Waiting","",2,"productivity or territory is insufficient [CokeOven:candidate=True;constructible=True;affordable=False;available=False;owned=2;upgradeTo=IndustrialCarbonizationRetort;research=SteamPower|Coking;workshop=;productivity=211.66;territory=1863]"
1854780,1857180,Conservative,"Building","Waiting","",5,"productivity or territory is insufficient [CokeOven:candidate=True;constructible=True;affordable=False;available=False;owned=2;upgradeTo=IndustrialCarbonizationRetort;research=SteamPower|Coking;workshop=;productivity=208.8;territory=1863]"
1857780,1869180,Conservative,"Building","Waiting","",20,"productivity or territory is insufficient [CokeOven:candidate=True;constructible=True;affordable=False;available=False;owned=2;upgradeTo=IndustrialCarbonizationRetort;research=SteamPower|Coking;workshop=;productivity=205.94;territory=1863]"
1869780,1869780,Conservative,"Building","Waiting","",1,"productivity or territory is insufficient [CokeOven:candidate=True;constructible=True;affordable=False;available=False;owned=2;upgradeTo=IndustrialCarbonizationRetort;research=SteamPower|Coking;workshop=;productivity=203.08;territory=1863]"
1870380,1870380,Conservative,"Building","Waiting","",1,"productivity or territory is insufficient [CokeOven:candidate=True;constructible=True;affordable=False;available=False;owned=2;upgradeTo=IndustrialCarbonizationRetort;research=SteamPower|Coking;workshop=;productivity=1352.8;territory=1863]"
1870980,1870980,Conservative,"Building","Waiting","",1,"productivity or territory is insufficient [CokeOven:candidate=True;constructible=True;affordable=False;available=False;owned=2;upgradeTo=IndustrialCarbonizationRetort;research=SteamPower|Coking;workshop=;productivity=1164.04;territory=1863]"
1871580,1871580,Conservative,"Building","Waiting","",1,"productivity or territory is insufficient [CokeOven:candidate=True;constructible=True;affordable=False;available=False;owned=2;upgradeTo=IndustrialCarbonizationRetort;research=SteamPower|Coking;workshop=;productivity=1003.88;territory=1863]"
1872180,1872180,Conservative,"Building","Waiting","",1,"productivity or territory is insufficient [CokeOven:candidate=True;constructible=True;affordable=False;available=False;owned=2;upgradeTo=IndustrialCarbonizationRetort;research=SteamPower|Coking;workshop=;productivity=869.46;territory=1863]"
1872780,1872780,Conservative,"Building","Waiting","",1,"productivity or territory is insufficient [CokeOven:candidate=True;constructible=True;affordable=False;available=False;owned=2;upgradeTo=IndustrialCarbonizationRetort;research=SteamPower|Coking;workshop=;productivity=760.78;territory=1863]"
1873380,1873380,Conservative,"Building","Waiting","",1,"productivity or territory is insufficient [CokeOven:candidate=True;constructible=True;affordable=False;available=False;owned=2;upgradeTo=IndustrialCarbonizationRetort;research=SteamPower|Coking;workshop=;productivity=666.4;territory=1863]"
1873980,1873980,Conservative,"Building","Waiting","",1,"productivity or territory is insufficient [CokeOven:candidate=True;constructible=True;affordable=False;available=False;owned=2;upgradeTo=IndustrialCarbonizationRetort;research=SteamPower|Coking;workshop=;productivity=589.18;territory=1863]"
1874580,1874580,Conservative,"Building","Waiting","",1,"productivity or territory is insufficient [CokeOven:candidate=True;constructible=True;affordable=False;available=False;owned=2;upgradeTo=IndustrialCarbonizationRetort;research=SteamPower|Coking;workshop=;productivity=526.26;territory=1863]"
1875180,1875180,Conservative,"Building","Waiting","",1,"productivity or territory is insufficient [CokeOven:candidate=True;constructible=True;affordable=False;available=False;owned=2;upgradeTo=IndustrialCarbonizationRetort;research=SteamPower|Coking;workshop=;productivity=471.92;territory=1863]"
1875780,1875780,Conservative,"Building","Waiting","",1,"productivity or territory is insufficient [CokeOven:candidate=True;constructible=True;affordable=False;available=False;owned=2;upgradeTo=IndustrialCarbonizationRetort;research=SteamPower|Coking;workshop=;productivity=429.02;territory=1863]"
1876380,1876380,Conservative,"Building","Waiting","",1,"productivity or territory is insufficient [CokeOven:candidate=True;constructible=True;affordable=False;available=False;owned=2;upgradeTo=IndustrialCarbonizationRetort;research=SteamPower|Coking;workshop=;productivity=391.84;territory=1863]"
1876980,1876980,Conservative,"Building","Waiting","",1,"productivity or territory is insufficient [CokeOven:candidate=True;constructible=True;affordable=False;available=False;owned=2;upgradeTo=IndustrialCarbonizationRetort;research=SteamPower|Coking;workshop=;productivity=360.38;territory=1863]"
1877580,1877580,Conservative,"Building","Waiting","",1,"productivity or territory is insufficient [CokeOven:candidate=True;constructible=True;affordable=False;available=False;owned=2;upgradeTo=IndustrialCarbonizationRetort;research=SteamPower|Coking;workshop=;productivity=334.64;territory=1863]"
1878180,1878180,Conservative,"Building","Waiting","",1,"productivity or territory is insufficient [CokeOven:candidate=True;constructible=True;affordable=False;available=False;owned=2;upgradeTo=IndustrialCarbonizationRetort;research=SteamPower|Coking;workshop=;productivity=311.76;territory=1863]"
1878780,1878780,Conservative,"Building","Waiting","",1,"productivity or territory is insufficient [CokeOven:candidate=True;constructible=True;affordable=False;available=False;owned=2;upgradeTo=IndustrialCarbonizationRetort;research=SteamPower|Coking;workshop=;productivity=294.6;territory=1863]"
1879380,1879380,Conservative,"Building","Waiting","",1,"productivity or territory is insufficient [CokeOven:candidate=True;constructible=True;affordable=False;available=False;owned=2;upgradeTo=IndustrialCarbonizationRetort;research=SteamPower|Coking;workshop=;productivity=280.3;territory=1863]"
1879980,1879980,Conservative,"Building","Waiting","",1,"productivity or territory is insufficient [CokeOven:candidate=True;constructible=True;affordable=False;available=False;owned=2;upgradeTo=IndustrialCarbonizationRetort;research=SteamPower|Coking;workshop=;productivity=266;territory=1863]"
1880580,1880580,Conservative,"Building","Waiting","",1,"productivity or territory is insufficient [CokeOven:candidate=True;constructible=True;affordable=False;available=False;owned=2;upgradeTo=IndustrialCarbonizationRetort;research=SteamPower|Coking;workshop=;productivity=257.42;territory=1863]"
1881180,1881180,Conservative,"Building","Waiting","",1,"productivity or territory is insufficient [CokeOven:candidate=True;constructible=True;affordable=False;available=False;owned=2;upgradeTo=IndustrialCarbonizationRetort;research=SteamPower|Coking;workshop=;productivity=248.84;territory=1863]"
1881780,1881780,Conservative,"Building","Waiting","",1,"productivity or territory is insufficient [CokeOven:candidate=True;constructible=True;affordable=False;available=False;owned=2;upgradeTo=IndustrialCarbonizationRetort;research=SteamPower|Coking;workshop=;productivity=240.26;territory=1863]"
1882380,1882380,Conservative,"Building","Waiting","",1,"productivity or territory is insufficient [CokeOven:candidate=True;constructible=True;affordable=False;available=False;owned=2;upgradeTo=IndustrialCarbonizationRetort;research=SteamPower|Coking;workshop=;productivity=234.54;territory=1863]"
1882980,1882980,Conservative,"Building","Waiting","",1,"productivity or territory is insufficient [CokeOven:candidate=True;constructible=True;affordable=False;available=False;owned=2;upgradeTo=IndustrialCarbonizationRetort;research=SteamPower|Coking;workshop=;productivity=231.68;territory=1863]"
1883580,1883580,Conservative,"Building","Waiting","",1,"productivity or territory is insufficient [CokeOven:candidate=True;constructible=True;affordable=False;available=False;owned=2;upgradeTo=IndustrialCarbonizationRetort;research=SteamPower|Coking;workshop=;productivity=225.96;territory=1863]"
1884180,1884180,Conservative,"Building","Waiting","",1,"productivity or territory is insufficient [CokeOven:candidate=True;constructible=True;affordable=False;available=False;owned=2;upgradeTo=IndustrialCarbonizationRetort;research=SteamPower|Coking;workshop=;productivity=223.1;territory=1863]"
1884780,1884780,Conservative,"Building","Waiting","",1,"productivity or territory is insufficient [CokeOven:candidate=True;constructible=True;affordable=False;available=False;owned=2;upgradeTo=IndustrialCarbonizationRetort;research=SteamPower|Coking;workshop=;productivity=220.24;territory=1863]"
1885380,1885380,Conservative,"Building","Waiting","",1,"productivity or territory is insufficient [CokeOven:candidate=True;constructible=True;affordable=False;available=False;owned=2;upgradeTo=IndustrialCarbonizationRetort;research=SteamPower|Coking;workshop=;productivity=217.38;territory=1863]"
1885980,1886580,Conservative,"Building","Waiting","",2,"productivity or territory is insufficient [CokeOven:candidate=True;constructible=True;affordable=False;available=False;owned=2;upgradeTo=IndustrialCarbonizationRetort;research=SteamPower|Coking;workshop=;productivity=214.52;territory=1863]"
1887180,1887780,Conservative,"Building","Waiting","",2,"productivity or territory is insufficient [CokeOven:candidate=True;constructible=True;affordable=False;available=False;owned=2;upgradeTo=IndustrialCarbonizationRetort;research=SteamPower|Coking;workshop=;productivity=211.66;territory=1863]"
1888380,1890780,Conservative,"Building","Waiting","",5,"productivity or territory is insufficient [CokeOven:candidate=True;constructible=True;affordable=False;available=False;owned=2;upgradeTo=IndustrialCarbonizationRetort;research=SteamPower|Coking;workshop=;productivity=208.8;territory=1863]"
1891380,1902780,Conservative,"Building","Waiting","",20,"productivity or territory is insufficient [CokeOven:candidate=True;constructible=True;affordable=False;available=False;owned=2;upgradeTo=IndustrialCarbonizationRetort;research=SteamPower|Coking;workshop=;productivity=205.94;territory=1863]"
1903380,1903380,Conservative,"Building","Waiting","",1,"productivity or territory is insufficient [CokeOven:candidate=True;constructible=True;affordable=False;available=False;owned=2;upgradeTo=IndustrialCarbonizationRetort;research=SteamPower|Coking;workshop=;productivity=203.08;territory=1863]"
1903980,1903980,Conservative,"Building","Waiting","",1,"productivity or territory is insufficient [CokeOven:candidate=True;constructible=True;affordable=False;available=False;owned=2;upgradeTo=IndustrialCarbonizationRetort;research=SteamPower|Coking;workshop=;productivity=1352.8;territory=1863]"
1904580,1904580,Conservative,"Building","Waiting","",1,"productivity or territory is insufficient [CokeOven:candidate=True;constructible=True;affordable=False;available=False;owned=2;upgradeTo=IndustrialCarbonizationRetort;research=SteamPower|Coking;workshop=;productivity=1164.04;territory=1863]"
1905180,1905180,Conservative,"Building","Waiting","",1,"productivity or territory is insufficient [CokeOven:candidate=True;constructible=True;affordable=False;available=False;owned=2;upgradeTo=IndustrialCarbonizationRetort;research=SteamPower|Coking;workshop=;productivity=1003.88;territory=1863]"
1905780,1905780,Conservative,"Building","Waiting","",1,"productivity or territory is insufficient [CokeOven:candidate=True;constructible=True;affordable=False;available=False;owned=2;upgradeTo=IndustrialCarbonizationRetort;research=SteamPower|Coking;workshop=;productivity=869.46;territory=1863]"
1906380,1906380,Conservative,"Building","Waiting","",1,"productivity or territory is insufficient [CokeOven:candidate=True;constructible=True;affordable=False;available=False;owned=2;upgradeTo=IndustrialCarbonizationRetort;research=SteamPower|Coking;workshop=;productivity=760.78;territory=1863]"
1906980,1906980,Conservative,"Building","Waiting","",1,"productivity or territory is insufficient [CokeOven:candidate=True;constructible=True;affordable=False;available=False;owned=2;upgradeTo=IndustrialCarbonizationRetort;research=SteamPower|Coking;workshop=;productivity=666.4;territory=1863]"
1907580,1907580,Conservative,"Building","Waiting","",1,"productivity or territory is insufficient [CokeOven:candidate=True;constructible=True;affordable=False;available=False;owned=2;upgradeTo=IndustrialCarbonizationRetort;research=SteamPower|Coking;workshop=;productivity=589.18;territory=1863]"
1908180,1908180,Conservative,"Building","Waiting","",1,"productivity or territory is insufficient [CokeOven:candidate=True;constructible=True;affordable=False;available=False;owned=2;upgradeTo=IndustrialCarbonizationRetort;research=SteamPower|Coking;workshop=;productivity=526.26;territory=1863]"
1908780,1908780,Conservative,"Building","Waiting","",1,"productivity or territory is insufficient [CokeOven:candidate=True;constructible=True;affordable=False;available=False;owned=2;upgradeTo=IndustrialCarbonizationRetort;research=SteamPower|Coking;workshop=;productivity=471.92;territory=1863]"
1909380,1909380,Conservative,"Building","Waiting","",1,"productivity or territory is insufficient [CokeOven:candidate=True;constructible=True;affordable=False;available=False;owned=2;upgradeTo=IndustrialCarbonizationRetort;research=SteamPower|Coking;workshop=;productivity=429.02;territory=1863]"
1909980,1909980,Conservative,"Building","Waiting","",1,"productivity or territory is insufficient [CokeOven:candidate=True;constructible=True;affordable=False;available=False;owned=2;upgradeTo=IndustrialCarbonizationRetort;research=SteamPower|Coking;workshop=;productivity=391.84;territory=1863]"
1910580,1910580,Conservative,"Building","Waiting","",1,"productivity or territory is insufficient [CokeOven:candidate=True;constructible=True;affordable=False;available=False;owned=2;upgradeTo=IndustrialCarbonizationRetort;research=SteamPower|Coking;workshop=;productivity=360.38;territory=1863]"
1911180,1911180,Conservative,"Building","Waiting","",1,"productivity or territory is insufficient [CokeOven:candidate=True;constructible=True;affordable=False;available=False;owned=2;upgradeTo=IndustrialCarbonizationRetort;research=SteamPower|Coking;workshop=;productivity=334.64;territory=1863]"
1911780,1911780,Conservative,"Building","Waiting","",1,"productivity or territory is insufficient [CokeOven:candidate=True;constructible=True;affordable=False;available=False;owned=2;upgradeTo=IndustrialCarbonizationRetort;research=SteamPower|Coking;workshop=;productivity=311.76;territory=1863]"
1912380,1912380,Conservative,"Building","Waiting","",1,"productivity or territory is insufficient [CokeOven:candidate=True;constructible=True;affordable=False;available=False;owned=2;upgradeTo=IndustrialCarbonizationRetort;research=SteamPower|Coking;workshop=;productivity=294.6;territory=1863]"
1912980,1912980,Conservative,"Building","Waiting","",1,"productivity or territory is insufficient [CokeOven:candidate=True;constructible=True;affordable=False;available=False;owned=2;upgradeTo=IndustrialCarbonizationRetort;research=SteamPower|Coking;workshop=;productivity=280.3;territory=1863]"
1913580,1913580,Conservative,"Building","Waiting","",1,"productivity or territory is insufficient [CokeOven:candidate=True;constructible=True;affordable=False;available=False;owned=2;upgradeTo=IndustrialCarbonizationRetort;research=SteamPower|Coking;workshop=;productivity=266;territory=1863]"
1914180,1914180,Conservative,"Building","Waiting","",1,"productivity or territory is insufficient [CokeOven:candidate=True;constructible=True;affordable=False;available=False;owned=2;upgradeTo=IndustrialCarbonizationRetort;research=SteamPower|Coking;workshop=;productivity=257.42;territory=1863]"
1914780,1914780,Conservative,"Building","Waiting","",1,"productivity or territory is insufficient [CokeOven:candidate=True;constructible=True;affordable=False;available=False;owned=2;upgradeTo=IndustrialCarbonizationRetort;research=SteamPower|Coking;workshop=;productivity=248.84;territory=1863]"
1915380,1915380,Conservative,"Building","Waiting","",1,"productivity or territory is insufficient [CokeOven:candidate=True;constructible=True;affordable=False;available=False;owned=2;upgradeTo=IndustrialCarbonizationRetort;research=SteamPower|Coking;workshop=;productivity=240.26;territory=1863]"
1915980,1915980,Conservative,"Building","Waiting","",1,"productivity or territory is insufficient [CokeOven:candidate=True;constructible=True;affordable=False;available=False;owned=2;upgradeTo=IndustrialCarbonizationRetort;research=SteamPower|Coking;workshop=;productivity=234.54;territory=1863]"
1916580,1916580,Conservative,"Building","Waiting","",1,"productivity or territory is insufficient [CokeOven:candidate=True;constructible=True;affordable=False;available=False;owned=2;upgradeTo=IndustrialCarbonizationRetort;research=SteamPower|Coking;workshop=;productivity=231.68;territory=1863]"
1917180,1917180,Conservative,"Building","Waiting","",1,"productivity or territory is insufficient [CokeOven:candidate=True;constructible=True;affordable=False;available=False;owned=2;upgradeTo=IndustrialCarbonizationRetort;research=SteamPower|Coking;workshop=;productivity=225.96;territory=1863]"
1917780,1917780,Conservative,"Building","Waiting","",1,"productivity or territory is insufficient [CokeOven:candidate=True;constructible=True;affordable=False;available=False;owned=2;upgradeTo=IndustrialCarbonizationRetort;research=SteamPower|Coking;workshop=;productivity=223.1;territory=1863]"
1918380,1918380,Conservative,"Building","Waiting","",1,"productivity or territory is insufficient [CokeOven:candidate=True;constructible=True;affordable=False;available=False;owned=2;upgradeTo=IndustrialCarbonizationRetort;research=SteamPower|Coking;workshop=;productivity=220.24;territory=1863]"
1918980,1918980,Conservative,"Building","Waiting","",1,"productivity or territory is insufficient [CokeOven:candidate=True;constructible=True;affordable=False;available=False;owned=2;upgradeTo=IndustrialCarbonizationRetort;research=SteamPower|Coking;workshop=;productivity=217.38;territory=1863]"
1919580,1920180,Conservative,"Building","Waiting","",2,"productivity or territory is insufficient [CokeOven:candidate=True;constructible=True;affordable=False;available=False;owned=2;upgradeTo=IndustrialCarbonizationRetort;research=SteamPower|Coking;workshop=;productivity=214.52;territory=1863]"
1920780,1921380,Conservative,"Building","Waiting","",2,"productivity or territory is insufficient [CokeOven:candidate=True;constructible=True;affordable=False;available=False;owned=2;upgradeTo=IndustrialCarbonizationRetort;research=SteamPower|Coking;workshop=;productivity=211.66;territory=1863]"
1921980,1924380,Conservative,"Building","Waiting","",5,"productivity or territory is insufficient [CokeOven:candidate=True;constructible=True;affordable=False;available=False;owned=2;upgradeTo=IndustrialCarbonizationRetort;research=SteamPower|Coking;workshop=;productivity=208.8;territory=1863]"
1924980,1936380,Conservative,"Building","Waiting","",20,"productivity or territory is insufficient [CokeOven:candidate=True;constructible=True;affordable=False;available=False;owned=2;upgradeTo=IndustrialCarbonizationRetort;research=SteamPower|Coking;workshop=;productivity=205.94;territory=1863]"
1936980,1936980,Conservative,"Building","Waiting","",1,"productivity or territory is insufficient [CokeOven:candidate=True;constructible=True;affordable=False;available=False;owned=2;upgradeTo=IndustrialCarbonizationRetort;research=SteamPower|Coking;workshop=;productivity=203.08;territory=1863]"
1937580,1937580,Conservative,"Building","Waiting","",1,"productivity or territory is insufficient [CokeOven:candidate=True;constructible=True;affordable=False;available=False;owned=2;upgradeTo=IndustrialCarbonizationRetort;research=SteamPower|Coking;workshop=;productivity=1352.8;territory=1863]"
1938180,1938180,Conservative,"Building","Waiting","",1,"productivity or territory is insufficient [CokeOven:candidate=True;constructible=True;affordable=False;available=False;owned=2;upgradeTo=IndustrialCarbonizationRetort;research=SteamPower|Coking;workshop=;productivity=1164.04;territory=1863]"
1938780,1938780,Conservative,"Building","Waiting","",1,"productivity or territory is insufficient [CokeOven:candidate=True;constructible=True;affordable=False;available=False;owned=2;upgradeTo=IndustrialCarbonizationRetort;research=SteamPower|Coking;workshop=;productivity=1003.88;territory=1863]"
1939380,1939380,Conservative,"Building","Waiting","",1,"productivity or territory is insufficient [CokeOven:candidate=True;constructible=True;affordable=False;available=False;owned=2;upgradeTo=IndustrialCarbonizationRetort;research=SteamPower|Coking;workshop=;productivity=869.46;territory=1863]"
1939980,1939980,Conservative,"Building","Waiting","",1,"productivity or territory is insufficient [CokeOven:candidate=True;constructible=True;affordable=False;available=False;owned=2;upgradeTo=IndustrialCarbonizationRetort;research=SteamPower|Coking;workshop=;productivity=760.78;territory=1863]"
1940580,1940580,Conservative,"Building","Waiting","",1,"productivity or territory is insufficient [CokeOven:candidate=True;constructible=True;affordable=False;available=False;owned=2;upgradeTo=IndustrialCarbonizationRetort;research=SteamPower|Coking;workshop=;productivity=666.4;territory=1863]"
1941180,1941180,Conservative,"Building","Waiting","",1,"productivity or territory is insufficient [CokeOven:candidate=True;constructible=True;affordable=False;available=False;owned=2;upgradeTo=IndustrialCarbonizationRetort;research=SteamPower|Coking;workshop=;productivity=589.18;territory=1863]"
1941780,1941780,Conservative,"Building","Waiting","",1,"productivity or territory is insufficient [CokeOven:candidate=True;constructible=True;affordable=False;available=False;owned=2;upgradeTo=IndustrialCarbonizationRetort;research=SteamPower|Coking;workshop=;productivity=526.26;territory=1863]"
1942380,1942380,Conservative,"Building","Waiting","",1,"productivity or territory is insufficient [CokeOven:candidate=True;constructible=True;affordable=False;available=False;owned=2;upgradeTo=IndustrialCarbonizationRetort;research=SteamPower|Coking;workshop=;productivity=471.92;territory=1863]"
1942980,1942980,Conservative,"Building","Waiting","",1,"productivity or territory is insufficient [CokeOven:candidate=True;constructible=True;affordable=False;available=False;owned=2;upgradeTo=IndustrialCarbonizationRetort;research=SteamPower|Coking;workshop=;productivity=429.02;territory=1863]"
1943580,1943580,Conservative,"Building","Waiting","",1,"productivity or territory is insufficient [CokeOven:candidate=True;constructible=True;affordable=False;available=False;owned=2;upgradeTo=IndustrialCarbonizationRetort;research=SteamPower|Coking;workshop=;productivity=391.84;territory=1863]"
1944180,1944180,Conservative,"Building","Waiting","",1,"productivity or territory is insufficient [CokeOven:candidate=True;constructible=True;affordable=False;available=False;owned=2;upgradeTo=IndustrialCarbonizationRetort;research=SteamPower|Coking;workshop=;productivity=360.38;territory=1863]"
1944780,1944780,Conservative,"Building","Waiting","",1,"productivity or territory is insufficient [CokeOven:candidate=True;constructible=True;affordable=False;available=False;owned=2;upgradeTo=IndustrialCarbonizationRetort;research=SteamPower|Coking;workshop=;productivity=334.64;territory=1863]"
1945380,1945380,Conservative,"Building","Waiting","",1,"productivity or territory is insufficient [CokeOven:candidate=True;constructible=True;affordable=False;available=False;owned=2;upgradeTo=IndustrialCarbonizationRetort;research=SteamPower|Coking;workshop=;productivity=311.76;territory=1863]"
1945980,1945980,Conservative,"Building","Waiting","",1,"productivity or territory is insufficient [CokeOven:candidate=True;constructible=True;affordable=False;available=False;owned=2;upgradeTo=IndustrialCarbonizationRetort;research=SteamPower|Coking;workshop=;productivity=294.6;territory=1863]"
1946580,1946580,Conservative,"Building","Waiting","",1,"productivity or territory is insufficient [CokeOven:candidate=True;constructible=True;affordable=False;available=False;owned=2;upgradeTo=IndustrialCarbonizationRetort;research=SteamPower|Coking;workshop=;productivity=280.3;territory=1863]"
1947180,1947180,Conservative,"Building","Waiting","",1,"productivity or territory is insufficient [CokeOven:candidate=True;constructible=True;affordable=False;available=False;owned=2;upgradeTo=IndustrialCarbonizationRetort;research=SteamPower|Coking;workshop=;productivity=266;territory=1863]"
1947780,1947780,Conservative,"Building","Waiting","",1,"productivity or territory is insufficient [CokeOven:candidate=True;constructible=True;affordable=False;available=False;owned=2;upgradeTo=IndustrialCarbonizationRetort;research=SteamPower|Coking;workshop=;productivity=257.42;territory=1863]"
1948380,1948380,Conservative,"Building","Waiting","",1,"productivity or territory is insufficient [CokeOven:candidate=True;constructible=True;affordable=False;available=False;owned=2;upgradeTo=IndustrialCarbonizationRetort;research=SteamPower|Coking;workshop=;productivity=248.84;territory=1863]"
1948980,1948980,Conservative,"Building","Waiting","",1,"productivity or territory is insufficient [CokeOven:candidate=True;constructible=True;affordable=False;available=False;owned=2;upgradeTo=IndustrialCarbonizationRetort;research=SteamPower|Coking;workshop=;productivity=240.26;territory=1863]"
1949580,1949580,Conservative,"Building","Waiting","",1,"productivity or territory is insufficient [CokeOven:candidate=True;constructible=True;affordable=False;available=False;owned=2;upgradeTo=IndustrialCarbonizationRetort;research=SteamPower|Coking;workshop=;productivity=234.54;territory=1863]"
1950180,1950180,Conservative,"Building","Waiting","",1,"productivity or territory is insufficient [CokeOven:candidate=True;constructible=True;affordable=False;available=False;owned=2;upgradeTo=IndustrialCarbonizationRetort;research=SteamPower|Coking;workshop=;productivity=231.68;territory=1863]"
1950780,1950780,Conservative,"Building","Waiting","",1,"productivity or territory is insufficient [CokeOven:candidate=True;constructible=True;affordable=False;available=False;owned=2;upgradeTo=IndustrialCarbonizationRetort;research=SteamPower|Coking;workshop=;productivity=225.96;territory=1863]"
1951380,1951380,Conservative,"Building","Waiting","",1,"productivity or territory is insufficient [CokeOven:candidate=True;constructible=True;affordable=False;available=False;owned=2;upgradeTo=IndustrialCarbonizationRetort;research=SteamPower|Coking;workshop=;productivity=223.1;territory=1863]"
1951980,1951980,Conservative,"Building","Waiting","",1,"productivity or territory is insufficient [CokeOven:candidate=True;constructible=True;affordable=False;available=False;owned=2;upgradeTo=IndustrialCarbonizationRetort;research=SteamPower|Coking;workshop=;productivity=220.24;territory=1863]"
1952580,1952580,Conservative,"Building","Waiting","",1,"productivity or territory is insufficient [CokeOven:candidate=True;constructible=True;affordable=False;available=False;owned=2;upgradeTo=IndustrialCarbonizationRetort;research=SteamPower|Coking;workshop=;productivity=217.38;territory=1863]"
1953180,1953780,Conservative,"Building","Waiting","",2,"productivity or territory is insufficient [CokeOven:candidate=True;constructible=True;affordable=False;available=False;owned=2;upgradeTo=IndustrialCarbonizationRetort;research=SteamPower|Coking;workshop=;productivity=214.52;territory=1863]"
1954380,1954980,Conservative,"Building","Waiting","",2,"productivity or territory is insufficient [CokeOven:candidate=True;constructible=True;affordable=False;available=False;owned=2;upgradeTo=IndustrialCarbonizationRetort;research=SteamPower|Coking;workshop=;productivity=211.66;territory=1863]"
1955580,1957980,Conservative,"Building","Waiting","",5,"productivity or territory is insufficient [CokeOven:candidate=True;constructible=True;affordable=False;available=False;owned=2;upgradeTo=IndustrialCarbonizationRetort;research=SteamPower|Coking;workshop=;productivity=208.8;territory=1863]"
1958580,1969980,Conservative,"Building","Waiting","",20,"productivity or territory is insufficient [CokeOven:candidate=True;constructible=True;affordable=False;available=False;owned=2;upgradeTo=IndustrialCarbonizationRetort;research=SteamPower|Coking;workshop=;productivity=205.94;territory=1863]"
1970580,1970580,Conservative,"Building","Waiting","",1,"productivity or territory is insufficient [CokeOven:candidate=True;constructible=True;affordable=False;available=False;owned=2;upgradeTo=IndustrialCarbonizationRetort;research=SteamPower|Coking;workshop=;productivity=203.08;territory=1863]"
1971180,1971180,Conservative,"Building","Waiting","",1,"productivity or territory is insufficient [CokeOven:candidate=True;constructible=True;affordable=False;available=False;owned=2;upgradeTo=IndustrialCarbonizationRetort;research=SteamPower|Coking;workshop=;productivity=1352.8;territory=1863]"
1971780,1971780,Conservative,"Building","Waiting","",1,"productivity or territory is insufficient [CokeOven:candidate=True;constructible=True;affordable=False;available=False;owned=2;upgradeTo=IndustrialCarbonizationRetort;research=SteamPower|Coking;workshop=;productivity=1164.04;territory=1863]"
1972380,1972380,Conservative,"Building","Waiting","",1,"productivity or territory is insufficient [CokeOven:candidate=True;constructible=True;affordable=False;available=False;owned=2;upgradeTo=IndustrialCarbonizationRetort;research=SteamPower|Coking;workshop=;productivity=1003.88;territory=1863]"
1972980,1972980,Conservative,"Building","Waiting","",1,"productivity or territory is insufficient [CokeOven:candidate=True;constructible=True;affordable=False;available=False;owned=2;upgradeTo=IndustrialCarbonizationRetort;research=SteamPower|Coking;workshop=;productivity=869.46;territory=1863]"
1973580,1973580,Conservative,"Building","Waiting","",1,"productivity or territory is insufficient [CokeOven:candidate=True;constructible=True;affordable=False;available=False;owned=2;upgradeTo=IndustrialCarbonizationRetort;research=SteamPower|Coking;workshop=;productivity=760.78;territory=1863]"
1974180,1974180,Conservative,"Building","Waiting","",1,"productivity or territory is insufficient [CokeOven:candidate=True;constructible=True;affordable=False;available=False;owned=2;upgradeTo=IndustrialCarbonizationRetort;research=SteamPower|Coking;workshop=;productivity=666.4;territory=1863]"
1974780,1974780,Conservative,"Building","Waiting","",1,"productivity or territory is insufficient [CokeOven:candidate=True;constructible=True;affordable=False;available=False;owned=2;upgradeTo=IndustrialCarbonizationRetort;research=SteamPower|Coking;workshop=;productivity=589.18;territory=1863]"
1975380,1975380,Conservative,"Building","Waiting","",1,"productivity or territory is insufficient [CokeOven:candidate=True;constructible=True;affordable=False;available=False;owned=2;upgradeTo=IndustrialCarbonizationRetort;research=SteamPower|Coking;workshop=;productivity=526.26;territory=1863]"
1975980,1975980,Conservative,"Building","Waiting","",1,"productivity or territory is insufficient [CokeOven:candidate=True;constructible=True;affordable=False;available=False;owned=2;upgradeTo=IndustrialCarbonizationRetort;research=SteamPower|Coking;workshop=;productivity=471.92;territory=1863]"
1976580,1976580,Conservative,"Building","Waiting","",1,"productivity or territory is insufficient [CokeOven:candidate=True;constructible=True;affordable=False;available=False;owned=2;upgradeTo=IndustrialCarbonizationRetort;research=SteamPower|Coking;workshop=;productivity=429.02;territory=1863]"
1977180,1977180,Conservative,"Building","Waiting","",1,"productivity or territory is insufficient [CokeOven:candidate=True;constructible=True;affordable=False;available=False;owned=2;upgradeTo=IndustrialCarbonizationRetort;research=SteamPower|Coking;workshop=;productivity=391.84;territory=1863]"
1977780,1977780,Conservative,"Building","Waiting","",1,"productivity or territory is insufficient [CokeOven:candidate=True;constructible=True;affordable=False;available=False;owned=2;upgradeTo=IndustrialCarbonizationRetort;research=SteamPower|Coking;workshop=;productivity=360.38;territory=1863]"
1978380,1978380,Conservative,"Building","Waiting","",1,"productivity or territory is insufficient [CokeOven:candidate=True;constructible=True;affordable=False;available=False;owned=2;upgradeTo=IndustrialCarbonizationRetort;research=SteamPower|Coking;workshop=;productivity=334.64;territory=1863]"
1978980,1978980,Conservative,"Building","Waiting","",1,"productivity or territory is insufficient [CokeOven:candidate=True;constructible=True;affordable=False;available=False;owned=2;upgradeTo=IndustrialCarbonizationRetort;research=SteamPower|Coking;workshop=;productivity=311.76;territory=1863]"
1979580,1979580,Conservative,"Building","Waiting","",1,"productivity or territory is insufficient [CokeOven:candidate=True;constructible=True;affordable=False;available=False;owned=2;upgradeTo=IndustrialCarbonizationRetort;research=SteamPower|Coking;workshop=;productivity=294.6;territory=1863]"
1980180,1980180,Conservative,"Building","Waiting","",1,"productivity or territory is insufficient [CokeOven:candidate=True;constructible=True;affordable=False;available=False;owned=2;upgradeTo=IndustrialCarbonizationRetort;research=SteamPower|Coking;workshop=;productivity=280.3;territory=1863]"
1980780,1980780,Conservative,"Building","Waiting","",1,"productivity or territory is insufficient [CokeOven:candidate=True;constructible=True;affordable=False;available=False;owned=2;upgradeTo=IndustrialCarbonizationRetort;research=SteamPower|Coking;workshop=;productivity=266;territory=1863]"
1981380,1981380,Conservative,"Building","Waiting","",1,"productivity or territory is insufficient [CokeOven:candidate=True;constructible=True;affordable=False;available=False;owned=2;upgradeTo=IndustrialCarbonizationRetort;research=SteamPower|Coking;workshop=;productivity=257.42;territory=1863]"
1981980,1981980,Conservative,"Building","Waiting","",1,"productivity or territory is insufficient [CokeOven:candidate=True;constructible=True;affordable=False;available=False;owned=2;upgradeTo=IndustrialCarbonizationRetort;research=SteamPower|Coking;workshop=;productivity=248.84;territory=1863]"
1982580,1982580,Conservative,"Building","Waiting","",1,"productivity or territory is insufficient [CokeOven:candidate=True;constructible=True;affordable=False;available=False;owned=2;upgradeTo=IndustrialCarbonizationRetort;research=SteamPower|Coking;workshop=;productivity=240.26;territory=1863]"
1983180,1983180,Conservative,"Building","Waiting","",1,"productivity or territory is insufficient [CokeOven:candidate=True;constructible=True;affordable=False;available=False;owned=2;upgradeTo=IndustrialCarbonizationRetort;research=SteamPower|Coking;workshop=;productivity=234.54;territory=1863]"
1983780,1983780,Conservative,"Building","Waiting","",1,"productivity or territory is insufficient [CokeOven:candidate=True;constructible=True;affordable=False;available=False;owned=2;upgradeTo=IndustrialCarbonizationRetort;research=SteamPower|Coking;workshop=;productivity=231.68;territory=1863]"
1984380,1984380,Conservative,"Building","Waiting","",1,"productivity or territory is insufficient [CokeOven:candidate=True;constructible=True;affordable=False;available=False;owned=2;upgradeTo=IndustrialCarbonizationRetort;research=SteamPower|Coking;workshop=;productivity=225.96;territory=1863]"
1984980,1984980,Conservative,"Building","Waiting","",1,"productivity or territory is insufficient [CokeOven:candidate=True;constructible=True;affordable=False;available=False;owned=2;upgradeTo=IndustrialCarbonizationRetort;research=SteamPower|Coking;workshop=;productivity=223.1;territory=1863]"
1985580,1985580,Conservative,"Building","Waiting","",1,"productivity or territory is insufficient [CokeOven:candidate=True;constructible=True;affordable=False;available=False;owned=2;upgradeTo=IndustrialCarbonizationRetort;research=SteamPower|Coking;workshop=;productivity=220.24;territory=1863]"
1986180,1986180,Conservative,"Building","Waiting","",1,"productivity or territory is insufficient [CokeOven:candidate=True;constructible=True;affordable=False;available=False;owned=2;upgradeTo=IndustrialCarbonizationRetort;research=SteamPower|Coking;workshop=;productivity=217.38;territory=1863]"
1986780,1987380,Conservative,"Building","Waiting","",2,"productivity or territory is insufficient [CokeOven:candidate=True;constructible=True;affordable=False;available=False;owned=2;upgradeTo=IndustrialCarbonizationRetort;research=SteamPower|Coking;workshop=;productivity=214.52;territory=1863]"
1987980,1988580,Conservative,"Building","Waiting","",2,"productivity or territory is insufficient [CokeOven:candidate=True;constructible=True;affordable=False;available=False;owned=2;upgradeTo=IndustrialCarbonizationRetort;research=SteamPower|Coking;workshop=;productivity=211.66;territory=1863]"
1989180,1991580,Conservative,"Building","Waiting","",5,"productivity or territory is insufficient [CokeOven:candidate=True;constructible=True;affordable=False;available=False;owned=2;upgradeTo=IndustrialCarbonizationRetort;research=SteamPower|Coking;workshop=;productivity=208.8;territory=1863]"
1992180,2003580,Conservative,"Building","Waiting","",20,"productivity or territory is insufficient [CokeOven:candidate=True;constructible=True;affordable=False;available=False;owned=2;upgradeTo=IndustrialCarbonizationRetort;research=SteamPower|Coking;workshop=;productivity=205.94;territory=1863]"
2004180,2004180,Conservative,"Building","Waiting","",1,"productivity or territory is insufficient [CokeOven:candidate=True;constructible=True;affordable=False;available=False;owned=2;upgradeTo=IndustrialCarbonizationRetort;research=SteamPower|Coking;workshop=;productivity=203.08;territory=1863]"
2004780,2004780,Conservative,"Building","Waiting","",1,"productivity or territory is insufficient [CokeOven:candidate=True;constructible=True;affordable=False;available=False;owned=2;upgradeTo=IndustrialCarbonizationRetort;research=SteamPower|Coking;workshop=;productivity=1352.8;territory=1863]"
2005380,2005380,Conservative,"Building","Waiting","",1,"productivity or territory is insufficient [CokeOven:candidate=True;constructible=True;affordable=False;available=False;owned=2;upgradeTo=IndustrialCarbonizationRetort;research=SteamPower|Coking;workshop=;productivity=1164.04;territory=1863]"
2005980,2005980,Conservative,"Building","Waiting","",1,"productivity or territory is insufficient [CokeOven:candidate=True;constructible=True;affordable=False;available=False;owned=2;upgradeTo=IndustrialCarbonizationRetort;research=SteamPower|Coking;workshop=;productivity=1003.88;territory=1863]"
2006580,2006580,Conservative,"Building","Waiting","",1,"productivity or territory is insufficient [CokeOven:candidate=True;constructible=True;affordable=False;available=False;owned=2;upgradeTo=IndustrialCarbonizationRetort;research=SteamPower|Coking;workshop=;productivity=869.46;territory=1863]"
2007180,2007180,Conservative,"Building","Waiting","",1,"productivity or territory is insufficient [CokeOven:candidate=True;constructible=True;affordable=False;available=False;owned=2;upgradeTo=IndustrialCarbonizationRetort;research=SteamPower|Coking;workshop=;productivity=760.78;territory=1863]"
2007780,2007780,Conservative,"Building","Waiting","",1,"productivity or territory is insufficient [CokeOven:candidate=True;constructible=True;affordable=False;available=False;owned=2;upgradeTo=IndustrialCarbonizationRetort;research=SteamPower|Coking;workshop=;productivity=666.4;territory=1863]"
2008380,2008380,Conservative,"Building","Waiting","",1,"productivity or territory is insufficient [CokeOven:candidate=True;constructible=True;affordable=False;available=False;owned=2;upgradeTo=IndustrialCarbonizationRetort;research=SteamPower|Coking;workshop=;productivity=589.18;territory=1863]"
2008980,2008980,Conservative,"Building","Waiting","",1,"productivity or territory is insufficient [CokeOven:candidate=True;constructible=True;affordable=False;available=False;owned=2;upgradeTo=IndustrialCarbonizationRetort;research=SteamPower|Coking;workshop=;productivity=526.26;territory=1863]"
2009580,2009580,Conservative,"Building","Waiting","",1,"productivity or territory is insufficient [CokeOven:candidate=True;constructible=True;affordable=False;available=False;owned=2;upgradeTo=IndustrialCarbonizationRetort;research=SteamPower|Coking;workshop=;productivity=471.92;territory=1863]"
2010180,2010180,Conservative,"Building","Waiting","",1,"productivity or territory is insufficient [CokeOven:candidate=True;constructible=True;affordable=False;available=False;owned=2;upgradeTo=IndustrialCarbonizationRetort;research=SteamPower|Coking;workshop=;productivity=429.02;territory=1863]"
2010780,2010780,Conservative,"Building","Waiting","",1,"productivity or territory is insufficient [CokeOven:candidate=True;constructible=True;affordable=False;available=False;owned=2;upgradeTo=IndustrialCarbonizationRetort;research=SteamPower|Coking;workshop=;productivity=391.84;territory=1863]"
2011380,2011380,Conservative,"Building","Waiting","",1,"productivity or territory is insufficient [CokeOven:candidate=True;constructible=True;affordable=False;available=False;owned=2;upgradeTo=IndustrialCarbonizationRetort;research=SteamPower|Coking;workshop=;productivity=360.38;territory=1863]"
2011980,2011980,Conservative,"Building","Waiting","",1,"productivity or territory is insufficient [CokeOven:candidate=True;constructible=True;affordable=False;available=False;owned=2;upgradeTo=IndustrialCarbonizationRetort;research=SteamPower|Coking;workshop=;productivity=334.64;territory=1863]"
2012580,2012580,Conservative,"Building","Waiting","",1,"productivity or territory is insufficient [CokeOven:candidate=True;constructible=True;affordable=False;available=False;owned=2;upgradeTo=IndustrialCarbonizationRetort;research=SteamPower|Coking;workshop=;productivity=311.76;territory=1863]"
2013180,2013180,Conservative,"Building","Waiting","",1,"productivity or territory is insufficient [CokeOven:candidate=True;constructible=True;affordable=False;available=False;owned=2;upgradeTo=IndustrialCarbonizationRetort;research=SteamPower|Coking;workshop=;productivity=294.6;territory=1863]"
2013780,2013780,Conservative,"Building","Waiting","",1,"productivity or territory is insufficient [CokeOven:candidate=True;constructible=True;affordable=False;available=False;owned=2;upgradeTo=IndustrialCarbonizationRetort;research=SteamPower|Coking;workshop=;productivity=280.3;territory=1863]"
2014380,2014380,Conservative,"Building","Waiting","",1,"productivity or territory is insufficient [CokeOven:candidate=True;constructible=True;affordable=False;available=False;owned=2;upgradeTo=IndustrialCarbonizationRetort;research=SteamPower|Coking;workshop=;productivity=266;territory=1863]"
2014980,2014980,Conservative,"Building","Waiting","",1,"productivity or territory is insufficient [CokeOven:candidate=True;constructible=True;affordable=False;available=False;owned=2;upgradeTo=IndustrialCarbonizationRetort;research=SteamPower|Coking;workshop=;productivity=257.42;territory=1863]"
2015580,2015580,Conservative,"Building","Waiting","",1,"productivity or territory is insufficient [CokeOven:candidate=True;constructible=True;affordable=False;available=False;owned=2;upgradeTo=IndustrialCarbonizationRetort;research=SteamPower|Coking;workshop=;productivity=248.84;territory=1863]"
2016180,2016180,Conservative,"Building","Waiting","",1,"productivity or territory is insufficient [CokeOven:candidate=True;constructible=True;affordable=False;available=False;owned=2;upgradeTo=IndustrialCarbonizationRetort;research=SteamPower|Coking;workshop=;productivity=240.26;territory=1863]"
2016780,2016780,Conservative,"Building","Waiting","",1,"productivity or territory is insufficient [CokeOven:candidate=True;constructible=True;affordable=False;available=False;owned=2;upgradeTo=IndustrialCarbonizationRetort;research=SteamPower|Coking;workshop=;productivity=234.54;territory=1863]"
2017380,2017380,Conservative,"Building","Waiting","",1,"productivity or territory is insufficient [CokeOven:candidate=True;constructible=True;affordable=False;available=False;owned=2;upgradeTo=IndustrialCarbonizationRetort;research=SteamPower|Coking;workshop=;productivity=231.68;territory=1863]"
2017980,2017980,Conservative,"Building","Waiting","",1,"productivity or territory is insufficient [CokeOven:candidate=True;constructible=True;affordable=False;available=False;owned=2;upgradeTo=IndustrialCarbonizationRetort;research=SteamPower|Coking;workshop=;productivity=225.96;territory=1863]"
2018580,2018580,Conservative,"Building","Waiting","",1,"productivity or territory is insufficient [CokeOven:candidate=True;constructible=True;affordable=False;available=False;owned=2;upgradeTo=IndustrialCarbonizationRetort;research=SteamPower|Coking;workshop=;productivity=223.1;territory=1863]"
2019180,2019180,Conservative,"Building","Waiting","",1,"productivity or territory is insufficient [CokeOven:candidate=True;constructible=True;affordable=False;available=False;owned=2;upgradeTo=IndustrialCarbonizationRetort;research=SteamPower|Coking;workshop=;productivity=220.24;territory=1863]"
2019780,2019780,Conservative,"Building","Waiting","",1,"productivity or territory is insufficient [CokeOven:candidate=True;constructible=True;affordable=False;available=False;owned=2;upgradeTo=IndustrialCarbonizationRetort;research=SteamPower|Coking;workshop=;productivity=217.38;territory=1863]"
2020380,2020980,Conservative,"Building","Waiting","",2,"productivity or territory is insufficient [CokeOven:candidate=True;constructible=True;affordable=False;available=False;owned=2;upgradeTo=IndustrialCarbonizationRetort;research=SteamPower|Coking;workshop=;productivity=214.52;territory=1863]"
2021580,2022180,Conservative,"Building","Waiting","",2,"productivity or territory is insufficient [CokeOven:candidate=True;constructible=True;affordable=False;available=False;owned=2;upgradeTo=IndustrialCarbonizationRetort;research=SteamPower|Coking;workshop=;productivity=211.66;territory=1863]"
2022780,2025180,Conservative,"Building","Waiting","",5,"productivity or territory is insufficient [CokeOven:candidate=True;constructible=True;affordable=False;available=False;owned=2;upgradeTo=IndustrialCarbonizationRetort;research=SteamPower|Coking;workshop=;productivity=208.8;territory=1863]"
2025780,2037180,Conservative,"Building","Waiting","",20,"productivity or territory is insufficient [CokeOven:candidate=True;constructible=True;affordable=False;available=False;owned=2;upgradeTo=IndustrialCarbonizationRetort;research=SteamPower|Coking;workshop=;productivity=205.94;territory=1863]"
2037780,2037780,Conservative,"Building","Waiting","",1,"productivity or territory is insufficient [CokeOven:candidate=True;constructible=True;affordable=False;available=False;owned=2;upgradeTo=IndustrialCarbonizationRetort;research=SteamPower|Coking;workshop=;productivity=203.08;territory=1863]"
2038380,2038380,Conservative,"Building","Waiting","",1,"productivity or territory is insufficient [CokeOven:candidate=True;constructible=True;affordable=False;available=False;owned=2;upgradeTo=IndustrialCarbonizationRetort;research=SteamPower|Coking;workshop=;productivity=1352.8;territory=1863]"
2038980,2038980,Conservative,"Building","Waiting","",1,"productivity or territory is insufficient [CokeOven:candidate=True;constructible=True;affordable=False;available=False;owned=2;upgradeTo=IndustrialCarbonizationRetort;research=SteamPower|Coking;workshop=;productivity=1164.04;territory=1863]"
2039580,2039580,Conservative,"Building","Waiting","",1,"productivity or territory is insufficient [CokeOven:candidate=True;constructible=True;affordable=False;available=False;owned=2;upgradeTo=IndustrialCarbonizationRetort;research=SteamPower|Coking;workshop=;productivity=1003.88;territory=1863]"
2040180,2040180,Conservative,"Building","Waiting","",1,"productivity or territory is insufficient [CokeOven:candidate=True;constructible=True;affordable=False;available=False;owned=2;upgradeTo=IndustrialCarbonizationRetort;research=SteamPower|Coking;workshop=;productivity=869.46;territory=1863]"
2040780,2040780,Conservative,"Building","Waiting","",1,"productivity or territory is insufficient [CokeOven:candidate=True;constructible=True;affordable=False;available=False;owned=2;upgradeTo=IndustrialCarbonizationRetort;research=SteamPower|Coking;workshop=;productivity=760.78;territory=1863]"
2041380,2041380,Conservative,"Building","Waiting","",1,"productivity or territory is insufficient [CokeOven:candidate=True;constructible=True;affordable=False;available=False;owned=2;upgradeTo=IndustrialCarbonizationRetort;research=SteamPower|Coking;workshop=;productivity=666.4;territory=1863]"
2041980,2041980,Conservative,"Building","Waiting","",1,"productivity or territory is insufficient [CokeOven:candidate=True;constructible=True;affordable=False;available=False;owned=2;upgradeTo=IndustrialCarbonizationRetort;research=SteamPower|Coking;workshop=;productivity=589.18;territory=1863]"
2042580,2042580,Conservative,"Building","Waiting","",1,"productivity or territory is insufficient [CokeOven:candidate=True;constructible=True;affordable=False;available=False;owned=2;upgradeTo=IndustrialCarbonizationRetort;research=SteamPower|Coking;workshop=;productivity=526.26;territory=1863]"
2043180,2043180,Conservative,"Building","Waiting","",1,"productivity or territory is insufficient [CokeOven:candidate=True;constructible=True;affordable=False;available=False;owned=2;upgradeTo=IndustrialCarbonizationRetort;research=SteamPower|Coking;workshop=;productivity=471.92;territory=1863]"
2043780,2043780,Conservative,"Building","Waiting","",1,"productivity or territory is insufficient [CokeOven:candidate=True;constructible=True;affordable=False;available=False;owned=2;upgradeTo=IndustrialCarbonizationRetort;research=SteamPower|Coking;workshop=;productivity=429.02;territory=1863]"
2044380,2044380,Conservative,"Building","Waiting","",1,"productivity or territory is insufficient [CokeOven:candidate=True;constructible=True;affordable=False;available=False;owned=2;upgradeTo=IndustrialCarbonizationRetort;research=SteamPower|Coking;workshop=;productivity=391.84;territory=1863]"
2044980,2044980,Conservative,"Building","Waiting","",1,"productivity or territory is insufficient [CokeOven:candidate=True;constructible=True;affordable=False;available=False;owned=2;upgradeTo=IndustrialCarbonizationRetort;research=SteamPower|Coking;workshop=;productivity=360.38;territory=1863]"
2045580,2045580,Conservative,"Building","Waiting","",1,"productivity or territory is insufficient [CokeOven:candidate=True;constructible=True;affordable=False;available=False;owned=2;upgradeTo=IndustrialCarbonizationRetort;research=SteamPower|Coking;workshop=;productivity=334.64;territory=1863]"
2046180,2046180,Conservative,"Building","Waiting","",1,"productivity or territory is insufficient [CokeOven:candidate=True;constructible=True;affordable=False;available=False;owned=2;upgradeTo=IndustrialCarbonizationRetort;research=SteamPower|Coking;workshop=;productivity=311.76;territory=1863]"
2046780,2046780,Conservative,"Building","Waiting","",1,"productivity or territory is insufficient [CokeOven:candidate=True;constructible=True;affordable=False;available=False;owned=2;upgradeTo=IndustrialCarbonizationRetort;research=SteamPower|Coking;workshop=;productivity=294.6;territory=1863]"
2047380,2047380,Conservative,"Building","Waiting","",1,"productivity or territory is insufficient [CokeOven:candidate=True;constructible=True;affordable=False;available=False;owned=2;upgradeTo=IndustrialCarbonizationRetort;research=SteamPower|Coking;workshop=;productivity=280.3;territory=1863]"
2047980,2047980,Conservative,"Building","Waiting","",1,"productivity or territory is insufficient [CokeOven:candidate=True;constructible=True;affordable=False;available=False;owned=2;upgradeTo=IndustrialCarbonizationRetort;research=SteamPower|Coking;workshop=;productivity=266;territory=1863]"
2048580,2048580,Conservative,"Building","Waiting","",1,"productivity or territory is insufficient [CokeOven:candidate=True;constructible=True;affordable=False;available=False;owned=2;upgradeTo=IndustrialCarbonizationRetort;research=SteamPower|Coking;workshop=;productivity=257.42;territory=1863]"
2049180,2049180,Conservative,"Building","Waiting","",1,"productivity or territory is insufficient [CokeOven:candidate=True;constructible=True;affordable=False;available=False;owned=2;upgradeTo=IndustrialCarbonizationRetort;research=SteamPower|Coking;workshop=;productivity=248.84;territory=1863]"
2049780,2049780,Conservative,"Building","Waiting","",1,"productivity or territory is insufficient [CokeOven:candidate=True;constructible=True;affordable=False;available=False;owned=2;upgradeTo=IndustrialCarbonizationRetort;research=SteamPower|Coking;workshop=;productivity=240.26;territory=1863]"
2050380,2050380,Conservative,"Building","Waiting","",1,"productivity or territory is insufficient [CokeOven:candidate=True;constructible=True;affordable=False;available=False;owned=2;upgradeTo=IndustrialCarbonizationRetort;research=SteamPower|Coking;workshop=;productivity=234.54;territory=1863]"
2050980,2050980,Conservative,"Building","Waiting","",1,"productivity or territory is insufficient [CokeOven:candidate=True;constructible=True;affordable=False;available=False;owned=2;upgradeTo=IndustrialCarbonizationRetort;research=SteamPower|Coking;workshop=;productivity=231.68;territory=1863]"
2051580,2051580,Conservative,"Building","Waiting","",1,"productivity or territory is insufficient [CokeOven:candidate=True;constructible=True;affordable=False;available=False;owned=2;upgradeTo=IndustrialCarbonizationRetort;research=SteamPower|Coking;workshop=;productivity=225.96;territory=1863]"
2052180,2052180,Conservative,"Building","Waiting","",1,"productivity or territory is insufficient [CokeOven:candidate=True;constructible=True;affordable=False;available=False;owned=2;upgradeTo=IndustrialCarbonizationRetort;research=SteamPower|Coking;workshop=;productivity=223.1;territory=1863]"
2052780,2052780,Conservative,"Building","Waiting","",1,"productivity or territory is insufficient [CokeOven:candidate=True;constructible=True;affordable=False;available=False;owned=2;upgradeTo=IndustrialCarbonizationRetort;research=SteamPower|Coking;workshop=;productivity=220.24;territory=1863]"
2053380,2053380,Conservative,"Building","Waiting","",1,"productivity or territory is insufficient [CokeOven:candidate=True;constructible=True;affordable=False;available=False;owned=2;upgradeTo=IndustrialCarbonizationRetort;research=SteamPower|Coking;workshop=;productivity=217.38;territory=1863]"
2053980,2054580,Conservative,"Building","Waiting","",2,"productivity or territory is insufficient [CokeOven:candidate=True;constructible=True;affordable=False;available=False;owned=2;upgradeTo=IndustrialCarbonizationRetort;research=SteamPower|Coking;workshop=;productivity=214.52;territory=1863]"
2055180,2055780,Conservative,"Building","Waiting","",2,"productivity or territory is insufficient [CokeOven:candidate=True;constructible=True;affordable=False;available=False;owned=2;upgradeTo=IndustrialCarbonizationRetort;research=SteamPower|Coking;workshop=;productivity=211.66;territory=1863]"
2056380,2058780,Conservative,"Building","Waiting","",5,"productivity or territory is insufficient [CokeOven:candidate=True;constructible=True;affordable=False;available=False;owned=2;upgradeTo=IndustrialCarbonizationRetort;research=SteamPower|Coking;workshop=;productivity=208.8;territory=1863]"
2059380,2070780,Conservative,"Building","Waiting","",20,"productivity or territory is insufficient [CokeOven:candidate=True;constructible=True;affordable=False;available=False;owned=2;upgradeTo=IndustrialCarbonizationRetort;research=SteamPower|Coking;workshop=;productivity=205.94;territory=1863]"
2071380,2071380,Conservative,"Building","Waiting","",1,"productivity or territory is insufficient [CokeOven:candidate=True;constructible=True;affordable=False;available=False;owned=2;upgradeTo=IndustrialCarbonizationRetort;research=SteamPower|Coking;workshop=;productivity=203.08;territory=1863]"
2071980,2071980,Conservative,"Building","Waiting","",1,"productivity or territory is insufficient [CokeOven:candidate=True;constructible=True;affordable=False;available=False;owned=2;upgradeTo=IndustrialCarbonizationRetort;research=SteamPower|Coking;workshop=;productivity=1352.8;territory=1863]"
2072580,2072580,Conservative,"Building","Waiting","",1,"productivity or territory is insufficient [CokeOven:candidate=True;constructible=True;affordable=False;available=False;owned=2;upgradeTo=IndustrialCarbonizationRetort;research=SteamPower|Coking;workshop=;productivity=1164.04;territory=1863]"
2073180,2073180,Conservative,"Building","Waiting","",1,"productivity or territory is insufficient [CokeOven:candidate=True;constructible=True;affordable=False;available=False;owned=2;upgradeTo=IndustrialCarbonizationRetort;research=SteamPower|Coking;workshop=;productivity=1003.88;territory=1863]"
2073780,2073780,Conservative,"Building","Waiting","",1,"productivity or territory is insufficient [CokeOven:candidate=True;constructible=True;affordable=False;available=False;owned=2;upgradeTo=IndustrialCarbonizationRetort;research=SteamPower|Coking;workshop=;productivity=869.46;territory=1863]"
2074380,2074380,Conservative,"Building","Waiting","",1,"productivity or territory is insufficient [CokeOven:candidate=True;constructible=True;affordable=False;available=False;owned=2;upgradeTo=IndustrialCarbonizationRetort;research=SteamPower|Coking;workshop=;productivity=760.78;territory=1863]"
2074980,2074980,Conservative,"Building","Waiting","",1,"productivity or territory is insufficient [CokeOven:candidate=True;constructible=True;affordable=False;available=False;owned=2;upgradeTo=IndustrialCarbonizationRetort;research=SteamPower|Coking;workshop=;productivity=666.4;territory=1863]"
2075580,2075580,Conservative,"Building","Waiting","",1,"productivity or territory is insufficient [CokeOven:candidate=True;constructible=True;affordable=False;available=False;owned=2;upgradeTo=IndustrialCarbonizationRetort;research=SteamPower|Coking;workshop=;productivity=589.18;territory=1863]"
2076180,2076180,Conservative,"Building","Waiting","",1,"productivity or territory is insufficient [CokeOven:candidate=True;constructible=True;affordable=False;available=False;owned=2;upgradeTo=IndustrialCarbonizationRetort;research=SteamPower|Coking;workshop=;productivity=526.26;territory=1863]"
2076780,2076780,Conservative,"Building","Waiting","",1,"productivity or territory is insufficient [CokeOven:candidate=True;constructible=True;affordable=False;available=False;owned=2;upgradeTo=IndustrialCarbonizationRetort;research=SteamPower|Coking;workshop=;productivity=471.92;territory=1863]"
2077380,2077380,Conservative,"Building","Waiting","",1,"productivity or territory is insufficient [CokeOven:candidate=True;constructible=True;affordable=False;available=False;owned=2;upgradeTo=IndustrialCarbonizationRetort;research=SteamPower|Coking;workshop=;productivity=429.02;territory=1863]"
2077980,2077980,Conservative,"Building","Waiting","",1,"productivity or territory is insufficient [CokeOven:candidate=True;constructible=True;affordable=False;available=False;owned=2;upgradeTo=IndustrialCarbonizationRetort;research=SteamPower|Coking;workshop=;productivity=391.84;territory=1863]"
2078580,2078580,Conservative,"Building","Waiting","",1,"productivity or territory is insufficient [CokeOven:candidate=True;constructible=True;affordable=False;available=False;owned=2;upgradeTo=IndustrialCarbonizationRetort;research=SteamPower|Coking;workshop=;productivity=360.38;territory=1863]"
2079180,2079180,Conservative,"Building","Waiting","",1,"productivity or territory is insufficient [CokeOven:candidate=True;constructible=True;affordable=False;available=False;owned=2;upgradeTo=IndustrialCarbonizationRetort;research=SteamPower|Coking;workshop=;productivity=334.64;territory=1863]"
2079780,2079780,Conservative,"Building","Waiting","",1,"productivity or territory is insufficient [CokeOven:candidate=True;constructible=True;affordable=False;available=False;owned=2;upgradeTo=IndustrialCarbonizationRetort;research=SteamPower|Coking;workshop=;productivity=311.76;territory=1863]"
2080380,2080380,Conservative,"Building","Waiting","",1,"productivity or territory is insufficient [CokeOven:candidate=True;constructible=True;affordable=False;available=False;owned=2;upgradeTo=IndustrialCarbonizationRetort;research=SteamPower|Coking;workshop=;productivity=294.6;territory=1863]"
2080980,2080980,Conservative,"Building","Waiting","",1,"productivity or territory is insufficient [CokeOven:candidate=True;constructible=True;affordable=False;available=False;owned=2;upgradeTo=IndustrialCarbonizationRetort;research=SteamPower|Coking;workshop=;productivity=280.3;territory=1863]"
2081580,2081580,Conservative,"Building","Waiting","",1,"productivity or territory is insufficient [CokeOven:candidate=True;constructible=True;affordable=False;available=False;owned=2;upgradeTo=IndustrialCarbonizationRetort;research=SteamPower|Coking;workshop=;productivity=266;territory=1863]"
2082180,2082180,Conservative,"Building","Waiting","",1,"productivity or territory is insufficient [CokeOven:candidate=True;constructible=True;affordable=False;available=False;owned=2;upgradeTo=IndustrialCarbonizationRetort;research=SteamPower|Coking;workshop=;productivity=257.42;territory=1863]"
2082780,2082780,Conservative,"Building","Waiting","",1,"productivity or territory is insufficient [CokeOven:candidate=True;constructible=True;affordable=False;available=False;owned=2;upgradeTo=IndustrialCarbonizationRetort;research=SteamPower|Coking;workshop=;productivity=248.84;territory=1863]"
2083380,2083380,Conservative,"Building","Waiting","",1,"productivity or territory is insufficient [CokeOven:candidate=True;constructible=True;affordable=False;available=False;owned=2;upgradeTo=IndustrialCarbonizationRetort;research=SteamPower|Coking;workshop=;productivity=240.26;territory=1863]"
2083980,2083980,Conservative,"Building","Waiting","",1,"productivity or territory is insufficient [CokeOven:candidate=True;constructible=True;affordable=False;available=False;owned=2;upgradeTo=IndustrialCarbonizationRetort;research=SteamPower|Coking;workshop=;productivity=234.54;territory=1863]"
2084580,2084580,Conservative,"Building","Waiting","",1,"productivity or territory is insufficient [CokeOven:candidate=True;constructible=True;affordable=False;available=False;owned=2;upgradeTo=IndustrialCarbonizationRetort;research=SteamPower|Coking;workshop=;productivity=231.68;territory=1863]"
2085180,2085180,Conservative,"Building","Waiting","",1,"productivity or territory is insufficient [CokeOven:candidate=True;constructible=True;affordable=False;available=False;owned=2;upgradeTo=IndustrialCarbonizationRetort;research=SteamPower|Coking;workshop=;productivity=225.96;territory=1863]"
2085780,2085780,Conservative,"Building","Waiting","",1,"productivity or territory is insufficient [CokeOven:candidate=True;constructible=True;affordable=False;available=False;owned=2;upgradeTo=IndustrialCarbonizationRetort;research=SteamPower|Coking;workshop=;productivity=223.1;territory=1863]"
2086380,2086380,Conservative,"Building","Waiting","",1,"productivity or territory is insufficient [CokeOven:candidate=True;constructible=True;affordable=False;available=False;owned=2;upgradeTo=IndustrialCarbonizationRetort;research=SteamPower|Coking;workshop=;productivity=220.24;territory=1863]"
2086980,2086980,Conservative,"Building","Waiting","",1,"productivity or territory is insufficient [CokeOven:candidate=True;constructible=True;affordable=False;available=False;owned=2;upgradeTo=IndustrialCarbonizationRetort;research=SteamPower|Coking;workshop=;productivity=217.38;territory=1863]"
2087580,2088180,Conservative,"Building","Waiting","",2,"productivity or territory is insufficient [CokeOven:candidate=True;constructible=True;affordable=False;available=False;owned=2;upgradeTo=IndustrialCarbonizationRetort;research=SteamPower|Coking;workshop=;productivity=214.52;territory=1863]"
2088780,2089380,Conservative,"Building","Waiting","",2,"productivity or territory is insufficient [CokeOven:candidate=True;constructible=True;affordable=False;available=False;owned=2;upgradeTo=IndustrialCarbonizationRetort;research=SteamPower|Coking;workshop=;productivity=211.66;territory=1863]"
2089980,2092380,Conservative,"Building","Waiting","",5,"productivity or territory is insufficient [CokeOven:candidate=True;constructible=True;affordable=False;available=False;owned=2;upgradeTo=IndustrialCarbonizationRetort;research=SteamPower|Coking;workshop=;productivity=208.8;territory=1863]"
2092980,2104380,Conservative,"Building","Waiting","",20,"productivity or territory is insufficient [CokeOven:candidate=True;constructible=True;affordable=False;available=False;owned=2;upgradeTo=IndustrialCarbonizationRetort;research=SteamPower|Coking;workshop=;productivity=205.94;territory=1863]"
2104980,2104980,Conservative,"Building","Waiting","",1,"productivity or territory is insufficient [CokeOven:candidate=True;constructible=True;affordable=False;available=False;owned=2;upgradeTo=IndustrialCarbonizationRetort;research=SteamPower|Coking;workshop=;productivity=203.08;territory=1863]"
2105580,2105580,Conservative,"Building","Waiting","",1,"productivity or territory is insufficient [CokeOven:candidate=True;constructible=True;affordable=False;available=False;owned=2;upgradeTo=IndustrialCarbonizationRetort;research=SteamPower|Coking;workshop=;productivity=1352.8;territory=1863]"
2106180,2106180,Conservative,"Building","Waiting","",1,"productivity or territory is insufficient [CokeOven:candidate=True;constructible=True;affordable=False;available=False;owned=2;upgradeTo=IndustrialCarbonizationRetort;research=SteamPower|Coking;workshop=;productivity=1164.04;territory=1863]"
2106780,2106780,Conservative,"Building","Waiting","",1,"productivity or territory is insufficient [CokeOven:candidate=True;constructible=True;affordable=False;available=False;owned=2;upgradeTo=IndustrialCarbonizationRetort;research=SteamPower|Coking;workshop=;productivity=1003.88;territory=1863]"
2107380,2107380,Conservative,"Building","Waiting","",1,"productivity or territory is insufficient [CokeOven:candidate=True;constructible=True;affordable=False;available=False;owned=2;upgradeTo=IndustrialCarbonizationRetort;research=SteamPower|Coking;workshop=;productivity=869.46;territory=1863]"
2107980,2107980,Conservative,"Building","Waiting","",1,"productivity or territory is insufficient [CokeOven:candidate=True;constructible=True;affordable=False;available=False;owned=2;upgradeTo=IndustrialCarbonizationRetort;research=SteamPower|Coking;workshop=;productivity=760.78;territory=1863]"
2108580,2108580,Conservative,"Building","Waiting","",1,"productivity or territory is insufficient [CokeOven:candidate=True;constructible=True;affordable=False;available=False;owned=2;upgradeTo=IndustrialCarbonizationRetort;research=SteamPower|Coking;workshop=;productivity=666.4;territory=1863]"
2109180,2109180,Conservative,"Building","Waiting","",1,"productivity or territory is insufficient [CokeOven:candidate=True;constructible=True;affordable=False;available=False;owned=2;upgradeTo=IndustrialCarbonizationRetort;research=SteamPower|Coking;workshop=;productivity=589.18;territory=1863]"
2109780,2109780,Conservative,"Building","Waiting","",1,"productivity or territory is insufficient [CokeOven:candidate=True;constructible=True;affordable=False;available=False;owned=2;upgradeTo=IndustrialCarbonizationRetort;research=SteamPower|Coking;workshop=;productivity=526.26;territory=1863]"
2110380,2110380,Conservative,"Building","Waiting","",1,"productivity or territory is insufficient [CokeOven:candidate=True;constructible=True;affordable=False;available=False;owned=2;upgradeTo=IndustrialCarbonizationRetort;research=SteamPower|Coking;workshop=;productivity=471.92;territory=1863]"
2110980,2110980,Conservative,"Building","Waiting","",1,"productivity or territory is insufficient [CokeOven:candidate=True;constructible=True;affordable=False;available=False;owned=2;upgradeTo=IndustrialCarbonizationRetort;research=SteamPower|Coking;workshop=;productivity=429.02;territory=1863]"
2111580,2111580,Conservative,"Building","Waiting","",1,"productivity or territory is insufficient [CokeOven:candidate=True;constructible=True;affordable=False;available=False;owned=2;upgradeTo=IndustrialCarbonizationRetort;research=SteamPower|Coking;workshop=;productivity=391.84;territory=1863]"
2112180,2112180,Conservative,"Building","Waiting","",1,"productivity or territory is insufficient [CokeOven:candidate=True;constructible=True;affordable=False;available=False;owned=2;upgradeTo=IndustrialCarbonizationRetort;research=SteamPower|Coking;workshop=;productivity=360.38;territory=1863]"
2112780,2112780,Conservative,"Building","Waiting","",1,"productivity or territory is insufficient [CokeOven:candidate=True;constructible=True;affordable=False;available=False;owned=2;upgradeTo=IndustrialCarbonizationRetort;research=SteamPower|Coking;workshop=;productivity=334.64;territory=1863]"
2113380,2113380,Conservative,"Building","Waiting","",1,"productivity or territory is insufficient [CokeOven:candidate=True;constructible=True;affordable=False;available=False;owned=2;upgradeTo=IndustrialCarbonizationRetort;research=SteamPower|Coking;workshop=;productivity=311.76;territory=1863]"
2113980,2113980,Conservative,"Building","Waiting","",1,"productivity or territory is insufficient [CokeOven:candidate=True;constructible=True;affordable=False;available=False;owned=2;upgradeTo=IndustrialCarbonizationRetort;research=SteamPower|Coking;workshop=;productivity=294.6;territory=1863]"
2114580,2114580,Conservative,"Building","Waiting","",1,"productivity or territory is insufficient [CokeOven:candidate=True;constructible=True;affordable=False;available=False;owned=2;upgradeTo=IndustrialCarbonizationRetort;research=SteamPower|Coking;workshop=;productivity=280.3;territory=1863]"
2115180,2115180,Conservative,"Building","Waiting","",1,"productivity or territory is insufficient [CokeOven:candidate=True;constructible=True;affordable=False;available=False;owned=2;upgradeTo=IndustrialCarbonizationRetort;research=SteamPower|Coking;workshop=;productivity=266;territory=1863]"
2115780,2115780,Conservative,"Building","Waiting","",1,"productivity or territory is insufficient [CokeOven:candidate=True;constructible=True;affordable=False;available=False;owned=2;upgradeTo=IndustrialCarbonizationRetort;research=SteamPower|Coking;workshop=;productivity=257.42;territory=1863]"
2116380,2116380,Conservative,"Building","Waiting","",1,"productivity or territory is insufficient [CokeOven:candidate=True;constructible=True;affordable=False;available=False;owned=2;upgradeTo=IndustrialCarbonizationRetort;research=SteamPower|Coking;workshop=;productivity=248.84;territory=1863]"
2116980,2116980,Conservative,"Building","Waiting","",1,"productivity or territory is insufficient [CokeOven:candidate=True;constructible=True;affordable=False;available=False;owned=2;upgradeTo=IndustrialCarbonizationRetort;research=SteamPower|Coking;workshop=;productivity=240.26;territory=1863]"
2117580,2117580,Conservative,"Building","Waiting","",1,"productivity or territory is insufficient [CokeOven:candidate=True;constructible=True;affordable=False;available=False;owned=2;upgradeTo=IndustrialCarbonizationRetort;research=SteamPower|Coking;workshop=;productivity=234.54;territory=1863]"
2118180,2118180,Conservative,"Building","Waiting","",1,"productivity or territory is insufficient [CokeOven:candidate=True;constructible=True;affordable=False;available=False;owned=2;upgradeTo=IndustrialCarbonizationRetort;research=SteamPower|Coking;workshop=;productivity=231.68;territory=1863]"
2118780,2118780,Conservative,"Building","Waiting","",1,"productivity or territory is insufficient [CokeOven:candidate=True;constructible=True;affordable=False;available=False;owned=2;upgradeTo=IndustrialCarbonizationRetort;research=SteamPower|Coking;workshop=;productivity=225.96;territory=1863]"
2119380,2119380,Conservative,"Building","Waiting","",1,"productivity or territory is insufficient [CokeOven:candidate=True;constructible=True;affordable=False;available=False;owned=2;upgradeTo=IndustrialCarbonizationRetort;research=SteamPower|Coking;workshop=;productivity=223.1;territory=1863]"
2119980,2119980,Conservative,"Building","Waiting","",1,"productivity or territory is insufficient [CokeOven:candidate=True;constructible=True;affordable=False;available=False;owned=2;upgradeTo=IndustrialCarbonizationRetort;research=SteamPower|Coking;workshop=;productivity=220.24;territory=1863]"
2120580,2120580,Conservative,"Building","Waiting","",1,"productivity or territory is insufficient [CokeOven:candidate=True;constructible=True;affordable=False;available=False;owned=2;upgradeTo=IndustrialCarbonizationRetort;research=SteamPower|Coking;workshop=;productivity=217.38;territory=1863]"
2121180,2121780,Conservative,"Building","Waiting","",2,"productivity or territory is insufficient [CokeOven:candidate=True;constructible=True;affordable=False;available=False;owned=2;upgradeTo=IndustrialCarbonizationRetort;research=SteamPower|Coking;workshop=;productivity=214.52;territory=1863]"
2122380,2122980,Conservative,"Building","Waiting","",2,"productivity or territory is insufficient [CokeOven:candidate=True;constructible=True;affordable=False;available=False;owned=2;upgradeTo=IndustrialCarbonizationRetort;research=SteamPower|Coking;workshop=;productivity=211.66;territory=1863]"
2123580,2125980,Conservative,"Building","Waiting","",5,"productivity or territory is insufficient [CokeOven:candidate=True;constructible=True;affordable=False;available=False;owned=2;upgradeTo=IndustrialCarbonizationRetort;research=SteamPower|Coking;workshop=;productivity=208.8;territory=1863]"
2126580,2137980,Conservative,"Building","Waiting","",20,"productivity or territory is insufficient [CokeOven:candidate=True;constructible=True;affordable=False;available=False;owned=2;upgradeTo=IndustrialCarbonizationRetort;research=SteamPower|Coking;workshop=;productivity=205.94;territory=1863]"
2138580,2138580,Conservative,"Building","Waiting","",1,"productivity or territory is insufficient [CokeOven:candidate=True;constructible=True;affordable=False;available=False;owned=2;upgradeTo=IndustrialCarbonizationRetort;research=SteamPower|Coking;workshop=;productivity=203.08;territory=1863]"
2139180,2139180,Conservative,"Building","Waiting","",1,"productivity or territory is insufficient [CokeOven:candidate=True;constructible=True;affordable=False;available=False;owned=2;upgradeTo=IndustrialCarbonizationRetort;research=SteamPower|Coking;workshop=;productivity=1352.8;territory=1863]"
2139780,2139780,Conservative,"Building","Waiting","",1,"productivity or territory is insufficient [CokeOven:candidate=True;constructible=True;affordable=False;available=False;owned=2;upgradeTo=IndustrialCarbonizationRetort;research=SteamPower|Coking;workshop=;productivity=1164.04;territory=1863]"
2140380,2140380,Conservative,"Building","Waiting","",1,"productivity or territory is insufficient [CokeOven:candidate=True;constructible=True;affordable=False;available=False;owned=2;upgradeTo=IndustrialCarbonizationRetort;research=SteamPower|Coking;workshop=;productivity=1003.88;territory=1863]"
2140980,2140980,Conservative,"Building","Waiting","",1,"productivity or territory is insufficient [CokeOven:candidate=True;constructible=True;affordable=False;available=False;owned=2;upgradeTo=IndustrialCarbonizationRetort;research=SteamPower|Coking;workshop=;productivity=869.46;territory=1863]"
2141580,2141580,Conservative,"Building","Waiting","",1,"productivity or territory is insufficient [CokeOven:candidate=True;constructible=True;affordable=False;available=False;owned=2;upgradeTo=IndustrialCarbonizationRetort;research=SteamPower|Coking;workshop=;productivity=760.78;territory=1863]"
2142180,2142180,Conservative,"Building","Waiting","",1,"productivity or territory is insufficient [CokeOven:candidate=True;constructible=True;affordable=False;available=False;owned=2;upgradeTo=IndustrialCarbonizationRetort;research=SteamPower|Coking;workshop=;productivity=666.4;territory=1863]"
2142780,2142780,Conservative,"Building","Waiting","",1,"productivity or territory is insufficient [CokeOven:candidate=True;constructible=True;affordable=False;available=False;owned=2;upgradeTo=IndustrialCarbonizationRetort;research=SteamPower|Coking;workshop=;productivity=589.18;territory=1863]"
2143380,2143380,Conservative,"Building","Waiting","",1,"productivity or territory is insufficient [CokeOven:candidate=True;constructible=True;affordable=False;available=False;owned=2;upgradeTo=IndustrialCarbonizationRetort;research=SteamPower|Coking;workshop=;productivity=526.26;territory=1863]"
2143980,2143980,Conservative,"Building","Waiting","",1,"productivity or territory is insufficient [CokeOven:candidate=True;constructible=True;affordable=False;available=False;owned=2;upgradeTo=IndustrialCarbonizationRetort;research=SteamPower|Coking;workshop=;productivity=471.92;territory=1863]"
2144580,2144580,Conservative,"Building","Waiting","",1,"productivity or territory is insufficient [CokeOven:candidate=True;constructible=True;affordable=False;available=False;owned=2;upgradeTo=IndustrialCarbonizationRetort;research=SteamPower|Coking;workshop=;productivity=429.02;territory=1863]"
2145180,2145180,Conservative,"Building","Waiting","",1,"productivity or territory is insufficient [CokeOven:candidate=True;constructible=True;affordable=False;available=False;owned=2;upgradeTo=IndustrialCarbonizationRetort;research=SteamPower|Coking;workshop=;productivity=391.84;territory=1863]"
2145780,2145780,Conservative,"Building","Waiting","",1,"productivity or territory is insufficient [CokeOven:candidate=True;constructible=True;affordable=False;available=False;owned=2;upgradeTo=IndustrialCarbonizationRetort;research=SteamPower|Coking;workshop=;productivity=360.38;territory=1863]"
2146380,2146380,Conservative,"Building","Waiting","",1,"productivity or territory is insufficient [CokeOven:candidate=True;constructible=True;affordable=False;available=False;owned=2;upgradeTo=IndustrialCarbonizationRetort;research=SteamPower|Coking;workshop=;productivity=334.64;territory=1863]"
2146980,2146980,Conservative,"Building","Waiting","",1,"productivity or territory is insufficient [CokeOven:candidate=True;constructible=True;affordable=False;available=False;owned=2;upgradeTo=IndustrialCarbonizationRetort;research=SteamPower|Coking;workshop=;productivity=311.76;territory=1863]"
2147580,2147580,Conservative,"Building","Waiting","",1,"productivity or territory is insufficient [CokeOven:candidate=True;constructible=True;affordable=False;available=False;owned=2;upgradeTo=IndustrialCarbonizationRetort;research=SteamPower|Coking;workshop=;productivity=294.6;territory=1863]"
2148180,2148180,Conservative,"Building","Waiting","",1,"productivity or territory is insufficient [CokeOven:candidate=True;constructible=True;affordable=False;available=False;owned=2;upgradeTo=IndustrialCarbonizationRetort;research=SteamPower|Coking;workshop=;productivity=280.3;territory=1863]"
2148780,2148780,Conservative,"Building","Waiting","",1,"productivity or territory is insufficient [CokeOven:candidate=True;constructible=True;affordable=False;available=False;owned=2;upgradeTo=IndustrialCarbonizationRetort;research=SteamPower|Coking;workshop=;productivity=266;territory=1863]"
2149380,2149380,Conservative,"Building","Waiting","",1,"productivity or territory is insufficient [CokeOven:candidate=True;constructible=True;affordable=False;available=False;owned=2;upgradeTo=IndustrialCarbonizationRetort;research=SteamPower|Coking;workshop=;productivity=257.42;territory=1863]"
2149980,2149980,Conservative,"Building","Waiting","",1,"productivity or territory is insufficient [CokeOven:candidate=True;constructible=True;affordable=False;available=False;owned=2;upgradeTo=IndustrialCarbonizationRetort;research=SteamPower|Coking;workshop=;productivity=248.84;territory=1863]"
2150580,2150580,Conservative,"Building","Waiting","",1,"productivity or territory is insufficient [CokeOven:candidate=True;constructible=True;affordable=False;available=False;owned=2;upgradeTo=IndustrialCarbonizationRetort;research=SteamPower|Coking;workshop=;productivity=240.26;territory=1863]"
2151180,2151180,Conservative,"Building","Waiting","",1,"productivity or territory is insufficient [CokeOven:candidate=True;constructible=True;affordable=False;available=False;owned=2;upgradeTo=IndustrialCarbonizationRetort;research=SteamPower|Coking;workshop=;productivity=234.54;territory=1863]"
2151780,2151780,Conservative,"Building","Waiting","",1,"productivity or territory is insufficient [CokeOven:candidate=True;constructible=True;affordable=False;available=False;owned=2;upgradeTo=IndustrialCarbonizationRetort;research=SteamPower|Coking;workshop=;productivity=231.68;territory=1863]"
2152380,2152380,Conservative,"Building","Waiting","",1,"productivity or territory is insufficient [CokeOven:candidate=True;constructible=True;affordable=False;available=False;owned=2;upgradeTo=IndustrialCarbonizationRetort;research=SteamPower|Coking;workshop=;productivity=225.96;territory=1863]"
2152980,2152980,Conservative,"Building","Waiting","",1,"productivity or territory is insufficient [CokeOven:candidate=True;constructible=True;affordable=False;available=False;owned=2;upgradeTo=IndustrialCarbonizationRetort;research=SteamPower|Coking;workshop=;productivity=223.1;territory=1863]"
2153580,2153580,Conservative,"Building","Waiting","",1,"productivity or territory is insufficient [CokeOven:candidate=True;constructible=True;affordable=False;available=False;owned=2;upgradeTo=IndustrialCarbonizationRetort;research=SteamPower|Coking;workshop=;productivity=220.24;territory=1863]"
2154180,2154180,Conservative,"Building","Waiting","",1,"productivity or territory is insufficient [CokeOven:candidate=True;constructible=True;affordable=False;available=False;owned=2;upgradeTo=IndustrialCarbonizationRetort;research=SteamPower|Coking;workshop=;productivity=217.38;territory=1863]"
2154780,2155380,Conservative,"Building","Waiting","",2,"productivity or territory is insufficient [CokeOven:candidate=True;constructible=True;affordable=False;available=False;owned=2;upgradeTo=IndustrialCarbonizationRetort;research=SteamPower|Coking;workshop=;productivity=214.52;territory=1863]"
2155980,2156580,Conservative,"Building","Waiting","",2,"productivity or territory is insufficient [CokeOven:candidate=True;constructible=True;affordable=False;available=False;owned=2;upgradeTo=IndustrialCarbonizationRetort;research=SteamPower|Coking;workshop=;productivity=211.66;territory=1863]"
2157180,2159580,Conservative,"Building","Waiting","",5,"productivity or territory is insufficient [CokeOven:candidate=True;constructible=True;affordable=False;available=False;owned=2;upgradeTo=IndustrialCarbonizationRetort;research=SteamPower|Coking;workshop=;productivity=208.8;territory=1863]"
2160180,2171580,Conservative,"Building","Waiting","",20,"productivity or territory is insufficient [CokeOven:candidate=True;constructible=True;affordable=False;available=False;owned=2;upgradeTo=IndustrialCarbonizationRetort;research=SteamPower|Coking;workshop=;productivity=205.94;territory=1863]"
2172180,2172180,Conservative,"Building","Waiting","",1,"productivity or territory is insufficient [CokeOven:candidate=True;constructible=True;affordable=False;available=False;owned=2;upgradeTo=IndustrialCarbonizationRetort;research=SteamPower|Coking;workshop=;productivity=203.08;territory=1863]"
2172780,2172780,Conservative,"Building","Waiting","",1,"productivity or territory is insufficient [CokeOven:candidate=True;constructible=True;affordable=False;available=False;owned=2;upgradeTo=IndustrialCarbonizationRetort;research=SteamPower|Coking;workshop=;productivity=1352.8;territory=1863]"
2173380,2173380,Conservative,"Building","Waiting","",1,"productivity or territory is insufficient [CokeOven:candidate=True;constructible=True;affordable=False;available=False;owned=2;upgradeTo=IndustrialCarbonizationRetort;research=SteamPower|Coking;workshop=;productivity=1164.04;territory=1863]"
2173980,2173980,Conservative,"Building","Waiting","",1,"productivity or territory is insufficient [CokeOven:candidate=True;constructible=True;affordable=False;available=False;owned=2;upgradeTo=IndustrialCarbonizationRetort;research=SteamPower|Coking;workshop=;productivity=1003.88;territory=1863]"
2174580,2174580,Conservative,"Building","Waiting","",1,"productivity or territory is insufficient [CokeOven:candidate=True;constructible=True;affordable=False;available=False;owned=2;upgradeTo=IndustrialCarbonizationRetort;research=SteamPower|Coking;workshop=;productivity=869.46;territory=1863]"
2175180,2175180,Conservative,"Building","Waiting","",1,"productivity or territory is insufficient [CokeOven:candidate=True;constructible=True;affordable=False;available=False;owned=2;upgradeTo=IndustrialCarbonizationRetort;research=SteamPower|Coking;workshop=;productivity=760.78;territory=1863]"
2175780,2175780,Conservative,"Building","Waiting","",1,"productivity or territory is insufficient [CokeOven:candidate=True;constructible=True;affordable=False;available=False;owned=2;upgradeTo=IndustrialCarbonizationRetort;research=SteamPower|Coking;workshop=;productivity=666.4;territory=1863]"
2176380,2176380,Conservative,"Building","Waiting","",1,"productivity or territory is insufficient [CokeOven:candidate=True;constructible=True;affordable=False;available=False;owned=2;upgradeTo=IndustrialCarbonizationRetort;research=SteamPower|Coking;workshop=;productivity=589.18;territory=1863]"
2176980,2176980,Conservative,"Building","Waiting","",1,"productivity or territory is insufficient [CokeOven:candidate=True;constructible=True;affordable=False;available=False;owned=2;upgradeTo=IndustrialCarbonizationRetort;research=SteamPower|Coking;workshop=;productivity=526.26;territory=1863]"
2177580,2177580,Conservative,"Building","Waiting","",1,"productivity or territory is insufficient [CokeOven:candidate=True;constructible=True;affordable=False;available=False;owned=2;upgradeTo=IndustrialCarbonizationRetort;research=SteamPower|Coking;workshop=;productivity=471.92;territory=1863]"
2178180,2178180,Conservative,"Building","Waiting","",1,"productivity or territory is insufficient [CokeOven:candidate=True;constructible=True;affordable=False;available=False;owned=2;upgradeTo=IndustrialCarbonizationRetort;research=SteamPower|Coking;workshop=;productivity=429.02;territory=1863]"
2178780,2178780,Conservative,"Building","Waiting","",1,"productivity or territory is insufficient [CokeOven:candidate=True;constructible=True;affordable=False;available=False;owned=2;upgradeTo=IndustrialCarbonizationRetort;research=SteamPower|Coking;workshop=;productivity=391.84;territory=1863]"
2179380,2179380,Conservative,"Building","Waiting","",1,"productivity or territory is insufficient [CokeOven:candidate=True;constructible=True;affordable=False;available=False;owned=2;upgradeTo=IndustrialCarbonizationRetort;research=SteamPower|Coking;workshop=;productivity=360.38;territory=1863]"
2179980,2179980,Conservative,"Building","Waiting","",1,"productivity or territory is insufficient [CokeOven:candidate=True;constructible=True;affordable=False;available=False;owned=2;upgradeTo=IndustrialCarbonizationRetort;research=SteamPower|Coking;workshop=;productivity=334.64;territory=1863]"
2180580,2180580,Conservative,"Building","Waiting","",1,"productivity or territory is insufficient [CokeOven:candidate=True;constructible=True;affordable=False;available=False;owned=2;upgradeTo=IndustrialCarbonizationRetort;research=SteamPower|Coking;workshop=;productivity=311.76;territory=1863]"
2181180,2181180,Conservative,"Building","Waiting","",1,"productivity or territory is insufficient [CokeOven:candidate=True;constructible=True;affordable=False;available=False;owned=2;upgradeTo=IndustrialCarbonizationRetort;research=SteamPower|Coking;workshop=;productivity=294.6;territory=1863]"
2181780,2181780,Conservative,"Building","Waiting","",1,"productivity or territory is insufficient [CokeOven:candidate=True;constructible=True;affordable=False;available=False;owned=2;upgradeTo=IndustrialCarbonizationRetort;research=SteamPower|Coking;workshop=;productivity=280.3;territory=1863]"
2182380,2182380,Conservative,"Building","Waiting","",1,"productivity or territory is insufficient [CokeOven:candidate=True;constructible=True;affordable=False;available=False;owned=2;upgradeTo=IndustrialCarbonizationRetort;research=SteamPower|Coking;workshop=;productivity=266;territory=1863]"
2182980,2182980,Conservative,"Building","Waiting","",1,"productivity or territory is insufficient [CokeOven:candidate=True;constructible=True;affordable=False;available=False;owned=2;upgradeTo=IndustrialCarbonizationRetort;research=SteamPower|Coking;workshop=;productivity=257.42;territory=1863]"
2183580,2183580,Conservative,"Building","Waiting","",1,"productivity or territory is insufficient [CokeOven:candidate=True;constructible=True;affordable=False;available=False;owned=2;upgradeTo=IndustrialCarbonizationRetort;research=SteamPower|Coking;workshop=;productivity=248.84;territory=1863]"
2184180,2184180,Conservative,"Building","Waiting","",1,"productivity or territory is insufficient [CokeOven:candidate=True;constructible=True;affordable=False;available=False;owned=2;upgradeTo=IndustrialCarbonizationRetort;research=SteamPower|Coking;workshop=;productivity=240.26;territory=1863]"
2184780,2184780,Conservative,"Building","Waiting","",1,"productivity or territory is insufficient [CokeOven:candidate=True;constructible=True;affordable=False;available=False;owned=2;upgradeTo=IndustrialCarbonizationRetort;research=SteamPower|Coking;workshop=;productivity=234.54;territory=1863]"
2185380,2185380,Conservative,"Building","Waiting","",1,"productivity or territory is insufficient [CokeOven:candidate=True;constructible=True;affordable=False;available=False;owned=2;upgradeTo=IndustrialCarbonizationRetort;research=SteamPower|Coking;workshop=;productivity=231.68;territory=1863]"
2185980,2185980,Conservative,"Building","Waiting","",1,"productivity or territory is insufficient [CokeOven:candidate=True;constructible=True;affordable=False;available=False;owned=2;upgradeTo=IndustrialCarbonizationRetort;research=SteamPower|Coking;workshop=;productivity=225.96;territory=1863]"
2186580,2186580,Conservative,"Building","Waiting","",1,"productivity or territory is insufficient [CokeOven:candidate=True;constructible=True;affordable=False;available=False;owned=2;upgradeTo=IndustrialCarbonizationRetort;research=SteamPower|Coking;workshop=;productivity=223.1;territory=1863]"
2187180,2187180,Conservative,"Building","Waiting","",1,"productivity or territory is insufficient [CokeOven:candidate=True;constructible=True;affordable=False;available=False;owned=2;upgradeTo=IndustrialCarbonizationRetort;research=SteamPower|Coking;workshop=;productivity=220.24;territory=1863]"
2187780,2187780,Conservative,"Building","Waiting","",1,"productivity or territory is insufficient [CokeOven:candidate=True;constructible=True;affordable=False;available=False;owned=2;upgradeTo=IndustrialCarbonizationRetort;research=SteamPower|Coking;workshop=;productivity=217.38;territory=1863]"
2188380,2188980,Conservative,"Building","Waiting","",2,"productivity or territory is insufficient [CokeOven:candidate=True;constructible=True;affordable=False;available=False;owned=2;upgradeTo=IndustrialCarbonizationRetort;research=SteamPower|Coking;workshop=;productivity=214.52;territory=1863]"
2189580,2190180,Conservative,"Building","Waiting","",2,"productivity or territory is insufficient [CokeOven:candidate=True;constructible=True;affordable=False;available=False;owned=2;upgradeTo=IndustrialCarbonizationRetort;research=SteamPower|Coking;workshop=;productivity=211.66;territory=1863]"
2190780,2193180,Conservative,"Building","Waiting","",5,"productivity or territory is insufficient [CokeOven:candidate=True;constructible=True;affordable=False;available=False;owned=2;upgradeTo=IndustrialCarbonizationRetort;research=SteamPower|Coking;workshop=;productivity=208.8;territory=1863]"
2193780,2205180,Conservative,"Building","Waiting","",20,"productivity or territory is insufficient [CokeOven:candidate=True;constructible=True;affordable=False;available=False;owned=2;upgradeTo=IndustrialCarbonizationRetort;research=SteamPower|Coking;workshop=;productivity=205.94;territory=1863]"
2205780,2205780,Conservative,"Building","Waiting","",1,"productivity or territory is insufficient [CokeOven:candidate=True;constructible=True;affordable=False;available=False;owned=2;upgradeTo=IndustrialCarbonizationRetort;research=SteamPower|Coking;workshop=;productivity=203.08;territory=1863]"
2206380,2206380,Conservative,"Building","Waiting","",1,"productivity or territory is insufficient [CokeOven:candidate=True;constructible=True;affordable=False;available=False;owned=2;upgradeTo=IndustrialCarbonizationRetort;research=SteamPower|Coking;workshop=;productivity=1352.8;territory=1863]"
2206980,2206980,Conservative,"Building","Waiting","",1,"productivity or territory is insufficient [CokeOven:candidate=True;constructible=True;affordable=False;available=False;owned=2;upgradeTo=IndustrialCarbonizationRetort;research=SteamPower|Coking;workshop=;productivity=1164.04;territory=1863]"
2207580,2207580,Conservative,"Building","Waiting","",1,"productivity or territory is insufficient [CokeOven:candidate=True;constructible=True;affordable=False;available=False;owned=2;upgradeTo=IndustrialCarbonizationRetort;research=SteamPower|Coking;workshop=;productivity=1003.88;territory=1863]"
2208180,2208180,Conservative,"Building","Waiting","",1,"productivity or territory is insufficient [CokeOven:candidate=True;constructible=True;affordable=False;available=False;owned=2;upgradeTo=IndustrialCarbonizationRetort;research=SteamPower|Coking;workshop=;productivity=869.46;territory=1863]"
2208780,2208780,Conservative,"Building","Waiting","",1,"productivity or territory is insufficient [CokeOven:candidate=True;constructible=True;affordable=False;available=False;owned=2;upgradeTo=IndustrialCarbonizationRetort;research=SteamPower|Coking;workshop=;productivity=760.78;territory=1863]"
2209380,2209380,Conservative,"Building","Waiting","",1,"productivity or territory is insufficient [CokeOven:candidate=True;constructible=True;affordable=False;available=False;owned=2;upgradeTo=IndustrialCarbonizationRetort;research=SteamPower|Coking;workshop=;productivity=666.4;territory=1863]"
2209980,2209980,Conservative,"Building","Waiting","",1,"productivity or territory is insufficient [CokeOven:candidate=True;constructible=True;affordable=False;available=False;owned=2;upgradeTo=IndustrialCarbonizationRetort;research=SteamPower|Coking;workshop=;productivity=589.18;territory=1863]"
2210580,2210580,Conservative,"Building","Waiting","",1,"productivity or territory is insufficient [CokeOven:candidate=True;constructible=True;affordable=False;available=False;owned=2;upgradeTo=IndustrialCarbonizationRetort;research=SteamPower|Coking;workshop=;productivity=526.26;territory=1863]"
2211180,2211180,Conservative,"Building","Waiting","",1,"productivity or territory is insufficient [CokeOven:candidate=True;constructible=True;affordable=False;available=False;owned=2;upgradeTo=IndustrialCarbonizationRetort;research=SteamPower|Coking;workshop=;productivity=471.92;territory=1863]"
2211780,2211780,Conservative,"Building","Waiting","",1,"productivity or territory is insufficient [CokeOven:candidate=True;constructible=True;affordable=False;available=False;owned=2;upgradeTo=IndustrialCarbonizationRetort;research=SteamPower|Coking;workshop=;productivity=429.02;territory=1863]"
2212380,2212380,Conservative,"Building","Waiting","",1,"productivity or territory is insufficient [CokeOven:candidate=True;constructible=True;affordable=False;available=False;owned=2;upgradeTo=IndustrialCarbonizationRetort;research=SteamPower|Coking;workshop=;productivity=391.84;territory=1863]"
2212980,2212980,Conservative,"Building","Waiting","",1,"productivity or territory is insufficient [CokeOven:candidate=True;constructible=True;affordable=False;available=False;owned=2;upgradeTo=IndustrialCarbonizationRetort;research=SteamPower|Coking;workshop=;productivity=360.38;territory=1863]"
2213580,2213580,Conservative,"Building","Waiting","",1,"productivity or territory is insufficient [CokeOven:candidate=True;constructible=True;affordable=False;available=False;owned=2;upgradeTo=IndustrialCarbonizationRetort;research=SteamPower|Coking;workshop=;productivity=334.64;territory=1863]"
2214180,2214180,Conservative,"Building","Waiting","",1,"productivity or territory is insufficient [CokeOven:candidate=True;constructible=True;affordable=False;available=False;owned=2;upgradeTo=IndustrialCarbonizationRetort;research=SteamPower|Coking;workshop=;productivity=311.76;territory=1863]"
2214780,2214780,Conservative,"Building","Waiting","",1,"productivity or territory is insufficient [CokeOven:candidate=True;constructible=True;affordable=False;available=False;owned=2;upgradeTo=IndustrialCarbonizationRetort;research=SteamPower|Coking;workshop=;productivity=294.6;territory=1863]"
2215380,2215380,Conservative,"Building","Waiting","",1,"productivity or territory is insufficient [CokeOven:candidate=True;constructible=True;affordable=False;available=False;owned=2;upgradeTo=IndustrialCarbonizationRetort;research=SteamPower|Coking;workshop=;productivity=280.3;territory=1863]"
2215980,2215980,Conservative,"Building","Waiting","",1,"productivity or territory is insufficient [CokeOven:candidate=True;constructible=True;affordable=False;available=False;owned=2;upgradeTo=IndustrialCarbonizationRetort;research=SteamPower|Coking;workshop=;productivity=266;territory=1863]"
2216580,2216580,Conservative,"Building","Waiting","",1,"productivity or territory is insufficient [CokeOven:candidate=True;constructible=True;affordable=False;available=False;owned=2;upgradeTo=IndustrialCarbonizationRetort;research=SteamPower|Coking;workshop=;productivity=257.42;territory=1863]"
2217180,2217180,Conservative,"Building","Waiting","",1,"productivity or territory is insufficient [CokeOven:candidate=True;constructible=True;affordable=False;available=False;owned=2;upgradeTo=IndustrialCarbonizationRetort;research=SteamPower|Coking;workshop=;productivity=248.84;territory=1863]"
2217780,2217780,Conservative,"Building","Waiting","",1,"productivity or territory is insufficient [CokeOven:candidate=True;constructible=True;affordable=False;available=False;owned=2;upgradeTo=IndustrialCarbonizationRetort;research=SteamPower|Coking;workshop=;productivity=240.26;territory=1863]"
2218380,2218380,Conservative,"Building","Waiting","",1,"productivity or territory is insufficient [CokeOven:candidate=True;constructible=True;affordable=False;available=False;owned=2;upgradeTo=IndustrialCarbonizationRetort;research=SteamPower|Coking;workshop=;productivity=234.54;territory=1863]"
2218980,2218980,Conservative,"Building","Waiting","",1,"productivity or territory is insufficient [CokeOven:candidate=True;constructible=True;affordable=False;available=False;owned=2;upgradeTo=IndustrialCarbonizationRetort;research=SteamPower|Coking;workshop=;productivity=231.68;territory=1863]"
2219580,2219580,Conservative,"Building","Waiting","",1,"productivity or territory is insufficient [CokeOven:candidate=True;constructible=True;affordable=False;available=False;owned=2;upgradeTo=IndustrialCarbonizationRetort;research=SteamPower|Coking;workshop=;productivity=225.96;territory=1863]"
2220180,2220180,Conservative,"Building","Waiting","",1,"productivity or territory is insufficient [CokeOven:candidate=True;constructible=True;affordable=False;available=False;owned=2;upgradeTo=IndustrialCarbonizationRetort;research=SteamPower|Coking;workshop=;productivity=223.1;territory=1863]"
2220780,2220780,Conservative,"Building","Waiting","",1,"productivity or territory is insufficient [CokeOven:candidate=True;constructible=True;affordable=False;available=False;owned=2;upgradeTo=IndustrialCarbonizationRetort;research=SteamPower|Coking;workshop=;productivity=220.24;territory=1863]"
2221380,2221380,Conservative,"Building","Waiting","",1,"productivity or territory is insufficient [CokeOven:candidate=True;constructible=True;affordable=False;available=False;owned=2;upgradeTo=IndustrialCarbonizationRetort;research=SteamPower|Coking;workshop=;productivity=217.38;territory=1863]"
2221980,2222580,Conservative,"Building","Waiting","",2,"productivity or territory is insufficient [CokeOven:candidate=True;constructible=True;affordable=False;available=False;owned=2;upgradeTo=IndustrialCarbonizationRetort;research=SteamPower|Coking;workshop=;productivity=214.52;territory=1863]"
2223180,2223780,Conservative,"Building","Waiting","",2,"productivity or territory is insufficient [CokeOven:candidate=True;constructible=True;affordable=False;available=False;owned=2;upgradeTo=IndustrialCarbonizationRetort;research=SteamPower|Coking;workshop=;productivity=211.66;territory=1863]"
2224380,2226780,Conservative,"Building","Waiting","",5,"productivity or territory is insufficient [CokeOven:candidate=True;constructible=True;affordable=False;available=False;owned=2;upgradeTo=IndustrialCarbonizationRetort;research=SteamPower|Coking;workshop=;productivity=208.8;territory=1863]"
2227380,2238780,Conservative,"Building","Waiting","",20,"productivity or territory is insufficient [CokeOven:candidate=True;constructible=True;affordable=False;available=False;owned=2;upgradeTo=IndustrialCarbonizationRetort;research=SteamPower|Coking;workshop=;productivity=205.94;territory=1863]"
2239380,2239380,Conservative,"Building","Waiting","",1,"productivity or territory is insufficient [CokeOven:candidate=True;constructible=True;affordable=False;available=False;owned=2;upgradeTo=IndustrialCarbonizationRetort;research=SteamPower|Coking;workshop=;productivity=203.08;territory=1863]"
2239980,2239980,Conservative,"Building","Waiting","",1,"productivity or territory is insufficient [CokeOven:candidate=True;constructible=True;affordable=False;available=False;owned=2;upgradeTo=IndustrialCarbonizationRetort;research=SteamPower|Coking;workshop=;productivity=1352.8;territory=1863]"
2240580,2240580,Conservative,"Building","Waiting","",1,"productivity or territory is insufficient [CokeOven:candidate=True;constructible=True;affordable=False;available=False;owned=2;upgradeTo=IndustrialCarbonizationRetort;research=SteamPower|Coking;workshop=;productivity=1164.04;territory=1863]"
2241180,2241180,Conservative,"Building","Waiting","",1,"productivity or territory is insufficient [CokeOven:candidate=True;constructible=True;affordable=False;available=False;owned=2;upgradeTo=IndustrialCarbonizationRetort;research=SteamPower|Coking;workshop=;productivity=1003.88;territory=1863]"
2241780,2241780,Conservative,"Building","Waiting","",1,"productivity or territory is insufficient [CokeOven:candidate=True;constructible=True;affordable=False;available=False;owned=2;upgradeTo=IndustrialCarbonizationRetort;research=SteamPower|Coking;workshop=;productivity=869.46;territory=1863]"
2242380,2242380,Conservative,"Building","Waiting","",1,"productivity or territory is insufficient [CokeOven:candidate=True;constructible=True;affordable=False;available=False;owned=2;upgradeTo=IndustrialCarbonizationRetort;research=SteamPower|Coking;workshop=;productivity=760.78;territory=1863]"
2242980,2242980,Conservative,"Building","Waiting","",1,"productivity or territory is insufficient [CokeOven:candidate=True;constructible=True;affordable=False;available=False;owned=2;upgradeTo=IndustrialCarbonizationRetort;research=SteamPower|Coking;workshop=;productivity=666.4;territory=1863]"
2243580,2243580,Conservative,"Building","Waiting","",1,"productivity or territory is insufficient [CokeOven:candidate=True;constructible=True;affordable=False;available=False;owned=2;upgradeTo=IndustrialCarbonizationRetort;research=SteamPower|Coking;workshop=;productivity=589.18;territory=1863]"
2244180,2244180,Conservative,"Building","Waiting","",1,"productivity or territory is insufficient [CokeOven:candidate=True;constructible=True;affordable=False;available=False;owned=2;upgradeTo=IndustrialCarbonizationRetort;research=SteamPower|Coking;workshop=;productivity=526.26;territory=1863]"
2244780,2244780,Conservative,"Building","Waiting","",1,"productivity or territory is insufficient [CokeOven:candidate=True;constructible=True;affordable=False;available=False;owned=2;upgradeTo=IndustrialCarbonizationRetort;research=SteamPower|Coking;workshop=;productivity=471.92;territory=1863]"
2245380,2245380,Conservative,"Building","Waiting","",1,"productivity or territory is insufficient [CokeOven:candidate=True;constructible=True;affordable=False;available=False;owned=2;upgradeTo=IndustrialCarbonizationRetort;research=SteamPower|Coking;workshop=;productivity=429.02;territory=1863]"
2245980,2245980,Conservative,"Building","Waiting","",1,"productivity or territory is insufficient [CokeOven:candidate=True;constructible=True;affordable=False;available=False;owned=2;upgradeTo=IndustrialCarbonizationRetort;research=SteamPower|Coking;workshop=;productivity=391.84;territory=1863]"
2246580,2246580,Conservative,"Building","Waiting","",1,"productivity or territory is insufficient [CokeOven:candidate=True;constructible=True;affordable=False;available=False;owned=2;upgradeTo=IndustrialCarbonizationRetort;research=SteamPower|Coking;workshop=;productivity=360.38;territory=1863]"
2247180,2247180,Conservative,"Building","Waiting","",1,"productivity or territory is insufficient [CokeOven:candidate=True;constructible=True;affordable=False;available=False;owned=2;upgradeTo=IndustrialCarbonizationRetort;research=SteamPower|Coking;workshop=;productivity=334.64;territory=1863]"
2247780,2247780,Conservative,"Building","Waiting","",1,"productivity or territory is insufficient [CokeOven:candidate=True;constructible=True;affordable=False;available=False;owned=2;upgradeTo=IndustrialCarbonizationRetort;research=SteamPower|Coking;workshop=;productivity=311.76;territory=1863]"
2248380,2248380,Conservative,"Building","Waiting","",1,"productivity or territory is insufficient [CokeOven:candidate=True;constructible=True;affordable=False;available=False;owned=2;upgradeTo=IndustrialCarbonizationRetort;research=SteamPower|Coking;workshop=;productivity=294.6;territory=1863]"
2248980,2248980,Conservative,"Building","Waiting","",1,"productivity or territory is insufficient [CokeOven:candidate=True;constructible=True;affordable=False;available=False;owned=2;upgradeTo=IndustrialCarbonizationRetort;research=SteamPower|Coking;workshop=;productivity=280.3;territory=1863]"
2249580,2249580,Conservative,"Building","Waiting","",1,"productivity or territory is insufficient [CokeOven:candidate=True;constructible=True;affordable=False;available=False;owned=2;upgradeTo=IndustrialCarbonizationRetort;research=SteamPower|Coking;workshop=;productivity=266;territory=1863]"
2250180,2250180,Conservative,"Building","Waiting","",1,"productivity or territory is insufficient [CokeOven:candidate=True;constructible=True;affordable=False;available=False;owned=2;upgradeTo=IndustrialCarbonizationRetort;research=SteamPower|Coking;workshop=;productivity=257.42;territory=1863]"
2250780,2250780,Conservative,"Building","Waiting","",1,"productivity or territory is insufficient [CokeOven:candidate=True;constructible=True;affordable=False;available=False;owned=2;upgradeTo=IndustrialCarbonizationRetort;research=SteamPower|Coking;workshop=;productivity=248.84;territory=1863]"
2251380,2251380,Conservative,"Building","Waiting","",1,"productivity or territory is insufficient [CokeOven:candidate=True;constructible=True;affordable=False;available=False;owned=2;upgradeTo=IndustrialCarbonizationRetort;research=SteamPower|Coking;workshop=;productivity=240.26;territory=1863]"
2251980,2251980,Conservative,"Building","Waiting","",1,"productivity or territory is insufficient [CokeOven:candidate=True;constructible=True;affordable=False;available=False;owned=2;upgradeTo=IndustrialCarbonizationRetort;research=SteamPower|Coking;workshop=;productivity=234.54;territory=1863]"
2252580,2252580,Conservative,"Building","Waiting","",1,"productivity or territory is insufficient [CokeOven:candidate=True;constructible=True;affordable=False;available=False;owned=2;upgradeTo=IndustrialCarbonizationRetort;research=SteamPower|Coking;workshop=;productivity=231.68;territory=1863]"
2253180,2253180,Conservative,"Building","Waiting","",1,"productivity or territory is insufficient [CokeOven:candidate=True;constructible=True;affordable=False;available=False;owned=2;upgradeTo=IndustrialCarbonizationRetort;research=SteamPower|Coking;workshop=;productivity=225.96;territory=1863]"
2253780,2253780,Conservative,"Building","Waiting","",1,"productivity or territory is insufficient [CokeOven:candidate=True;constructible=True;affordable=False;available=False;owned=2;upgradeTo=IndustrialCarbonizationRetort;research=SteamPower|Coking;workshop=;productivity=223.1;territory=1863]"
2254380,2254380,Conservative,"Building","Waiting","",1,"productivity or territory is insufficient [CokeOven:candidate=True;constructible=True;affordable=False;available=False;owned=2;upgradeTo=IndustrialCarbonizationRetort;research=SteamPower|Coking;workshop=;productivity=220.24;territory=1863]"
2254980,2254980,Conservative,"Building","Waiting","",1,"productivity or territory is insufficient [CokeOven:candidate=True;constructible=True;affordable=False;available=False;owned=2;upgradeTo=IndustrialCarbonizationRetort;research=SteamPower|Coking;workshop=;productivity=217.38;territory=1863]"
2255580,2256180,Conservative,"Building","Waiting","",2,"productivity or territory is insufficient [CokeOven:candidate=True;constructible=True;affordable=False;available=False;owned=2;upgradeTo=IndustrialCarbonizationRetort;research=SteamPower|Coking;workshop=;productivity=214.52;territory=1863]"
2256780,2257380,Conservative,"Building","Waiting","",2,"productivity or territory is insufficient [CokeOven:candidate=True;constructible=True;affordable=False;available=False;owned=2;upgradeTo=IndustrialCarbonizationRetort;research=SteamPower|Coking;workshop=;productivity=211.66;territory=1863]"
2257980,2260380,Conservative,"Building","Waiting","",5,"productivity or territory is insufficient [CokeOven:candidate=True;constructible=True;affordable=False;available=False;owned=2;upgradeTo=IndustrialCarbonizationRetort;research=SteamPower|Coking;workshop=;productivity=208.8;territory=1863]"
2260980,2272380,Conservative,"Building","Waiting","",20,"productivity or territory is insufficient [CokeOven:candidate=True;constructible=True;affordable=False;available=False;owned=2;upgradeTo=IndustrialCarbonizationRetort;research=SteamPower|Coking;workshop=;productivity=205.94;territory=1863]"
2272980,2272980,Conservative,"Building","Waiting","",1,"productivity or territory is insufficient [CokeOven:candidate=True;constructible=True;affordable=False;available=False;owned=2;upgradeTo=IndustrialCarbonizationRetort;research=SteamPower|Coking;workshop=;productivity=203.08;territory=1863]"
2273580,2273580,Conservative,"Building","Waiting","",1,"productivity or territory is insufficient [CokeOven:candidate=True;constructible=True;affordable=False;available=False;owned=2;upgradeTo=IndustrialCarbonizationRetort;research=SteamPower|Coking;workshop=;productivity=1352.8;territory=1863]"
2274180,2274180,Conservative,"Building","Waiting","",1,"productivity or territory is insufficient [CokeOven:candidate=True;constructible=True;affordable=False;available=False;owned=2;upgradeTo=IndustrialCarbonizationRetort;research=SteamPower|Coking;workshop=;productivity=1164.04;territory=1863]"
2274780,2274780,Conservative,"Building","Waiting","",1,"productivity or territory is insufficient [CokeOven:candidate=True;constructible=True;affordable=False;available=False;owned=2;upgradeTo=IndustrialCarbonizationRetort;research=SteamPower|Coking;workshop=;productivity=1003.88;territory=1863]"
2275380,2275380,Conservative,"Building","Waiting","",1,"productivity or territory is insufficient [CokeOven:candidate=True;constructible=True;affordable=False;available=False;owned=2;upgradeTo=IndustrialCarbonizationRetort;research=SteamPower|Coking;workshop=;productivity=869.46;territory=1863]"
2275980,2275980,Conservative,"Building","Waiting","",1,"productivity or territory is insufficient [CokeOven:candidate=True;constructible=True;affordable=False;available=False;owned=2;upgradeTo=IndustrialCarbonizationRetort;research=SteamPower|Coking;workshop=;productivity=760.78;territory=1863]"
2276580,2276580,Conservative,"Building","Waiting","",1,"productivity or territory is insufficient [CokeOven:candidate=True;constructible=True;affordable=False;available=False;owned=2;upgradeTo=IndustrialCarbonizationRetort;research=SteamPower|Coking;workshop=;productivity=666.4;territory=1863]"
2277180,2277180,Conservative,"Building","Waiting","",1,"productivity or territory is insufficient [CokeOven:candidate=True;constructible=True;affordable=False;available=False;owned=2;upgradeTo=IndustrialCarbonizationRetort;research=SteamPower|Coking;workshop=;productivity=589.18;territory=1863]"
2277780,2277780,Conservative,"Building","Waiting","",1,"productivity or territory is insufficient [CokeOven:candidate=True;constructible=True;affordable=False;available=False;owned=2;upgradeTo=IndustrialCarbonizationRetort;research=SteamPower|Coking;workshop=;productivity=526.26;territory=1863]"
2278380,2278380,Conservative,"Building","Waiting","",1,"productivity or territory is insufficient [CokeOven:candidate=True;constructible=True;affordable=False;available=False;owned=2;upgradeTo=IndustrialCarbonizationRetort;research=SteamPower|Coking;workshop=;productivity=471.92;territory=1863]"
2278980,2278980,Conservative,"Building","Waiting","",1,"productivity or territory is insufficient [CokeOven:candidate=True;constructible=True;affordable=False;available=False;owned=2;upgradeTo=IndustrialCarbonizationRetort;research=SteamPower|Coking;workshop=;productivity=429.02;territory=1863]"
2279580,2279580,Conservative,"Building","Waiting","",1,"productivity or territory is insufficient [CokeOven:candidate=True;constructible=True;affordable=False;available=False;owned=2;upgradeTo=IndustrialCarbonizationRetort;research=SteamPower|Coking;workshop=;productivity=391.84;territory=1863]"
2280180,2280180,Conservative,"Building","Waiting","",1,"productivity or territory is insufficient [CokeOven:candidate=True;constructible=True;affordable=False;available=False;owned=2;upgradeTo=IndustrialCarbonizationRetort;research=SteamPower|Coking;workshop=;productivity=360.38;territory=1863]"
2280780,2280780,Conservative,"Building","Waiting","",1,"productivity or territory is insufficient [CokeOven:candidate=True;constructible=True;affordable=False;available=False;owned=2;upgradeTo=IndustrialCarbonizationRetort;research=SteamPower|Coking;workshop=;productivity=334.64;territory=1863]"
2281380,2281380,Conservative,"Building","Waiting","",1,"productivity or territory is insufficient [CokeOven:candidate=True;constructible=True;affordable=False;available=False;owned=2;upgradeTo=IndustrialCarbonizationRetort;research=SteamPower|Coking;workshop=;productivity=311.76;territory=1863]"
2281980,2281980,Conservative,"Building","Waiting","",1,"productivity or territory is insufficient [CokeOven:candidate=True;constructible=True;affordable=False;available=False;owned=2;upgradeTo=IndustrialCarbonizationRetort;research=SteamPower|Coking;workshop=;productivity=294.6;territory=1863]"
2282580,2282580,Conservative,"Building","Waiting","",1,"productivity or territory is insufficient [CokeOven:candidate=True;constructible=True;affordable=False;available=False;owned=2;upgradeTo=IndustrialCarbonizationRetort;research=SteamPower|Coking;workshop=;productivity=280.3;territory=1863]"
2283180,2283180,Conservative,"Building","Waiting","",1,"productivity or territory is insufficient [CokeOven:candidate=True;constructible=True;affordable=False;available=False;owned=2;upgradeTo=IndustrialCarbonizationRetort;research=SteamPower|Coking;workshop=;productivity=266;territory=1863]"
2283780,2283780,Conservative,"Building","Waiting","",1,"productivity or territory is insufficient [CokeOven:candidate=True;constructible=True;affordable=False;available=False;owned=2;upgradeTo=IndustrialCarbonizationRetort;research=SteamPower|Coking;workshop=;productivity=257.42;territory=1863]"
2284380,2284380,Conservative,"Building","Waiting","",1,"productivity or territory is insufficient [CokeOven:candidate=True;constructible=True;affordable=False;available=False;owned=2;upgradeTo=IndustrialCarbonizationRetort;research=SteamPower|Coking;workshop=;productivity=248.84;territory=1863]"
2284980,2284980,Conservative,"Building","Waiting","",1,"productivity or territory is insufficient [CokeOven:candidate=True;constructible=True;affordable=False;available=False;owned=2;upgradeTo=IndustrialCarbonizationRetort;research=SteamPower|Coking;workshop=;productivity=240.26;territory=1863]"
2285580,2285580,Conservative,"Building","Waiting","",1,"productivity or territory is insufficient [CokeOven:candidate=True;constructible=True;affordable=False;available=False;owned=2;upgradeTo=IndustrialCarbonizationRetort;research=SteamPower|Coking;workshop=;productivity=234.54;territory=1863]"
2286180,2286180,Conservative,"Building","Waiting","",1,"productivity or territory is insufficient [CokeOven:candidate=True;constructible=True;affordable=False;available=False;owned=2;upgradeTo=IndustrialCarbonizationRetort;research=SteamPower|Coking;workshop=;productivity=231.68;territory=1863]"
2286780,2286780,Conservative,"Building","Waiting","",1,"productivity or territory is insufficient [CokeOven:candidate=True;constructible=True;affordable=False;available=False;owned=2;upgradeTo=IndustrialCarbonizationRetort;research=SteamPower|Coking;workshop=;productivity=225.96;territory=1863]"
2287380,2287380,Conservative,"Building","Waiting","",1,"productivity or territory is insufficient [CokeOven:candidate=True;constructible=True;affordable=False;available=False;owned=2;upgradeTo=IndustrialCarbonizationRetort;research=SteamPower|Coking;workshop=;productivity=223.1;territory=1863]"
2287980,2287980,Conservative,"Building","Waiting","",1,"productivity or territory is insufficient [CokeOven:candidate=True;constructible=True;affordable=False;available=False;owned=2;upgradeTo=IndustrialCarbonizationRetort;research=SteamPower|Coking;workshop=;productivity=220.24;territory=1863]"
2288580,2288580,Conservative,"Building","Waiting","",1,"productivity or territory is insufficient [CokeOven:candidate=True;constructible=True;affordable=False;available=False;owned=2;upgradeTo=IndustrialCarbonizationRetort;research=SteamPower|Coking;workshop=;productivity=217.38;territory=1863]"
2289180,2289780,Conservative,"Building","Waiting","",2,"productivity or territory is insufficient [CokeOven:candidate=True;constructible=True;affordable=False;available=False;owned=2;upgradeTo=IndustrialCarbonizationRetort;research=SteamPower|Coking;workshop=;productivity=214.52;territory=1863]"
2290380,2290980,Conservative,"Building","Waiting","",2,"productivity or territory is insufficient [CokeOven:candidate=True;constructible=True;affordable=False;available=False;owned=2;upgradeTo=IndustrialCarbonizationRetort;research=SteamPower|Coking;workshop=;productivity=211.66;territory=1863]"
2291580,2293980,Conservative,"Building","Waiting","",5,"productivity or territory is insufficient [CokeOven:candidate=True;constructible=True;affordable=False;available=False;owned=2;upgradeTo=IndustrialCarbonizationRetort;research=SteamPower|Coking;workshop=;productivity=208.8;territory=1863]"
2294580,2305980,Conservative,"Building","Waiting","",20,"productivity or territory is insufficient [CokeOven:candidate=True;constructible=True;affordable=False;available=False;owned=2;upgradeTo=IndustrialCarbonizationRetort;research=SteamPower|Coking;workshop=;productivity=205.94;territory=1863]"
2306580,2306580,Conservative,"Building","Waiting","",1,"productivity or territory is insufficient [CokeOven:candidate=True;constructible=True;affordable=False;available=False;owned=2;upgradeTo=IndustrialCarbonizationRetort;research=SteamPower|Coking;workshop=;productivity=203.08;territory=1863]"
2307180,2307180,Conservative,"Building","Waiting","",1,"productivity or territory is insufficient [CokeOven:candidate=True;constructible=True;affordable=False;available=False;owned=2;upgradeTo=IndustrialCarbonizationRetort;research=SteamPower|Coking;workshop=;productivity=1352.8;territory=1863]"
2307780,2307780,Conservative,"Building","Waiting","",1,"productivity or territory is insufficient [CokeOven:candidate=True;constructible=True;affordable=False;available=False;owned=2;upgradeTo=IndustrialCarbonizationRetort;research=SteamPower|Coking;workshop=;productivity=1164.04;territory=1863]"
2308380,2308380,Conservative,"Building","Waiting","",1,"productivity or territory is insufficient [CokeOven:candidate=True;constructible=True;affordable=False;available=False;owned=2;upgradeTo=IndustrialCarbonizationRetort;research=SteamPower|Coking;workshop=;productivity=1003.88;territory=1863]"
2308980,2308980,Conservative,"Building","Waiting","",1,"productivity or territory is insufficient [CokeOven:candidate=True;constructible=True;affordable=False;available=False;owned=2;upgradeTo=IndustrialCarbonizationRetort;research=SteamPower|Coking;workshop=;productivity=869.46;territory=1863]"
2309580,2309580,Conservative,"Building","Waiting","",1,"productivity or territory is insufficient [CokeOven:candidate=True;constructible=True;affordable=False;available=False;owned=2;upgradeTo=IndustrialCarbonizationRetort;research=SteamPower|Coking;workshop=;productivity=760.78;territory=1863]"
2310180,2310180,Conservative,"Building","Waiting","",1,"productivity or territory is insufficient [CokeOven:candidate=True;constructible=True;affordable=False;available=False;owned=2;upgradeTo=IndustrialCarbonizationRetort;research=SteamPower|Coking;workshop=;productivity=666.4;territory=1863]"
2310780,2310780,Conservative,"Building","Waiting","",1,"productivity or territory is insufficient [CokeOven:candidate=True;constructible=True;affordable=False;available=False;owned=2;upgradeTo=IndustrialCarbonizationRetort;research=SteamPower|Coking;workshop=;productivity=589.18;territory=1863]"
2311380,2311380,Conservative,"Building","Waiting","",1,"productivity or territory is insufficient [CokeOven:candidate=True;constructible=True;affordable=False;available=False;owned=2;upgradeTo=IndustrialCarbonizationRetort;research=SteamPower|Coking;workshop=;productivity=526.26;territory=1863]"
2311980,2311980,Conservative,"Building","Waiting","",1,"productivity or territory is insufficient [CokeOven:candidate=True;constructible=True;affordable=False;available=False;owned=2;upgradeTo=IndustrialCarbonizationRetort;research=SteamPower|Coking;workshop=;productivity=471.92;territory=1863]"
2312580,2312580,Conservative,"Building","Waiting","",1,"productivity or territory is insufficient [CokeOven:candidate=True;constructible=True;affordable=False;available=False;owned=2;upgradeTo=IndustrialCarbonizationRetort;research=SteamPower|Coking;workshop=;productivity=429.02;territory=1863]"
2313180,2313180,Conservative,"Building","Waiting","",1,"productivity or territory is insufficient [CokeOven:candidate=True;constructible=True;affordable=False;available=False;owned=2;upgradeTo=IndustrialCarbonizationRetort;research=SteamPower|Coking;workshop=;productivity=391.84;territory=1863]"
2313780,2313780,Conservative,"Building","Waiting","",1,"productivity or territory is insufficient [CokeOven:candidate=True;constructible=True;affordable=False;available=False;owned=2;upgradeTo=IndustrialCarbonizationRetort;research=SteamPower|Coking;workshop=;productivity=360.38;territory=1863]"
2314380,2314380,Conservative,"Building","Waiting","",1,"productivity or territory is insufficient [CokeOven:candidate=True;constructible=True;affordable=False;available=False;owned=2;upgradeTo=IndustrialCarbonizationRetort;research=SteamPower|Coking;workshop=;productivity=334.64;territory=1863]"
2314980,2314980,Conservative,"Building","Waiting","",1,"productivity or territory is insufficient [CokeOven:candidate=True;constructible=True;affordable=False;available=False;owned=2;upgradeTo=IndustrialCarbonizationRetort;research=SteamPower|Coking;workshop=;productivity=311.76;territory=1863]"
2315580,2315580,Conservative,"Building","Waiting","",1,"productivity or territory is insufficient [CokeOven:candidate=True;constructible=True;affordable=False;available=False;owned=2;upgradeTo=IndustrialCarbonizationRetort;research=SteamPower|Coking;workshop=;productivity=294.6;territory=1863]"
2316180,2316180,Conservative,"Building","Waiting","",1,"productivity or territory is insufficient [CokeOven:candidate=True;constructible=True;affordable=False;available=False;owned=2;upgradeTo=IndustrialCarbonizationRetort;research=SteamPower|Coking;workshop=;productivity=280.3;territory=1863]"
2316780,2316780,Conservative,"Building","Waiting","",1,"productivity or territory is insufficient [CokeOven:candidate=True;constructible=True;affordable=False;available=False;owned=2;upgradeTo=IndustrialCarbonizationRetort;research=SteamPower|Coking;workshop=;productivity=266;territory=1863]"
2317380,2317380,Conservative,"Building","Waiting","",1,"productivity or territory is insufficient [CokeOven:candidate=True;constructible=True;affordable=False;available=False;owned=2;upgradeTo=IndustrialCarbonizationRetort;research=SteamPower|Coking;workshop=;productivity=257.42;territory=1863]"
2317980,2317980,Conservative,"Building","Waiting","",1,"productivity or territory is insufficient [CokeOven:candidate=True;constructible=True;affordable=False;available=False;owned=2;upgradeTo=IndustrialCarbonizationRetort;research=SteamPower|Coking;workshop=;productivity=248.84;territory=1863]"
2318580,2318580,Conservative,"Building","Waiting","",1,"productivity or territory is insufficient [CokeOven:candidate=True;constructible=True;affordable=False;available=False;owned=2;upgradeTo=IndustrialCarbonizationRetort;research=SteamPower|Coking;workshop=;productivity=240.26;territory=1863]"
2319180,2319180,Conservative,"Building","Waiting","",1,"productivity or territory is insufficient [CokeOven:candidate=True;constructible=True;affordable=False;available=False;owned=2;upgradeTo=IndustrialCarbonizationRetort;research=SteamPower|Coking;workshop=;productivity=234.54;territory=1863]"
2319780,2319780,Conservative,"Building","Waiting","",1,"productivity or territory is insufficient [CokeOven:candidate=True;constructible=True;affordable=False;available=False;owned=2;upgradeTo=IndustrialCarbonizationRetort;research=SteamPower|Coking;workshop=;productivity=231.68;territory=1863]"
2320380,2320380,Conservative,"Building","Waiting","",1,"productivity or territory is insufficient [CokeOven:candidate=True;constructible=True;affordable=False;available=False;owned=2;upgradeTo=IndustrialCarbonizationRetort;research=SteamPower|Coking;workshop=;productivity=225.96;territory=1863]"
2320980,2320980,Conservative,"Building","Waiting","",1,"productivity or territory is insufficient [CokeOven:candidate=True;constructible=True;affordable=False;available=False;owned=2;upgradeTo=IndustrialCarbonizationRetort;research=SteamPower|Coking;workshop=;productivity=223.1;territory=1863]"
2321580,2321580,Conservative,"Building","Waiting","",1,"productivity or territory is insufficient [CokeOven:candidate=True;constructible=True;affordable=False;available=False;owned=2;upgradeTo=IndustrialCarbonizationRetort;research=SteamPower|Coking;workshop=;productivity=220.24;territory=1863]"
2322180,2322180,Conservative,"Building","Waiting","",1,"productivity or territory is insufficient [CokeOven:candidate=True;constructible=True;affordable=False;available=False;owned=2;upgradeTo=IndustrialCarbonizationRetort;research=SteamPower|Coking;workshop=;productivity=217.38;territory=1863]"
2322780,2323380,Conservative,"Building","Waiting","",2,"productivity or territory is insufficient [CokeOven:candidate=True;constructible=True;affordable=False;available=False;owned=2;upgradeTo=IndustrialCarbonizationRetort;research=SteamPower|Coking;workshop=;productivity=214.52;territory=1863]"
2323980,2324580,Conservative,"Building","Waiting","",2,"productivity or territory is insufficient [CokeOven:candidate=True;constructible=True;affordable=False;available=False;owned=2;upgradeTo=IndustrialCarbonizationRetort;research=SteamPower|Coking;workshop=;productivity=211.66;territory=1863]"
2325180,2327580,Conservative,"Building","Waiting","",5,"productivity or territory is insufficient [CokeOven:candidate=True;constructible=True;affordable=False;available=False;owned=2;upgradeTo=IndustrialCarbonizationRetort;research=SteamPower|Coking;workshop=;productivity=208.8;territory=1863]"
2328180,2339580,Conservative,"Building","Waiting","",20,"productivity or territory is insufficient [CokeOven:candidate=True;constructible=True;affordable=False;available=False;owned=2;upgradeTo=IndustrialCarbonizationRetort;research=SteamPower|Coking;workshop=;productivity=205.94;territory=1863]"
2340180,2340180,Conservative,"Building","Waiting","",1,"productivity or territory is insufficient [CokeOven:candidate=True;constructible=True;affordable=False;available=False;owned=2;upgradeTo=IndustrialCarbonizationRetort;research=SteamPower|Coking;workshop=;productivity=203.08;territory=1863]"
2340780,2340780,Conservative,"Building","Waiting","",1,"productivity or territory is insufficient [CokeOven:candidate=True;constructible=True;affordable=False;available=False;owned=2;upgradeTo=IndustrialCarbonizationRetort;research=SteamPower|Coking;workshop=;productivity=1352.8;territory=1863]"
2341380,2341380,Conservative,"Building","Waiting","",1,"productivity or territory is insufficient [CokeOven:candidate=True;constructible=True;affordable=False;available=False;owned=2;upgradeTo=IndustrialCarbonizationRetort;research=SteamPower|Coking;workshop=;productivity=1164.04;territory=1863]"
2341980,2341980,Conservative,"Building","Waiting","",1,"productivity or territory is insufficient [CokeOven:candidate=True;constructible=True;affordable=False;available=False;owned=2;upgradeTo=IndustrialCarbonizationRetort;research=SteamPower|Coking;workshop=;productivity=1003.88;territory=1863]"
2342580,2342580,Conservative,"Building","Waiting","",1,"productivity or territory is insufficient [CokeOven:candidate=True;constructible=True;affordable=False;available=False;owned=2;upgradeTo=IndustrialCarbonizationRetort;research=SteamPower|Coking;workshop=;productivity=869.46;territory=1863]"
2343180,2343180,Conservative,"Building","Waiting","",1,"productivity or territory is insufficient [CokeOven:candidate=True;constructible=True;affordable=False;available=False;owned=2;upgradeTo=IndustrialCarbonizationRetort;research=SteamPower|Coking;workshop=;productivity=760.78;territory=1863]"
2343780,2343780,Conservative,"Building","Waiting","",1,"productivity or territory is insufficient [CokeOven:candidate=True;constructible=True;affordable=False;available=False;owned=2;upgradeTo=IndustrialCarbonizationRetort;research=SteamPower|Coking;workshop=;productivity=666.4;territory=1863]"
2344380,2344380,Conservative,"Building","Waiting","",1,"productivity or territory is insufficient [CokeOven:candidate=True;constructible=True;affordable=False;available=False;owned=2;upgradeTo=IndustrialCarbonizationRetort;research=SteamPower|Coking;workshop=;productivity=589.18;territory=1863]"
2344980,2344980,Conservative,"Building","Waiting","",1,"productivity or territory is insufficient [CokeOven:candidate=True;constructible=True;affordable=False;available=False;owned=2;upgradeTo=IndustrialCarbonizationRetort;research=SteamPower|Coking;workshop=;productivity=526.26;territory=1863]"
2345580,2345580,Conservative,"Building","Waiting","",1,"productivity or territory is insufficient [CokeOven:candidate=True;constructible=True;affordable=False;available=False;owned=2;upgradeTo=IndustrialCarbonizationRetort;research=SteamPower|Coking;workshop=;productivity=471.92;territory=1863]"
2346180,2346180,Conservative,"Building","Waiting","",1,"productivity or territory is insufficient [CokeOven:candidate=True;constructible=True;affordable=False;available=False;owned=2;upgradeTo=IndustrialCarbonizationRetort;research=SteamPower|Coking;workshop=;productivity=429.02;territory=1863]"
2346780,2346780,Conservative,"Building","Waiting","",1,"productivity or territory is insufficient [CokeOven:candidate=True;constructible=True;affordable=False;available=False;owned=2;upgradeTo=IndustrialCarbonizationRetort;research=SteamPower|Coking;workshop=;productivity=391.84;territory=1863]"
2347380,2347380,Conservative,"Building","Waiting","",1,"productivity or territory is insufficient [CokeOven:candidate=True;constructible=True;affordable=False;available=False;owned=2;upgradeTo=IndustrialCarbonizationRetort;research=SteamPower|Coking;workshop=;productivity=360.38;territory=1863]"
2347980,2347980,Conservative,"Building","Waiting","",1,"productivity or territory is insufficient [CokeOven:candidate=True;constructible=True;affordable=False;available=False;owned=2;upgradeTo=IndustrialCarbonizationRetort;research=SteamPower|Coking;workshop=;productivity=334.64;territory=1863]"
2348580,2348580,Conservative,"Building","Waiting","",1,"productivity or territory is insufficient [CokeOven:candidate=True;constructible=True;affordable=False;available=False;owned=2;upgradeTo=IndustrialCarbonizationRetort;research=SteamPower|Coking;workshop=;productivity=311.76;territory=1863]"
2349180,2349180,Conservative,"Building","Waiting","",1,"productivity or territory is insufficient [CokeOven:candidate=True;constructible=True;affordable=False;available=False;owned=2;upgradeTo=IndustrialCarbonizationRetort;research=SteamPower|Coking;workshop=;productivity=294.6;territory=1863]"
2349780,2349780,Conservative,"Building","Waiting","",1,"productivity or territory is insufficient [CokeOven:candidate=True;constructible=True;affordable=False;available=False;owned=2;upgradeTo=IndustrialCarbonizationRetort;research=SteamPower|Coking;workshop=;productivity=280.3;territory=1863]"
2350380,2350380,Conservative,"Building","Waiting","",1,"productivity or territory is insufficient [CokeOven:candidate=True;constructible=True;affordable=False;available=False;owned=2;upgradeTo=IndustrialCarbonizationRetort;research=SteamPower|Coking;workshop=;productivity=266;territory=1863]"
2350980,2350980,Conservative,"Building","Waiting","",1,"productivity or territory is insufficient [CokeOven:candidate=True;constructible=True;affordable=False;available=False;owned=2;upgradeTo=IndustrialCarbonizationRetort;research=SteamPower|Coking;workshop=;productivity=257.42;territory=1863]"
2351580,2351580,Conservative,"Building","Waiting","",1,"productivity or territory is insufficient [CokeOven:candidate=True;constructible=True;affordable=False;available=False;owned=2;upgradeTo=IndustrialCarbonizationRetort;research=SteamPower|Coking;workshop=;productivity=248.84;territory=1863]"
2352180,2352180,Conservative,"Building","Waiting","",1,"productivity or territory is insufficient [CokeOven:candidate=True;constructible=True;affordable=False;available=False;owned=2;upgradeTo=IndustrialCarbonizationRetort;research=SteamPower|Coking;workshop=;productivity=240.26;territory=1863]"
2352780,2352780,Conservative,"Building","Waiting","",1,"productivity or territory is insufficient [CokeOven:candidate=True;constructible=True;affordable=False;available=False;owned=2;upgradeTo=IndustrialCarbonizationRetort;research=SteamPower|Coking;workshop=;productivity=234.54;territory=1863]"
2353380,2353380,Conservative,"Building","Waiting","",1,"productivity or territory is insufficient [CokeOven:candidate=True;constructible=True;affordable=False;available=False;owned=2;upgradeTo=IndustrialCarbonizationRetort;research=SteamPower|Coking;workshop=;productivity=231.68;territory=1863]"
2353980,2353980,Conservative,"Building","Waiting","",1,"productivity or territory is insufficient [CokeOven:candidate=True;constructible=True;affordable=False;available=False;owned=2;upgradeTo=IndustrialCarbonizationRetort;research=SteamPower|Coking;workshop=;productivity=225.96;territory=1863]"
2354580,2354580,Conservative,"Building","Waiting","",1,"productivity or territory is insufficient [CokeOven:candidate=True;constructible=True;affordable=False;available=False;owned=2;upgradeTo=IndustrialCarbonizationRetort;research=SteamPower|Coking;workshop=;productivity=223.1;territory=1863]"
2355180,2355180,Conservative,"Building","Waiting","",1,"productivity or territory is insufficient [CokeOven:candidate=True;constructible=True;affordable=False;available=False;owned=2;upgradeTo=IndustrialCarbonizationRetort;research=SteamPower|Coking;workshop=;productivity=220.24;territory=1863]"
2355780,2355780,Conservative,"Building","Waiting","",1,"productivity or territory is insufficient [CokeOven:candidate=True;constructible=True;affordable=False;available=False;owned=2;upgradeTo=IndustrialCarbonizationRetort;research=SteamPower|Coking;workshop=;productivity=217.38;territory=1863]"
2356380,2356980,Conservative,"Building","Waiting","",2,"productivity or territory is insufficient [CokeOven:candidate=True;constructible=True;affordable=False;available=False;owned=2;upgradeTo=IndustrialCarbonizationRetort;research=SteamPower|Coking;workshop=;productivity=214.52;territory=1863]"
2357580,2358180,Conservative,"Building","Waiting","",2,"productivity or territory is insufficient [CokeOven:candidate=True;constructible=True;affordable=False;available=False;owned=2;upgradeTo=IndustrialCarbonizationRetort;research=SteamPower|Coking;workshop=;productivity=211.66;territory=1863]"
2358780,2361180,Conservative,"Building","Waiting","",5,"productivity or territory is insufficient [CokeOven:candidate=True;constructible=True;affordable=False;available=False;owned=2;upgradeTo=IndustrialCarbonizationRetort;research=SteamPower|Coking;workshop=;productivity=208.8;territory=1863]"
2361780,2373180,Conservative,"Building","Waiting","",20,"productivity or territory is insufficient [CokeOven:candidate=True;constructible=True;affordable=False;available=False;owned=2;upgradeTo=IndustrialCarbonizationRetort;research=SteamPower|Coking;workshop=;productivity=205.94;territory=1863]"
2373780,2373780,Conservative,"Building","Waiting","",1,"productivity or territory is insufficient [CokeOven:candidate=True;constructible=True;affordable=False;available=False;owned=2;upgradeTo=IndustrialCarbonizationRetort;research=SteamPower|Coking;workshop=;productivity=203.08;territory=1863]"
2374380,2374380,Conservative,"Building","Waiting","",1,"productivity or territory is insufficient [CokeOven:candidate=True;constructible=True;affordable=False;available=False;owned=2;upgradeTo=IndustrialCarbonizationRetort;research=SteamPower|Coking;workshop=;productivity=1352.8;territory=1863]"
2374980,2374980,Conservative,"Building","Waiting","",1,"productivity or territory is insufficient [CokeOven:candidate=True;constructible=True;affordable=False;available=False;owned=2;upgradeTo=IndustrialCarbonizationRetort;research=SteamPower|Coking;workshop=;productivity=1164.04;territory=1863]"
2375580,2375580,Conservative,"Building","Waiting","",1,"productivity or territory is insufficient [CokeOven:candidate=True;constructible=True;affordable=False;available=False;owned=2;upgradeTo=IndustrialCarbonizationRetort;research=SteamPower|Coking;workshop=;productivity=1003.88;territory=1863]"
2376180,2376180,Conservative,"Building","Waiting","",1,"productivity or territory is insufficient [CokeOven:candidate=True;constructible=True;affordable=False;available=False;owned=2;upgradeTo=IndustrialCarbonizationRetort;research=SteamPower|Coking;workshop=;productivity=869.46;territory=1863]"
2376780,2376780,Conservative,"Building","Waiting","",1,"productivity or territory is insufficient [CokeOven:candidate=True;constructible=True;affordable=False;available=False;owned=2;upgradeTo=IndustrialCarbonizationRetort;research=SteamPower|Coking;workshop=;productivity=760.78;territory=1863]"
2377380,2377380,Conservative,"Building","Waiting","",1,"productivity or territory is insufficient [CokeOven:candidate=True;constructible=True;affordable=False;available=False;owned=2;upgradeTo=IndustrialCarbonizationRetort;research=SteamPower|Coking;workshop=;productivity=666.4;territory=1863]"
2377980,2377980,Conservative,"Building","Waiting","",1,"productivity or territory is insufficient [CokeOven:candidate=True;constructible=True;affordable=False;available=False;owned=2;upgradeTo=IndustrialCarbonizationRetort;research=SteamPower|Coking;workshop=;productivity=589.18;territory=1863]"
2378580,2378580,Conservative,"Building","Waiting","",1,"productivity or territory is insufficient [CokeOven:candidate=True;constructible=True;affordable=False;available=False;owned=2;upgradeTo=IndustrialCarbonizationRetort;research=SteamPower|Coking;workshop=;productivity=526.26;territory=1863]"
2379180,2379180,Conservative,"Building","Waiting","",1,"productivity or territory is insufficient [CokeOven:candidate=True;constructible=True;affordable=False;available=False;owned=2;upgradeTo=IndustrialCarbonizationRetort;research=SteamPower|Coking;workshop=;productivity=471.92;territory=1863]"
2379780,2379780,Conservative,"Building","Waiting","",1,"productivity or territory is insufficient [CokeOven:candidate=True;constructible=True;affordable=False;available=False;owned=2;upgradeTo=IndustrialCarbonizationRetort;research=SteamPower|Coking;workshop=;productivity=429.02;territory=1863]"
2380380,2380380,Conservative,"Building","Waiting","",1,"productivity or territory is insufficient [CokeOven:candidate=True;constructible=True;affordable=False;available=False;owned=2;upgradeTo=IndustrialCarbonizationRetort;research=SteamPower|Coking;workshop=;productivity=391.84;territory=1863]"
2380980,2380980,Conservative,"Building","Waiting","",1,"productivity or territory is insufficient [CokeOven:candidate=True;constructible=True;affordable=False;available=False;owned=2;upgradeTo=IndustrialCarbonizationRetort;research=SteamPower|Coking;workshop=;productivity=360.38;territory=1863]"
2381580,2381580,Conservative,"Building","Waiting","",1,"productivity or territory is insufficient [CokeOven:candidate=True;constructible=True;affordable=False;available=False;owned=2;upgradeTo=IndustrialCarbonizationRetort;research=SteamPower|Coking;workshop=;productivity=334.64;territory=1863]"
2382180,2382180,Conservative,"Building","Waiting","",1,"productivity or territory is insufficient [CokeOven:candidate=True;constructible=True;affordable=False;available=False;owned=2;upgradeTo=IndustrialCarbonizationRetort;research=SteamPower|Coking;workshop=;productivity=311.76;territory=1863]"
2382780,2382780,Conservative,"Building","Waiting","",1,"productivity or territory is insufficient [CokeOven:candidate=True;constructible=True;affordable=False;available=False;owned=2;upgradeTo=IndustrialCarbonizationRetort;research=SteamPower|Coking;workshop=;productivity=294.6;territory=1863]"
2383380,2383380,Conservative,"Building","Waiting","",1,"productivity or territory is insufficient [CokeOven:candidate=True;constructible=True;affordable=False;available=False;owned=2;upgradeTo=IndustrialCarbonizationRetort;research=SteamPower|Coking;workshop=;productivity=280.3;territory=1863]"
2383980,2383980,Conservative,"Building","Waiting","",1,"productivity or territory is insufficient [CokeOven:candidate=True;constructible=True;affordable=False;available=False;owned=2;upgradeTo=IndustrialCarbonizationRetort;research=SteamPower|Coking;workshop=;productivity=266;territory=1863]"
2384580,2384580,Conservative,"Building","Waiting","",1,"productivity or territory is insufficient [CokeOven:candidate=True;constructible=True;affordable=False;available=False;owned=2;upgradeTo=IndustrialCarbonizationRetort;research=SteamPower|Coking;workshop=;productivity=257.42;territory=1863]"
2385180,2385180,Conservative,"Building","Waiting","",1,"productivity or territory is insufficient [CokeOven:candidate=True;constructible=True;affordable=False;available=False;owned=2;upgradeTo=IndustrialCarbonizationRetort;research=SteamPower|Coking;workshop=;productivity=248.84;territory=1863]"
2385780,2385780,Conservative,"Building","Waiting","",1,"productivity or territory is insufficient [CokeOven:candidate=True;constructible=True;affordable=False;available=False;owned=2;upgradeTo=IndustrialCarbonizationRetort;research=SteamPower|Coking;workshop=;productivity=240.26;territory=1863]"
2386380,2386380,Conservative,"Building","Waiting","",1,"productivity or territory is insufficient [CokeOven:candidate=True;constructible=True;affordable=False;available=False;owned=2;upgradeTo=IndustrialCarbonizationRetort;research=SteamPower|Coking;workshop=;productivity=234.54;territory=1863]"
2386980,2386980,Conservative,"Building","Waiting","",1,"productivity or territory is insufficient [CokeOven:candidate=True;constructible=True;affordable=False;available=False;owned=2;upgradeTo=IndustrialCarbonizationRetort;research=SteamPower|Coking;workshop=;productivity=231.68;territory=1863]"
2387580,2387580,Conservative,"Building","Waiting","",1,"productivity or territory is insufficient [CokeOven:candidate=True;constructible=True;affordable=False;available=False;owned=2;upgradeTo=IndustrialCarbonizationRetort;research=SteamPower|Coking;workshop=;productivity=225.96;territory=1863]"
2388180,2388180,Conservative,"Building","Waiting","",1,"productivity or territory is insufficient [CokeOven:candidate=True;constructible=True;affordable=False;available=False;owned=2;upgradeTo=IndustrialCarbonizationRetort;research=SteamPower|Coking;workshop=;productivity=223.1;territory=1863]"
2388780,2388780,Conservative,"Building","Waiting","",1,"productivity or territory is insufficient [CokeOven:candidate=True;constructible=True;affordable=False;available=False;owned=2;upgradeTo=IndustrialCarbonizationRetort;research=SteamPower|Coking;workshop=;productivity=220.24;territory=1863]"
2389380,2389380,Conservative,"Building","Waiting","",1,"productivity or territory is insufficient [CokeOven:candidate=True;constructible=True;affordable=False;available=False;owned=2;upgradeTo=IndustrialCarbonizationRetort;research=SteamPower|Coking;workshop=;productivity=217.38;territory=1863]"
2389980,2390580,Conservative,"Building","Waiting","",2,"productivity or territory is insufficient [CokeOven:candidate=True;constructible=True;affordable=False;available=False;owned=2;upgradeTo=IndustrialCarbonizationRetort;research=SteamPower|Coking;workshop=;productivity=214.52;territory=1863]"
2391180,2391780,Conservative,"Building","Waiting","",2,"productivity or territory is insufficient [CokeOven:candidate=True;constructible=True;affordable=False;available=False;owned=2;upgradeTo=IndustrialCarbonizationRetort;research=SteamPower|Coking;workshop=;productivity=211.66;territory=1863]"
2392380,2394780,Conservative,"Building","Waiting","",5,"productivity or territory is insufficient [CokeOven:candidate=True;constructible=True;affordable=False;available=False;owned=2;upgradeTo=IndustrialCarbonizationRetort;research=SteamPower|Coking;workshop=;productivity=208.8;territory=1863]"
2395380,2406780,Conservative,"Building","Waiting","",20,"productivity or territory is insufficient [CokeOven:candidate=True;constructible=True;affordable=False;available=False;owned=2;upgradeTo=IndustrialCarbonizationRetort;research=SteamPower|Coking;workshop=;productivity=205.94;territory=1863]"
2407380,2407380,Conservative,"Building","Waiting","",1,"productivity or territory is insufficient [CokeOven:candidate=True;constructible=True;affordable=False;available=False;owned=2;upgradeTo=IndustrialCarbonizationRetort;research=SteamPower|Coking;workshop=;productivity=203.08;territory=1863]"
2407980,2407980,Conservative,"Building","Waiting","",1,"productivity or territory is insufficient [CokeOven:candidate=True;constructible=True;affordable=False;available=False;owned=2;upgradeTo=IndustrialCarbonizationRetort;research=SteamPower|Coking;workshop=;productivity=1352.8;territory=1863]"
2408580,2408580,Conservative,"Building","Waiting","",1,"productivity or territory is insufficient [CokeOven:candidate=True;constructible=True;affordable=False;available=False;owned=2;upgradeTo=IndustrialCarbonizationRetort;research=SteamPower|Coking;workshop=;productivity=1164.04;territory=1863]"
2409180,2409180,Conservative,"Building","Waiting","",1,"productivity or territory is insufficient [CokeOven:candidate=True;constructible=True;affordable=False;available=False;owned=2;upgradeTo=IndustrialCarbonizationRetort;research=SteamPower|Coking;workshop=;productivity=1003.88;territory=1863]"
2409780,2409780,Conservative,"Building","Waiting","",1,"productivity or territory is insufficient [CokeOven:candidate=True;constructible=True;affordable=False;available=False;owned=2;upgradeTo=IndustrialCarbonizationRetort;research=SteamPower|Coking;workshop=;productivity=869.46;territory=1863]"
2410380,2410380,Conservative,"Building","Waiting","",1,"productivity or territory is insufficient [CokeOven:candidate=True;constructible=True;affordable=False;available=False;owned=2;upgradeTo=IndustrialCarbonizationRetort;research=SteamPower|Coking;workshop=;productivity=760.78;territory=1863]"
2410980,2410980,Conservative,"Building","Waiting","",1,"productivity or territory is insufficient [CokeOven:candidate=True;constructible=True;affordable=False;available=False;owned=2;upgradeTo=IndustrialCarbonizationRetort;research=SteamPower|Coking;workshop=;productivity=666.4;territory=1863]"
2411580,2411580,Conservative,"Building","Waiting","",1,"productivity or territory is insufficient [CokeOven:candidate=True;constructible=True;affordable=False;available=False;owned=2;upgradeTo=IndustrialCarbonizationRetort;research=SteamPower|Coking;workshop=;productivity=589.18;territory=1863]"
2412180,2412180,Conservative,"Building","Waiting","",1,"productivity or territory is insufficient [CokeOven:candidate=True;constructible=True;affordable=False;available=False;owned=2;upgradeTo=IndustrialCarbonizationRetort;research=SteamPower|Coking;workshop=;productivity=526.26;territory=1863]"
2412780,2412780,Conservative,"Building","Waiting","",1,"productivity or territory is insufficient [CokeOven:candidate=True;constructible=True;affordable=False;available=False;owned=2;upgradeTo=IndustrialCarbonizationRetort;research=SteamPower|Coking;workshop=;productivity=471.92;territory=1863]"
2413380,2413380,Conservative,"Building","Waiting","",1,"productivity or territory is insufficient [CokeOven:candidate=True;constructible=True;affordable=False;available=False;owned=2;upgradeTo=IndustrialCarbonizationRetort;research=SteamPower|Coking;workshop=;productivity=429.02;territory=1863]"
2413980,2413980,Conservative,"Building","Waiting","",1,"productivity or territory is insufficient [CokeOven:candidate=True;constructible=True;affordable=False;available=False;owned=2;upgradeTo=IndustrialCarbonizationRetort;research=SteamPower|Coking;workshop=;productivity=391.84;territory=1863]"
2414580,2414580,Conservative,"Building","Waiting","",1,"productivity or territory is insufficient [CokeOven:candidate=True;constructible=True;affordable=False;available=False;owned=2;upgradeTo=IndustrialCarbonizationRetort;research=SteamPower|Coking;workshop=;productivity=360.38;territory=1863]"
2415180,2415180,Conservative,"Building","Waiting","",1,"productivity or territory is insufficient [CokeOven:candidate=True;constructible=True;affordable=False;available=False;owned=2;upgradeTo=IndustrialCarbonizationRetort;research=SteamPower|Coking;workshop=;productivity=334.64;territory=1863]"
2415780,2415780,Conservative,"Building","Waiting","",1,"productivity or territory is insufficient [CokeOven:candidate=True;constructible=True;affordable=False;available=False;owned=2;upgradeTo=IndustrialCarbonizationRetort;research=SteamPower|Coking;workshop=;productivity=311.76;territory=1863]"
2416380,2416380,Conservative,"Building","Waiting","",1,"productivity or territory is insufficient [CokeOven:candidate=True;constructible=True;affordable=False;available=False;owned=2;upgradeTo=IndustrialCarbonizationRetort;research=SteamPower|Coking;workshop=;productivity=294.6;territory=1863]"
2416980,2416980,Conservative,"Building","Waiting","",1,"productivity or territory is insufficient [CokeOven:candidate=True;constructible=True;affordable=False;available=False;owned=2;upgradeTo=IndustrialCarbonizationRetort;research=SteamPower|Coking;workshop=;productivity=280.3;territory=1863]"
2417580,2417580,Conservative,"Building","Waiting","",1,"productivity or territory is insufficient [CokeOven:candidate=True;constructible=True;affordable=False;available=False;owned=2;upgradeTo=IndustrialCarbonizationRetort;research=SteamPower|Coking;workshop=;productivity=266;territory=1863]"
2418180,2418180,Conservative,"Building","Waiting","",1,"productivity or territory is insufficient [CokeOven:candidate=True;constructible=True;affordable=False;available=False;owned=2;upgradeTo=IndustrialCarbonizationRetort;research=SteamPower|Coking;workshop=;productivity=257.42;territory=1863]"
2418780,2418780,Conservative,"Building","Waiting","",1,"productivity or territory is insufficient [CokeOven:candidate=True;constructible=True;affordable=False;available=False;owned=2;upgradeTo=IndustrialCarbonizationRetort;research=SteamPower|Coking;workshop=;productivity=248.84;territory=1863]"
2419380,2419380,Conservative,"Building","Waiting","",1,"productivity or territory is insufficient [CokeOven:candidate=True;constructible=True;affordable=False;available=False;owned=2;upgradeTo=IndustrialCarbonizationRetort;research=SteamPower|Coking;workshop=;productivity=240.26;territory=1863]"
2419980,2419980,Conservative,"Building","Waiting","",1,"productivity or territory is insufficient [CokeOven:candidate=True;constructible=True;affordable=False;available=False;owned=2;upgradeTo=IndustrialCarbonizationRetort;research=SteamPower|Coking;workshop=;productivity=234.54;territory=1863]"
2420580,2420580,Conservative,"Building","Waiting","",1,"productivity or territory is insufficient [CokeOven:candidate=True;constructible=True;affordable=False;available=False;owned=2;upgradeTo=IndustrialCarbonizationRetort;research=SteamPower|Coking;workshop=;productivity=231.68;territory=1863]"
2421180,2421180,Conservative,"Building","Waiting","",1,"productivity or territory is insufficient [CokeOven:candidate=True;constructible=True;affordable=False;available=False;owned=2;upgradeTo=IndustrialCarbonizationRetort;research=SteamPower|Coking;workshop=;productivity=225.96;territory=1863]"
2421780,2421780,Conservative,"Building","Waiting","",1,"productivity or territory is insufficient [CokeOven:candidate=True;constructible=True;affordable=False;available=False;owned=2;upgradeTo=IndustrialCarbonizationRetort;research=SteamPower|Coking;workshop=;productivity=223.1;territory=1863]"
2422380,2422380,Conservative,"Building","Waiting","",1,"productivity or territory is insufficient [CokeOven:candidate=True;constructible=True;affordable=False;available=False;owned=2;upgradeTo=IndustrialCarbonizationRetort;research=SteamPower|Coking;workshop=;productivity=220.24;territory=1863]"
2422980,2422980,Conservative,"Building","Waiting","",1,"productivity or territory is insufficient [CokeOven:candidate=True;constructible=True;affordable=False;available=False;owned=2;upgradeTo=IndustrialCarbonizationRetort;research=SteamPower|Coking;workshop=;productivity=217.38;territory=1863]"
2423580,2424180,Conservative,"Building","Waiting","",2,"productivity or territory is insufficient [CokeOven:candidate=True;constructible=True;affordable=False;available=False;owned=2;upgradeTo=IndustrialCarbonizationRetort;research=SteamPower|Coking;workshop=;productivity=214.52;territory=1863]"
2424780,2425380,Conservative,"Building","Waiting","",2,"productivity or territory is insufficient [CokeOven:candidate=True;constructible=True;affordable=False;available=False;owned=2;upgradeTo=IndustrialCarbonizationRetort;research=SteamPower|Coking;workshop=;productivity=211.66;territory=1863]"
2425980,2428380,Conservative,"Building","Waiting","",5,"productivity or territory is insufficient [CokeOven:candidate=True;constructible=True;affordable=False;available=False;owned=2;upgradeTo=IndustrialCarbonizationRetort;research=SteamPower|Coking;workshop=;productivity=208.8;territory=1863]"
2428980,2440380,Conservative,"Building","Waiting","",20,"productivity or territory is insufficient [CokeOven:candidate=True;constructible=True;affordable=False;available=False;owned=2;upgradeTo=IndustrialCarbonizationRetort;research=SteamPower|Coking;workshop=;productivity=205.94;territory=1863]"
2440980,2440980,Conservative,"Building","Waiting","",1,"productivity or territory is insufficient [CokeOven:candidate=True;constructible=True;affordable=False;available=False;owned=2;upgradeTo=IndustrialCarbonizationRetort;research=SteamPower|Coking;workshop=;productivity=203.08;territory=1863]"
2441580,2441580,Conservative,"Building","Waiting","",1,"productivity or territory is insufficient [CokeOven:candidate=True;constructible=True;affordable=False;available=False;owned=2;upgradeTo=IndustrialCarbonizationRetort;research=SteamPower|Coking;workshop=;productivity=1352.8;territory=1863]"
2442180,2442180,Conservative,"Building","Waiting","",1,"productivity or territory is insufficient [CokeOven:candidate=True;constructible=True;affordable=False;available=False;owned=2;upgradeTo=IndustrialCarbonizationRetort;research=SteamPower|Coking;workshop=;productivity=1164.04;territory=1863]"
2442780,2442780,Conservative,"Building","Waiting","",1,"productivity or territory is insufficient [CokeOven:candidate=True;constructible=True;affordable=False;available=False;owned=2;upgradeTo=IndustrialCarbonizationRetort;research=SteamPower|Coking;workshop=;productivity=1003.88;territory=1863]"
2443380,2443380,Conservative,"Building","Waiting","",1,"productivity or territory is insufficient [CokeOven:candidate=True;constructible=True;affordable=False;available=False;owned=2;upgradeTo=IndustrialCarbonizationRetort;research=SteamPower|Coking;workshop=;productivity=869.46;territory=1863]"
2443980,2443980,Conservative,"Building","Waiting","",1,"productivity or territory is insufficient [CokeOven:candidate=True;constructible=True;affordable=False;available=False;owned=2;upgradeTo=IndustrialCarbonizationRetort;research=SteamPower|Coking;workshop=;productivity=760.78;territory=1863]"
2444580,2444580,Conservative,"Building","Waiting","",1,"productivity or territory is insufficient [CokeOven:candidate=True;constructible=True;affordable=False;available=False;owned=2;upgradeTo=IndustrialCarbonizationRetort;research=SteamPower|Coking;workshop=;productivity=666.4;territory=1863]"
2445180,2445180,Conservative,"Building","Waiting","",1,"productivity or territory is insufficient [CokeOven:candidate=True;constructible=True;affordable=False;available=False;owned=2;upgradeTo=IndustrialCarbonizationRetort;research=SteamPower|Coking;workshop=;productivity=589.18;territory=1863]"
2445780,2445780,Conservative,"Building","Waiting","",1,"productivity or territory is insufficient [CokeOven:candidate=True;constructible=True;affordable=False;available=False;owned=2;upgradeTo=IndustrialCarbonizationRetort;research=SteamPower|Coking;workshop=;productivity=526.26;territory=1863]"
2446380,2446380,Conservative,"Building","Waiting","",1,"productivity or territory is insufficient [CokeOven:candidate=True;constructible=True;affordable=False;available=False;owned=2;upgradeTo=IndustrialCarbonizationRetort;research=SteamPower|Coking;workshop=;productivity=471.92;territory=1863]"
2446980,2446980,Conservative,"Building","Waiting","",1,"productivity or territory is insufficient [CokeOven:candidate=True;constructible=True;affordable=False;available=False;owned=2;upgradeTo=IndustrialCarbonizationRetort;research=SteamPower|Coking;workshop=;productivity=429.02;territory=1863]"
2447580,2447580,Conservative,"Building","Waiting","",1,"productivity or territory is insufficient [CokeOven:candidate=True;constructible=True;affordable=False;available=False;owned=2;upgradeTo=IndustrialCarbonizationRetort;research=SteamPower|Coking;workshop=;productivity=391.84;territory=1863]"
2448180,2448180,Conservative,"Building","Waiting","",1,"productivity or territory is insufficient [CokeOven:candidate=True;constructible=True;affordable=False;available=False;owned=2;upgradeTo=IndustrialCarbonizationRetort;research=SteamPower|Coking;workshop=;productivity=360.38;territory=1863]"
2448780,2448780,Conservative,"Building","Waiting","",1,"productivity or territory is insufficient [CokeOven:candidate=True;constructible=True;affordable=False;available=False;owned=2;upgradeTo=IndustrialCarbonizationRetort;research=SteamPower|Coking;workshop=;productivity=334.64;territory=1863]"
2449380,2449380,Conservative,"Building","Waiting","",1,"productivity or territory is insufficient [CokeOven:candidate=True;constructible=True;affordable=False;available=False;owned=2;upgradeTo=IndustrialCarbonizationRetort;research=SteamPower|Coking;workshop=;productivity=311.76;territory=1863]"
2449980,2449980,Conservative,"Building","Waiting","",1,"productivity or territory is insufficient [CokeOven:candidate=True;constructible=True;affordable=False;available=False;owned=2;upgradeTo=IndustrialCarbonizationRetort;research=SteamPower|Coking;workshop=;productivity=294.6;territory=1863]"
2450580,2450580,Conservative,"Building","Waiting","",1,"productivity or territory is insufficient [CokeOven:candidate=True;constructible=True;affordable=False;available=False;owned=2;upgradeTo=IndustrialCarbonizationRetort;research=SteamPower|Coking;workshop=;productivity=280.3;territory=1863]"
2451180,2451180,Conservative,"Building","Waiting","",1,"productivity or territory is insufficient [CokeOven:candidate=True;constructible=True;affordable=False;available=False;owned=2;upgradeTo=IndustrialCarbonizationRetort;research=SteamPower|Coking;workshop=;productivity=266;territory=1863]"
2451780,2451780,Conservative,"Building","Waiting","",1,"productivity or territory is insufficient [CokeOven:candidate=True;constructible=True;affordable=False;available=False;owned=2;upgradeTo=IndustrialCarbonizationRetort;research=SteamPower|Coking;workshop=;productivity=257.42;territory=1863]"
2452380,2452380,Conservative,"Building","Waiting","",1,"productivity or territory is insufficient [CokeOven:candidate=True;constructible=True;affordable=False;available=False;owned=2;upgradeTo=IndustrialCarbonizationRetort;research=SteamPower|Coking;workshop=;productivity=248.84;territory=1863]"
2452980,2452980,Conservative,"Building","Waiting","",1,"productivity or territory is insufficient [CokeOven:candidate=True;constructible=True;affordable=False;available=False;owned=2;upgradeTo=IndustrialCarbonizationRetort;research=SteamPower|Coking;workshop=;productivity=240.26;territory=1863]"
2453580,2453580,Conservative,"Building","Waiting","",1,"productivity or territory is insufficient [CokeOven:candidate=True;constructible=True;affordable=False;available=False;owned=2;upgradeTo=IndustrialCarbonizationRetort;research=SteamPower|Coking;workshop=;productivity=234.54;territory=1863]"
2454180,2454180,Conservative,"Building","Waiting","",1,"productivity or territory is insufficient [CokeOven:candidate=True;constructible=True;affordable=False;available=False;owned=2;upgradeTo=IndustrialCarbonizationRetort;research=SteamPower|Coking;workshop=;productivity=231.68;territory=1863]"
2454780,2454780,Conservative,"Building","Waiting","",1,"productivity or territory is insufficient [CokeOven:candidate=True;constructible=True;affordable=False;available=False;owned=2;upgradeTo=IndustrialCarbonizationRetort;research=SteamPower|Coking;workshop=;productivity=225.96;territory=1863]"
2455380,2455380,Conservative,"Building","Waiting","",1,"productivity or territory is insufficient [CokeOven:candidate=True;constructible=True;affordable=False;available=False;owned=2;upgradeTo=IndustrialCarbonizationRetort;research=SteamPower|Coking;workshop=;productivity=223.1;territory=1863]"
2455980,2455980,Conservative,"Building","Waiting","",1,"productivity or territory is insufficient [CokeOven:candidate=True;constructible=True;affordable=False;available=False;owned=2;upgradeTo=IndustrialCarbonizationRetort;research=SteamPower|Coking;workshop=;productivity=220.24;territory=1863]"
2456580,2456580,Conservative,"Building","Waiting","",1,"productivity or territory is insufficient [CokeOven:candidate=True;constructible=True;affordable=False;available=False;owned=2;upgradeTo=IndustrialCarbonizationRetort;research=SteamPower|Coking;workshop=;productivity=217.38;territory=1863]"
2457180,2457780,Conservative,"Building","Waiting","",2,"productivity or territory is insufficient [CokeOven:candidate=True;constructible=True;affordable=False;available=False;owned=2;upgradeTo=IndustrialCarbonizationRetort;research=SteamPower|Coking;workshop=;productivity=214.52;territory=1863]"
2458380,2458980,Conservative,"Building","Waiting","",2,"productivity or territory is insufficient [CokeOven:candidate=True;constructible=True;affordable=False;available=False;owned=2;upgradeTo=IndustrialCarbonizationRetort;research=SteamPower|Coking;workshop=;productivity=211.66;territory=1863]"
2459580,2461980,Conservative,"Building","Waiting","",5,"productivity or territory is insufficient [CokeOven:candidate=True;constructible=True;affordable=False;available=False;owned=2;upgradeTo=IndustrialCarbonizationRetort;research=SteamPower|Coking;workshop=;productivity=208.8;territory=1863]"
2462580,2473980,Conservative,"Building","Waiting","",20,"productivity or territory is insufficient [CokeOven:candidate=True;constructible=True;affordable=False;available=False;owned=2;upgradeTo=IndustrialCarbonizationRetort;research=SteamPower|Coking;workshop=;productivity=205.94;territory=1863]"
2474580,2474580,Conservative,"Building","Waiting","",1,"productivity or territory is insufficient [CokeOven:candidate=True;constructible=True;affordable=False;available=False;owned=2;upgradeTo=IndustrialCarbonizationRetort;research=SteamPower|Coking;workshop=;productivity=203.08;territory=1863]"
2475180,2475180,Conservative,"Building","Waiting","",1,"productivity or territory is insufficient [CokeOven:candidate=True;constructible=True;affordable=False;available=False;owned=2;upgradeTo=IndustrialCarbonizationRetort;research=SteamPower|Coking;workshop=;productivity=1352.8;territory=1863]"
2475780,2475780,Conservative,"Building","Waiting","",1,"productivity or territory is insufficient [CokeOven:candidate=True;constructible=True;affordable=False;available=False;owned=2;upgradeTo=IndustrialCarbonizationRetort;research=SteamPower|Coking;workshop=;productivity=1164.04;territory=1863]"
2476380,2476380,Conservative,"Building","Waiting","",1,"productivity or territory is insufficient [CokeOven:candidate=True;constructible=True;affordable=False;available=False;owned=2;upgradeTo=IndustrialCarbonizationRetort;research=SteamPower|Coking;workshop=;productivity=1003.88;territory=1863]"
2476980,2476980,Conservative,"Building","Waiting","",1,"productivity or territory is insufficient [CokeOven:candidate=True;constructible=True;affordable=False;available=False;owned=2;upgradeTo=IndustrialCarbonizationRetort;research=SteamPower|Coking;workshop=;productivity=869.46;territory=1863]"
2477580,2477580,Conservative,"Building","Waiting","",1,"productivity or territory is insufficient [CokeOven:candidate=True;constructible=True;affordable=False;available=False;owned=2;upgradeTo=IndustrialCarbonizationRetort;research=SteamPower|Coking;workshop=;productivity=760.78;territory=1863]"
2478180,2478180,Conservative,"Building","Waiting","",1,"productivity or territory is insufficient [CokeOven:candidate=True;constructible=True;affordable=False;available=False;owned=2;upgradeTo=IndustrialCarbonizationRetort;research=SteamPower|Coking;workshop=;productivity=666.4;territory=1863]"
2478780,2478780,Conservative,"Building","Waiting","",1,"productivity or territory is insufficient [CokeOven:candidate=True;constructible=True;affordable=False;available=False;owned=2;upgradeTo=IndustrialCarbonizationRetort;research=SteamPower|Coking;workshop=;productivity=589.18;territory=1863]"
2479380,2479380,Conservative,"Building","Waiting","",1,"productivity or territory is insufficient [CokeOven:candidate=True;constructible=True;affordable=False;available=False;owned=2;upgradeTo=IndustrialCarbonizationRetort;research=SteamPower|Coking;workshop=;productivity=526.26;territory=1863]"
2479980,2479980,Conservative,"Building","Waiting","",1,"productivity or territory is insufficient [CokeOven:candidate=True;constructible=True;affordable=False;available=False;owned=2;upgradeTo=IndustrialCarbonizationRetort;research=SteamPower|Coking;workshop=;productivity=471.92;territory=1863]"
2480580,2480580,Conservative,"Building","Waiting","",1,"productivity or territory is insufficient [CokeOven:candidate=True;constructible=True;affordable=False;available=False;owned=2;upgradeTo=IndustrialCarbonizationRetort;research=SteamPower|Coking;workshop=;productivity=429.02;territory=1863]"
2481180,2481180,Conservative,"Building","Waiting","",1,"productivity or territory is insufficient [CokeOven:candidate=True;constructible=True;affordable=False;available=False;owned=2;upgradeTo=IndustrialCarbonizationRetort;research=SteamPower|Coking;workshop=;productivity=391.84;territory=1863]"
2481780,2481780,Conservative,"Building","Waiting","",1,"productivity or territory is insufficient [CokeOven:candidate=True;constructible=True;affordable=False;available=False;owned=2;upgradeTo=IndustrialCarbonizationRetort;research=SteamPower|Coking;workshop=;productivity=360.38;territory=1863]"
2482380,2482380,Conservative,"Building","Waiting","",1,"productivity or territory is insufficient [CokeOven:candidate=True;constructible=True;affordable=False;available=False;owned=2;upgradeTo=IndustrialCarbonizationRetort;research=SteamPower|Coking;workshop=;productivity=334.64;territory=1863]"
2482980,2482980,Conservative,"Building","Waiting","",1,"productivity or territory is insufficient [CokeOven:candidate=True;constructible=True;affordable=False;available=False;owned=2;upgradeTo=IndustrialCarbonizationRetort;research=SteamPower|Coking;workshop=;productivity=311.76;territory=1863]"
2483580,2483580,Conservative,"Building","Waiting","",1,"productivity or territory is insufficient [CokeOven:candidate=True;constructible=True;affordable=False;available=False;owned=2;upgradeTo=IndustrialCarbonizationRetort;research=SteamPower|Coking;workshop=;productivity=294.6;territory=1863]"
2484180,2484180,Conservative,"Building","Waiting","",1,"productivity or territory is insufficient [CokeOven:candidate=True;constructible=True;affordable=False;available=False;owned=2;upgradeTo=IndustrialCarbonizationRetort;research=SteamPower|Coking;workshop=;productivity=280.3;territory=1863]"
2484780,2484780,Conservative,"Building","Waiting","",1,"productivity or territory is insufficient [CokeOven:candidate=True;constructible=True;affordable=False;available=False;owned=2;upgradeTo=IndustrialCarbonizationRetort;research=SteamPower|Coking;workshop=;productivity=266;territory=1863]"
2485380,2485380,Conservative,"Building","Waiting","",1,"productivity or territory is insufficient [CokeOven:candidate=True;constructible=True;affordable=False;available=False;owned=2;upgradeTo=IndustrialCarbonizationRetort;research=SteamPower|Coking;workshop=;productivity=257.42;territory=1863]"
2485980,2485980,Conservative,"Building","Waiting","",1,"productivity or territory is insufficient [CokeOven:candidate=True;constructible=True;affordable=False;available=False;owned=2;upgradeTo=IndustrialCarbonizationRetort;research=SteamPower|Coking;workshop=;productivity=248.84;territory=1863]"
2486580,2486580,Conservative,"Building","Waiting","",1,"productivity or territory is insufficient [CokeOven:candidate=True;constructible=True;affordable=False;available=False;owned=2;upgradeTo=IndustrialCarbonizationRetort;research=SteamPower|Coking;workshop=;productivity=240.26;territory=1863]"
2487180,2487180,Conservative,"Building","Waiting","",1,"productivity or territory is insufficient [CokeOven:candidate=True;constructible=True;affordable=False;available=False;owned=2;upgradeTo=IndustrialCarbonizationRetort;research=SteamPower|Coking;workshop=;productivity=234.54;territory=1863]"
2487780,2487780,Conservative,"Building","Waiting","",1,"productivity or territory is insufficient [CokeOven:candidate=True;constructible=True;affordable=False;available=False;owned=2;upgradeTo=IndustrialCarbonizationRetort;research=SteamPower|Coking;workshop=;productivity=231.68;territory=1863]"
2488380,2488380,Conservative,"Building","Waiting","",1,"productivity or territory is insufficient [CokeOven:candidate=True;constructible=True;affordable=False;available=False;owned=2;upgradeTo=IndustrialCarbonizationRetort;research=SteamPower|Coking;workshop=;productivity=225.96;territory=1863]"
2488980,2488980,Conservative,"Building","Waiting","",1,"productivity or territory is insufficient [CokeOven:candidate=True;constructible=True;affordable=False;available=False;owned=2;upgradeTo=IndustrialCarbonizationRetort;research=SteamPower|Coking;workshop=;productivity=223.1;territory=1863]"
2489580,2489580,Conservative,"Building","Waiting","",1,"productivity or territory is insufficient [CokeOven:candidate=True;constructible=True;affordable=False;available=False;owned=2;upgradeTo=IndustrialCarbonizationRetort;research=SteamPower|Coking;workshop=;productivity=220.24;territory=1863]"
2490180,2490180,Conservative,"Building","Waiting","",1,"productivity or territory is insufficient [CokeOven:candidate=True;constructible=True;affordable=False;available=False;owned=2;upgradeTo=IndustrialCarbonizationRetort;research=SteamPower|Coking;workshop=;productivity=217.38;territory=1863]"
2490780,2491380,Conservative,"Building","Waiting","",2,"productivity or territory is insufficient [CokeOven:candidate=True;constructible=True;affordable=False;available=False;owned=2;upgradeTo=IndustrialCarbonizationRetort;research=SteamPower|Coking;workshop=;productivity=214.52;territory=1863]"
2491980,2492580,Conservative,"Building","Waiting","",2,"productivity or territory is insufficient [CokeOven:candidate=True;constructible=True;affordable=False;available=False;owned=2;upgradeTo=IndustrialCarbonizationRetort;research=SteamPower|Coking;workshop=;productivity=211.66;territory=1863]"
2493180,2495580,Conservative,"Building","Waiting","",5,"productivity or territory is insufficient [CokeOven:candidate=True;constructible=True;affordable=False;available=False;owned=2;upgradeTo=IndustrialCarbonizationRetort;research=SteamPower|Coking;workshop=;productivity=208.8;territory=1863]"
2496180,2507580,Conservative,"Building","Waiting","",20,"productivity or territory is insufficient [CokeOven:candidate=True;constructible=True;affordable=False;available=False;owned=2;upgradeTo=IndustrialCarbonizationRetort;research=SteamPower|Coking;workshop=;productivity=205.94;territory=1863]"
2508180,2508180,Conservative,"Building","Waiting","",1,"productivity or territory is insufficient [CokeOven:candidate=True;constructible=True;affordable=False;available=False;owned=2;upgradeTo=IndustrialCarbonizationRetort;research=SteamPower|Coking;workshop=;productivity=203.08;territory=1863]"
2508780,2508780,Conservative,"Building","Waiting","",1,"productivity or territory is insufficient [CokeOven:candidate=True;constructible=True;affordable=False;available=False;owned=2;upgradeTo=IndustrialCarbonizationRetort;research=SteamPower|Coking;workshop=;productivity=1352.8;territory=1863]"
2509380,2509380,Conservative,"Building","Waiting","",1,"productivity or territory is insufficient [CokeOven:candidate=True;constructible=True;affordable=False;available=False;owned=2;upgradeTo=IndustrialCarbonizationRetort;research=SteamPower|Coking;workshop=;productivity=1164.04;territory=1863]"
2509980,2509980,Conservative,"Building","Waiting","",1,"productivity or territory is insufficient [CokeOven:candidate=True;constructible=True;affordable=False;available=False;owned=2;upgradeTo=IndustrialCarbonizationRetort;research=SteamPower|Coking;workshop=;productivity=1003.88;territory=1863]"
2510580,2510580,Conservative,"Building","Waiting","",1,"productivity or territory is insufficient [CokeOven:candidate=True;constructible=True;affordable=False;available=False;owned=2;upgradeTo=IndustrialCarbonizationRetort;research=SteamPower|Coking;workshop=;productivity=869.46;territory=1863]"
2511180,2511180,Conservative,"Building","Waiting","",1,"productivity or territory is insufficient [CokeOven:candidate=True;constructible=True;affordable=False;available=False;owned=2;upgradeTo=IndustrialCarbonizationRetort;research=SteamPower|Coking;workshop=;productivity=760.78;territory=1863]"
2511780,2511780,Conservative,"Building","Waiting","",1,"productivity or territory is insufficient [CokeOven:candidate=True;constructible=True;affordable=False;available=False;owned=2;upgradeTo=IndustrialCarbonizationRetort;research=SteamPower|Coking;workshop=;productivity=666.4;territory=1863]"
2512380,2512380,Conservative,"Building","Waiting","",1,"productivity or territory is insufficient [CokeOven:candidate=True;constructible=True;affordable=False;available=False;owned=2;upgradeTo=IndustrialCarbonizationRetort;research=SteamPower|Coking;workshop=;productivity=589.18;territory=1863]"
2512980,2512980,Conservative,"Building","Waiting","",1,"productivity or territory is insufficient [CokeOven:candidate=True;constructible=True;affordable=False;available=False;owned=2;upgradeTo=IndustrialCarbonizationRetort;research=SteamPower|Coking;workshop=;productivity=526.26;territory=1863]"
2513580,2513580,Conservative,"Building","Waiting","",1,"productivity or territory is insufficient [CokeOven:candidate=True;constructible=True;affordable=False;available=False;owned=2;upgradeTo=IndustrialCarbonizationRetort;research=SteamPower|Coking;workshop=;productivity=471.92;territory=1863]"
2514180,2514180,Conservative,"Building","Waiting","",1,"productivity or territory is insufficient [CokeOven:candidate=True;constructible=True;affordable=False;available=False;owned=2;upgradeTo=IndustrialCarbonizationRetort;research=SteamPower|Coking;workshop=;productivity=429.02;territory=1863]"
2514780,2514780,Conservative,"Building","Waiting","",1,"productivity or territory is insufficient [CokeOven:candidate=True;constructible=True;affordable=False;available=False;owned=2;upgradeTo=IndustrialCarbonizationRetort;research=SteamPower|Coking;workshop=;productivity=391.84;territory=1863]"
2515380,2515380,Conservative,"Building","Waiting","",1,"productivity or territory is insufficient [CokeOven:candidate=True;constructible=True;affordable=False;available=False;owned=2;upgradeTo=IndustrialCarbonizationRetort;research=SteamPower|Coking;workshop=;productivity=360.38;territory=1863]"
2515980,2515980,Conservative,"Building","Waiting","",1,"productivity or territory is insufficient [CokeOven:candidate=True;constructible=True;affordable=False;available=False;owned=2;upgradeTo=IndustrialCarbonizationRetort;research=SteamPower|Coking;workshop=;productivity=334.64;territory=1863]"
2516580,2516580,Conservative,"Building","Waiting","",1,"productivity or territory is insufficient [CokeOven:candidate=True;constructible=True;affordable=False;available=False;owned=2;upgradeTo=IndustrialCarbonizationRetort;research=SteamPower|Coking;workshop=;productivity=311.76;territory=1863]"
2517180,2517180,Conservative,"Building","Waiting","",1,"productivity or territory is insufficient [CokeOven:candidate=True;constructible=True;affordable=False;available=False;owned=2;upgradeTo=IndustrialCarbonizationRetort;research=SteamPower|Coking;workshop=;productivity=294.6;territory=1863]"
2517780,2517780,Conservative,"Building","Waiting","",1,"productivity or territory is insufficient [CokeOven:candidate=True;constructible=True;affordable=False;available=False;owned=2;upgradeTo=IndustrialCarbonizationRetort;research=SteamPower|Coking;workshop=;productivity=280.3;territory=1863]"
2518380,2518380,Conservative,"Building","Waiting","",1,"productivity or territory is insufficient [CokeOven:candidate=True;constructible=True;affordable=False;available=False;owned=2;upgradeTo=IndustrialCarbonizationRetort;research=SteamPower|Coking;workshop=;productivity=266;territory=1863]"
2518980,2518980,Conservative,"Building","Waiting","",1,"productivity or territory is insufficient [CokeOven:candidate=True;constructible=True;affordable=False;available=False;owned=2;upgradeTo=IndustrialCarbonizationRetort;research=SteamPower|Coking;workshop=;productivity=257.42;territory=1863]"
2519580,2519580,Conservative,"Building","Waiting","",1,"productivity or territory is insufficient [CokeOven:candidate=True;constructible=True;affordable=False;available=False;owned=2;upgradeTo=IndustrialCarbonizationRetort;research=SteamPower|Coking;workshop=;productivity=248.84;territory=1863]"
2520180,2520180,Conservative,"Building","Waiting","",1,"productivity or territory is insufficient [CokeOven:candidate=True;constructible=True;affordable=False;available=False;owned=2;upgradeTo=IndustrialCarbonizationRetort;research=SteamPower|Coking;workshop=;productivity=240.26;territory=1863]"
2520780,2520780,Conservative,"Building","Waiting","",1,"productivity or territory is insufficient [CokeOven:candidate=True;constructible=True;affordable=False;available=False;owned=2;upgradeTo=IndustrialCarbonizationRetort;research=SteamPower|Coking;workshop=;productivity=234.54;territory=1863]"
2521380,2521380,Conservative,"Building","Waiting","",1,"productivity or territory is insufficient [CokeOven:candidate=True;constructible=True;affordable=False;available=False;owned=2;upgradeTo=IndustrialCarbonizationRetort;research=SteamPower|Coking;workshop=;productivity=231.68;territory=1863]"
2521980,2521980,Conservative,"Building","Waiting","",1,"productivity or territory is insufficient [CokeOven:candidate=True;constructible=True;affordable=False;available=False;owned=2;upgradeTo=IndustrialCarbonizationRetort;research=SteamPower|Coking;workshop=;productivity=225.96;territory=1863]"
2522580,2522580,Conservative,"Building","Waiting","",1,"productivity or territory is insufficient [CokeOven:candidate=True;constructible=True;affordable=False;available=False;owned=2;upgradeTo=IndustrialCarbonizationRetort;research=SteamPower|Coking;workshop=;productivity=223.1;territory=1863]"
2523180,2523180,Conservative,"Building","Waiting","",1,"productivity or territory is insufficient [CokeOven:candidate=True;constructible=True;affordable=False;available=False;owned=2;upgradeTo=IndustrialCarbonizationRetort;research=SteamPower|Coking;workshop=;productivity=220.24;territory=1863]"
2523780,2523780,Conservative,"Building","Waiting","",1,"productivity or territory is insufficient [CokeOven:candidate=True;constructible=True;affordable=False;available=False;owned=2;upgradeTo=IndustrialCarbonizationRetort;research=SteamPower|Coking;workshop=;productivity=217.38;territory=1863]"
2524380,2524980,Conservative,"Building","Waiting","",2,"productivity or territory is insufficient [CokeOven:candidate=True;constructible=True;affordable=False;available=False;owned=2;upgradeTo=IndustrialCarbonizationRetort;research=SteamPower|Coking;workshop=;productivity=214.52;territory=1863]"
2525580,2526180,Conservative,"Building","Waiting","",2,"productivity or territory is insufficient [CokeOven:candidate=True;constructible=True;affordable=False;available=False;owned=2;upgradeTo=IndustrialCarbonizationRetort;research=SteamPower|Coking;workshop=;productivity=211.66;territory=1863]"
2526780,2529180,Conservative,"Building","Waiting","",5,"productivity or territory is insufficient [CokeOven:candidate=True;constructible=True;affordable=False;available=False;owned=2;upgradeTo=IndustrialCarbonizationRetort;research=SteamPower|Coking;workshop=;productivity=208.8;territory=1863]"
2529780,2541180,Conservative,"Building","Waiting","",20,"productivity or territory is insufficient [CokeOven:candidate=True;constructible=True;affordable=False;available=False;owned=2;upgradeTo=IndustrialCarbonizationRetort;research=SteamPower|Coking;workshop=;productivity=205.94;territory=1863]"
2541780,2541780,Conservative,"Building","Waiting","",1,"productivity or territory is insufficient [CokeOven:candidate=True;constructible=True;affordable=False;available=False;owned=2;upgradeTo=IndustrialCarbonizationRetort;research=SteamPower|Coking;workshop=;productivity=203.08;territory=1863]"
2542380,2542380,Conservative,"Building","Waiting","",1,"productivity or territory is insufficient [CokeOven:candidate=True;constructible=True;affordable=False;available=False;owned=2;upgradeTo=IndustrialCarbonizationRetort;research=SteamPower|Coking;workshop=;productivity=1352.8;territory=1863]"
2542980,2542980,Conservative,"Building","Waiting","",1,"productivity or territory is insufficient [CokeOven:candidate=True;constructible=True;affordable=False;available=False;owned=2;upgradeTo=IndustrialCarbonizationRetort;research=SteamPower|Coking;workshop=;productivity=1164.04;territory=1863]"
2543580,2543580,Conservative,"Building","Waiting","",1,"productivity or territory is insufficient [CokeOven:candidate=True;constructible=True;affordable=False;available=False;owned=2;upgradeTo=IndustrialCarbonizationRetort;research=SteamPower|Coking;workshop=;productivity=1003.88;territory=1863]"
2544180,2544180,Conservative,"Building","Waiting","",1,"productivity or territory is insufficient [CokeOven:candidate=True;constructible=True;affordable=False;available=False;owned=2;upgradeTo=IndustrialCarbonizationRetort;research=SteamPower|Coking;workshop=;productivity=869.46;territory=1863]"
2544780,2544780,Conservative,"Building","Waiting","",1,"productivity or territory is insufficient [CokeOven:candidate=True;constructible=True;affordable=False;available=False;owned=2;upgradeTo=IndustrialCarbonizationRetort;research=SteamPower|Coking;workshop=;productivity=760.78;territory=1863]"
2545380,2545380,Conservative,"Building","Waiting","",1,"productivity or territory is insufficient [CokeOven:candidate=True;constructible=True;affordable=False;available=False;owned=2;upgradeTo=IndustrialCarbonizationRetort;research=SteamPower|Coking;workshop=;productivity=666.4;territory=1863]"
2545980,2545980,Conservative,"Building","Waiting","",1,"productivity or territory is insufficient [CokeOven:candidate=True;constructible=True;affordable=False;available=False;owned=2;upgradeTo=IndustrialCarbonizationRetort;research=SteamPower|Coking;workshop=;productivity=589.18;territory=1863]"
2546580,2546580,Conservative,"Building","Waiting","",1,"productivity or territory is insufficient [CokeOven:candidate=True;constructible=True;affordable=False;available=False;owned=2;upgradeTo=IndustrialCarbonizationRetort;research=SteamPower|Coking;workshop=;productivity=526.26;territory=1863]"
2547180,2547180,Conservative,"Building","Waiting","",1,"productivity or territory is insufficient [CokeOven:candidate=True;constructible=True;affordable=False;available=False;owned=2;upgradeTo=IndustrialCarbonizationRetort;research=SteamPower|Coking;workshop=;productivity=471.92;territory=1863]"
2547780,2547780,Conservative,"Building","Waiting","",1,"productivity or territory is insufficient [CokeOven:candidate=True;constructible=True;affordable=False;available=False;owned=2;upgradeTo=IndustrialCarbonizationRetort;research=SteamPower|Coking;workshop=;productivity=429.02;territory=1863]"
2548380,2548380,Conservative,"Building","Waiting","",1,"productivity or territory is insufficient [CokeOven:candidate=True;constructible=True;affordable=False;available=False;owned=2;upgradeTo=IndustrialCarbonizationRetort;research=SteamPower|Coking;workshop=;productivity=391.84;territory=1863]"
2548980,2548980,Conservative,"Building","Waiting","",1,"productivity or territory is insufficient [CokeOven:candidate=True;constructible=True;affordable=False;available=False;owned=2;upgradeTo=IndustrialCarbonizationRetort;research=SteamPower|Coking;workshop=;productivity=360.38;territory=1863]"
2549580,2549580,Conservative,"Building","Waiting","",1,"productivity or territory is insufficient [CokeOven:candidate=True;constructible=True;affordable=False;available=False;owned=2;upgradeTo=IndustrialCarbonizationRetort;research=SteamPower|Coking;workshop=;productivity=334.64;territory=1863]"
2550180,2550180,Conservative,"Building","Waiting","",1,"productivity or territory is insufficient [CokeOven:candidate=True;constructible=True;affordable=False;available=False;owned=2;upgradeTo=IndustrialCarbonizationRetort;research=SteamPower|Coking;workshop=;productivity=311.76;territory=1863]"
2550780,2550780,Conservative,"Building","Waiting","",1,"productivity or territory is insufficient [CokeOven:candidate=True;constructible=True;affordable=False;available=False;owned=2;upgradeTo=IndustrialCarbonizationRetort;research=SteamPower|Coking;workshop=;productivity=294.6;territory=1863]"
2551380,2551380,Conservative,"Building","Waiting","",1,"productivity or territory is insufficient [CokeOven:candidate=True;constructible=True;affordable=False;available=False;owned=2;upgradeTo=IndustrialCarbonizationRetort;research=SteamPower|Coking;workshop=;productivity=280.3;territory=1863]"
2551980,2551980,Conservative,"Building","Waiting","",1,"productivity or territory is insufficient [CokeOven:candidate=True;constructible=True;affordable=False;available=False;owned=2;upgradeTo=IndustrialCarbonizationRetort;research=SteamPower|Coking;workshop=;productivity=266;territory=1863]"
2552580,2552580,Conservative,"Building","Waiting","",1,"productivity or territory is insufficient [CokeOven:candidate=True;constructible=True;affordable=False;available=False;owned=2;upgradeTo=IndustrialCarbonizationRetort;research=SteamPower|Coking;workshop=;productivity=257.42;territory=1863]"
2553180,2553180,Conservative,"Building","Waiting","",1,"productivity or territory is insufficient [CokeOven:candidate=True;constructible=True;affordable=False;available=False;owned=2;upgradeTo=IndustrialCarbonizationRetort;research=SteamPower|Coking;workshop=;productivity=248.84;territory=1863]"
2553780,2553780,Conservative,"Building","Waiting","",1,"productivity or territory is insufficient [CokeOven:candidate=True;constructible=True;affordable=False;available=False;owned=2;upgradeTo=IndustrialCarbonizationRetort;research=SteamPower|Coking;workshop=;productivity=240.26;territory=1863]"
2554380,2554380,Conservative,"Building","Waiting","",1,"productivity or territory is insufficient [CokeOven:candidate=True;constructible=True;affordable=False;available=False;owned=2;upgradeTo=IndustrialCarbonizationRetort;research=SteamPower|Coking;workshop=;productivity=234.54;territory=1863]"
2554980,2554980,Conservative,"Building","Waiting","",1,"productivity or territory is insufficient [CokeOven:candidate=True;constructible=True;affordable=False;available=False;owned=2;upgradeTo=IndustrialCarbonizationRetort;research=SteamPower|Coking;workshop=;productivity=231.68;territory=1863]"
2555580,2555580,Conservative,"Building","Waiting","",1,"productivity or territory is insufficient [CokeOven:candidate=True;constructible=True;affordable=False;available=False;owned=2;upgradeTo=IndustrialCarbonizationRetort;research=SteamPower|Coking;workshop=;productivity=225.96;territory=1863]"
2556180,2556180,Conservative,"Building","Waiting","",1,"productivity or territory is insufficient [CokeOven:candidate=True;constructible=True;affordable=False;available=False;owned=2;upgradeTo=IndustrialCarbonizationRetort;research=SteamPower|Coking;workshop=;productivity=223.1;territory=1863]"
2556780,2556780,Conservative,"Building","Waiting","",1,"productivity or territory is insufficient [CokeOven:candidate=True;constructible=True;affordable=False;available=False;owned=2;upgradeTo=IndustrialCarbonizationRetort;research=SteamPower|Coking;workshop=;productivity=220.24;territory=1863]"
2557380,2557380,Conservative,"Building","Waiting","",1,"productivity or territory is insufficient [CokeOven:candidate=True;constructible=True;affordable=False;available=False;owned=2;upgradeTo=IndustrialCarbonizationRetort;research=SteamPower|Coking;workshop=;productivity=217.38;territory=1863]"
2557980,2558580,Conservative,"Building","Waiting","",2,"productivity or territory is insufficient [CokeOven:candidate=True;constructible=True;affordable=False;available=False;owned=2;upgradeTo=IndustrialCarbonizationRetort;research=SteamPower|Coking;workshop=;productivity=214.52;territory=1863]"
2559180,2559780,Conservative,"Building","Waiting","",2,"productivity or territory is insufficient [CokeOven:candidate=True;constructible=True;affordable=False;available=False;owned=2;upgradeTo=IndustrialCarbonizationRetort;research=SteamPower|Coking;workshop=;productivity=211.66;territory=1863]"
2560380,2562780,Conservative,"Building","Waiting","",5,"productivity or territory is insufficient [CokeOven:candidate=True;constructible=True;affordable=False;available=False;owned=2;upgradeTo=IndustrialCarbonizationRetort;research=SteamPower|Coking;workshop=;productivity=208.8;territory=1863]"
2563380,2574780,Conservative,"Building","Waiting","",20,"productivity or territory is insufficient [CokeOven:candidate=True;constructible=True;affordable=False;available=False;owned=2;upgradeTo=IndustrialCarbonizationRetort;research=SteamPower|Coking;workshop=;productivity=205.94;territory=1863]"
2575380,2575380,Conservative,"Building","Waiting","",1,"productivity or territory is insufficient [CokeOven:candidate=True;constructible=True;affordable=False;available=False;owned=2;upgradeTo=IndustrialCarbonizationRetort;research=SteamPower|Coking;workshop=;productivity=203.08;territory=1863]"
2575980,2575980,Conservative,"Building","Waiting","",1,"productivity or territory is insufficient [CokeOven:candidate=True;constructible=True;affordable=False;available=False;owned=2;upgradeTo=IndustrialCarbonizationRetort;research=SteamPower|Coking;workshop=;productivity=1352.8;territory=1863]"
2576580,2576580,Conservative,"Building","Waiting","",1,"productivity or territory is insufficient [CokeOven:candidate=True;constructible=True;affordable=False;available=False;owned=2;upgradeTo=IndustrialCarbonizationRetort;research=SteamPower|Coking;workshop=;productivity=1164.04;territory=1863]"
2577180,2577180,Conservative,"Building","Waiting","",1,"productivity or territory is insufficient [CokeOven:candidate=True;constructible=True;affordable=False;available=False;owned=2;upgradeTo=IndustrialCarbonizationRetort;research=SteamPower|Coking;workshop=;productivity=1003.88;territory=1863]"
2577780,2577780,Conservative,"Building","Waiting","",1,"productivity or territory is insufficient [CokeOven:candidate=True;constructible=True;affordable=False;available=False;owned=2;upgradeTo=IndustrialCarbonizationRetort;research=SteamPower|Coking;workshop=;productivity=869.46;territory=1863]"
2578380,2578380,Conservative,"Building","Waiting","",1,"productivity or territory is insufficient [CokeOven:candidate=True;constructible=True;affordable=False;available=False;owned=2;upgradeTo=IndustrialCarbonizationRetort;research=SteamPower|Coking;workshop=;productivity=760.78;territory=1863]"
2578980,2578980,Conservative,"Building","Waiting","",1,"productivity or territory is insufficient [CokeOven:candidate=True;constructible=True;affordable=False;available=False;owned=2;upgradeTo=IndustrialCarbonizationRetort;research=SteamPower|Coking;workshop=;productivity=666.4;territory=1863]"
2579580,2579580,Conservative,"Building","Waiting","",1,"productivity or territory is insufficient [CokeOven:candidate=True;constructible=True;affordable=False;available=False;owned=2;upgradeTo=IndustrialCarbonizationRetort;research=SteamPower|Coking;workshop=;productivity=589.18;territory=1863]"
2580180,2580180,Conservative,"Building","Waiting","",1,"productivity or territory is insufficient [CokeOven:candidate=True;constructible=True;affordable=False;available=False;owned=2;upgradeTo=IndustrialCarbonizationRetort;research=SteamPower|Coking;workshop=;productivity=526.26;territory=1863]"
2580780,2580780,Conservative,"Building","Waiting","",1,"productivity or territory is insufficient [CokeOven:candidate=True;constructible=True;affordable=False;available=False;owned=2;upgradeTo=IndustrialCarbonizationRetort;research=SteamPower|Coking;workshop=;productivity=471.92;territory=1863]"
2581380,2581380,Conservative,"Building","Waiting","",1,"productivity or territory is insufficient [CokeOven:candidate=True;constructible=True;affordable=False;available=False;owned=2;upgradeTo=IndustrialCarbonizationRetort;research=SteamPower|Coking;workshop=;productivity=429.02;territory=1863]"
2581980,2581980,Conservative,"Building","Waiting","",1,"productivity or territory is insufficient [CokeOven:candidate=True;constructible=True;affordable=False;available=False;owned=2;upgradeTo=IndustrialCarbonizationRetort;research=SteamPower|Coking;workshop=;productivity=391.84;territory=1863]"
2582580,2582580,Conservative,"Building","Waiting","",1,"productivity or territory is insufficient [CokeOven:candidate=True;constructible=True;affordable=False;available=False;owned=2;upgradeTo=IndustrialCarbonizationRetort;research=SteamPower|Coking;workshop=;productivity=360.38;territory=1863]"
2583180,2583180,Conservative,"Building","Waiting","",1,"productivity or territory is insufficient [CokeOven:candidate=True;constructible=True;affordable=False;available=False;owned=2;upgradeTo=IndustrialCarbonizationRetort;research=SteamPower|Coking;workshop=;productivity=334.64;territory=1863]"
2583780,2583780,Conservative,"Building","Waiting","",1,"productivity or territory is insufficient [CokeOven:candidate=True;constructible=True;affordable=False;available=False;owned=2;upgradeTo=IndustrialCarbonizationRetort;research=SteamPower|Coking;workshop=;productivity=311.76;territory=1863]"
2584380,2584380,Conservative,"Building","Waiting","",1,"productivity or territory is insufficient [CokeOven:candidate=True;constructible=True;affordable=False;available=False;owned=2;upgradeTo=IndustrialCarbonizationRetort;research=SteamPower|Coking;workshop=;productivity=294.6;territory=1863]"
2584980,2584980,Conservative,"Building","Waiting","",1,"productivity or territory is insufficient [CokeOven:candidate=True;constructible=True;affordable=False;available=False;owned=2;upgradeTo=IndustrialCarbonizationRetort;research=SteamPower|Coking;workshop=;productivity=280.3;territory=1863]"
2585580,2585580,Conservative,"Building","Waiting","",1,"productivity or territory is insufficient [CokeOven:candidate=True;constructible=True;affordable=False;available=False;owned=2;upgradeTo=IndustrialCarbonizationRetort;research=SteamPower|Coking;workshop=;productivity=266;territory=1863]"
2586180,2586180,Conservative,"Building","Waiting","",1,"productivity or territory is insufficient [CokeOven:candidate=True;constructible=True;affordable=False;available=False;owned=2;upgradeTo=IndustrialCarbonizationRetort;research=SteamPower|Coking;workshop=;productivity=257.42;territory=1863]"
2586780,2586780,Conservative,"Building","Waiting","",1,"productivity or territory is insufficient [CokeOven:candidate=True;constructible=True;affordable=False;available=False;owned=2;upgradeTo=IndustrialCarbonizationRetort;research=SteamPower|Coking;workshop=;productivity=248.84;territory=1863]"
2587380,2587380,Conservative,"Building","Waiting","",1,"productivity or territory is insufficient [CokeOven:candidate=True;constructible=True;affordable=False;available=False;owned=2;upgradeTo=IndustrialCarbonizationRetort;research=SteamPower|Coking;workshop=;productivity=240.26;territory=1863]"
2587980,2587980,Conservative,"Building","Waiting","",1,"productivity or territory is insufficient [CokeOven:candidate=True;constructible=True;affordable=False;available=False;owned=2;upgradeTo=IndustrialCarbonizationRetort;research=SteamPower|Coking;workshop=;productivity=234.54;territory=1863]"
2588580,2588580,Conservative,"Building","Waiting","",1,"productivity or territory is insufficient [CokeOven:candidate=True;constructible=True;affordable=False;available=False;owned=2;upgradeTo=IndustrialCarbonizationRetort;research=SteamPower|Coking;workshop=;productivity=231.68;territory=1863]"
2589180,2589180,Conservative,"Building","Waiting","",1,"productivity or territory is insufficient [CokeOven:candidate=True;constructible=True;affordable=False;available=False;owned=2;upgradeTo=IndustrialCarbonizationRetort;research=SteamPower|Coking;workshop=;productivity=225.96;territory=1863]"
2589780,2589780,Conservative,"Building","Waiting","",1,"productivity or territory is insufficient [CokeOven:candidate=True;constructible=True;affordable=False;available=False;owned=2;upgradeTo=IndustrialCarbonizationRetort;research=SteamPower|Coking;workshop=;productivity=223.1;territory=1863]"
2590380,2590380,Conservative,"Building","Waiting","",1,"productivity or territory is insufficient [CokeOven:candidate=True;constructible=True;affordable=False;available=False;owned=2;upgradeTo=IndustrialCarbonizationRetort;research=SteamPower|Coking;workshop=;productivity=220.24;territory=1863]"
2590980,2590980,Conservative,"Building","Waiting","",1,"productivity or territory is insufficient [CokeOven:candidate=True;constructible=True;affordable=False;available=False;owned=2;upgradeTo=IndustrialCarbonizationRetort;research=SteamPower|Coking;workshop=;productivity=217.38;territory=1863]"
2591580,2592000,Conservative,"Building","Waiting","",2,"productivity or territory is insufficient [CokeOven:candidate=True;constructible=True;affordable=False;available=False;owned=2;upgradeTo=IndustrialCarbonizationRetort;research=SteamPower|Coking;workshop=;productivity=214.52;territory=1863]"
