FirstSeconds,LastSeconds,Route,Subsystem,Outcome,Candidate,RepeatCount,Reason
0,25206,Fast,"Workshop","Blocked","",2462,"industrial-workshop system is locked"
0,160,Fast,"Building","Waiting","",17,"productivity or territory is insufficient"
0,0,Fast,"Research","Selected","Agriculture",1,"score=240.275"
1,26,Fast,"Research","Waiting","Agriculture",26,"complete resource cost is not yet affordable"
27,27,Fast,"Research","Paid","Agriculture",1,"complete resource cost paid atomically"
88,88,Fast,"Research","Completed","Agriculture",1,"elapsed=88s"
88,88,Fast,"Research","Selected","ControlledFire",1,"score=153.662"
89,89,Fast,"Research","Paid","ControlledFire",1,"complete resource cost paid atomically"
101,101,Fast,"Research","Completed","ControlledFire",1,"elapsed=13s"
101,101,Fast,"Research","Selected","ClayExtraction",1,"score=146.437"
102,102,Fast,"Research","Paid","ClayExtraction",1,"complete resource cost paid atomically"
151,151,Fast,"Research","Completed","ClayExtraction",1,"elapsed=50s"
151,151,Fast,"Research","Selected","Quarry",1,"score=70.05"
152,1977,Fast,"Research","Waiting","Quarry",1826,"complete resource cost is not yet affordable"
170,170,Fast,"Building","Constructed","WoodHouse",1,"score=145; count=1"
180,260,Fast,"Building","Waiting","",9,"productivity or territory is insufficient"
270,270,Fast,"Building","Constructed","Farm",1,"score=360; count=1"
280,290,Fast,"Building","Waiting","",2,"productivity or territory is insufficient"
300,300,Fast,"Building","Constructed","FiberGatheringCamp",1,"score=270; count=1"
310,370,Fast,"Building","Waiting","",7,"productivity or territory is insufficient"
380,380,Fast,"Building","Constructed","WoodHouse",1,"score=25; count=2"
390,420,Fast,"Building","Waiting","",4,"productivity or territory is insufficient"
430,430,Fast,"Building","Constructed","Farm",1,"score=240; count=2"
440,490,Fast,"Building","Waiting","",6,"productivity or territory is insufficient"
500,500,Fast,"Building","Constructed","Farm",1,"score=240; count=3"
510,560,Fast,"Building","Waiting","",6,"productivity or territory is insufficient"
570,570,Fast,"Building","Constructed","Farm",1,"score=240; count=4"
580,630,Fast,"Building","Waiting","",6,"productivity or territory is insufficient"
640,640,Fast,"Building","Constructed","FiberGatheringCamp",1,"score=150; count=2"
650,740,Fast,"Building","Waiting","",10,"productivity or territory is insufficient"
750,750,Fast,"Building","Constructed","WoodHouse",1,"score=25; count=3"
760,820,Fast,"Building","Waiting","",7,"productivity or territory is insufficient"
830,830,Fast,"Building","Constructed","ClayPit",1,"score=270; count=1"
840,900,Fast,"Building","Waiting","",7,"productivity or territory is insufficient"
910,910,Fast,"Building","Constructed","FiberGatheringCamp",1,"score=150; count=3"
920,990,Fast,"Building","Waiting","",8,"productivity or territory is insufficient"
1000,1000,Fast,"Building","Constructed","ClayPit",1,"score=150; count=2"
1010,1120,Fast,"Building","Waiting","",12,"productivity or territory is insufficient"
1130,1130,Fast,"Building","Constructed","WoodHouse",1,"score=25; count=4"
1140,1210,Fast,"Building","Waiting","",8,"productivity or territory is insufficient"
1220,1220,Fast,"Building","Constructed","FiberGatheringCamp",1,"score=150; count=4"
1230,1320,Fast,"Building","Waiting","",10,"productivity or territory is insufficient"
1330,1330,Fast,"Building","Constructed","ClayPit",1,"score=150; count=3"
1340,1430,Fast,"Building","Waiting","",10,"productivity or territory is insufficient"
1440,1440,Fast,"Building","Constructed","ClayPit",1,"score=150; count=4"
1450,1590,Fast,"Building","Waiting","",15,"productivity or territory is insufficient"
1600,1600,Fast,"Building","Constructed","WoodHouse",1,"score=25; count=5"
1610,1770,Fast,"Building","Waiting","",17,"productivity or territory is insufficient"
1780,1780,Fast,"Building","Constructed","WoodHouse",1,"score=25; count=6"
1790,2090,Fast,"Building","Waiting","",31,"productivity or territory is insufficient"
1978,1978,Fast,"Research","Paid","Quarry",1,"complete resource cost paid atomically"
2005,2005,Fast,"Research","Completed","Quarry",1,"elapsed=1854s"
2005,2005,Fast,"Research","Selected","StoneTools",1,"score=185.859"
2006,2127,Fast,"Research","Waiting","StoneTools",122,"complete resource cost is not yet affordable"
2100,2100,Fast,"Building","Constructed","Quarry",1,"score=320; count=1"
2110,2260,Fast,"Building","Waiting","",16,"productivity or territory is insufficient"
2128,2128,Fast,"Research","Paid","StoneTools",1,"complete resource cost paid atomically"
2270,2270,Fast,"Building","Constructed","Quarry",1,"score=200; count=2"
2280,2350,Fast,"Building","Waiting","",8,"productivity or territory is insufficient"
2288,2288,Fast,"Research","Completed","StoneTools",1,"elapsed=283s"
2288,2288,Fast,"Research","Selected","Mining",1,"score=165.937"
2289,2539,Fast,"Research","Waiting","Mining",251,"complete resource cost is not yet affordable"
2360,2360,Fast,"Building","Constructed","StoneCuttingWorkshop",1,"score=200; count=1"
2370,2740,Fast,"Building","Waiting","",38,"productivity or territory is insufficient"
2540,2540,Fast,"Research","Paid","Mining",1,"complete resource cost paid atomically"
2750,2750,Fast,"Building","Constructed","WoodHouse",1,"score=25; count=7"
2760,2850,Fast,"Building","Waiting","",10,"productivity or territory is insufficient"
2860,2860,Fast,"Building","Constructed","StoneCuttingWorkshop",1,"score=80; count=2"
2870,3060,Fast,"Building","Waiting","",20,"productivity or territory is insufficient"
2956,2956,Fast,"Research","Completed","Mining",1,"elapsed=668s"
2956,2956,Fast,"Research","Selected","Woodworking",1,"score=73.503"
2957,2957,Fast,"Research","Paid","Woodworking",1,"complete resource cost paid atomically"
3070,3070,Fast,"Building","Constructed","StoneCuttingWorkshop",1,"score=80; count=3"
3080,3310,Fast,"Building","Waiting","",24,"productivity or territory is insufficient"
3214,3214,Fast,"Research","Completed","Woodworking",1,"elapsed=258s"
3214,3214,Fast,"Research","Selected","KnowledgeSharing",1,"score=58.05"
3215,3215,Fast,"Research","Paid","KnowledgeSharing",1,"complete resource cost paid atomically"
3320,3320,Fast,"Building","Constructed","WoodHouse",1,"score=25; count=8"
3330,3430,Fast,"Building","Waiting","",11,"productivity or territory is insufficient"
3440,3440,Fast,"Building","Constructed","Lumberyard",1,"score=620; count=1"
3450,3450,Fast,"Building","Waiting","",1,"productivity or territory is insufficient"
3460,3460,Fast,"Building","Constructed","Lumberyard",1,"score=500; count=2"
3470,3470,Fast,"Building","Waiting","",1,"productivity or territory is insufficient"
3480,3480,Fast,"Building","Constructed","Lumberyard",1,"score=500; count=3"
3490,3490,Fast,"Building","Constructed","WoodHouse",1,"score=25; count=9"
3498,3498,Fast,"Research","Completed","KnowledgeSharing",1,"elapsed=284s"
3498,3498,Fast,"Research","Selected","HerbalKnowledge",1,"score=9.847"
3499,3499,Fast,"Research","Paid","HerbalKnowledge",1,"complete resource cost paid atomically"
3500,3500,Fast,"Building","Waiting","",1,"productivity or territory is insufficient"
3510,3510,Fast,"Building","Constructed","WoodHouse",1,"score=25; count=10"
3520,3520,Fast,"Building","Constructed","Lumberyard",1,"score=500; count=4"
3530,3530,Fast,"Building","Constructed","StoneCuttingWorkshop",1,"score=80; count=4"
3540,3540,Fast,"Building","Waiting","",1,"no strategy candidate"
3550,3550,Fast,"Building","Constructed","WoodHouse",1,"score=25; count=11"
3560,3560,Fast,"Building","Constructed","Quarry",1,"score=200; count=3"
3570,3570,Fast,"Building","Constructed","WoodHouse",1,"score=25; count=12"
3580,3580,Fast,"Building","Constructed","Quarry",1,"score=200; count=4"
3590,3590,Fast,"Building","Waiting","",1,"no strategy candidate"
3600,3600,Fast,"Building","Constructed","WoodHouse",1,"score=25; count=13"
3610,3620,Fast,"Building","Waiting","",2,"no strategy candidate"
3630,3630,Fast,"Building","Constructed","WoodHouse",1,"score=25; count=14"
3640,3660,Fast,"Building","Waiting","",3,"no strategy candidate"
3670,3670,Fast,"Building","Constructed","WoodHouse",1,"score=25; count=15"
3680,3700,Fast,"Building","Waiting","",3,"no strategy candidate"
3681,3681,Fast,"Research","Completed","HerbalKnowledge",1,"elapsed=183s"
3681,3681,Fast,"Research","Selected","AnimalHusbandry",1,"score=-13.563"
3682,3682,Fast,"Research","Paid","AnimalHusbandry",1,"complete resource cost paid atomically"
3710,3710,Fast,"Building","Constructed","WoodHouse",1,"score=25; count=16"
3720,3760,Fast,"Building","Waiting","",5,"no strategy candidate"
3734,3734,Fast,"Research","Completed","AnimalHusbandry",1,"elapsed=53s"
3734,3734,Fast,"Research","Selected","NeolithicSettlement",1,"score=341.551"
3735,3735,Fast,"Research","Paid","NeolithicSettlement",1,"complete resource cost paid atomically"
3770,3770,Fast,"Building","Constructed","WoodHouse",1,"score=25; count=17"
3780,3810,Fast,"Building","Waiting","",4,"no strategy candidate"
3820,3820,Fast,"Building","Constructed","WoodHouse",1,"score=25; count=18"
3830,3880,Fast,"Building","Waiting","",6,"no strategy candidate"
3890,3890,Fast,"Building","Constructed","WoodHouse",1,"score=25; count=19"
3900,3950,Fast,"Building","Waiting","",6,"no strategy candidate"
3960,3960,Fast,"Building","Constructed","WoodHouse",1,"score=25; count=20"
3970,4040,Fast,"Building","Waiting","",8,"no strategy candidate"
4050,4050,Fast,"Building","Constructed","WoodHouse",1,"score=25; count=21"
4060,4150,Fast,"Building","Waiting","",10,"no strategy candidate"
4160,4160,Fast,"Building","Constructed","WoodHouse",1,"score=25; count=22"
4170,4260,Fast,"Building","Waiting","",10,"no strategy candidate"
4262,4262,Fast,"Research","Completed","NeolithicSettlement",1,"elapsed=528s"
4262,4262,Fast,"Research","Selected","CeramicFiring",1,"score=215.937"
4263,4368,Fast,"Research","Waiting","CeramicFiring",106,"complete resource cost is not yet affordable"
4270,4270,Fast,"Building","Constructed","KnowledgeCircle",1,"score=220; count=1"
4280,4280,Fast,"Building","Constructed","KnowledgeCircle",1,"score=100; count=2"
4290,4290,Fast,"Building","Constructed","KnowledgeCircle",1,"score=100; count=3"
4300,4300,Fast,"Building","Constructed","KnowledgeCircle",1,"score=100; count=4"
4310,4310,Fast,"Building","Constructed","MetalMine",1,"score=380; count=1"
4320,4320,Fast,"Building","Constructed","CoalMine",1,"score=270; count=1"
4330,4330,Fast,"Building","Constructed","MetalMine",1,"score=260; count=2"
4340,4340,Fast,"Building","Constructed","MetalMine",1,"score=260; count=3"
4350,4350,Fast,"Building","Constructed","MetalMine",1,"score=260; count=4"
4360,4360,Fast,"Building","Constructed","CoalMine",1,"score=150; count=2"
4369,4369,Fast,"Research","Paid","CeramicFiring",1,"complete resource cost paid atomically"
4370,4370,Fast,"Building","Constructed","CoalMine",1,"score=150; count=3"
4380,4380,Fast,"Building","Constructed","CoalMine",1,"score=150; count=4"
4390,4560,Fast,"Building","Waiting","",18,"productivity or territory is insufficient"
4567,4567,Fast,"Research","Completed","CeramicFiring",1,"elapsed=305s"
4567,4567,Fast,"Research","Selected","TextileCraft",1,"score=136.551"
4568,4568,Fast,"Research","Paid","TextileCraft",1,"complete resource cost paid atomically"
4570,4570,Fast,"Building","Constructed","CeramicKiln",1,"score=208; count=1"
4580,4580,Fast,"Building","Constructed","CeramicKiln",1,"score=88; count=2"
4590,4590,Fast,"Building","Constructed","CeramicKiln",1,"score=88; count=3"
4600,4600,Fast,"Building","Constructed","CeramicKiln",1,"score=88; count=4"
4610,4740,Fast,"Building","Waiting","",14,"productivity or territory is insufficient"
4744,4744,Fast,"Research","Completed","TextileCraft",1,"elapsed=177s"
4744,4744,Fast,"Research","Selected","CharcoalMaking",1,"score=49.662"
4745,4745,Fast,"Research","Paid","CharcoalMaking",1,"complete resource cost paid atomically"
4750,4750,Fast,"Building","Constructed","WeavingWorkshop",1,"score=210; count=1"
4760,4760,Fast,"Building","Constructed","WeavingWorkshop",1,"score=90; count=2"
4770,4770,Fast,"Building","Constructed","WeavingWorkshop",1,"score=90; count=3"
4780,4780,Fast,"Building","Constructed","WeavingWorkshop",1,"score=90; count=4"
4790,5400,Fast,"Building","Waiting","",62,"productivity or territory is insufficient"
5406,5406,Fast,"Research","Completed","CharcoalMaking",1,"elapsed=662s"
5406,5406,Fast,"Research","Selected","FeudalAdministration",1,"score=-23.725"
5407,5407,Fast,"Research","Paid","FeudalAdministration",1,"complete resource cost paid atomically"
5410,5410,Fast,"Building","Constructed","CharcoalKiln",1,"score=180; count=1"
5420,11006,Fast,"Building","Waiting","",559,"productivity or territory is insufficient"
10365,10365,Fast,"Research","Completed","FeudalAdministration",1,"elapsed=4959s"
10365,10365,Fast,"Research","Selected","Mathematics",1,"score=-23.765"
10366,10366,Fast,"Research","Paid","Mathematics",1,"complete resource cost paid atomically"
10826,10826,Fast,"Research","Completed","Mathematics",1,"elapsed=461s"
10826,10826,Fast,"Research","Selected","Calendar",1,"score=-9.345"
10836,10836,Fast,"Research","Paid","Calendar",1,"complete resource cost paid atomically"
11016,11016,Fast,"Building","Constructed","CharcoalKiln",1,"score=60; count=2"
11026,11026,Fast,"Building","Constructed","CharcoalKiln",1,"score=60; count=3"
11036,11036,Fast,"Building","Constructed","CharcoalKiln",1,"score=60; count=4"
11046,12086,Fast,"Building","Waiting","",105,"productivity or territory is insufficient"
11256,11256,Fast,"Research","Completed","Calendar",1,"elapsed=430s"
11256,11256,Fast,"Research","Selected","WrittenRecords",1,"score=144.245"
11266,11266,Fast,"Research","Paid","WrittenRecords",1,"complete resource cost paid atomically"
12096,12096,Fast,"Research","Completed","WrittenRecords",1,"elapsed=840s"
12096,12116,Fast,"Building","Upgraded","KnowledgeCircle->ScribeHut",3,"eligible upgrade chain selected"
12096,12096,Fast,"Research","Selected","FoodPreservation",1,"score=55.937"
12106,12106,Fast,"Research","Paid","FoodPreservation",1,"complete resource cost paid atomically"
12126,12126,Fast,"Building","Constructed","KnowledgeCircle",1,"score=100; count=2"
12136,12626,Fast,"Building","Waiting","",50,"productivity or territory is insufficient"
12246,12246,Fast,"Research","Completed","FoodPreservation",1,"elapsed=150s"
12246,12246,Fast,"Research","Selected","NaturalPhilosophy",1,"score=-11.366"
12256,12256,Fast,"Research","Paid","NaturalPhilosophy",1,"complete resource cost paid atomically"
12466,12466,Fast,"Research","Completed","NaturalPhilosophy",1,"elapsed=220s"
12466,12466,Fast,"Research","Selected","VillageOrganization",1,"score=-25.109"
12476,12476,Fast,"Research","Paid","VillageOrganization",1,"complete resource cost paid atomically"
12636,12636,Fast,"Research","Completed","VillageOrganization",1,"elapsed=170s"
12636,12646,Fast,"Building","Upgraded","KnowledgeCircle->ScribeHut",2,"eligible upgrade chain selected"
12636,12636,Fast,"Research","Selected","OrganizedDefense",1,"score=-25.563"
12646,12646,Fast,"Research","Paid","OrganizedDefense",1,"complete resource cost paid atomically"
12656,12656,Fast,"Building","Constructed","KnowledgeCircle",1,"score=220; count=1"
12666,12666,Fast,"Building","Constructed","KnowledgeCircle",1,"score=100; count=2"
12676,13106,Fast,"Building","Waiting","",44,"productivity or territory is insufficient"
12766,12766,Fast,"Research","Completed","OrganizedDefense",1,"elapsed=130s"
12766,12766,Fast,"Research","Selected","Measurement",1,"score=-27.062"
12776,12776,Fast,"Research","Paid","Measurement",1,"complete resource cost paid atomically"
12866,12866,Fast,"Research","Completed","Measurement",1,"elapsed=100s"
12866,12866,Fast,"Research","Selected","Masonry",1,"score=62.847"
12876,12876,Fast,"Research","Paid","Masonry",1,"complete resource cost paid atomically"
13116,13116,Fast,"Research","Completed","Masonry",1,"elapsed=250s"
13116,13326,Fast,"Building","Upgraded","WoodHouse->StoneHouse",22,"eligible upgrade chain selected"
13116,13116,Fast,"Research","Selected","IrrigationEngineering",1,"score=61.272"
13126,13126,Fast,"Research","Paid","IrrigationEngineering",1,"complete resource cost paid atomically"
13336,13456,Fast,"Building","Waiting","",13,"productivity or territory is insufficient"
13456,13456,Fast,"Research","Completed","IrrigationEngineering",1,"elapsed=340s"
13456,13456,Fast,"Research","Selected","Smithing_Copper",1,"score=59.887"
13466,13466,Fast,"Research","Paid","Smithing_Copper",1,"complete resource cost paid atomically"
13466,13496,Fast,"Building","Upgraded","Farm->IrrigationWorks",4,"eligible upgrade chain selected"
13506,13516,Fast,"Building","Upgraded","KnowledgeCircle->ScribeHut",2,"eligible upgrade chain selected"
13526,13526,Fast,"Building","Constructed","Smokehouse",1,"score=195; count=1"
13536,13536,Fast,"Building","Constructed","Smokehouse",1,"score=75; count=2"
13546,13546,Fast,"Building","Constructed","Smokehouse",1,"score=75; count=3"
13556,13556,Fast,"Building","Constructed","Smokehouse",1,"score=75; count=4"
13566,13816,Fast,"Building","Waiting","",26,"productivity or territory is insufficient"
13826,13826,Fast,"Research","Completed","Smithing_Copper",1,"elapsed=370s"
13826,13826,Fast,"Building","Constructed","MetalSmelter",1,"score=375; count=1"
13826,13826,Fast,"Research","Selected","FoodStorage",1,"score=51.521"
13836,13836,Fast,"Research","Paid","FoodStorage",1,"complete resource cost paid atomically"
13836,13836,Fast,"Building","Constructed","MetalSmelter",1,"score=255; count=2"
13846,13846,Fast,"Building","Constructed","MetalSmelter",1,"score=255; count=3"
13856,13856,Fast,"Building","Constructed","MetalSmelter",1,"score=255; count=4"
13866,13926,Fast,"Building","Waiting","",7,"productivity or territory is insufficient"
13936,13936,Fast,"Research","Completed","FoodStorage",1,"elapsed=110s"
13936,13966,Fast,"Building","Upgraded","Smokehouse->Granary",4,"eligible upgrade chain selected"
13936,13936,Fast,"Research","Selected","CropRotation",1,"score=-19.367"
13946,13946,Fast,"Research","Paid","CropRotation",1,"complete resource cost paid atomically"
13976,16646,Fast,"Building","Waiting","",268,"productivity or territory is insufficient"
14256,14256,Fast,"Research","Completed","CropRotation",1,"elapsed=320s"
14256,14256,Fast,"Research","Selected","AnimalFodder",1,"score=-31.141"
14266,14266,Fast,"Research","Paid","AnimalFodder",1,"complete resource cost paid atomically"
14426,14426,Fast,"Research","Completed","AnimalFodder",1,"elapsed=170s"
14426,14426,Fast,"Research","Selected","VillageCrafts",1,"score=-33.95"
14436,14436,Fast,"Research","Paid","VillageCrafts",1,"complete resource cost paid atomically"
14716,14716,Fast,"Research","Completed","VillageCrafts",1,"elapsed=290s"
14716,14716,Fast,"Research","Selected","CouncilGovernance",1,"score=-34.754"
14726,14726,Fast,"Research","Paid","CouncilGovernance",1,"complete resource cost paid atomically"
15056,15056,Fast,"Research","Completed","CouncilGovernance",1,"elapsed=340s"
15056,15056,Fast,"Research","Selected","Smithing_Bronze",1,"score=-36.867"
15066,15066,Fast,"Research","Paid","Smithing_Bronze",1,"complete resource cost paid atomically"
15546,15546,Fast,"Research","Completed","Smithing_Bronze",1,"elapsed=490s"
15546,15546,Fast,"Research","Selected","OrganizedWatch",1,"score=-35.765"
15556,15556,Fast,"Research","Paid","OrganizedWatch",1,"complete resource cost paid atomically"
15936,15936,Fast,"Research","Completed","OrganizedWatch",1,"elapsed=390s"
15936,15936,Fast,"Research","Selected","Smithing_Iron",1,"score=-36.345"
15946,15946,Fast,"Research","Paid","Smithing_Iron",1,"complete resource cost paid atomically"
16376,16376,Fast,"Research","Completed","Smithing_Iron",1,"elapsed=440s"
16376,16376,Fast,"Research","Selected","Steelmaking",1,"score=88.895"
16386,16386,Fast,"Research","Paid","Steelmaking",1,"complete resource cost paid atomically"
16656,16656,Fast,"Research","Completed","Steelmaking",1,"elapsed=280s"
16656,16656,Fast,"Building","Constructed","SteelForge",1,"score=200; count=1"
16656,16656,Fast,"Research","Selected","MechanicalEngineering",1,"score=-19.522"
16666,16736,Fast,"Research","Waiting","MechanicalEngineering",8,"complete resource cost is not yet affordable"
16666,16666,Fast,"Building","Constructed","SteelForge",1,"score=80; count=2"
16676,16676,Fast,"Building","Constructed","SteelForge",1,"score=80; count=3"
16686,16686,Fast,"Building","Constructed","SteelForge",1,"score=80; count=4"
16696,24586,Fast,"Building","Waiting","",790,"productivity or territory is insufficient"
16746,16746,Fast,"Research","Paid","MechanicalEngineering",1,"complete resource cost paid atomically"
16946,16946,Fast,"Research","Completed","MechanicalEngineering",1,"elapsed=290s"
16946,16946,Fast,"Research","Selected","Industrialization",1,"score=633.684"
16956,16956,Fast,"Research","Paid","Industrialization",1,"complete resource cost paid atomically"
24596,24596,Fast,"Research","Completed","Industrialization",1,"elapsed=7650s"
24596,25206,Fast,"Building","Waiting","",3,"productivity or territory is insufficient [CokeOven:candidate=False;constructible=True;affordable=False;available=False;owned=0;upgradeTo=IndustrialCarbonizationRetort;research=SteamPower|Coking;workshop=;productivity=1044.08;territory=1904]"
24596,24596,Fast,"Research","Selected","IndustrialWorkshop",1,"score=955.549"
24606,24606,Fast,"Research","Paid","IndustrialWorkshop",1,"complete resource cost paid atomically"
25806,25806,Fast,"Research","Completed","IndustrialWorkshop",1,"elapsed=1210s"
25806,25806,Fast,"Workshop","Purchased","DraftingTables",1,"score=49.52"
25806,28206,Fast,"Building","Waiting","",5,"productivity or territory is insufficient [CokeOven:candidate=False;constructible=True;affordable=False;available=False;owned=0;upgradeTo=IndustrialCarbonizationRetort;research=SteamPower|Coking;workshop=;productivity=1041.72;territory=1904]"
25806,25806,Fast,"Research","Selected","PetroleumExtraction",1,"score=209.503"
26406,26406,Fast,"Research","Paid","PetroleumExtraction",1,"complete resource cost paid atomically"
26406,28206,Fast,"Workshop","Waiting","",4,"no prerequisite-complete upgrade"
27606,27606,Fast,"Research","Completed","PetroleumExtraction",1,"elapsed=1800s"
27606,27606,Fast,"Research","Selected","SteamPower",1,"score=116.499"
28206,28206,Fast,"Research","Paid","SteamPower",1,"complete resource cost paid atomically"
28806,28806,Fast,"Research","Completed","SteamPower",1,"elapsed=1200s"
28806,31206,Fast,"Workshop","Waiting","",5,"upgrade resources are insufficient"
28806,28806,Fast,"Building","Constructed","SteamPlant",1,"score=100; count=1"
28806,28806,Fast,"Research","Selected","Coking",1,"score=383.246"
29406,29406,Fast,"Research","Paid","Coking",1,"complete resource cost paid atomically"
29406,29406,Fast,"Building","Constructed","SteamPlant",1,"score=-20; count=2"
30006,30006,Fast,"Building","Constructed","SteamPlant",1,"score=-20; count=3"
30606,30606,Fast,"Building","Constructed","SteamPlant",1,"score=-20; count=4"
31206,31206,Fast,"Building","Waiting","",1,"productivity or territory is insufficient [CokeOven:candidate=False;constructible=True;affordable=False;available=False;owned=0;upgradeTo=IndustrialCarbonizationRetort;research=SteamPower|Coking;workshop=;productivity=985.8;territory=1832]"
31806,31806,Fast,"Research","Completed","Coking",1,"elapsed=3000s"
31806,31806,Fast,"Workshop","Purchased","CokeOvenOptimization",1,"score=49.18"
31806,31806,Fast,"Building","Constructed","CokeOven",1,"score=250; count=1"
31806,31806,Fast,"Research","Selected","Standardization",1,"score=105.491"
32406,32406,Fast,"Research","Paid","Standardization",1,"complete resource cost paid atomically"
32406,58806,Fast,"Workshop","Waiting","",45,"upgrade resources are insufficient"
32406,32406,Fast,"Building","Constructed","CokeOven",1,"score=130; count=2"
33006,33006,Fast,"Building","Constructed","CokeOven",1,"score=130; count=3"
33606,33606,Fast,"Building","Constructed","CokeOven",1,"score=130; count=4"
34206,34206,Fast,"Building","Waiting","",1,"productivity or territory is insufficient [CokeOven:candidate=True;constructible=True;affordable=False;available=False;owned=4;upgradeTo=IndustrialCarbonizationRetort;research=SteamPower|Coking;workshop=;productivity=826.88;territory=1776]"
34806,34806,Fast,"Building","Waiting","",1,"productivity or territory is insufficient [CokeOven:candidate=True;constructible=True;affordable=False;available=False;owned=4;upgradeTo=IndustrialCarbonizationRetort;research=SteamPower|Coking;workshop=;productivity=815.08;territory=1776]"
35406,35406,Fast,"Building","Waiting","",1,"productivity or territory is insufficient [CokeOven:candidate=True;constructible=True;affordable=False;available=False;owned=4;upgradeTo=IndustrialCarbonizationRetort;research=SteamPower|Coking;workshop=;productivity=803.28;territory=1776]"
36006,36006,Fast,"Building","Waiting","",1,"productivity or territory is insufficient [CokeOven:candidate=True;constructible=True;affordable=False;available=False;owned=4;upgradeTo=IndustrialCarbonizationRetort;research=SteamPower|Coking;workshop=;productivity=793.84;territory=1776]"
36606,36606,Fast,"Building","Waiting","",1,"productivity or territory is insufficient [CokeOven:candidate=True;constructible=True;affordable=False;available=False;owned=4;upgradeTo=IndustrialCarbonizationRetort;research=SteamPower|Coking;workshop=;productivity=786.76;territory=1776]"
37206,37206,Fast,"Building","Waiting","",1,"productivity or territory is insufficient [CokeOven:candidate=True;constructible=True;affordable=False;available=False;owned=4;upgradeTo=IndustrialCarbonizationRetort;research=SteamPower|Coking;workshop=;productivity=782.04;territory=1776]"
37806,37806,Fast,"Building","Waiting","",1,"productivity or territory is insufficient [CokeOven:candidate=True;constructible=True;affordable=False;available=False;owned=4;upgradeTo=IndustrialCarbonizationRetort;research=SteamPower|Coking;workshop=;productivity=777.32;territory=1776]"
38406,38406,Fast,"Building","Waiting","",1,"productivity or territory is insufficient [CokeOven:candidate=True;constructible=True;affordable=False;available=False;owned=4;upgradeTo=IndustrialCarbonizationRetort;research=SteamPower|Coking;workshop=;productivity=772.6;territory=1776]"
39006,39006,Fast,"Building","Waiting","",1,"productivity or territory is insufficient [CokeOven:candidate=True;constructible=True;affordable=False;available=False;owned=4;upgradeTo=IndustrialCarbonizationRetort;research=SteamPower|Coking;workshop=;productivity=770.24;territory=1776]"
39606,39606,Fast,"Building","Waiting","",1,"productivity or territory is insufficient [CokeOven:candidate=True;constructible=True;affordable=False;available=False;owned=4;upgradeTo=IndustrialCarbonizationRetort;research=SteamPower|Coking;workshop=;productivity=765.52;territory=1776]"
40206,40806,Fast,"Building","Waiting","",2,"productivity or territory is insufficient [CokeOven:candidate=True;constructible=True;affordable=False;available=False;owned=4;upgradeTo=IndustrialCarbonizationRetort;research=SteamPower|Coking;workshop=;productivity=763.16;territory=1776]"
41406,41406,Fast,"Building","Waiting","",1,"productivity or territory is insufficient [CokeOven:candidate=True;constructible=True;affordable=False;available=False;owned=4;upgradeTo=IndustrialCarbonizationRetort;research=SteamPower|Coking;workshop=;productivity=760.8;territory=1776]"
42006,42606,Fast,"Building","Waiting","",2,"productivity or territory is insufficient [CokeOven:candidate=True;constructible=True;affordable=False;available=False;owned=4;upgradeTo=IndustrialCarbonizationRetort;research=SteamPower|Coking;workshop=;productivity=758.44;territory=1776]"
42606,42606,Fast,"Research","Completed","Standardization",1,"elapsed=10800s"
42606,42606,Fast,"Research","Selected","Bookmaking",1,"score=31.388"
43206,43206,Fast,"Research","Paid","Bookmaking",1,"complete resource cost paid atomically"
43206,44406,Fast,"Building","Waiting","",3,"productivity or territory is insufficient [CokeOven:candidate=True;constructible=True;affordable=False;available=False;owned=4;upgradeTo=IndustrialCarbonizationRetort;research=SteamPower|Coking;workshop=;productivity=756.08;territory=1776]"
45006,46806,Fast,"Building","Waiting","",4,"productivity or territory is insufficient [CokeOven:candidate=True;constructible=True;affordable=False;available=False;owned=4;upgradeTo=IndustrialCarbonizationRetort;research=SteamPower|Coking;workshop=;productivity=753.72;territory=1776]"
47406,47406,Fast,"Research","Completed","Bookmaking",1,"elapsed=4800s"
47406,49206,Fast,"Building","Upgraded","ScribeHut->Library",4,"eligible upgrade chain selected"
47406,47406,Fast,"Research","Selected","ScholasticInstitutions",1,"score=45.891"
48006,48006,Fast,"Research","Paid","ScholasticInstitutions",1,"complete resource cost paid atomically"
49806,49806,Fast,"Research","Completed","ScholasticInstitutions",1,"elapsed=2400s"
49806,51606,Fast,"Building","Upgraded","Library->Academy",4,"eligible upgrade chain selected"
49806,49806,Fast,"Research","Selected","TradeRoutes",1,"score=30.891"
50406,50406,Fast,"Research","Paid","TradeRoutes",1,"complete resource cost paid atomically"
51606,51606,Fast,"Research","Completed","TradeRoutes",1,"elapsed=1800s"
51606,51606,Fast,"Research","Selected","ElectricalEngineering",1,"score=29.275"
52206,52206,Fast,"Research","Paid","ElectricalEngineering",1,"complete resource cost paid atomically"
52206,52206,Fast,"Building","Upgraded","ScribeHut->Library",1,"eligible upgrade chain selected"
52806,52806,Fast,"Research","Completed","ElectricalEngineering",1,"elapsed=1200s"
52806,52806,Fast,"Building","Upgraded","Library->Academy",1,"eligible upgrade chain selected"
52806,52806,Fast,"Research","Selected","PowerGridEngineering",1,"score=278.549"
53406,53406,Fast,"Research","Paid","PowerGridEngineering",1,"complete resource cost paid atomically"
53406,53406,Fast,"Building","Upgraded","ScribeHut->Library",1,"eligible upgrade chain selected"
54006,54006,Fast,"Building","Upgraded","Library->Academy",1,"eligible upgrade chain selected"
54606,54606,Fast,"Building","Upgraded","ScribeHut->Library",1,"eligible upgrade chain selected"
55206,55206,Fast,"Building","Upgraded","Library->Academy",1,"eligible upgrade chain selected"
55806,55806,Fast,"Research","Completed","PowerGridEngineering",1,"elapsed=3000s"
55806,57606,Fast,"Building","Upgraded","SteamPlant->CentralPowerStation",4,"eligible upgrade chain selected"
55806,55806,Fast,"Research","Selected","IndustrialChemistry",1,"score=380.437"
56406,58806,Fast,"Research","Waiting","IndustrialChemistry",5,"complete resource cost is not yet affordable"
58206,58206,Fast,"Building","Constructed","WireMill",1,"score=277; count=1"
58806,58806,Fast,"Building","Constructed","Caravanserai",1,"score=120; count=1"
59406,59406,Fast,"Research","Paid","IndustrialChemistry",1,"complete resource cost paid atomically"
59406,59406,Fast,"Research","Completed","IndustrialChemistry",1,"elapsed=3600s"
59406,59406,Fast,"Workshop","Purchased","ReinforcedBoilers",1,"score=49.12"
59406,59406,Fast,"Building","Constructed","OilDerrick",1,"score=419.2; count=1"
59406,59406,Fast,"Research","Selected","IndustrialExplosives",1,"score=187.047"
60006,60006,Fast,"Research","Paid","IndustrialExplosives",1,"complete resource cost paid atomically"
60006,72606,Fast,"Workshop","Waiting","",22,"upgrade resources are insufficient"
60006,60006,Fast,"Building","Constructed","OilDerrick",1,"score=299.2; count=2"
60606,60606,Fast,"Research","Completed","IndustrialExplosives",1,"elapsed=1200s"
60606,61206,Fast,"Building","Waiting","",2,"productivity or territory is insufficient [CokeOven:candidate=True;constructible=True;affordable=False;available=False;owned=4;upgradeTo=IndustrialCarbonizationRetort;research=SteamPower|Coking;workshop=;productivity=-1.84;territory=1677]"
60606,60606,Fast,"Research","Selected","PrecisionManufacturing",1,"score=136.408"
61206,71406,Fast,"Research","Waiting","PrecisionManufacturing",18,"complete resource cost is not yet affordable"
61806,61806,Fast,"Building","Waiting","",1,"productivity or territory is insufficient [CokeOven:candidate=True;constructible=True;affordable=False;available=False;owned=4;upgradeTo=IndustrialCarbonizationRetort;research=SteamPower|Coking;workshop=;productivity=-4.2;territory=1677]"
62406,63006,Fast,"Building","Waiting","",2,"productivity or territory is insufficient [CokeOven:candidate=True;constructible=True;affordable=False;available=False;owned=4;upgradeTo=IndustrialCarbonizationRetort;research=SteamPower|Coking;workshop=;productivity=-6.56;territory=1677]"
63606,64806,Fast,"Building","Waiting","",3,"productivity or territory is insufficient [CokeOven:candidate=True;constructible=True;affordable=False;available=False;owned=4;upgradeTo=IndustrialCarbonizationRetort;research=SteamPower|Coking;workshop=;productivity=-8.92;territory=1677]"
65406,69606,Fast,"Building","Waiting","",8,"productivity or territory is insufficient [CokeOven:candidate=True;constructible=True;affordable=False;available=False;owned=4;upgradeTo=IndustrialCarbonizationRetort;research=SteamPower|Coking;workshop=;productivity=-11.28;territory=1677]"
70206,70206,Fast,"Building","Waiting","",1,"productivity or territory is insufficient [CokeOven:candidate=True;constructible=True;affordable=False;available=False;owned=4;upgradeTo=IndustrialCarbonizationRetort;research=SteamPower|Coking;workshop=;productivity=-13.64;territory=1677]"
70806,70806,Fast,"Building","Constructed","ChemicalPlant",1,"score=312; count=1"
71406,71406,Fast,"Building","Constructed","OilRefinery",1,"score=288; count=1"
72006,72006,Fast,"Research","Paid","PrecisionManufacturing",1,"complete resource cost paid atomically"
72006,72006,Fast,"Building","Constructed","Caravanserai",1,"score=0; count=2"
72606,72606,Fast,"Building","Waiting","",1,"productivity or territory is insufficient [CokeOven:candidate=True;constructible=True;affordable=False;available=False;owned=4;upgradeTo=IndustrialCarbonizationRetort;research=SteamPower|Coking;workshop=;productivity=-17.88;territory=1631]"
73206,73206,Fast,"Research","Completed","PrecisionManufacturing",1,"elapsed=12600s"
73206,73206,Fast,"Workshop","Purchased","PrecisionTooling",1,"score=48.87"
73206,73206,Fast,"Building","Waiting","",1,"productivity or territory is insufficient [CokeOven:candidate=True;constructible=True;affordable=False;available=False;owned=4;upgradeTo=IndustrialCarbonizationRetort;research=SteamPower|Coking;workshop=;productivity=-43.84;territory=1631]"
73206,73206,Fast,"Research","Selected","ConcreteEngineering",1,"score=152.047"
73806,91206,Fast,"Research","Waiting","ConcreteEngineering",30,"complete resource cost is not yet affordable"
73806,91206,Fast,"Workshop","Waiting","",30,"upgrade resources are insufficient"
73806,73806,Fast,"Building","Waiting","",1,"productivity or territory is insufficient [CokeOven:candidate=True;constructible=True;affordable=False;available=False;owned=4;upgradeTo=IndustrialCarbonizationRetort;research=SteamPower|Coking;workshop=;productivity=-65.08;territory=1631]"
74406,74406,Fast,"Building","Waiting","",1,"productivity or territory is insufficient [CokeOven:candidate=True;constructible=True;affordable=False;available=False;owned=4;upgradeTo=IndustrialCarbonizationRetort;research=SteamPower|Coking;workshop=;productivity=-83.96;territory=1631]"
75006,75006,Fast,"Building","Waiting","",1,"productivity or territory is insufficient [CokeOven:candidate=True;constructible=True;affordable=False;available=False;owned=4;upgradeTo=IndustrialCarbonizationRetort;research=SteamPower|Coking;workshop=;productivity=-98.12;territory=1631]"
75606,75606,Fast,"Building","Waiting","",1,"productivity or territory is insufficient [CokeOven:candidate=True;constructible=True;affordable=False;available=False;owned=4;upgradeTo=IndustrialCarbonizationRetort;research=SteamPower|Coking;workshop=;productivity=-109.92;territory=1631]"
76206,76206,Fast,"Building","Waiting","",1,"productivity or territory is insufficient [CokeOven:candidate=True;constructible=True;affordable=False;available=False;owned=4;upgradeTo=IndustrialCarbonizationRetort;research=SteamPower|Coking;workshop=;productivity=-121.72;territory=1631]"
76806,76806,Fast,"Building","Waiting","",1,"productivity or territory is insufficient [CokeOven:candidate=True;constructible=True;affordable=False;available=False;owned=4;upgradeTo=IndustrialCarbonizationRetort;research=SteamPower|Coking;workshop=;productivity=-131.16;territory=1631]"
77406,77406,Fast,"Building","Waiting","",1,"productivity or territory is insufficient [CokeOven:candidate=True;constructible=True;affordable=False;available=False;owned=4;upgradeTo=IndustrialCarbonizationRetort;research=SteamPower|Coking;workshop=;productivity=-138.24;territory=1631]"
78006,78006,Fast,"Building","Waiting","",1,"productivity or territory is insufficient [CokeOven:candidate=True;constructible=True;affordable=False;available=False;owned=4;upgradeTo=IndustrialCarbonizationRetort;research=SteamPower|Coking;workshop=;productivity=-142.96;territory=1631]"
78606,78606,Fast,"Building","Waiting","",1,"productivity or territory is insufficient [CokeOven:candidate=True;constructible=True;affordable=False;available=False;owned=4;upgradeTo=IndustrialCarbonizationRetort;research=SteamPower|Coking;workshop=;productivity=-147.68;territory=1631]"
79206,79206,Fast,"Building","Waiting","",1,"productivity or territory is insufficient [CokeOven:candidate=True;constructible=True;affordable=False;available=False;owned=4;upgradeTo=IndustrialCarbonizationRetort;research=SteamPower|Coking;workshop=;productivity=-152.4;territory=1631]"
79806,79806,Fast,"Building","Waiting","",1,"productivity or territory is insufficient [CokeOven:candidate=True;constructible=True;affordable=False;available=False;owned=4;upgradeTo=IndustrialCarbonizationRetort;research=SteamPower|Coking;workshop=;productivity=-154.76;territory=1631]"
80406,80406,Fast,"Building","Waiting","",1,"productivity or territory is insufficient [CokeOven:candidate=True;constructible=True;affordable=False;available=False;owned=4;upgradeTo=IndustrialCarbonizationRetort;research=SteamPower|Coking;workshop=;productivity=-159.48;territory=1631]"
81006,81606,Fast,"Building","Waiting","",2,"productivity or territory is insufficient [CokeOven:candidate=True;constructible=True;affordable=False;available=False;owned=4;upgradeTo=IndustrialCarbonizationRetort;research=SteamPower|Coking;workshop=;productivity=-161.84;territory=1631]"
82206,82206,Fast,"Building","Waiting","",1,"productivity or territory is insufficient [CokeOven:candidate=True;constructible=True;affordable=False;available=False;owned=4;upgradeTo=IndustrialCarbonizationRetort;research=SteamPower|Coking;workshop=;productivity=-164.2;territory=1631]"
82806,83406,Fast,"Building","Waiting","",2,"productivity or territory is insufficient [CokeOven:candidate=True;constructible=True;affordable=False;available=False;owned=4;upgradeTo=IndustrialCarbonizationRetort;research=SteamPower|Coking;workshop=;productivity=-166.56;territory=1631]"
84006,85206,Fast,"Building","Waiting","",3,"productivity or territory is insufficient [CokeOven:candidate=True;constructible=True;affordable=False;available=False;owned=4;upgradeTo=IndustrialCarbonizationRetort;research=SteamPower|Coking;workshop=;productivity=-168.92;territory=1631]"
85806,90006,Fast,"Building","Waiting","",8,"productivity or territory is insufficient [CokeOven:candidate=True;constructible=True;affordable=False;available=False;owned=4;upgradeTo=IndustrialCarbonizationRetort;research=SteamPower|Coking;workshop=;productivity=-171.28;territory=1631]"
90606,90606,Fast,"Building","Waiting","",1,"productivity or territory is insufficient [CokeOven:candidate=True;constructible=True;affordable=False;available=False;owned=4;upgradeTo=IndustrialCarbonizationRetort;research=SteamPower|Coking;workshop=;productivity=-173.64;territory=1631]"
91206,91206,Fast,"Building","Constructed","MachineFactory",1,"score=266.2; count=1"
91806,91806,Fast,"Research","Paid","ConcreteEngineering",1,"complete resource cost paid atomically"
91806,91806,Fast,"Workshop","Purchased","PoweredMining",1,"score=299.45"
91806,91806,Fast,"Building","Waiting","",1,"productivity or territory is insufficient [CokeOven:candidate=True;constructible=True;affordable=False;available=False;owned=4;upgradeTo=IndustrialCarbonizationRetort;research=SteamPower|Coking;workshop=;productivity=-29.44;territory=1611]"
92406,92406,Fast,"Workshop","Purchased","RotaryKilns",1,"score=49.05"
92406,92406,Fast,"Building","Waiting","",1,"productivity or territory is insufficient [CokeOven:candidate=True;constructible=True;affordable=False;available=False;owned=4;upgradeTo=IndustrialCarbonizationRetort;research=SteamPower|Coking;workshop=;productivity=-67.2;territory=1611]"
93006,93006,Fast,"Research","Completed","ConcreteEngineering",1,"elapsed=19800s"
93006,93606,Fast,"Workshop","Waiting","",2,"upgrade resources are insufficient"
93006,93006,Fast,"Building","Waiting","",1,"productivity or territory is insufficient [CokeOven:candidate=True;constructible=True;affordable=False;available=False;owned=4;upgradeTo=IndustrialCarbonizationRetort;research=SteamPower|Coking;workshop=;productivity=-97.88;territory=1761]"
93006,93006,Fast,"Research","Selected","DeepOilDrilling",1,"score=42.521"
93606,93606,Fast,"Research","Paid","DeepOilDrilling",1,"complete resource cost paid atomically"
93606,93606,Fast,"Building","Waiting","",1,"productivity or territory is insufficient [CokeOven:candidate=True;constructible=True;affordable=False;available=False;owned=4;upgradeTo=IndustrialCarbonizationRetort;research=SteamPower|Coking;workshop=;productivity=-123.84;territory=1761]"
94206,94206,Fast,"Research","Completed","DeepOilDrilling",1,"elapsed=1200s"
94206,94206,Fast,"Workshop","Purchased","RotaryDrillingHeads",1,"score=99.15"
94206,94206,Fast,"Building","Waiting","",1,"productivity or territory is insufficient [CokeOven:candidate=True;constructible=True;affordable=False;available=False;owned=4;upgradeTo=IndustrialCarbonizationRetort;research=SteamPower|Coking;workshop=;productivity=-145.08;territory=1761]"
94206,94206,Fast,"Research","Selected","IndustrialMetalSmelting",1,"score=28.324"
94806,94806,Fast,"Research","Paid","IndustrialMetalSmelting",1,"complete resource cost paid atomically"
94806,94806,Fast,"Workshop","Purchased","ControlledBlasting",1,"score=249.46"
94806,94806,Fast,"Building","Waiting","",1,"productivity or territory is insufficient [CokeOven:candidate=True;constructible=True;affordable=False;available=False;owned=4;upgradeTo=IndustrialCarbonizationRetort;research=SteamPower|Coking;workshop=;productivity=-163.96;territory=1761]"
95406,95406,Fast,"Research","Completed","IndustrialMetalSmelting",1,"elapsed=1200s"
95406,95406,Fast,"Workshop","Purchased","HotBlastStoves",1,"score=49.07"
95406,95406,Fast,"Building","Waiting","",1,"productivity or territory is insufficient [CokeOven:candidate=True;constructible=True;affordable=False;available=False;owned=4;upgradeTo=IndustrialCarbonizationRetort;research=SteamPower|Coking;workshop=;productivity=-178.12;territory=1761]"
95406,95406,Fast,"Research","Selected","RailwayEngineering",1,"score=41.022"
96006,96006,Fast,"Research","Paid","RailwayEngineering",1,"complete resource cost paid atomically"
96006,2592000,Fast,"Workshop","Waiting","",4161,"upgrade resources are insufficient"
96006,96006,Fast,"Building","Waiting","",1,"productivity or territory is insufficient [CokeOven:candidate=True;constructible=True;affordable=False;available=False;owned=4;upgradeTo=IndustrialCarbonizationRetort;research=SteamPower|Coking;workshop=;productivity=-189.92;territory=1761]"
96606,96606,Fast,"Building","Waiting","",1,"productivity or territory is insufficient [CokeOven:candidate=True;constructible=True;affordable=False;available=False;owned=4;upgradeTo=IndustrialCarbonizationRetort;research=SteamPower|Coking;workshop=;productivity=-201.72;territory=1761]"
97206,97206,Fast,"Research","Completed","RailwayEngineering",1,"elapsed=1800s"
97206,97206,Fast,"Building","Waiting","",1,"productivity or territory is insufficient [CokeOven:candidate=True;constructible=True;affordable=False;available=False;owned=4;upgradeTo=IndustrialCarbonizationRetort;research=SteamPower|Coking;workshop=;productivity=-211.16;territory=1761]"
97206,97206,Fast,"Research","Selected","ElectricalCommunication",1,"score=55.245"
97806,2592000,Fast,"Research","Waiting","ElectricalCommunication",4158,"complete resource cost is not yet affordable"
97806,97806,Fast,"Building","Waiting","",1,"productivity or territory is insufficient [CokeOven:candidate=True;constructible=True;affordable=False;available=False;owned=4;upgradeTo=IndustrialCarbonizationRetort;research=SteamPower|Coking;workshop=;productivity=-218.24;territory=1761]"
98406,98406,Fast,"Building","Waiting","",1,"productivity or territory is insufficient [CokeOven:candidate=True;constructible=True;affordable=False;available=False;owned=4;upgradeTo=IndustrialCarbonizationRetort;research=SteamPower|Coking;workshop=;productivity=-222.96;territory=1761]"
99006,99006,Fast,"Building","Waiting","",1,"productivity or territory is insufficient [CokeOven:candidate=True;constructible=True;affordable=False;available=False;owned=4;upgradeTo=IndustrialCarbonizationRetort;research=SteamPower|Coking;workshop=;productivity=-227.68;territory=1761]"
99606,99606,Fast,"Building","Waiting","",1,"productivity or territory is insufficient [CokeOven:candidate=True;constructible=True;affordable=False;available=False;owned=4;upgradeTo=IndustrialCarbonizationRetort;research=SteamPower|Coking;workshop=;productivity=-232.4;territory=1761]"
100206,100206,Fast,"Building","Waiting","",1,"productivity or territory is insufficient [CokeOven:candidate=True;constructible=True;affordable=False;available=False;owned=4;upgradeTo=IndustrialCarbonizationRetort;research=SteamPower|Coking;workshop=;productivity=-234.76;territory=1761]"
100806,100806,Fast,"Building","Waiting","",1,"productivity or territory is insufficient [CokeOven:candidate=True;constructible=True;affordable=False;available=False;owned=4;upgradeTo=IndustrialCarbonizationRetort;research=SteamPower|Coking;workshop=;productivity=-239.48;territory=1761]"
101406,102006,Fast,"Building","Waiting","",2,"productivity or territory is insufficient [CokeOven:candidate=True;constructible=True;affordable=False;available=False;owned=4;upgradeTo=IndustrialCarbonizationRetort;research=SteamPower|Coking;workshop=;productivity=-241.84;territory=1761]"
102606,102606,Fast,"Building","Waiting","",1,"productivity or territory is insufficient [CokeOven:candidate=True;constructible=True;affordable=False;available=False;owned=4;upgradeTo=IndustrialCarbonizationRetort;research=SteamPower|Coking;workshop=;productivity=-244.2;territory=1761]"
103206,103806,Fast,"Building","Waiting","",2,"productivity or territory is insufficient [CokeOven:candidate=True;constructible=True;affordable=False;available=False;owned=4;upgradeTo=IndustrialCarbonizationRetort;research=SteamPower|Coking;workshop=;productivity=-246.56;territory=1761]"
104406,105606,Fast,"Building","Waiting","",3,"productivity or territory is insufficient [CokeOven:candidate=True;constructible=True;affordable=False;available=False;owned=4;upgradeTo=IndustrialCarbonizationRetort;research=SteamPower|Coking;workshop=;productivity=-248.92;territory=1761]"
106206,110406,Fast,"Building","Waiting","",8,"productivity or territory is insufficient [CokeOven:candidate=True;constructible=True;affordable=False;available=False;owned=4;upgradeTo=IndustrialCarbonizationRetort;research=SteamPower|Coking;workshop=;productivity=-251.28;territory=1761]"
111006,111006,Fast,"Building","Waiting","",1,"productivity or territory is insufficient [CokeOven:candidate=True;constructible=True;affordable=False;available=False;owned=4;upgradeTo=IndustrialCarbonizationRetort;research=SteamPower|Coking;workshop=;productivity=-253.64;territory=1761]"
111606,111606,Fast,"Building","Constructed","Caravanserai",1,"score=0; count=3"
112206,112206,Fast,"Building","Waiting","",1,"productivity or territory is insufficient [CokeOven:candidate=True;constructible=True;affordable=False;available=False;owned=4;upgradeTo=IndustrialCarbonizationRetort;research=SteamPower|Coking;workshop=;productivity=-39.44;territory=1753]"
112806,112806,Fast,"Building","Waiting","",1,"productivity or territory is insufficient [CokeOven:candidate=True;constructible=True;affordable=False;available=False;owned=4;upgradeTo=IndustrialCarbonizationRetort;research=SteamPower|Coking;workshop=;productivity=-77.2;territory=1753]"
113406,113406,Fast,"Building","Waiting","",1,"productivity or territory is insufficient [CokeOven:candidate=True;constructible=True;affordable=False;available=False;owned=4;upgradeTo=IndustrialCarbonizationRetort;research=SteamPower|Coking;workshop=;productivity=-107.88;territory=1753]"
114006,114006,Fast,"Building","Waiting","",1,"productivity or territory is insufficient [CokeOven:candidate=True;constructible=True;affordable=False;available=False;owned=4;upgradeTo=IndustrialCarbonizationRetort;research=SteamPower|Coking;workshop=;productivity=-133.84;territory=1753]"
114606,114606,Fast,"Building","Waiting","",1,"productivity or territory is insufficient [CokeOven:candidate=True;constructible=True;affordable=False;available=False;owned=4;upgradeTo=IndustrialCarbonizationRetort;research=SteamPower|Coking;workshop=;productivity=-155.08;territory=1753]"
115206,115206,Fast,"Building","Waiting","",1,"productivity or territory is insufficient [CokeOven:candidate=True;constructible=True;affordable=False;available=False;owned=4;upgradeTo=IndustrialCarbonizationRetort;research=SteamPower|Coking;workshop=;productivity=-173.96;territory=1753]"
115806,115806,Fast,"Building","Waiting","",1,"productivity or territory is insufficient [CokeOven:candidate=True;constructible=True;affordable=False;available=False;owned=4;upgradeTo=IndustrialCarbonizationRetort;research=SteamPower|Coking;workshop=;productivity=-188.12;territory=1753]"
116406,116406,Fast,"Building","Waiting","",1,"productivity or territory is insufficient [CokeOven:candidate=True;constructible=True;affordable=False;available=False;owned=4;upgradeTo=IndustrialCarbonizationRetort;research=SteamPower|Coking;workshop=;productivity=-199.92;territory=1753]"
117006,117006,Fast,"Building","Waiting","",1,"productivity or territory is insufficient [CokeOven:candidate=True;constructible=True;affordable=False;available=False;owned=4;upgradeTo=IndustrialCarbonizationRetort;research=SteamPower|Coking;workshop=;productivity=-211.72;territory=1753]"
117606,117606,Fast,"Building","Waiting","",1,"productivity or territory is insufficient [CokeOven:candidate=True;constructible=True;affordable=False;available=False;owned=4;upgradeTo=IndustrialCarbonizationRetort;research=SteamPower|Coking;workshop=;productivity=-221.16;territory=1753]"
118206,118206,Fast,"Building","Waiting","",1,"productivity or territory is insufficient [CokeOven:candidate=True;constructible=True;affordable=False;available=False;owned=4;upgradeTo=IndustrialCarbonizationRetort;research=SteamPower|Coking;workshop=;productivity=-228.24;territory=1753]"
118806,118806,Fast,"Building","Waiting","",1,"productivity or territory is insufficient [CokeOven:candidate=True;constructible=True;affordable=False;available=False;owned=4;upgradeTo=IndustrialCarbonizationRetort;research=SteamPower|Coking;workshop=;productivity=-232.96;territory=1753]"
119406,119406,Fast,"Building","Waiting","",1,"productivity or territory is insufficient [CokeOven:candidate=True;constructible=True;affordable=False;available=False;owned=4;upgradeTo=IndustrialCarbonizationRetort;research=SteamPower|Coking;workshop=;productivity=-237.68;territory=1753]"
120006,120006,Fast,"Building","Waiting","",1,"productivity or territory is insufficient [CokeOven:candidate=True;constructible=True;affordable=False;available=False;owned=4;upgradeTo=IndustrialCarbonizationRetort;research=SteamPower|Coking;workshop=;productivity=-242.4;territory=1753]"
120606,120606,Fast,"Building","Waiting","",1,"productivity or territory is insufficient [CokeOven:candidate=True;constructible=True;affordable=False;available=False;owned=4;upgradeTo=IndustrialCarbonizationRetort;research=SteamPower|Coking;workshop=;productivity=-244.76;territory=1753]"
121206,121206,Fast,"Building","Waiting","",1,"productivity or territory is insufficient [CokeOven:candidate=True;constructible=True;affordable=False;available=False;owned=4;upgradeTo=IndustrialCarbonizationRetort;research=SteamPower|Coking;workshop=;productivity=-249.48;territory=1753]"
121806,122406,Fast,"Building","Waiting","",2,"productivity or territory is insufficient [CokeOven:candidate=True;constructible=True;affordable=False;available=False;owned=4;upgradeTo=IndustrialCarbonizationRetort;research=SteamPower|Coking;workshop=;productivity=-251.84;territory=1753]"
123006,123006,Fast,"Building","Waiting","",1,"productivity or territory is insufficient [CokeOven:candidate=True;constructible=True;affordable=False;available=False;owned=4;upgradeTo=IndustrialCarbonizationRetort;research=SteamPower|Coking;workshop=;productivity=-254.2;territory=1753]"
123606,124206,Fast,"Building","Waiting","",2,"productivity or territory is insufficient [CokeOven:candidate=True;constructible=True;affordable=False;available=False;owned=4;upgradeTo=IndustrialCarbonizationRetort;research=SteamPower|Coking;workshop=;productivity=-256.56;territory=1753]"
124806,126006,Fast,"Building","Waiting","",3,"productivity or territory is insufficient [CokeOven:candidate=True;constructible=True;affordable=False;available=False;owned=4;upgradeTo=IndustrialCarbonizationRetort;research=SteamPower|Coking;workshop=;productivity=-258.92;territory=1753]"
126606,130806,Fast,"Building","Waiting","",8,"productivity or territory is insufficient [CokeOven:candidate=True;constructible=True;affordable=False;available=False;owned=4;upgradeTo=IndustrialCarbonizationRetort;research=SteamPower|Coking;workshop=;productivity=-261.28;territory=1753]"
131406,131406,Fast,"Building","Waiting","",1,"productivity or territory is insufficient [CokeOven:candidate=True;constructible=True;affordable=False;available=False;owned=4;upgradeTo=IndustrialCarbonizationRetort;research=SteamPower|Coking;workshop=;productivity=-263.64;territory=1753]"
132006,132006,Fast,"Building","Constructed","Farm",1,"score=360; count=1"
132606,132606,Fast,"Building","Waiting","",1,"productivity or territory is insufficient [CokeOven:candidate=True;constructible=True;affordable=False;available=False;owned=4;upgradeTo=IndustrialCarbonizationRetort;research=SteamPower|Coking;workshop=;productivity=-35.36;territory=1749]"
133206,133206,Fast,"Building","Waiting","",1,"productivity or territory is insufficient [CokeOven:candidate=True;constructible=True;affordable=False;available=False;owned=4;upgradeTo=IndustrialCarbonizationRetort;research=SteamPower|Coking;workshop=;productivity=-66.04;territory=1749]"
133806,133806,Fast,"Building","Waiting","",1,"productivity or territory is insufficient [CokeOven:candidate=True;constructible=True;affordable=False;available=False;owned=4;upgradeTo=IndustrialCarbonizationRetort;research=SteamPower|Coking;workshop=;productivity=-92;territory=1749]"
134406,134406,Fast,"Building","Waiting","",1,"productivity or territory is insufficient [CokeOven:candidate=True;constructible=True;affordable=False;available=False;owned=4;upgradeTo=IndustrialCarbonizationRetort;research=SteamPower|Coking;workshop=;productivity=-113.24;territory=1749]"
135006,135006,Fast,"Building","Waiting","",1,"productivity or territory is insufficient [CokeOven:candidate=True;constructible=True;affordable=False;available=False;owned=4;upgradeTo=IndustrialCarbonizationRetort;research=SteamPower|Coking;workshop=;productivity=-132.12;territory=1749]"
135606,135606,Fast,"Building","Waiting","",1,"productivity or territory is insufficient [CokeOven:candidate=True;constructible=True;affordable=False;available=False;owned=4;upgradeTo=IndustrialCarbonizationRetort;research=SteamPower|Coking;workshop=;productivity=-146.28;territory=1749]"
136206,136206,Fast,"Building","Waiting","",1,"productivity or territory is insufficient [CokeOven:candidate=True;constructible=True;affordable=False;available=False;owned=4;upgradeTo=IndustrialCarbonizationRetort;research=SteamPower|Coking;workshop=;productivity=-158.08;territory=1749]"
136806,136806,Fast,"Building","Waiting","",1,"productivity or territory is insufficient [CokeOven:candidate=True;constructible=True;affordable=False;available=False;owned=4;upgradeTo=IndustrialCarbonizationRetort;research=SteamPower|Coking;workshop=;productivity=-169.88;territory=1749]"
137406,137406,Fast,"Building","Waiting","",1,"productivity or territory is insufficient [CokeOven:candidate=True;constructible=True;affordable=False;available=False;owned=4;upgradeTo=IndustrialCarbonizationRetort;research=SteamPower|Coking;workshop=;productivity=-176.96;territory=1749]"
138006,138006,Fast,"Building","Waiting","",1,"productivity or territory is insufficient [CokeOven:candidate=True;constructible=True;affordable=False;available=False;owned=4;upgradeTo=IndustrialCarbonizationRetort;research=SteamPower|Coking;workshop=;productivity=-186.4;territory=1749]"
138606,138606,Fast,"Building","Waiting","",1,"productivity or territory is insufficient [CokeOven:candidate=True;constructible=True;affordable=False;available=False;owned=4;upgradeTo=IndustrialCarbonizationRetort;research=SteamPower|Coking;workshop=;productivity=-191.12;territory=1749]"
139206,139206,Fast,"Building","Waiting","",1,"productivity or territory is insufficient [CokeOven:candidate=True;constructible=True;affordable=False;available=False;owned=4;upgradeTo=IndustrialCarbonizationRetort;research=SteamPower|Coking;workshop=;productivity=-195.84;territory=1749]"
139806,139806,Fast,"Building","Waiting","",1,"productivity or territory is insufficient [CokeOven:candidate=True;constructible=True;affordable=False;available=False;owned=4;upgradeTo=IndustrialCarbonizationRetort;research=SteamPower|Coking;workshop=;productivity=-200.56;territory=1749]"
140406,140406,Fast,"Building","Waiting","",1,"productivity or territory is insufficient [CokeOven:candidate=True;constructible=True;affordable=False;available=False;owned=4;upgradeTo=IndustrialCarbonizationRetort;research=SteamPower|Coking;workshop=;productivity=-202.92;territory=1749]"
141006,141006,Fast,"Building","Waiting","",1,"productivity or territory is insufficient [CokeOven:candidate=True;constructible=True;affordable=False;available=False;owned=4;upgradeTo=IndustrialCarbonizationRetort;research=SteamPower|Coking;workshop=;productivity=-207.64;territory=1749]"
141606,142206,Fast,"Building","Waiting","",2,"productivity or territory is insufficient [CokeOven:candidate=True;constructible=True;affordable=False;available=False;owned=4;upgradeTo=IndustrialCarbonizationRetort;research=SteamPower|Coking;workshop=;productivity=-210;territory=1749]"
142806,142806,Fast,"Building","Waiting","",1,"productivity or territory is insufficient [CokeOven:candidate=True;constructible=True;affordable=False;available=False;owned=4;upgradeTo=IndustrialCarbonizationRetort;research=SteamPower|Coking;workshop=;productivity=-212.36;territory=1749]"
143406,144006,Fast,"Building","Waiting","",2,"productivity or territory is insufficient [CokeOven:candidate=True;constructible=True;affordable=False;available=False;owned=4;upgradeTo=IndustrialCarbonizationRetort;research=SteamPower|Coking;workshop=;productivity=-214.72;territory=1749]"
144606,146406,Fast,"Building","Waiting","",4,"productivity or territory is insufficient [CokeOven:candidate=True;constructible=True;affordable=False;available=False;owned=4;upgradeTo=IndustrialCarbonizationRetort;research=SteamPower|Coking;workshop=;productivity=-217.08;territory=1749]"
147006,151206,Fast,"Building","Waiting","",8,"productivity or territory is insufficient [CokeOven:candidate=True;constructible=True;affordable=False;available=False;owned=4;upgradeTo=IndustrialCarbonizationRetort;research=SteamPower|Coking;workshop=;productivity=-219.44;territory=1749]"
151806,151806,Fast,"Building","Waiting","",1,"productivity or territory is insufficient [CokeOven:candidate=True;constructible=True;affordable=False;available=False;owned=4;upgradeTo=IndustrialCarbonizationRetort;research=SteamPower|Coking;workshop=;productivity=-221.8;territory=1749]"
152406,152406,Fast,"Building","Waiting","",1,"productivity or territory is insufficient [CokeOven:candidate=True;constructible=True;affordable=False;available=False;owned=4;upgradeTo=IndustrialCarbonizationRetort;research=SteamPower|Coking;workshop=;productivity=0.04;territory=1749]"
153006,153006,Fast,"Building","Waiting","",1,"productivity or territory is insufficient [CokeOven:candidate=True;constructible=True;affordable=False;available=False;owned=4;upgradeTo=IndustrialCarbonizationRetort;research=SteamPower|Coking;workshop=;productivity=-35.36;territory=1749]"
153606,153606,Fast,"Building","Waiting","",1,"productivity or territory is insufficient [CokeOven:candidate=True;constructible=True;affordable=False;available=False;owned=4;upgradeTo=IndustrialCarbonizationRetort;research=SteamPower|Coking;workshop=;productivity=-66.04;territory=1749]"
154206,154206,Fast,"Building","Waiting","",1,"productivity or territory is insufficient [CokeOven:candidate=True;constructible=True;affordable=False;available=False;owned=4;upgradeTo=IndustrialCarbonizationRetort;research=SteamPower|Coking;workshop=;productivity=-92;territory=1749]"
154806,154806,Fast,"Building","Waiting","",1,"productivity or territory is insufficient [CokeOven:candidate=True;constructible=True;affordable=False;available=False;owned=4;upgradeTo=IndustrialCarbonizationRetort;research=SteamPower|Coking;workshop=;productivity=-113.24;territory=1749]"
155406,155406,Fast,"Building","Waiting","",1,"productivity or territory is insufficient [CokeOven:candidate=True;constructible=True;affordable=False;available=False;owned=4;upgradeTo=IndustrialCarbonizationRetort;research=SteamPower|Coking;workshop=;productivity=-132.12;territory=1749]"
156006,156006,Fast,"Building","Waiting","",1,"productivity or territory is insufficient [CokeOven:candidate=True;constructible=True;affordable=False;available=False;owned=4;upgradeTo=IndustrialCarbonizationRetort;research=SteamPower|Coking;workshop=;productivity=-146.28;territory=1749]"
156606,156606,Fast,"Building","Waiting","",1,"productivity or territory is insufficient [CokeOven:candidate=True;constructible=True;affordable=False;available=False;owned=4;upgradeTo=IndustrialCarbonizationRetort;research=SteamPower|Coking;workshop=;productivity=-158.08;territory=1749]"
157206,157206,Fast,"Building","Waiting","",1,"productivity or territory is insufficient [CokeOven:candidate=True;constructible=True;affordable=False;available=False;owned=4;upgradeTo=IndustrialCarbonizationRetort;research=SteamPower|Coking;workshop=;productivity=-169.88;territory=1749]"
157806,157806,Fast,"Building","Waiting","",1,"productivity or territory is insufficient [CokeOven:candidate=True;constructible=True;affordable=False;available=False;owned=4;upgradeTo=IndustrialCarbonizationRetort;research=SteamPower|Coking;workshop=;productivity=-176.96;territory=1749]"
158406,158406,Fast,"Building","Waiting","",1,"productivity or territory is insufficient [CokeOven:candidate=True;constructible=True;affordable=False;available=False;owned=4;upgradeTo=IndustrialCarbonizationRetort;research=SteamPower|Coking;workshop=;productivity=-186.4;territory=1749]"
159006,159006,Fast,"Building","Waiting","",1,"productivity or territory is insufficient [CokeOven:candidate=True;constructible=True;affordable=False;available=False;owned=4;upgradeTo=IndustrialCarbonizationRetort;research=SteamPower|Coking;workshop=;productivity=-191.12;territory=1749]"
159606,159606,Fast,"Building","Waiting","",1,"productivity or territory is insufficient [CokeOven:candidate=True;constructible=True;affordable=False;available=False;owned=4;upgradeTo=IndustrialCarbonizationRetort;research=SteamPower|Coking;workshop=;productivity=-195.84;territory=1749]"
160206,160206,Fast,"Building","Waiting","",1,"productivity or territory is insufficient [CokeOven:candidate=True;constructible=True;affordable=False;available=False;owned=4;upgradeTo=IndustrialCarbonizationRetort;research=SteamPower|Coking;workshop=;productivity=-200.56;territory=1749]"
160806,160806,Fast,"Building","Waiting","",1,"productivity or territory is insufficient [CokeOven:candidate=True;constructible=True;affordable=False;available=False;owned=4;upgradeTo=IndustrialCarbonizationRetort;research=SteamPower|Coking;workshop=;productivity=-202.92;territory=1749]"
161406,161406,Fast,"Building","Waiting","",1,"productivity or territory is insufficient [CokeOven:candidate=True;constructible=True;affordable=False;available=False;owned=4;upgradeTo=IndustrialCarbonizationRetort;research=SteamPower|Coking;workshop=;productivity=-207.64;territory=1749]"
162006,162606,Fast,"Building","Waiting","",2,"productivity or territory is insufficient [CokeOven:candidate=True;constructible=True;affordable=False;available=False;owned=4;upgradeTo=IndustrialCarbonizationRetort;research=SteamPower|Coking;workshop=;productivity=-210;territory=1749]"
163206,163206,Fast,"Building","Waiting","",1,"productivity or territory is insufficient [CokeOven:candidate=True;constructible=True;affordable=False;available=False;owned=4;upgradeTo=IndustrialCarbonizationRetort;research=SteamPower|Coking;workshop=;productivity=-212.36;territory=1749]"
163806,164406,Fast,"Building","Waiting","",2,"productivity or territory is insufficient [CokeOven:candidate=True;constructible=True;affordable=False;available=False;owned=4;upgradeTo=IndustrialCarbonizationRetort;research=SteamPower|Coking;workshop=;productivity=-214.72;territory=1749]"
165006,166806,Fast,"Building","Waiting","",4,"productivity or territory is insufficient [CokeOven:candidate=True;constructible=True;affordable=False;available=False;owned=4;upgradeTo=IndustrialCarbonizationRetort;research=SteamPower|Coking;workshop=;productivity=-217.08;territory=1749]"
167406,171606,Fast,"Building","Waiting","",8,"productivity or territory is insufficient [CokeOven:candidate=True;constructible=True;affordable=False;available=False;owned=4;upgradeTo=IndustrialCarbonizationRetort;research=SteamPower|Coking;workshop=;productivity=-219.44;territory=1749]"
172206,172206,Fast,"Building","Waiting","",1,"productivity or territory is insufficient [CokeOven:candidate=True;constructible=True;affordable=False;available=False;owned=4;upgradeTo=IndustrialCarbonizationRetort;research=SteamPower|Coking;workshop=;productivity=-221.8;territory=1749]"
172806,172806,Fast,"Building","Waiting","",1,"productivity or territory is insufficient [CokeOven:candidate=True;constructible=True;affordable=False;available=False;owned=4;upgradeTo=IndustrialCarbonizationRetort;research=SteamPower|Coking;workshop=;productivity=0.04;territory=1749]"
173406,173406,Fast,"Building","Waiting","",1,"productivity or territory is insufficient [CokeOven:candidate=True;constructible=True;affordable=False;available=False;owned=4;upgradeTo=IndustrialCarbonizationRetort;research=SteamPower|Coking;workshop=;productivity=-35.36;territory=1749]"
174006,174006,Fast,"Building","Waiting","",1,"productivity or territory is insufficient [CokeOven:candidate=True;constructible=True;affordable=False;available=False;owned=4;upgradeTo=IndustrialCarbonizationRetort;research=SteamPower|Coking;workshop=;productivity=-66.04;territory=1749]"
174606,174606,Fast,"Building","Waiting","",1,"productivity or territory is insufficient [CokeOven:candidate=True;constructible=True;affordable=False;available=False;owned=4;upgradeTo=IndustrialCarbonizationRetort;research=SteamPower|Coking;workshop=;productivity=-92;territory=1749]"
175206,175206,Fast,"Building","Waiting","",1,"productivity or territory is insufficient [CokeOven:candidate=True;constructible=True;affordable=False;available=False;owned=4;upgradeTo=IndustrialCarbonizationRetort;research=SteamPower|Coking;workshop=;productivity=-113.24;territory=1749]"
175806,175806,Fast,"Building","Waiting","",1,"productivity or territory is insufficient [CokeOven:candidate=True;constructible=True;affordable=False;available=False;owned=4;upgradeTo=IndustrialCarbonizationRetort;research=SteamPower|Coking;workshop=;productivity=-132.12;territory=1749]"
176406,176406,Fast,"Building","Waiting","",1,"productivity or territory is insufficient [CokeOven:candidate=True;constructible=True;affordable=False;available=False;owned=4;upgradeTo=IndustrialCarbonizationRetort;research=SteamPower|Coking;workshop=;productivity=-146.28;territory=1749]"
177006,177006,Fast,"Building","Waiting","",1,"productivity or territory is insufficient [CokeOven:candidate=True;constructible=True;affordable=False;available=False;owned=4;upgradeTo=IndustrialCarbonizationRetort;research=SteamPower|Coking;workshop=;productivity=-158.08;territory=1749]"
177606,177606,Fast,"Building","Waiting","",1,"productivity or territory is insufficient [CokeOven:candidate=True;constructible=True;affordable=False;available=False;owned=4;upgradeTo=IndustrialCarbonizationRetort;research=SteamPower|Coking;workshop=;productivity=-169.88;territory=1749]"
178206,178206,Fast,"Building","Waiting","",1,"productivity or territory is insufficient [CokeOven:candidate=True;constructible=True;affordable=False;available=False;owned=4;upgradeTo=IndustrialCarbonizationRetort;research=SteamPower|Coking;workshop=;productivity=-176.96;territory=1749]"
178806,178806,Fast,"Building","Waiting","",1,"productivity or territory is insufficient [CokeOven:candidate=True;constructible=True;affordable=False;available=False;owned=4;upgradeTo=IndustrialCarbonizationRetort;research=SteamPower|Coking;workshop=;productivity=-186.4;territory=1749]"
179406,179406,Fast,"Building","Waiting","",1,"productivity or territory is insufficient [CokeOven:candidate=True;constructible=True;affordable=False;available=False;owned=4;upgradeTo=IndustrialCarbonizationRetort;research=SteamPower|Coking;workshop=;productivity=-191.12;territory=1749]"
180006,180006,Fast,"Building","Waiting","",1,"productivity or territory is insufficient [CokeOven:candidate=True;constructible=True;affordable=False;available=False;owned=4;upgradeTo=IndustrialCarbonizationRetort;research=SteamPower|Coking;workshop=;productivity=-195.84;territory=1749]"
180606,180606,Fast,"Building","Waiting","",1,"productivity or territory is insufficient [CokeOven:candidate=True;constructible=True;affordable=False;available=False;owned=4;upgradeTo=IndustrialCarbonizationRetort;research=SteamPower|Coking;workshop=;productivity=-200.56;territory=1749]"
181206,181206,Fast,"Building","Waiting","",1,"productivity or territory is insufficient [CokeOven:candidate=True;constructible=True;affordable=False;available=False;owned=4;upgradeTo=IndustrialCarbonizationRetort;research=SteamPower|Coking;workshop=;productivity=-202.92;territory=1749]"
181806,181806,Fast,"Building","Waiting","",1,"productivity or territory is insufficient [CokeOven:candidate=True;constructible=True;affordable=False;available=False;owned=4;upgradeTo=IndustrialCarbonizationRetort;research=SteamPower|Coking;workshop=;productivity=-207.64;territory=1749]"
182406,183006,Fast,"Building","Waiting","",2,"productivity or territory is insufficient [CokeOven:candidate=True;constructible=True;affordable=False;available=False;owned=4;upgradeTo=IndustrialCarbonizationRetort;research=SteamPower|Coking;workshop=;productivity=-210;territory=1749]"
183606,183606,Fast,"Building","Waiting","",1,"productivity or territory is insufficient [CokeOven:candidate=True;constructible=True;affordable=False;available=False;owned=4;upgradeTo=IndustrialCarbonizationRetort;research=SteamPower|Coking;workshop=;productivity=-212.36;territory=1749]"
184206,184806,Fast,"Building","Waiting","",2,"productivity or territory is insufficient [CokeOven:candidate=True;constructible=True;affordable=False;available=False;owned=4;upgradeTo=IndustrialCarbonizationRetort;research=SteamPower|Coking;workshop=;productivity=-214.72;territory=1749]"
185406,187206,Fast,"Building","Waiting","",4,"productivity or territory is insufficient [CokeOven:candidate=True;constructible=True;affordable=False;available=False;owned=4;upgradeTo=IndustrialCarbonizationRetort;research=SteamPower|Coking;workshop=;productivity=-217.08;territory=1749]"
187806,192006,Fast,"Building","Waiting","",8,"productivity or territory is insufficient [CokeOven:candidate=True;constructible=True;affordable=False;available=False;owned=4;upgradeTo=IndustrialCarbonizationRetort;research=SteamPower|Coking;workshop=;productivity=-219.44;territory=1749]"
192606,192606,Fast,"Building","Waiting","",1,"productivity or territory is insufficient [CokeOven:candidate=True;constructible=True;affordable=False;available=False;owned=4;upgradeTo=IndustrialCarbonizationRetort;research=SteamPower|Coking;workshop=;productivity=-221.8;territory=1749]"
193206,193206,Fast,"Building","Waiting","",1,"productivity or territory is insufficient [CokeOven:candidate=True;constructible=True;affordable=False;available=False;owned=4;upgradeTo=IndustrialCarbonizationRetort;research=SteamPower|Coking;workshop=;productivity=0.04;territory=1749]"
193806,193806,Fast,"Building","Waiting","",1,"productivity or territory is insufficient [CokeOven:candidate=True;constructible=True;affordable=False;available=False;owned=4;upgradeTo=IndustrialCarbonizationRetort;research=SteamPower|Coking;workshop=;productivity=-35.36;territory=1749]"
194406,194406,Fast,"Building","Waiting","",1,"productivity or territory is insufficient [CokeOven:candidate=True;constructible=True;affordable=False;available=False;owned=4;upgradeTo=IndustrialCarbonizationRetort;research=SteamPower|Coking;workshop=;productivity=-66.04;territory=1749]"
195006,195006,Fast,"Building","Waiting","",1,"productivity or territory is insufficient [CokeOven:candidate=True;constructible=True;affordable=False;available=False;owned=4;upgradeTo=IndustrialCarbonizationRetort;research=SteamPower|Coking;workshop=;productivity=-92;territory=1749]"
195606,195606,Fast,"Building","Waiting","",1,"productivity or territory is insufficient [CokeOven:candidate=True;constructible=True;affordable=False;available=False;owned=4;upgradeTo=IndustrialCarbonizationRetort;research=SteamPower|Coking;workshop=;productivity=-113.24;territory=1749]"
196206,196206,Fast,"Building","Waiting","",1,"productivity or territory is insufficient [CokeOven:candidate=True;constructible=True;affordable=False;available=False;owned=4;upgradeTo=IndustrialCarbonizationRetort;research=SteamPower|Coking;workshop=;productivity=-132.12;territory=1749]"
196806,196806,Fast,"Building","Waiting","",1,"productivity or territory is insufficient [CokeOven:candidate=True;constructible=True;affordable=False;available=False;owned=4;upgradeTo=IndustrialCarbonizationRetort;research=SteamPower|Coking;workshop=;productivity=-146.28;territory=1749]"
197406,197406,Fast,"Building","Waiting","",1,"productivity or territory is insufficient [CokeOven:candidate=True;constructible=True;affordable=False;available=False;owned=4;upgradeTo=IndustrialCarbonizationRetort;research=SteamPower|Coking;workshop=;productivity=-158.08;territory=1749]"
198006,198006,Fast,"Building","Waiting","",1,"productivity or territory is insufficient [CokeOven:candidate=True;constructible=True;affordable=False;available=False;owned=4;upgradeTo=IndustrialCarbonizationRetort;research=SteamPower|Coking;workshop=;productivity=-169.88;territory=1749]"
198606,198606,Fast,"Building","Waiting","",1,"productivity or territory is insufficient [CokeOven:candidate=True;constructible=True;affordable=False;available=False;owned=4;upgradeTo=IndustrialCarbonizationRetort;research=SteamPower|Coking;workshop=;productivity=-176.96;territory=1749]"
199206,199206,Fast,"Building","Waiting","",1,"productivity or territory is insufficient [CokeOven:candidate=True;constructible=True;affordable=False;available=False;owned=4;upgradeTo=IndustrialCarbonizationRetort;research=SteamPower|Coking;workshop=;productivity=-186.4;territory=1749]"
199806,199806,Fast,"Building","Waiting","",1,"productivity or territory is insufficient [CokeOven:candidate=True;constructible=True;affordable=False;available=False;owned=4;upgradeTo=IndustrialCarbonizationRetort;research=SteamPower|Coking;workshop=;productivity=-191.12;territory=1749]"
200406,200406,Fast,"Building","Waiting","",1,"productivity or territory is insufficient [CokeOven:candidate=True;constructible=True;affordable=False;available=False;owned=4;upgradeTo=IndustrialCarbonizationRetort;research=SteamPower|Coking;workshop=;productivity=-195.84;territory=1749]"
201006,201006,Fast,"Building","Waiting","",1,"productivity or territory is insufficient [CokeOven:candidate=True;constructible=True;affordable=False;available=False;owned=4;upgradeTo=IndustrialCarbonizationRetort;research=SteamPower|Coking;workshop=;productivity=-200.56;territory=1749]"
201606,201606,Fast,"Building","Waiting","",1,"productivity or territory is insufficient [CokeOven:candidate=True;constructible=True;affordable=False;available=False;owned=4;upgradeTo=IndustrialCarbonizationRetort;research=SteamPower|Coking;workshop=;productivity=-202.92;territory=1749]"
202206,202206,Fast,"Building","Waiting","",1,"productivity or territory is insufficient [CokeOven:candidate=True;constructible=True;affordable=False;available=False;owned=4;upgradeTo=IndustrialCarbonizationRetort;research=SteamPower|Coking;workshop=;productivity=-207.64;territory=1749]"
202806,203406,Fast,"Building","Waiting","",2,"productivity or territory is insufficient [CokeOven:candidate=True;constructible=True;affordable=False;available=False;owned=4;upgradeTo=IndustrialCarbonizationRetort;research=SteamPower|Coking;workshop=;productivity=-210;territory=1749]"
204006,204006,Fast,"Building","Waiting","",1,"productivity or territory is insufficient [CokeOven:candidate=True;constructible=True;affordable=False;available=False;owned=4;upgradeTo=IndustrialCarbonizationRetort;research=SteamPower|Coking;workshop=;productivity=-212.36;territory=1749]"
204606,205206,Fast,"Building","Waiting","",2,"productivity or territory is insufficient [CokeOven:candidate=True;constructible=True;affordable=False;available=False;owned=4;upgradeTo=IndustrialCarbonizationRetort;research=SteamPower|Coking;workshop=;productivity=-214.72;territory=1749]"
205806,207606,Fast,"Building","Waiting","",4,"productivity or territory is insufficient [CokeOven:candidate=True;constructible=True;affordable=False;available=False;owned=4;upgradeTo=IndustrialCarbonizationRetort;research=SteamPower|Coking;workshop=;productivity=-217.08;territory=1749]"
208206,212406,Fast,"Building","Waiting","",8,"productivity or territory is insufficient [CokeOven:candidate=True;constructible=True;affordable=False;available=False;owned=4;upgradeTo=IndustrialCarbonizationRetort;research=SteamPower|Coking;workshop=;productivity=-219.44;territory=1749]"
213006,213006,Fast,"Building","Waiting","",1,"productivity or territory is insufficient [CokeOven:candidate=True;constructible=True;affordable=False;available=False;owned=4;upgradeTo=IndustrialCarbonizationRetort;research=SteamPower|Coking;workshop=;productivity=-221.8;territory=1749]"
213606,213606,Fast,"Building","Waiting","",1,"productivity or territory is insufficient [CokeOven:candidate=True;constructible=True;affordable=False;available=False;owned=4;upgradeTo=IndustrialCarbonizationRetort;research=SteamPower|Coking;workshop=;productivity=0.04;territory=1749]"
214206,214206,Fast,"Building","Waiting","",1,"productivity or territory is insufficient [CokeOven:candidate=True;constructible=True;affordable=False;available=False;owned=4;upgradeTo=IndustrialCarbonizationRetort;research=SteamPower|Coking;workshop=;productivity=-35.36;territory=1749]"
214806,214806,Fast,"Building","Waiting","",1,"productivity or territory is insufficient [CokeOven:candidate=True;constructible=True;affordable=False;available=False;owned=4;upgradeTo=IndustrialCarbonizationRetort;research=SteamPower|Coking;workshop=;productivity=-66.04;territory=1749]"
215406,215406,Fast,"Building","Waiting","",1,"productivity or territory is insufficient [CokeOven:candidate=True;constructible=True;affordable=False;available=False;owned=4;upgradeTo=IndustrialCarbonizationRetort;research=SteamPower|Coking;workshop=;productivity=-92;territory=1749]"
216006,216006,Fast,"Building","Waiting","",1,"productivity or territory is insufficient [CokeOven:candidate=True;constructible=True;affordable=False;available=False;owned=4;upgradeTo=IndustrialCarbonizationRetort;research=SteamPower|Coking;workshop=;productivity=-113.24;territory=1749]"
216606,216606,Fast,"Building","Waiting","",1,"productivity or territory is insufficient [CokeOven:candidate=True;constructible=True;affordable=False;available=False;owned=4;upgradeTo=IndustrialCarbonizationRetort;research=SteamPower|Coking;workshop=;productivity=-132.12;territory=1749]"
217206,217206,Fast,"Building","Waiting","",1,"productivity or territory is insufficient [CokeOven:candidate=True;constructible=True;affordable=False;available=False;owned=4;upgradeTo=IndustrialCarbonizationRetort;research=SteamPower|Coking;workshop=;productivity=-146.28;territory=1749]"
217806,217806,Fast,"Building","Waiting","",1,"productivity or territory is insufficient [CokeOven:candidate=True;constructible=True;affordable=False;available=False;owned=4;upgradeTo=IndustrialCarbonizationRetort;research=SteamPower|Coking;workshop=;productivity=-158.08;territory=1749]"
218406,218406,Fast,"Building","Waiting","",1,"productivity or territory is insufficient [CokeOven:candidate=True;constructible=True;affordable=False;available=False;owned=4;upgradeTo=IndustrialCarbonizationRetort;research=SteamPower|Coking;workshop=;productivity=-169.88;territory=1749]"
219006,219006,Fast,"Building","Waiting","",1,"productivity or territory is insufficient [CokeOven:candidate=True;constructible=True;affordable=False;available=False;owned=4;upgradeTo=IndustrialCarbonizationRetort;research=SteamPower|Coking;workshop=;productivity=-176.96;territory=1749]"
219606,219606,Fast,"Building","Waiting","",1,"productivity or territory is insufficient [CokeOven:candidate=True;constructible=True;affordable=False;available=False;owned=4;upgradeTo=IndustrialCarbonizationRetort;research=SteamPower|Coking;workshop=;productivity=-186.4;territory=1749]"
220206,220206,Fast,"Building","Waiting","",1,"productivity or territory is insufficient [CokeOven:candidate=True;constructible=True;affordable=False;available=False;owned=4;upgradeTo=IndustrialCarbonizationRetort;research=SteamPower|Coking;workshop=;productivity=-191.12;territory=1749]"
220806,220806,Fast,"Building","Waiting","",1,"productivity or territory is insufficient [CokeOven:candidate=True;constructible=True;affordable=False;available=False;owned=4;upgradeTo=IndustrialCarbonizationRetort;research=SteamPower|Coking;workshop=;productivity=-195.84;territory=1749]"
221406,221406,Fast,"Building","Waiting","",1,"productivity or territory is insufficient [CokeOven:candidate=True;constructible=True;affordable=False;available=False;owned=4;upgradeTo=IndustrialCarbonizationRetort;research=SteamPower|Coking;workshop=;productivity=-200.56;territory=1749]"
222006,222006,Fast,"Building","Waiting","",1,"productivity or territory is insufficient [CokeOven:candidate=True;constructible=True;affordable=False;available=False;owned=4;upgradeTo=IndustrialCarbonizationRetort;research=SteamPower|Coking;workshop=;productivity=-202.92;territory=1749]"
222606,222606,Fast,"Building","Waiting","",1,"productivity or territory is insufficient [CokeOven:candidate=True;constructible=True;affordable=False;available=False;owned=4;upgradeTo=IndustrialCarbonizationRetort;research=SteamPower|Coking;workshop=;productivity=-207.64;territory=1749]"
223206,223806,Fast,"Building","Waiting","",2,"productivity or territory is insufficient [CokeOven:candidate=True;constructible=True;affordable=False;available=False;owned=4;upgradeTo=IndustrialCarbonizationRetort;research=SteamPower|Coking;workshop=;productivity=-210;territory=1749]"
224406,224406,Fast,"Building","Waiting","",1,"productivity or territory is insufficient [CokeOven:candidate=True;constructible=True;affordable=False;available=False;owned=4;upgradeTo=IndustrialCarbonizationRetort;research=SteamPower|Coking;workshop=;productivity=-212.36;territory=1749]"
225006,225606,Fast,"Building","Waiting","",2,"productivity or territory is insufficient [CokeOven:candidate=True;constructible=True;affordable=False;available=False;owned=4;upgradeTo=IndustrialCarbonizationRetort;research=SteamPower|Coking;workshop=;productivity=-214.72;territory=1749]"
226206,228006,Fast,"Building","Waiting","",4,"productivity or territory is insufficient [CokeOven:candidate=True;constructible=True;affordable=False;available=False;owned=4;upgradeTo=IndustrialCarbonizationRetort;research=SteamPower|Coking;workshop=;productivity=-217.08;territory=1749]"
228606,232806,Fast,"Building","Waiting","",8,"productivity or territory is insufficient [CokeOven:candidate=True;constructible=True;affordable=False;available=False;owned=4;upgradeTo=IndustrialCarbonizationRetort;research=SteamPower|Coking;workshop=;productivity=-219.44;territory=1749]"
233406,233406,Fast,"Building","Waiting","",1,"productivity or territory is insufficient [CokeOven:candidate=True;constructible=True;affordable=False;available=False;owned=4;upgradeTo=IndustrialCarbonizationRetort;research=SteamPower|Coking;workshop=;productivity=-221.8;territory=1749]"
234006,234006,Fast,"Building","Waiting","",1,"productivity or territory is insufficient [CokeOven:candidate=True;constructible=True;affordable=False;available=False;owned=4;upgradeTo=IndustrialCarbonizationRetort;research=SteamPower|Coking;workshop=;productivity=0.04;territory=1749]"
234606,234606,Fast,"Building","Waiting","",1,"productivity or territory is insufficient [CokeOven:candidate=True;constructible=True;affordable=False;available=False;owned=4;upgradeTo=IndustrialCarbonizationRetort;research=SteamPower|Coking;workshop=;productivity=-35.36;territory=1749]"
235206,235206,Fast,"Building","Waiting","",1,"productivity or territory is insufficient [CokeOven:candidate=True;constructible=True;affordable=False;available=False;owned=4;upgradeTo=IndustrialCarbonizationRetort;research=SteamPower|Coking;workshop=;productivity=-66.04;territory=1749]"
235806,235806,Fast,"Building","Waiting","",1,"productivity or territory is insufficient [CokeOven:candidate=True;constructible=True;affordable=False;available=False;owned=4;upgradeTo=IndustrialCarbonizationRetort;research=SteamPower|Coking;workshop=;productivity=-92;territory=1749]"
236406,236406,Fast,"Building","Waiting","",1,"productivity or territory is insufficient [CokeOven:candidate=True;constructible=True;affordable=False;available=False;owned=4;upgradeTo=IndustrialCarbonizationRetort;research=SteamPower|Coking;workshop=;productivity=-113.24;territory=1749]"
237006,237006,Fast,"Building","Waiting","",1,"productivity or territory is insufficient [CokeOven:candidate=True;constructible=True;affordable=False;available=False;owned=4;upgradeTo=IndustrialCarbonizationRetort;research=SteamPower|Coking;workshop=;productivity=-132.12;territory=1749]"
237606,237606,Fast,"Building","Waiting","",1,"productivity or territory is insufficient [CokeOven:candidate=True;constructible=True;affordable=False;available=False;owned=4;upgradeTo=IndustrialCarbonizationRetort;research=SteamPower|Coking;workshop=;productivity=-146.28;territory=1749]"
238206,238206,Fast,"Building","Waiting","",1,"productivity or territory is insufficient [CokeOven:candidate=True;constructible=True;affordable=False;available=False;owned=4;upgradeTo=IndustrialCarbonizationRetort;research=SteamPower|Coking;workshop=;productivity=-158.08;territory=1749]"
238806,238806,Fast,"Building","Waiting","",1,"productivity or territory is insufficient [CokeOven:candidate=True;constructible=True;affordable=False;available=False;owned=4;upgradeTo=IndustrialCarbonizationRetort;research=SteamPower|Coking;workshop=;productivity=-169.88;territory=1749]"
239406,239406,Fast,"Building","Waiting","",1,"productivity or territory is insufficient [CokeOven:candidate=True;constructible=True;affordable=False;available=False;owned=4;upgradeTo=IndustrialCarbonizationRetort;research=SteamPower|Coking;workshop=;productivity=-176.96;territory=1749]"
240006,240006,Fast,"Building","Waiting","",1,"productivity or territory is insufficient [CokeOven:candidate=True;constructible=True;affordable=False;available=False;owned=4;upgradeTo=IndustrialCarbonizationRetort;research=SteamPower|Coking;workshop=;productivity=-186.4;territory=1749]"
240606,240606,Fast,"Building","Waiting","",1,"productivity or territory is insufficient [CokeOven:candidate=True;constructible=True;affordable=False;available=False;owned=4;upgradeTo=IndustrialCarbonizationRetort;research=SteamPower|Coking;workshop=;productivity=-191.12;territory=1749]"
241206,241206,Fast,"Building","Waiting","",1,"productivity or territory is insufficient [CokeOven:candidate=True;constructible=True;affordable=False;available=False;owned=4;upgradeTo=IndustrialCarbonizationRetort;research=SteamPower|Coking;workshop=;productivity=-195.84;territory=1749]"
241806,241806,Fast,"Building","Waiting","",1,"productivity or territory is insufficient [CokeOven:candidate=True;constructible=True;affordable=False;available=False;owned=4;upgradeTo=IndustrialCarbonizationRetort;research=SteamPower|Coking;workshop=;productivity=-200.56;territory=1749]"
242406,242406,Fast,"Building","Waiting","",1,"productivity or territory is insufficient [CokeOven:candidate=True;constructible=True;affordable=False;available=False;owned=4;upgradeTo=IndustrialCarbonizationRetort;research=SteamPower|Coking;workshop=;productivity=-202.92;territory=1749]"
243006,243006,Fast,"Building","Waiting","",1,"productivity or territory is insufficient [CokeOven:candidate=True;constructible=True;affordable=False;available=False;owned=4;upgradeTo=IndustrialCarbonizationRetort;research=SteamPower|Coking;workshop=;productivity=-207.64;territory=1749]"
243606,244206,Fast,"Building","Waiting","",2,"productivity or territory is insufficient [CokeOven:candidate=True;constructible=True;affordable=False;available=False;owned=4;upgradeTo=IndustrialCarbonizationRetort;research=SteamPower|Coking;workshop=;productivity=-210;territory=1749]"
244806,244806,Fast,"Building","Waiting","",1,"productivity or territory is insufficient [CokeOven:candidate=True;constructible=True;affordable=False;available=False;owned=4;upgradeTo=IndustrialCarbonizationRetort;research=SteamPower|Coking;workshop=;productivity=-212.36;territory=1749]"
245406,246006,Fast,"Building","Waiting","",2,"productivity or territory is insufficient [CokeOven:candidate=True;constructible=True;affordable=False;available=False;owned=4;upgradeTo=IndustrialCarbonizationRetort;research=SteamPower|Coking;workshop=;productivity=-214.72;territory=1749]"
246606,248406,Fast,"Building","Waiting","",4,"productivity or territory is insufficient [CokeOven:candidate=True;constructible=True;affordable=False;available=False;owned=4;upgradeTo=IndustrialCarbonizationRetort;research=SteamPower|Coking;workshop=;productivity=-217.08;territory=1749]"
249006,253206,Fast,"Building","Waiting","",8,"productivity or territory is insufficient [CokeOven:candidate=True;constructible=True;affordable=False;available=False;owned=4;upgradeTo=IndustrialCarbonizationRetort;research=SteamPower|Coking;workshop=;productivity=-219.44;territory=1749]"
253806,253806,Fast,"Building","Waiting","",1,"productivity or territory is insufficient [CokeOven:candidate=True;constructible=True;affordable=False;available=False;owned=4;upgradeTo=IndustrialCarbonizationRetort;research=SteamPower|Coking;workshop=;productivity=-221.8;territory=1749]"
254406,254406,Fast,"Building","Waiting","",1,"productivity or territory is insufficient [CokeOven:candidate=True;constructible=True;affordable=False;available=False;owned=4;upgradeTo=IndustrialCarbonizationRetort;research=SteamPower|Coking;workshop=;productivity=0.04;territory=1749]"
255006,255006,Fast,"Building","Waiting","",1,"productivity or territory is insufficient [CokeOven:candidate=True;constructible=True;affordable=False;available=False;owned=4;upgradeTo=IndustrialCarbonizationRetort;research=SteamPower|Coking;workshop=;productivity=-35.36;territory=1749]"
255606,255606,Fast,"Building","Waiting","",1,"productivity or territory is insufficient [CokeOven:candidate=True;constructible=True;affordable=False;available=False;owned=4;upgradeTo=IndustrialCarbonizationRetort;research=SteamPower|Coking;workshop=;productivity=-66.04;territory=1749]"
256206,256206,Fast,"Building","Waiting","",1,"productivity or territory is insufficient [CokeOven:candidate=True;constructible=True;affordable=False;available=False;owned=4;upgradeTo=IndustrialCarbonizationRetort;research=SteamPower|Coking;workshop=;productivity=-92;territory=1749]"
256806,256806,Fast,"Building","Waiting","",1,"productivity or territory is insufficient [CokeOven:candidate=True;constructible=True;affordable=False;available=False;owned=4;upgradeTo=IndustrialCarbonizationRetort;research=SteamPower|Coking;workshop=;productivity=-113.24;territory=1749]"
257406,257406,Fast,"Building","Waiting","",1,"productivity or territory is insufficient [CokeOven:candidate=True;constructible=True;affordable=False;available=False;owned=4;upgradeTo=IndustrialCarbonizationRetort;research=SteamPower|Coking;workshop=;productivity=-132.12;territory=1749]"
258006,258006,Fast,"Building","Waiting","",1,"productivity or territory is insufficient [CokeOven:candidate=True;constructible=True;affordable=False;available=False;owned=4;upgradeTo=IndustrialCarbonizationRetort;research=SteamPower|Coking;workshop=;productivity=-146.28;territory=1749]"
258606,258606,Fast,"Building","Waiting","",1,"productivity or territory is insufficient [CokeOven:candidate=True;constructible=True;affordable=False;available=False;owned=4;upgradeTo=IndustrialCarbonizationRetort;research=SteamPower|Coking;workshop=;productivity=-158.08;territory=1749]"
259206,259206,Fast,"Building","Waiting","",1,"productivity or territory is insufficient [CokeOven:candidate=True;constructible=True;affordable=False;available=False;owned=4;upgradeTo=IndustrialCarbonizationRetort;research=SteamPower|Coking;workshop=;productivity=-169.88;territory=1749]"
259806,259806,Fast,"Building","Waiting","",1,"productivity or territory is insufficient [CokeOven:candidate=True;constructible=True;affordable=False;available=False;owned=4;upgradeTo=IndustrialCarbonizationRetort;research=SteamPower|Coking;workshop=;productivity=-176.96;territory=1749]"
260406,260406,Fast,"Building","Waiting","",1,"productivity or territory is insufficient [CokeOven:candidate=True;constructible=True;affordable=False;available=False;owned=4;upgradeTo=IndustrialCarbonizationRetort;research=SteamPower|Coking;workshop=;productivity=-186.4;territory=1749]"
261006,261006,Fast,"Building","Waiting","",1,"productivity or territory is insufficient [CokeOven:candidate=True;constructible=True;affordable=False;available=False;owned=4;upgradeTo=IndustrialCarbonizationRetort;research=SteamPower|Coking;workshop=;productivity=-191.12;territory=1749]"
261606,261606,Fast,"Building","Waiting","",1,"productivity or territory is insufficient [CokeOven:candidate=True;constructible=True;affordable=False;available=False;owned=4;upgradeTo=IndustrialCarbonizationRetort;research=SteamPower|Coking;workshop=;productivity=-195.84;territory=1749]"
262206,262206,Fast,"Building","Waiting","",1,"productivity or territory is insufficient [CokeOven:candidate=True;constructible=True;affordable=False;available=False;owned=4;upgradeTo=IndustrialCarbonizationRetort;research=SteamPower|Coking;workshop=;productivity=-200.56;territory=1749]"
262806,262806,Fast,"Building","Waiting","",1,"productivity or territory is insufficient [CokeOven:candidate=True;constructible=True;affordable=False;available=False;owned=4;upgradeTo=IndustrialCarbonizationRetort;research=SteamPower|Coking;workshop=;productivity=-202.92;territory=1749]"
263406,263406,Fast,"Building","Waiting","",1,"productivity or territory is insufficient [CokeOven:candidate=True;constructible=True;affordable=False;available=False;owned=4;upgradeTo=IndustrialCarbonizationRetort;research=SteamPower|Coking;workshop=;productivity=-207.64;territory=1749]"
264006,264606,Fast,"Building","Waiting","",2,"productivity or territory is insufficient [CokeOven:candidate=True;constructible=True;affordable=False;available=False;owned=4;upgradeTo=IndustrialCarbonizationRetort;research=SteamPower|Coking;workshop=;productivity=-210;territory=1749]"
265206,265206,Fast,"Building","Waiting","",1,"productivity or territory is insufficient [CokeOven:candidate=True;constructible=True;affordable=False;available=False;owned=4;upgradeTo=IndustrialCarbonizationRetort;research=SteamPower|Coking;workshop=;productivity=-212.36;territory=1749]"
265806,266406,Fast,"Building","Waiting","",2,"productivity or territory is insufficient [CokeOven:candidate=True;constructible=True;affordable=False;available=False;owned=4;upgradeTo=IndustrialCarbonizationRetort;research=SteamPower|Coking;workshop=;productivity=-214.72;territory=1749]"
267006,268806,Fast,"Building","Waiting","",4,"productivity or territory is insufficient [CokeOven:candidate=True;constructible=True;affordable=False;available=False;owned=4;upgradeTo=IndustrialCarbonizationRetort;research=SteamPower|Coking;workshop=;productivity=-217.08;territory=1749]"
269406,273606,Fast,"Building","Waiting","",8,"productivity or territory is insufficient [CokeOven:candidate=True;constructible=True;affordable=False;available=False;owned=4;upgradeTo=IndustrialCarbonizationRetort;research=SteamPower|Coking;workshop=;productivity=-219.44;territory=1749]"
274206,274206,Fast,"Building","Waiting","",1,"productivity or territory is insufficient [CokeOven:candidate=True;constructible=True;affordable=False;available=False;owned=4;upgradeTo=IndustrialCarbonizationRetort;research=SteamPower|Coking;workshop=;productivity=-221.8;territory=1749]"
274806,274806,Fast,"Building","Waiting","",1,"productivity or territory is insufficient [CokeOven:candidate=True;constructible=True;affordable=False;available=False;owned=4;upgradeTo=IndustrialCarbonizationRetort;research=SteamPower|Coking;workshop=;productivity=0.04;territory=1749]"
275406,275406,Fast,"Building","Waiting","",1,"productivity or territory is insufficient [CokeOven:candidate=True;constructible=True;affordable=False;available=False;owned=4;upgradeTo=IndustrialCarbonizationRetort;research=SteamPower|Coking;workshop=;productivity=-35.36;territory=1749]"
276006,276006,Fast,"Building","Waiting","",1,"productivity or territory is insufficient [CokeOven:candidate=True;constructible=True;affordable=False;available=False;owned=4;upgradeTo=IndustrialCarbonizationRetort;research=SteamPower|Coking;workshop=;productivity=-66.04;territory=1749]"
276606,276606,Fast,"Building","Waiting","",1,"productivity or territory is insufficient [CokeOven:candidate=True;constructible=True;affordable=False;available=False;owned=4;upgradeTo=IndustrialCarbonizationRetort;research=SteamPower|Coking;workshop=;productivity=-92;territory=1749]"
277206,277206,Fast,"Building","Waiting","",1,"productivity or territory is insufficient [CokeOven:candidate=True;constructible=True;affordable=False;available=False;owned=4;upgradeTo=IndustrialCarbonizationRetort;research=SteamPower|Coking;workshop=;productivity=-113.24;territory=1749]"
277806,277806,Fast,"Building","Waiting","",1,"productivity or territory is insufficient [CokeOven:candidate=True;constructible=True;affordable=False;available=False;owned=4;upgradeTo=IndustrialCarbonizationRetort;research=SteamPower|Coking;workshop=;productivity=-132.12;territory=1749]"
278406,278406,Fast,"Building","Waiting","",1,"productivity or territory is insufficient [CokeOven:candidate=True;constructible=True;affordable=False;available=False;owned=4;upgradeTo=IndustrialCarbonizationRetort;research=SteamPower|Coking;workshop=;productivity=-146.28;territory=1749]"
279006,279006,Fast,"Building","Waiting","",1,"productivity or territory is insufficient [CokeOven:candidate=True;constructible=True;affordable=False;available=False;owned=4;upgradeTo=IndustrialCarbonizationRetort;research=SteamPower|Coking;workshop=;productivity=-158.08;territory=1749]"
279606,279606,Fast,"Building","Waiting","",1,"productivity or territory is insufficient [CokeOven:candidate=True;constructible=True;affordable=False;available=False;owned=4;upgradeTo=IndustrialCarbonizationRetort;research=SteamPower|Coking;workshop=;productivity=-169.88;territory=1749]"
280206,280206,Fast,"Building","Waiting","",1,"productivity or territory is insufficient [CokeOven:candidate=True;constructible=True;affordable=False;available=False;owned=4;upgradeTo=IndustrialCarbonizationRetort;research=SteamPower|Coking;workshop=;productivity=-176.96;territory=1749]"
280806,280806,Fast,"Building","Waiting","",1,"productivity or territory is insufficient [CokeOven:candidate=True;constructible=True;affordable=False;available=False;owned=4;upgradeTo=IndustrialCarbonizationRetort;research=SteamPower|Coking;workshop=;productivity=-186.4;territory=1749]"
281406,281406,Fast,"Building","Waiting","",1,"productivity or territory is insufficient [CokeOven:candidate=True;constructible=True;affordable=False;available=False;owned=4;upgradeTo=IndustrialCarbonizationRetort;research=SteamPower|Coking;workshop=;productivity=-191.12;territory=1749]"
282006,282006,Fast,"Building","Waiting","",1,"productivity or territory is insufficient [CokeOven:candidate=True;constructible=True;affordable=False;available=False;owned=4;upgradeTo=IndustrialCarbonizationRetort;research=SteamPower|Coking;workshop=;productivity=-195.84;territory=1749]"
282606,282606,Fast,"Building","Waiting","",1,"productivity or territory is insufficient [CokeOven:candidate=True;constructible=True;affordable=False;available=False;owned=4;upgradeTo=IndustrialCarbonizationRetort;research=SteamPower|Coking;workshop=;productivity=-200.56;territory=1749]"
283206,283206,Fast,"Building","Waiting","",1,"productivity or territory is insufficient [CokeOven:candidate=True;constructible=True;affordable=False;available=False;owned=4;upgradeTo=IndustrialCarbonizationRetort;research=SteamPower|Coking;workshop=;productivity=-202.92;territory=1749]"
283806,283806,Fast,"Building","Waiting","",1,"productivity or territory is insufficient [CokeOven:candidate=True;constructible=True;affordable=False;available=False;owned=4;upgradeTo=IndustrialCarbonizationRetort;research=SteamPower|Coking;workshop=;productivity=-207.64;territory=1749]"
284406,285006,Fast,"Building","Waiting","",2,"productivity or territory is insufficient [CokeOven:candidate=True;constructible=True;affordable=False;available=False;owned=4;upgradeTo=IndustrialCarbonizationRetort;research=SteamPower|Coking;workshop=;productivity=-210;territory=1749]"
285606,285606,Fast,"Building","Waiting","",1,"productivity or territory is insufficient [CokeOven:candidate=True;constructible=True;affordable=False;available=False;owned=4;upgradeTo=IndustrialCarbonizationRetort;research=SteamPower|Coking;workshop=;productivity=-212.36;territory=1749]"
286206,286806,Fast,"Building","Waiting","",2,"productivity or territory is insufficient [CokeOven:candidate=True;constructible=True;affordable=False;available=False;owned=4;upgradeTo=IndustrialCarbonizationRetort;research=SteamPower|Coking;workshop=;productivity=-214.72;territory=1749]"
287406,289206,Fast,"Building","Waiting","",4,"productivity or territory is insufficient [CokeOven:candidate=True;constructible=True;affordable=False;available=False;owned=4;upgradeTo=IndustrialCarbonizationRetort;research=SteamPower|Coking;workshop=;productivity=-217.08;territory=1749]"
289806,294006,Fast,"Building","Waiting","",8,"productivity or territory is insufficient [CokeOven:candidate=True;constructible=True;affordable=False;available=False;owned=4;upgradeTo=IndustrialCarbonizationRetort;research=SteamPower|Coking;workshop=;productivity=-219.44;territory=1749]"
294606,294606,Fast,"Building","Waiting","",1,"productivity or territory is insufficient [CokeOven:candidate=True;constructible=True;affordable=False;available=False;owned=4;upgradeTo=IndustrialCarbonizationRetort;research=SteamPower|Coking;workshop=;productivity=-221.8;territory=1749]"
295206,295206,Fast,"Building","Waiting","",1,"productivity or territory is insufficient [CokeOven:candidate=True;constructible=True;affordable=False;available=False;owned=4;upgradeTo=IndustrialCarbonizationRetort;research=SteamPower|Coking;workshop=;productivity=0.04;territory=1749]"
295806,295806,Fast,"Building","Waiting","",1,"productivity or territory is insufficient [CokeOven:candidate=True;constructible=True;affordable=False;available=False;owned=4;upgradeTo=IndustrialCarbonizationRetort;research=SteamPower|Coking;workshop=;productivity=-35.36;territory=1749]"
296406,296406,Fast,"Building","Waiting","",1,"productivity or territory is insufficient [CokeOven:candidate=True;constructible=True;affordable=False;available=False;owned=4;upgradeTo=IndustrialCarbonizationRetort;research=SteamPower|Coking;workshop=;productivity=-66.04;territory=1749]"
297006,297006,Fast,"Building","Waiting","",1,"productivity or territory is insufficient [CokeOven:candidate=True;constructible=True;affordable=False;available=False;owned=4;upgradeTo=IndustrialCarbonizationRetort;research=SteamPower|Coking;workshop=;productivity=-92;territory=1749]"
297606,297606,Fast,"Building","Waiting","",1,"productivity or territory is insufficient [CokeOven:candidate=True;constructible=True;affordable=False;available=False;owned=4;upgradeTo=IndustrialCarbonizationRetort;research=SteamPower|Coking;workshop=;productivity=-113.24;territory=1749]"
298206,298206,Fast,"Building","Waiting","",1,"productivity or territory is insufficient [CokeOven:candidate=True;constructible=True;affordable=False;available=False;owned=4;upgradeTo=IndustrialCarbonizationRetort;research=SteamPower|Coking;workshop=;productivity=-132.12;territory=1749]"
298806,298806,Fast,"Building","Waiting","",1,"productivity or territory is insufficient [CokeOven:candidate=True;constructible=True;affordable=False;available=False;owned=4;upgradeTo=IndustrialCarbonizationRetort;research=SteamPower|Coking;workshop=;productivity=-146.28;territory=1749]"
299406,299406,Fast,"Building","Waiting","",1,"productivity or territory is insufficient [CokeOven:candidate=True;constructible=True;affordable=False;available=False;owned=4;upgradeTo=IndustrialCarbonizationRetort;research=SteamPower|Coking;workshop=;productivity=-158.08;territory=1749]"
300006,300006,Fast,"Building","Waiting","",1,"productivity or territory is insufficient [CokeOven:candidate=True;constructible=True;affordable=False;available=False;owned=4;upgradeTo=IndustrialCarbonizationRetort;research=SteamPower|Coking;workshop=;productivity=-169.88;territory=1749]"
300606,300606,Fast,"Building","Waiting","",1,"productivity or territory is insufficient [CokeOven:candidate=True;constructible=True;affordable=False;available=False;owned=4;upgradeTo=IndustrialCarbonizationRetort;research=SteamPower|Coking;workshop=;productivity=-176.96;territory=1749]"
301206,301206,Fast,"Building","Waiting","",1,"productivity or territory is insufficient [CokeOven:candidate=True;constructible=True;affordable=False;available=False;owned=4;upgradeTo=IndustrialCarbonizationRetort;research=SteamPower|Coking;workshop=;productivity=-186.4;territory=1749]"
301806,301806,Fast,"Building","Waiting","",1,"productivity or territory is insufficient [CokeOven:candidate=True;constructible=True;affordable=False;available=False;owned=4;upgradeTo=IndustrialCarbonizationRetort;research=SteamPower|Coking;workshop=;productivity=-191.12;territory=1749]"
302406,302406,Fast,"Building","Waiting","",1,"productivity or territory is insufficient [CokeOven:candidate=True;constructible=True;affordable=False;available=False;owned=4;upgradeTo=IndustrialCarbonizationRetort;research=SteamPower|Coking;workshop=;productivity=-195.84;territory=1749]"
303006,303006,Fast,"Building","Waiting","",1,"productivity or territory is insufficient [CokeOven:candidate=True;constructible=True;affordable=False;available=False;owned=4;upgradeTo=IndustrialCarbonizationRetort;research=SteamPower|Coking;workshop=;productivity=-200.56;territory=1749]"
303606,303606,Fast,"Building","Waiting","",1,"productivity or territory is insufficient [CokeOven:candidate=True;constructible=True;affordable=False;available=False;owned=4;upgradeTo=IndustrialCarbonizationRetort;research=SteamPower|Coking;workshop=;productivity=-202.92;territory=1749]"
304206,304206,Fast,"Building","Waiting","",1,"productivity or territory is insufficient [CokeOven:candidate=True;constructible=True;affordable=False;available=False;owned=4;upgradeTo=IndustrialCarbonizationRetort;research=SteamPower|Coking;workshop=;productivity=-207.64;territory=1749]"
304806,305406,Fast,"Building","Waiting","",2,"productivity or territory is insufficient [CokeOven:candidate=True;constructible=True;affordable=False;available=False;owned=4;upgradeTo=IndustrialCarbonizationRetort;research=SteamPower|Coking;workshop=;productivity=-210;territory=1749]"
306006,306006,Fast,"Building","Waiting","",1,"productivity or territory is insufficient [CokeOven:candidate=True;constructible=True;affordable=False;available=False;owned=4;upgradeTo=IndustrialCarbonizationRetort;research=SteamPower|Coking;workshop=;productivity=-212.36;territory=1749]"
306606,307206,Fast,"Building","Waiting","",2,"productivity or territory is insufficient [CokeOven:candidate=True;constructible=True;affordable=False;available=False;owned=4;upgradeTo=IndustrialCarbonizationRetort;research=SteamPower|Coking;workshop=;productivity=-214.72;territory=1749]"
307806,309606,Fast,"Building","Waiting","",4,"productivity or territory is insufficient [CokeOven:candidate=True;constructible=True;affordable=False;available=False;owned=4;upgradeTo=IndustrialCarbonizationRetort;research=SteamPower|Coking;workshop=;productivity=-217.08;territory=1749]"
310206,314406,Fast,"Building","Waiting","",8,"productivity or territory is insufficient [CokeOven:candidate=True;constructible=True;affordable=False;available=False;owned=4;upgradeTo=IndustrialCarbonizationRetort;research=SteamPower|Coking;workshop=;productivity=-219.44;territory=1749]"
315006,315006,Fast,"Building","Waiting","",1,"productivity or territory is insufficient [CokeOven:candidate=True;constructible=True;affordable=False;available=False;owned=4;upgradeTo=IndustrialCarbonizationRetort;research=SteamPower|Coking;workshop=;productivity=-221.8;territory=1749]"
315606,315606,Fast,"Building","Waiting","",1,"productivity or territory is insufficient [CokeOven:candidate=True;constructible=True;affordable=False;available=False;owned=4;upgradeTo=IndustrialCarbonizationRetort;research=SteamPower|Coking;workshop=;productivity=0.04;territory=1749]"
316206,316206,Fast,"Building","Waiting","",1,"productivity or territory is insufficient [CokeOven:candidate=True;constructible=True;affordable=False;available=False;owned=4;upgradeTo=IndustrialCarbonizationRetort;research=SteamPower|Coking;workshop=;productivity=-35.36;territory=1749]"
316806,316806,Fast,"Building","Waiting","",1,"productivity or territory is insufficient [CokeOven:candidate=True;constructible=True;affordable=False;available=False;owned=4;upgradeTo=IndustrialCarbonizationRetort;research=SteamPower|Coking;workshop=;productivity=-66.04;territory=1749]"
317406,317406,Fast,"Building","Waiting","",1,"productivity or territory is insufficient [CokeOven:candidate=True;constructible=True;affordable=False;available=False;owned=4;upgradeTo=IndustrialCarbonizationRetort;research=SteamPower|Coking;workshop=;productivity=-92;territory=1749]"
318006,318006,Fast,"Building","Waiting","",1,"productivity or territory is insufficient [CokeOven:candidate=True;constructible=True;affordable=False;available=False;owned=4;upgradeTo=IndustrialCarbonizationRetort;research=SteamPower|Coking;workshop=;productivity=-113.24;territory=1749]"
318606,318606,Fast,"Building","Waiting","",1,"productivity or territory is insufficient [CokeOven:candidate=True;constructible=True;affordable=False;available=False;owned=4;upgradeTo=IndustrialCarbonizationRetort;research=SteamPower|Coking;workshop=;productivity=-132.12;territory=1749]"
319206,319206,Fast,"Building","Waiting","",1,"productivity or territory is insufficient [CokeOven:candidate=True;constructible=True;affordable=False;available=False;owned=4;upgradeTo=IndustrialCarbonizationRetort;research=SteamPower|Coking;workshop=;productivity=-146.28;territory=1749]"
319806,319806,Fast,"Building","Waiting","",1,"productivity or territory is insufficient [CokeOven:candidate=True;constructible=True;affordable=False;available=False;owned=4;upgradeTo=IndustrialCarbonizationRetort;research=SteamPower|Coking;workshop=;productivity=-158.08;territory=1749]"
320406,320406,Fast,"Building","Waiting","",1,"productivity or territory is insufficient [CokeOven:candidate=True;constructible=True;affordable=False;available=False;owned=4;upgradeTo=IndustrialCarbonizationRetort;research=SteamPower|Coking;workshop=;productivity=-169.88;territory=1749]"
321006,321006,Fast,"Building","Waiting","",1,"productivity or territory is insufficient [CokeOven:candidate=True;constructible=True;affordable=False;available=False;owned=4;upgradeTo=IndustrialCarbonizationRetort;research=SteamPower|Coking;workshop=;productivity=-176.96;territory=1749]"
321606,321606,Fast,"Building","Waiting","",1,"productivity or territory is insufficient [CokeOven:candidate=True;constructible=True;affordable=False;available=False;owned=4;upgradeTo=IndustrialCarbonizationRetort;research=SteamPower|Coking;workshop=;productivity=-186.4;territory=1749]"
322206,322206,Fast,"Building","Waiting","",1,"productivity or territory is insufficient [CokeOven:candidate=True;constructible=True;affordable=False;available=False;owned=4;upgradeTo=IndustrialCarbonizationRetort;research=SteamPower|Coking;workshop=;productivity=-191.12;territory=1749]"
322806,322806,Fast,"Building","Waiting","",1,"productivity or territory is insufficient [CokeOven:candidate=True;constructible=True;affordable=False;available=False;owned=4;upgradeTo=IndustrialCarbonizationRetort;research=SteamPower|Coking;workshop=;productivity=-195.84;territory=1749]"
323406,323406,Fast,"Building","Waiting","",1,"productivity or territory is insufficient [CokeOven:candidate=True;constructible=True;affordable=False;available=False;owned=4;upgradeTo=IndustrialCarbonizationRetort;research=SteamPower|Coking;workshop=;productivity=-200.56;territory=1749]"
324006,324006,Fast,"Building","Waiting","",1,"productivity or territory is insufficient [CokeOven:candidate=True;constructible=True;affordable=False;available=False;owned=4;upgradeTo=IndustrialCarbonizationRetort;research=SteamPower|Coking;workshop=;productivity=-202.92;territory=1749]"
324606,324606,Fast,"Building","Waiting","",1,"productivity or territory is insufficient [CokeOven:candidate=True;constructible=True;affordable=False;available=False;owned=4;upgradeTo=IndustrialCarbonizationRetort;research=SteamPower|Coking;workshop=;productivity=-207.64;territory=1749]"
325206,325806,Fast,"Building","Waiting","",2,"productivity or territory is insufficient [CokeOven:candidate=True;constructible=True;affordable=False;available=False;owned=4;upgradeTo=IndustrialCarbonizationRetort;research=SteamPower|Coking;workshop=;productivity=-210;territory=1749]"
326406,326406,Fast,"Building","Waiting","",1,"productivity or territory is insufficient [CokeOven:candidate=True;constructible=True;affordable=False;available=False;owned=4;upgradeTo=IndustrialCarbonizationRetort;research=SteamPower|Coking;workshop=;productivity=-212.36;territory=1749]"
327006,327606,Fast,"Building","Waiting","",2,"productivity or territory is insufficient [CokeOven:candidate=True;constructible=True;affordable=False;available=False;owned=4;upgradeTo=IndustrialCarbonizationRetort;research=SteamPower|Coking;workshop=;productivity=-214.72;territory=1749]"
328206,330006,Fast,"Building","Waiting","",4,"productivity or territory is insufficient [CokeOven:candidate=True;constructible=True;affordable=False;available=False;owned=4;upgradeTo=IndustrialCarbonizationRetort;research=SteamPower|Coking;workshop=;productivity=-217.08;territory=1749]"
330606,334806,Fast,"Building","Waiting","",8,"productivity or territory is insufficient [CokeOven:candidate=True;constructible=True;affordable=False;available=False;owned=4;upgradeTo=IndustrialCarbonizationRetort;research=SteamPower|Coking;workshop=;productivity=-219.44;territory=1749]"
335406,335406,Fast,"Building","Waiting","",1,"productivity or territory is insufficient [CokeOven:candidate=True;constructible=True;affordable=False;available=False;owned=4;upgradeTo=IndustrialCarbonizationRetort;research=SteamPower|Coking;workshop=;productivity=-221.8;territory=1749]"
336006,336006,Fast,"Building","Waiting","",1,"productivity or territory is insufficient [CokeOven:candidate=True;constructible=True;affordable=False;available=False;owned=4;upgradeTo=IndustrialCarbonizationRetort;research=SteamPower|Coking;workshop=;productivity=0.04;territory=1749]"
336606,336606,Fast,"Building","Waiting","",1,"productivity or territory is insufficient [CokeOven:candidate=True;constructible=True;affordable=False;available=False;owned=4;upgradeTo=IndustrialCarbonizationRetort;research=SteamPower|Coking;workshop=;productivity=-35.36;territory=1749]"
337206,337206,Fast,"Building","Waiting","",1,"productivity or territory is insufficient [CokeOven:candidate=True;constructible=True;affordable=False;available=False;owned=4;upgradeTo=IndustrialCarbonizationRetort;research=SteamPower|Coking;workshop=;productivity=-66.04;territory=1749]"
337806,337806,Fast,"Building","Waiting","",1,"productivity or territory is insufficient [CokeOven:candidate=True;constructible=True;affordable=False;available=False;owned=4;upgradeTo=IndustrialCarbonizationRetort;research=SteamPower|Coking;workshop=;productivity=-92;territory=1749]"
338406,338406,Fast,"Building","Waiting","",1,"productivity or territory is insufficient [CokeOven:candidate=True;constructible=True;affordable=False;available=False;owned=4;upgradeTo=IndustrialCarbonizationRetort;research=SteamPower|Coking;workshop=;productivity=-113.24;territory=1749]"
339006,339006,Fast,"Building","Waiting","",1,"productivity or territory is insufficient [CokeOven:candidate=True;constructible=True;affordable=False;available=False;owned=4;upgradeTo=IndustrialCarbonizationRetort;research=SteamPower|Coking;workshop=;productivity=-132.12;territory=1749]"
339606,339606,Fast,"Building","Waiting","",1,"productivity or territory is insufficient [CokeOven:candidate=True;constructible=True;affordable=False;available=False;owned=4;upgradeTo=IndustrialCarbonizationRetort;research=SteamPower|Coking;workshop=;productivity=-146.28;territory=1749]"
340206,340206,Fast,"Building","Waiting","",1,"productivity or territory is insufficient [CokeOven:candidate=True;constructible=True;affordable=False;available=False;owned=4;upgradeTo=IndustrialCarbonizationRetort;research=SteamPower|Coking;workshop=;productivity=-158.08;territory=1749]"
340806,340806,Fast,"Building","Waiting","",1,"productivity or territory is insufficient [CokeOven:candidate=True;constructible=True;affordable=False;available=False;owned=4;upgradeTo=IndustrialCarbonizationRetort;research=SteamPower|Coking;workshop=;productivity=-169.88;territory=1749]"
341406,341406,Fast,"Building","Waiting","",1,"productivity or territory is insufficient [CokeOven:candidate=True;constructible=True;affordable=False;available=False;owned=4;upgradeTo=IndustrialCarbonizationRetort;research=SteamPower|Coking;workshop=;productivity=-176.96;territory=1749]"
342006,342006,Fast,"Building","Waiting","",1,"productivity or territory is insufficient [CokeOven:candidate=True;constructible=True;affordable=False;available=False;owned=4;upgradeTo=IndustrialCarbonizationRetort;research=SteamPower|Coking;workshop=;productivity=-186.4;territory=1749]"
342606,342606,Fast,"Building","Waiting","",1,"productivity or territory is insufficient [CokeOven:candidate=True;constructible=True;affordable=False;available=False;owned=4;upgradeTo=IndustrialCarbonizationRetort;research=SteamPower|Coking;workshop=;productivity=-191.12;territory=1749]"
343206,343206,Fast,"Building","Waiting","",1,"productivity or territory is insufficient [CokeOven:candidate=True;constructible=True;affordable=False;available=False;owned=4;upgradeTo=IndustrialCarbonizationRetort;research=SteamPower|Coking;workshop=;productivity=-195.84;territory=1749]"
343806,343806,Fast,"Building","Waiting","",1,"productivity or territory is insufficient [CokeOven:candidate=True;constructible=True;affordable=False;available=False;owned=4;upgradeTo=IndustrialCarbonizationRetort;research=SteamPower|Coking;workshop=;productivity=-200.56;territory=1749]"
344406,344406,Fast,"Building","Waiting","",1,"productivity or territory is insufficient [CokeOven:candidate=True;constructible=True;affordable=False;available=False;owned=4;upgradeTo=IndustrialCarbonizationRetort;research=SteamPower|Coking;workshop=;productivity=-202.92;territory=1749]"
345006,345006,Fast,"Building","Waiting","",1,"productivity or territory is insufficient [CokeOven:candidate=True;constructible=True;affordable=False;available=False;owned=4;upgradeTo=IndustrialCarbonizationRetort;research=SteamPower|Coking;workshop=;productivity=-207.64;territory=1749]"
345606,346206,Fast,"Building","Waiting","",2,"productivity or territory is insufficient [CokeOven:candidate=True;constructible=True;affordable=False;available=False;owned=4;upgradeTo=IndustrialCarbonizationRetort;research=SteamPower|Coking;workshop=;productivity=-210;territory=1749]"
346806,346806,Fast,"Building","Waiting","",1,"productivity or territory is insufficient [CokeOven:candidate=True;constructible=True;affordable=False;available=False;owned=4;upgradeTo=IndustrialCarbonizationRetort;research=SteamPower|Coking;workshop=;productivity=-212.36;territory=1749]"
347406,348006,Fast,"Building","Waiting","",2,"productivity or territory is insufficient [CokeOven:candidate=True;constructible=True;affordable=False;available=False;owned=4;upgradeTo=IndustrialCarbonizationRetort;research=SteamPower|Coking;workshop=;productivity=-214.72;territory=1749]"
348606,350406,Fast,"Building","Waiting","",4,"productivity or territory is insufficient [CokeOven:candidate=True;constructible=True;affordable=False;available=False;owned=4;upgradeTo=IndustrialCarbonizationRetort;research=SteamPower|Coking;workshop=;productivity=-217.08;territory=1749]"
351006,355206,Fast,"Building","Waiting","",8,"productivity or territory is insufficient [CokeOven:candidate=True;constructible=True;affordable=False;available=False;owned=4;upgradeTo=IndustrialCarbonizationRetort;research=SteamPower|Coking;workshop=;productivity=-219.44;territory=1749]"
355806,355806,Fast,"Building","Waiting","",1,"productivity or territory is insufficient [CokeOven:candidate=True;constructible=True;affordable=False;available=False;owned=4;upgradeTo=IndustrialCarbonizationRetort;research=SteamPower|Coking;workshop=;productivity=-221.8;territory=1749]"
356406,356406,Fast,"Building","Waiting","",1,"productivity or territory is insufficient [CokeOven:candidate=True;constructible=True;affordable=False;available=False;owned=4;upgradeTo=IndustrialCarbonizationRetort;research=SteamPower|Coking;workshop=;productivity=0.04;territory=1749]"
357006,357006,Fast,"Building","Waiting","",1,"productivity or territory is insufficient [CokeOven:candidate=True;constructible=True;affordable=False;available=False;owned=4;upgradeTo=IndustrialCarbonizationRetort;research=SteamPower|Coking;workshop=;productivity=-35.36;territory=1749]"
357606,357606,Fast,"Building","Waiting","",1,"productivity or territory is insufficient [CokeOven:candidate=True;constructible=True;affordable=False;available=False;owned=4;upgradeTo=IndustrialCarbonizationRetort;research=SteamPower|Coking;workshop=;productivity=-66.04;territory=1749]"
358206,358206,Fast,"Building","Waiting","",1,"productivity or territory is insufficient [CokeOven:candidate=True;constructible=True;affordable=False;available=False;owned=4;upgradeTo=IndustrialCarbonizationRetort;research=SteamPower|Coking;workshop=;productivity=-92;territory=1749]"
358806,358806,Fast,"Building","Waiting","",1,"productivity or territory is insufficient [CokeOven:candidate=True;constructible=True;affordable=False;available=False;owned=4;upgradeTo=IndustrialCarbonizationRetort;research=SteamPower|Coking;workshop=;productivity=-113.24;territory=1749]"
359406,359406,Fast,"Building","Waiting","",1,"productivity or territory is insufficient [CokeOven:candidate=True;constructible=True;affordable=False;available=False;owned=4;upgradeTo=IndustrialCarbonizationRetort;research=SteamPower|Coking;workshop=;productivity=-132.12;territory=1749]"
360006,360006,Fast,"Building","Waiting","",1,"productivity or territory is insufficient [CokeOven:candidate=True;constructible=True;affordable=False;available=False;owned=4;upgradeTo=IndustrialCarbonizationRetort;research=SteamPower|Coking;workshop=;productivity=-146.28;territory=1749]"
360606,360606,Fast,"Building","Waiting","",1,"productivity or territory is insufficient [CokeOven:candidate=True;constructible=True;affordable=False;available=False;owned=4;upgradeTo=IndustrialCarbonizationRetort;research=SteamPower|Coking;workshop=;productivity=-158.08;territory=1749]"
361206,361206,Fast,"Building","Waiting","",1,"productivity or territory is insufficient [CokeOven:candidate=True;constructible=True;affordable=False;available=False;owned=4;upgradeTo=IndustrialCarbonizationRetort;research=SteamPower|Coking;workshop=;productivity=-169.88;territory=1749]"
361806,361806,Fast,"Building","Waiting","",1,"productivity or territory is insufficient [CokeOven:candidate=True;constructible=True;affordable=False;available=False;owned=4;upgradeTo=IndustrialCarbonizationRetort;research=SteamPower|Coking;workshop=;productivity=-176.96;territory=1749]"
362406,362406,Fast,"Building","Waiting","",1,"productivity or territory is insufficient [CokeOven:candidate=True;constructible=True;affordable=False;available=False;owned=4;upgradeTo=IndustrialCarbonizationRetort;research=SteamPower|Coking;workshop=;productivity=-186.4;territory=1749]"
363006,363006,Fast,"Building","Waiting","",1,"productivity or territory is insufficient [CokeOven:candidate=True;constructible=True;affordable=False;available=False;owned=4;upgradeTo=IndustrialCarbonizationRetort;research=SteamPower|Coking;workshop=;productivity=-191.12;territory=1749]"
363606,363606,Fast,"Building","Waiting","",1,"productivity or territory is insufficient [CokeOven:candidate=True;constructible=True;affordable=False;available=False;owned=4;upgradeTo=IndustrialCarbonizationRetort;research=SteamPower|Coking;workshop=;productivity=-195.84;territory=1749]"
364206,364206,Fast,"Building","Waiting","",1,"productivity or territory is insufficient [CokeOven:candidate=True;constructible=True;affordable=False;available=False;owned=4;upgradeTo=IndustrialCarbonizationRetort;research=SteamPower|Coking;workshop=;productivity=-200.56;territory=1749]"
364806,364806,Fast,"Building","Waiting","",1,"productivity or territory is insufficient [CokeOven:candidate=True;constructible=True;affordable=False;available=False;owned=4;upgradeTo=IndustrialCarbonizationRetort;research=SteamPower|Coking;workshop=;productivity=-202.92;territory=1749]"
365406,365406,Fast,"Building","Waiting","",1,"productivity or territory is insufficient [CokeOven:candidate=True;constructible=True;affordable=False;available=False;owned=4;upgradeTo=IndustrialCarbonizationRetort;research=SteamPower|Coking;workshop=;productivity=-207.64;territory=1749]"
366006,366606,Fast,"Building","Waiting","",2,"productivity or territory is insufficient [CokeOven:candidate=True;constructible=True;affordable=False;available=False;owned=4;upgradeTo=IndustrialCarbonizationRetort;research=SteamPower|Coking;workshop=;productivity=-210;territory=1749]"
367206,367206,Fast,"Building","Waiting","",1,"productivity or territory is insufficient [CokeOven:candidate=True;constructible=True;affordable=False;available=False;owned=4;upgradeTo=IndustrialCarbonizationRetort;research=SteamPower|Coking;workshop=;productivity=-212.36;territory=1749]"
367806,368406,Fast,"Building","Waiting","",2,"productivity or territory is insufficient [CokeOven:candidate=True;constructible=True;affordable=False;available=False;owned=4;upgradeTo=IndustrialCarbonizationRetort;research=SteamPower|Coking;workshop=;productivity=-214.72;territory=1749]"
369006,370806,Fast,"Building","Waiting","",4,"productivity or territory is insufficient [CokeOven:candidate=True;constructible=True;affordable=False;available=False;owned=4;upgradeTo=IndustrialCarbonizationRetort;research=SteamPower|Coking;workshop=;productivity=-217.08;territory=1749]"
371406,375606,Fast,"Building","Waiting","",8,"productivity or territory is insufficient [CokeOven:candidate=True;constructible=True;affordable=False;available=False;owned=4;upgradeTo=IndustrialCarbonizationRetort;research=SteamPower|Coking;workshop=;productivity=-219.44;territory=1749]"
376206,376206,Fast,"Building","Waiting","",1,"productivity or territory is insufficient [CokeOven:candidate=True;constructible=True;affordable=False;available=False;owned=4;upgradeTo=IndustrialCarbonizationRetort;research=SteamPower|Coking;workshop=;productivity=-221.8;territory=1749]"
376806,376806,Fast,"Building","Waiting","",1,"productivity or territory is insufficient [CokeOven:candidate=True;constructible=True;affordable=False;available=False;owned=4;upgradeTo=IndustrialCarbonizationRetort;research=SteamPower|Coking;workshop=;productivity=0.04;territory=1749]"
377406,377406,Fast,"Building","Waiting","",1,"productivity or territory is insufficient [CokeOven:candidate=True;constructible=True;affordable=False;available=False;owned=4;upgradeTo=IndustrialCarbonizationRetort;research=SteamPower|Coking;workshop=;productivity=-35.36;territory=1749]"
378006,378006,Fast,"Building","Waiting","",1,"productivity or territory is insufficient [CokeOven:candidate=True;constructible=True;affordable=False;available=False;owned=4;upgradeTo=IndustrialCarbonizationRetort;research=SteamPower|Coking;workshop=;productivity=-66.04;territory=1749]"
378606,378606,Fast,"Building","Waiting","",1,"productivity or territory is insufficient [CokeOven:candidate=True;constructible=True;affordable=False;available=False;owned=4;upgradeTo=IndustrialCarbonizationRetort;research=SteamPower|Coking;workshop=;productivity=-92;territory=1749]"
379206,379206,Fast,"Building","Waiting","",1,"productivity or territory is insufficient [CokeOven:candidate=True;constructible=True;affordable=False;available=False;owned=4;upgradeTo=IndustrialCarbonizationRetort;research=SteamPower|Coking;workshop=;productivity=-113.24;territory=1749]"
379806,379806,Fast,"Building","Waiting","",1,"productivity or territory is insufficient [CokeOven:candidate=True;constructible=True;affordable=False;available=False;owned=4;upgradeTo=IndustrialCarbonizationRetort;research=SteamPower|Coking;workshop=;productivity=-132.12;territory=1749]"
380406,380406,Fast,"Building","Waiting","",1,"productivity or territory is insufficient [CokeOven:candidate=True;constructible=True;affordable=False;available=False;owned=4;upgradeTo=IndustrialCarbonizationRetort;research=SteamPower|Coking;workshop=;productivity=-146.28;territory=1749]"
381006,381006,Fast,"Building","Waiting","",1,"productivity or territory is insufficient [CokeOven:candidate=True;constructible=True;affordable=False;available=False;owned=4;upgradeTo=IndustrialCarbonizationRetort;research=SteamPower|Coking;workshop=;productivity=-158.08;territory=1749]"
381606,381606,Fast,"Building","Waiting","",1,"productivity or territory is insufficient [CokeOven:candidate=True;constructible=True;affordable=False;available=False;owned=4;upgradeTo=IndustrialCarbonizationRetort;research=SteamPower|Coking;workshop=;productivity=-169.88;territory=1749]"
382206,382206,Fast,"Building","Waiting","",1,"productivity or territory is insufficient [CokeOven:candidate=True;constructible=True;affordable=False;available=False;owned=4;upgradeTo=IndustrialCarbonizationRetort;research=SteamPower|Coking;workshop=;productivity=-176.96;territory=1749]"
382806,382806,Fast,"Building","Waiting","",1,"productivity or territory is insufficient [CokeOven:candidate=True;constructible=True;affordable=False;available=False;owned=4;upgradeTo=IndustrialCarbonizationRetort;research=SteamPower|Coking;workshop=;productivity=-186.4;territory=1749]"
383406,383406,Fast,"Building","Waiting","",1,"productivity or territory is insufficient [CokeOven:candidate=True;constructible=True;affordable=False;available=False;owned=4;upgradeTo=IndustrialCarbonizationRetort;research=SteamPower|Coking;workshop=;productivity=-191.12;territory=1749]"
384006,384006,Fast,"Building","Waiting","",1,"productivity or territory is insufficient [CokeOven:candidate=True;constructible=True;affordable=False;available=False;owned=4;upgradeTo=IndustrialCarbonizationRetort;research=SteamPower|Coking;workshop=;productivity=-195.84;territory=1749]"
384606,384606,Fast,"Building","Waiting","",1,"productivity or territory is insufficient [CokeOven:candidate=True;constructible=True;affordable=False;available=False;owned=4;upgradeTo=IndustrialCarbonizationRetort;research=SteamPower|Coking;workshop=;productivity=-200.56;territory=1749]"
385206,385206,Fast,"Building","Waiting","",1,"productivity or territory is insufficient [CokeOven:candidate=True;constructible=True;affordable=False;available=False;owned=4;upgradeTo=IndustrialCarbonizationRetort;research=SteamPower|Coking;workshop=;productivity=-202.92;territory=1749]"
385806,385806,Fast,"Building","Waiting","",1,"productivity or territory is insufficient [CokeOven:candidate=True;constructible=True;affordable=False;available=False;owned=4;upgradeTo=IndustrialCarbonizationRetort;research=SteamPower|Coking;workshop=;productivity=-207.64;territory=1749]"
386406,387006,Fast,"Building","Waiting","",2,"productivity or territory is insufficient [CokeOven:candidate=True;constructible=True;affordable=False;available=False;owned=4;upgradeTo=IndustrialCarbonizationRetort;research=SteamPower|Coking;workshop=;productivity=-210;territory=1749]"
387606,387606,Fast,"Building","Waiting","",1,"productivity or territory is insufficient [CokeOven:candidate=True;constructible=True;affordable=False;available=False;owned=4;upgradeTo=IndustrialCarbonizationRetort;research=SteamPower|Coking;workshop=;productivity=-212.36;territory=1749]"
388206,388806,Fast,"Building","Waiting","",2,"productivity or territory is insufficient [CokeOven:candidate=True;constructible=True;affordable=False;available=False;owned=4;upgradeTo=IndustrialCarbonizationRetort;research=SteamPower|Coking;workshop=;productivity=-214.72;territory=1749]"
389406,391206,Fast,"Building","Waiting","",4,"productivity or territory is insufficient [CokeOven:candidate=True;constructible=True;affordable=False;available=False;owned=4;upgradeTo=IndustrialCarbonizationRetort;research=SteamPower|Coking;workshop=;productivity=-217.08;territory=1749]"
391806,396006,Fast,"Building","Waiting","",8,"productivity or territory is insufficient [CokeOven:candidate=True;constructible=True;affordable=False;available=False;owned=4;upgradeTo=IndustrialCarbonizationRetort;research=SteamPower|Coking;workshop=;productivity=-219.44;territory=1749]"
396606,396606,Fast,"Building","Waiting","",1,"productivity or territory is insufficient [CokeOven:candidate=True;constructible=True;affordable=False;available=False;owned=4;upgradeTo=IndustrialCarbonizationRetort;research=SteamPower|Coking;workshop=;productivity=-221.8;territory=1749]"
397206,397206,Fast,"Building","Waiting","",1,"productivity or territory is insufficient [CokeOven:candidate=True;constructible=True;affordable=False;available=False;owned=4;upgradeTo=IndustrialCarbonizationRetort;research=SteamPower|Coking;workshop=;productivity=0.04;territory=1749]"
397806,397806,Fast,"Building","Waiting","",1,"productivity or territory is insufficient [CokeOven:candidate=True;constructible=True;affordable=False;available=False;owned=4;upgradeTo=IndustrialCarbonizationRetort;research=SteamPower|Coking;workshop=;productivity=-35.36;territory=1749]"
398406,398406,Fast,"Building","Waiting","",1,"productivity or territory is insufficient [CokeOven:candidate=True;constructible=True;affordable=False;available=False;owned=4;upgradeTo=IndustrialCarbonizationRetort;research=SteamPower|Coking;workshop=;productivity=-66.04;territory=1749]"
399006,399006,Fast,"Building","Waiting","",1,"productivity or territory is insufficient [CokeOven:candidate=True;constructible=True;affordable=False;available=False;owned=4;upgradeTo=IndustrialCarbonizationRetort;research=SteamPower|Coking;workshop=;productivity=-92;territory=1749]"
399606,399606,Fast,"Building","Waiting","",1,"productivity or territory is insufficient [CokeOven:candidate=True;constructible=True;affordable=False;available=False;owned=4;upgradeTo=IndustrialCarbonizationRetort;research=SteamPower|Coking;workshop=;productivity=-113.24;territory=1749]"
400206,400206,Fast,"Building","Waiting","",1,"productivity or territory is insufficient [CokeOven:candidate=True;constructible=True;affordable=False;available=False;owned=4;upgradeTo=IndustrialCarbonizationRetort;research=SteamPower|Coking;workshop=;productivity=-132.12;territory=1749]"
400806,400806,Fast,"Building","Waiting","",1,"productivity or territory is insufficient [CokeOven:candidate=True;constructible=True;affordable=False;available=False;owned=4;upgradeTo=IndustrialCarbonizationRetort;research=SteamPower|Coking;workshop=;productivity=-146.28;territory=1749]"
401406,401406,Fast,"Building","Waiting","",1,"productivity or territory is insufficient [CokeOven:candidate=True;constructible=True;affordable=False;available=False;owned=4;upgradeTo=IndustrialCarbonizationRetort;research=SteamPower|Coking;workshop=;productivity=-158.08;territory=1749]"
402006,402006,Fast,"Building","Waiting","",1,"productivity or territory is insufficient [CokeOven:candidate=True;constructible=True;affordable=False;available=False;owned=4;upgradeTo=IndustrialCarbonizationRetort;research=SteamPower|Coking;workshop=;productivity=-169.88;territory=1749]"
402606,402606,Fast,"Building","Waiting","",1,"productivity or territory is insufficient [CokeOven:candidate=True;constructible=True;affordable=False;available=False;owned=4;upgradeTo=IndustrialCarbonizationRetort;research=SteamPower|Coking;workshop=;productivity=-176.96;territory=1749]"
403206,403206,Fast,"Building","Waiting","",1,"productivity or territory is insufficient [CokeOven:candidate=True;constructible=True;affordable=False;available=False;owned=4;upgradeTo=IndustrialCarbonizationRetort;research=SteamPower|Coking;workshop=;productivity=-186.4;territory=1749]"
403806,403806,Fast,"Building","Waiting","",1,"productivity or territory is insufficient [CokeOven:candidate=True;constructible=True;affordable=False;available=False;owned=4;upgradeTo=IndustrialCarbonizationRetort;research=SteamPower|Coking;workshop=;productivity=-191.12;territory=1749]"
404406,404406,Fast,"Building","Waiting","",1,"productivity or territory is insufficient [CokeOven:candidate=True;constructible=True;affordable=False;available=False;owned=4;upgradeTo=IndustrialCarbonizationRetort;research=SteamPower|Coking;workshop=;productivity=-195.84;territory=1749]"
405006,405006,Fast,"Building","Waiting","",1,"productivity or territory is insufficient [CokeOven:candidate=True;constructible=True;affordable=False;available=False;owned=4;upgradeTo=IndustrialCarbonizationRetort;research=SteamPower|Coking;workshop=;productivity=-200.56;territory=1749]"
405606,405606,Fast,"Building","Waiting","",1,"productivity or territory is insufficient [CokeOven:candidate=True;constructible=True;affordable=False;available=False;owned=4;upgradeTo=IndustrialCarbonizationRetort;research=SteamPower|Coking;workshop=;productivity=-202.92;territory=1749]"
406206,406206,Fast,"Building","Waiting","",1,"productivity or territory is insufficient [CokeOven:candidate=True;constructible=True;affordable=False;available=False;owned=4;upgradeTo=IndustrialCarbonizationRetort;research=SteamPower|Coking;workshop=;productivity=-207.64;territory=1749]"
406806,407406,Fast,"Building","Waiting","",2,"productivity or territory is insufficient [CokeOven:candidate=True;constructible=True;affordable=False;available=False;owned=4;upgradeTo=IndustrialCarbonizationRetort;research=SteamPower|Coking;workshop=;productivity=-210;territory=1749]"
408006,408006,Fast,"Building","Waiting","",1,"productivity or territory is insufficient [CokeOven:candidate=True;constructible=True;affordable=False;available=False;owned=4;upgradeTo=IndustrialCarbonizationRetort;research=SteamPower|Coking;workshop=;productivity=-212.36;territory=1749]"
408606,409206,Fast,"Building","Waiting","",2,"productivity or territory is insufficient [CokeOven:candidate=True;constructible=True;affordable=False;available=False;owned=4;upgradeTo=IndustrialCarbonizationRetort;research=SteamPower|Coking;workshop=;productivity=-214.72;territory=1749]"
409806,411606,Fast,"Building","Waiting","",4,"productivity or territory is insufficient [CokeOven:candidate=True;constructible=True;affordable=False;available=False;owned=4;upgradeTo=IndustrialCarbonizationRetort;research=SteamPower|Coking;workshop=;productivity=-217.08;territory=1749]"
412206,416406,Fast,"Building","Waiting","",8,"productivity or territory is insufficient [CokeOven:candidate=True;constructible=True;affordable=False;available=False;owned=4;upgradeTo=IndustrialCarbonizationRetort;research=SteamPower|Coking;workshop=;productivity=-219.44;territory=1749]"
417006,417006,Fast,"Building","Waiting","",1,"productivity or territory is insufficient [CokeOven:candidate=True;constructible=True;affordable=False;available=False;owned=4;upgradeTo=IndustrialCarbonizationRetort;research=SteamPower|Coking;workshop=;productivity=-221.8;territory=1749]"
417606,417606,Fast,"Building","Waiting","",1,"productivity or territory is insufficient [CokeOven:candidate=True;constructible=True;affordable=False;available=False;owned=4;upgradeTo=IndustrialCarbonizationRetort;research=SteamPower|Coking;workshop=;productivity=0.04;territory=1749]"
418206,418206,Fast,"Building","Waiting","",1,"productivity or territory is insufficient [CokeOven:candidate=True;constructible=True;affordable=False;available=False;owned=4;upgradeTo=IndustrialCarbonizationRetort;research=SteamPower|Coking;workshop=;productivity=-35.36;territory=1749]"
418806,418806,Fast,"Building","Waiting","",1,"productivity or territory is insufficient [CokeOven:candidate=True;constructible=True;affordable=False;available=False;owned=4;upgradeTo=IndustrialCarbonizationRetort;research=SteamPower|Coking;workshop=;productivity=-66.04;territory=1749]"
419406,419406,Fast,"Building","Waiting","",1,"productivity or territory is insufficient [CokeOven:candidate=True;constructible=True;affordable=False;available=False;owned=4;upgradeTo=IndustrialCarbonizationRetort;research=SteamPower|Coking;workshop=;productivity=-92;territory=1749]"
420006,420006,Fast,"Building","Waiting","",1,"productivity or territory is insufficient [CokeOven:candidate=True;constructible=True;affordable=False;available=False;owned=4;upgradeTo=IndustrialCarbonizationRetort;research=SteamPower|Coking;workshop=;productivity=-113.24;territory=1749]"
420606,420606,Fast,"Building","Waiting","",1,"productivity or territory is insufficient [CokeOven:candidate=True;constructible=True;affordable=False;available=False;owned=4;upgradeTo=IndustrialCarbonizationRetort;research=SteamPower|Coking;workshop=;productivity=-132.12;territory=1749]"
421206,421206,Fast,"Building","Waiting","",1,"productivity or territory is insufficient [CokeOven:candidate=True;constructible=True;affordable=False;available=False;owned=4;upgradeTo=IndustrialCarbonizationRetort;research=SteamPower|Coking;workshop=;productivity=-146.28;territory=1749]"
421806,421806,Fast,"Building","Waiting","",1,"productivity or territory is insufficient [CokeOven:candidate=True;constructible=True;affordable=False;available=False;owned=4;upgradeTo=IndustrialCarbonizationRetort;research=SteamPower|Coking;workshop=;productivity=-158.08;territory=1749]"
422406,422406,Fast,"Building","Waiting","",1,"productivity or territory is insufficient [CokeOven:candidate=True;constructible=True;affordable=False;available=False;owned=4;upgradeTo=IndustrialCarbonizationRetort;research=SteamPower|Coking;workshop=;productivity=-169.88;territory=1749]"
423006,423006,Fast,"Building","Waiting","",1,"productivity or territory is insufficient [CokeOven:candidate=True;constructible=True;affordable=False;available=False;owned=4;upgradeTo=IndustrialCarbonizationRetort;research=SteamPower|Coking;workshop=;productivity=-176.96;territory=1749]"
423606,423606,Fast,"Building","Waiting","",1,"productivity or territory is insufficient [CokeOven:candidate=True;constructible=True;affordable=False;available=False;owned=4;upgradeTo=IndustrialCarbonizationRetort;research=SteamPower|Coking;workshop=;productivity=-186.4;territory=1749]"
424206,424206,Fast,"Building","Waiting","",1,"productivity or territory is insufficient [CokeOven:candidate=True;constructible=True;affordable=False;available=False;owned=4;upgradeTo=IndustrialCarbonizationRetort;research=SteamPower|Coking;workshop=;productivity=-191.12;territory=1749]"
424806,424806,Fast,"Building","Waiting","",1,"productivity or territory is insufficient [CokeOven:candidate=True;constructible=True;affordable=False;available=False;owned=4;upgradeTo=IndustrialCarbonizationRetort;research=SteamPower|Coking;workshop=;productivity=-195.84;territory=1749]"
425406,425406,Fast,"Building","Waiting","",1,"productivity or territory is insufficient [CokeOven:candidate=True;constructible=True;affordable=False;available=False;owned=4;upgradeTo=IndustrialCarbonizationRetort;research=SteamPower|Coking;workshop=;productivity=-200.56;territory=1749]"
426006,426006,Fast,"Building","Waiting","",1,"productivity or territory is insufficient [CokeOven:candidate=True;constructible=True;affordable=False;available=False;owned=4;upgradeTo=IndustrialCarbonizationRetort;research=SteamPower|Coking;workshop=;productivity=-202.92;territory=1749]"
426606,426606,Fast,"Building","Waiting","",1,"productivity or territory is insufficient [CokeOven:candidate=True;constructible=True;affordable=False;available=False;owned=4;upgradeTo=IndustrialCarbonizationRetort;research=SteamPower|Coking;workshop=;productivity=-207.64;territory=1749]"
427206,427806,Fast,"Building","Waiting","",2,"productivity or territory is insufficient [CokeOven:candidate=True;constructible=True;affordable=False;available=False;owned=4;upgradeTo=IndustrialCarbonizationRetort;research=SteamPower|Coking;workshop=;productivity=-210;territory=1749]"
428406,428406,Fast,"Building","Waiting","",1,"productivity or territory is insufficient [CokeOven:candidate=True;constructible=True;affordable=False;available=False;owned=4;upgradeTo=IndustrialCarbonizationRetort;research=SteamPower|Coking;workshop=;productivity=-212.36;territory=1749]"
429006,429606,Fast,"Building","Waiting","",2,"productivity or territory is insufficient [CokeOven:candidate=True;constructible=True;affordable=False;available=False;owned=4;upgradeTo=IndustrialCarbonizationRetort;research=SteamPower|Coking;workshop=;productivity=-214.72;territory=1749]"
430206,432006,Fast,"Building","Waiting","",4,"productivity or territory is insufficient [CokeOven:candidate=True;constructible=True;affordable=False;available=False;owned=4;upgradeTo=IndustrialCarbonizationRetort;research=SteamPower|Coking;workshop=;productivity=-217.08;territory=1749]"
432606,436806,Fast,"Building","Waiting","",8,"productivity or territory is insufficient [CokeOven:candidate=True;constructible=True;affordable=False;available=False;owned=4;upgradeTo=IndustrialCarbonizationRetort;research=SteamPower|Coking;workshop=;productivity=-219.44;territory=1749]"
437406,437406,Fast,"Building","Waiting","",1,"productivity or territory is insufficient [CokeOven:candidate=True;constructible=True;affordable=False;available=False;owned=4;upgradeTo=IndustrialCarbonizationRetort;research=SteamPower|Coking;workshop=;productivity=-221.8;territory=1749]"
438006,438006,Fast,"Building","Waiting","",1,"productivity or territory is insufficient [CokeOven:candidate=True;constructible=True;affordable=False;available=False;owned=4;upgradeTo=IndustrialCarbonizationRetort;research=SteamPower|Coking;workshop=;productivity=0.04;territory=1749]"
438606,438606,Fast,"Building","Waiting","",1,"productivity or territory is insufficient [CokeOven:candidate=True;constructible=True;affordable=False;available=False;owned=4;upgradeTo=IndustrialCarbonizationRetort;research=SteamPower|Coking;workshop=;productivity=-35.36;territory=1749]"
439206,439206,Fast,"Building","Waiting","",1,"productivity or territory is insufficient [CokeOven:candidate=True;constructible=True;affordable=False;available=False;owned=4;upgradeTo=IndustrialCarbonizationRetort;research=SteamPower|Coking;workshop=;productivity=-66.04;territory=1749]"
439806,439806,Fast,"Building","Waiting","",1,"productivity or territory is insufficient [CokeOven:candidate=True;constructible=True;affordable=False;available=False;owned=4;upgradeTo=IndustrialCarbonizationRetort;research=SteamPower|Coking;workshop=;productivity=-92;territory=1749]"
440406,440406,Fast,"Building","Waiting","",1,"productivity or territory is insufficient [CokeOven:candidate=True;constructible=True;affordable=False;available=False;owned=4;upgradeTo=IndustrialCarbonizationRetort;research=SteamPower|Coking;workshop=;productivity=-113.24;territory=1749]"
441006,441006,Fast,"Building","Waiting","",1,"productivity or territory is insufficient [CokeOven:candidate=True;constructible=True;affordable=False;available=False;owned=4;upgradeTo=IndustrialCarbonizationRetort;research=SteamPower|Coking;workshop=;productivity=-132.12;territory=1749]"
441606,441606,Fast,"Building","Waiting","",1,"productivity or territory is insufficient [CokeOven:candidate=True;constructible=True;affordable=False;available=False;owned=4;upgradeTo=IndustrialCarbonizationRetort;research=SteamPower|Coking;workshop=;productivity=-146.28;territory=1749]"
442206,442206,Fast,"Building","Waiting","",1,"productivity or territory is insufficient [CokeOven:candidate=True;constructible=True;affordable=False;available=False;owned=4;upgradeTo=IndustrialCarbonizationRetort;research=SteamPower|Coking;workshop=;productivity=-158.08;territory=1749]"
442806,442806,Fast,"Building","Waiting","",1,"productivity or territory is insufficient [CokeOven:candidate=True;constructible=True;affordable=False;available=False;owned=4;upgradeTo=IndustrialCarbonizationRetort;research=SteamPower|Coking;workshop=;productivity=-169.88;territory=1749]"
443406,443406,Fast,"Building","Waiting","",1,"productivity or territory is insufficient [CokeOven:candidate=True;constructible=True;affordable=False;available=False;owned=4;upgradeTo=IndustrialCarbonizationRetort;research=SteamPower|Coking;workshop=;productivity=-176.96;territory=1749]"
444006,444006,Fast,"Building","Waiting","",1,"productivity or territory is insufficient [CokeOven:candidate=True;constructible=True;affordable=False;available=False;owned=4;upgradeTo=IndustrialCarbonizationRetort;research=SteamPower|Coking;workshop=;productivity=-186.4;territory=1749]"
444606,444606,Fast,"Building","Waiting","",1,"productivity or territory is insufficient [CokeOven:candidate=True;constructible=True;affordable=False;available=False;owned=4;upgradeTo=IndustrialCarbonizationRetort;research=SteamPower|Coking;workshop=;productivity=-191.12;territory=1749]"
445206,445206,Fast,"Building","Waiting","",1,"productivity or territory is insufficient [CokeOven:candidate=True;constructible=True;affordable=False;available=False;owned=4;upgradeTo=IndustrialCarbonizationRetort;research=SteamPower|Coking;workshop=;productivity=-195.84;territory=1749]"
445806,445806,Fast,"Building","Waiting","",1,"productivity or territory is insufficient [CokeOven:candidate=True;constructible=True;affordable=False;available=False;owned=4;upgradeTo=IndustrialCarbonizationRetort;research=SteamPower|Coking;workshop=;productivity=-200.56;territory=1749]"
446406,446406,Fast,"Building","Waiting","",1,"productivity or territory is insufficient [CokeOven:candidate=True;constructible=True;affordable=False;available=False;owned=4;upgradeTo=IndustrialCarbonizationRetort;research=SteamPower|Coking;workshop=;productivity=-202.92;territory=1749]"
447006,447006,Fast,"Building","Waiting","",1,"productivity or territory is insufficient [CokeOven:candidate=True;constructible=True;affordable=False;available=False;owned=4;upgradeTo=IndustrialCarbonizationRetort;research=SteamPower|Coking;workshop=;productivity=-207.64;territory=1749]"
447606,448206,Fast,"Building","Waiting","",2,"productivity or territory is insufficient [CokeOven:candidate=True;constructible=True;affordable=False;available=False;owned=4;upgradeTo=IndustrialCarbonizationRetort;research=SteamPower|Coking;workshop=;productivity=-210;territory=1749]"
448806,448806,Fast,"Building","Waiting","",1,"productivity or territory is insufficient [CokeOven:candidate=True;constructible=True;affordable=False;available=False;owned=4;upgradeTo=IndustrialCarbonizationRetort;research=SteamPower|Coking;workshop=;productivity=-212.36;territory=1749]"
449406,450006,Fast,"Building","Waiting","",2,"productivity or territory is insufficient [CokeOven:candidate=True;constructible=True;affordable=False;available=False;owned=4;upgradeTo=IndustrialCarbonizationRetort;research=SteamPower|Coking;workshop=;productivity=-214.72;territory=1749]"
450606,452406,Fast,"Building","Waiting","",4,"productivity or territory is insufficient [CokeOven:candidate=True;constructible=True;affordable=False;available=False;owned=4;upgradeTo=IndustrialCarbonizationRetort;research=SteamPower|Coking;workshop=;productivity=-217.08;territory=1749]"
453006,457206,Fast,"Building","Waiting","",8,"productivity or territory is insufficient [CokeOven:candidate=True;constructible=True;affordable=False;available=False;owned=4;upgradeTo=IndustrialCarbonizationRetort;research=SteamPower|Coking;workshop=;productivity=-219.44;territory=1749]"
457806,457806,Fast,"Building","Waiting","",1,"productivity or territory is insufficient [CokeOven:candidate=True;constructible=True;affordable=False;available=False;owned=4;upgradeTo=IndustrialCarbonizationRetort;research=SteamPower|Coking;workshop=;productivity=-221.8;territory=1749]"
458406,458406,Fast,"Building","Waiting","",1,"productivity or territory is insufficient [CokeOven:candidate=True;constructible=True;affordable=False;available=False;owned=4;upgradeTo=IndustrialCarbonizationRetort;research=SteamPower|Coking;workshop=;productivity=0.04;territory=1749]"
459006,459006,Fast,"Building","Waiting","",1,"productivity or territory is insufficient [CokeOven:candidate=True;constructible=True;affordable=False;available=False;owned=4;upgradeTo=IndustrialCarbonizationRetort;research=SteamPower|Coking;workshop=;productivity=-35.36;territory=1749]"
459606,459606,Fast,"Building","Waiting","",1,"productivity or territory is insufficient [CokeOven:candidate=True;constructible=True;affordable=False;available=False;owned=4;upgradeTo=IndustrialCarbonizationRetort;research=SteamPower|Coking;workshop=;productivity=-66.04;territory=1749]"
460206,460206,Fast,"Building","Waiting","",1,"productivity or territory is insufficient [CokeOven:candidate=True;constructible=True;affordable=False;available=False;owned=4;upgradeTo=IndustrialCarbonizationRetort;research=SteamPower|Coking;workshop=;productivity=-92;territory=1749]"
460806,460806,Fast,"Building","Waiting","",1,"productivity or territory is insufficient [CokeOven:candidate=True;constructible=True;affordable=False;available=False;owned=4;upgradeTo=IndustrialCarbonizationRetort;research=SteamPower|Coking;workshop=;productivity=-113.24;territory=1749]"
461406,461406,Fast,"Building","Waiting","",1,"productivity or territory is insufficient [CokeOven:candidate=True;constructible=True;affordable=False;available=False;owned=4;upgradeTo=IndustrialCarbonizationRetort;research=SteamPower|Coking;workshop=;productivity=-132.12;territory=1749]"
462006,462006,Fast,"Building","Waiting","",1,"productivity or territory is insufficient [CokeOven:candidate=True;constructible=True;affordable=False;available=False;owned=4;upgradeTo=IndustrialCarbonizationRetort;research=SteamPower|Coking;workshop=;productivity=-146.28;territory=1749]"
462606,462606,Fast,"Building","Waiting","",1,"productivity or territory is insufficient [CokeOven:candidate=True;constructible=True;affordable=False;available=False;owned=4;upgradeTo=IndustrialCarbonizationRetort;research=SteamPower|Coking;workshop=;productivity=-158.08;territory=1749]"
463206,463206,Fast,"Building","Waiting","",1,"productivity or territory is insufficient [CokeOven:candidate=True;constructible=True;affordable=False;available=False;owned=4;upgradeTo=IndustrialCarbonizationRetort;research=SteamPower|Coking;workshop=;productivity=-169.88;territory=1749]"
463806,463806,Fast,"Building","Waiting","",1,"productivity or territory is insufficient [CokeOven:candidate=True;constructible=True;affordable=False;available=False;owned=4;upgradeTo=IndustrialCarbonizationRetort;research=SteamPower|Coking;workshop=;productivity=-176.96;territory=1749]"
464406,464406,Fast,"Building","Waiting","",1,"productivity or territory is insufficient [CokeOven:candidate=True;constructible=True;affordable=False;available=False;owned=4;upgradeTo=IndustrialCarbonizationRetort;research=SteamPower|Coking;workshop=;productivity=-186.4;territory=1749]"
465006,465006,Fast,"Building","Waiting","",1,"productivity or territory is insufficient [CokeOven:candidate=True;constructible=True;affordable=False;available=False;owned=4;upgradeTo=IndustrialCarbonizationRetort;research=SteamPower|Coking;workshop=;productivity=-191.12;territory=1749]"
465606,465606,Fast,"Building","Waiting","",1,"productivity or territory is insufficient [CokeOven:candidate=True;constructible=True;affordable=False;available=False;owned=4;upgradeTo=IndustrialCarbonizationRetort;research=SteamPower|Coking;workshop=;productivity=-195.84;territory=1749]"
466206,466206,Fast,"Building","Waiting","",1,"productivity or territory is insufficient [CokeOven:candidate=True;constructible=True;affordable=False;available=False;owned=4;upgradeTo=IndustrialCarbonizationRetort;research=SteamPower|Coking;workshop=;productivity=-200.56;territory=1749]"
466806,466806,Fast,"Building","Waiting","",1,"productivity or territory is insufficient [CokeOven:candidate=True;constructible=True;affordable=False;available=False;owned=4;upgradeTo=IndustrialCarbonizationRetort;research=SteamPower|Coking;workshop=;productivity=-202.92;territory=1749]"
467406,467406,Fast,"Building","Waiting","",1,"productivity or territory is insufficient [CokeOven:candidate=True;constructible=True;affordable=False;available=False;owned=4;upgradeTo=IndustrialCarbonizationRetort;research=SteamPower|Coking;workshop=;productivity=-207.64;territory=1749]"
468006,468606,Fast,"Building","Waiting","",2,"productivity or territory is insufficient [CokeOven:candidate=True;constructible=True;affordable=False;available=False;owned=4;upgradeTo=IndustrialCarbonizationRetort;research=SteamPower|Coking;workshop=;productivity=-210;territory=1749]"
469206,469206,Fast,"Building","Waiting","",1,"productivity or territory is insufficient [CokeOven:candidate=True;constructible=True;affordable=False;available=False;owned=4;upgradeTo=IndustrialCarbonizationRetort;research=SteamPower|Coking;workshop=;productivity=-212.36;territory=1749]"
469806,470406,Fast,"Building","Waiting","",2,"productivity or territory is insufficient [CokeOven:candidate=True;constructible=True;affordable=False;available=False;owned=4;upgradeTo=IndustrialCarbonizationRetort;research=SteamPower|Coking;workshop=;productivity=-214.72;territory=1749]"
471006,472806,Fast,"Building","Waiting","",4,"productivity or territory is insufficient [CokeOven:candidate=True;constructible=True;affordable=False;available=False;owned=4;upgradeTo=IndustrialCarbonizationRetort;research=SteamPower|Coking;workshop=;productivity=-217.08;territory=1749]"
473406,477606,Fast,"Building","Waiting","",8,"productivity or territory is insufficient [CokeOven:candidate=True;constructible=True;affordable=False;available=False;owned=4;upgradeTo=IndustrialCarbonizationRetort;research=SteamPower|Coking;workshop=;productivity=-219.44;territory=1749]"
478206,478206,Fast,"Building","Waiting","",1,"productivity or territory is insufficient [CokeOven:candidate=True;constructible=True;affordable=False;available=False;owned=4;upgradeTo=IndustrialCarbonizationRetort;research=SteamPower|Coking;workshop=;productivity=-221.8;territory=1749]"
478806,478806,Fast,"Building","Waiting","",1,"productivity or territory is insufficient [CokeOven:candidate=True;constructible=True;affordable=False;available=False;owned=4;upgradeTo=IndustrialCarbonizationRetort;research=SteamPower|Coking;workshop=;productivity=0.04;territory=1749]"
479406,479406,Fast,"Building","Waiting","",1,"productivity or territory is insufficient [CokeOven:candidate=True;constructible=True;affordable=False;available=False;owned=4;upgradeTo=IndustrialCarbonizationRetort;research=SteamPower|Coking;workshop=;productivity=-35.36;territory=1749]"
480006,480006,Fast,"Building","Waiting","",1,"productivity or territory is insufficient [CokeOven:candidate=True;constructible=True;affordable=False;available=False;owned=4;upgradeTo=IndustrialCarbonizationRetort;research=SteamPower|Coking;workshop=;productivity=-66.04;territory=1749]"
480606,480606,Fast,"Building","Waiting","",1,"productivity or territory is insufficient [CokeOven:candidate=True;constructible=True;affordable=False;available=False;owned=4;upgradeTo=IndustrialCarbonizationRetort;research=SteamPower|Coking;workshop=;productivity=-92;territory=1749]"
481206,481206,Fast,"Building","Waiting","",1,"productivity or territory is insufficient [CokeOven:candidate=True;constructible=True;affordable=False;available=False;owned=4;upgradeTo=IndustrialCarbonizationRetort;research=SteamPower|Coking;workshop=;productivity=-113.24;territory=1749]"
481806,481806,Fast,"Building","Waiting","",1,"productivity or territory is insufficient [CokeOven:candidate=True;constructible=True;affordable=False;available=False;owned=4;upgradeTo=IndustrialCarbonizationRetort;research=SteamPower|Coking;workshop=;productivity=-132.12;territory=1749]"
482406,482406,Fast,"Building","Waiting","",1,"productivity or territory is insufficient [CokeOven:candidate=True;constructible=True;affordable=False;available=False;owned=4;upgradeTo=IndustrialCarbonizationRetort;research=SteamPower|Coking;workshop=;productivity=-146.28;territory=1749]"
483006,483006,Fast,"Building","Waiting","",1,"productivity or territory is insufficient [CokeOven:candidate=True;constructible=True;affordable=False;available=False;owned=4;upgradeTo=IndustrialCarbonizationRetort;research=SteamPower|Coking;workshop=;productivity=-158.08;territory=1749]"
483606,483606,Fast,"Building","Waiting","",1,"productivity or territory is insufficient [CokeOven:candidate=True;constructible=True;affordable=False;available=False;owned=4;upgradeTo=IndustrialCarbonizationRetort;research=SteamPower|Coking;workshop=;productivity=-169.88;territory=1749]"
484206,484206,Fast,"Building","Waiting","",1,"productivity or territory is insufficient [CokeOven:candidate=True;constructible=True;affordable=False;available=False;owned=4;upgradeTo=IndustrialCarbonizationRetort;research=SteamPower|Coking;workshop=;productivity=-176.96;territory=1749]"
484806,484806,Fast,"Building","Waiting","",1,"productivity or territory is insufficient [CokeOven:candidate=True;constructible=True;affordable=False;available=False;owned=4;upgradeTo=IndustrialCarbonizationRetort;research=SteamPower|Coking;workshop=;productivity=-186.4;territory=1749]"
485406,485406,Fast,"Building","Waiting","",1,"productivity or territory is insufficient [CokeOven:candidate=True;constructible=True;affordable=False;available=False;owned=4;upgradeTo=IndustrialCarbonizationRetort;research=SteamPower|Coking;workshop=;productivity=-191.12;territory=1749]"
486006,486006,Fast,"Building","Waiting","",1,"productivity or territory is insufficient [CokeOven:candidate=True;constructible=True;affordable=False;available=False;owned=4;upgradeTo=IndustrialCarbonizationRetort;research=SteamPower|Coking;workshop=;productivity=-195.84;territory=1749]"
486606,486606,Fast,"Building","Waiting","",1,"productivity or territory is insufficient [CokeOven:candidate=True;constructible=True;affordable=False;available=False;owned=4;upgradeTo=IndustrialCarbonizationRetort;research=SteamPower|Coking;workshop=;productivity=-200.56;territory=1749]"
487206,487206,Fast,"Building","Waiting","",1,"productivity or territory is insufficient [CokeOven:candidate=True;constructible=True;affordable=False;available=False;owned=4;upgradeTo=IndustrialCarbonizationRetort;research=SteamPower|Coking;workshop=;productivity=-202.92;territory=1749]"
487806,487806,Fast,"Building","Waiting","",1,"productivity or territory is insufficient [CokeOven:candidate=True;constructible=True;affordable=False;available=False;owned=4;upgradeTo=IndustrialCarbonizationRetort;research=SteamPower|Coking;workshop=;productivity=-207.64;territory=1749]"
488406,489006,Fast,"Building","Waiting","",2,"productivity or territory is insufficient [CokeOven:candidate=True;constructible=True;affordable=False;available=False;owned=4;upgradeTo=IndustrialCarbonizationRetort;research=SteamPower|Coking;workshop=;productivity=-210;territory=1749]"
489606,489606,Fast,"Building","Waiting","",1,"productivity or territory is insufficient [CokeOven:candidate=True;constructible=True;affordable=False;available=False;owned=4;upgradeTo=IndustrialCarbonizationRetort;research=SteamPower|Coking;workshop=;productivity=-212.36;territory=1749]"
490206,490806,Fast,"Building","Waiting","",2,"productivity or territory is insufficient [CokeOven:candidate=True;constructible=True;affordable=False;available=False;owned=4;upgradeTo=IndustrialCarbonizationRetort;research=SteamPower|Coking;workshop=;productivity=-214.72;territory=1749]"
491406,493206,Fast,"Building","Waiting","",4,"productivity or territory is insufficient [CokeOven:candidate=True;constructible=True;affordable=False;available=False;owned=4;upgradeTo=IndustrialCarbonizationRetort;research=SteamPower|Coking;workshop=;productivity=-217.08;territory=1749]"
493806,498006,Fast,"Building","Waiting","",8,"productivity or territory is insufficient [CokeOven:candidate=True;constructible=True;affordable=False;available=False;owned=4;upgradeTo=IndustrialCarbonizationRetort;research=SteamPower|Coking;workshop=;productivity=-219.44;territory=1749]"
498606,498606,Fast,"Building","Waiting","",1,"productivity or territory is insufficient [CokeOven:candidate=True;constructible=True;affordable=False;available=False;owned=4;upgradeTo=IndustrialCarbonizationRetort;research=SteamPower|Coking;workshop=;productivity=-221.8;territory=1749]"
499206,499206,Fast,"Building","Waiting","",1,"productivity or territory is insufficient [CokeOven:candidate=True;constructible=True;affordable=False;available=False;owned=4;upgradeTo=IndustrialCarbonizationRetort;research=SteamPower|Coking;workshop=;productivity=0.04;territory=1749]"
499806,499806,Fast,"Building","Waiting","",1,"productivity or territory is insufficient [CokeOven:candidate=True;constructible=True;affordable=False;available=False;owned=4;upgradeTo=IndustrialCarbonizationRetort;research=SteamPower|Coking;workshop=;productivity=-35.36;territory=1749]"
500406,500406,Fast,"Building","Waiting","",1,"productivity or territory is insufficient [CokeOven:candidate=True;constructible=True;affordable=False;available=False;owned=4;upgradeTo=IndustrialCarbonizationRetort;research=SteamPower|Coking;workshop=;productivity=-66.04;territory=1749]"
501006,501006,Fast,"Building","Waiting","",1,"productivity or territory is insufficient [CokeOven:candidate=True;constructible=True;affordable=False;available=False;owned=4;upgradeTo=IndustrialCarbonizationRetort;research=SteamPower|Coking;workshop=;productivity=-92;territory=1749]"
501606,501606,Fast,"Building","Waiting","",1,"productivity or territory is insufficient [CokeOven:candidate=True;constructible=True;affordable=False;available=False;owned=4;upgradeTo=IndustrialCarbonizationRetort;research=SteamPower|Coking;workshop=;productivity=-113.24;territory=1749]"
502206,502206,Fast,"Building","Waiting","",1,"productivity or territory is insufficient [CokeOven:candidate=True;constructible=True;affordable=False;available=False;owned=4;upgradeTo=IndustrialCarbonizationRetort;research=SteamPower|Coking;workshop=;productivity=-132.12;territory=1749]"
502806,502806,Fast,"Building","Waiting","",1,"productivity or territory is insufficient [CokeOven:candidate=True;constructible=True;affordable=False;available=False;owned=4;upgradeTo=IndustrialCarbonizationRetort;research=SteamPower|Coking;workshop=;productivity=-146.28;territory=1749]"
503406,503406,Fast,"Building","Waiting","",1,"productivity or territory is insufficient [CokeOven:candidate=True;constructible=True;affordable=False;available=False;owned=4;upgradeTo=IndustrialCarbonizationRetort;research=SteamPower|Coking;workshop=;productivity=-158.08;territory=1749]"
504006,504006,Fast,"Building","Waiting","",1,"productivity or territory is insufficient [CokeOven:candidate=True;constructible=True;affordable=False;available=False;owned=4;upgradeTo=IndustrialCarbonizationRetort;research=SteamPower|Coking;workshop=;productivity=-169.88;territory=1749]"
504606,504606,Fast,"Building","Waiting","",1,"productivity or territory is insufficient [CokeOven:candidate=True;constructible=True;affordable=False;available=False;owned=4;upgradeTo=IndustrialCarbonizationRetort;research=SteamPower|Coking;workshop=;productivity=-176.96;territory=1749]"
505206,505206,Fast,"Building","Waiting","",1,"productivity or territory is insufficient [CokeOven:candidate=True;constructible=True;affordable=False;available=False;owned=4;upgradeTo=IndustrialCarbonizationRetort;research=SteamPower|Coking;workshop=;productivity=-186.4;territory=1749]"
505806,505806,Fast,"Building","Waiting","",1,"productivity or territory is insufficient [CokeOven:candidate=True;constructible=True;affordable=False;available=False;owned=4;upgradeTo=IndustrialCarbonizationRetort;research=SteamPower|Coking;workshop=;productivity=-191.12;territory=1749]"
506406,506406,Fast,"Building","Waiting","",1,"productivity or territory is insufficient [CokeOven:candidate=True;constructible=True;affordable=False;available=False;owned=4;upgradeTo=IndustrialCarbonizationRetort;research=SteamPower|Coking;workshop=;productivity=-195.84;territory=1749]"
507006,507006,Fast,"Building","Waiting","",1,"productivity or territory is insufficient [CokeOven:candidate=True;constructible=True;affordable=False;available=False;owned=4;upgradeTo=IndustrialCarbonizationRetort;research=SteamPower|Coking;workshop=;productivity=-200.56;territory=1749]"
507606,507606,Fast,"Building","Waiting","",1,"productivity or territory is insufficient [CokeOven:candidate=True;constructible=True;affordable=False;available=False;owned=4;upgradeTo=IndustrialCarbonizationRetort;research=SteamPower|Coking;workshop=;productivity=-202.92;territory=1749]"
508206,508206,Fast,"Building","Waiting","",1,"productivity or territory is insufficient [CokeOven:candidate=True;constructible=True;affordable=False;available=False;owned=4;upgradeTo=IndustrialCarbonizationRetort;research=SteamPower|Coking;workshop=;productivity=-207.64;territory=1749]"
508806,509406,Fast,"Building","Waiting","",2,"productivity or territory is insufficient [CokeOven:candidate=True;constructible=True;affordable=False;available=False;owned=4;upgradeTo=IndustrialCarbonizationRetort;research=SteamPower|Coking;workshop=;productivity=-210;territory=1749]"
510006,510006,Fast,"Building","Waiting","",1,"productivity or territory is insufficient [CokeOven:candidate=True;constructible=True;affordable=False;available=False;owned=4;upgradeTo=IndustrialCarbonizationRetort;research=SteamPower|Coking;workshop=;productivity=-212.36;territory=1749]"
510606,511206,Fast,"Building","Waiting","",2,"productivity or territory is insufficient [CokeOven:candidate=True;constructible=True;affordable=False;available=False;owned=4;upgradeTo=IndustrialCarbonizationRetort;research=SteamPower|Coking;workshop=;productivity=-214.72;territory=1749]"
511806,513606,Fast,"Building","Waiting","",4,"productivity or territory is insufficient [CokeOven:candidate=True;constructible=True;affordable=False;available=False;owned=4;upgradeTo=IndustrialCarbonizationRetort;research=SteamPower|Coking;workshop=;productivity=-217.08;territory=1749]"
514206,518406,Fast,"Building","Waiting","",8,"productivity or territory is insufficient [CokeOven:candidate=True;constructible=True;affordable=False;available=False;owned=4;upgradeTo=IndustrialCarbonizationRetort;research=SteamPower|Coking;workshop=;productivity=-219.44;territory=1749]"
519006,519006,Fast,"Building","Waiting","",1,"productivity or territory is insufficient [CokeOven:candidate=True;constructible=True;affordable=False;available=False;owned=4;upgradeTo=IndustrialCarbonizationRetort;research=SteamPower|Coking;workshop=;productivity=-221.8;territory=1749]"
519606,519606,Fast,"Building","Waiting","",1,"productivity or territory is insufficient [CokeOven:candidate=True;constructible=True;affordable=False;available=False;owned=4;upgradeTo=IndustrialCarbonizationRetort;research=SteamPower|Coking;workshop=;productivity=0.04;territory=1749]"
520206,520206,Fast,"Building","Waiting","",1,"productivity or territory is insufficient [CokeOven:candidate=True;constructible=True;affordable=False;available=False;owned=4;upgradeTo=IndustrialCarbonizationRetort;research=SteamPower|Coking;workshop=;productivity=-35.36;territory=1749]"
520806,520806,Fast,"Building","Waiting","",1,"productivity or territory is insufficient [CokeOven:candidate=True;constructible=True;affordable=False;available=False;owned=4;upgradeTo=IndustrialCarbonizationRetort;research=SteamPower|Coking;workshop=;productivity=-66.04;territory=1749]"
521406,521406,Fast,"Building","Waiting","",1,"productivity or territory is insufficient [CokeOven:candidate=True;constructible=True;affordable=False;available=False;owned=4;upgradeTo=IndustrialCarbonizationRetort;research=SteamPower|Coking;workshop=;productivity=-92;territory=1749]"
522006,522006,Fast,"Building","Waiting","",1,"productivity or territory is insufficient [CokeOven:candidate=True;constructible=True;affordable=False;available=False;owned=4;upgradeTo=IndustrialCarbonizationRetort;research=SteamPower|Coking;workshop=;productivity=-113.24;territory=1749]"
522606,522606,Fast,"Building","Waiting","",1,"productivity or territory is insufficient [CokeOven:candidate=True;constructible=True;affordable=False;available=False;owned=4;upgradeTo=IndustrialCarbonizationRetort;research=SteamPower|Coking;workshop=;productivity=-132.12;territory=1749]"
523206,523206,Fast,"Building","Waiting","",1,"productivity or territory is insufficient [CokeOven:candidate=True;constructible=True;affordable=False;available=False;owned=4;upgradeTo=IndustrialCarbonizationRetort;research=SteamPower|Coking;workshop=;productivity=-146.28;territory=1749]"
523806,523806,Fast,"Building","Waiting","",1,"productivity or territory is insufficient [CokeOven:candidate=True;constructible=True;affordable=False;available=False;owned=4;upgradeTo=IndustrialCarbonizationRetort;research=SteamPower|Coking;workshop=;productivity=-158.08;territory=1749]"
524406,524406,Fast,"Building","Waiting","",1,"productivity or territory is insufficient [CokeOven:candidate=True;constructible=True;affordable=False;available=False;owned=4;upgradeTo=IndustrialCarbonizationRetort;research=SteamPower|Coking;workshop=;productivity=-169.88;territory=1749]"
525006,525006,Fast,"Building","Waiting","",1,"productivity or territory is insufficient [CokeOven:candidate=True;constructible=True;affordable=False;available=False;owned=4;upgradeTo=IndustrialCarbonizationRetort;research=SteamPower|Coking;workshop=;productivity=-176.96;territory=1749]"
525606,525606,Fast,"Building","Waiting","",1,"productivity or territory is insufficient [CokeOven:candidate=True;constructible=True;affordable=False;available=False;owned=4;upgradeTo=IndustrialCarbonizationRetort;research=SteamPower|Coking;workshop=;productivity=-186.4;territory=1749]"
526206,526206,Fast,"Building","Waiting","",1,"productivity or territory is insufficient [CokeOven:candidate=True;constructible=True;affordable=False;available=False;owned=4;upgradeTo=IndustrialCarbonizationRetort;research=SteamPower|Coking;workshop=;productivity=-191.12;territory=1749]"
526806,526806,Fast,"Building","Waiting","",1,"productivity or territory is insufficient [CokeOven:candidate=True;constructible=True;affordable=False;available=False;owned=4;upgradeTo=IndustrialCarbonizationRetort;research=SteamPower|Coking;workshop=;productivity=-195.84;territory=1749]"
527406,527406,Fast,"Building","Waiting","",1,"productivity or territory is insufficient [CokeOven:candidate=True;constructible=True;affordable=False;available=False;owned=4;upgradeTo=IndustrialCarbonizationRetort;research=SteamPower|Coking;workshop=;productivity=-200.56;territory=1749]"
528006,528006,Fast,"Building","Waiting","",1,"productivity or territory is insufficient [CokeOven:candidate=True;constructible=True;affordable=False;available=False;owned=4;upgradeTo=IndustrialCarbonizationRetort;research=SteamPower|Coking;workshop=;productivity=-202.92;territory=1749]"
528606,528606,Fast,"Building","Waiting","",1,"productivity or territory is insufficient [CokeOven:candidate=True;constructible=True;affordable=False;available=False;owned=4;upgradeTo=IndustrialCarbonizationRetort;research=SteamPower|Coking;workshop=;productivity=-207.64;territory=1749]"
529206,529806,Fast,"Building","Waiting","",2,"productivity or territory is insufficient [CokeOven:candidate=True;constructible=True;affordable=False;available=False;owned=4;upgradeTo=IndustrialCarbonizationRetort;research=SteamPower|Coking;workshop=;productivity=-210;territory=1749]"
530406,530406,Fast,"Building","Waiting","",1,"productivity or territory is insufficient [CokeOven:candidate=True;constructible=True;affordable=False;available=False;owned=4;upgradeTo=IndustrialCarbonizationRetort;research=SteamPower|Coking;workshop=;productivity=-212.36;territory=1749]"
531006,531606,Fast,"Building","Waiting","",2,"productivity or territory is insufficient [CokeOven:candidate=True;constructible=True;affordable=False;available=False;owned=4;upgradeTo=IndustrialCarbonizationRetort;research=SteamPower|Coking;workshop=;productivity=-214.72;territory=1749]"
532206,534006,Fast,"Building","Waiting","",4,"productivity or territory is insufficient [CokeOven:candidate=True;constructible=True;affordable=False;available=False;owned=4;upgradeTo=IndustrialCarbonizationRetort;research=SteamPower|Coking;workshop=;productivity=-217.08;territory=1749]"
534606,538806,Fast,"Building","Waiting","",8,"productivity or territory is insufficient [CokeOven:candidate=True;constructible=True;affordable=False;available=False;owned=4;upgradeTo=IndustrialCarbonizationRetort;research=SteamPower|Coking;workshop=;productivity=-219.44;territory=1749]"
539406,539406,Fast,"Building","Waiting","",1,"productivity or territory is insufficient [CokeOven:candidate=True;constructible=True;affordable=False;available=False;owned=4;upgradeTo=IndustrialCarbonizationRetort;research=SteamPower|Coking;workshop=;productivity=-221.8;territory=1749]"
540006,540006,Fast,"Building","Waiting","",1,"productivity or territory is insufficient [CokeOven:candidate=True;constructible=True;affordable=False;available=False;owned=4;upgradeTo=IndustrialCarbonizationRetort;research=SteamPower|Coking;workshop=;productivity=0.04;territory=1749]"
540606,540606,Fast,"Building","Waiting","",1,"productivity or territory is insufficient [CokeOven:candidate=True;constructible=True;affordable=False;available=False;owned=4;upgradeTo=IndustrialCarbonizationRetort;research=SteamPower|Coking;workshop=;productivity=-35.36;territory=1749]"
541206,541206,Fast,"Building","Waiting","",1,"productivity or territory is insufficient [CokeOven:candidate=True;constructible=True;affordable=False;available=False;owned=4;upgradeTo=IndustrialCarbonizationRetort;research=SteamPower|Coking;workshop=;productivity=-66.04;territory=1749]"
541806,541806,Fast,"Building","Waiting","",1,"productivity or territory is insufficient [CokeOven:candidate=True;constructible=True;affordable=False;available=False;owned=4;upgradeTo=IndustrialCarbonizationRetort;research=SteamPower|Coking;workshop=;productivity=-92;territory=1749]"
542406,542406,Fast,"Building","Waiting","",1,"productivity or territory is insufficient [CokeOven:candidate=True;constructible=True;affordable=False;available=False;owned=4;upgradeTo=IndustrialCarbonizationRetort;research=SteamPower|Coking;workshop=;productivity=-113.24;territory=1749]"
543006,543006,Fast,"Building","Waiting","",1,"productivity or territory is insufficient [CokeOven:candidate=True;constructible=True;affordable=False;available=False;owned=4;upgradeTo=IndustrialCarbonizationRetort;research=SteamPower|Coking;workshop=;productivity=-132.12;territory=1749]"
543606,543606,Fast,"Building","Waiting","",1,"productivity or territory is insufficient [CokeOven:candidate=True;constructible=True;affordable=False;available=False;owned=4;upgradeTo=IndustrialCarbonizationRetort;research=SteamPower|Coking;workshop=;productivity=-146.28;territory=1749]"
544206,544206,Fast,"Building","Waiting","",1,"productivity or territory is insufficient [CokeOven:candidate=True;constructible=True;affordable=False;available=False;owned=4;upgradeTo=IndustrialCarbonizationRetort;research=SteamPower|Coking;workshop=;productivity=-158.08;territory=1749]"
544806,544806,Fast,"Building","Waiting","",1,"productivity or territory is insufficient [CokeOven:candidate=True;constructible=True;affordable=False;available=False;owned=4;upgradeTo=IndustrialCarbonizationRetort;research=SteamPower|Coking;workshop=;productivity=-169.88;territory=1749]"
545406,545406,Fast,"Building","Waiting","",1,"productivity or territory is insufficient [CokeOven:candidate=True;constructible=True;affordable=False;available=False;owned=4;upgradeTo=IndustrialCarbonizationRetort;research=SteamPower|Coking;workshop=;productivity=-176.96;territory=1749]"
546006,546006,Fast,"Building","Waiting","",1,"productivity or territory is insufficient [CokeOven:candidate=True;constructible=True;affordable=False;available=False;owned=4;upgradeTo=IndustrialCarbonizationRetort;research=SteamPower|Coking;workshop=;productivity=-186.4;territory=1749]"
546606,546606,Fast,"Building","Waiting","",1,"productivity or territory is insufficient [CokeOven:candidate=True;constructible=True;affordable=False;available=False;owned=4;upgradeTo=IndustrialCarbonizationRetort;research=SteamPower|Coking;workshop=;productivity=-191.12;territory=1749]"
547206,547206,Fast,"Building","Waiting","",1,"productivity or territory is insufficient [CokeOven:candidate=True;constructible=True;affordable=False;available=False;owned=4;upgradeTo=IndustrialCarbonizationRetort;research=SteamPower|Coking;workshop=;productivity=-195.84;territory=1749]"
547806,547806,Fast,"Building","Waiting","",1,"productivity or territory is insufficient [CokeOven:candidate=True;constructible=True;affordable=False;available=False;owned=4;upgradeTo=IndustrialCarbonizationRetort;research=SteamPower|Coking;workshop=;productivity=-200.56;territory=1749]"
548406,548406,Fast,"Building","Waiting","",1,"productivity or territory is insufficient [CokeOven:candidate=True;constructible=True;affordable=False;available=False;owned=4;upgradeTo=IndustrialCarbonizationRetort;research=SteamPower|Coking;workshop=;productivity=-202.92;territory=1749]"
549006,549006,Fast,"Building","Waiting","",1,"productivity or territory is insufficient [CokeOven:candidate=True;constructible=True;affordable=False;available=False;owned=4;upgradeTo=IndustrialCarbonizationRetort;research=SteamPower|Coking;workshop=;productivity=-207.64;territory=1749]"
549606,550206,Fast,"Building","Waiting","",2,"productivity or territory is insufficient [CokeOven:candidate=True;constructible=True;affordable=False;available=False;owned=4;upgradeTo=IndustrialCarbonizationRetort;research=SteamPower|Coking;workshop=;productivity=-210;territory=1749]"
550806,550806,Fast,"Building","Waiting","",1,"productivity or territory is insufficient [CokeOven:candidate=True;constructible=True;affordable=False;available=False;owned=4;upgradeTo=IndustrialCarbonizationRetort;research=SteamPower|Coking;workshop=;productivity=-212.36;territory=1749]"
551406,552006,Fast,"Building","Waiting","",2,"productivity or territory is insufficient [CokeOven:candidate=True;constructible=True;affordable=False;available=False;owned=4;upgradeTo=IndustrialCarbonizationRetort;research=SteamPower|Coking;workshop=;productivity=-214.72;territory=1749]"
552606,554406,Fast,"Building","Waiting","",4,"productivity or territory is insufficient [CokeOven:candidate=True;constructible=True;affordable=False;available=False;owned=4;upgradeTo=IndustrialCarbonizationRetort;research=SteamPower|Coking;workshop=;productivity=-217.08;territory=1749]"
555006,559206,Fast,"Building","Waiting","",8,"productivity or territory is insufficient [CokeOven:candidate=True;constructible=True;affordable=False;available=False;owned=4;upgradeTo=IndustrialCarbonizationRetort;research=SteamPower|Coking;workshop=;productivity=-219.44;territory=1749]"
559806,559806,Fast,"Building","Waiting","",1,"productivity or territory is insufficient [CokeOven:candidate=True;constructible=True;affordable=False;available=False;owned=4;upgradeTo=IndustrialCarbonizationRetort;research=SteamPower|Coking;workshop=;productivity=-221.8;territory=1749]"
560406,560406,Fast,"Building","Waiting","",1,"productivity or territory is insufficient [CokeOven:candidate=True;constructible=True;affordable=False;available=False;owned=4;upgradeTo=IndustrialCarbonizationRetort;research=SteamPower|Coking;workshop=;productivity=0.04;territory=1749]"
561006,561006,Fast,"Building","Waiting","",1,"productivity or territory is insufficient [CokeOven:candidate=True;constructible=True;affordable=False;available=False;owned=4;upgradeTo=IndustrialCarbonizationRetort;research=SteamPower|Coking;workshop=;productivity=-35.36;territory=1749]"
561606,561606,Fast,"Building","Waiting","",1,"productivity or territory is insufficient [CokeOven:candidate=True;constructible=True;affordable=False;available=False;owned=4;upgradeTo=IndustrialCarbonizationRetort;research=SteamPower|Coking;workshop=;productivity=-66.04;territory=1749]"
562206,562206,Fast,"Building","Waiting","",1,"productivity or territory is insufficient [CokeOven:candidate=True;constructible=True;affordable=False;available=False;owned=4;upgradeTo=IndustrialCarbonizationRetort;research=SteamPower|Coking;workshop=;productivity=-92;territory=1749]"
562806,562806,Fast,"Building","Waiting","",1,"productivity or territory is insufficient [CokeOven:candidate=True;constructible=True;affordable=False;available=False;owned=4;upgradeTo=IndustrialCarbonizationRetort;research=SteamPower|Coking;workshop=;productivity=-113.24;territory=1749]"
563406,563406,Fast,"Building","Waiting","",1,"productivity or territory is insufficient [CokeOven:candidate=True;constructible=True;affordable=False;available=False;owned=4;upgradeTo=IndustrialCarbonizationRetort;research=SteamPower|Coking;workshop=;productivity=-132.12;territory=1749]"
564006,564006,Fast,"Building","Waiting","",1,"productivity or territory is insufficient [CokeOven:candidate=True;constructible=True;affordable=False;available=False;owned=4;upgradeTo=IndustrialCarbonizationRetort;research=SteamPower|Coking;workshop=;productivity=-146.28;territory=1749]"
564606,564606,Fast,"Building","Waiting","",1,"productivity or territory is insufficient [CokeOven:candidate=True;constructible=True;affordable=False;available=False;owned=4;upgradeTo=IndustrialCarbonizationRetort;research=SteamPower|Coking;workshop=;productivity=-158.08;territory=1749]"
565206,565206,Fast,"Building","Waiting","",1,"productivity or territory is insufficient [CokeOven:candidate=True;constructible=True;affordable=False;available=False;owned=4;upgradeTo=IndustrialCarbonizationRetort;research=SteamPower|Coking;workshop=;productivity=-169.88;territory=1749]"
565806,565806,Fast,"Building","Waiting","",1,"productivity or territory is insufficient [CokeOven:candidate=True;constructible=True;affordable=False;available=False;owned=4;upgradeTo=IndustrialCarbonizationRetort;research=SteamPower|Coking;workshop=;productivity=-176.96;territory=1749]"
566406,566406,Fast,"Building","Waiting","",1,"productivity or territory is insufficient [CokeOven:candidate=True;constructible=True;affordable=False;available=False;owned=4;upgradeTo=IndustrialCarbonizationRetort;research=SteamPower|Coking;workshop=;productivity=-186.4;territory=1749]"
567006,567006,Fast,"Building","Waiting","",1,"productivity or territory is insufficient [CokeOven:candidate=True;constructible=True;affordable=False;available=False;owned=4;upgradeTo=IndustrialCarbonizationRetort;research=SteamPower|Coking;workshop=;productivity=-191.12;territory=1749]"
567606,567606,Fast,"Building","Waiting","",1,"productivity or territory is insufficient [CokeOven:candidate=True;constructible=True;affordable=False;available=False;owned=4;upgradeTo=IndustrialCarbonizationRetort;research=SteamPower|Coking;workshop=;productivity=-195.84;territory=1749]"
568206,568206,Fast,"Building","Waiting","",1,"productivity or territory is insufficient [CokeOven:candidate=True;constructible=True;affordable=False;available=False;owned=4;upgradeTo=IndustrialCarbonizationRetort;research=SteamPower|Coking;workshop=;productivity=-200.56;territory=1749]"
568806,568806,Fast,"Building","Waiting","",1,"productivity or territory is insufficient [CokeOven:candidate=True;constructible=True;affordable=False;available=False;owned=4;upgradeTo=IndustrialCarbonizationRetort;research=SteamPower|Coking;workshop=;productivity=-202.92;territory=1749]"
569406,569406,Fast,"Building","Waiting","",1,"productivity or territory is insufficient [CokeOven:candidate=True;constructible=True;affordable=False;available=False;owned=4;upgradeTo=IndustrialCarbonizationRetort;research=SteamPower|Coking;workshop=;productivity=-207.64;territory=1749]"
570006,570606,Fast,"Building","Waiting","",2,"productivity or territory is insufficient [CokeOven:candidate=True;constructible=True;affordable=False;available=False;owned=4;upgradeTo=IndustrialCarbonizationRetort;research=SteamPower|Coking;workshop=;productivity=-210;territory=1749]"
571206,571206,Fast,"Building","Waiting","",1,"productivity or territory is insufficient [CokeOven:candidate=True;constructible=True;affordable=False;available=False;owned=4;upgradeTo=IndustrialCarbonizationRetort;research=SteamPower|Coking;workshop=;productivity=-212.36;territory=1749]"
571806,572406,Fast,"Building","Waiting","",2,"productivity or territory is insufficient [CokeOven:candidate=True;constructible=True;affordable=False;available=False;owned=4;upgradeTo=IndustrialCarbonizationRetort;research=SteamPower|Coking;workshop=;productivity=-214.72;territory=1749]"
573006,574806,Fast,"Building","Waiting","",4,"productivity or territory is insufficient [CokeOven:candidate=True;constructible=True;affordable=False;available=False;owned=4;upgradeTo=IndustrialCarbonizationRetort;research=SteamPower|Coking;workshop=;productivity=-217.08;territory=1749]"
575406,579606,Fast,"Building","Waiting","",8,"productivity or territory is insufficient [CokeOven:candidate=True;constructible=True;affordable=False;available=False;owned=4;upgradeTo=IndustrialCarbonizationRetort;research=SteamPower|Coking;workshop=;productivity=-219.44;territory=1749]"
580206,580206,Fast,"Building","Waiting","",1,"productivity or territory is insufficient [CokeOven:candidate=True;constructible=True;affordable=False;available=False;owned=4;upgradeTo=IndustrialCarbonizationRetort;research=SteamPower|Coking;workshop=;productivity=-221.8;territory=1749]"
580806,580806,Fast,"Building","Waiting","",1,"productivity or territory is insufficient [CokeOven:candidate=True;constructible=True;affordable=False;available=False;owned=4;upgradeTo=IndustrialCarbonizationRetort;research=SteamPower|Coking;workshop=;productivity=0.04;territory=1749]"
581406,581406,Fast,"Building","Waiting","",1,"productivity or territory is insufficient [CokeOven:candidate=True;constructible=True;affordable=False;available=False;owned=4;upgradeTo=IndustrialCarbonizationRetort;research=SteamPower|Coking;workshop=;productivity=-35.36;territory=1749]"
582006,582006,Fast,"Building","Waiting","",1,"productivity or territory is insufficient [CokeOven:candidate=True;constructible=True;affordable=False;available=False;owned=4;upgradeTo=IndustrialCarbonizationRetort;research=SteamPower|Coking;workshop=;productivity=-66.04;territory=1749]"
582606,582606,Fast,"Building","Waiting","",1,"productivity or territory is insufficient [CokeOven:candidate=True;constructible=True;affordable=False;available=False;owned=4;upgradeTo=IndustrialCarbonizationRetort;research=SteamPower|Coking;workshop=;productivity=-92;territory=1749]"
583206,583206,Fast,"Building","Waiting","",1,"productivity or territory is insufficient [CokeOven:candidate=True;constructible=True;affordable=False;available=False;owned=4;upgradeTo=IndustrialCarbonizationRetort;research=SteamPower|Coking;workshop=;productivity=-113.24;territory=1749]"
583806,583806,Fast,"Building","Waiting","",1,"productivity or territory is insufficient [CokeOven:candidate=True;constructible=True;affordable=False;available=False;owned=4;upgradeTo=IndustrialCarbonizationRetort;research=SteamPower|Coking;workshop=;productivity=-132.12;territory=1749]"
584406,584406,Fast,"Building","Waiting","",1,"productivity or territory is insufficient [CokeOven:candidate=True;constructible=True;affordable=False;available=False;owned=4;upgradeTo=IndustrialCarbonizationRetort;research=SteamPower|Coking;workshop=;productivity=-146.28;territory=1749]"
585006,585006,Fast,"Building","Waiting","",1,"productivity or territory is insufficient [CokeOven:candidate=True;constructible=True;affordable=False;available=False;owned=4;upgradeTo=IndustrialCarbonizationRetort;research=SteamPower|Coking;workshop=;productivity=-158.08;territory=1749]"
585606,585606,Fast,"Building","Waiting","",1,"productivity or territory is insufficient [CokeOven:candidate=True;constructible=True;affordable=False;available=False;owned=4;upgradeTo=IndustrialCarbonizationRetort;research=SteamPower|Coking;workshop=;productivity=-169.88;territory=1749]"
586206,586206,Fast,"Building","Waiting","",1,"productivity or territory is insufficient [CokeOven:candidate=True;constructible=True;affordable=False;available=False;owned=4;upgradeTo=IndustrialCarbonizationRetort;research=SteamPower|Coking;workshop=;productivity=-176.96;territory=1749]"
586806,586806,Fast,"Building","Waiting","",1,"productivity or territory is insufficient [CokeOven:candidate=True;constructible=True;affordable=False;available=False;owned=4;upgradeTo=IndustrialCarbonizationRetort;research=SteamPower|Coking;workshop=;productivity=-186.4;territory=1749]"
587406,587406,Fast,"Building","Waiting","",1,"productivity or territory is insufficient [CokeOven:candidate=True;constructible=True;affordable=False;available=False;owned=4;upgradeTo=IndustrialCarbonizationRetort;research=SteamPower|Coking;workshop=;productivity=-191.12;territory=1749]"
588006,588006,Fast,"Building","Waiting","",1,"productivity or territory is insufficient [CokeOven:candidate=True;constructible=True;affordable=False;available=False;owned=4;upgradeTo=IndustrialCarbonizationRetort;research=SteamPower|Coking;workshop=;productivity=-195.84;territory=1749]"
588606,588606,Fast,"Building","Waiting","",1,"productivity or territory is insufficient [CokeOven:candidate=True;constructible=True;affordable=False;available=False;owned=4;upgradeTo=IndustrialCarbonizationRetort;research=SteamPower|Coking;workshop=;productivity=-200.56;territory=1749]"
589206,589206,Fast,"Building","Waiting","",1,"productivity or territory is insufficient [CokeOven:candidate=True;constructible=True;affordable=False;available=False;owned=4;upgradeTo=IndustrialCarbonizationRetort;research=SteamPower|Coking;workshop=;productivity=-202.92;territory=1749]"
589806,589806,Fast,"Building","Waiting","",1,"productivity or territory is insufficient [CokeOven:candidate=True;constructible=True;affordable=False;available=False;owned=4;upgradeTo=IndustrialCarbonizationRetort;research=SteamPower|Coking;workshop=;productivity=-207.64;territory=1749]"
590406,591006,Fast,"Building","Waiting","",2,"productivity or territory is insufficient [CokeOven:candidate=True;constructible=True;affordable=False;available=False;owned=4;upgradeTo=IndustrialCarbonizationRetort;research=SteamPower|Coking;workshop=;productivity=-210;territory=1749]"
591606,591606,Fast,"Building","Waiting","",1,"productivity or territory is insufficient [CokeOven:candidate=True;constructible=True;affordable=False;available=False;owned=4;upgradeTo=IndustrialCarbonizationRetort;research=SteamPower|Coking;workshop=;productivity=-212.36;territory=1749]"
592206,592806,Fast,"Building","Waiting","",2,"productivity or territory is insufficient [CokeOven:candidate=True;constructible=True;affordable=False;available=False;owned=4;upgradeTo=IndustrialCarbonizationRetort;research=SteamPower|Coking;workshop=;productivity=-214.72;territory=1749]"
593406,595206,Fast,"Building","Waiting","",4,"productivity or territory is insufficient [CokeOven:candidate=True;constructible=True;affordable=False;available=False;owned=4;upgradeTo=IndustrialCarbonizationRetort;research=SteamPower|Coking;workshop=;productivity=-217.08;territory=1749]"
595806,600006,Fast,"Building","Waiting","",8,"productivity or territory is insufficient [CokeOven:candidate=True;constructible=True;affordable=False;available=False;owned=4;upgradeTo=IndustrialCarbonizationRetort;research=SteamPower|Coking;workshop=;productivity=-219.44;territory=1749]"
600606,600606,Fast,"Building","Waiting","",1,"productivity or territory is insufficient [CokeOven:candidate=True;constructible=True;affordable=False;available=False;owned=4;upgradeTo=IndustrialCarbonizationRetort;research=SteamPower|Coking;workshop=;productivity=-221.8;territory=1749]"
601206,601206,Fast,"Building","Waiting","",1,"productivity or territory is insufficient [CokeOven:candidate=True;constructible=True;affordable=False;available=False;owned=4;upgradeTo=IndustrialCarbonizationRetort;research=SteamPower|Coking;workshop=;productivity=0.04;territory=1749]"
601806,601806,Fast,"Building","Waiting","",1,"productivity or territory is insufficient [CokeOven:candidate=True;constructible=True;affordable=False;available=False;owned=4;upgradeTo=IndustrialCarbonizationRetort;research=SteamPower|Coking;workshop=;productivity=-35.36;territory=1749]"
602406,602406,Fast,"Building","Waiting","",1,"productivity or territory is insufficient [CokeOven:candidate=True;constructible=True;affordable=False;available=False;owned=4;upgradeTo=IndustrialCarbonizationRetort;research=SteamPower|Coking;workshop=;productivity=-66.04;territory=1749]"
603006,603006,Fast,"Building","Waiting","",1,"productivity or territory is insufficient [CokeOven:candidate=True;constructible=True;affordable=False;available=False;owned=4;upgradeTo=IndustrialCarbonizationRetort;research=SteamPower|Coking;workshop=;productivity=-92;territory=1749]"
603606,603606,Fast,"Building","Waiting","",1,"productivity or territory is insufficient [CokeOven:candidate=True;constructible=True;affordable=False;available=False;owned=4;upgradeTo=IndustrialCarbonizationRetort;research=SteamPower|Coking;workshop=;productivity=-113.24;territory=1749]"
604206,604206,Fast,"Building","Waiting","",1,"productivity or territory is insufficient [CokeOven:candidate=True;constructible=True;affordable=False;available=False;owned=4;upgradeTo=IndustrialCarbonizationRetort;research=SteamPower|Coking;workshop=;productivity=-132.12;territory=1749]"
604806,604806,Fast,"Building","Waiting","",1,"productivity or territory is insufficient [CokeOven:candidate=True;constructible=True;affordable=False;available=False;owned=4;upgradeTo=IndustrialCarbonizationRetort;research=SteamPower|Coking;workshop=;productivity=-146.28;territory=1749]"
605406,605406,Fast,"Building","Waiting","",1,"productivity or territory is insufficient [CokeOven:candidate=True;constructible=True;affordable=False;available=False;owned=4;upgradeTo=IndustrialCarbonizationRetort;research=SteamPower|Coking;workshop=;productivity=-158.08;territory=1749]"
606006,606006,Fast,"Building","Waiting","",1,"productivity or territory is insufficient [CokeOven:candidate=True;constructible=True;affordable=False;available=False;owned=4;upgradeTo=IndustrialCarbonizationRetort;research=SteamPower|Coking;workshop=;productivity=-169.88;territory=1749]"
606606,606606,Fast,"Building","Waiting","",1,"productivity or territory is insufficient [CokeOven:candidate=True;constructible=True;affordable=False;available=False;owned=4;upgradeTo=IndustrialCarbonizationRetort;research=SteamPower|Coking;workshop=;productivity=-176.96;territory=1749]"
607206,607206,Fast,"Building","Waiting","",1,"productivity or territory is insufficient [CokeOven:candidate=True;constructible=True;affordable=False;available=False;owned=4;upgradeTo=IndustrialCarbonizationRetort;research=SteamPower|Coking;workshop=;productivity=-186.4;territory=1749]"
607806,607806,Fast,"Building","Waiting","",1,"productivity or territory is insufficient [CokeOven:candidate=True;constructible=True;affordable=False;available=False;owned=4;upgradeTo=IndustrialCarbonizationRetort;research=SteamPower|Coking;workshop=;productivity=-191.12;territory=1749]"
608406,608406,Fast,"Building","Waiting","",1,"productivity or territory is insufficient [CokeOven:candidate=True;constructible=True;affordable=False;available=False;owned=4;upgradeTo=IndustrialCarbonizationRetort;research=SteamPower|Coking;workshop=;productivity=-195.84;territory=1749]"
609006,609006,Fast,"Building","Waiting","",1,"productivity or territory is insufficient [CokeOven:candidate=True;constructible=True;affordable=False;available=False;owned=4;upgradeTo=IndustrialCarbonizationRetort;research=SteamPower|Coking;workshop=;productivity=-200.56;territory=1749]"
609606,609606,Fast,"Building","Waiting","",1,"productivity or territory is insufficient [CokeOven:candidate=True;constructible=True;affordable=False;available=False;owned=4;upgradeTo=IndustrialCarbonizationRetort;research=SteamPower|Coking;workshop=;productivity=-202.92;territory=1749]"
610206,610206,Fast,"Building","Waiting","",1,"productivity or territory is insufficient [CokeOven:candidate=True;constructible=True;affordable=False;available=False;owned=4;upgradeTo=IndustrialCarbonizationRetort;research=SteamPower|Coking;workshop=;productivity=-207.64;territory=1749]"
610806,611406,Fast,"Building","Waiting","",2,"productivity or territory is insufficient [CokeOven:candidate=True;constructible=True;affordable=False;available=False;owned=4;upgradeTo=IndustrialCarbonizationRetort;research=SteamPower|Coking;workshop=;productivity=-210;territory=1749]"
612006,612006,Fast,"Building","Waiting","",1,"productivity or territory is insufficient [CokeOven:candidate=True;constructible=True;affordable=False;available=False;owned=4;upgradeTo=IndustrialCarbonizationRetort;research=SteamPower|Coking;workshop=;productivity=-212.36;territory=1749]"
612606,613206,Fast,"Building","Waiting","",2,"productivity or territory is insufficient [CokeOven:candidate=True;constructible=True;affordable=False;available=False;owned=4;upgradeTo=IndustrialCarbonizationRetort;research=SteamPower|Coking;workshop=;productivity=-214.72;territory=1749]"
613806,615606,Fast,"Building","Waiting","",4,"productivity or territory is insufficient [CokeOven:candidate=True;constructible=True;affordable=False;available=False;owned=4;upgradeTo=IndustrialCarbonizationRetort;research=SteamPower|Coking;workshop=;productivity=-217.08;territory=1749]"
616206,620406,Fast,"Building","Waiting","",8,"productivity or territory is insufficient [CokeOven:candidate=True;constructible=True;affordable=False;available=False;owned=4;upgradeTo=IndustrialCarbonizationRetort;research=SteamPower|Coking;workshop=;productivity=-219.44;territory=1749]"
621006,621006,Fast,"Building","Waiting","",1,"productivity or territory is insufficient [CokeOven:candidate=True;constructible=True;affordable=False;available=False;owned=4;upgradeTo=IndustrialCarbonizationRetort;research=SteamPower|Coking;workshop=;productivity=-221.8;territory=1749]"
621606,621606,Fast,"Building","Waiting","",1,"productivity or territory is insufficient [CokeOven:candidate=True;constructible=True;affordable=False;available=False;owned=4;upgradeTo=IndustrialCarbonizationRetort;research=SteamPower|Coking;workshop=;productivity=0.04;territory=1749]"
622206,622206,Fast,"Building","Waiting","",1,"productivity or territory is insufficient [CokeOven:candidate=True;constructible=True;affordable=False;available=False;owned=4;upgradeTo=IndustrialCarbonizationRetort;research=SteamPower|Coking;workshop=;productivity=-35.36;territory=1749]"
622806,622806,Fast,"Building","Waiting","",1,"productivity or territory is insufficient [CokeOven:candidate=True;constructible=True;affordable=False;available=False;owned=4;upgradeTo=IndustrialCarbonizationRetort;research=SteamPower|Coking;workshop=;productivity=-66.04;territory=1749]"
623406,623406,Fast,"Building","Waiting","",1,"productivity or territory is insufficient [CokeOven:candidate=True;constructible=True;affordable=False;available=False;owned=4;upgradeTo=IndustrialCarbonizationRetort;research=SteamPower|Coking;workshop=;productivity=-92;territory=1749]"
624006,624006,Fast,"Building","Waiting","",1,"productivity or territory is insufficient [CokeOven:candidate=True;constructible=True;affordable=False;available=False;owned=4;upgradeTo=IndustrialCarbonizationRetort;research=SteamPower|Coking;workshop=;productivity=-113.24;territory=1749]"
624606,624606,Fast,"Building","Waiting","",1,"productivity or territory is insufficient [CokeOven:candidate=True;constructible=True;affordable=False;available=False;owned=4;upgradeTo=IndustrialCarbonizationRetort;research=SteamPower|Coking;workshop=;productivity=-132.12;territory=1749]"
625206,625206,Fast,"Building","Waiting","",1,"productivity or territory is insufficient [CokeOven:candidate=True;constructible=True;affordable=False;available=False;owned=4;upgradeTo=IndustrialCarbonizationRetort;research=SteamPower|Coking;workshop=;productivity=-146.28;territory=1749]"
625806,625806,Fast,"Building","Waiting","",1,"productivity or territory is insufficient [CokeOven:candidate=True;constructible=True;affordable=False;available=False;owned=4;upgradeTo=IndustrialCarbonizationRetort;research=SteamPower|Coking;workshop=;productivity=-158.08;territory=1749]"
626406,626406,Fast,"Building","Waiting","",1,"productivity or territory is insufficient [CokeOven:candidate=True;constructible=True;affordable=False;available=False;owned=4;upgradeTo=IndustrialCarbonizationRetort;research=SteamPower|Coking;workshop=;productivity=-169.88;territory=1749]"
627006,627006,Fast,"Building","Waiting","",1,"productivity or territory is insufficient [CokeOven:candidate=True;constructible=True;affordable=False;available=False;owned=4;upgradeTo=IndustrialCarbonizationRetort;research=SteamPower|Coking;workshop=;productivity=-176.96;territory=1749]"
627606,627606,Fast,"Building","Waiting","",1,"productivity or territory is insufficient [CokeOven:candidate=True;constructible=True;affordable=False;available=False;owned=4;upgradeTo=IndustrialCarbonizationRetort;research=SteamPower|Coking;workshop=;productivity=-186.4;territory=1749]"
628206,628206,Fast,"Building","Waiting","",1,"productivity or territory is insufficient [CokeOven:candidate=True;constructible=True;affordable=False;available=False;owned=4;upgradeTo=IndustrialCarbonizationRetort;research=SteamPower|Coking;workshop=;productivity=-191.12;territory=1749]"
628806,628806,Fast,"Building","Waiting","",1,"productivity or territory is insufficient [CokeOven:candidate=True;constructible=True;affordable=False;available=False;owned=4;upgradeTo=IndustrialCarbonizationRetort;research=SteamPower|Coking;workshop=;productivity=-195.84;territory=1749]"
629406,629406,Fast,"Building","Waiting","",1,"productivity or territory is insufficient [CokeOven:candidate=True;constructible=True;affordable=False;available=False;owned=4;upgradeTo=IndustrialCarbonizationRetort;research=SteamPower|Coking;workshop=;productivity=-200.56;territory=1749]"
630006,630006,Fast,"Building","Waiting","",1,"productivity or territory is insufficient [CokeOven:candidate=True;constructible=True;affordable=False;available=False;owned=4;upgradeTo=IndustrialCarbonizationRetort;research=SteamPower|Coking;workshop=;productivity=-202.92;territory=1749]"
630606,630606,Fast,"Building","Waiting","",1,"productivity or territory is insufficient [CokeOven:candidate=True;constructible=True;affordable=False;available=False;owned=4;upgradeTo=IndustrialCarbonizationRetort;research=SteamPower|Coking;workshop=;productivity=-207.64;territory=1749]"
631206,631806,Fast,"Building","Waiting","",2,"productivity or territory is insufficient [CokeOven:candidate=True;constructible=True;affordable=False;available=False;owned=4;upgradeTo=IndustrialCarbonizationRetort;research=SteamPower|Coking;workshop=;productivity=-210;territory=1749]"
632406,632406,Fast,"Building","Waiting","",1,"productivity or territory is insufficient [CokeOven:candidate=True;constructible=True;affordable=False;available=False;owned=4;upgradeTo=IndustrialCarbonizationRetort;research=SteamPower|Coking;workshop=;productivity=-212.36;territory=1749]"
633006,633606,Fast,"Building","Waiting","",2,"productivity or territory is insufficient [CokeOven:candidate=True;constructible=True;affordable=False;available=False;owned=4;upgradeTo=IndustrialCarbonizationRetort;research=SteamPower|Coking;workshop=;productivity=-214.72;territory=1749]"
634206,636006,Fast,"Building","Waiting","",4,"productivity or territory is insufficient [CokeOven:candidate=True;constructible=True;affordable=False;available=False;owned=4;upgradeTo=IndustrialCarbonizationRetort;research=SteamPower|Coking;workshop=;productivity=-217.08;territory=1749]"
636606,640806,Fast,"Building","Waiting","",8,"productivity or territory is insufficient [CokeOven:candidate=True;constructible=True;affordable=False;available=False;owned=4;upgradeTo=IndustrialCarbonizationRetort;research=SteamPower|Coking;workshop=;productivity=-219.44;territory=1749]"
641406,641406,Fast,"Building","Waiting","",1,"productivity or territory is insufficient [CokeOven:candidate=True;constructible=True;affordable=False;available=False;owned=4;upgradeTo=IndustrialCarbonizationRetort;research=SteamPower|Coking;workshop=;productivity=-221.8;territory=1749]"
642006,642006,Fast,"Building","Waiting","",1,"productivity or territory is insufficient [CokeOven:candidate=True;constructible=True;affordable=False;available=False;owned=4;upgradeTo=IndustrialCarbonizationRetort;research=SteamPower|Coking;workshop=;productivity=0.04;territory=1749]"
642606,642606,Fast,"Building","Waiting","",1,"productivity or territory is insufficient [CokeOven:candidate=True;constructible=True;affordable=False;available=False;owned=4;upgradeTo=IndustrialCarbonizationRetort;research=SteamPower|Coking;workshop=;productivity=-35.36;territory=1749]"
643206,643206,Fast,"Building","Waiting","",1,"productivity or territory is insufficient [CokeOven:candidate=True;constructible=True;affordable=False;available=False;owned=4;upgradeTo=IndustrialCarbonizationRetort;research=SteamPower|Coking;workshop=;productivity=-66.04;territory=1749]"
643806,643806,Fast,"Building","Waiting","",1,"productivity or territory is insufficient [CokeOven:candidate=True;constructible=True;affordable=False;available=False;owned=4;upgradeTo=IndustrialCarbonizationRetort;research=SteamPower|Coking;workshop=;productivity=-92;territory=1749]"
644406,644406,Fast,"Building","Waiting","",1,"productivity or territory is insufficient [CokeOven:candidate=True;constructible=True;affordable=False;available=False;owned=4;upgradeTo=IndustrialCarbonizationRetort;research=SteamPower|Coking;workshop=;productivity=-113.24;territory=1749]"
645006,645006,Fast,"Building","Waiting","",1,"productivity or territory is insufficient [CokeOven:candidate=True;constructible=True;affordable=False;available=False;owned=4;upgradeTo=IndustrialCarbonizationRetort;research=SteamPower|Coking;workshop=;productivity=-132.12;territory=1749]"
645606,645606,Fast,"Building","Waiting","",1,"productivity or territory is insufficient [CokeOven:candidate=True;constructible=True;affordable=False;available=False;owned=4;upgradeTo=IndustrialCarbonizationRetort;research=SteamPower|Coking;workshop=;productivity=-146.28;territory=1749]"
646206,646206,Fast,"Building","Waiting","",1,"productivity or territory is insufficient [CokeOven:candidate=True;constructible=True;affordable=False;available=False;owned=4;upgradeTo=IndustrialCarbonizationRetort;research=SteamPower|Coking;workshop=;productivity=-158.08;territory=1749]"
646806,646806,Fast,"Building","Waiting","",1,"productivity or territory is insufficient [CokeOven:candidate=True;constructible=True;affordable=False;available=False;owned=4;upgradeTo=IndustrialCarbonizationRetort;research=SteamPower|Coking;workshop=;productivity=-169.88;territory=1749]"
647406,647406,Fast,"Building","Waiting","",1,"productivity or territory is insufficient [CokeOven:candidate=True;constructible=True;affordable=False;available=False;owned=4;upgradeTo=IndustrialCarbonizationRetort;research=SteamPower|Coking;workshop=;productivity=-176.96;territory=1749]"
648006,648006,Fast,"Building","Waiting","",1,"productivity or territory is insufficient [CokeOven:candidate=True;constructible=True;affordable=False;available=False;owned=4;upgradeTo=IndustrialCarbonizationRetort;research=SteamPower|Coking;workshop=;productivity=-186.4;territory=1749]"
648606,648606,Fast,"Building","Waiting","",1,"productivity or territory is insufficient [CokeOven:candidate=True;constructible=True;affordable=False;available=False;owned=4;upgradeTo=IndustrialCarbonizationRetort;research=SteamPower|Coking;workshop=;productivity=-191.12;territory=1749]"
649206,649206,Fast,"Building","Waiting","",1,"productivity or territory is insufficient [CokeOven:candidate=True;constructible=True;affordable=False;available=False;owned=4;upgradeTo=IndustrialCarbonizationRetort;research=SteamPower|Coking;workshop=;productivity=-195.84;territory=1749]"
649806,649806,Fast,"Building","Waiting","",1,"productivity or territory is insufficient [CokeOven:candidate=True;constructible=True;affordable=False;available=False;owned=4;upgradeTo=IndustrialCarbonizationRetort;research=SteamPower|Coking;workshop=;productivity=-200.56;territory=1749]"
650406,650406,Fast,"Building","Waiting","",1,"productivity or territory is insufficient [CokeOven:candidate=True;constructible=True;affordable=False;available=False;owned=4;upgradeTo=IndustrialCarbonizationRetort;research=SteamPower|Coking;workshop=;productivity=-202.92;territory=1749]"
651006,651006,Fast,"Building","Waiting","",1,"productivity or territory is insufficient [CokeOven:candidate=True;constructible=True;affordable=False;available=False;owned=4;upgradeTo=IndustrialCarbonizationRetort;research=SteamPower|Coking;workshop=;productivity=-207.64;territory=1749]"
651606,652206,Fast,"Building","Waiting","",2,"productivity or territory is insufficient [CokeOven:candidate=True;constructible=True;affordable=False;available=False;owned=4;upgradeTo=IndustrialCarbonizationRetort;research=SteamPower|Coking;workshop=;productivity=-210;territory=1749]"
652806,652806,Fast,"Building","Waiting","",1,"productivity or territory is insufficient [CokeOven:candidate=True;constructible=True;affordable=False;available=False;owned=4;upgradeTo=IndustrialCarbonizationRetort;research=SteamPower|Coking;workshop=;productivity=-212.36;territory=1749]"
653406,654006,Fast,"Building","Waiting","",2,"productivity or territory is insufficient [CokeOven:candidate=True;constructible=True;affordable=False;available=False;owned=4;upgradeTo=IndustrialCarbonizationRetort;research=SteamPower|Coking;workshop=;productivity=-214.72;territory=1749]"
654606,656406,Fast,"Building","Waiting","",4,"productivity or territory is insufficient [CokeOven:candidate=True;constructible=True;affordable=False;available=False;owned=4;upgradeTo=IndustrialCarbonizationRetort;research=SteamPower|Coking;workshop=;productivity=-217.08;territory=1749]"
657006,661206,Fast,"Building","Waiting","",8,"productivity or territory is insufficient [CokeOven:candidate=True;constructible=True;affordable=False;available=False;owned=4;upgradeTo=IndustrialCarbonizationRetort;research=SteamPower|Coking;workshop=;productivity=-219.44;territory=1749]"
661806,661806,Fast,"Building","Waiting","",1,"productivity or territory is insufficient [CokeOven:candidate=True;constructible=True;affordable=False;available=False;owned=4;upgradeTo=IndustrialCarbonizationRetort;research=SteamPower|Coking;workshop=;productivity=-221.8;territory=1749]"
662406,662406,Fast,"Building","Waiting","",1,"productivity or territory is insufficient [CokeOven:candidate=True;constructible=True;affordable=False;available=False;owned=4;upgradeTo=IndustrialCarbonizationRetort;research=SteamPower|Coking;workshop=;productivity=0.04;territory=1749]"
663006,663006,Fast,"Building","Waiting","",1,"productivity or territory is insufficient [CokeOven:candidate=True;constructible=True;affordable=False;available=False;owned=4;upgradeTo=IndustrialCarbonizationRetort;research=SteamPower|Coking;workshop=;productivity=-35.36;territory=1749]"
663606,663606,Fast,"Building","Waiting","",1,"productivity or territory is insufficient [CokeOven:candidate=True;constructible=True;affordable=False;available=False;owned=4;upgradeTo=IndustrialCarbonizationRetort;research=SteamPower|Coking;workshop=;productivity=-66.04;territory=1749]"
664206,664206,Fast,"Building","Waiting","",1,"productivity or territory is insufficient [CokeOven:candidate=True;constructible=True;affordable=False;available=False;owned=4;upgradeTo=IndustrialCarbonizationRetort;research=SteamPower|Coking;workshop=;productivity=-92;territory=1749]"
664806,664806,Fast,"Building","Waiting","",1,"productivity or territory is insufficient [CokeOven:candidate=True;constructible=True;affordable=False;available=False;owned=4;upgradeTo=IndustrialCarbonizationRetort;research=SteamPower|Coking;workshop=;productivity=-113.24;territory=1749]"
665406,665406,Fast,"Building","Waiting","",1,"productivity or territory is insufficient [CokeOven:candidate=True;constructible=True;affordable=False;available=False;owned=4;upgradeTo=IndustrialCarbonizationRetort;research=SteamPower|Coking;workshop=;productivity=-132.12;territory=1749]"
666006,666006,Fast,"Building","Waiting","",1,"productivity or territory is insufficient [CokeOven:candidate=True;constructible=True;affordable=False;available=False;owned=4;upgradeTo=IndustrialCarbonizationRetort;research=SteamPower|Coking;workshop=;productivity=-146.28;territory=1749]"
666606,666606,Fast,"Building","Waiting","",1,"productivity or territory is insufficient [CokeOven:candidate=True;constructible=True;affordable=False;available=False;owned=4;upgradeTo=IndustrialCarbonizationRetort;research=SteamPower|Coking;workshop=;productivity=-158.08;territory=1749]"
667206,667206,Fast,"Building","Waiting","",1,"productivity or territory is insufficient [CokeOven:candidate=True;constructible=True;affordable=False;available=False;owned=4;upgradeTo=IndustrialCarbonizationRetort;research=SteamPower|Coking;workshop=;productivity=-169.88;territory=1749]"
667806,667806,Fast,"Building","Waiting","",1,"productivity or territory is insufficient [CokeOven:candidate=True;constructible=True;affordable=False;available=False;owned=4;upgradeTo=IndustrialCarbonizationRetort;research=SteamPower|Coking;workshop=;productivity=-176.96;territory=1749]"
668406,668406,Fast,"Building","Waiting","",1,"productivity or territory is insufficient [CokeOven:candidate=True;constructible=True;affordable=False;available=False;owned=4;upgradeTo=IndustrialCarbonizationRetort;research=SteamPower|Coking;workshop=;productivity=-186.4;territory=1749]"
669006,669006,Fast,"Building","Waiting","",1,"productivity or territory is insufficient [CokeOven:candidate=True;constructible=True;affordable=False;available=False;owned=4;upgradeTo=IndustrialCarbonizationRetort;research=SteamPower|Coking;workshop=;productivity=-191.12;territory=1749]"
669606,669606,Fast,"Building","Waiting","",1,"productivity or territory is insufficient [CokeOven:candidate=True;constructible=True;affordable=False;available=False;owned=4;upgradeTo=IndustrialCarbonizationRetort;research=SteamPower|Coking;workshop=;productivity=-195.84;territory=1749]"
670206,670206,Fast,"Building","Waiting","",1,"productivity or territory is insufficient [CokeOven:candidate=True;constructible=True;affordable=False;available=False;owned=4;upgradeTo=IndustrialCarbonizationRetort;research=SteamPower|Coking;workshop=;productivity=-200.56;territory=1749]"
670806,670806,Fast,"Building","Waiting","",1,"productivity or territory is insufficient [CokeOven:candidate=True;constructible=True;affordable=False;available=False;owned=4;upgradeTo=IndustrialCarbonizationRetort;research=SteamPower|Coking;workshop=;productivity=-202.92;territory=1749]"
671406,671406,Fast,"Building","Waiting","",1,"productivity or territory is insufficient [CokeOven:candidate=True;constructible=True;affordable=False;available=False;owned=4;upgradeTo=IndustrialCarbonizationRetort;research=SteamPower|Coking;workshop=;productivity=-207.64;territory=1749]"
672006,672606,Fast,"Building","Waiting","",2,"productivity or territory is insufficient [CokeOven:candidate=True;constructible=True;affordable=False;available=False;owned=4;upgradeTo=IndustrialCarbonizationRetort;research=SteamPower|Coking;workshop=;productivity=-210;territory=1749]"
673206,673206,Fast,"Building","Waiting","",1,"productivity or territory is insufficient [CokeOven:candidate=True;constructible=True;affordable=False;available=False;owned=4;upgradeTo=IndustrialCarbonizationRetort;research=SteamPower|Coking;workshop=;productivity=-212.36;territory=1749]"
673806,674406,Fast,"Building","Waiting","",2,"productivity or territory is insufficient [CokeOven:candidate=True;constructible=True;affordable=False;available=False;owned=4;upgradeTo=IndustrialCarbonizationRetort;research=SteamPower|Coking;workshop=;productivity=-214.72;territory=1749]"
675006,676806,Fast,"Building","Waiting","",4,"productivity or territory is insufficient [CokeOven:candidate=True;constructible=True;affordable=False;available=False;owned=4;upgradeTo=IndustrialCarbonizationRetort;research=SteamPower|Coking;workshop=;productivity=-217.08;territory=1749]"
677406,681606,Fast,"Building","Waiting","",8,"productivity or territory is insufficient [CokeOven:candidate=True;constructible=True;affordable=False;available=False;owned=4;upgradeTo=IndustrialCarbonizationRetort;research=SteamPower|Coking;workshop=;productivity=-219.44;territory=1749]"
682206,682206,Fast,"Building","Waiting","",1,"productivity or territory is insufficient [CokeOven:candidate=True;constructible=True;affordable=False;available=False;owned=4;upgradeTo=IndustrialCarbonizationRetort;research=SteamPower|Coking;workshop=;productivity=-221.8;territory=1749]"
682806,682806,Fast,"Building","Waiting","",1,"productivity or territory is insufficient [CokeOven:candidate=True;constructible=True;affordable=False;available=False;owned=4;upgradeTo=IndustrialCarbonizationRetort;research=SteamPower|Coking;workshop=;productivity=0.04;territory=1749]"
683406,683406,Fast,"Building","Waiting","",1,"productivity or territory is insufficient [CokeOven:candidate=True;constructible=True;affordable=False;available=False;owned=4;upgradeTo=IndustrialCarbonizationRetort;research=SteamPower|Coking;workshop=;productivity=-35.36;territory=1749]"
684006,684006,Fast,"Building","Waiting","",1,"productivity or territory is insufficient [CokeOven:candidate=True;constructible=True;affordable=False;available=False;owned=4;upgradeTo=IndustrialCarbonizationRetort;research=SteamPower|Coking;workshop=;productivity=-66.04;territory=1749]"
684606,684606,Fast,"Building","Waiting","",1,"productivity or territory is insufficient [CokeOven:candidate=True;constructible=True;affordable=False;available=False;owned=4;upgradeTo=IndustrialCarbonizationRetort;research=SteamPower|Coking;workshop=;productivity=-92;territory=1749]"
685206,685206,Fast,"Building","Waiting","",1,"productivity or territory is insufficient [CokeOven:candidate=True;constructible=True;affordable=False;available=False;owned=4;upgradeTo=IndustrialCarbonizationRetort;research=SteamPower|Coking;workshop=;productivity=-113.24;territory=1749]"
685806,685806,Fast,"Building","Waiting","",1,"productivity or territory is insufficient [CokeOven:candidate=True;constructible=True;affordable=False;available=False;owned=4;upgradeTo=IndustrialCarbonizationRetort;research=SteamPower|Coking;workshop=;productivity=-132.12;territory=1749]"
686406,686406,Fast,"Building","Waiting","",1,"productivity or territory is insufficient [CokeOven:candidate=True;constructible=True;affordable=False;available=False;owned=4;upgradeTo=IndustrialCarbonizationRetort;research=SteamPower|Coking;workshop=;productivity=-146.28;territory=1749]"
687006,687006,Fast,"Building","Waiting","",1,"productivity or territory is insufficient [CokeOven:candidate=True;constructible=True;affordable=False;available=False;owned=4;upgradeTo=IndustrialCarbonizationRetort;research=SteamPower|Coking;workshop=;productivity=-158.08;territory=1749]"
687606,687606,Fast,"Building","Waiting","",1,"productivity or territory is insufficient [CokeOven:candidate=True;constructible=True;affordable=False;available=False;owned=4;upgradeTo=IndustrialCarbonizationRetort;research=SteamPower|Coking;workshop=;productivity=-169.88;territory=1749]"
688206,688206,Fast,"Building","Waiting","",1,"productivity or territory is insufficient [CokeOven:candidate=True;constructible=True;affordable=False;available=False;owned=4;upgradeTo=IndustrialCarbonizationRetort;research=SteamPower|Coking;workshop=;productivity=-176.96;territory=1749]"
688806,688806,Fast,"Building","Waiting","",1,"productivity or territory is insufficient [CokeOven:candidate=True;constructible=True;affordable=False;available=False;owned=4;upgradeTo=IndustrialCarbonizationRetort;research=SteamPower|Coking;workshop=;productivity=-186.4;territory=1749]"
689406,689406,Fast,"Building","Waiting","",1,"productivity or territory is insufficient [CokeOven:candidate=True;constructible=True;affordable=False;available=False;owned=4;upgradeTo=IndustrialCarbonizationRetort;research=SteamPower|Coking;workshop=;productivity=-191.12;territory=1749]"
690006,690006,Fast,"Building","Waiting","",1,"productivity or territory is insufficient [CokeOven:candidate=True;constructible=True;affordable=False;available=False;owned=4;upgradeTo=IndustrialCarbonizationRetort;research=SteamPower|Coking;workshop=;productivity=-195.84;territory=1749]"
690606,690606,Fast,"Building","Waiting","",1,"productivity or territory is insufficient [CokeOven:candidate=True;constructible=True;affordable=False;available=False;owned=4;upgradeTo=IndustrialCarbonizationRetort;research=SteamPower|Coking;workshop=;productivity=-200.56;territory=1749]"
691206,691206,Fast,"Building","Waiting","",1,"productivity or territory is insufficient [CokeOven:candidate=True;constructible=True;affordable=False;available=False;owned=4;upgradeTo=IndustrialCarbonizationRetort;research=SteamPower|Coking;workshop=;productivity=-202.92;territory=1749]"
691806,691806,Fast,"Building","Waiting","",1,"productivity or territory is insufficient [CokeOven:candidate=True;constructible=True;affordable=False;available=False;owned=4;upgradeTo=IndustrialCarbonizationRetort;research=SteamPower|Coking;workshop=;productivity=-207.64;territory=1749]"
692406,693006,Fast,"Building","Waiting","",2,"productivity or territory is insufficient [CokeOven:candidate=True;constructible=True;affordable=False;available=False;owned=4;upgradeTo=IndustrialCarbonizationRetort;research=SteamPower|Coking;workshop=;productivity=-210;territory=1749]"
693606,693606,Fast,"Building","Waiting","",1,"productivity or territory is insufficient [CokeOven:candidate=True;constructible=True;affordable=False;available=False;owned=4;upgradeTo=IndustrialCarbonizationRetort;research=SteamPower|Coking;workshop=;productivity=-212.36;territory=1749]"
694206,694806,Fast,"Building","Waiting","",2,"productivity or territory is insufficient [CokeOven:candidate=True;constructible=True;affordable=False;available=False;owned=4;upgradeTo=IndustrialCarbonizationRetort;research=SteamPower|Coking;workshop=;productivity=-214.72;territory=1749]"
695406,697206,Fast,"Building","Waiting","",4,"productivity or territory is insufficient [CokeOven:candidate=True;constructible=True;affordable=False;available=False;owned=4;upgradeTo=IndustrialCarbonizationRetort;research=SteamPower|Coking;workshop=;productivity=-217.08;territory=1749]"
697806,702006,Fast,"Building","Waiting","",8,"productivity or territory is insufficient [CokeOven:candidate=True;constructible=True;affordable=False;available=False;owned=4;upgradeTo=IndustrialCarbonizationRetort;research=SteamPower|Coking;workshop=;productivity=-219.44;territory=1749]"
702606,702606,Fast,"Building","Waiting","",1,"productivity or territory is insufficient [CokeOven:candidate=True;constructible=True;affordable=False;available=False;owned=4;upgradeTo=IndustrialCarbonizationRetort;research=SteamPower|Coking;workshop=;productivity=-221.8;territory=1749]"
703206,703206,Fast,"Building","Waiting","",1,"productivity or territory is insufficient [CokeOven:candidate=True;constructible=True;affordable=False;available=False;owned=4;upgradeTo=IndustrialCarbonizationRetort;research=SteamPower|Coking;workshop=;productivity=0.04;territory=1749]"
703806,703806,Fast,"Building","Waiting","",1,"productivity or territory is insufficient [CokeOven:candidate=True;constructible=True;affordable=False;available=False;owned=4;upgradeTo=IndustrialCarbonizationRetort;research=SteamPower|Coking;workshop=;productivity=-35.36;territory=1749]"
704406,704406,Fast,"Building","Waiting","",1,"productivity or territory is insufficient [CokeOven:candidate=True;constructible=True;affordable=False;available=False;owned=4;upgradeTo=IndustrialCarbonizationRetort;research=SteamPower|Coking;workshop=;productivity=-66.04;territory=1749]"
705006,705006,Fast,"Building","Waiting","",1,"productivity or territory is insufficient [CokeOven:candidate=True;constructible=True;affordable=False;available=False;owned=4;upgradeTo=IndustrialCarbonizationRetort;research=SteamPower|Coking;workshop=;productivity=-92;territory=1749]"
705606,705606,Fast,"Building","Waiting","",1,"productivity or territory is insufficient [CokeOven:candidate=True;constructible=True;affordable=False;available=False;owned=4;upgradeTo=IndustrialCarbonizationRetort;research=SteamPower|Coking;workshop=;productivity=-113.24;territory=1749]"
706206,706206,Fast,"Building","Waiting","",1,"productivity or territory is insufficient [CokeOven:candidate=True;constructible=True;affordable=False;available=False;owned=4;upgradeTo=IndustrialCarbonizationRetort;research=SteamPower|Coking;workshop=;productivity=-132.12;territory=1749]"
706806,706806,Fast,"Building","Waiting","",1,"productivity or territory is insufficient [CokeOven:candidate=True;constructible=True;affordable=False;available=False;owned=4;upgradeTo=IndustrialCarbonizationRetort;research=SteamPower|Coking;workshop=;productivity=-146.28;territory=1749]"
707406,707406,Fast,"Building","Waiting","",1,"productivity or territory is insufficient [CokeOven:candidate=True;constructible=True;affordable=False;available=False;owned=4;upgradeTo=IndustrialCarbonizationRetort;research=SteamPower|Coking;workshop=;productivity=-158.08;territory=1749]"
708006,708006,Fast,"Building","Waiting","",1,"productivity or territory is insufficient [CokeOven:candidate=True;constructible=True;affordable=False;available=False;owned=4;upgradeTo=IndustrialCarbonizationRetort;research=SteamPower|Coking;workshop=;productivity=-169.88;territory=1749]"
708606,708606,Fast,"Building","Waiting","",1,"productivity or territory is insufficient [CokeOven:candidate=True;constructible=True;affordable=False;available=False;owned=4;upgradeTo=IndustrialCarbonizationRetort;research=SteamPower|Coking;workshop=;productivity=-176.96;territory=1749]"
709206,709206,Fast,"Building","Waiting","",1,"productivity or territory is insufficient [CokeOven:candidate=True;constructible=True;affordable=False;available=False;owned=4;upgradeTo=IndustrialCarbonizationRetort;research=SteamPower|Coking;workshop=;productivity=-186.4;territory=1749]"
709806,709806,Fast,"Building","Waiting","",1,"productivity or territory is insufficient [CokeOven:candidate=True;constructible=True;affordable=False;available=False;owned=4;upgradeTo=IndustrialCarbonizationRetort;research=SteamPower|Coking;workshop=;productivity=-191.12;territory=1749]"
710406,710406,Fast,"Building","Waiting","",1,"productivity or territory is insufficient [CokeOven:candidate=True;constructible=True;affordable=False;available=False;owned=4;upgradeTo=IndustrialCarbonizationRetort;research=SteamPower|Coking;workshop=;productivity=-195.84;territory=1749]"
711006,711006,Fast,"Building","Waiting","",1,"productivity or territory is insufficient [CokeOven:candidate=True;constructible=True;affordable=False;available=False;owned=4;upgradeTo=IndustrialCarbonizationRetort;research=SteamPower|Coking;workshop=;productivity=-200.56;territory=1749]"
711606,711606,Fast,"Building","Waiting","",1,"productivity or territory is insufficient [CokeOven:candidate=True;constructible=True;affordable=False;available=False;owned=4;upgradeTo=IndustrialCarbonizationRetort;research=SteamPower|Coking;workshop=;productivity=-202.92;territory=1749]"
712206,712206,Fast,"Building","Waiting","",1,"productivity or territory is insufficient [CokeOven:candidate=True;constructible=True;affordable=False;available=False;owned=4;upgradeTo=IndustrialCarbonizationRetort;research=SteamPower|Coking;workshop=;productivity=-207.64;territory=1749]"
712806,713406,Fast,"Building","Waiting","",2,"productivity or territory is insufficient [CokeOven:candidate=True;constructible=True;affordable=False;available=False;owned=4;upgradeTo=IndustrialCarbonizationRetort;research=SteamPower|Coking;workshop=;productivity=-210;territory=1749]"
714006,714006,Fast,"Building","Waiting","",1,"productivity or territory is insufficient [CokeOven:candidate=True;constructible=True;affordable=False;available=False;owned=4;upgradeTo=IndustrialCarbonizationRetort;research=SteamPower|Coking;workshop=;productivity=-212.36;territory=1749]"
714606,715206,Fast,"Building","Waiting","",2,"productivity or territory is insufficient [CokeOven:candidate=True;constructible=True;affordable=False;available=False;owned=4;upgradeTo=IndustrialCarbonizationRetort;research=SteamPower|Coking;workshop=;productivity=-214.72;territory=1749]"
715806,717606,Fast,"Building","Waiting","",4,"productivity or territory is insufficient [CokeOven:candidate=True;constructible=True;affordable=False;available=False;owned=4;upgradeTo=IndustrialCarbonizationRetort;research=SteamPower|Coking;workshop=;productivity=-217.08;territory=1749]"
718206,722406,Fast,"Building","Waiting","",8,"productivity or territory is insufficient [CokeOven:candidate=True;constructible=True;affordable=False;available=False;owned=4;upgradeTo=IndustrialCarbonizationRetort;research=SteamPower|Coking;workshop=;productivity=-219.44;territory=1749]"
723006,723006,Fast,"Building","Waiting","",1,"productivity or territory is insufficient [CokeOven:candidate=True;constructible=True;affordable=False;available=False;owned=4;upgradeTo=IndustrialCarbonizationRetort;research=SteamPower|Coking;workshop=;productivity=-221.8;territory=1749]"
723606,723606,Fast,"Building","Waiting","",1,"productivity or territory is insufficient [CokeOven:candidate=True;constructible=True;affordable=False;available=False;owned=4;upgradeTo=IndustrialCarbonizationRetort;research=SteamPower|Coking;workshop=;productivity=0.04;territory=1749]"
724206,724206,Fast,"Building","Waiting","",1,"productivity or territory is insufficient [CokeOven:candidate=True;constructible=True;affordable=False;available=False;owned=4;upgradeTo=IndustrialCarbonizationRetort;research=SteamPower|Coking;workshop=;productivity=-35.36;territory=1749]"
724806,724806,Fast,"Building","Waiting","",1,"productivity or territory is insufficient [CokeOven:candidate=True;constructible=True;affordable=False;available=False;owned=4;upgradeTo=IndustrialCarbonizationRetort;research=SteamPower|Coking;workshop=;productivity=-66.04;territory=1749]"
725406,725406,Fast,"Building","Waiting","",1,"productivity or territory is insufficient [CokeOven:candidate=True;constructible=True;affordable=False;available=False;owned=4;upgradeTo=IndustrialCarbonizationRetort;research=SteamPower|Coking;workshop=;productivity=-92;territory=1749]"
726006,726006,Fast,"Building","Waiting","",1,"productivity or territory is insufficient [CokeOven:candidate=True;constructible=True;affordable=False;available=False;owned=4;upgradeTo=IndustrialCarbonizationRetort;research=SteamPower|Coking;workshop=;productivity=-113.24;territory=1749]"
726606,726606,Fast,"Building","Waiting","",1,"productivity or territory is insufficient [CokeOven:candidate=True;constructible=True;affordable=False;available=False;owned=4;upgradeTo=IndustrialCarbonizationRetort;research=SteamPower|Coking;workshop=;productivity=-132.12;territory=1749]"
727206,727206,Fast,"Building","Waiting","",1,"productivity or territory is insufficient [CokeOven:candidate=True;constructible=True;affordable=False;available=False;owned=4;upgradeTo=IndustrialCarbonizationRetort;research=SteamPower|Coking;workshop=;productivity=-146.28;territory=1749]"
727806,727806,Fast,"Building","Waiting","",1,"productivity or territory is insufficient [CokeOven:candidate=True;constructible=True;affordable=False;available=False;owned=4;upgradeTo=IndustrialCarbonizationRetort;research=SteamPower|Coking;workshop=;productivity=-158.08;territory=1749]"
728406,728406,Fast,"Building","Waiting","",1,"productivity or territory is insufficient [CokeOven:candidate=True;constructible=True;affordable=False;available=False;owned=4;upgradeTo=IndustrialCarbonizationRetort;research=SteamPower|Coking;workshop=;productivity=-169.88;territory=1749]"
729006,729006,Fast,"Building","Waiting","",1,"productivity or territory is insufficient [CokeOven:candidate=True;constructible=True;affordable=False;available=False;owned=4;upgradeTo=IndustrialCarbonizationRetort;research=SteamPower|Coking;workshop=;productivity=-176.96;territory=1749]"
729606,729606,Fast,"Building","Waiting","",1,"productivity or territory is insufficient [CokeOven:candidate=True;constructible=True;affordable=False;available=False;owned=4;upgradeTo=IndustrialCarbonizationRetort;research=SteamPower|Coking;workshop=;productivity=-186.4;territory=1749]"
730206,730206,Fast,"Building","Waiting","",1,"productivity or territory is insufficient [CokeOven:candidate=True;constructible=True;affordable=False;available=False;owned=4;upgradeTo=IndustrialCarbonizationRetort;research=SteamPower|Coking;workshop=;productivity=-191.12;territory=1749]"
730806,730806,Fast,"Building","Waiting","",1,"productivity or territory is insufficient [CokeOven:candidate=True;constructible=True;affordable=False;available=False;owned=4;upgradeTo=IndustrialCarbonizationRetort;research=SteamPower|Coking;workshop=;productivity=-195.84;territory=1749]"
731406,731406,Fast,"Building","Waiting","",1,"productivity or territory is insufficient [CokeOven:candidate=True;constructible=True;affordable=False;available=False;owned=4;upgradeTo=IndustrialCarbonizationRetort;research=SteamPower|Coking;workshop=;productivity=-200.56;territory=1749]"
732006,732006,Fast,"Building","Waiting","",1,"productivity or territory is insufficient [CokeOven:candidate=True;constructible=True;affordable=False;available=False;owned=4;upgradeTo=IndustrialCarbonizationRetort;research=SteamPower|Coking;workshop=;productivity=-202.92;territory=1749]"
732606,732606,Fast,"Building","Waiting","",1,"productivity or territory is insufficient [CokeOven:candidate=True;constructible=True;affordable=False;available=False;owned=4;upgradeTo=IndustrialCarbonizationRetort;research=SteamPower|Coking;workshop=;productivity=-207.64;territory=1749]"
733206,733806,Fast,"Building","Waiting","",2,"productivity or territory is insufficient [CokeOven:candidate=True;constructible=True;affordable=False;available=False;owned=4;upgradeTo=IndustrialCarbonizationRetort;research=SteamPower|Coking;workshop=;productivity=-210;territory=1749]"
734406,734406,Fast,"Building","Waiting","",1,"productivity or territory is insufficient [CokeOven:candidate=True;constructible=True;affordable=False;available=False;owned=4;upgradeTo=IndustrialCarbonizationRetort;research=SteamPower|Coking;workshop=;productivity=-212.36;territory=1749]"
735006,735606,Fast,"Building","Waiting","",2,"productivity or territory is insufficient [CokeOven:candidate=True;constructible=True;affordable=False;available=False;owned=4;upgradeTo=IndustrialCarbonizationRetort;research=SteamPower|Coking;workshop=;productivity=-214.72;territory=1749]"
736206,738006,Fast,"Building","Waiting","",4,"productivity or territory is insufficient [CokeOven:candidate=True;constructible=True;affordable=False;available=False;owned=4;upgradeTo=IndustrialCarbonizationRetort;research=SteamPower|Coking;workshop=;productivity=-217.08;territory=1749]"
738606,742806,Fast,"Building","Waiting","",8,"productivity or territory is insufficient [CokeOven:candidate=True;constructible=True;affordable=False;available=False;owned=4;upgradeTo=IndustrialCarbonizationRetort;research=SteamPower|Coking;workshop=;productivity=-219.44;territory=1749]"
743406,743406,Fast,"Building","Waiting","",1,"productivity or territory is insufficient [CokeOven:candidate=True;constructible=True;affordable=False;available=False;owned=4;upgradeTo=IndustrialCarbonizationRetort;research=SteamPower|Coking;workshop=;productivity=-221.8;territory=1749]"
744006,744006,Fast,"Building","Waiting","",1,"productivity or territory is insufficient [CokeOven:candidate=True;constructible=True;affordable=False;available=False;owned=4;upgradeTo=IndustrialCarbonizationRetort;research=SteamPower|Coking;workshop=;productivity=0.04;territory=1749]"
744606,744606,Fast,"Building","Waiting","",1,"productivity or territory is insufficient [CokeOven:candidate=True;constructible=True;affordable=False;available=False;owned=4;upgradeTo=IndustrialCarbonizationRetort;research=SteamPower|Coking;workshop=;productivity=-35.36;territory=1749]"
745206,745206,Fast,"Building","Waiting","",1,"productivity or territory is insufficient [CokeOven:candidate=True;constructible=True;affordable=False;available=False;owned=4;upgradeTo=IndustrialCarbonizationRetort;research=SteamPower|Coking;workshop=;productivity=-66.04;territory=1749]"
745806,745806,Fast,"Building","Waiting","",1,"productivity or territory is insufficient [CokeOven:candidate=True;constructible=True;affordable=False;available=False;owned=4;upgradeTo=IndustrialCarbonizationRetort;research=SteamPower|Coking;workshop=;productivity=-92;territory=1749]"
746406,746406,Fast,"Building","Waiting","",1,"productivity or territory is insufficient [CokeOven:candidate=True;constructible=True;affordable=False;available=False;owned=4;upgradeTo=IndustrialCarbonizationRetort;research=SteamPower|Coking;workshop=;productivity=-113.24;territory=1749]"
747006,747006,Fast,"Building","Waiting","",1,"productivity or territory is insufficient [CokeOven:candidate=True;constructible=True;affordable=False;available=False;owned=4;upgradeTo=IndustrialCarbonizationRetort;research=SteamPower|Coking;workshop=;productivity=-132.12;territory=1749]"
747606,747606,Fast,"Building","Waiting","",1,"productivity or territory is insufficient [CokeOven:candidate=True;constructible=True;affordable=False;available=False;owned=4;upgradeTo=IndustrialCarbonizationRetort;research=SteamPower|Coking;workshop=;productivity=-146.28;territory=1749]"
748206,748206,Fast,"Building","Waiting","",1,"productivity or territory is insufficient [CokeOven:candidate=True;constructible=True;affordable=False;available=False;owned=4;upgradeTo=IndustrialCarbonizationRetort;research=SteamPower|Coking;workshop=;productivity=-158.08;territory=1749]"
748806,748806,Fast,"Building","Waiting","",1,"productivity or territory is insufficient [CokeOven:candidate=True;constructible=True;affordable=False;available=False;owned=4;upgradeTo=IndustrialCarbonizationRetort;research=SteamPower|Coking;workshop=;productivity=-169.88;territory=1749]"
749406,749406,Fast,"Building","Waiting","",1,"productivity or territory is insufficient [CokeOven:candidate=True;constructible=True;affordable=False;available=False;owned=4;upgradeTo=IndustrialCarbonizationRetort;research=SteamPower|Coking;workshop=;productivity=-176.96;territory=1749]"
750006,750006,Fast,"Building","Waiting","",1,"productivity or territory is insufficient [CokeOven:candidate=True;constructible=True;affordable=False;available=False;owned=4;upgradeTo=IndustrialCarbonizationRetort;research=SteamPower|Coking;workshop=;productivity=-186.4;territory=1749]"
750606,750606,Fast,"Building","Waiting","",1,"productivity or territory is insufficient [CokeOven:candidate=True;constructible=True;affordable=False;available=False;owned=4;upgradeTo=IndustrialCarbonizationRetort;research=SteamPower|Coking;workshop=;productivity=-191.12;territory=1749]"
751206,751206,Fast,"Building","Waiting","",1,"productivity or territory is insufficient [CokeOven:candidate=True;constructible=True;affordable=False;available=False;owned=4;upgradeTo=IndustrialCarbonizationRetort;research=SteamPower|Coking;workshop=;productivity=-195.84;territory=1749]"
751806,751806,Fast,"Building","Waiting","",1,"productivity or territory is insufficient [CokeOven:candidate=True;constructible=True;affordable=False;available=False;owned=4;upgradeTo=IndustrialCarbonizationRetort;research=SteamPower|Coking;workshop=;productivity=-200.56;territory=1749]"
752406,752406,Fast,"Building","Waiting","",1,"productivity or territory is insufficient [CokeOven:candidate=True;constructible=True;affordable=False;available=False;owned=4;upgradeTo=IndustrialCarbonizationRetort;research=SteamPower|Coking;workshop=;productivity=-202.92;territory=1749]"
753006,753006,Fast,"Building","Waiting","",1,"productivity or territory is insufficient [CokeOven:candidate=True;constructible=True;affordable=False;available=False;owned=4;upgradeTo=IndustrialCarbonizationRetort;research=SteamPower|Coking;workshop=;productivity=-207.64;territory=1749]"
753606,754206,Fast,"Building","Waiting","",2,"productivity or territory is insufficient [CokeOven:candidate=True;constructible=True;affordable=False;available=False;owned=4;upgradeTo=IndustrialCarbonizationRetort;research=SteamPower|Coking;workshop=;productivity=-210;territory=1749]"
754806,754806,Fast,"Building","Waiting","",1,"productivity or territory is insufficient [CokeOven:candidate=True;constructible=True;affordable=False;available=False;owned=4;upgradeTo=IndustrialCarbonizationRetort;research=SteamPower|Coking;workshop=;productivity=-212.36;territory=1749]"
755406,756006,Fast,"Building","Waiting","",2,"productivity or territory is insufficient [CokeOven:candidate=True;constructible=True;affordable=False;available=False;owned=4;upgradeTo=IndustrialCarbonizationRetort;research=SteamPower|Coking;workshop=;productivity=-214.72;territory=1749]"
756606,758406,Fast,"Building","Waiting","",4,"productivity or territory is insufficient [CokeOven:candidate=True;constructible=True;affordable=False;available=False;owned=4;upgradeTo=IndustrialCarbonizationRetort;research=SteamPower|Coking;workshop=;productivity=-217.08;territory=1749]"
759006,763206,Fast,"Building","Waiting","",8,"productivity or territory is insufficient [CokeOven:candidate=True;constructible=True;affordable=False;available=False;owned=4;upgradeTo=IndustrialCarbonizationRetort;research=SteamPower|Coking;workshop=;productivity=-219.44;territory=1749]"
763806,763806,Fast,"Building","Waiting","",1,"productivity or territory is insufficient [CokeOven:candidate=True;constructible=True;affordable=False;available=False;owned=4;upgradeTo=IndustrialCarbonizationRetort;research=SteamPower|Coking;workshop=;productivity=-221.8;territory=1749]"
764406,764406,Fast,"Building","Waiting","",1,"productivity or territory is insufficient [CokeOven:candidate=True;constructible=True;affordable=False;available=False;owned=4;upgradeTo=IndustrialCarbonizationRetort;research=SteamPower|Coking;workshop=;productivity=0.04;territory=1749]"
765006,765006,Fast,"Building","Waiting","",1,"productivity or territory is insufficient [CokeOven:candidate=True;constructible=True;affordable=False;available=False;owned=4;upgradeTo=IndustrialCarbonizationRetort;research=SteamPower|Coking;workshop=;productivity=-35.36;territory=1749]"
765606,765606,Fast,"Building","Waiting","",1,"productivity or territory is insufficient [CokeOven:candidate=True;constructible=True;affordable=False;available=False;owned=4;upgradeTo=IndustrialCarbonizationRetort;research=SteamPower|Coking;workshop=;productivity=-66.04;territory=1749]"
766206,766206,Fast,"Building","Waiting","",1,"productivity or territory is insufficient [CokeOven:candidate=True;constructible=True;affordable=False;available=False;owned=4;upgradeTo=IndustrialCarbonizationRetort;research=SteamPower|Coking;workshop=;productivity=-92;territory=1749]"
766806,766806,Fast,"Building","Waiting","",1,"productivity or territory is insufficient [CokeOven:candidate=True;constructible=True;affordable=False;available=False;owned=4;upgradeTo=IndustrialCarbonizationRetort;research=SteamPower|Coking;workshop=;productivity=-113.24;territory=1749]"
767406,767406,Fast,"Building","Waiting","",1,"productivity or territory is insufficient [CokeOven:candidate=True;constructible=True;affordable=False;available=False;owned=4;upgradeTo=IndustrialCarbonizationRetort;research=SteamPower|Coking;workshop=;productivity=-132.12;territory=1749]"
768006,768006,Fast,"Building","Waiting","",1,"productivity or territory is insufficient [CokeOven:candidate=True;constructible=True;affordable=False;available=False;owned=4;upgradeTo=IndustrialCarbonizationRetort;research=SteamPower|Coking;workshop=;productivity=-146.28;territory=1749]"
768606,768606,Fast,"Building","Waiting","",1,"productivity or territory is insufficient [CokeOven:candidate=True;constructible=True;affordable=False;available=False;owned=4;upgradeTo=IndustrialCarbonizationRetort;research=SteamPower|Coking;workshop=;productivity=-158.08;territory=1749]"
769206,769206,Fast,"Building","Waiting","",1,"productivity or territory is insufficient [CokeOven:candidate=True;constructible=True;affordable=False;available=False;owned=4;upgradeTo=IndustrialCarbonizationRetort;research=SteamPower|Coking;workshop=;productivity=-169.88;territory=1749]"
769806,769806,Fast,"Building","Waiting","",1,"productivity or territory is insufficient [CokeOven:candidate=True;constructible=True;affordable=False;available=False;owned=4;upgradeTo=IndustrialCarbonizationRetort;research=SteamPower|Coking;workshop=;productivity=-176.96;territory=1749]"
770406,770406,Fast,"Building","Waiting","",1,"productivity or territory is insufficient [CokeOven:candidate=True;constructible=True;affordable=False;available=False;owned=4;upgradeTo=IndustrialCarbonizationRetort;research=SteamPower|Coking;workshop=;productivity=-186.4;territory=1749]"
771006,771006,Fast,"Building","Waiting","",1,"productivity or territory is insufficient [CokeOven:candidate=True;constructible=True;affordable=False;available=False;owned=4;upgradeTo=IndustrialCarbonizationRetort;research=SteamPower|Coking;workshop=;productivity=-191.12;territory=1749]"
771606,771606,Fast,"Building","Waiting","",1,"productivity or territory is insufficient [CokeOven:candidate=True;constructible=True;affordable=False;available=False;owned=4;upgradeTo=IndustrialCarbonizationRetort;research=SteamPower|Coking;workshop=;productivity=-195.84;territory=1749]"
772206,772206,Fast,"Building","Waiting","",1,"productivity or territory is insufficient [CokeOven:candidate=True;constructible=True;affordable=False;available=False;owned=4;upgradeTo=IndustrialCarbonizationRetort;research=SteamPower|Coking;workshop=;productivity=-200.56;territory=1749]"
772806,772806,Fast,"Building","Waiting","",1,"productivity or territory is insufficient [CokeOven:candidate=True;constructible=True;affordable=False;available=False;owned=4;upgradeTo=IndustrialCarbonizationRetort;research=SteamPower|Coking;workshop=;productivity=-202.92;territory=1749]"
773406,773406,Fast,"Building","Waiting","",1,"productivity or territory is insufficient [CokeOven:candidate=True;constructible=True;affordable=False;available=False;owned=4;upgradeTo=IndustrialCarbonizationRetort;research=SteamPower|Coking;workshop=;productivity=-207.64;territory=1749]"
774006,774606,Fast,"Building","Waiting","",2,"productivity or territory is insufficient [CokeOven:candidate=True;constructible=True;affordable=False;available=False;owned=4;upgradeTo=IndustrialCarbonizationRetort;research=SteamPower|Coking;workshop=;productivity=-210;territory=1749]"
775206,775206,Fast,"Building","Waiting","",1,"productivity or territory is insufficient [CokeOven:candidate=True;constructible=True;affordable=False;available=False;owned=4;upgradeTo=IndustrialCarbonizationRetort;research=SteamPower|Coking;workshop=;productivity=-212.36;territory=1749]"
775806,776406,Fast,"Building","Waiting","",2,"productivity or territory is insufficient [CokeOven:candidate=True;constructible=True;affordable=False;available=False;owned=4;upgradeTo=IndustrialCarbonizationRetort;research=SteamPower|Coking;workshop=;productivity=-214.72;territory=1749]"
777006,778806,Fast,"Building","Waiting","",4,"productivity or territory is insufficient [CokeOven:candidate=True;constructible=True;affordable=False;available=False;owned=4;upgradeTo=IndustrialCarbonizationRetort;research=SteamPower|Coking;workshop=;productivity=-217.08;territory=1749]"
779406,783606,Fast,"Building","Waiting","",8,"productivity or territory is insufficient [CokeOven:candidate=True;constructible=True;affordable=False;available=False;owned=4;upgradeTo=IndustrialCarbonizationRetort;research=SteamPower|Coking;workshop=;productivity=-219.44;territory=1749]"
784206,784206,Fast,"Building","Waiting","",1,"productivity or territory is insufficient [CokeOven:candidate=True;constructible=True;affordable=False;available=False;owned=4;upgradeTo=IndustrialCarbonizationRetort;research=SteamPower|Coking;workshop=;productivity=-221.8;territory=1749]"
784806,784806,Fast,"Building","Waiting","",1,"productivity or territory is insufficient [CokeOven:candidate=True;constructible=True;affordable=False;available=False;owned=4;upgradeTo=IndustrialCarbonizationRetort;research=SteamPower|Coking;workshop=;productivity=0.04;territory=1749]"
785406,785406,Fast,"Building","Waiting","",1,"productivity or territory is insufficient [CokeOven:candidate=True;constructible=True;affordable=False;available=False;owned=4;upgradeTo=IndustrialCarbonizationRetort;research=SteamPower|Coking;workshop=;productivity=-35.36;territory=1749]"
786006,786006,Fast,"Building","Waiting","",1,"productivity or territory is insufficient [CokeOven:candidate=True;constructible=True;affordable=False;available=False;owned=4;upgradeTo=IndustrialCarbonizationRetort;research=SteamPower|Coking;workshop=;productivity=-66.04;territory=1749]"
786606,786606,Fast,"Building","Waiting","",1,"productivity or territory is insufficient [CokeOven:candidate=True;constructible=True;affordable=False;available=False;owned=4;upgradeTo=IndustrialCarbonizationRetort;research=SteamPower|Coking;workshop=;productivity=-92;territory=1749]"
787206,787206,Fast,"Building","Waiting","",1,"productivity or territory is insufficient [CokeOven:candidate=True;constructible=True;affordable=False;available=False;owned=4;upgradeTo=IndustrialCarbonizationRetort;research=SteamPower|Coking;workshop=;productivity=-113.24;territory=1749]"
787806,787806,Fast,"Building","Waiting","",1,"productivity or territory is insufficient [CokeOven:candidate=True;constructible=True;affordable=False;available=False;owned=4;upgradeTo=IndustrialCarbonizationRetort;research=SteamPower|Coking;workshop=;productivity=-132.12;territory=1749]"
788406,788406,Fast,"Building","Waiting","",1,"productivity or territory is insufficient [CokeOven:candidate=True;constructible=True;affordable=False;available=False;owned=4;upgradeTo=IndustrialCarbonizationRetort;research=SteamPower|Coking;workshop=;productivity=-146.28;territory=1749]"
789006,789006,Fast,"Building","Waiting","",1,"productivity or territory is insufficient [CokeOven:candidate=True;constructible=True;affordable=False;available=False;owned=4;upgradeTo=IndustrialCarbonizationRetort;research=SteamPower|Coking;workshop=;productivity=-158.08;territory=1749]"
789606,789606,Fast,"Building","Waiting","",1,"productivity or territory is insufficient [CokeOven:candidate=True;constructible=True;affordable=False;available=False;owned=4;upgradeTo=IndustrialCarbonizationRetort;research=SteamPower|Coking;workshop=;productivity=-169.88;territory=1749]"
790206,790206,Fast,"Building","Waiting","",1,"productivity or territory is insufficient [CokeOven:candidate=True;constructible=True;affordable=False;available=False;owned=4;upgradeTo=IndustrialCarbonizationRetort;research=SteamPower|Coking;workshop=;productivity=-176.96;territory=1749]"
790806,790806,Fast,"Building","Waiting","",1,"productivity or territory is insufficient [CokeOven:candidate=True;constructible=True;affordable=False;available=False;owned=4;upgradeTo=IndustrialCarbonizationRetort;research=SteamPower|Coking;workshop=;productivity=-186.4;territory=1749]"
791406,791406,Fast,"Building","Waiting","",1,"productivity or territory is insufficient [CokeOven:candidate=True;constructible=True;affordable=False;available=False;owned=4;upgradeTo=IndustrialCarbonizationRetort;research=SteamPower|Coking;workshop=;productivity=-191.12;territory=1749]"
792006,792006,Fast,"Building","Waiting","",1,"productivity or territory is insufficient [CokeOven:candidate=True;constructible=True;affordable=False;available=False;owned=4;upgradeTo=IndustrialCarbonizationRetort;research=SteamPower|Coking;workshop=;productivity=-195.84;territory=1749]"
792606,792606,Fast,"Building","Waiting","",1,"productivity or territory is insufficient [CokeOven:candidate=True;constructible=True;affordable=False;available=False;owned=4;upgradeTo=IndustrialCarbonizationRetort;research=SteamPower|Coking;workshop=;productivity=-200.56;territory=1749]"
793206,793206,Fast,"Building","Waiting","",1,"productivity or territory is insufficient [CokeOven:candidate=True;constructible=True;affordable=False;available=False;owned=4;upgradeTo=IndustrialCarbonizationRetort;research=SteamPower|Coking;workshop=;productivity=-202.92;territory=1749]"
793806,793806,Fast,"Building","Waiting","",1,"productivity or territory is insufficient [CokeOven:candidate=True;constructible=True;affordable=False;available=False;owned=4;upgradeTo=IndustrialCarbonizationRetort;research=SteamPower|Coking;workshop=;productivity=-207.64;territory=1749]"
794406,795006,Fast,"Building","Waiting","",2,"productivity or territory is insufficient [CokeOven:candidate=True;constructible=True;affordable=False;available=False;owned=4;upgradeTo=IndustrialCarbonizationRetort;research=SteamPower|Coking;workshop=;productivity=-210;territory=1749]"
795606,795606,Fast,"Building","Waiting","",1,"productivity or territory is insufficient [CokeOven:candidate=True;constructible=True;affordable=False;available=False;owned=4;upgradeTo=IndustrialCarbonizationRetort;research=SteamPower|Coking;workshop=;productivity=-212.36;territory=1749]"
796206,796806,Fast,"Building","Waiting","",2,"productivity or territory is insufficient [CokeOven:candidate=True;constructible=True;affordable=False;available=False;owned=4;upgradeTo=IndustrialCarbonizationRetort;research=SteamPower|Coking;workshop=;productivity=-214.72;territory=1749]"
797406,799206,Fast,"Building","Waiting","",4,"productivity or territory is insufficient [CokeOven:candidate=True;constructible=True;affordable=False;available=False;owned=4;upgradeTo=IndustrialCarbonizationRetort;research=SteamPower|Coking;workshop=;productivity=-217.08;territory=1749]"
799806,804006,Fast,"Building","Waiting","",8,"productivity or territory is insufficient [CokeOven:candidate=True;constructible=True;affordable=False;available=False;owned=4;upgradeTo=IndustrialCarbonizationRetort;research=SteamPower|Coking;workshop=;productivity=-219.44;territory=1749]"
804606,804606,Fast,"Building","Waiting","",1,"productivity or territory is insufficient [CokeOven:candidate=True;constructible=True;affordable=False;available=False;owned=4;upgradeTo=IndustrialCarbonizationRetort;research=SteamPower|Coking;workshop=;productivity=-221.8;territory=1749]"
805206,805206,Fast,"Building","Waiting","",1,"productivity or territory is insufficient [CokeOven:candidate=True;constructible=True;affordable=False;available=False;owned=4;upgradeTo=IndustrialCarbonizationRetort;research=SteamPower|Coking;workshop=;productivity=0.04;territory=1749]"
805806,805806,Fast,"Building","Waiting","",1,"productivity or territory is insufficient [CokeOven:candidate=True;constructible=True;affordable=False;available=False;owned=4;upgradeTo=IndustrialCarbonizationRetort;research=SteamPower|Coking;workshop=;productivity=-35.36;territory=1749]"
806406,806406,Fast,"Building","Waiting","",1,"productivity or territory is insufficient [CokeOven:candidate=True;constructible=True;affordable=False;available=False;owned=4;upgradeTo=IndustrialCarbonizationRetort;research=SteamPower|Coking;workshop=;productivity=-66.04;territory=1749]"
807006,807006,Fast,"Building","Waiting","",1,"productivity or territory is insufficient [CokeOven:candidate=True;constructible=True;affordable=False;available=False;owned=4;upgradeTo=IndustrialCarbonizationRetort;research=SteamPower|Coking;workshop=;productivity=-92;territory=1749]"
807606,807606,Fast,"Building","Waiting","",1,"productivity or territory is insufficient [CokeOven:candidate=True;constructible=True;affordable=False;available=False;owned=4;upgradeTo=IndustrialCarbonizationRetort;research=SteamPower|Coking;workshop=;productivity=-113.24;territory=1749]"
808206,808206,Fast,"Building","Waiting","",1,"productivity or territory is insufficient [CokeOven:candidate=True;constructible=True;affordable=False;available=False;owned=4;upgradeTo=IndustrialCarbonizationRetort;research=SteamPower|Coking;workshop=;productivity=-132.12;territory=1749]"
808806,808806,Fast,"Building","Waiting","",1,"productivity or territory is insufficient [CokeOven:candidate=True;constructible=True;affordable=False;available=False;owned=4;upgradeTo=IndustrialCarbonizationRetort;research=SteamPower|Coking;workshop=;productivity=-146.28;territory=1749]"
809406,809406,Fast,"Building","Waiting","",1,"productivity or territory is insufficient [CokeOven:candidate=True;constructible=True;affordable=False;available=False;owned=4;upgradeTo=IndustrialCarbonizationRetort;research=SteamPower|Coking;workshop=;productivity=-158.08;territory=1749]"
810006,810006,Fast,"Building","Waiting","",1,"productivity or territory is insufficient [CokeOven:candidate=True;constructible=True;affordable=False;available=False;owned=4;upgradeTo=IndustrialCarbonizationRetort;research=SteamPower|Coking;workshop=;productivity=-169.88;territory=1749]"
810606,810606,Fast,"Building","Waiting","",1,"productivity or territory is insufficient [CokeOven:candidate=True;constructible=True;affordable=False;available=False;owned=4;upgradeTo=IndustrialCarbonizationRetort;research=SteamPower|Coking;workshop=;productivity=-176.96;territory=1749]"
811206,811206,Fast,"Building","Waiting","",1,"productivity or territory is insufficient [CokeOven:candidate=True;constructible=True;affordable=False;available=False;owned=4;upgradeTo=IndustrialCarbonizationRetort;research=SteamPower|Coking;workshop=;productivity=-186.4;territory=1749]"
811806,811806,Fast,"Building","Waiting","",1,"productivity or territory is insufficient [CokeOven:candidate=True;constructible=True;affordable=False;available=False;owned=4;upgradeTo=IndustrialCarbonizationRetort;research=SteamPower|Coking;workshop=;productivity=-191.12;territory=1749]"
812406,812406,Fast,"Building","Waiting","",1,"productivity or territory is insufficient [CokeOven:candidate=True;constructible=True;affordable=False;available=False;owned=4;upgradeTo=IndustrialCarbonizationRetort;research=SteamPower|Coking;workshop=;productivity=-195.84;territory=1749]"
813006,813006,Fast,"Building","Waiting","",1,"productivity or territory is insufficient [CokeOven:candidate=True;constructible=True;affordable=False;available=False;owned=4;upgradeTo=IndustrialCarbonizationRetort;research=SteamPower|Coking;workshop=;productivity=-200.56;territory=1749]"
813606,813606,Fast,"Building","Waiting","",1,"productivity or territory is insufficient [CokeOven:candidate=True;constructible=True;affordable=False;available=False;owned=4;upgradeTo=IndustrialCarbonizationRetort;research=SteamPower|Coking;workshop=;productivity=-202.92;territory=1749]"
814206,814206,Fast,"Building","Waiting","",1,"productivity or territory is insufficient [CokeOven:candidate=True;constructible=True;affordable=False;available=False;owned=4;upgradeTo=IndustrialCarbonizationRetort;research=SteamPower|Coking;workshop=;productivity=-207.64;territory=1749]"
814806,815406,Fast,"Building","Waiting","",2,"productivity or territory is insufficient [CokeOven:candidate=True;constructible=True;affordable=False;available=False;owned=4;upgradeTo=IndustrialCarbonizationRetort;research=SteamPower|Coking;workshop=;productivity=-210;territory=1749]"
816006,816006,Fast,"Building","Waiting","",1,"productivity or territory is insufficient [CokeOven:candidate=True;constructible=True;affordable=False;available=False;owned=4;upgradeTo=IndustrialCarbonizationRetort;research=SteamPower|Coking;workshop=;productivity=-212.36;territory=1749]"
816606,817206,Fast,"Building","Waiting","",2,"productivity or territory is insufficient [CokeOven:candidate=True;constructible=True;affordable=False;available=False;owned=4;upgradeTo=IndustrialCarbonizationRetort;research=SteamPower|Coking;workshop=;productivity=-214.72;territory=1749]"
817806,819606,Fast,"Building","Waiting","",4,"productivity or territory is insufficient [CokeOven:candidate=True;constructible=True;affordable=False;available=False;owned=4;upgradeTo=IndustrialCarbonizationRetort;research=SteamPower|Coking;workshop=;productivity=-217.08;territory=1749]"
820206,824406,Fast,"Building","Waiting","",8,"productivity or territory is insufficient [CokeOven:candidate=True;constructible=True;affordable=False;available=False;owned=4;upgradeTo=IndustrialCarbonizationRetort;research=SteamPower|Coking;workshop=;productivity=-219.44;territory=1749]"
825006,825006,Fast,"Building","Waiting","",1,"productivity or territory is insufficient [CokeOven:candidate=True;constructible=True;affordable=False;available=False;owned=4;upgradeTo=IndustrialCarbonizationRetort;research=SteamPower|Coking;workshop=;productivity=-221.8;territory=1749]"
825606,825606,Fast,"Building","Waiting","",1,"productivity or territory is insufficient [CokeOven:candidate=True;constructible=True;affordable=False;available=False;owned=4;upgradeTo=IndustrialCarbonizationRetort;research=SteamPower|Coking;workshop=;productivity=0.04;territory=1749]"
826206,826206,Fast,"Building","Waiting","",1,"productivity or territory is insufficient [CokeOven:candidate=True;constructible=True;affordable=False;available=False;owned=4;upgradeTo=IndustrialCarbonizationRetort;research=SteamPower|Coking;workshop=;productivity=-35.36;territory=1749]"
826806,826806,Fast,"Building","Waiting","",1,"productivity or territory is insufficient [CokeOven:candidate=True;constructible=True;affordable=False;available=False;owned=4;upgradeTo=IndustrialCarbonizationRetort;research=SteamPower|Coking;workshop=;productivity=-66.04;territory=1749]"
827406,827406,Fast,"Building","Waiting","",1,"productivity or territory is insufficient [CokeOven:candidate=True;constructible=True;affordable=False;available=False;owned=4;upgradeTo=IndustrialCarbonizationRetort;research=SteamPower|Coking;workshop=;productivity=-92;territory=1749]"
828006,828006,Fast,"Building","Waiting","",1,"productivity or territory is insufficient [CokeOven:candidate=True;constructible=True;affordable=False;available=False;owned=4;upgradeTo=IndustrialCarbonizationRetort;research=SteamPower|Coking;workshop=;productivity=-113.24;territory=1749]"
828606,828606,Fast,"Building","Waiting","",1,"productivity or territory is insufficient [CokeOven:candidate=True;constructible=True;affordable=False;available=False;owned=4;upgradeTo=IndustrialCarbonizationRetort;research=SteamPower|Coking;workshop=;productivity=-132.12;territory=1749]"
829206,829206,Fast,"Building","Waiting","",1,"productivity or territory is insufficient [CokeOven:candidate=True;constructible=True;affordable=False;available=False;owned=4;upgradeTo=IndustrialCarbonizationRetort;research=SteamPower|Coking;workshop=;productivity=-146.28;territory=1749]"
829806,829806,Fast,"Building","Waiting","",1,"productivity or territory is insufficient [CokeOven:candidate=True;constructible=True;affordable=False;available=False;owned=4;upgradeTo=IndustrialCarbonizationRetort;research=SteamPower|Coking;workshop=;productivity=-158.08;territory=1749]"
830406,830406,Fast,"Building","Waiting","",1,"productivity or territory is insufficient [CokeOven:candidate=True;constructible=True;affordable=False;available=False;owned=4;upgradeTo=IndustrialCarbonizationRetort;research=SteamPower|Coking;workshop=;productivity=-169.88;territory=1749]"
831006,831006,Fast,"Building","Waiting","",1,"productivity or territory is insufficient [CokeOven:candidate=True;constructible=True;affordable=False;available=False;owned=4;upgradeTo=IndustrialCarbonizationRetort;research=SteamPower|Coking;workshop=;productivity=-176.96;territory=1749]"
831606,831606,Fast,"Building","Waiting","",1,"productivity or territory is insufficient [CokeOven:candidate=True;constructible=True;affordable=False;available=False;owned=4;upgradeTo=IndustrialCarbonizationRetort;research=SteamPower|Coking;workshop=;productivity=-186.4;territory=1749]"
832206,832206,Fast,"Building","Waiting","",1,"productivity or territory is insufficient [CokeOven:candidate=True;constructible=True;affordable=False;available=False;owned=4;upgradeTo=IndustrialCarbonizationRetort;research=SteamPower|Coking;workshop=;productivity=-191.12;territory=1749]"
832806,832806,Fast,"Building","Waiting","",1,"productivity or territory is insufficient [CokeOven:candidate=True;constructible=True;affordable=False;available=False;owned=4;upgradeTo=IndustrialCarbonizationRetort;research=SteamPower|Coking;workshop=;productivity=-195.84;territory=1749]"
833406,833406,Fast,"Building","Waiting","",1,"productivity or territory is insufficient [CokeOven:candidate=True;constructible=True;affordable=False;available=False;owned=4;upgradeTo=IndustrialCarbonizationRetort;research=SteamPower|Coking;workshop=;productivity=-200.56;territory=1749]"
834006,834006,Fast,"Building","Waiting","",1,"productivity or territory is insufficient [CokeOven:candidate=True;constructible=True;affordable=False;available=False;owned=4;upgradeTo=IndustrialCarbonizationRetort;research=SteamPower|Coking;workshop=;productivity=-202.92;territory=1749]"
834606,834606,Fast,"Building","Waiting","",1,"productivity or territory is insufficient [CokeOven:candidate=True;constructible=True;affordable=False;available=False;owned=4;upgradeTo=IndustrialCarbonizationRetort;research=SteamPower|Coking;workshop=;productivity=-207.64;territory=1749]"
835206,835806,Fast,"Building","Waiting","",2,"productivity or territory is insufficient [CokeOven:candidate=True;constructible=True;affordable=False;available=False;owned=4;upgradeTo=IndustrialCarbonizationRetort;research=SteamPower|Coking;workshop=;productivity=-210;territory=1749]"
836406,836406,Fast,"Building","Waiting","",1,"productivity or territory is insufficient [CokeOven:candidate=True;constructible=True;affordable=False;available=False;owned=4;upgradeTo=IndustrialCarbonizationRetort;research=SteamPower|Coking;workshop=;productivity=-212.36;territory=1749]"
837006,837606,Fast,"Building","Waiting","",2,"productivity or territory is insufficient [CokeOven:candidate=True;constructible=True;affordable=False;available=False;owned=4;upgradeTo=IndustrialCarbonizationRetort;research=SteamPower|Coking;workshop=;productivity=-214.72;territory=1749]"
838206,840006,Fast,"Building","Waiting","",4,"productivity or territory is insufficient [CokeOven:candidate=True;constructible=True;affordable=False;available=False;owned=4;upgradeTo=IndustrialCarbonizationRetort;research=SteamPower|Coking;workshop=;productivity=-217.08;territory=1749]"
840606,844806,Fast,"Building","Waiting","",8,"productivity or territory is insufficient [CokeOven:candidate=True;constructible=True;affordable=False;available=False;owned=4;upgradeTo=IndustrialCarbonizationRetort;research=SteamPower|Coking;workshop=;productivity=-219.44;territory=1749]"
845406,845406,Fast,"Building","Waiting","",1,"productivity or territory is insufficient [CokeOven:candidate=True;constructible=True;affordable=False;available=False;owned=4;upgradeTo=IndustrialCarbonizationRetort;research=SteamPower|Coking;workshop=;productivity=-221.8;territory=1749]"
846006,846006,Fast,"Building","Waiting","",1,"productivity or territory is insufficient [CokeOven:candidate=True;constructible=True;affordable=False;available=False;owned=4;upgradeTo=IndustrialCarbonizationRetort;research=SteamPower|Coking;workshop=;productivity=0.04;territory=1749]"
846606,846606,Fast,"Building","Waiting","",1,"productivity or territory is insufficient [CokeOven:candidate=True;constructible=True;affordable=False;available=False;owned=4;upgradeTo=IndustrialCarbonizationRetort;research=SteamPower|Coking;workshop=;productivity=-35.36;territory=1749]"
847206,847206,Fast,"Building","Waiting","",1,"productivity or territory is insufficient [CokeOven:candidate=True;constructible=True;affordable=False;available=False;owned=4;upgradeTo=IndustrialCarbonizationRetort;research=SteamPower|Coking;workshop=;productivity=-66.04;territory=1749]"
847806,847806,Fast,"Building","Waiting","",1,"productivity or territory is insufficient [CokeOven:candidate=True;constructible=True;affordable=False;available=False;owned=4;upgradeTo=IndustrialCarbonizationRetort;research=SteamPower|Coking;workshop=;productivity=-92;territory=1749]"
848406,848406,Fast,"Building","Waiting","",1,"productivity or territory is insufficient [CokeOven:candidate=True;constructible=True;affordable=False;available=False;owned=4;upgradeTo=IndustrialCarbonizationRetort;research=SteamPower|Coking;workshop=;productivity=-113.24;territory=1749]"
849006,849006,Fast,"Building","Waiting","",1,"productivity or territory is insufficient [CokeOven:candidate=True;constructible=True;affordable=False;available=False;owned=4;upgradeTo=IndustrialCarbonizationRetort;research=SteamPower|Coking;workshop=;productivity=-132.12;territory=1749]"
849606,849606,Fast,"Building","Waiting","",1,"productivity or territory is insufficient [CokeOven:candidate=True;constructible=True;affordable=False;available=False;owned=4;upgradeTo=IndustrialCarbonizationRetort;research=SteamPower|Coking;workshop=;productivity=-146.28;territory=1749]"
850206,850206,Fast,"Building","Waiting","",1,"productivity or territory is insufficient [CokeOven:candidate=True;constructible=True;affordable=False;available=False;owned=4;upgradeTo=IndustrialCarbonizationRetort;research=SteamPower|Coking;workshop=;productivity=-158.08;territory=1749]"
850806,850806,Fast,"Building","Waiting","",1,"productivity or territory is insufficient [CokeOven:candidate=True;constructible=True;affordable=False;available=False;owned=4;upgradeTo=IndustrialCarbonizationRetort;research=SteamPower|Coking;workshop=;productivity=-169.88;territory=1749]"
851406,851406,Fast,"Building","Waiting","",1,"productivity or territory is insufficient [CokeOven:candidate=True;constructible=True;affordable=False;available=False;owned=4;upgradeTo=IndustrialCarbonizationRetort;research=SteamPower|Coking;workshop=;productivity=-176.96;territory=1749]"
852006,852006,Fast,"Building","Waiting","",1,"productivity or territory is insufficient [CokeOven:candidate=True;constructible=True;affordable=False;available=False;owned=4;upgradeTo=IndustrialCarbonizationRetort;research=SteamPower|Coking;workshop=;productivity=-186.4;territory=1749]"
852606,852606,Fast,"Building","Waiting","",1,"productivity or territory is insufficient [CokeOven:candidate=True;constructible=True;affordable=False;available=False;owned=4;upgradeTo=IndustrialCarbonizationRetort;research=SteamPower|Coking;workshop=;productivity=-191.12;territory=1749]"
853206,853206,Fast,"Building","Waiting","",1,"productivity or territory is insufficient [CokeOven:candidate=True;constructible=True;affordable=False;available=False;owned=4;upgradeTo=IndustrialCarbonizationRetort;research=SteamPower|Coking;workshop=;productivity=-195.84;territory=1749]"
853806,853806,Fast,"Building","Waiting","",1,"productivity or territory is insufficient [CokeOven:candidate=True;constructible=True;affordable=False;available=False;owned=4;upgradeTo=IndustrialCarbonizationRetort;research=SteamPower|Coking;workshop=;productivity=-200.56;territory=1749]"
854406,854406,Fast,"Building","Waiting","",1,"productivity or territory is insufficient [CokeOven:candidate=True;constructible=True;affordable=False;available=False;owned=4;upgradeTo=IndustrialCarbonizationRetort;research=SteamPower|Coking;workshop=;productivity=-202.92;territory=1749]"
855006,855006,Fast,"Building","Waiting","",1,"productivity or territory is insufficient [CokeOven:candidate=True;constructible=True;affordable=False;available=False;owned=4;upgradeTo=IndustrialCarbonizationRetort;research=SteamPower|Coking;workshop=;productivity=-207.64;territory=1749]"
855606,856206,Fast,"Building","Waiting","",2,"productivity or territory is insufficient [CokeOven:candidate=True;constructible=True;affordable=False;available=False;owned=4;upgradeTo=IndustrialCarbonizationRetort;research=SteamPower|Coking;workshop=;productivity=-210;territory=1749]"
856806,856806,Fast,"Building","Waiting","",1,"productivity or territory is insufficient [CokeOven:candidate=True;constructible=True;affordable=False;available=False;owned=4;upgradeTo=IndustrialCarbonizationRetort;research=SteamPower|Coking;workshop=;productivity=-212.36;territory=1749]"
857406,858006,Fast,"Building","Waiting","",2,"productivity or territory is insufficient [CokeOven:candidate=True;constructible=True;affordable=False;available=False;owned=4;upgradeTo=IndustrialCarbonizationRetort;research=SteamPower|Coking;workshop=;productivity=-214.72;territory=1749]"
858606,860406,Fast,"Building","Waiting","",4,"productivity or territory is insufficient [CokeOven:candidate=True;constructible=True;affordable=False;available=False;owned=4;upgradeTo=IndustrialCarbonizationRetort;research=SteamPower|Coking;workshop=;productivity=-217.08;territory=1749]"
861006,865206,Fast,"Building","Waiting","",8,"productivity or territory is insufficient [CokeOven:candidate=True;constructible=True;affordable=False;available=False;owned=4;upgradeTo=IndustrialCarbonizationRetort;research=SteamPower|Coking;workshop=;productivity=-219.44;territory=1749]"
865806,865806,Fast,"Building","Waiting","",1,"productivity or territory is insufficient [CokeOven:candidate=True;constructible=True;affordable=False;available=False;owned=4;upgradeTo=IndustrialCarbonizationRetort;research=SteamPower|Coking;workshop=;productivity=-221.8;territory=1749]"
866406,866406,Fast,"Building","Waiting","",1,"productivity or territory is insufficient [CokeOven:candidate=True;constructible=True;affordable=False;available=False;owned=4;upgradeTo=IndustrialCarbonizationRetort;research=SteamPower|Coking;workshop=;productivity=0.04;territory=1749]"
867006,867006,Fast,"Building","Waiting","",1,"productivity or territory is insufficient [CokeOven:candidate=True;constructible=True;affordable=False;available=False;owned=4;upgradeTo=IndustrialCarbonizationRetort;research=SteamPower|Coking;workshop=;productivity=-35.36;territory=1749]"
867606,867606,Fast,"Building","Waiting","",1,"productivity or territory is insufficient [CokeOven:candidate=True;constructible=True;affordable=False;available=False;owned=4;upgradeTo=IndustrialCarbonizationRetort;research=SteamPower|Coking;workshop=;productivity=-66.04;territory=1749]"
868206,868206,Fast,"Building","Waiting","",1,"productivity or territory is insufficient [CokeOven:candidate=True;constructible=True;affordable=False;available=False;owned=4;upgradeTo=IndustrialCarbonizationRetort;research=SteamPower|Coking;workshop=;productivity=-92;territory=1749]"
868806,868806,Fast,"Building","Waiting","",1,"productivity or territory is insufficient [CokeOven:candidate=True;constructible=True;affordable=False;available=False;owned=4;upgradeTo=IndustrialCarbonizationRetort;research=SteamPower|Coking;workshop=;productivity=-113.24;territory=1749]"
869406,869406,Fast,"Building","Waiting","",1,"productivity or territory is insufficient [CokeOven:candidate=True;constructible=True;affordable=False;available=False;owned=4;upgradeTo=IndustrialCarbonizationRetort;research=SteamPower|Coking;workshop=;productivity=-132.12;territory=1749]"
870006,870006,Fast,"Building","Waiting","",1,"productivity or territory is insufficient [CokeOven:candidate=True;constructible=True;affordable=False;available=False;owned=4;upgradeTo=IndustrialCarbonizationRetort;research=SteamPower|Coking;workshop=;productivity=-146.28;territory=1749]"
870606,870606,Fast,"Building","Waiting","",1,"productivity or territory is insufficient [CokeOven:candidate=True;constructible=True;affordable=False;available=False;owned=4;upgradeTo=IndustrialCarbonizationRetort;research=SteamPower|Coking;workshop=;productivity=-158.08;territory=1749]"
871206,871206,Fast,"Building","Waiting","",1,"productivity or territory is insufficient [CokeOven:candidate=True;constructible=True;affordable=False;available=False;owned=4;upgradeTo=IndustrialCarbonizationRetort;research=SteamPower|Coking;workshop=;productivity=-169.88;territory=1749]"
871806,871806,Fast,"Building","Waiting","",1,"productivity or territory is insufficient [CokeOven:candidate=True;constructible=True;affordable=False;available=False;owned=4;upgradeTo=IndustrialCarbonizationRetort;research=SteamPower|Coking;workshop=;productivity=-176.96;territory=1749]"
872406,872406,Fast,"Building","Waiting","",1,"productivity or territory is insufficient [CokeOven:candidate=True;constructible=True;affordable=False;available=False;owned=4;upgradeTo=IndustrialCarbonizationRetort;research=SteamPower|Coking;workshop=;productivity=-186.4;territory=1749]"
873006,873006,Fast,"Building","Waiting","",1,"productivity or territory is insufficient [CokeOven:candidate=True;constructible=True;affordable=False;available=False;owned=4;upgradeTo=IndustrialCarbonizationRetort;research=SteamPower|Coking;workshop=;productivity=-191.12;territory=1749]"
873606,873606,Fast,"Building","Waiting","",1,"productivity or territory is insufficient [CokeOven:candidate=True;constructible=True;affordable=False;available=False;owned=4;upgradeTo=IndustrialCarbonizationRetort;research=SteamPower|Coking;workshop=;productivity=-195.84;territory=1749]"
874206,874206,Fast,"Building","Waiting","",1,"productivity or territory is insufficient [CokeOven:candidate=True;constructible=True;affordable=False;available=False;owned=4;upgradeTo=IndustrialCarbonizationRetort;research=SteamPower|Coking;workshop=;productivity=-200.56;territory=1749]"
874806,874806,Fast,"Building","Waiting","",1,"productivity or territory is insufficient [CokeOven:candidate=True;constructible=True;affordable=False;available=False;owned=4;upgradeTo=IndustrialCarbonizationRetort;research=SteamPower|Coking;workshop=;productivity=-202.92;territory=1749]"
875406,875406,Fast,"Building","Waiting","",1,"productivity or territory is insufficient [CokeOven:candidate=True;constructible=True;affordable=False;available=False;owned=4;upgradeTo=IndustrialCarbonizationRetort;research=SteamPower|Coking;workshop=;productivity=-207.64;territory=1749]"
876006,876606,Fast,"Building","Waiting","",2,"productivity or territory is insufficient [CokeOven:candidate=True;constructible=True;affordable=False;available=False;owned=4;upgradeTo=IndustrialCarbonizationRetort;research=SteamPower|Coking;workshop=;productivity=-210;territory=1749]"
877206,877206,Fast,"Building","Waiting","",1,"productivity or territory is insufficient [CokeOven:candidate=True;constructible=True;affordable=False;available=False;owned=4;upgradeTo=IndustrialCarbonizationRetort;research=SteamPower|Coking;workshop=;productivity=-212.36;territory=1749]"
877806,878406,Fast,"Building","Waiting","",2,"productivity or territory is insufficient [CokeOven:candidate=True;constructible=True;affordable=False;available=False;owned=4;upgradeTo=IndustrialCarbonizationRetort;research=SteamPower|Coking;workshop=;productivity=-214.72;territory=1749]"
879006,880806,Fast,"Building","Waiting","",4,"productivity or territory is insufficient [CokeOven:candidate=True;constructible=True;affordable=False;available=False;owned=4;upgradeTo=IndustrialCarbonizationRetort;research=SteamPower|Coking;workshop=;productivity=-217.08;territory=1749]"
881406,885606,Fast,"Building","Waiting","",8,"productivity or territory is insufficient [CokeOven:candidate=True;constructible=True;affordable=False;available=False;owned=4;upgradeTo=IndustrialCarbonizationRetort;research=SteamPower|Coking;workshop=;productivity=-219.44;territory=1749]"
886206,886206,Fast,"Building","Waiting","",1,"productivity or territory is insufficient [CokeOven:candidate=True;constructible=True;affordable=False;available=False;owned=4;upgradeTo=IndustrialCarbonizationRetort;research=SteamPower|Coking;workshop=;productivity=-221.8;territory=1749]"
886806,886806,Fast,"Building","Waiting","",1,"productivity or territory is insufficient [CokeOven:candidate=True;constructible=True;affordable=False;available=False;owned=4;upgradeTo=IndustrialCarbonizationRetort;research=SteamPower|Coking;workshop=;productivity=0.04;territory=1749]"
887406,887406,Fast,"Building","Waiting","",1,"productivity or territory is insufficient [CokeOven:candidate=True;constructible=True;affordable=False;available=False;owned=4;upgradeTo=IndustrialCarbonizationRetort;research=SteamPower|Coking;workshop=;productivity=-35.36;territory=1749]"
888006,888006,Fast,"Building","Waiting","",1,"productivity or territory is insufficient [CokeOven:candidate=True;constructible=True;affordable=False;available=False;owned=4;upgradeTo=IndustrialCarbonizationRetort;research=SteamPower|Coking;workshop=;productivity=-66.04;territory=1749]"
888606,888606,Fast,"Building","Waiting","",1,"productivity or territory is insufficient [CokeOven:candidate=True;constructible=True;affordable=False;available=False;owned=4;upgradeTo=IndustrialCarbonizationRetort;research=SteamPower|Coking;workshop=;productivity=-92;territory=1749]"
889206,889206,Fast,"Building","Waiting","",1,"productivity or territory is insufficient [CokeOven:candidate=True;constructible=True;affordable=False;available=False;owned=4;upgradeTo=IndustrialCarbonizationRetort;research=SteamPower|Coking;workshop=;productivity=-113.24;territory=1749]"
889806,889806,Fast,"Building","Waiting","",1,"productivity or territory is insufficient [CokeOven:candidate=True;constructible=True;affordable=False;available=False;owned=4;upgradeTo=IndustrialCarbonizationRetort;research=SteamPower|Coking;workshop=;productivity=-132.12;territory=1749]"
890406,890406,Fast,"Building","Waiting","",1,"productivity or territory is insufficient [CokeOven:candidate=True;constructible=True;affordable=False;available=False;owned=4;upgradeTo=IndustrialCarbonizationRetort;research=SteamPower|Coking;workshop=;productivity=-146.28;territory=1749]"
891006,891006,Fast,"Building","Waiting","",1,"productivity or territory is insufficient [CokeOven:candidate=True;constructible=True;affordable=False;available=False;owned=4;upgradeTo=IndustrialCarbonizationRetort;research=SteamPower|Coking;workshop=;productivity=-158.08;territory=1749]"
891606,891606,Fast,"Building","Waiting","",1,"productivity or territory is insufficient [CokeOven:candidate=True;constructible=True;affordable=False;available=False;owned=4;upgradeTo=IndustrialCarbonizationRetort;research=SteamPower|Coking;workshop=;productivity=-169.88;territory=1749]"
892206,892206,Fast,"Building","Waiting","",1,"productivity or territory is insufficient [CokeOven:candidate=True;constructible=True;affordable=False;available=False;owned=4;upgradeTo=IndustrialCarbonizationRetort;research=SteamPower|Coking;workshop=;productivity=-176.96;territory=1749]"
892806,892806,Fast,"Building","Waiting","",1,"productivity or territory is insufficient [CokeOven:candidate=True;constructible=True;affordable=False;available=False;owned=4;upgradeTo=IndustrialCarbonizationRetort;research=SteamPower|Coking;workshop=;productivity=-186.4;territory=1749]"
893406,893406,Fast,"Building","Waiting","",1,"productivity or territory is insufficient [CokeOven:candidate=True;constructible=True;affordable=False;available=False;owned=4;upgradeTo=IndustrialCarbonizationRetort;research=SteamPower|Coking;workshop=;productivity=-191.12;territory=1749]"
894006,894006,Fast,"Building","Waiting","",1,"productivity or territory is insufficient [CokeOven:candidate=True;constructible=True;affordable=False;available=False;owned=4;upgradeTo=IndustrialCarbonizationRetort;research=SteamPower|Coking;workshop=;productivity=-195.84;territory=1749]"
894606,894606,Fast,"Building","Waiting","",1,"productivity or territory is insufficient [CokeOven:candidate=True;constructible=True;affordable=False;available=False;owned=4;upgradeTo=IndustrialCarbonizationRetort;research=SteamPower|Coking;workshop=;productivity=-200.56;territory=1749]"
895206,895206,Fast,"Building","Waiting","",1,"productivity or territory is insufficient [CokeOven:candidate=True;constructible=True;affordable=False;available=False;owned=4;upgradeTo=IndustrialCarbonizationRetort;research=SteamPower|Coking;workshop=;productivity=-202.92;territory=1749]"
895806,895806,Fast,"Building","Waiting","",1,"productivity or territory is insufficient [CokeOven:candidate=True;constructible=True;affordable=False;available=False;owned=4;upgradeTo=IndustrialCarbonizationRetort;research=SteamPower|Coking;workshop=;productivity=-207.64;territory=1749]"
896406,897006,Fast,"Building","Waiting","",2,"productivity or territory is insufficient [CokeOven:candidate=True;constructible=True;affordable=False;available=False;owned=4;upgradeTo=IndustrialCarbonizationRetort;research=SteamPower|Coking;workshop=;productivity=-210;territory=1749]"
897606,897606,Fast,"Building","Waiting","",1,"productivity or territory is insufficient [CokeOven:candidate=True;constructible=True;affordable=False;available=False;owned=4;upgradeTo=IndustrialCarbonizationRetort;research=SteamPower|Coking;workshop=;productivity=-212.36;territory=1749]"
898206,898806,Fast,"Building","Waiting","",2,"productivity or territory is insufficient [CokeOven:candidate=True;constructible=True;affordable=False;available=False;owned=4;upgradeTo=IndustrialCarbonizationRetort;research=SteamPower|Coking;workshop=;productivity=-214.72;territory=1749]"
899406,901206,Fast,"Building","Waiting","",4,"productivity or territory is insufficient [CokeOven:candidate=True;constructible=True;affordable=False;available=False;owned=4;upgradeTo=IndustrialCarbonizationRetort;research=SteamPower|Coking;workshop=;productivity=-217.08;territory=1749]"
901806,906006,Fast,"Building","Waiting","",8,"productivity or territory is insufficient [CokeOven:candidate=True;constructible=True;affordable=False;available=False;owned=4;upgradeTo=IndustrialCarbonizationRetort;research=SteamPower|Coking;workshop=;productivity=-219.44;territory=1749]"
906606,906606,Fast,"Building","Waiting","",1,"productivity or territory is insufficient [CokeOven:candidate=True;constructible=True;affordable=False;available=False;owned=4;upgradeTo=IndustrialCarbonizationRetort;research=SteamPower|Coking;workshop=;productivity=-221.8;territory=1749]"
907206,907206,Fast,"Building","Waiting","",1,"productivity or territory is insufficient [CokeOven:candidate=True;constructible=True;affordable=False;available=False;owned=4;upgradeTo=IndustrialCarbonizationRetort;research=SteamPower|Coking;workshop=;productivity=0.04;territory=1749]"
907806,907806,Fast,"Building","Waiting","",1,"productivity or territory is insufficient [CokeOven:candidate=True;constructible=True;affordable=False;available=False;owned=4;upgradeTo=IndustrialCarbonizationRetort;research=SteamPower|Coking;workshop=;productivity=-35.36;territory=1749]"
908406,908406,Fast,"Building","Waiting","",1,"productivity or territory is insufficient [CokeOven:candidate=True;constructible=True;affordable=False;available=False;owned=4;upgradeTo=IndustrialCarbonizationRetort;research=SteamPower|Coking;workshop=;productivity=-66.04;territory=1749]"
909006,909006,Fast,"Building","Waiting","",1,"productivity or territory is insufficient [CokeOven:candidate=True;constructible=True;affordable=False;available=False;owned=4;upgradeTo=IndustrialCarbonizationRetort;research=SteamPower|Coking;workshop=;productivity=-92;territory=1749]"
909606,909606,Fast,"Building","Waiting","",1,"productivity or territory is insufficient [CokeOven:candidate=True;constructible=True;affordable=False;available=False;owned=4;upgradeTo=IndustrialCarbonizationRetort;research=SteamPower|Coking;workshop=;productivity=-113.24;territory=1749]"
910206,910206,Fast,"Building","Waiting","",1,"productivity or territory is insufficient [CokeOven:candidate=True;constructible=True;affordable=False;available=False;owned=4;upgradeTo=IndustrialCarbonizationRetort;research=SteamPower|Coking;workshop=;productivity=-132.12;territory=1749]"
910806,910806,Fast,"Building","Waiting","",1,"productivity or territory is insufficient [CokeOven:candidate=True;constructible=True;affordable=False;available=False;owned=4;upgradeTo=IndustrialCarbonizationRetort;research=SteamPower|Coking;workshop=;productivity=-146.28;territory=1749]"
911406,911406,Fast,"Building","Waiting","",1,"productivity or territory is insufficient [CokeOven:candidate=True;constructible=True;affordable=False;available=False;owned=4;upgradeTo=IndustrialCarbonizationRetort;research=SteamPower|Coking;workshop=;productivity=-158.08;territory=1749]"
912006,912006,Fast,"Building","Waiting","",1,"productivity or territory is insufficient [CokeOven:candidate=True;constructible=True;affordable=False;available=False;owned=4;upgradeTo=IndustrialCarbonizationRetort;research=SteamPower|Coking;workshop=;productivity=-169.88;territory=1749]"
912606,912606,Fast,"Building","Waiting","",1,"productivity or territory is insufficient [CokeOven:candidate=True;constructible=True;affordable=False;available=False;owned=4;upgradeTo=IndustrialCarbonizationRetort;research=SteamPower|Coking;workshop=;productivity=-176.96;territory=1749]"
913206,913206,Fast,"Building","Waiting","",1,"productivity or territory is insufficient [CokeOven:candidate=True;constructible=True;affordable=False;available=False;owned=4;upgradeTo=IndustrialCarbonizationRetort;research=SteamPower|Coking;workshop=;productivity=-186.4;territory=1749]"
913806,913806,Fast,"Building","Waiting","",1,"productivity or territory is insufficient [CokeOven:candidate=True;constructible=True;affordable=False;available=False;owned=4;upgradeTo=IndustrialCarbonizationRetort;research=SteamPower|Coking;workshop=;productivity=-191.12;territory=1749]"
914406,914406,Fast,"Building","Waiting","",1,"productivity or territory is insufficient [CokeOven:candidate=True;constructible=True;affordable=False;available=False;owned=4;upgradeTo=IndustrialCarbonizationRetort;research=SteamPower|Coking;workshop=;productivity=-195.84;territory=1749]"
915006,915006,Fast,"Building","Waiting","",1,"productivity or territory is insufficient [CokeOven:candidate=True;constructible=True;affordable=False;available=False;owned=4;upgradeTo=IndustrialCarbonizationRetort;research=SteamPower|Coking;workshop=;productivity=-200.56;territory=1749]"
915606,915606,Fast,"Building","Waiting","",1,"productivity or territory is insufficient [CokeOven:candidate=True;constructible=True;affordable=False;available=False;owned=4;upgradeTo=IndustrialCarbonizationRetort;research=SteamPower|Coking;workshop=;productivity=-202.92;territory=1749]"
916206,916206,Fast,"Building","Waiting","",1,"productivity or territory is insufficient [CokeOven:candidate=True;constructible=True;affordable=False;available=False;owned=4;upgradeTo=IndustrialCarbonizationRetort;research=SteamPower|Coking;workshop=;productivity=-207.64;territory=1749]"
916806,917406,Fast,"Building","Waiting","",2,"productivity or territory is insufficient [CokeOven:candidate=True;constructible=True;affordable=False;available=False;owned=4;upgradeTo=IndustrialCarbonizationRetort;research=SteamPower|Coking;workshop=;productivity=-210;territory=1749]"
918006,918006,Fast,"Building","Waiting","",1,"productivity or territory is insufficient [CokeOven:candidate=True;constructible=True;affordable=False;available=False;owned=4;upgradeTo=IndustrialCarbonizationRetort;research=SteamPower|Coking;workshop=;productivity=-212.36;territory=1749]"
918606,919206,Fast,"Building","Waiting","",2,"productivity or territory is insufficient [CokeOven:candidate=True;constructible=True;affordable=False;available=False;owned=4;upgradeTo=IndustrialCarbonizationRetort;research=SteamPower|Coking;workshop=;productivity=-214.72;territory=1749]"
919806,921606,Fast,"Building","Waiting","",4,"productivity or territory is insufficient [CokeOven:candidate=True;constructible=True;affordable=False;available=False;owned=4;upgradeTo=IndustrialCarbonizationRetort;research=SteamPower|Coking;workshop=;productivity=-217.08;territory=1749]"
922206,926406,Fast,"Building","Waiting","",8,"productivity or territory is insufficient [CokeOven:candidate=True;constructible=True;affordable=False;available=False;owned=4;upgradeTo=IndustrialCarbonizationRetort;research=SteamPower|Coking;workshop=;productivity=-219.44;territory=1749]"
927006,927006,Fast,"Building","Waiting","",1,"productivity or territory is insufficient [CokeOven:candidate=True;constructible=True;affordable=False;available=False;owned=4;upgradeTo=IndustrialCarbonizationRetort;research=SteamPower|Coking;workshop=;productivity=-221.8;territory=1749]"
927606,927606,Fast,"Building","Waiting","",1,"productivity or territory is insufficient [CokeOven:candidate=True;constructible=True;affordable=False;available=False;owned=4;upgradeTo=IndustrialCarbonizationRetort;research=SteamPower|Coking;workshop=;productivity=0.04;territory=1749]"
928206,928206,Fast,"Building","Waiting","",1,"productivity or territory is insufficient [CokeOven:candidate=True;constructible=True;affordable=False;available=False;owned=4;upgradeTo=IndustrialCarbonizationRetort;research=SteamPower|Coking;workshop=;productivity=-35.36;territory=1749]"
928806,928806,Fast,"Building","Waiting","",1,"productivity or territory is insufficient [CokeOven:candidate=True;constructible=True;affordable=False;available=False;owned=4;upgradeTo=IndustrialCarbonizationRetort;research=SteamPower|Coking;workshop=;productivity=-66.04;territory=1749]"
929406,929406,Fast,"Building","Waiting","",1,"productivity or territory is insufficient [CokeOven:candidate=True;constructible=True;affordable=False;available=False;owned=4;upgradeTo=IndustrialCarbonizationRetort;research=SteamPower|Coking;workshop=;productivity=-92;territory=1749]"
930006,930006,Fast,"Building","Waiting","",1,"productivity or territory is insufficient [CokeOven:candidate=True;constructible=True;affordable=False;available=False;owned=4;upgradeTo=IndustrialCarbonizationRetort;research=SteamPower|Coking;workshop=;productivity=-113.24;territory=1749]"
930606,930606,Fast,"Building","Waiting","",1,"productivity or territory is insufficient [CokeOven:candidate=True;constructible=True;affordable=False;available=False;owned=4;upgradeTo=IndustrialCarbonizationRetort;research=SteamPower|Coking;workshop=;productivity=-132.12;territory=1749]"
931206,931206,Fast,"Building","Waiting","",1,"productivity or territory is insufficient [CokeOven:candidate=True;constructible=True;affordable=False;available=False;owned=4;upgradeTo=IndustrialCarbonizationRetort;research=SteamPower|Coking;workshop=;productivity=-146.28;territory=1749]"
931806,931806,Fast,"Building","Waiting","",1,"productivity or territory is insufficient [CokeOven:candidate=True;constructible=True;affordable=False;available=False;owned=4;upgradeTo=IndustrialCarbonizationRetort;research=SteamPower|Coking;workshop=;productivity=-158.08;territory=1749]"
932406,932406,Fast,"Building","Waiting","",1,"productivity or territory is insufficient [CokeOven:candidate=True;constructible=True;affordable=False;available=False;owned=4;upgradeTo=IndustrialCarbonizationRetort;research=SteamPower|Coking;workshop=;productivity=-169.88;territory=1749]"
933006,933006,Fast,"Building","Waiting","",1,"productivity or territory is insufficient [CokeOven:candidate=True;constructible=True;affordable=False;available=False;owned=4;upgradeTo=IndustrialCarbonizationRetort;research=SteamPower|Coking;workshop=;productivity=-176.96;territory=1749]"
933606,933606,Fast,"Building","Waiting","",1,"productivity or territory is insufficient [CokeOven:candidate=True;constructible=True;affordable=False;available=False;owned=4;upgradeTo=IndustrialCarbonizationRetort;research=SteamPower|Coking;workshop=;productivity=-186.4;territory=1749]"
934206,934206,Fast,"Building","Waiting","",1,"productivity or territory is insufficient [CokeOven:candidate=True;constructible=True;affordable=False;available=False;owned=4;upgradeTo=IndustrialCarbonizationRetort;research=SteamPower|Coking;workshop=;productivity=-191.12;territory=1749]"
934806,934806,Fast,"Building","Waiting","",1,"productivity or territory is insufficient [CokeOven:candidate=True;constructible=True;affordable=False;available=False;owned=4;upgradeTo=IndustrialCarbonizationRetort;research=SteamPower|Coking;workshop=;productivity=-195.84;territory=1749]"
935406,935406,Fast,"Building","Waiting","",1,"productivity or territory is insufficient [CokeOven:candidate=True;constructible=True;affordable=False;available=False;owned=4;upgradeTo=IndustrialCarbonizationRetort;research=SteamPower|Coking;workshop=;productivity=-200.56;territory=1749]"
936006,936006,Fast,"Building","Waiting","",1,"productivity or territory is insufficient [CokeOven:candidate=True;constructible=True;affordable=False;available=False;owned=4;upgradeTo=IndustrialCarbonizationRetort;research=SteamPower|Coking;workshop=;productivity=-202.92;territory=1749]"
936606,936606,Fast,"Building","Waiting","",1,"productivity or territory is insufficient [CokeOven:candidate=True;constructible=True;affordable=False;available=False;owned=4;upgradeTo=IndustrialCarbonizationRetort;research=SteamPower|Coking;workshop=;productivity=-207.64;territory=1749]"
937206,937806,Fast,"Building","Waiting","",2,"productivity or territory is insufficient [CokeOven:candidate=True;constructible=True;affordable=False;available=False;owned=4;upgradeTo=IndustrialCarbonizationRetort;research=SteamPower|Coking;workshop=;productivity=-210;territory=1749]"
938406,938406,Fast,"Building","Waiting","",1,"productivity or territory is insufficient [CokeOven:candidate=True;constructible=True;affordable=False;available=False;owned=4;upgradeTo=IndustrialCarbonizationRetort;research=SteamPower|Coking;workshop=;productivity=-212.36;territory=1749]"
939006,939606,Fast,"Building","Waiting","",2,"productivity or territory is insufficient [CokeOven:candidate=True;constructible=True;affordable=False;available=False;owned=4;upgradeTo=IndustrialCarbonizationRetort;research=SteamPower|Coking;workshop=;productivity=-214.72;territory=1749]"
940206,942006,Fast,"Building","Waiting","",4,"productivity or territory is insufficient [CokeOven:candidate=True;constructible=True;affordable=False;available=False;owned=4;upgradeTo=IndustrialCarbonizationRetort;research=SteamPower|Coking;workshop=;productivity=-217.08;territory=1749]"
942606,946806,Fast,"Building","Waiting","",8,"productivity or territory is insufficient [CokeOven:candidate=True;constructible=True;affordable=False;available=False;owned=4;upgradeTo=IndustrialCarbonizationRetort;research=SteamPower|Coking;workshop=;productivity=-219.44;territory=1749]"
947406,947406,Fast,"Building","Waiting","",1,"productivity or territory is insufficient [CokeOven:candidate=True;constructible=True;affordable=False;available=False;owned=4;upgradeTo=IndustrialCarbonizationRetort;research=SteamPower|Coking;workshop=;productivity=-221.8;territory=1749]"
948006,948006,Fast,"Building","Waiting","",1,"productivity or territory is insufficient [CokeOven:candidate=True;constructible=True;affordable=False;available=False;owned=4;upgradeTo=IndustrialCarbonizationRetort;research=SteamPower|Coking;workshop=;productivity=0.04;territory=1749]"
948606,948606,Fast,"Building","Waiting","",1,"productivity or territory is insufficient [CokeOven:candidate=True;constructible=True;affordable=False;available=False;owned=4;upgradeTo=IndustrialCarbonizationRetort;research=SteamPower|Coking;workshop=;productivity=-35.36;territory=1749]"
949206,949206,Fast,"Building","Waiting","",1,"productivity or territory is insufficient [CokeOven:candidate=True;constructible=True;affordable=False;available=False;owned=4;upgradeTo=IndustrialCarbonizationRetort;research=SteamPower|Coking;workshop=;productivity=-66.04;territory=1749]"
949806,949806,Fast,"Building","Waiting","",1,"productivity or territory is insufficient [CokeOven:candidate=True;constructible=True;affordable=False;available=False;owned=4;upgradeTo=IndustrialCarbonizationRetort;research=SteamPower|Coking;workshop=;productivity=-92;territory=1749]"
950406,950406,Fast,"Building","Waiting","",1,"productivity or territory is insufficient [CokeOven:candidate=True;constructible=True;affordable=False;available=False;owned=4;upgradeTo=IndustrialCarbonizationRetort;research=SteamPower|Coking;workshop=;productivity=-113.24;territory=1749]"
951006,951006,Fast,"Building","Waiting","",1,"productivity or territory is insufficient [CokeOven:candidate=True;constructible=True;affordable=False;available=False;owned=4;upgradeTo=IndustrialCarbonizationRetort;research=SteamPower|Coking;workshop=;productivity=-132.12;territory=1749]"
951606,951606,Fast,"Building","Waiting","",1,"productivity or territory is insufficient [CokeOven:candidate=True;constructible=True;affordable=False;available=False;owned=4;upgradeTo=IndustrialCarbonizationRetort;research=SteamPower|Coking;workshop=;productivity=-146.28;territory=1749]"
952206,952206,Fast,"Building","Waiting","",1,"productivity or territory is insufficient [CokeOven:candidate=True;constructible=True;affordable=False;available=False;owned=4;upgradeTo=IndustrialCarbonizationRetort;research=SteamPower|Coking;workshop=;productivity=-158.08;territory=1749]"
952806,952806,Fast,"Building","Waiting","",1,"productivity or territory is insufficient [CokeOven:candidate=True;constructible=True;affordable=False;available=False;owned=4;upgradeTo=IndustrialCarbonizationRetort;research=SteamPower|Coking;workshop=;productivity=-169.88;territory=1749]"
953406,953406,Fast,"Building","Waiting","",1,"productivity or territory is insufficient [CokeOven:candidate=True;constructible=True;affordable=False;available=False;owned=4;upgradeTo=IndustrialCarbonizationRetort;research=SteamPower|Coking;workshop=;productivity=-176.96;territory=1749]"
954006,954006,Fast,"Building","Waiting","",1,"productivity or territory is insufficient [CokeOven:candidate=True;constructible=True;affordable=False;available=False;owned=4;upgradeTo=IndustrialCarbonizationRetort;research=SteamPower|Coking;workshop=;productivity=-186.4;territory=1749]"
954606,954606,Fast,"Building","Waiting","",1,"productivity or territory is insufficient [CokeOven:candidate=True;constructible=True;affordable=False;available=False;owned=4;upgradeTo=IndustrialCarbonizationRetort;research=SteamPower|Coking;workshop=;productivity=-191.12;territory=1749]"
955206,955206,Fast,"Building","Waiting","",1,"productivity or territory is insufficient [CokeOven:candidate=True;constructible=True;affordable=False;available=False;owned=4;upgradeTo=IndustrialCarbonizationRetort;research=SteamPower|Coking;workshop=;productivity=-195.84;territory=1749]"
955806,955806,Fast,"Building","Waiting","",1,"productivity or territory is insufficient [CokeOven:candidate=True;constructible=True;affordable=False;available=False;owned=4;upgradeTo=IndustrialCarbonizationRetort;research=SteamPower|Coking;workshop=;productivity=-200.56;territory=1749]"
956406,956406,Fast,"Building","Waiting","",1,"productivity or territory is insufficient [CokeOven:candidate=True;constructible=True;affordable=False;available=False;owned=4;upgradeTo=IndustrialCarbonizationRetort;research=SteamPower|Coking;workshop=;productivity=-202.92;territory=1749]"
957006,957006,Fast,"Building","Waiting","",1,"productivity or territory is insufficient [CokeOven:candidate=True;constructible=True;affordable=False;available=False;owned=4;upgradeTo=IndustrialCarbonizationRetort;research=SteamPower|Coking;workshop=;productivity=-207.64;territory=1749]"
957606,958206,Fast,"Building","Waiting","",2,"productivity or territory is insufficient [CokeOven:candidate=True;constructible=True;affordable=False;available=False;owned=4;upgradeTo=IndustrialCarbonizationRetort;research=SteamPower|Coking;workshop=;productivity=-210;territory=1749]"
958806,958806,Fast,"Building","Waiting","",1,"productivity or territory is insufficient [CokeOven:candidate=True;constructible=True;affordable=False;available=False;owned=4;upgradeTo=IndustrialCarbonizationRetort;research=SteamPower|Coking;workshop=;productivity=-212.36;territory=1749]"
959406,960006,Fast,"Building","Waiting","",2,"productivity or territory is insufficient [CokeOven:candidate=True;constructible=True;affordable=False;available=False;owned=4;upgradeTo=IndustrialCarbonizationRetort;research=SteamPower|Coking;workshop=;productivity=-214.72;territory=1749]"
960606,962406,Fast,"Building","Waiting","",4,"productivity or territory is insufficient [CokeOven:candidate=True;constructible=True;affordable=False;available=False;owned=4;upgradeTo=IndustrialCarbonizationRetort;research=SteamPower|Coking;workshop=;productivity=-217.08;territory=1749]"
963006,967206,Fast,"Building","Waiting","",8,"productivity or territory is insufficient [CokeOven:candidate=True;constructible=True;affordable=False;available=False;owned=4;upgradeTo=IndustrialCarbonizationRetort;research=SteamPower|Coking;workshop=;productivity=-219.44;territory=1749]"
967806,967806,Fast,"Building","Waiting","",1,"productivity or territory is insufficient [CokeOven:candidate=True;constructible=True;affordable=False;available=False;owned=4;upgradeTo=IndustrialCarbonizationRetort;research=SteamPower|Coking;workshop=;productivity=-221.8;territory=1749]"
968406,968406,Fast,"Building","Waiting","",1,"productivity or territory is insufficient [CokeOven:candidate=True;constructible=True;affordable=False;available=False;owned=4;upgradeTo=IndustrialCarbonizationRetort;research=SteamPower|Coking;workshop=;productivity=0.04;territory=1749]"
969006,969006,Fast,"Building","Waiting","",1,"productivity or territory is insufficient [CokeOven:candidate=True;constructible=True;affordable=False;available=False;owned=4;upgradeTo=IndustrialCarbonizationRetort;research=SteamPower|Coking;workshop=;productivity=-35.36;territory=1749]"
969606,969606,Fast,"Building","Waiting","",1,"productivity or territory is insufficient [CokeOven:candidate=True;constructible=True;affordable=False;available=False;owned=4;upgradeTo=IndustrialCarbonizationRetort;research=SteamPower|Coking;workshop=;productivity=-66.04;territory=1749]"
970206,970206,Fast,"Building","Waiting","",1,"productivity or territory is insufficient [CokeOven:candidate=True;constructible=True;affordable=False;available=False;owned=4;upgradeTo=IndustrialCarbonizationRetort;research=SteamPower|Coking;workshop=;productivity=-92;territory=1749]"
970806,970806,Fast,"Building","Waiting","",1,"productivity or territory is insufficient [CokeOven:candidate=True;constructible=True;affordable=False;available=False;owned=4;upgradeTo=IndustrialCarbonizationRetort;research=SteamPower|Coking;workshop=;productivity=-113.24;territory=1749]"
971406,971406,Fast,"Building","Waiting","",1,"productivity or territory is insufficient [CokeOven:candidate=True;constructible=True;affordable=False;available=False;owned=4;upgradeTo=IndustrialCarbonizationRetort;research=SteamPower|Coking;workshop=;productivity=-132.12;territory=1749]"
972006,972006,Fast,"Building","Waiting","",1,"productivity or territory is insufficient [CokeOven:candidate=True;constructible=True;affordable=False;available=False;owned=4;upgradeTo=IndustrialCarbonizationRetort;research=SteamPower|Coking;workshop=;productivity=-146.28;territory=1749]"
972606,972606,Fast,"Building","Waiting","",1,"productivity or territory is insufficient [CokeOven:candidate=True;constructible=True;affordable=False;available=False;owned=4;upgradeTo=IndustrialCarbonizationRetort;research=SteamPower|Coking;workshop=;productivity=-158.08;territory=1749]"
973206,973206,Fast,"Building","Waiting","",1,"productivity or territory is insufficient [CokeOven:candidate=True;constructible=True;affordable=False;available=False;owned=4;upgradeTo=IndustrialCarbonizationRetort;research=SteamPower|Coking;workshop=;productivity=-169.88;territory=1749]"
973806,973806,Fast,"Building","Waiting","",1,"productivity or territory is insufficient [CokeOven:candidate=True;constructible=True;affordable=False;available=False;owned=4;upgradeTo=IndustrialCarbonizationRetort;research=SteamPower|Coking;workshop=;productivity=-176.96;territory=1749]"
974406,974406,Fast,"Building","Waiting","",1,"productivity or territory is insufficient [CokeOven:candidate=True;constructible=True;affordable=False;available=False;owned=4;upgradeTo=IndustrialCarbonizationRetort;research=SteamPower|Coking;workshop=;productivity=-186.4;territory=1749]"
975006,975006,Fast,"Building","Waiting","",1,"productivity or territory is insufficient [CokeOven:candidate=True;constructible=True;affordable=False;available=False;owned=4;upgradeTo=IndustrialCarbonizationRetort;research=SteamPower|Coking;workshop=;productivity=-191.12;territory=1749]"
975606,975606,Fast,"Building","Waiting","",1,"productivity or territory is insufficient [CokeOven:candidate=True;constructible=True;affordable=False;available=False;owned=4;upgradeTo=IndustrialCarbonizationRetort;research=SteamPower|Coking;workshop=;productivity=-195.84;territory=1749]"
976206,976206,Fast,"Building","Waiting","",1,"productivity or territory is insufficient [CokeOven:candidate=True;constructible=True;affordable=False;available=False;owned=4;upgradeTo=IndustrialCarbonizationRetort;research=SteamPower|Coking;workshop=;productivity=-200.56;territory=1749]"
976806,976806,Fast,"Building","Waiting","",1,"productivity or territory is insufficient [CokeOven:candidate=True;constructible=True;affordable=False;available=False;owned=4;upgradeTo=IndustrialCarbonizationRetort;research=SteamPower|Coking;workshop=;productivity=-202.92;territory=1749]"
977406,977406,Fast,"Building","Waiting","",1,"productivity or territory is insufficient [CokeOven:candidate=True;constructible=True;affordable=False;available=False;owned=4;upgradeTo=IndustrialCarbonizationRetort;research=SteamPower|Coking;workshop=;productivity=-207.64;territory=1749]"
978006,978606,Fast,"Building","Waiting","",2,"productivity or territory is insufficient [CokeOven:candidate=True;constructible=True;affordable=False;available=False;owned=4;upgradeTo=IndustrialCarbonizationRetort;research=SteamPower|Coking;workshop=;productivity=-210;territory=1749]"
979206,979206,Fast,"Building","Waiting","",1,"productivity or territory is insufficient [CokeOven:candidate=True;constructible=True;affordable=False;available=False;owned=4;upgradeTo=IndustrialCarbonizationRetort;research=SteamPower|Coking;workshop=;productivity=-212.36;territory=1749]"
979806,980406,Fast,"Building","Waiting","",2,"productivity or territory is insufficient [CokeOven:candidate=True;constructible=True;affordable=False;available=False;owned=4;upgradeTo=IndustrialCarbonizationRetort;research=SteamPower|Coking;workshop=;productivity=-214.72;territory=1749]"
981006,982806,Fast,"Building","Waiting","",4,"productivity or territory is insufficient [CokeOven:candidate=True;constructible=True;affordable=False;available=False;owned=4;upgradeTo=IndustrialCarbonizationRetort;research=SteamPower|Coking;workshop=;productivity=-217.08;territory=1749]"
983406,987606,Fast,"Building","Waiting","",8,"productivity or territory is insufficient [CokeOven:candidate=True;constructible=True;affordable=False;available=False;owned=4;upgradeTo=IndustrialCarbonizationRetort;research=SteamPower|Coking;workshop=;productivity=-219.44;territory=1749]"
988206,988206,Fast,"Building","Waiting","",1,"productivity or territory is insufficient [CokeOven:candidate=True;constructible=True;affordable=False;available=False;owned=4;upgradeTo=IndustrialCarbonizationRetort;research=SteamPower|Coking;workshop=;productivity=-221.8;territory=1749]"
988806,988806,Fast,"Building","Waiting","",1,"productivity or territory is insufficient [CokeOven:candidate=True;constructible=True;affordable=False;available=False;owned=4;upgradeTo=IndustrialCarbonizationRetort;research=SteamPower|Coking;workshop=;productivity=0.04;territory=1749]"
989406,989406,Fast,"Building","Waiting","",1,"productivity or territory is insufficient [CokeOven:candidate=True;constructible=True;affordable=False;available=False;owned=4;upgradeTo=IndustrialCarbonizationRetort;research=SteamPower|Coking;workshop=;productivity=-35.36;territory=1749]"
990006,990006,Fast,"Building","Waiting","",1,"productivity or territory is insufficient [CokeOven:candidate=True;constructible=True;affordable=False;available=False;owned=4;upgradeTo=IndustrialCarbonizationRetort;research=SteamPower|Coking;workshop=;productivity=-66.04;territory=1749]"
990606,990606,Fast,"Building","Waiting","",1,"productivity or territory is insufficient [CokeOven:candidate=True;constructible=True;affordable=False;available=False;owned=4;upgradeTo=IndustrialCarbonizationRetort;research=SteamPower|Coking;workshop=;productivity=-92;territory=1749]"
991206,991206,Fast,"Building","Waiting","",1,"productivity or territory is insufficient [CokeOven:candidate=True;constructible=True;affordable=False;available=False;owned=4;upgradeTo=IndustrialCarbonizationRetort;research=SteamPower|Coking;workshop=;productivity=-113.24;territory=1749]"
991806,991806,Fast,"Building","Waiting","",1,"productivity or territory is insufficient [CokeOven:candidate=True;constructible=True;affordable=False;available=False;owned=4;upgradeTo=IndustrialCarbonizationRetort;research=SteamPower|Coking;workshop=;productivity=-132.12;territory=1749]"
992406,992406,Fast,"Building","Waiting","",1,"productivity or territory is insufficient [CokeOven:candidate=True;constructible=True;affordable=False;available=False;owned=4;upgradeTo=IndustrialCarbonizationRetort;research=SteamPower|Coking;workshop=;productivity=-146.28;territory=1749]"
993006,993006,Fast,"Building","Waiting","",1,"productivity or territory is insufficient [CokeOven:candidate=True;constructible=True;affordable=False;available=False;owned=4;upgradeTo=IndustrialCarbonizationRetort;research=SteamPower|Coking;workshop=;productivity=-158.08;territory=1749]"
993606,993606,Fast,"Building","Waiting","",1,"productivity or territory is insufficient [CokeOven:candidate=True;constructible=True;affordable=False;available=False;owned=4;upgradeTo=IndustrialCarbonizationRetort;research=SteamPower|Coking;workshop=;productivity=-169.88;territory=1749]"
994206,994206,Fast,"Building","Waiting","",1,"productivity or territory is insufficient [CokeOven:candidate=True;constructible=True;affordable=False;available=False;owned=4;upgradeTo=IndustrialCarbonizationRetort;research=SteamPower|Coking;workshop=;productivity=-176.96;territory=1749]"
994806,994806,Fast,"Building","Waiting","",1,"productivity or territory is insufficient [CokeOven:candidate=True;constructible=True;affordable=False;available=False;owned=4;upgradeTo=IndustrialCarbonizationRetort;research=SteamPower|Coking;workshop=;productivity=-186.4;territory=1749]"
995406,995406,Fast,"Building","Waiting","",1,"productivity or territory is insufficient [CokeOven:candidate=True;constructible=True;affordable=False;available=False;owned=4;upgradeTo=IndustrialCarbonizationRetort;research=SteamPower|Coking;workshop=;productivity=-191.12;territory=1749]"
996006,996006,Fast,"Building","Waiting","",1,"productivity or territory is insufficient [CokeOven:candidate=True;constructible=True;affordable=False;available=False;owned=4;upgradeTo=IndustrialCarbonizationRetort;research=SteamPower|Coking;workshop=;productivity=-195.84;territory=1749]"
996606,996606,Fast,"Building","Waiting","",1,"productivity or territory is insufficient [CokeOven:candidate=True;constructible=True;affordable=False;available=False;owned=4;upgradeTo=IndustrialCarbonizationRetort;research=SteamPower|Coking;workshop=;productivity=-200.56;territory=1749]"
997206,997206,Fast,"Building","Waiting","",1,"productivity or territory is insufficient [CokeOven:candidate=True;constructible=True;affordable=False;available=False;owned=4;upgradeTo=IndustrialCarbonizationRetort;research=SteamPower|Coking;workshop=;productivity=-202.92;territory=1749]"
997806,997806,Fast,"Building","Waiting","",1,"productivity or territory is insufficient [CokeOven:candidate=True;constructible=True;affordable=False;available=False;owned=4;upgradeTo=IndustrialCarbonizationRetort;research=SteamPower|Coking;workshop=;productivity=-207.64;territory=1749]"
998406,999006,Fast,"Building","Waiting","",2,"productivity or territory is insufficient [CokeOven:candidate=True;constructible=True;affordable=False;available=False;owned=4;upgradeTo=IndustrialCarbonizationRetort;research=SteamPower|Coking;workshop=;productivity=-210;territory=1749]"
999606,999606,Fast,"Building","Waiting","",1,"productivity or territory is insufficient [CokeOven:candidate=True;constructible=True;affordable=False;available=False;owned=4;upgradeTo=IndustrialCarbonizationRetort;research=SteamPower|Coking;workshop=;productivity=-212.36;territory=1749]"
1000206,1000806,Fast,"Building","Waiting","",2,"productivity or territory is insufficient [CokeOven:candidate=True;constructible=True;affordable=False;available=False;owned=4;upgradeTo=IndustrialCarbonizationRetort;research=SteamPower|Coking;workshop=;productivity=-214.72;territory=1749]"
1001406,1003206,Fast,"Building","Waiting","",4,"productivity or territory is insufficient [CokeOven:candidate=True;constructible=True;affordable=False;available=False;owned=4;upgradeTo=IndustrialCarbonizationRetort;research=SteamPower|Coking;workshop=;productivity=-217.08;territory=1749]"
1003806,1008006,Fast,"Building","Waiting","",8,"productivity or territory is insufficient [CokeOven:candidate=True;constructible=True;affordable=False;available=False;owned=4;upgradeTo=IndustrialCarbonizationRetort;research=SteamPower|Coking;workshop=;productivity=-219.44;territory=1749]"
1008606,1008606,Fast,"Building","Waiting","",1,"productivity or territory is insufficient [CokeOven:candidate=True;constructible=True;affordable=False;available=False;owned=4;upgradeTo=IndustrialCarbonizationRetort;research=SteamPower|Coking;workshop=;productivity=-221.8;territory=1749]"
1009206,1009206,Fast,"Building","Waiting","",1,"productivity or territory is insufficient [CokeOven:candidate=True;constructible=True;affordable=False;available=False;owned=4;upgradeTo=IndustrialCarbonizationRetort;research=SteamPower|Coking;workshop=;productivity=0.04;territory=1749]"
1009806,1009806,Fast,"Building","Waiting","",1,"productivity or territory is insufficient [CokeOven:candidate=True;constructible=True;affordable=False;available=False;owned=4;upgradeTo=IndustrialCarbonizationRetort;research=SteamPower|Coking;workshop=;productivity=-35.36;territory=1749]"
1010406,1010406,Fast,"Building","Waiting","",1,"productivity or territory is insufficient [CokeOven:candidate=True;constructible=True;affordable=False;available=False;owned=4;upgradeTo=IndustrialCarbonizationRetort;research=SteamPower|Coking;workshop=;productivity=-66.04;territory=1749]"
1011006,1011006,Fast,"Building","Waiting","",1,"productivity or territory is insufficient [CokeOven:candidate=True;constructible=True;affordable=False;available=False;owned=4;upgradeTo=IndustrialCarbonizationRetort;research=SteamPower|Coking;workshop=;productivity=-92;territory=1749]"
1011606,1011606,Fast,"Building","Waiting","",1,"productivity or territory is insufficient [CokeOven:candidate=True;constructible=True;affordable=False;available=False;owned=4;upgradeTo=IndustrialCarbonizationRetort;research=SteamPower|Coking;workshop=;productivity=-113.24;territory=1749]"
1012206,1012206,Fast,"Building","Waiting","",1,"productivity or territory is insufficient [CokeOven:candidate=True;constructible=True;affordable=False;available=False;owned=4;upgradeTo=IndustrialCarbonizationRetort;research=SteamPower|Coking;workshop=;productivity=-132.12;territory=1749]"
1012806,1012806,Fast,"Building","Waiting","",1,"productivity or territory is insufficient [CokeOven:candidate=True;constructible=True;affordable=False;available=False;owned=4;upgradeTo=IndustrialCarbonizationRetort;research=SteamPower|Coking;workshop=;productivity=-146.28;territory=1749]"
1013406,1013406,Fast,"Building","Waiting","",1,"productivity or territory is insufficient [CokeOven:candidate=True;constructible=True;affordable=False;available=False;owned=4;upgradeTo=IndustrialCarbonizationRetort;research=SteamPower|Coking;workshop=;productivity=-158.08;territory=1749]"
1014006,1014006,Fast,"Building","Waiting","",1,"productivity or territory is insufficient [CokeOven:candidate=True;constructible=True;affordable=False;available=False;owned=4;upgradeTo=IndustrialCarbonizationRetort;research=SteamPower|Coking;workshop=;productivity=-169.88;territory=1749]"
1014606,1014606,Fast,"Building","Waiting","",1,"productivity or territory is insufficient [CokeOven:candidate=True;constructible=True;affordable=False;available=False;owned=4;upgradeTo=IndustrialCarbonizationRetort;research=SteamPower|Coking;workshop=;productivity=-176.96;territory=1749]"
1015206,1015206,Fast,"Building","Waiting","",1,"productivity or territory is insufficient [CokeOven:candidate=True;constructible=True;affordable=False;available=False;owned=4;upgradeTo=IndustrialCarbonizationRetort;research=SteamPower|Coking;workshop=;productivity=-186.4;territory=1749]"
1015806,1015806,Fast,"Building","Waiting","",1,"productivity or territory is insufficient [CokeOven:candidate=True;constructible=True;affordable=False;available=False;owned=4;upgradeTo=IndustrialCarbonizationRetort;research=SteamPower|Coking;workshop=;productivity=-191.12;territory=1749]"
1016406,1016406,Fast,"Building","Waiting","",1,"productivity or territory is insufficient [CokeOven:candidate=True;constructible=True;affordable=False;available=False;owned=4;upgradeTo=IndustrialCarbonizationRetort;research=SteamPower|Coking;workshop=;productivity=-195.84;territory=1749]"
1017006,1017006,Fast,"Building","Waiting","",1,"productivity or territory is insufficient [CokeOven:candidate=True;constructible=True;affordable=False;available=False;owned=4;upgradeTo=IndustrialCarbonizationRetort;research=SteamPower|Coking;workshop=;productivity=-200.56;territory=1749]"
1017606,1017606,Fast,"Building","Waiting","",1,"productivity or territory is insufficient [CokeOven:candidate=True;constructible=True;affordable=False;available=False;owned=4;upgradeTo=IndustrialCarbonizationRetort;research=SteamPower|Coking;workshop=;productivity=-202.92;territory=1749]"
1018206,1018206,Fast,"Building","Waiting","",1,"productivity or territory is insufficient [CokeOven:candidate=True;constructible=True;affordable=False;available=False;owned=4;upgradeTo=IndustrialCarbonizationRetort;research=SteamPower|Coking;workshop=;productivity=-207.64;territory=1749]"
1018806,1019406,Fast,"Building","Waiting","",2,"productivity or territory is insufficient [CokeOven:candidate=True;constructible=True;affordable=False;available=False;owned=4;upgradeTo=IndustrialCarbonizationRetort;research=SteamPower|Coking;workshop=;productivity=-210;territory=1749]"
1020006,1020006,Fast,"Building","Waiting","",1,"productivity or territory is insufficient [CokeOven:candidate=True;constructible=True;affordable=False;available=False;owned=4;upgradeTo=IndustrialCarbonizationRetort;research=SteamPower|Coking;workshop=;productivity=-212.36;territory=1749]"
1020606,1021206,Fast,"Building","Waiting","",2,"productivity or territory is insufficient [CokeOven:candidate=True;constructible=True;affordable=False;available=False;owned=4;upgradeTo=IndustrialCarbonizationRetort;research=SteamPower|Coking;workshop=;productivity=-214.72;territory=1749]"
1021806,1023606,Fast,"Building","Waiting","",4,"productivity or territory is insufficient [CokeOven:candidate=True;constructible=True;affordable=False;available=False;owned=4;upgradeTo=IndustrialCarbonizationRetort;research=SteamPower|Coking;workshop=;productivity=-217.08;territory=1749]"
1024206,1028406,Fast,"Building","Waiting","",8,"productivity or territory is insufficient [CokeOven:candidate=True;constructible=True;affordable=False;available=False;owned=4;upgradeTo=IndustrialCarbonizationRetort;research=SteamPower|Coking;workshop=;productivity=-219.44;territory=1749]"
1029006,1029006,Fast,"Building","Waiting","",1,"productivity or territory is insufficient [CokeOven:candidate=True;constructible=True;affordable=False;available=False;owned=4;upgradeTo=IndustrialCarbonizationRetort;research=SteamPower|Coking;workshop=;productivity=-221.8;territory=1749]"
1029606,1029606,Fast,"Building","Waiting","",1,"productivity or territory is insufficient [CokeOven:candidate=True;constructible=True;affordable=False;available=False;owned=4;upgradeTo=IndustrialCarbonizationRetort;research=SteamPower|Coking;workshop=;productivity=0.04;territory=1749]"
1030206,1030206,Fast,"Building","Waiting","",1,"productivity or territory is insufficient [CokeOven:candidate=True;constructible=True;affordable=False;available=False;owned=4;upgradeTo=IndustrialCarbonizationRetort;research=SteamPower|Coking;workshop=;productivity=-35.36;territory=1749]"
1030806,1030806,Fast,"Building","Waiting","",1,"productivity or territory is insufficient [CokeOven:candidate=True;constructible=True;affordable=False;available=False;owned=4;upgradeTo=IndustrialCarbonizationRetort;research=SteamPower|Coking;workshop=;productivity=-66.04;territory=1749]"
1031406,1031406,Fast,"Building","Waiting","",1,"productivity or territory is insufficient [CokeOven:candidate=True;constructible=True;affordable=False;available=False;owned=4;upgradeTo=IndustrialCarbonizationRetort;research=SteamPower|Coking;workshop=;productivity=-92;territory=1749]"
1032006,1032006,Fast,"Building","Waiting","",1,"productivity or territory is insufficient [CokeOven:candidate=True;constructible=True;affordable=False;available=False;owned=4;upgradeTo=IndustrialCarbonizationRetort;research=SteamPower|Coking;workshop=;productivity=-113.24;territory=1749]"
1032606,1032606,Fast,"Building","Waiting","",1,"productivity or territory is insufficient [CokeOven:candidate=True;constructible=True;affordable=False;available=False;owned=4;upgradeTo=IndustrialCarbonizationRetort;research=SteamPower|Coking;workshop=;productivity=-132.12;territory=1749]"
1033206,1033206,Fast,"Building","Waiting","",1,"productivity or territory is insufficient [CokeOven:candidate=True;constructible=True;affordable=False;available=False;owned=4;upgradeTo=IndustrialCarbonizationRetort;research=SteamPower|Coking;workshop=;productivity=-146.28;territory=1749]"
1033806,1033806,Fast,"Building","Waiting","",1,"productivity or territory is insufficient [CokeOven:candidate=True;constructible=True;affordable=False;available=False;owned=4;upgradeTo=IndustrialCarbonizationRetort;research=SteamPower|Coking;workshop=;productivity=-158.08;territory=1749]"
1034406,1034406,Fast,"Building","Waiting","",1,"productivity or territory is insufficient [CokeOven:candidate=True;constructible=True;affordable=False;available=False;owned=4;upgradeTo=IndustrialCarbonizationRetort;research=SteamPower|Coking;workshop=;productivity=-169.88;territory=1749]"
1035006,1035006,Fast,"Building","Waiting","",1,"productivity or territory is insufficient [CokeOven:candidate=True;constructible=True;affordable=False;available=False;owned=4;upgradeTo=IndustrialCarbonizationRetort;research=SteamPower|Coking;workshop=;productivity=-176.96;territory=1749]"
1035606,1035606,Fast,"Building","Waiting","",1,"productivity or territory is insufficient [CokeOven:candidate=True;constructible=True;affordable=False;available=False;owned=4;upgradeTo=IndustrialCarbonizationRetort;research=SteamPower|Coking;workshop=;productivity=-186.4;territory=1749]"
1036206,1036206,Fast,"Building","Waiting","",1,"productivity or territory is insufficient [CokeOven:candidate=True;constructible=True;affordable=False;available=False;owned=4;upgradeTo=IndustrialCarbonizationRetort;research=SteamPower|Coking;workshop=;productivity=-191.12;territory=1749]"
1036806,1036806,Fast,"Building","Waiting","",1,"productivity or territory is insufficient [CokeOven:candidate=True;constructible=True;affordable=False;available=False;owned=4;upgradeTo=IndustrialCarbonizationRetort;research=SteamPower|Coking;workshop=;productivity=-195.84;territory=1749]"
1037406,1037406,Fast,"Building","Waiting","",1,"productivity or territory is insufficient [CokeOven:candidate=True;constructible=True;affordable=False;available=False;owned=4;upgradeTo=IndustrialCarbonizationRetort;research=SteamPower|Coking;workshop=;productivity=-200.56;territory=1749]"
1038006,1038006,Fast,"Building","Waiting","",1,"productivity or territory is insufficient [CokeOven:candidate=True;constructible=True;affordable=False;available=False;owned=4;upgradeTo=IndustrialCarbonizationRetort;research=SteamPower|Coking;workshop=;productivity=-202.92;territory=1749]"
1038606,1038606,Fast,"Building","Waiting","",1,"productivity or territory is insufficient [CokeOven:candidate=True;constructible=True;affordable=False;available=False;owned=4;upgradeTo=IndustrialCarbonizationRetort;research=SteamPower|Coking;workshop=;productivity=-207.64;territory=1749]"
1039206,1039806,Fast,"Building","Waiting","",2,"productivity or territory is insufficient [CokeOven:candidate=True;constructible=True;affordable=False;available=False;owned=4;upgradeTo=IndustrialCarbonizationRetort;research=SteamPower|Coking;workshop=;productivity=-210;territory=1749]"
1040406,1040406,Fast,"Building","Waiting","",1,"productivity or territory is insufficient [CokeOven:candidate=True;constructible=True;affordable=False;available=False;owned=4;upgradeTo=IndustrialCarbonizationRetort;research=SteamPower|Coking;workshop=;productivity=-212.36;territory=1749]"
1041006,1041606,Fast,"Building","Waiting","",2,"productivity or territory is insufficient [CokeOven:candidate=True;constructible=True;affordable=False;available=False;owned=4;upgradeTo=IndustrialCarbonizationRetort;research=SteamPower|Coking;workshop=;productivity=-214.72;territory=1749]"
1042206,1044006,Fast,"Building","Waiting","",4,"productivity or territory is insufficient [CokeOven:candidate=True;constructible=True;affordable=False;available=False;owned=4;upgradeTo=IndustrialCarbonizationRetort;research=SteamPower|Coking;workshop=;productivity=-217.08;territory=1749]"
1044606,1048806,Fast,"Building","Waiting","",8,"productivity or territory is insufficient [CokeOven:candidate=True;constructible=True;affordable=False;available=False;owned=4;upgradeTo=IndustrialCarbonizationRetort;research=SteamPower|Coking;workshop=;productivity=-219.44;territory=1749]"
1049406,1049406,Fast,"Building","Waiting","",1,"productivity or territory is insufficient [CokeOven:candidate=True;constructible=True;affordable=False;available=False;owned=4;upgradeTo=IndustrialCarbonizationRetort;research=SteamPower|Coking;workshop=;productivity=-221.8;territory=1749]"
1050006,1050006,Fast,"Building","Waiting","",1,"productivity or territory is insufficient [CokeOven:candidate=True;constructible=True;affordable=False;available=False;owned=4;upgradeTo=IndustrialCarbonizationRetort;research=SteamPower|Coking;workshop=;productivity=0.04;territory=1749]"
1050606,1050606,Fast,"Building","Waiting","",1,"productivity or territory is insufficient [CokeOven:candidate=True;constructible=True;affordable=False;available=False;owned=4;upgradeTo=IndustrialCarbonizationRetort;research=SteamPower|Coking;workshop=;productivity=-35.36;territory=1749]"
1051206,1051206,Fast,"Building","Waiting","",1,"productivity or territory is insufficient [CokeOven:candidate=True;constructible=True;affordable=False;available=False;owned=4;upgradeTo=IndustrialCarbonizationRetort;research=SteamPower|Coking;workshop=;productivity=-66.04;territory=1749]"
1051806,1051806,Fast,"Building","Waiting","",1,"productivity or territory is insufficient [CokeOven:candidate=True;constructible=True;affordable=False;available=False;owned=4;upgradeTo=IndustrialCarbonizationRetort;research=SteamPower|Coking;workshop=;productivity=-92;territory=1749]"
1052406,1052406,Fast,"Building","Waiting","",1,"productivity or territory is insufficient [CokeOven:candidate=True;constructible=True;affordable=False;available=False;owned=4;upgradeTo=IndustrialCarbonizationRetort;research=SteamPower|Coking;workshop=;productivity=-113.24;territory=1749]"
1053006,1053006,Fast,"Building","Waiting","",1,"productivity or territory is insufficient [CokeOven:candidate=True;constructible=True;affordable=False;available=False;owned=4;upgradeTo=IndustrialCarbonizationRetort;research=SteamPower|Coking;workshop=;productivity=-132.12;territory=1749]"
1053606,1053606,Fast,"Building","Waiting","",1,"productivity or territory is insufficient [CokeOven:candidate=True;constructible=True;affordable=False;available=False;owned=4;upgradeTo=IndustrialCarbonizationRetort;research=SteamPower|Coking;workshop=;productivity=-146.28;territory=1749]"
1054206,1054206,Fast,"Building","Waiting","",1,"productivity or territory is insufficient [CokeOven:candidate=True;constructible=True;affordable=False;available=False;owned=4;upgradeTo=IndustrialCarbonizationRetort;research=SteamPower|Coking;workshop=;productivity=-158.08;territory=1749]"
1054806,1054806,Fast,"Building","Waiting","",1,"productivity or territory is insufficient [CokeOven:candidate=True;constructible=True;affordable=False;available=False;owned=4;upgradeTo=IndustrialCarbonizationRetort;research=SteamPower|Coking;workshop=;productivity=-169.88;territory=1749]"
1055406,1055406,Fast,"Building","Waiting","",1,"productivity or territory is insufficient [CokeOven:candidate=True;constructible=True;affordable=False;available=False;owned=4;upgradeTo=IndustrialCarbonizationRetort;research=SteamPower|Coking;workshop=;productivity=-176.96;territory=1749]"
1056006,1056006,Fast,"Building","Waiting","",1,"productivity or territory is insufficient [CokeOven:candidate=True;constructible=True;affordable=False;available=False;owned=4;upgradeTo=IndustrialCarbonizationRetort;research=SteamPower|Coking;workshop=;productivity=-186.4;territory=1749]"
1056606,1056606,Fast,"Building","Waiting","",1,"productivity or territory is insufficient [CokeOven:candidate=True;constructible=True;affordable=False;available=False;owned=4;upgradeTo=IndustrialCarbonizationRetort;research=SteamPower|Coking;workshop=;productivity=-191.12;territory=1749]"
1057206,1057206,Fast,"Building","Waiting","",1,"productivity or territory is insufficient [CokeOven:candidate=True;constructible=True;affordable=False;available=False;owned=4;upgradeTo=IndustrialCarbonizationRetort;research=SteamPower|Coking;workshop=;productivity=-195.84;territory=1749]"
1057806,1057806,Fast,"Building","Waiting","",1,"productivity or territory is insufficient [CokeOven:candidate=True;constructible=True;affordable=False;available=False;owned=4;upgradeTo=IndustrialCarbonizationRetort;research=SteamPower|Coking;workshop=;productivity=-200.56;territory=1749]"
1058406,1058406,Fast,"Building","Waiting","",1,"productivity or territory is insufficient [CokeOven:candidate=True;constructible=True;affordable=False;available=False;owned=4;upgradeTo=IndustrialCarbonizationRetort;research=SteamPower|Coking;workshop=;productivity=-202.92;territory=1749]"
1059006,1059006,Fast,"Building","Waiting","",1,"productivity or territory is insufficient [CokeOven:candidate=True;constructible=True;affordable=False;available=False;owned=4;upgradeTo=IndustrialCarbonizationRetort;research=SteamPower|Coking;workshop=;productivity=-207.64;territory=1749]"
1059606,1060206,Fast,"Building","Waiting","",2,"productivity or territory is insufficient [CokeOven:candidate=True;constructible=True;affordable=False;available=False;owned=4;upgradeTo=IndustrialCarbonizationRetort;research=SteamPower|Coking;workshop=;productivity=-210;territory=1749]"
1060806,1060806,Fast,"Building","Waiting","",1,"productivity or territory is insufficient [CokeOven:candidate=True;constructible=True;affordable=False;available=False;owned=4;upgradeTo=IndustrialCarbonizationRetort;research=SteamPower|Coking;workshop=;productivity=-212.36;territory=1749]"
1061406,1062006,Fast,"Building","Waiting","",2,"productivity or territory is insufficient [CokeOven:candidate=True;constructible=True;affordable=False;available=False;owned=4;upgradeTo=IndustrialCarbonizationRetort;research=SteamPower|Coking;workshop=;productivity=-214.72;territory=1749]"
1062606,1064406,Fast,"Building","Waiting","",4,"productivity or territory is insufficient [CokeOven:candidate=True;constructible=True;affordable=False;available=False;owned=4;upgradeTo=IndustrialCarbonizationRetort;research=SteamPower|Coking;workshop=;productivity=-217.08;territory=1749]"
1065006,1069206,Fast,"Building","Waiting","",8,"productivity or territory is insufficient [CokeOven:candidate=True;constructible=True;affordable=False;available=False;owned=4;upgradeTo=IndustrialCarbonizationRetort;research=SteamPower|Coking;workshop=;productivity=-219.44;territory=1749]"
1069806,1069806,Fast,"Building","Waiting","",1,"productivity or territory is insufficient [CokeOven:candidate=True;constructible=True;affordable=False;available=False;owned=4;upgradeTo=IndustrialCarbonizationRetort;research=SteamPower|Coking;workshop=;productivity=-221.8;territory=1749]"
1070406,1070406,Fast,"Building","Waiting","",1,"productivity or territory is insufficient [CokeOven:candidate=True;constructible=True;affordable=False;available=False;owned=4;upgradeTo=IndustrialCarbonizationRetort;research=SteamPower|Coking;workshop=;productivity=0.04;territory=1749]"
1071006,1071006,Fast,"Building","Waiting","",1,"productivity or territory is insufficient [CokeOven:candidate=True;constructible=True;affordable=False;available=False;owned=4;upgradeTo=IndustrialCarbonizationRetort;research=SteamPower|Coking;workshop=;productivity=-35.36;territory=1749]"
1071606,1071606,Fast,"Building","Waiting","",1,"productivity or territory is insufficient [CokeOven:candidate=True;constructible=True;affordable=False;available=False;owned=4;upgradeTo=IndustrialCarbonizationRetort;research=SteamPower|Coking;workshop=;productivity=-66.04;territory=1749]"
1072206,1072206,Fast,"Building","Waiting","",1,"productivity or territory is insufficient [CokeOven:candidate=True;constructible=True;affordable=False;available=False;owned=4;upgradeTo=IndustrialCarbonizationRetort;research=SteamPower|Coking;workshop=;productivity=-92;territory=1749]"
1072806,1072806,Fast,"Building","Waiting","",1,"productivity or territory is insufficient [CokeOven:candidate=True;constructible=True;affordable=False;available=False;owned=4;upgradeTo=IndustrialCarbonizationRetort;research=SteamPower|Coking;workshop=;productivity=-113.24;territory=1749]"
1073406,1073406,Fast,"Building","Waiting","",1,"productivity or territory is insufficient [CokeOven:candidate=True;constructible=True;affordable=False;available=False;owned=4;upgradeTo=IndustrialCarbonizationRetort;research=SteamPower|Coking;workshop=;productivity=-132.12;territory=1749]"
1074006,1074006,Fast,"Building","Waiting","",1,"productivity or territory is insufficient [CokeOven:candidate=True;constructible=True;affordable=False;available=False;owned=4;upgradeTo=IndustrialCarbonizationRetort;research=SteamPower|Coking;workshop=;productivity=-146.28;territory=1749]"
1074606,1074606,Fast,"Building","Waiting","",1,"productivity or territory is insufficient [CokeOven:candidate=True;constructible=True;affordable=False;available=False;owned=4;upgradeTo=IndustrialCarbonizationRetort;research=SteamPower|Coking;workshop=;productivity=-158.08;territory=1749]"
1075206,1075206,Fast,"Building","Waiting","",1,"productivity or territory is insufficient [CokeOven:candidate=True;constructible=True;affordable=False;available=False;owned=4;upgradeTo=IndustrialCarbonizationRetort;research=SteamPower|Coking;workshop=;productivity=-169.88;territory=1749]"
1075806,1075806,Fast,"Building","Waiting","",1,"productivity or territory is insufficient [CokeOven:candidate=True;constructible=True;affordable=False;available=False;owned=4;upgradeTo=IndustrialCarbonizationRetort;research=SteamPower|Coking;workshop=;productivity=-176.96;territory=1749]"
1076406,1076406,Fast,"Building","Waiting","",1,"productivity or territory is insufficient [CokeOven:candidate=True;constructible=True;affordable=False;available=False;owned=4;upgradeTo=IndustrialCarbonizationRetort;research=SteamPower|Coking;workshop=;productivity=-186.4;territory=1749]"
1077006,1077006,Fast,"Building","Waiting","",1,"productivity or territory is insufficient [CokeOven:candidate=True;constructible=True;affordable=False;available=False;owned=4;upgradeTo=IndustrialCarbonizationRetort;research=SteamPower|Coking;workshop=;productivity=-191.12;territory=1749]"
1077606,1077606,Fast,"Building","Waiting","",1,"productivity or territory is insufficient [CokeOven:candidate=True;constructible=True;affordable=False;available=False;owned=4;upgradeTo=IndustrialCarbonizationRetort;research=SteamPower|Coking;workshop=;productivity=-195.84;territory=1749]"
1078206,1078206,Fast,"Building","Waiting","",1,"productivity or territory is insufficient [CokeOven:candidate=True;constructible=True;affordable=False;available=False;owned=4;upgradeTo=IndustrialCarbonizationRetort;research=SteamPower|Coking;workshop=;productivity=-200.56;territory=1749]"
1078806,1078806,Fast,"Building","Waiting","",1,"productivity or territory is insufficient [CokeOven:candidate=True;constructible=True;affordable=False;available=False;owned=4;upgradeTo=IndustrialCarbonizationRetort;research=SteamPower|Coking;workshop=;productivity=-202.92;territory=1749]"
1079406,1079406,Fast,"Building","Waiting","",1,"productivity or territory is insufficient [CokeOven:candidate=True;constructible=True;affordable=False;available=False;owned=4;upgradeTo=IndustrialCarbonizationRetort;research=SteamPower|Coking;workshop=;productivity=-207.64;territory=1749]"
1080006,1080606,Fast,"Building","Waiting","",2,"productivity or territory is insufficient [CokeOven:candidate=True;constructible=True;affordable=False;available=False;owned=4;upgradeTo=IndustrialCarbonizationRetort;research=SteamPower|Coking;workshop=;productivity=-210;territory=1749]"
1081206,1081206,Fast,"Building","Waiting","",1,"productivity or territory is insufficient [CokeOven:candidate=True;constructible=True;affordable=False;available=False;owned=4;upgradeTo=IndustrialCarbonizationRetort;research=SteamPower|Coking;workshop=;productivity=-212.36;territory=1749]"
1081806,1082406,Fast,"Building","Waiting","",2,"productivity or territory is insufficient [CokeOven:candidate=True;constructible=True;affordable=False;available=False;owned=4;upgradeTo=IndustrialCarbonizationRetort;research=SteamPower|Coking;workshop=;productivity=-214.72;territory=1749]"
1083006,1084806,Fast,"Building","Waiting","",4,"productivity or territory is insufficient [CokeOven:candidate=True;constructible=True;affordable=False;available=False;owned=4;upgradeTo=IndustrialCarbonizationRetort;research=SteamPower|Coking;workshop=;productivity=-217.08;territory=1749]"
1085406,1089606,Fast,"Building","Waiting","",8,"productivity or territory is insufficient [CokeOven:candidate=True;constructible=True;affordable=False;available=False;owned=4;upgradeTo=IndustrialCarbonizationRetort;research=SteamPower|Coking;workshop=;productivity=-219.44;territory=1749]"
1090206,1090206,Fast,"Building","Waiting","",1,"productivity or territory is insufficient [CokeOven:candidate=True;constructible=True;affordable=False;available=False;owned=4;upgradeTo=IndustrialCarbonizationRetort;research=SteamPower|Coking;workshop=;productivity=-221.8;territory=1749]"
1090806,1090806,Fast,"Building","Waiting","",1,"productivity or territory is insufficient [CokeOven:candidate=True;constructible=True;affordable=False;available=False;owned=4;upgradeTo=IndustrialCarbonizationRetort;research=SteamPower|Coking;workshop=;productivity=0.04;territory=1749]"
1091406,1091406,Fast,"Building","Waiting","",1,"productivity or territory is insufficient [CokeOven:candidate=True;constructible=True;affordable=False;available=False;owned=4;upgradeTo=IndustrialCarbonizationRetort;research=SteamPower|Coking;workshop=;productivity=-35.36;territory=1749]"
1092006,1092006,Fast,"Building","Waiting","",1,"productivity or territory is insufficient [CokeOven:candidate=True;constructible=True;affordable=False;available=False;owned=4;upgradeTo=IndustrialCarbonizationRetort;research=SteamPower|Coking;workshop=;productivity=-66.04;territory=1749]"
1092606,1092606,Fast,"Building","Waiting","",1,"productivity or territory is insufficient [CokeOven:candidate=True;constructible=True;affordable=False;available=False;owned=4;upgradeTo=IndustrialCarbonizationRetort;research=SteamPower|Coking;workshop=;productivity=-92;territory=1749]"
1093206,1093206,Fast,"Building","Waiting","",1,"productivity or territory is insufficient [CokeOven:candidate=True;constructible=True;affordable=False;available=False;owned=4;upgradeTo=IndustrialCarbonizationRetort;research=SteamPower|Coking;workshop=;productivity=-113.24;territory=1749]"
1093806,1093806,Fast,"Building","Waiting","",1,"productivity or territory is insufficient [CokeOven:candidate=True;constructible=True;affordable=False;available=False;owned=4;upgradeTo=IndustrialCarbonizationRetort;research=SteamPower|Coking;workshop=;productivity=-132.12;territory=1749]"
1094406,1094406,Fast,"Building","Waiting","",1,"productivity or territory is insufficient [CokeOven:candidate=True;constructible=True;affordable=False;available=False;owned=4;upgradeTo=IndustrialCarbonizationRetort;research=SteamPower|Coking;workshop=;productivity=-146.28;territory=1749]"
1095006,1095006,Fast,"Building","Waiting","",1,"productivity or territory is insufficient [CokeOven:candidate=True;constructible=True;affordable=False;available=False;owned=4;upgradeTo=IndustrialCarbonizationRetort;research=SteamPower|Coking;workshop=;productivity=-158.08;territory=1749]"
1095606,1095606,Fast,"Building","Waiting","",1,"productivity or territory is insufficient [CokeOven:candidate=True;constructible=True;affordable=False;available=False;owned=4;upgradeTo=IndustrialCarbonizationRetort;research=SteamPower|Coking;workshop=;productivity=-169.88;territory=1749]"
1096206,1096206,Fast,"Building","Waiting","",1,"productivity or territory is insufficient [CokeOven:candidate=True;constructible=True;affordable=False;available=False;owned=4;upgradeTo=IndustrialCarbonizationRetort;research=SteamPower|Coking;workshop=;productivity=-176.96;territory=1749]"
1096806,1096806,Fast,"Building","Waiting","",1,"productivity or territory is insufficient [CokeOven:candidate=True;constructible=True;affordable=False;available=False;owned=4;upgradeTo=IndustrialCarbonizationRetort;research=SteamPower|Coking;workshop=;productivity=-186.4;territory=1749]"
1097406,1097406,Fast,"Building","Waiting","",1,"productivity or territory is insufficient [CokeOven:candidate=True;constructible=True;affordable=False;available=False;owned=4;upgradeTo=IndustrialCarbonizationRetort;research=SteamPower|Coking;workshop=;productivity=-191.12;territory=1749]"
1098006,1098006,Fast,"Building","Waiting","",1,"productivity or territory is insufficient [CokeOven:candidate=True;constructible=True;affordable=False;available=False;owned=4;upgradeTo=IndustrialCarbonizationRetort;research=SteamPower|Coking;workshop=;productivity=-195.84;territory=1749]"
1098606,1098606,Fast,"Building","Waiting","",1,"productivity or territory is insufficient [CokeOven:candidate=True;constructible=True;affordable=False;available=False;owned=4;upgradeTo=IndustrialCarbonizationRetort;research=SteamPower|Coking;workshop=;productivity=-200.56;territory=1749]"
1099206,1099206,Fast,"Building","Waiting","",1,"productivity or territory is insufficient [CokeOven:candidate=True;constructible=True;affordable=False;available=False;owned=4;upgradeTo=IndustrialCarbonizationRetort;research=SteamPower|Coking;workshop=;productivity=-202.92;territory=1749]"
1099806,1099806,Fast,"Building","Waiting","",1,"productivity or territory is insufficient [CokeOven:candidate=True;constructible=True;affordable=False;available=False;owned=4;upgradeTo=IndustrialCarbonizationRetort;research=SteamPower|Coking;workshop=;productivity=-207.64;territory=1749]"
1100406,1101006,Fast,"Building","Waiting","",2,"productivity or territory is insufficient [CokeOven:candidate=True;constructible=True;affordable=False;available=False;owned=4;upgradeTo=IndustrialCarbonizationRetort;research=SteamPower|Coking;workshop=;productivity=-210;territory=1749]"
1101606,1101606,Fast,"Building","Waiting","",1,"productivity or territory is insufficient [CokeOven:candidate=True;constructible=True;affordable=False;available=False;owned=4;upgradeTo=IndustrialCarbonizationRetort;research=SteamPower|Coking;workshop=;productivity=-212.36;territory=1749]"
1102206,1102806,Fast,"Building","Waiting","",2,"productivity or territory is insufficient [CokeOven:candidate=True;constructible=True;affordable=False;available=False;owned=4;upgradeTo=IndustrialCarbonizationRetort;research=SteamPower|Coking;workshop=;productivity=-214.72;territory=1749]"
1103406,1105206,Fast,"Building","Waiting","",4,"productivity or territory is insufficient [CokeOven:candidate=True;constructible=True;affordable=False;available=False;owned=4;upgradeTo=IndustrialCarbonizationRetort;research=SteamPower|Coking;workshop=;productivity=-217.08;territory=1749]"
1105806,1110006,Fast,"Building","Waiting","",8,"productivity or territory is insufficient [CokeOven:candidate=True;constructible=True;affordable=False;available=False;owned=4;upgradeTo=IndustrialCarbonizationRetort;research=SteamPower|Coking;workshop=;productivity=-219.44;territory=1749]"
1110606,1110606,Fast,"Building","Waiting","",1,"productivity or territory is insufficient [CokeOven:candidate=True;constructible=True;affordable=False;available=False;owned=4;upgradeTo=IndustrialCarbonizationRetort;research=SteamPower|Coking;workshop=;productivity=-221.8;territory=1749]"
1111206,1111206,Fast,"Building","Waiting","",1,"productivity or territory is insufficient [CokeOven:candidate=True;constructible=True;affordable=False;available=False;owned=4;upgradeTo=IndustrialCarbonizationRetort;research=SteamPower|Coking;workshop=;productivity=0.04;territory=1749]"
1111806,1111806,Fast,"Building","Waiting","",1,"productivity or territory is insufficient [CokeOven:candidate=True;constructible=True;affordable=False;available=False;owned=4;upgradeTo=IndustrialCarbonizationRetort;research=SteamPower|Coking;workshop=;productivity=-35.36;territory=1749]"
1112406,1112406,Fast,"Building","Waiting","",1,"productivity or territory is insufficient [CokeOven:candidate=True;constructible=True;affordable=False;available=False;owned=4;upgradeTo=IndustrialCarbonizationRetort;research=SteamPower|Coking;workshop=;productivity=-66.04;territory=1749]"
1113006,1113006,Fast,"Building","Waiting","",1,"productivity or territory is insufficient [CokeOven:candidate=True;constructible=True;affordable=False;available=False;owned=4;upgradeTo=IndustrialCarbonizationRetort;research=SteamPower|Coking;workshop=;productivity=-92;territory=1749]"
1113606,1113606,Fast,"Building","Waiting","",1,"productivity or territory is insufficient [CokeOven:candidate=True;constructible=True;affordable=False;available=False;owned=4;upgradeTo=IndustrialCarbonizationRetort;research=SteamPower|Coking;workshop=;productivity=-113.24;territory=1749]"
1114206,1114206,Fast,"Building","Waiting","",1,"productivity or territory is insufficient [CokeOven:candidate=True;constructible=True;affordable=False;available=False;owned=4;upgradeTo=IndustrialCarbonizationRetort;research=SteamPower|Coking;workshop=;productivity=-132.12;territory=1749]"
1114806,1114806,Fast,"Building","Waiting","",1,"productivity or territory is insufficient [CokeOven:candidate=True;constructible=True;affordable=False;available=False;owned=4;upgradeTo=IndustrialCarbonizationRetort;research=SteamPower|Coking;workshop=;productivity=-146.28;territory=1749]"
1115406,1115406,Fast,"Building","Waiting","",1,"productivity or territory is insufficient [CokeOven:candidate=True;constructible=True;affordable=False;available=False;owned=4;upgradeTo=IndustrialCarbonizationRetort;research=SteamPower|Coking;workshop=;productivity=-158.08;territory=1749]"
1116006,1116006,Fast,"Building","Waiting","",1,"productivity or territory is insufficient [CokeOven:candidate=True;constructible=True;affordable=False;available=False;owned=4;upgradeTo=IndustrialCarbonizationRetort;research=SteamPower|Coking;workshop=;productivity=-169.88;territory=1749]"
1116606,1116606,Fast,"Building","Waiting","",1,"productivity or territory is insufficient [CokeOven:candidate=True;constructible=True;affordable=False;available=False;owned=4;upgradeTo=IndustrialCarbonizationRetort;research=SteamPower|Coking;workshop=;productivity=-176.96;territory=1749]"
1117206,1117206,Fast,"Building","Waiting","",1,"productivity or territory is insufficient [CokeOven:candidate=True;constructible=True;affordable=False;available=False;owned=4;upgradeTo=IndustrialCarbonizationRetort;research=SteamPower|Coking;workshop=;productivity=-186.4;territory=1749]"
1117806,1117806,Fast,"Building","Waiting","",1,"productivity or territory is insufficient [CokeOven:candidate=True;constructible=True;affordable=False;available=False;owned=4;upgradeTo=IndustrialCarbonizationRetort;research=SteamPower|Coking;workshop=;productivity=-191.12;territory=1749]"
1118406,1118406,Fast,"Building","Waiting","",1,"productivity or territory is insufficient [CokeOven:candidate=True;constructible=True;affordable=False;available=False;owned=4;upgradeTo=IndustrialCarbonizationRetort;research=SteamPower|Coking;workshop=;productivity=-195.84;territory=1749]"
1119006,1119006,Fast,"Building","Waiting","",1,"productivity or territory is insufficient [CokeOven:candidate=True;constructible=True;affordable=False;available=False;owned=4;upgradeTo=IndustrialCarbonizationRetort;research=SteamPower|Coking;workshop=;productivity=-200.56;territory=1749]"
1119606,1119606,Fast,"Building","Waiting","",1,"productivity or territory is insufficient [CokeOven:candidate=True;constructible=True;affordable=False;available=False;owned=4;upgradeTo=IndustrialCarbonizationRetort;research=SteamPower|Coking;workshop=;productivity=-202.92;territory=1749]"
1120206,1120206,Fast,"Building","Waiting","",1,"productivity or territory is insufficient [CokeOven:candidate=True;constructible=True;affordable=False;available=False;owned=4;upgradeTo=IndustrialCarbonizationRetort;research=SteamPower|Coking;workshop=;productivity=-207.64;territory=1749]"
1120806,1121406,Fast,"Building","Waiting","",2,"productivity or territory is insufficient [CokeOven:candidate=True;constructible=True;affordable=False;available=False;owned=4;upgradeTo=IndustrialCarbonizationRetort;research=SteamPower|Coking;workshop=;productivity=-210;territory=1749]"
1122006,1122006,Fast,"Building","Waiting","",1,"productivity or territory is insufficient [CokeOven:candidate=True;constructible=True;affordable=False;available=False;owned=4;upgradeTo=IndustrialCarbonizationRetort;research=SteamPower|Coking;workshop=;productivity=-212.36;territory=1749]"
1122606,1123206,Fast,"Building","Waiting","",2,"productivity or territory is insufficient [CokeOven:candidate=True;constructible=True;affordable=False;available=False;owned=4;upgradeTo=IndustrialCarbonizationRetort;research=SteamPower|Coking;workshop=;productivity=-214.72;territory=1749]"
1123806,1125606,Fast,"Building","Waiting","",4,"productivity or territory is insufficient [CokeOven:candidate=True;constructible=True;affordable=False;available=False;owned=4;upgradeTo=IndustrialCarbonizationRetort;research=SteamPower|Coking;workshop=;productivity=-217.08;territory=1749]"
1126206,1130406,Fast,"Building","Waiting","",8,"productivity or territory is insufficient [CokeOven:candidate=True;constructible=True;affordable=False;available=False;owned=4;upgradeTo=IndustrialCarbonizationRetort;research=SteamPower|Coking;workshop=;productivity=-219.44;territory=1749]"
1131006,1131006,Fast,"Building","Waiting","",1,"productivity or territory is insufficient [CokeOven:candidate=True;constructible=True;affordable=False;available=False;owned=4;upgradeTo=IndustrialCarbonizationRetort;research=SteamPower|Coking;workshop=;productivity=-221.8;territory=1749]"
1131606,1131606,Fast,"Building","Waiting","",1,"productivity or territory is insufficient [CokeOven:candidate=True;constructible=True;affordable=False;available=False;owned=4;upgradeTo=IndustrialCarbonizationRetort;research=SteamPower|Coking;workshop=;productivity=0.04;territory=1749]"
1132206,1132206,Fast,"Building","Waiting","",1,"productivity or territory is insufficient [CokeOven:candidate=True;constructible=True;affordable=False;available=False;owned=4;upgradeTo=IndustrialCarbonizationRetort;research=SteamPower|Coking;workshop=;productivity=-35.36;territory=1749]"
1132806,1132806,Fast,"Building","Waiting","",1,"productivity or territory is insufficient [CokeOven:candidate=True;constructible=True;affordable=False;available=False;owned=4;upgradeTo=IndustrialCarbonizationRetort;research=SteamPower|Coking;workshop=;productivity=-66.04;territory=1749]"
1133406,1133406,Fast,"Building","Waiting","",1,"productivity or territory is insufficient [CokeOven:candidate=True;constructible=True;affordable=False;available=False;owned=4;upgradeTo=IndustrialCarbonizationRetort;research=SteamPower|Coking;workshop=;productivity=-92;territory=1749]"
1134006,1134006,Fast,"Building","Waiting","",1,"productivity or territory is insufficient [CokeOven:candidate=True;constructible=True;affordable=False;available=False;owned=4;upgradeTo=IndustrialCarbonizationRetort;research=SteamPower|Coking;workshop=;productivity=-113.24;territory=1749]"
1134606,1134606,Fast,"Building","Waiting","",1,"productivity or territory is insufficient [CokeOven:candidate=True;constructible=True;affordable=False;available=False;owned=4;upgradeTo=IndustrialCarbonizationRetort;research=SteamPower|Coking;workshop=;productivity=-132.12;territory=1749]"
1135206,1135206,Fast,"Building","Waiting","",1,"productivity or territory is insufficient [CokeOven:candidate=True;constructible=True;affordable=False;available=False;owned=4;upgradeTo=IndustrialCarbonizationRetort;research=SteamPower|Coking;workshop=;productivity=-146.28;territory=1749]"
1135806,1135806,Fast,"Building","Waiting","",1,"productivity or territory is insufficient [CokeOven:candidate=True;constructible=True;affordable=False;available=False;owned=4;upgradeTo=IndustrialCarbonizationRetort;research=SteamPower|Coking;workshop=;productivity=-158.08;territory=1749]"
1136406,1136406,Fast,"Building","Waiting","",1,"productivity or territory is insufficient [CokeOven:candidate=True;constructible=True;affordable=False;available=False;owned=4;upgradeTo=IndustrialCarbonizationRetort;research=SteamPower|Coking;workshop=;productivity=-169.88;territory=1749]"
1137006,1137006,Fast,"Building","Waiting","",1,"productivity or territory is insufficient [CokeOven:candidate=True;constructible=True;affordable=False;available=False;owned=4;upgradeTo=IndustrialCarbonizationRetort;research=SteamPower|Coking;workshop=;productivity=-176.96;territory=1749]"
1137606,1137606,Fast,"Building","Waiting","",1,"productivity or territory is insufficient [CokeOven:candidate=True;constructible=True;affordable=False;available=False;owned=4;upgradeTo=IndustrialCarbonizationRetort;research=SteamPower|Coking;workshop=;productivity=-186.4;territory=1749]"
1138206,1138206,Fast,"Building","Waiting","",1,"productivity or territory is insufficient [CokeOven:candidate=True;constructible=True;affordable=False;available=False;owned=4;upgradeTo=IndustrialCarbonizationRetort;research=SteamPower|Coking;workshop=;productivity=-191.12;territory=1749]"
1138806,1138806,Fast,"Building","Waiting","",1,"productivity or territory is insufficient [CokeOven:candidate=True;constructible=True;affordable=False;available=False;owned=4;upgradeTo=IndustrialCarbonizationRetort;research=SteamPower|Coking;workshop=;productivity=-195.84;territory=1749]"
1139406,1139406,Fast,"Building","Waiting","",1,"productivity or territory is insufficient [CokeOven:candidate=True;constructible=True;affordable=False;available=False;owned=4;upgradeTo=IndustrialCarbonizationRetort;research=SteamPower|Coking;workshop=;productivity=-200.56;territory=1749]"
1140006,1140006,Fast,"Building","Waiting","",1,"productivity or territory is insufficient [CokeOven:candidate=True;constructible=True;affordable=False;available=False;owned=4;upgradeTo=IndustrialCarbonizationRetort;research=SteamPower|Coking;workshop=;productivity=-202.92;territory=1749]"
1140606,1140606,Fast,"Building","Waiting","",1,"productivity or territory is insufficient [CokeOven:candidate=True;constructible=True;affordable=False;available=False;owned=4;upgradeTo=IndustrialCarbonizationRetort;research=SteamPower|Coking;workshop=;productivity=-207.64;territory=1749]"
1141206,1141806,Fast,"Building","Waiting","",2,"productivity or territory is insufficient [CokeOven:candidate=True;constructible=True;affordable=False;available=False;owned=4;upgradeTo=IndustrialCarbonizationRetort;research=SteamPower|Coking;workshop=;productivity=-210;territory=1749]"
1142406,1142406,Fast,"Building","Waiting","",1,"productivity or territory is insufficient [CokeOven:candidate=True;constructible=True;affordable=False;available=False;owned=4;upgradeTo=IndustrialCarbonizationRetort;research=SteamPower|Coking;workshop=;productivity=-212.36;territory=1749]"
1143006,1143606,Fast,"Building","Waiting","",2,"productivity or territory is insufficient [CokeOven:candidate=True;constructible=True;affordable=False;available=False;owned=4;upgradeTo=IndustrialCarbonizationRetort;research=SteamPower|Coking;workshop=;productivity=-214.72;territory=1749]"
1144206,1146006,Fast,"Building","Waiting","",4,"productivity or territory is insufficient [CokeOven:candidate=True;constructible=True;affordable=False;available=False;owned=4;upgradeTo=IndustrialCarbonizationRetort;research=SteamPower|Coking;workshop=;productivity=-217.08;territory=1749]"
1146606,1150806,Fast,"Building","Waiting","",8,"productivity or territory is insufficient [CokeOven:candidate=True;constructible=True;affordable=False;available=False;owned=4;upgradeTo=IndustrialCarbonizationRetort;research=SteamPower|Coking;workshop=;productivity=-219.44;territory=1749]"
1151406,1151406,Fast,"Building","Waiting","",1,"productivity or territory is insufficient [CokeOven:candidate=True;constructible=True;affordable=False;available=False;owned=4;upgradeTo=IndustrialCarbonizationRetort;research=SteamPower|Coking;workshop=;productivity=-221.8;territory=1749]"
1152006,1152006,Fast,"Building","Waiting","",1,"productivity or territory is insufficient [CokeOven:candidate=True;constructible=True;affordable=False;available=False;owned=4;upgradeTo=IndustrialCarbonizationRetort;research=SteamPower|Coking;workshop=;productivity=0.04;territory=1749]"
1152606,1152606,Fast,"Building","Waiting","",1,"productivity or territory is insufficient [CokeOven:candidate=True;constructible=True;affordable=False;available=False;owned=4;upgradeTo=IndustrialCarbonizationRetort;research=SteamPower|Coking;workshop=;productivity=-35.36;territory=1749]"
1153206,1153206,Fast,"Building","Waiting","",1,"productivity or territory is insufficient [CokeOven:candidate=True;constructible=True;affordable=False;available=False;owned=4;upgradeTo=IndustrialCarbonizationRetort;research=SteamPower|Coking;workshop=;productivity=-66.04;territory=1749]"
1153806,1153806,Fast,"Building","Waiting","",1,"productivity or territory is insufficient [CokeOven:candidate=True;constructible=True;affordable=False;available=False;owned=4;upgradeTo=IndustrialCarbonizationRetort;research=SteamPower|Coking;workshop=;productivity=-92;territory=1749]"
1154406,1154406,Fast,"Building","Waiting","",1,"productivity or territory is insufficient [CokeOven:candidate=True;constructible=True;affordable=False;available=False;owned=4;upgradeTo=IndustrialCarbonizationRetort;research=SteamPower|Coking;workshop=;productivity=-113.24;territory=1749]"
1155006,1155006,Fast,"Building","Waiting","",1,"productivity or territory is insufficient [CokeOven:candidate=True;constructible=True;affordable=False;available=False;owned=4;upgradeTo=IndustrialCarbonizationRetort;research=SteamPower|Coking;workshop=;productivity=-132.12;territory=1749]"
1155606,1155606,Fast,"Building","Waiting","",1,"productivity or territory is insufficient [CokeOven:candidate=True;constructible=True;affordable=False;available=False;owned=4;upgradeTo=IndustrialCarbonizationRetort;research=SteamPower|Coking;workshop=;productivity=-146.28;territory=1749]"
1156206,1156206,Fast,"Building","Waiting","",1,"productivity or territory is insufficient [CokeOven:candidate=True;constructible=True;affordable=False;available=False;owned=4;upgradeTo=IndustrialCarbonizationRetort;research=SteamPower|Coking;workshop=;productivity=-158.08;territory=1749]"
1156806,1156806,Fast,"Building","Waiting","",1,"productivity or territory is insufficient [CokeOven:candidate=True;constructible=True;affordable=False;available=False;owned=4;upgradeTo=IndustrialCarbonizationRetort;research=SteamPower|Coking;workshop=;productivity=-169.88;territory=1749]"
1157406,1157406,Fast,"Building","Waiting","",1,"productivity or territory is insufficient [CokeOven:candidate=True;constructible=True;affordable=False;available=False;owned=4;upgradeTo=IndustrialCarbonizationRetort;research=SteamPower|Coking;workshop=;productivity=-176.96;territory=1749]"
1158006,1158006,Fast,"Building","Waiting","",1,"productivity or territory is insufficient [CokeOven:candidate=True;constructible=True;affordable=False;available=False;owned=4;upgradeTo=IndustrialCarbonizationRetort;research=SteamPower|Coking;workshop=;productivity=-186.4;territory=1749]"
1158606,1158606,Fast,"Building","Waiting","",1,"productivity or territory is insufficient [CokeOven:candidate=True;constructible=True;affordable=False;available=False;owned=4;upgradeTo=IndustrialCarbonizationRetort;research=SteamPower|Coking;workshop=;productivity=-191.12;territory=1749]"
1159206,1159206,Fast,"Building","Waiting","",1,"productivity or territory is insufficient [CokeOven:candidate=True;constructible=True;affordable=False;available=False;owned=4;upgradeTo=IndustrialCarbonizationRetort;research=SteamPower|Coking;workshop=;productivity=-195.84;territory=1749]"
1159806,1159806,Fast,"Building","Waiting","",1,"productivity or territory is insufficient [CokeOven:candidate=True;constructible=True;affordable=False;available=False;owned=4;upgradeTo=IndustrialCarbonizationRetort;research=SteamPower|Coking;workshop=;productivity=-200.56;territory=1749]"
1160406,1160406,Fast,"Building","Waiting","",1,"productivity or territory is insufficient [CokeOven:candidate=True;constructible=True;affordable=False;available=False;owned=4;upgradeTo=IndustrialCarbonizationRetort;research=SteamPower|Coking;workshop=;productivity=-202.92;territory=1749]"
1161006,1161006,Fast,"Building","Waiting","",1,"productivity or territory is insufficient [CokeOven:candidate=True;constructible=True;affordable=False;available=False;owned=4;upgradeTo=IndustrialCarbonizationRetort;research=SteamPower|Coking;workshop=;productivity=-207.64;territory=1749]"
1161606,1162206,Fast,"Building","Waiting","",2,"productivity or territory is insufficient [CokeOven:candidate=True;constructible=True;affordable=False;available=False;owned=4;upgradeTo=IndustrialCarbonizationRetort;research=SteamPower|Coking;workshop=;productivity=-210;territory=1749]"
1162806,1162806,Fast,"Building","Waiting","",1,"productivity or territory is insufficient [CokeOven:candidate=True;constructible=True;affordable=False;available=False;owned=4;upgradeTo=IndustrialCarbonizationRetort;research=SteamPower|Coking;workshop=;productivity=-212.36;territory=1749]"
1163406,1164006,Fast,"Building","Waiting","",2,"productivity or territory is insufficient [CokeOven:candidate=True;constructible=True;affordable=False;available=False;owned=4;upgradeTo=IndustrialCarbonizationRetort;research=SteamPower|Coking;workshop=;productivity=-214.72;territory=1749]"
1164606,1166406,Fast,"Building","Waiting","",4,"productivity or territory is insufficient [CokeOven:candidate=True;constructible=True;affordable=False;available=False;owned=4;upgradeTo=IndustrialCarbonizationRetort;research=SteamPower|Coking;workshop=;productivity=-217.08;territory=1749]"
1167006,1171206,Fast,"Building","Waiting","",8,"productivity or territory is insufficient [CokeOven:candidate=True;constructible=True;affordable=False;available=False;owned=4;upgradeTo=IndustrialCarbonizationRetort;research=SteamPower|Coking;workshop=;productivity=-219.44;territory=1749]"
1171806,1171806,Fast,"Building","Waiting","",1,"productivity or territory is insufficient [CokeOven:candidate=True;constructible=True;affordable=False;available=False;owned=4;upgradeTo=IndustrialCarbonizationRetort;research=SteamPower|Coking;workshop=;productivity=-221.8;territory=1749]"
1172406,1172406,Fast,"Building","Waiting","",1,"productivity or territory is insufficient [CokeOven:candidate=True;constructible=True;affordable=False;available=False;owned=4;upgradeTo=IndustrialCarbonizationRetort;research=SteamPower|Coking;workshop=;productivity=0.04;territory=1749]"
1173006,1173006,Fast,"Building","Waiting","",1,"productivity or territory is insufficient [CokeOven:candidate=True;constructible=True;affordable=False;available=False;owned=4;upgradeTo=IndustrialCarbonizationRetort;research=SteamPower|Coking;workshop=;productivity=-35.36;territory=1749]"
1173606,1173606,Fast,"Building","Waiting","",1,"productivity or territory is insufficient [CokeOven:candidate=True;constructible=True;affordable=False;available=False;owned=4;upgradeTo=IndustrialCarbonizationRetort;research=SteamPower|Coking;workshop=;productivity=-66.04;territory=1749]"
1174206,1174206,Fast,"Building","Waiting","",1,"productivity or territory is insufficient [CokeOven:candidate=True;constructible=True;affordable=False;available=False;owned=4;upgradeTo=IndustrialCarbonizationRetort;research=SteamPower|Coking;workshop=;productivity=-92;territory=1749]"
1174806,1174806,Fast,"Building","Waiting","",1,"productivity or territory is insufficient [CokeOven:candidate=True;constructible=True;affordable=False;available=False;owned=4;upgradeTo=IndustrialCarbonizationRetort;research=SteamPower|Coking;workshop=;productivity=-113.24;territory=1749]"
1175406,1175406,Fast,"Building","Waiting","",1,"productivity or territory is insufficient [CokeOven:candidate=True;constructible=True;affordable=False;available=False;owned=4;upgradeTo=IndustrialCarbonizationRetort;research=SteamPower|Coking;workshop=;productivity=-132.12;territory=1749]"
1176006,1176006,Fast,"Building","Waiting","",1,"productivity or territory is insufficient [CokeOven:candidate=True;constructible=True;affordable=False;available=False;owned=4;upgradeTo=IndustrialCarbonizationRetort;research=SteamPower|Coking;workshop=;productivity=-146.28;territory=1749]"
1176606,1176606,Fast,"Building","Waiting","",1,"productivity or territory is insufficient [CokeOven:candidate=True;constructible=True;affordable=False;available=False;owned=4;upgradeTo=IndustrialCarbonizationRetort;research=SteamPower|Coking;workshop=;productivity=-158.08;territory=1749]"
1177206,1177206,Fast,"Building","Waiting","",1,"productivity or territory is insufficient [CokeOven:candidate=True;constructible=True;affordable=False;available=False;owned=4;upgradeTo=IndustrialCarbonizationRetort;research=SteamPower|Coking;workshop=;productivity=-169.88;territory=1749]"
1177806,1177806,Fast,"Building","Waiting","",1,"productivity or territory is insufficient [CokeOven:candidate=True;constructible=True;affordable=False;available=False;owned=4;upgradeTo=IndustrialCarbonizationRetort;research=SteamPower|Coking;workshop=;productivity=-176.96;territory=1749]"
1178406,1178406,Fast,"Building","Waiting","",1,"productivity or territory is insufficient [CokeOven:candidate=True;constructible=True;affordable=False;available=False;owned=4;upgradeTo=IndustrialCarbonizationRetort;research=SteamPower|Coking;workshop=;productivity=-186.4;territory=1749]"
1179006,1179006,Fast,"Building","Waiting","",1,"productivity or territory is insufficient [CokeOven:candidate=True;constructible=True;affordable=False;available=False;owned=4;upgradeTo=IndustrialCarbonizationRetort;research=SteamPower|Coking;workshop=;productivity=-191.12;territory=1749]"
1179606,1179606,Fast,"Building","Waiting","",1,"productivity or territory is insufficient [CokeOven:candidate=True;constructible=True;affordable=False;available=False;owned=4;upgradeTo=IndustrialCarbonizationRetort;research=SteamPower|Coking;workshop=;productivity=-195.84;territory=1749]"
1180206,1180206,Fast,"Building","Waiting","",1,"productivity or territory is insufficient [CokeOven:candidate=True;constructible=True;affordable=False;available=False;owned=4;upgradeTo=IndustrialCarbonizationRetort;research=SteamPower|Coking;workshop=;productivity=-200.56;territory=1749]"
1180806,1180806,Fast,"Building","Waiting","",1,"productivity or territory is insufficient [CokeOven:candidate=True;constructible=True;affordable=False;available=False;owned=4;upgradeTo=IndustrialCarbonizationRetort;research=SteamPower|Coking;workshop=;productivity=-202.92;territory=1749]"
1181406,1181406,Fast,"Building","Waiting","",1,"productivity or territory is insufficient [CokeOven:candidate=True;constructible=True;affordable=False;available=False;owned=4;upgradeTo=IndustrialCarbonizationRetort;research=SteamPower|Coking;workshop=;productivity=-207.64;territory=1749]"
1182006,1182606,Fast,"Building","Waiting","",2,"productivity or territory is insufficient [CokeOven:candidate=True;constructible=True;affordable=False;available=False;owned=4;upgradeTo=IndustrialCarbonizationRetort;research=SteamPower|Coking;workshop=;productivity=-210;territory=1749]"
1183206,1183206,Fast,"Building","Waiting","",1,"productivity or territory is insufficient [CokeOven:candidate=True;constructible=True;affordable=False;available=False;owned=4;upgradeTo=IndustrialCarbonizationRetort;research=SteamPower|Coking;workshop=;productivity=-212.36;territory=1749]"
1183806,1184406,Fast,"Building","Waiting","",2,"productivity or territory is insufficient [CokeOven:candidate=True;constructible=True;affordable=False;available=False;owned=4;upgradeTo=IndustrialCarbonizationRetort;research=SteamPower|Coking;workshop=;productivity=-214.72;territory=1749]"
1185006,1186806,Fast,"Building","Waiting","",4,"productivity or territory is insufficient [CokeOven:candidate=True;constructible=True;affordable=False;available=False;owned=4;upgradeTo=IndustrialCarbonizationRetort;research=SteamPower|Coking;workshop=;productivity=-217.08;territory=1749]"
1187406,1191606,Fast,"Building","Waiting","",8,"productivity or territory is insufficient [CokeOven:candidate=True;constructible=True;affordable=False;available=False;owned=4;upgradeTo=IndustrialCarbonizationRetort;research=SteamPower|Coking;workshop=;productivity=-219.44;territory=1749]"
1192206,1192206,Fast,"Building","Waiting","",1,"productivity or territory is insufficient [CokeOven:candidate=True;constructible=True;affordable=False;available=False;owned=4;upgradeTo=IndustrialCarbonizationRetort;research=SteamPower|Coking;workshop=;productivity=-221.8;territory=1749]"
1192806,1192806,Fast,"Building","Waiting","",1,"productivity or territory is insufficient [CokeOven:candidate=True;constructible=True;affordable=False;available=False;owned=4;upgradeTo=IndustrialCarbonizationRetort;research=SteamPower|Coking;workshop=;productivity=0.04;territory=1749]"
1193406,1193406,Fast,"Building","Waiting","",1,"productivity or territory is insufficient [CokeOven:candidate=True;constructible=True;affordable=False;available=False;owned=4;upgradeTo=IndustrialCarbonizationRetort;research=SteamPower|Coking;workshop=;productivity=-35.36;territory=1749]"
1194006,1194006,Fast,"Building","Waiting","",1,"productivity or territory is insufficient [CokeOven:candidate=True;constructible=True;affordable=False;available=False;owned=4;upgradeTo=IndustrialCarbonizationRetort;research=SteamPower|Coking;workshop=;productivity=-66.04;territory=1749]"
1194606,1194606,Fast,"Building","Waiting","",1,"productivity or territory is insufficient [CokeOven:candidate=True;constructible=True;affordable=False;available=False;owned=4;upgradeTo=IndustrialCarbonizationRetort;research=SteamPower|Coking;workshop=;productivity=-92;territory=1749]"
1195206,1195206,Fast,"Building","Waiting","",1,"productivity or territory is insufficient [CokeOven:candidate=True;constructible=True;affordable=False;available=False;owned=4;upgradeTo=IndustrialCarbonizationRetort;research=SteamPower|Coking;workshop=;productivity=-113.24;territory=1749]"
1195806,1195806,Fast,"Building","Waiting","",1,"productivity or territory is insufficient [CokeOven:candidate=True;constructible=True;affordable=False;available=False;owned=4;upgradeTo=IndustrialCarbonizationRetort;research=SteamPower|Coking;workshop=;productivity=-132.12;territory=1749]"
1196406,1196406,Fast,"Building","Waiting","",1,"productivity or territory is insufficient [CokeOven:candidate=True;constructible=True;affordable=False;available=False;owned=4;upgradeTo=IndustrialCarbonizationRetort;research=SteamPower|Coking;workshop=;productivity=-146.28;territory=1749]"
1197006,1197006,Fast,"Building","Waiting","",1,"productivity or territory is insufficient [CokeOven:candidate=True;constructible=True;affordable=False;available=False;owned=4;upgradeTo=IndustrialCarbonizationRetort;research=SteamPower|Coking;workshop=;productivity=-158.08;territory=1749]"
1197606,1197606,Fast,"Building","Waiting","",1,"productivity or territory is insufficient [CokeOven:candidate=True;constructible=True;affordable=False;available=False;owned=4;upgradeTo=IndustrialCarbonizationRetort;research=SteamPower|Coking;workshop=;productivity=-169.88;territory=1749]"
1198206,1198206,Fast,"Building","Waiting","",1,"productivity or territory is insufficient [CokeOven:candidate=True;constructible=True;affordable=False;available=False;owned=4;upgradeTo=IndustrialCarbonizationRetort;research=SteamPower|Coking;workshop=;productivity=-176.96;territory=1749]"
1198806,1198806,Fast,"Building","Waiting","",1,"productivity or territory is insufficient [CokeOven:candidate=True;constructible=True;affordable=False;available=False;owned=4;upgradeTo=IndustrialCarbonizationRetort;research=SteamPower|Coking;workshop=;productivity=-186.4;territory=1749]"
1199406,1199406,Fast,"Building","Waiting","",1,"productivity or territory is insufficient [CokeOven:candidate=True;constructible=True;affordable=False;available=False;owned=4;upgradeTo=IndustrialCarbonizationRetort;research=SteamPower|Coking;workshop=;productivity=-191.12;territory=1749]"
1200006,1200006,Fast,"Building","Waiting","",1,"productivity or territory is insufficient [CokeOven:candidate=True;constructible=True;affordable=False;available=False;owned=4;upgradeTo=IndustrialCarbonizationRetort;research=SteamPower|Coking;workshop=;productivity=-195.84;territory=1749]"
1200606,1200606,Fast,"Building","Waiting","",1,"productivity or territory is insufficient [CokeOven:candidate=True;constructible=True;affordable=False;available=False;owned=4;upgradeTo=IndustrialCarbonizationRetort;research=SteamPower|Coking;workshop=;productivity=-200.56;territory=1749]"
1201206,1201206,Fast,"Building","Waiting","",1,"productivity or territory is insufficient [CokeOven:candidate=True;constructible=True;affordable=False;available=False;owned=4;upgradeTo=IndustrialCarbonizationRetort;research=SteamPower|Coking;workshop=;productivity=-202.92;territory=1749]"
1201806,1201806,Fast,"Building","Waiting","",1,"productivity or territory is insufficient [CokeOven:candidate=True;constructible=True;affordable=False;available=False;owned=4;upgradeTo=IndustrialCarbonizationRetort;research=SteamPower|Coking;workshop=;productivity=-207.64;territory=1749]"
1202406,1203006,Fast,"Building","Waiting","",2,"productivity or territory is insufficient [CokeOven:candidate=True;constructible=True;affordable=False;available=False;owned=4;upgradeTo=IndustrialCarbonizationRetort;research=SteamPower|Coking;workshop=;productivity=-210;territory=1749]"
1203606,1203606,Fast,"Building","Waiting","",1,"productivity or territory is insufficient [CokeOven:candidate=True;constructible=True;affordable=False;available=False;owned=4;upgradeTo=IndustrialCarbonizationRetort;research=SteamPower|Coking;workshop=;productivity=-212.36;territory=1749]"
1204206,1204806,Fast,"Building","Waiting","",2,"productivity or territory is insufficient [CokeOven:candidate=True;constructible=True;affordable=False;available=False;owned=4;upgradeTo=IndustrialCarbonizationRetort;research=SteamPower|Coking;workshop=;productivity=-214.72;territory=1749]"
1205406,1207206,Fast,"Building","Waiting","",4,"productivity or territory is insufficient [CokeOven:candidate=True;constructible=True;affordable=False;available=False;owned=4;upgradeTo=IndustrialCarbonizationRetort;research=SteamPower|Coking;workshop=;productivity=-217.08;territory=1749]"
1207806,1212006,Fast,"Building","Waiting","",8,"productivity or territory is insufficient [CokeOven:candidate=True;constructible=True;affordable=False;available=False;owned=4;upgradeTo=IndustrialCarbonizationRetort;research=SteamPower|Coking;workshop=;productivity=-219.44;territory=1749]"
1212606,1212606,Fast,"Building","Waiting","",1,"productivity or territory is insufficient [CokeOven:candidate=True;constructible=True;affordable=False;available=False;owned=4;upgradeTo=IndustrialCarbonizationRetort;research=SteamPower|Coking;workshop=;productivity=-221.8;territory=1749]"
1213206,1213206,Fast,"Building","Waiting","",1,"productivity or territory is insufficient [CokeOven:candidate=True;constructible=True;affordable=False;available=False;owned=4;upgradeTo=IndustrialCarbonizationRetort;research=SteamPower|Coking;workshop=;productivity=0.04;territory=1749]"
1213806,1213806,Fast,"Building","Waiting","",1,"productivity or territory is insufficient [CokeOven:candidate=True;constructible=True;affordable=False;available=False;owned=4;upgradeTo=IndustrialCarbonizationRetort;research=SteamPower|Coking;workshop=;productivity=-35.36;territory=1749]"
1214406,1214406,Fast,"Building","Waiting","",1,"productivity or territory is insufficient [CokeOven:candidate=True;constructible=True;affordable=False;available=False;owned=4;upgradeTo=IndustrialCarbonizationRetort;research=SteamPower|Coking;workshop=;productivity=-66.04;territory=1749]"
1215006,1215006,Fast,"Building","Waiting","",1,"productivity or territory is insufficient [CokeOven:candidate=True;constructible=True;affordable=False;available=False;owned=4;upgradeTo=IndustrialCarbonizationRetort;research=SteamPower|Coking;workshop=;productivity=-92;territory=1749]"
1215606,1215606,Fast,"Building","Waiting","",1,"productivity or territory is insufficient [CokeOven:candidate=True;constructible=True;affordable=False;available=False;owned=4;upgradeTo=IndustrialCarbonizationRetort;research=SteamPower|Coking;workshop=;productivity=-113.24;territory=1749]"
1216206,1216206,Fast,"Building","Waiting","",1,"productivity or territory is insufficient [CokeOven:candidate=True;constructible=True;affordable=False;available=False;owned=4;upgradeTo=IndustrialCarbonizationRetort;research=SteamPower|Coking;workshop=;productivity=-132.12;territory=1749]"
1216806,1216806,Fast,"Building","Waiting","",1,"productivity or territory is insufficient [CokeOven:candidate=True;constructible=True;affordable=False;available=False;owned=4;upgradeTo=IndustrialCarbonizationRetort;research=SteamPower|Coking;workshop=;productivity=-146.28;territory=1749]"
1217406,1217406,Fast,"Building","Waiting","",1,"productivity or territory is insufficient [CokeOven:candidate=True;constructible=True;affordable=False;available=False;owned=4;upgradeTo=IndustrialCarbonizationRetort;research=SteamPower|Coking;workshop=;productivity=-158.08;territory=1749]"
1218006,1218006,Fast,"Building","Waiting","",1,"productivity or territory is insufficient [CokeOven:candidate=True;constructible=True;affordable=False;available=False;owned=4;upgradeTo=IndustrialCarbonizationRetort;research=SteamPower|Coking;workshop=;productivity=-169.88;territory=1749]"
1218606,1218606,Fast,"Building","Waiting","",1,"productivity or territory is insufficient [CokeOven:candidate=True;constructible=True;affordable=False;available=False;owned=4;upgradeTo=IndustrialCarbonizationRetort;research=SteamPower|Coking;workshop=;productivity=-176.96;territory=1749]"
1219206,1219206,Fast,"Building","Waiting","",1,"productivity or territory is insufficient [CokeOven:candidate=True;constructible=True;affordable=False;available=False;owned=4;upgradeTo=IndustrialCarbonizationRetort;research=SteamPower|Coking;workshop=;productivity=-186.4;territory=1749]"
1219806,1219806,Fast,"Building","Waiting","",1,"productivity or territory is insufficient [CokeOven:candidate=True;constructible=True;affordable=False;available=False;owned=4;upgradeTo=IndustrialCarbonizationRetort;research=SteamPower|Coking;workshop=;productivity=-191.12;territory=1749]"
1220406,1220406,Fast,"Building","Waiting","",1,"productivity or territory is insufficient [CokeOven:candidate=True;constructible=True;affordable=False;available=False;owned=4;upgradeTo=IndustrialCarbonizationRetort;research=SteamPower|Coking;workshop=;productivity=-195.84;territory=1749]"
1221006,1221006,Fast,"Building","Waiting","",1,"productivity or territory is insufficient [CokeOven:candidate=True;constructible=True;affordable=False;available=False;owned=4;upgradeTo=IndustrialCarbonizationRetort;research=SteamPower|Coking;workshop=;productivity=-200.56;territory=1749]"
1221606,1221606,Fast,"Building","Waiting","",1,"productivity or territory is insufficient [CokeOven:candidate=True;constructible=True;affordable=False;available=False;owned=4;upgradeTo=IndustrialCarbonizationRetort;research=SteamPower|Coking;workshop=;productivity=-202.92;territory=1749]"
1222206,1222206,Fast,"Building","Waiting","",1,"productivity or territory is insufficient [CokeOven:candidate=True;constructible=True;affordable=False;available=False;owned=4;upgradeTo=IndustrialCarbonizationRetort;research=SteamPower|Coking;workshop=;productivity=-207.64;territory=1749]"
1222806,1223406,Fast,"Building","Waiting","",2,"productivity or territory is insufficient [CokeOven:candidate=True;constructible=True;affordable=False;available=False;owned=4;upgradeTo=IndustrialCarbonizationRetort;research=SteamPower|Coking;workshop=;productivity=-210;territory=1749]"
1224006,1224006,Fast,"Building","Waiting","",1,"productivity or territory is insufficient [CokeOven:candidate=True;constructible=True;affordable=False;available=False;owned=4;upgradeTo=IndustrialCarbonizationRetort;research=SteamPower|Coking;workshop=;productivity=-212.36;territory=1749]"
1224606,1225206,Fast,"Building","Waiting","",2,"productivity or territory is insufficient [CokeOven:candidate=True;constructible=True;affordable=False;available=False;owned=4;upgradeTo=IndustrialCarbonizationRetort;research=SteamPower|Coking;workshop=;productivity=-214.72;territory=1749]"
1225806,1227606,Fast,"Building","Waiting","",4,"productivity or territory is insufficient [CokeOven:candidate=True;constructible=True;affordable=False;available=False;owned=4;upgradeTo=IndustrialCarbonizationRetort;research=SteamPower|Coking;workshop=;productivity=-217.08;territory=1749]"
1228206,1232406,Fast,"Building","Waiting","",8,"productivity or territory is insufficient [CokeOven:candidate=True;constructible=True;affordable=False;available=False;owned=4;upgradeTo=IndustrialCarbonizationRetort;research=SteamPower|Coking;workshop=;productivity=-219.44;territory=1749]"
1233006,1233006,Fast,"Building","Waiting","",1,"productivity or territory is insufficient [CokeOven:candidate=True;constructible=True;affordable=False;available=False;owned=4;upgradeTo=IndustrialCarbonizationRetort;research=SteamPower|Coking;workshop=;productivity=-221.8;territory=1749]"
1233606,1233606,Fast,"Building","Waiting","",1,"productivity or territory is insufficient [CokeOven:candidate=True;constructible=True;affordable=False;available=False;owned=4;upgradeTo=IndustrialCarbonizationRetort;research=SteamPower|Coking;workshop=;productivity=0.04;territory=1749]"
1234206,1234206,Fast,"Building","Waiting","",1,"productivity or territory is insufficient [CokeOven:candidate=True;constructible=True;affordable=False;available=False;owned=4;upgradeTo=IndustrialCarbonizationRetort;research=SteamPower|Coking;workshop=;productivity=-35.36;territory=1749]"
1234806,1234806,Fast,"Building","Waiting","",1,"productivity or territory is insufficient [CokeOven:candidate=True;constructible=True;affordable=False;available=False;owned=4;upgradeTo=IndustrialCarbonizationRetort;research=SteamPower|Coking;workshop=;productivity=-66.04;territory=1749]"
1235406,1235406,Fast,"Building","Waiting","",1,"productivity or territory is insufficient [CokeOven:candidate=True;constructible=True;affordable=False;available=False;owned=4;upgradeTo=IndustrialCarbonizationRetort;research=SteamPower|Coking;workshop=;productivity=-92;territory=1749]"
1236006,1236006,Fast,"Building","Waiting","",1,"productivity or territory is insufficient [CokeOven:candidate=True;constructible=True;affordable=False;available=False;owned=4;upgradeTo=IndustrialCarbonizationRetort;research=SteamPower|Coking;workshop=;productivity=-113.24;territory=1749]"
1236606,1236606,Fast,"Building","Waiting","",1,"productivity or territory is insufficient [CokeOven:candidate=True;constructible=True;affordable=False;available=False;owned=4;upgradeTo=IndustrialCarbonizationRetort;research=SteamPower|Coking;workshop=;productivity=-132.12;territory=1749]"
1237206,1237206,Fast,"Building","Waiting","",1,"productivity or territory is insufficient [CokeOven:candidate=True;constructible=True;affordable=False;available=False;owned=4;upgradeTo=IndustrialCarbonizationRetort;research=SteamPower|Coking;workshop=;productivity=-146.28;territory=1749]"
1237806,1237806,Fast,"Building","Waiting","",1,"productivity or territory is insufficient [CokeOven:candidate=True;constructible=True;affordable=False;available=False;owned=4;upgradeTo=IndustrialCarbonizationRetort;research=SteamPower|Coking;workshop=;productivity=-158.08;territory=1749]"
1238406,1238406,Fast,"Building","Waiting","",1,"productivity or territory is insufficient [CokeOven:candidate=True;constructible=True;affordable=False;available=False;owned=4;upgradeTo=IndustrialCarbonizationRetort;research=SteamPower|Coking;workshop=;productivity=-169.88;territory=1749]"
1239006,1239006,Fast,"Building","Waiting","",1,"productivity or territory is insufficient [CokeOven:candidate=True;constructible=True;affordable=False;available=False;owned=4;upgradeTo=IndustrialCarbonizationRetort;research=SteamPower|Coking;workshop=;productivity=-176.96;territory=1749]"
1239606,1239606,Fast,"Building","Waiting","",1,"productivity or territory is insufficient [CokeOven:candidate=True;constructible=True;affordable=False;available=False;owned=4;upgradeTo=IndustrialCarbonizationRetort;research=SteamPower|Coking;workshop=;productivity=-186.4;territory=1749]"
1240206,1240206,Fast,"Building","Waiting","",1,"productivity or territory is insufficient [CokeOven:candidate=True;constructible=True;affordable=False;available=False;owned=4;upgradeTo=IndustrialCarbonizationRetort;research=SteamPower|Coking;workshop=;productivity=-191.12;territory=1749]"
1240806,1240806,Fast,"Building","Waiting","",1,"productivity or territory is insufficient [CokeOven:candidate=True;constructible=True;affordable=False;available=False;owned=4;upgradeTo=IndustrialCarbonizationRetort;research=SteamPower|Coking;workshop=;productivity=-195.84;territory=1749]"
1241406,1241406,Fast,"Building","Waiting","",1,"productivity or territory is insufficient [CokeOven:candidate=True;constructible=True;affordable=False;available=False;owned=4;upgradeTo=IndustrialCarbonizationRetort;research=SteamPower|Coking;workshop=;productivity=-200.56;territory=1749]"
1242006,1242006,Fast,"Building","Waiting","",1,"productivity or territory is insufficient [CokeOven:candidate=True;constructible=True;affordable=False;available=False;owned=4;upgradeTo=IndustrialCarbonizationRetort;research=SteamPower|Coking;workshop=;productivity=-202.92;territory=1749]"
1242606,1242606,Fast,"Building","Waiting","",1,"productivity or territory is insufficient [CokeOven:candidate=True;constructible=True;affordable=False;available=False;owned=4;upgradeTo=IndustrialCarbonizationRetort;research=SteamPower|Coking;workshop=;productivity=-207.64;territory=1749]"
1243206,1243806,Fast,"Building","Waiting","",2,"productivity or territory is insufficient [CokeOven:candidate=True;constructible=True;affordable=False;available=False;owned=4;upgradeTo=IndustrialCarbonizationRetort;research=SteamPower|Coking;workshop=;productivity=-210;territory=1749]"
1244406,1244406,Fast,"Building","Waiting","",1,"productivity or territory is insufficient [CokeOven:candidate=True;constructible=True;affordable=False;available=False;owned=4;upgradeTo=IndustrialCarbonizationRetort;research=SteamPower|Coking;workshop=;productivity=-212.36;territory=1749]"
1245006,1245606,Fast,"Building","Waiting","",2,"productivity or territory is insufficient [CokeOven:candidate=True;constructible=True;affordable=False;available=False;owned=4;upgradeTo=IndustrialCarbonizationRetort;research=SteamPower|Coking;workshop=;productivity=-214.72;territory=1749]"
1246206,1248006,Fast,"Building","Waiting","",4,"productivity or territory is insufficient [CokeOven:candidate=True;constructible=True;affordable=False;available=False;owned=4;upgradeTo=IndustrialCarbonizationRetort;research=SteamPower|Coking;workshop=;productivity=-217.08;territory=1749]"
1248606,1252806,Fast,"Building","Waiting","",8,"productivity or territory is insufficient [CokeOven:candidate=True;constructible=True;affordable=False;available=False;owned=4;upgradeTo=IndustrialCarbonizationRetort;research=SteamPower|Coking;workshop=;productivity=-219.44;territory=1749]"
1253406,1253406,Fast,"Building","Waiting","",1,"productivity or territory is insufficient [CokeOven:candidate=True;constructible=True;affordable=False;available=False;owned=4;upgradeTo=IndustrialCarbonizationRetort;research=SteamPower|Coking;workshop=;productivity=-221.8;territory=1749]"
1254006,1254006,Fast,"Building","Waiting","",1,"productivity or territory is insufficient [CokeOven:candidate=True;constructible=True;affordable=False;available=False;owned=4;upgradeTo=IndustrialCarbonizationRetort;research=SteamPower|Coking;workshop=;productivity=0.04;territory=1749]"
1254606,1254606,Fast,"Building","Waiting","",1,"productivity or territory is insufficient [CokeOven:candidate=True;constructible=True;affordable=False;available=False;owned=4;upgradeTo=IndustrialCarbonizationRetort;research=SteamPower|Coking;workshop=;productivity=-35.36;territory=1749]"
1255206,1255206,Fast,"Building","Waiting","",1,"productivity or territory is insufficient [CokeOven:candidate=True;constructible=True;affordable=False;available=False;owned=4;upgradeTo=IndustrialCarbonizationRetort;research=SteamPower|Coking;workshop=;productivity=-66.04;territory=1749]"
1255806,1255806,Fast,"Building","Waiting","",1,"productivity or territory is insufficient [CokeOven:candidate=True;constructible=True;affordable=False;available=False;owned=4;upgradeTo=IndustrialCarbonizationRetort;research=SteamPower|Coking;workshop=;productivity=-92;territory=1749]"
1256406,1256406,Fast,"Building","Waiting","",1,"productivity or territory is insufficient [CokeOven:candidate=True;constructible=True;affordable=False;available=False;owned=4;upgradeTo=IndustrialCarbonizationRetort;research=SteamPower|Coking;workshop=;productivity=-113.24;territory=1749]"
1257006,1257006,Fast,"Building","Waiting","",1,"productivity or territory is insufficient [CokeOven:candidate=True;constructible=True;affordable=False;available=False;owned=4;upgradeTo=IndustrialCarbonizationRetort;research=SteamPower|Coking;workshop=;productivity=-132.12;territory=1749]"
1257606,1257606,Fast,"Building","Waiting","",1,"productivity or territory is insufficient [CokeOven:candidate=True;constructible=True;affordable=False;available=False;owned=4;upgradeTo=IndustrialCarbonizationRetort;research=SteamPower|Coking;workshop=;productivity=-146.28;territory=1749]"
1258206,1258206,Fast,"Building","Waiting","",1,"productivity or territory is insufficient [CokeOven:candidate=True;constructible=True;affordable=False;available=False;owned=4;upgradeTo=IndustrialCarbonizationRetort;research=SteamPower|Coking;workshop=;productivity=-158.08;territory=1749]"
1258806,1258806,Fast,"Building","Waiting","",1,"productivity or territory is insufficient [CokeOven:candidate=True;constructible=True;affordable=False;available=False;owned=4;upgradeTo=IndustrialCarbonizationRetort;research=SteamPower|Coking;workshop=;productivity=-169.88;territory=1749]"
1259406,1259406,Fast,"Building","Waiting","",1,"productivity or territory is insufficient [CokeOven:candidate=True;constructible=True;affordable=False;available=False;owned=4;upgradeTo=IndustrialCarbonizationRetort;research=SteamPower|Coking;workshop=;productivity=-176.96;territory=1749]"
1260006,1260006,Fast,"Building","Waiting","",1,"productivity or territory is insufficient [CokeOven:candidate=True;constructible=True;affordable=False;available=False;owned=4;upgradeTo=IndustrialCarbonizationRetort;research=SteamPower|Coking;workshop=;productivity=-186.4;territory=1749]"
1260606,1260606,Fast,"Building","Waiting","",1,"productivity or territory is insufficient [CokeOven:candidate=True;constructible=True;affordable=False;available=False;owned=4;upgradeTo=IndustrialCarbonizationRetort;research=SteamPower|Coking;workshop=;productivity=-191.12;territory=1749]"
1261206,1261206,Fast,"Building","Waiting","",1,"productivity or territory is insufficient [CokeOven:candidate=True;constructible=True;affordable=False;available=False;owned=4;upgradeTo=IndustrialCarbonizationRetort;research=SteamPower|Coking;workshop=;productivity=-195.84;territory=1749]"
1261806,1261806,Fast,"Building","Waiting","",1,"productivity or territory is insufficient [CokeOven:candidate=True;constructible=True;affordable=False;available=False;owned=4;upgradeTo=IndustrialCarbonizationRetort;research=SteamPower|Coking;workshop=;productivity=-200.56;territory=1749]"
1262406,1262406,Fast,"Building","Waiting","",1,"productivity or territory is insufficient [CokeOven:candidate=True;constructible=True;affordable=False;available=False;owned=4;upgradeTo=IndustrialCarbonizationRetort;research=SteamPower|Coking;workshop=;productivity=-202.92;territory=1749]"
1263006,1263006,Fast,"Building","Waiting","",1,"productivity or territory is insufficient [CokeOven:candidate=True;constructible=True;affordable=False;available=False;owned=4;upgradeTo=IndustrialCarbonizationRetort;research=SteamPower|Coking;workshop=;productivity=-207.64;territory=1749]"
1263606,1264206,Fast,"Building","Waiting","",2,"productivity or territory is insufficient [CokeOven:candidate=True;constructible=True;affordable=False;available=False;owned=4;upgradeTo=IndustrialCarbonizationRetort;research=SteamPower|Coking;workshop=;productivity=-210;territory=1749]"
1264806,1264806,Fast,"Building","Waiting","",1,"productivity or territory is insufficient [CokeOven:candidate=True;constructible=True;affordable=False;available=False;owned=4;upgradeTo=IndustrialCarbonizationRetort;research=SteamPower|Coking;workshop=;productivity=-212.36;territory=1749]"
1265406,1266006,Fast,"Building","Waiting","",2,"productivity or territory is insufficient [CokeOven:candidate=True;constructible=True;affordable=False;available=False;owned=4;upgradeTo=IndustrialCarbonizationRetort;research=SteamPower|Coking;workshop=;productivity=-214.72;territory=1749]"
1266606,1268406,Fast,"Building","Waiting","",4,"productivity or territory is insufficient [CokeOven:candidate=True;constructible=True;affordable=False;available=False;owned=4;upgradeTo=IndustrialCarbonizationRetort;research=SteamPower|Coking;workshop=;productivity=-217.08;territory=1749]"
1269006,1273206,Fast,"Building","Waiting","",8,"productivity or territory is insufficient [CokeOven:candidate=True;constructible=True;affordable=False;available=False;owned=4;upgradeTo=IndustrialCarbonizationRetort;research=SteamPower|Coking;workshop=;productivity=-219.44;territory=1749]"
1273806,1273806,Fast,"Building","Waiting","",1,"productivity or territory is insufficient [CokeOven:candidate=True;constructible=True;affordable=False;available=False;owned=4;upgradeTo=IndustrialCarbonizationRetort;research=SteamPower|Coking;workshop=;productivity=-221.8;territory=1749]"
1274406,1274406,Fast,"Building","Waiting","",1,"productivity or territory is insufficient [CokeOven:candidate=True;constructible=True;affordable=False;available=False;owned=4;upgradeTo=IndustrialCarbonizationRetort;research=SteamPower|Coking;workshop=;productivity=0.04;territory=1749]"
1275006,1275006,Fast,"Building","Waiting","",1,"productivity or territory is insufficient [CokeOven:candidate=True;constructible=True;affordable=False;available=False;owned=4;upgradeTo=IndustrialCarbonizationRetort;research=SteamPower|Coking;workshop=;productivity=-35.36;territory=1749]"
1275606,1275606,Fast,"Building","Waiting","",1,"productivity or territory is insufficient [CokeOven:candidate=True;constructible=True;affordable=False;available=False;owned=4;upgradeTo=IndustrialCarbonizationRetort;research=SteamPower|Coking;workshop=;productivity=-66.04;territory=1749]"
1276206,1276206,Fast,"Building","Waiting","",1,"productivity or territory is insufficient [CokeOven:candidate=True;constructible=True;affordable=False;available=False;owned=4;upgradeTo=IndustrialCarbonizationRetort;research=SteamPower|Coking;workshop=;productivity=-92;territory=1749]"
1276806,1276806,Fast,"Building","Waiting","",1,"productivity or territory is insufficient [CokeOven:candidate=True;constructible=True;affordable=False;available=False;owned=4;upgradeTo=IndustrialCarbonizationRetort;research=SteamPower|Coking;workshop=;productivity=-113.24;territory=1749]"
1277406,1277406,Fast,"Building","Waiting","",1,"productivity or territory is insufficient [CokeOven:candidate=True;constructible=True;affordable=False;available=False;owned=4;upgradeTo=IndustrialCarbonizationRetort;research=SteamPower|Coking;workshop=;productivity=-132.12;territory=1749]"
1278006,1278006,Fast,"Building","Waiting","",1,"productivity or territory is insufficient [CokeOven:candidate=True;constructible=True;affordable=False;available=False;owned=4;upgradeTo=IndustrialCarbonizationRetort;research=SteamPower|Coking;workshop=;productivity=-146.28;territory=1749]"
1278606,1278606,Fast,"Building","Waiting","",1,"productivity or territory is insufficient [CokeOven:candidate=True;constructible=True;affordable=False;available=False;owned=4;upgradeTo=IndustrialCarbonizationRetort;research=SteamPower|Coking;workshop=;productivity=-158.08;territory=1749]"
1279206,1279206,Fast,"Building","Waiting","",1,"productivity or territory is insufficient [CokeOven:candidate=True;constructible=True;affordable=False;available=False;owned=4;upgradeTo=IndustrialCarbonizationRetort;research=SteamPower|Coking;workshop=;productivity=-169.88;territory=1749]"
1279806,1279806,Fast,"Building","Waiting","",1,"productivity or territory is insufficient [CokeOven:candidate=True;constructible=True;affordable=False;available=False;owned=4;upgradeTo=IndustrialCarbonizationRetort;research=SteamPower|Coking;workshop=;productivity=-176.96;territory=1749]"
1280406,1280406,Fast,"Building","Waiting","",1,"productivity or territory is insufficient [CokeOven:candidate=True;constructible=True;affordable=False;available=False;owned=4;upgradeTo=IndustrialCarbonizationRetort;research=SteamPower|Coking;workshop=;productivity=-186.4;territory=1749]"
1281006,1281006,Fast,"Building","Waiting","",1,"productivity or territory is insufficient [CokeOven:candidate=True;constructible=True;affordable=False;available=False;owned=4;upgradeTo=IndustrialCarbonizationRetort;research=SteamPower|Coking;workshop=;productivity=-191.12;territory=1749]"
1281606,1281606,Fast,"Building","Waiting","",1,"productivity or territory is insufficient [CokeOven:candidate=True;constructible=True;affordable=False;available=False;owned=4;upgradeTo=IndustrialCarbonizationRetort;research=SteamPower|Coking;workshop=;productivity=-195.84;territory=1749]"
1282206,1282206,Fast,"Building","Waiting","",1,"productivity or territory is insufficient [CokeOven:candidate=True;constructible=True;affordable=False;available=False;owned=4;upgradeTo=IndustrialCarbonizationRetort;research=SteamPower|Coking;workshop=;productivity=-200.56;territory=1749]"
1282806,1282806,Fast,"Building","Waiting","",1,"productivity or territory is insufficient [CokeOven:candidate=True;constructible=True;affordable=False;available=False;owned=4;upgradeTo=IndustrialCarbonizationRetort;research=SteamPower|Coking;workshop=;productivity=-202.92;territory=1749]"
1283406,1283406,Fast,"Building","Waiting","",1,"productivity or territory is insufficient [CokeOven:candidate=True;constructible=True;affordable=False;available=False;owned=4;upgradeTo=IndustrialCarbonizationRetort;research=SteamPower|Coking;workshop=;productivity=-207.64;territory=1749]"
1284006,1284606,Fast,"Building","Waiting","",2,"productivity or territory is insufficient [CokeOven:candidate=True;constructible=True;affordable=False;available=False;owned=4;upgradeTo=IndustrialCarbonizationRetort;research=SteamPower|Coking;workshop=;productivity=-210;territory=1749]"
1285206,1285206,Fast,"Building","Waiting","",1,"productivity or territory is insufficient [CokeOven:candidate=True;constructible=True;affordable=False;available=False;owned=4;upgradeTo=IndustrialCarbonizationRetort;research=SteamPower|Coking;workshop=;productivity=-212.36;territory=1749]"
1285806,1286406,Fast,"Building","Waiting","",2,"productivity or territory is insufficient [CokeOven:candidate=True;constructible=True;affordable=False;available=False;owned=4;upgradeTo=IndustrialCarbonizationRetort;research=SteamPower|Coking;workshop=;productivity=-214.72;territory=1749]"
1287006,1288806,Fast,"Building","Waiting","",4,"productivity or territory is insufficient [CokeOven:candidate=True;constructible=True;affordable=False;available=False;owned=4;upgradeTo=IndustrialCarbonizationRetort;research=SteamPower|Coking;workshop=;productivity=-217.08;territory=1749]"
1289406,1293606,Fast,"Building","Waiting","",8,"productivity or territory is insufficient [CokeOven:candidate=True;constructible=True;affordable=False;available=False;owned=4;upgradeTo=IndustrialCarbonizationRetort;research=SteamPower|Coking;workshop=;productivity=-219.44;territory=1749]"
1294206,1294206,Fast,"Building","Waiting","",1,"productivity or territory is insufficient [CokeOven:candidate=True;constructible=True;affordable=False;available=False;owned=4;upgradeTo=IndustrialCarbonizationRetort;research=SteamPower|Coking;workshop=;productivity=-221.8;territory=1749]"
1294806,1294806,Fast,"Building","Waiting","",1,"productivity or territory is insufficient [CokeOven:candidate=True;constructible=True;affordable=False;available=False;owned=4;upgradeTo=IndustrialCarbonizationRetort;research=SteamPower|Coking;workshop=;productivity=0.04;territory=1749]"
1295406,1295406,Fast,"Building","Waiting","",1,"productivity or territory is insufficient [CokeOven:candidate=True;constructible=True;affordable=False;available=False;owned=4;upgradeTo=IndustrialCarbonizationRetort;research=SteamPower|Coking;workshop=;productivity=-35.36;territory=1749]"
1296006,1296006,Fast,"Building","Waiting","",1,"productivity or territory is insufficient [CokeOven:candidate=True;constructible=True;affordable=False;available=False;owned=4;upgradeTo=IndustrialCarbonizationRetort;research=SteamPower|Coking;workshop=;productivity=-66.04;territory=1749]"
1296606,1296606,Fast,"Building","Waiting","",1,"productivity or territory is insufficient [CokeOven:candidate=True;constructible=True;affordable=False;available=False;owned=4;upgradeTo=IndustrialCarbonizationRetort;research=SteamPower|Coking;workshop=;productivity=-92;territory=1749]"
1297206,1297206,Fast,"Building","Waiting","",1,"productivity or territory is insufficient [CokeOven:candidate=True;constructible=True;affordable=False;available=False;owned=4;upgradeTo=IndustrialCarbonizationRetort;research=SteamPower|Coking;workshop=;productivity=-113.24;territory=1749]"
1297806,1297806,Fast,"Building","Waiting","",1,"productivity or territory is insufficient [CokeOven:candidate=True;constructible=True;affordable=False;available=False;owned=4;upgradeTo=IndustrialCarbonizationRetort;research=SteamPower|Coking;workshop=;productivity=-132.12;territory=1749]"
1298406,1298406,Fast,"Building","Waiting","",1,"productivity or territory is insufficient [CokeOven:candidate=True;constructible=True;affordable=False;available=False;owned=4;upgradeTo=IndustrialCarbonizationRetort;research=SteamPower|Coking;workshop=;productivity=-146.28;territory=1749]"
1299006,1299006,Fast,"Building","Waiting","",1,"productivity or territory is insufficient [CokeOven:candidate=True;constructible=True;affordable=False;available=False;owned=4;upgradeTo=IndustrialCarbonizationRetort;research=SteamPower|Coking;workshop=;productivity=-158.08;territory=1749]"
1299606,1299606,Fast,"Building","Waiting","",1,"productivity or territory is insufficient [CokeOven:candidate=True;constructible=True;affordable=False;available=False;owned=4;upgradeTo=IndustrialCarbonizationRetort;research=SteamPower|Coking;workshop=;productivity=-169.88;territory=1749]"
1300206,1300206,Fast,"Building","Waiting","",1,"productivity or territory is insufficient [CokeOven:candidate=True;constructible=True;affordable=False;available=False;owned=4;upgradeTo=IndustrialCarbonizationRetort;research=SteamPower|Coking;workshop=;productivity=-176.96;territory=1749]"
1300806,1300806,Fast,"Building","Waiting","",1,"productivity or territory is insufficient [CokeOven:candidate=True;constructible=True;affordable=False;available=False;owned=4;upgradeTo=IndustrialCarbonizationRetort;research=SteamPower|Coking;workshop=;productivity=-186.4;territory=1749]"
1301406,1301406,Fast,"Building","Waiting","",1,"productivity or territory is insufficient [CokeOven:candidate=True;constructible=True;affordable=False;available=False;owned=4;upgradeTo=IndustrialCarbonizationRetort;research=SteamPower|Coking;workshop=;productivity=-191.12;territory=1749]"
1302006,1302006,Fast,"Building","Waiting","",1,"productivity or territory is insufficient [CokeOven:candidate=True;constructible=True;affordable=False;available=False;owned=4;upgradeTo=IndustrialCarbonizationRetort;research=SteamPower|Coking;workshop=;productivity=-195.84;territory=1749]"
1302606,1302606,Fast,"Building","Waiting","",1,"productivity or territory is insufficient [CokeOven:candidate=True;constructible=True;affordable=False;available=False;owned=4;upgradeTo=IndustrialCarbonizationRetort;research=SteamPower|Coking;workshop=;productivity=-200.56;territory=1749]"
1303206,1303206,Fast,"Building","Waiting","",1,"productivity or territory is insufficient [CokeOven:candidate=True;constructible=True;affordable=False;available=False;owned=4;upgradeTo=IndustrialCarbonizationRetort;research=SteamPower|Coking;workshop=;productivity=-202.92;territory=1749]"
1303806,1303806,Fast,"Building","Waiting","",1,"productivity or territory is insufficient [CokeOven:candidate=True;constructible=True;affordable=False;available=False;owned=4;upgradeTo=IndustrialCarbonizationRetort;research=SteamPower|Coking;workshop=;productivity=-207.64;territory=1749]"
1304406,1305006,Fast,"Building","Waiting","",2,"productivity or territory is insufficient [CokeOven:candidate=True;constructible=True;affordable=False;available=False;owned=4;upgradeTo=IndustrialCarbonizationRetort;research=SteamPower|Coking;workshop=;productivity=-210;territory=1749]"
1305606,1305606,Fast,"Building","Waiting","",1,"productivity or territory is insufficient [CokeOven:candidate=True;constructible=True;affordable=False;available=False;owned=4;upgradeTo=IndustrialCarbonizationRetort;research=SteamPower|Coking;workshop=;productivity=-212.36;territory=1749]"
1306206,1306806,Fast,"Building","Waiting","",2,"productivity or territory is insufficient [CokeOven:candidate=True;constructible=True;affordable=False;available=False;owned=4;upgradeTo=IndustrialCarbonizationRetort;research=SteamPower|Coking;workshop=;productivity=-214.72;territory=1749]"
1307406,1309206,Fast,"Building","Waiting","",4,"productivity or territory is insufficient [CokeOven:candidate=True;constructible=True;affordable=False;available=False;owned=4;upgradeTo=IndustrialCarbonizationRetort;research=SteamPower|Coking;workshop=;productivity=-217.08;territory=1749]"
1309806,1314006,Fast,"Building","Waiting","",8,"productivity or territory is insufficient [CokeOven:candidate=True;constructible=True;affordable=False;available=False;owned=4;upgradeTo=IndustrialCarbonizationRetort;research=SteamPower|Coking;workshop=;productivity=-219.44;territory=1749]"
1314606,1314606,Fast,"Building","Waiting","",1,"productivity or territory is insufficient [CokeOven:candidate=True;constructible=True;affordable=False;available=False;owned=4;upgradeTo=IndustrialCarbonizationRetort;research=SteamPower|Coking;workshop=;productivity=-221.8;territory=1749]"
1315206,1315206,Fast,"Building","Waiting","",1,"productivity or territory is insufficient [CokeOven:candidate=True;constructible=True;affordable=False;available=False;owned=4;upgradeTo=IndustrialCarbonizationRetort;research=SteamPower|Coking;workshop=;productivity=0.04;territory=1749]"
1315806,1315806,Fast,"Building","Waiting","",1,"productivity or territory is insufficient [CokeOven:candidate=True;constructible=True;affordable=False;available=False;owned=4;upgradeTo=IndustrialCarbonizationRetort;research=SteamPower|Coking;workshop=;productivity=-35.36;territory=1749]"
1316406,1316406,Fast,"Building","Waiting","",1,"productivity or territory is insufficient [CokeOven:candidate=True;constructible=True;affordable=False;available=False;owned=4;upgradeTo=IndustrialCarbonizationRetort;research=SteamPower|Coking;workshop=;productivity=-66.04;territory=1749]"
1317006,1317006,Fast,"Building","Waiting","",1,"productivity or territory is insufficient [CokeOven:candidate=True;constructible=True;affordable=False;available=False;owned=4;upgradeTo=IndustrialCarbonizationRetort;research=SteamPower|Coking;workshop=;productivity=-92;territory=1749]"
1317606,1317606,Fast,"Building","Waiting","",1,"productivity or territory is insufficient [CokeOven:candidate=True;constructible=True;affordable=False;available=False;owned=4;upgradeTo=IndustrialCarbonizationRetort;research=SteamPower|Coking;workshop=;productivity=-113.24;territory=1749]"
1318206,1318206,Fast,"Building","Waiting","",1,"productivity or territory is insufficient [CokeOven:candidate=True;constructible=True;affordable=False;available=False;owned=4;upgradeTo=IndustrialCarbonizationRetort;research=SteamPower|Coking;workshop=;productivity=-132.12;territory=1749]"
1318806,1318806,Fast,"Building","Waiting","",1,"productivity or territory is insufficient [CokeOven:candidate=True;constructible=True;affordable=False;available=False;owned=4;upgradeTo=IndustrialCarbonizationRetort;research=SteamPower|Coking;workshop=;productivity=-146.28;territory=1749]"
1319406,1319406,Fast,"Building","Waiting","",1,"productivity or territory is insufficient [CokeOven:candidate=True;constructible=True;affordable=False;available=False;owned=4;upgradeTo=IndustrialCarbonizationRetort;research=SteamPower|Coking;workshop=;productivity=-158.08;territory=1749]"
1320006,1320006,Fast,"Building","Waiting","",1,"productivity or territory is insufficient [CokeOven:candidate=True;constructible=True;affordable=False;available=False;owned=4;upgradeTo=IndustrialCarbonizationRetort;research=SteamPower|Coking;workshop=;productivity=-169.88;territory=1749]"
1320606,1320606,Fast,"Building","Waiting","",1,"productivity or territory is insufficient [CokeOven:candidate=True;constructible=True;affordable=False;available=False;owned=4;upgradeTo=IndustrialCarbonizationRetort;research=SteamPower|Coking;workshop=;productivity=-176.96;territory=1749]"
1321206,1321206,Fast,"Building","Waiting","",1,"productivity or territory is insufficient [CokeOven:candidate=True;constructible=True;affordable=False;available=False;owned=4;upgradeTo=IndustrialCarbonizationRetort;research=SteamPower|Coking;workshop=;productivity=-186.4;territory=1749]"
1321806,1321806,Fast,"Building","Waiting","",1,"productivity or territory is insufficient [CokeOven:candidate=True;constructible=True;affordable=False;available=False;owned=4;upgradeTo=IndustrialCarbonizationRetort;research=SteamPower|Coking;workshop=;productivity=-191.12;territory=1749]"
1322406,1322406,Fast,"Building","Waiting","",1,"productivity or territory is insufficient [CokeOven:candidate=True;constructible=True;affordable=False;available=False;owned=4;upgradeTo=IndustrialCarbonizationRetort;research=SteamPower|Coking;workshop=;productivity=-195.84;territory=1749]"
1323006,1323006,Fast,"Building","Waiting","",1,"productivity or territory is insufficient [CokeOven:candidate=True;constructible=True;affordable=False;available=False;owned=4;upgradeTo=IndustrialCarbonizationRetort;research=SteamPower|Coking;workshop=;productivity=-200.56;territory=1749]"
1323606,1323606,Fast,"Building","Waiting","",1,"productivity or territory is insufficient [CokeOven:candidate=True;constructible=True;affordable=False;available=False;owned=4;upgradeTo=IndustrialCarbonizationRetort;research=SteamPower|Coking;workshop=;productivity=-202.92;territory=1749]"
1324206,1324206,Fast,"Building","Waiting","",1,"productivity or territory is insufficient [CokeOven:candidate=True;constructible=True;affordable=False;available=False;owned=4;upgradeTo=IndustrialCarbonizationRetort;research=SteamPower|Coking;workshop=;productivity=-207.64;territory=1749]"
1324806,1325406,Fast,"Building","Waiting","",2,"productivity or territory is insufficient [CokeOven:candidate=True;constructible=True;affordable=False;available=False;owned=4;upgradeTo=IndustrialCarbonizationRetort;research=SteamPower|Coking;workshop=;productivity=-210;territory=1749]"
1326006,1326006,Fast,"Building","Waiting","",1,"productivity or territory is insufficient [CokeOven:candidate=True;constructible=True;affordable=False;available=False;owned=4;upgradeTo=IndustrialCarbonizationRetort;research=SteamPower|Coking;workshop=;productivity=-212.36;territory=1749]"
1326606,1327206,Fast,"Building","Waiting","",2,"productivity or territory is insufficient [CokeOven:candidate=True;constructible=True;affordable=False;available=False;owned=4;upgradeTo=IndustrialCarbonizationRetort;research=SteamPower|Coking;workshop=;productivity=-214.72;territory=1749]"
1327806,1329606,Fast,"Building","Waiting","",4,"productivity or territory is insufficient [CokeOven:candidate=True;constructible=True;affordable=False;available=False;owned=4;upgradeTo=IndustrialCarbonizationRetort;research=SteamPower|Coking;workshop=;productivity=-217.08;territory=1749]"
1330206,1334406,Fast,"Building","Waiting","",8,"productivity or territory is insufficient [CokeOven:candidate=True;constructible=True;affordable=False;available=False;owned=4;upgradeTo=IndustrialCarbonizationRetort;research=SteamPower|Coking;workshop=;productivity=-219.44;territory=1749]"
1335006,1335006,Fast,"Building","Waiting","",1,"productivity or territory is insufficient [CokeOven:candidate=True;constructible=True;affordable=False;available=False;owned=4;upgradeTo=IndustrialCarbonizationRetort;research=SteamPower|Coking;workshop=;productivity=-221.8;territory=1749]"
1335606,1335606,Fast,"Building","Waiting","",1,"productivity or territory is insufficient [CokeOven:candidate=True;constructible=True;affordable=False;available=False;owned=4;upgradeTo=IndustrialCarbonizationRetort;research=SteamPower|Coking;workshop=;productivity=0.04;territory=1749]"
1336206,1336206,Fast,"Building","Waiting","",1,"productivity or territory is insufficient [CokeOven:candidate=True;constructible=True;affordable=False;available=False;owned=4;upgradeTo=IndustrialCarbonizationRetort;research=SteamPower|Coking;workshop=;productivity=-35.36;territory=1749]"
1336806,1336806,Fast,"Building","Waiting","",1,"productivity or territory is insufficient [CokeOven:candidate=True;constructible=True;affordable=False;available=False;owned=4;upgradeTo=IndustrialCarbonizationRetort;research=SteamPower|Coking;workshop=;productivity=-66.04;territory=1749]"
1337406,1337406,Fast,"Building","Waiting","",1,"productivity or territory is insufficient [CokeOven:candidate=True;constructible=True;affordable=False;available=False;owned=4;upgradeTo=IndustrialCarbonizationRetort;research=SteamPower|Coking;workshop=;productivity=-92;territory=1749]"
1338006,1338006,Fast,"Building","Waiting","",1,"productivity or territory is insufficient [CokeOven:candidate=True;constructible=True;affordable=False;available=False;owned=4;upgradeTo=IndustrialCarbonizationRetort;research=SteamPower|Coking;workshop=;productivity=-113.24;territory=1749]"
1338606,1338606,Fast,"Building","Waiting","",1,"productivity or territory is insufficient [CokeOven:candidate=True;constructible=True;affordable=False;available=False;owned=4;upgradeTo=IndustrialCarbonizationRetort;research=SteamPower|Coking;workshop=;productivity=-132.12;territory=1749]"
1339206,1339206,Fast,"Building","Waiting","",1,"productivity or territory is insufficient [CokeOven:candidate=True;constructible=True;affordable=False;available=False;owned=4;upgradeTo=IndustrialCarbonizationRetort;research=SteamPower|Coking;workshop=;productivity=-146.28;territory=1749]"
1339806,1339806,Fast,"Building","Waiting","",1,"productivity or territory is insufficient [CokeOven:candidate=True;constructible=True;affordable=False;available=False;owned=4;upgradeTo=IndustrialCarbonizationRetort;research=SteamPower|Coking;workshop=;productivity=-158.08;territory=1749]"
1340406,1340406,Fast,"Building","Waiting","",1,"productivity or territory is insufficient [CokeOven:candidate=True;constructible=True;affordable=False;available=False;owned=4;upgradeTo=IndustrialCarbonizationRetort;research=SteamPower|Coking;workshop=;productivity=-169.88;territory=1749]"
1341006,1341006,Fast,"Building","Waiting","",1,"productivity or territory is insufficient [CokeOven:candidate=True;constructible=True;affordable=False;available=False;owned=4;upgradeTo=IndustrialCarbonizationRetort;research=SteamPower|Coking;workshop=;productivity=-176.96;territory=1749]"
1341606,1341606,Fast,"Building","Waiting","",1,"productivity or territory is insufficient [CokeOven:candidate=True;constructible=True;affordable=False;available=False;owned=4;upgradeTo=IndustrialCarbonizationRetort;research=SteamPower|Coking;workshop=;productivity=-186.4;territory=1749]"
1342206,1342206,Fast,"Building","Waiting","",1,"productivity or territory is insufficient [CokeOven:candidate=True;constructible=True;affordable=False;available=False;owned=4;upgradeTo=IndustrialCarbonizationRetort;research=SteamPower|Coking;workshop=;productivity=-191.12;territory=1749]"
1342806,1342806,Fast,"Building","Waiting","",1,"productivity or territory is insufficient [CokeOven:candidate=True;constructible=True;affordable=False;available=False;owned=4;upgradeTo=IndustrialCarbonizationRetort;research=SteamPower|Coking;workshop=;productivity=-195.84;territory=1749]"
1343406,1343406,Fast,"Building","Waiting","",1,"productivity or territory is insufficient [CokeOven:candidate=True;constructible=True;affordable=False;available=False;owned=4;upgradeTo=IndustrialCarbonizationRetort;research=SteamPower|Coking;workshop=;productivity=-200.56;territory=1749]"
1344006,1344006,Fast,"Building","Waiting","",1,"productivity or territory is insufficient [CokeOven:candidate=True;constructible=True;affordable=False;available=False;owned=4;upgradeTo=IndustrialCarbonizationRetort;research=SteamPower|Coking;workshop=;productivity=-202.92;territory=1749]"
1344606,1344606,Fast,"Building","Waiting","",1,"productivity or territory is insufficient [CokeOven:candidate=True;constructible=True;affordable=False;available=False;owned=4;upgradeTo=IndustrialCarbonizationRetort;research=SteamPower|Coking;workshop=;productivity=-207.64;territory=1749]"
1345206,1345806,Fast,"Building","Waiting","",2,"productivity or territory is insufficient [CokeOven:candidate=True;constructible=True;affordable=False;available=False;owned=4;upgradeTo=IndustrialCarbonizationRetort;research=SteamPower|Coking;workshop=;productivity=-210;territory=1749]"
1346406,1346406,Fast,"Building","Waiting","",1,"productivity or territory is insufficient [CokeOven:candidate=True;constructible=True;affordable=False;available=False;owned=4;upgradeTo=IndustrialCarbonizationRetort;research=SteamPower|Coking;workshop=;productivity=-212.36;territory=1749]"
1347006,1347606,Fast,"Building","Waiting","",2,"productivity or territory is insufficient [CokeOven:candidate=True;constructible=True;affordable=False;available=False;owned=4;upgradeTo=IndustrialCarbonizationRetort;research=SteamPower|Coking;workshop=;productivity=-214.72;territory=1749]"
1348206,1350006,Fast,"Building","Waiting","",4,"productivity or territory is insufficient [CokeOven:candidate=True;constructible=True;affordable=False;available=False;owned=4;upgradeTo=IndustrialCarbonizationRetort;research=SteamPower|Coking;workshop=;productivity=-217.08;territory=1749]"
1350606,1354806,Fast,"Building","Waiting","",8,"productivity or territory is insufficient [CokeOven:candidate=True;constructible=True;affordable=False;available=False;owned=4;upgradeTo=IndustrialCarbonizationRetort;research=SteamPower|Coking;workshop=;productivity=-219.44;territory=1749]"
1355406,1355406,Fast,"Building","Waiting","",1,"productivity or territory is insufficient [CokeOven:candidate=True;constructible=True;affordable=False;available=False;owned=4;upgradeTo=IndustrialCarbonizationRetort;research=SteamPower|Coking;workshop=;productivity=-221.8;territory=1749]"
1356006,1356006,Fast,"Building","Waiting","",1,"productivity or territory is insufficient [CokeOven:candidate=True;constructible=True;affordable=False;available=False;owned=4;upgradeTo=IndustrialCarbonizationRetort;research=SteamPower|Coking;workshop=;productivity=0.04;territory=1749]"
1356606,1356606,Fast,"Building","Waiting","",1,"productivity or territory is insufficient [CokeOven:candidate=True;constructible=True;affordable=False;available=False;owned=4;upgradeTo=IndustrialCarbonizationRetort;research=SteamPower|Coking;workshop=;productivity=-35.36;territory=1749]"
1357206,1357206,Fast,"Building","Waiting","",1,"productivity or territory is insufficient [CokeOven:candidate=True;constructible=True;affordable=False;available=False;owned=4;upgradeTo=IndustrialCarbonizationRetort;research=SteamPower|Coking;workshop=;productivity=-66.04;territory=1749]"
1357806,1357806,Fast,"Building","Waiting","",1,"productivity or territory is insufficient [CokeOven:candidate=True;constructible=True;affordable=False;available=False;owned=4;upgradeTo=IndustrialCarbonizationRetort;research=SteamPower|Coking;workshop=;productivity=-92;territory=1749]"
1358406,1358406,Fast,"Building","Waiting","",1,"productivity or territory is insufficient [CokeOven:candidate=True;constructible=True;affordable=False;available=False;owned=4;upgradeTo=IndustrialCarbonizationRetort;research=SteamPower|Coking;workshop=;productivity=-113.24;territory=1749]"
1359006,1359006,Fast,"Building","Waiting","",1,"productivity or territory is insufficient [CokeOven:candidate=True;constructible=True;affordable=False;available=False;owned=4;upgradeTo=IndustrialCarbonizationRetort;research=SteamPower|Coking;workshop=;productivity=-132.12;territory=1749]"
1359606,1359606,Fast,"Building","Waiting","",1,"productivity or territory is insufficient [CokeOven:candidate=True;constructible=True;affordable=False;available=False;owned=4;upgradeTo=IndustrialCarbonizationRetort;research=SteamPower|Coking;workshop=;productivity=-146.28;territory=1749]"
1360206,1360206,Fast,"Building","Waiting","",1,"productivity or territory is insufficient [CokeOven:candidate=True;constructible=True;affordable=False;available=False;owned=4;upgradeTo=IndustrialCarbonizationRetort;research=SteamPower|Coking;workshop=;productivity=-158.08;territory=1749]"
1360806,1360806,Fast,"Building","Waiting","",1,"productivity or territory is insufficient [CokeOven:candidate=True;constructible=True;affordable=False;available=False;owned=4;upgradeTo=IndustrialCarbonizationRetort;research=SteamPower|Coking;workshop=;productivity=-169.88;territory=1749]"
1361406,1361406,Fast,"Building","Waiting","",1,"productivity or territory is insufficient [CokeOven:candidate=True;constructible=True;affordable=False;available=False;owned=4;upgradeTo=IndustrialCarbonizationRetort;research=SteamPower|Coking;workshop=;productivity=-176.96;territory=1749]"
1362006,1362006,Fast,"Building","Waiting","",1,"productivity or territory is insufficient [CokeOven:candidate=True;constructible=True;affordable=False;available=False;owned=4;upgradeTo=IndustrialCarbonizationRetort;research=SteamPower|Coking;workshop=;productivity=-186.4;territory=1749]"
1362606,1362606,Fast,"Building","Waiting","",1,"productivity or territory is insufficient [CokeOven:candidate=True;constructible=True;affordable=False;available=False;owned=4;upgradeTo=IndustrialCarbonizationRetort;research=SteamPower|Coking;workshop=;productivity=-191.12;territory=1749]"
1363206,1363206,Fast,"Building","Waiting","",1,"productivity or territory is insufficient [CokeOven:candidate=True;constructible=True;affordable=False;available=False;owned=4;upgradeTo=IndustrialCarbonizationRetort;research=SteamPower|Coking;workshop=;productivity=-195.84;territory=1749]"
1363806,1363806,Fast,"Building","Waiting","",1,"productivity or territory is insufficient [CokeOven:candidate=True;constructible=True;affordable=False;available=False;owned=4;upgradeTo=IndustrialCarbonizationRetort;research=SteamPower|Coking;workshop=;productivity=-200.56;territory=1749]"
1364406,1364406,Fast,"Building","Waiting","",1,"productivity or territory is insufficient [CokeOven:candidate=True;constructible=True;affordable=False;available=False;owned=4;upgradeTo=IndustrialCarbonizationRetort;research=SteamPower|Coking;workshop=;productivity=-202.92;territory=1749]"
1365006,1365006,Fast,"Building","Waiting","",1,"productivity or territory is insufficient [CokeOven:candidate=True;constructible=True;affordable=False;available=False;owned=4;upgradeTo=IndustrialCarbonizationRetort;research=SteamPower|Coking;workshop=;productivity=-207.64;territory=1749]"
1365606,1366206,Fast,"Building","Waiting","",2,"productivity or territory is insufficient [CokeOven:candidate=True;constructible=True;affordable=False;available=False;owned=4;upgradeTo=IndustrialCarbonizationRetort;research=SteamPower|Coking;workshop=;productivity=-210;territory=1749]"
1366806,1366806,Fast,"Building","Waiting","",1,"productivity or territory is insufficient [CokeOven:candidate=True;constructible=True;affordable=False;available=False;owned=4;upgradeTo=IndustrialCarbonizationRetort;research=SteamPower|Coking;workshop=;productivity=-212.36;territory=1749]"
1367406,1368006,Fast,"Building","Waiting","",2,"productivity or territory is insufficient [CokeOven:candidate=True;constructible=True;affordable=False;available=False;owned=4;upgradeTo=IndustrialCarbonizationRetort;research=SteamPower|Coking;workshop=;productivity=-214.72;territory=1749]"
1368606,1370406,Fast,"Building","Waiting","",4,"productivity or territory is insufficient [CokeOven:candidate=True;constructible=True;affordable=False;available=False;owned=4;upgradeTo=IndustrialCarbonizationRetort;research=SteamPower|Coking;workshop=;productivity=-217.08;territory=1749]"
1371006,1375206,Fast,"Building","Waiting","",8,"productivity or territory is insufficient [CokeOven:candidate=True;constructible=True;affordable=False;available=False;owned=4;upgradeTo=IndustrialCarbonizationRetort;research=SteamPower|Coking;workshop=;productivity=-219.44;territory=1749]"
1375806,1375806,Fast,"Building","Waiting","",1,"productivity or territory is insufficient [CokeOven:candidate=True;constructible=True;affordable=False;available=False;owned=4;upgradeTo=IndustrialCarbonizationRetort;research=SteamPower|Coking;workshop=;productivity=-221.8;territory=1749]"
1376406,1376406,Fast,"Building","Waiting","",1,"productivity or territory is insufficient [CokeOven:candidate=True;constructible=True;affordable=False;available=False;owned=4;upgradeTo=IndustrialCarbonizationRetort;research=SteamPower|Coking;workshop=;productivity=0.04;territory=1749]"
1377006,1377006,Fast,"Building","Waiting","",1,"productivity or territory is insufficient [CokeOven:candidate=True;constructible=True;affordable=False;available=False;owned=4;upgradeTo=IndustrialCarbonizationRetort;research=SteamPower|Coking;workshop=;productivity=-35.36;territory=1749]"
1377606,1377606,Fast,"Building","Waiting","",1,"productivity or territory is insufficient [CokeOven:candidate=True;constructible=True;affordable=False;available=False;owned=4;upgradeTo=IndustrialCarbonizationRetort;research=SteamPower|Coking;workshop=;productivity=-66.04;territory=1749]"
1378206,1378206,Fast,"Building","Waiting","",1,"productivity or territory is insufficient [CokeOven:candidate=True;constructible=True;affordable=False;available=False;owned=4;upgradeTo=IndustrialCarbonizationRetort;research=SteamPower|Coking;workshop=;productivity=-92;territory=1749]"
1378806,1378806,Fast,"Building","Waiting","",1,"productivity or territory is insufficient [CokeOven:candidate=True;constructible=True;affordable=False;available=False;owned=4;upgradeTo=IndustrialCarbonizationRetort;research=SteamPower|Coking;workshop=;productivity=-113.24;territory=1749]"
1379406,1379406,Fast,"Building","Waiting","",1,"productivity or territory is insufficient [CokeOven:candidate=True;constructible=True;affordable=False;available=False;owned=4;upgradeTo=IndustrialCarbonizationRetort;research=SteamPower|Coking;workshop=;productivity=-132.12;territory=1749]"
1380006,1380006,Fast,"Building","Waiting","",1,"productivity or territory is insufficient [CokeOven:candidate=True;constructible=True;affordable=False;available=False;owned=4;upgradeTo=IndustrialCarbonizationRetort;research=SteamPower|Coking;workshop=;productivity=-146.28;territory=1749]"
1380606,1380606,Fast,"Building","Waiting","",1,"productivity or territory is insufficient [CokeOven:candidate=True;constructible=True;affordable=False;available=False;owned=4;upgradeTo=IndustrialCarbonizationRetort;research=SteamPower|Coking;workshop=;productivity=-158.08;territory=1749]"
1381206,1381206,Fast,"Building","Waiting","",1,"productivity or territory is insufficient [CokeOven:candidate=True;constructible=True;affordable=False;available=False;owned=4;upgradeTo=IndustrialCarbonizationRetort;research=SteamPower|Coking;workshop=;productivity=-169.88;territory=1749]"
1381806,1381806,Fast,"Building","Waiting","",1,"productivity or territory is insufficient [CokeOven:candidate=True;constructible=True;affordable=False;available=False;owned=4;upgradeTo=IndustrialCarbonizationRetort;research=SteamPower|Coking;workshop=;productivity=-176.96;territory=1749]"
1382406,1382406,Fast,"Building","Waiting","",1,"productivity or territory is insufficient [CokeOven:candidate=True;constructible=True;affordable=False;available=False;owned=4;upgradeTo=IndustrialCarbonizationRetort;research=SteamPower|Coking;workshop=;productivity=-186.4;territory=1749]"
1383006,1383006,Fast,"Building","Waiting","",1,"productivity or territory is insufficient [CokeOven:candidate=True;constructible=True;affordable=False;available=False;owned=4;upgradeTo=IndustrialCarbonizationRetort;research=SteamPower|Coking;workshop=;productivity=-191.12;territory=1749]"
1383606,1383606,Fast,"Building","Waiting","",1,"productivity or territory is insufficient [CokeOven:candidate=True;constructible=True;affordable=False;available=False;owned=4;upgradeTo=IndustrialCarbonizationRetort;research=SteamPower|Coking;workshop=;productivity=-195.84;territory=1749]"
1384206,1384206,Fast,"Building","Waiting","",1,"productivity or territory is insufficient [CokeOven:candidate=True;constructible=True;affordable=False;available=False;owned=4;upgradeTo=IndustrialCarbonizationRetort;research=SteamPower|Coking;workshop=;productivity=-200.56;territory=1749]"
1384806,1384806,Fast,"Building","Waiting","",1,"productivity or territory is insufficient [CokeOven:candidate=True;constructible=True;affordable=False;available=False;owned=4;upgradeTo=IndustrialCarbonizationRetort;research=SteamPower|Coking;workshop=;productivity=-202.92;territory=1749]"
1385406,1385406,Fast,"Building","Waiting","",1,"productivity or territory is insufficient [CokeOven:candidate=True;constructible=True;affordable=False;available=False;owned=4;upgradeTo=IndustrialCarbonizationRetort;research=SteamPower|Coking;workshop=;productivity=-207.64;territory=1749]"
1386006,1386606,Fast,"Building","Waiting","",2,"productivity or territory is insufficient [CokeOven:candidate=True;constructible=True;affordable=False;available=False;owned=4;upgradeTo=IndustrialCarbonizationRetort;research=SteamPower|Coking;workshop=;productivity=-210;territory=1749]"
1387206,1387206,Fast,"Building","Waiting","",1,"productivity or territory is insufficient [CokeOven:candidate=True;constructible=True;affordable=False;available=False;owned=4;upgradeTo=IndustrialCarbonizationRetort;research=SteamPower|Coking;workshop=;productivity=-212.36;territory=1749]"
1387806,1388406,Fast,"Building","Waiting","",2,"productivity or territory is insufficient [CokeOven:candidate=True;constructible=True;affordable=False;available=False;owned=4;upgradeTo=IndustrialCarbonizationRetort;research=SteamPower|Coking;workshop=;productivity=-214.72;territory=1749]"
1389006,1390806,Fast,"Building","Waiting","",4,"productivity or territory is insufficient [CokeOven:candidate=True;constructible=True;affordable=False;available=False;owned=4;upgradeTo=IndustrialCarbonizationRetort;research=SteamPower|Coking;workshop=;productivity=-217.08;territory=1749]"
1391406,1395606,Fast,"Building","Waiting","",8,"productivity or territory is insufficient [CokeOven:candidate=True;constructible=True;affordable=False;available=False;owned=4;upgradeTo=IndustrialCarbonizationRetort;research=SteamPower|Coking;workshop=;productivity=-219.44;territory=1749]"
1396206,1396206,Fast,"Building","Waiting","",1,"productivity or territory is insufficient [CokeOven:candidate=True;constructible=True;affordable=False;available=False;owned=4;upgradeTo=IndustrialCarbonizationRetort;research=SteamPower|Coking;workshop=;productivity=-221.8;territory=1749]"
1396806,1396806,Fast,"Building","Waiting","",1,"productivity or territory is insufficient [CokeOven:candidate=True;constructible=True;affordable=False;available=False;owned=4;upgradeTo=IndustrialCarbonizationRetort;research=SteamPower|Coking;workshop=;productivity=0.04;territory=1749]"
1397406,1397406,Fast,"Building","Waiting","",1,"productivity or territory is insufficient [CokeOven:candidate=True;constructible=True;affordable=False;available=False;owned=4;upgradeTo=IndustrialCarbonizationRetort;research=SteamPower|Coking;workshop=;productivity=-35.36;territory=1749]"
1398006,1398006,Fast,"Building","Waiting","",1,"productivity or territory is insufficient [CokeOven:candidate=True;constructible=True;affordable=False;available=False;owned=4;upgradeTo=IndustrialCarbonizationRetort;research=SteamPower|Coking;workshop=;productivity=-66.04;territory=1749]"
1398606,1398606,Fast,"Building","Waiting","",1,"productivity or territory is insufficient [CokeOven:candidate=True;constructible=True;affordable=False;available=False;owned=4;upgradeTo=IndustrialCarbonizationRetort;research=SteamPower|Coking;workshop=;productivity=-92;territory=1749]"
1399206,1399206,Fast,"Building","Waiting","",1,"productivity or territory is insufficient [CokeOven:candidate=True;constructible=True;affordable=False;available=False;owned=4;upgradeTo=IndustrialCarbonizationRetort;research=SteamPower|Coking;workshop=;productivity=-113.24;territory=1749]"
1399806,1399806,Fast,"Building","Waiting","",1,"productivity or territory is insufficient [CokeOven:candidate=True;constructible=True;affordable=False;available=False;owned=4;upgradeTo=IndustrialCarbonizationRetort;research=SteamPower|Coking;workshop=;productivity=-132.12;territory=1749]"
1400406,1400406,Fast,"Building","Waiting","",1,"productivity or territory is insufficient [CokeOven:candidate=True;constructible=True;affordable=False;available=False;owned=4;upgradeTo=IndustrialCarbonizationRetort;research=SteamPower|Coking;workshop=;productivity=-146.28;territory=1749]"
1401006,1401006,Fast,"Building","Waiting","",1,"productivity or territory is insufficient [CokeOven:candidate=True;constructible=True;affordable=False;available=False;owned=4;upgradeTo=IndustrialCarbonizationRetort;research=SteamPower|Coking;workshop=;productivity=-158.08;territory=1749]"
1401606,1401606,Fast,"Building","Waiting","",1,"productivity or territory is insufficient [CokeOven:candidate=True;constructible=True;affordable=False;available=False;owned=4;upgradeTo=IndustrialCarbonizationRetort;research=SteamPower|Coking;workshop=;productivity=-169.88;territory=1749]"
1402206,1402206,Fast,"Building","Waiting","",1,"productivity or territory is insufficient [CokeOven:candidate=True;constructible=True;affordable=False;available=False;owned=4;upgradeTo=IndustrialCarbonizationRetort;research=SteamPower|Coking;workshop=;productivity=-176.96;territory=1749]"
1402806,1402806,Fast,"Building","Waiting","",1,"productivity or territory is insufficient [CokeOven:candidate=True;constructible=True;affordable=False;available=False;owned=4;upgradeTo=IndustrialCarbonizationRetort;research=SteamPower|Coking;workshop=;productivity=-186.4;territory=1749]"
1403406,1403406,Fast,"Building","Waiting","",1,"productivity or territory is insufficient [CokeOven:candidate=True;constructible=True;affordable=False;available=False;owned=4;upgradeTo=IndustrialCarbonizationRetort;research=SteamPower|Coking;workshop=;productivity=-191.12;territory=1749]"
1404006,1404006,Fast,"Building","Waiting","",1,"productivity or territory is insufficient [CokeOven:candidate=True;constructible=True;affordable=False;available=False;owned=4;upgradeTo=IndustrialCarbonizationRetort;research=SteamPower|Coking;workshop=;productivity=-195.84;territory=1749]"
1404606,1404606,Fast,"Building","Waiting","",1,"productivity or territory is insufficient [CokeOven:candidate=True;constructible=True;affordable=False;available=False;owned=4;upgradeTo=IndustrialCarbonizationRetort;research=SteamPower|Coking;workshop=;productivity=-200.56;territory=1749]"
1405206,1405206,Fast,"Building","Waiting","",1,"productivity or territory is insufficient [CokeOven:candidate=True;constructible=True;affordable=False;available=False;owned=4;upgradeTo=IndustrialCarbonizationRetort;research=SteamPower|Coking;workshop=;productivity=-202.92;territory=1749]"
1405806,1405806,Fast,"Building","Waiting","",1,"productivity or territory is insufficient [CokeOven:candidate=True;constructible=True;affordable=False;available=False;owned=4;upgradeTo=IndustrialCarbonizationRetort;research=SteamPower|Coking;workshop=;productivity=-207.64;territory=1749]"
1406406,1407006,Fast,"Building","Waiting","",2,"productivity or territory is insufficient [CokeOven:candidate=True;constructible=True;affordable=False;available=False;owned=4;upgradeTo=IndustrialCarbonizationRetort;research=SteamPower|Coking;workshop=;productivity=-210;territory=1749]"
1407606,1407606,Fast,"Building","Waiting","",1,"productivity or territory is insufficient [CokeOven:candidate=True;constructible=True;affordable=False;available=False;owned=4;upgradeTo=IndustrialCarbonizationRetort;research=SteamPower|Coking;workshop=;productivity=-212.36;territory=1749]"
1408206,1408806,Fast,"Building","Waiting","",2,"productivity or territory is insufficient [CokeOven:candidate=True;constructible=True;affordable=False;available=False;owned=4;upgradeTo=IndustrialCarbonizationRetort;research=SteamPower|Coking;workshop=;productivity=-214.72;territory=1749]"
1409406,1411206,Fast,"Building","Waiting","",4,"productivity or territory is insufficient [CokeOven:candidate=True;constructible=True;affordable=False;available=False;owned=4;upgradeTo=IndustrialCarbonizationRetort;research=SteamPower|Coking;workshop=;productivity=-217.08;territory=1749]"
1411806,1416006,Fast,"Building","Waiting","",8,"productivity or territory is insufficient [CokeOven:candidate=True;constructible=True;affordable=False;available=False;owned=4;upgradeTo=IndustrialCarbonizationRetort;research=SteamPower|Coking;workshop=;productivity=-219.44;territory=1749]"
1416606,1416606,Fast,"Building","Waiting","",1,"productivity or territory is insufficient [CokeOven:candidate=True;constructible=True;affordable=False;available=False;owned=4;upgradeTo=IndustrialCarbonizationRetort;research=SteamPower|Coking;workshop=;productivity=-221.8;territory=1749]"
1417206,1417206,Fast,"Building","Waiting","",1,"productivity or territory is insufficient [CokeOven:candidate=True;constructible=True;affordable=False;available=False;owned=4;upgradeTo=IndustrialCarbonizationRetort;research=SteamPower|Coking;workshop=;productivity=0.04;territory=1749]"
1417806,1417806,Fast,"Building","Waiting","",1,"productivity or territory is insufficient [CokeOven:candidate=True;constructible=True;affordable=False;available=False;owned=4;upgradeTo=IndustrialCarbonizationRetort;research=SteamPower|Coking;workshop=;productivity=-35.36;territory=1749]"
1418406,1418406,Fast,"Building","Waiting","",1,"productivity or territory is insufficient [CokeOven:candidate=True;constructible=True;affordable=False;available=False;owned=4;upgradeTo=IndustrialCarbonizationRetort;research=SteamPower|Coking;workshop=;productivity=-66.04;territory=1749]"
1419006,1419006,Fast,"Building","Waiting","",1,"productivity or territory is insufficient [CokeOven:candidate=True;constructible=True;affordable=False;available=False;owned=4;upgradeTo=IndustrialCarbonizationRetort;research=SteamPower|Coking;workshop=;productivity=-92;territory=1749]"
1419606,1419606,Fast,"Building","Waiting","",1,"productivity or territory is insufficient [CokeOven:candidate=True;constructible=True;affordable=False;available=False;owned=4;upgradeTo=IndustrialCarbonizationRetort;research=SteamPower|Coking;workshop=;productivity=-113.24;territory=1749]"
1420206,1420206,Fast,"Building","Waiting","",1,"productivity or territory is insufficient [CokeOven:candidate=True;constructible=True;affordable=False;available=False;owned=4;upgradeTo=IndustrialCarbonizationRetort;research=SteamPower|Coking;workshop=;productivity=-132.12;territory=1749]"
1420806,1420806,Fast,"Building","Waiting","",1,"productivity or territory is insufficient [CokeOven:candidate=True;constructible=True;affordable=False;available=False;owned=4;upgradeTo=IndustrialCarbonizationRetort;research=SteamPower|Coking;workshop=;productivity=-146.28;territory=1749]"
1421406,1421406,Fast,"Building","Waiting","",1,"productivity or territory is insufficient [CokeOven:candidate=True;constructible=True;affordable=False;available=False;owned=4;upgradeTo=IndustrialCarbonizationRetort;research=SteamPower|Coking;workshop=;productivity=-158.08;territory=1749]"
1422006,1422006,Fast,"Building","Waiting","",1,"productivity or territory is insufficient [CokeOven:candidate=True;constructible=True;affordable=False;available=False;owned=4;upgradeTo=IndustrialCarbonizationRetort;research=SteamPower|Coking;workshop=;productivity=-169.88;territory=1749]"
1422606,1422606,Fast,"Building","Waiting","",1,"productivity or territory is insufficient [CokeOven:candidate=True;constructible=True;affordable=False;available=False;owned=4;upgradeTo=IndustrialCarbonizationRetort;research=SteamPower|Coking;workshop=;productivity=-176.96;territory=1749]"
1423206,1423206,Fast,"Building","Waiting","",1,"productivity or territory is insufficient [CokeOven:candidate=True;constructible=True;affordable=False;available=False;owned=4;upgradeTo=IndustrialCarbonizationRetort;research=SteamPower|Coking;workshop=;productivity=-186.4;territory=1749]"
1423806,1423806,Fast,"Building","Waiting","",1,"productivity or territory is insufficient [CokeOven:candidate=True;constructible=True;affordable=False;available=False;owned=4;upgradeTo=IndustrialCarbonizationRetort;research=SteamPower|Coking;workshop=;productivity=-191.12;territory=1749]"
1424406,1424406,Fast,"Building","Waiting","",1,"productivity or territory is insufficient [CokeOven:candidate=True;constructible=True;affordable=False;available=False;owned=4;upgradeTo=IndustrialCarbonizationRetort;research=SteamPower|Coking;workshop=;productivity=-195.84;territory=1749]"
1425006,1425006,Fast,"Building","Waiting","",1,"productivity or territory is insufficient [CokeOven:candidate=True;constructible=True;affordable=False;available=False;owned=4;upgradeTo=IndustrialCarbonizationRetort;research=SteamPower|Coking;workshop=;productivity=-200.56;territory=1749]"
1425606,1425606,Fast,"Building","Waiting","",1,"productivity or territory is insufficient [CokeOven:candidate=True;constructible=True;affordable=False;available=False;owned=4;upgradeTo=IndustrialCarbonizationRetort;research=SteamPower|Coking;workshop=;productivity=-202.92;territory=1749]"
1426206,1426206,Fast,"Building","Waiting","",1,"productivity or territory is insufficient [CokeOven:candidate=True;constructible=True;affordable=False;available=False;owned=4;upgradeTo=IndustrialCarbonizationRetort;research=SteamPower|Coking;workshop=;productivity=-207.64;territory=1749]"
1426806,1427406,Fast,"Building","Waiting","",2,"productivity or territory is insufficient [CokeOven:candidate=True;constructible=True;affordable=False;available=False;owned=4;upgradeTo=IndustrialCarbonizationRetort;research=SteamPower|Coking;workshop=;productivity=-210;territory=1749]"
1428006,1428006,Fast,"Building","Waiting","",1,"productivity or territory is insufficient [CokeOven:candidate=True;constructible=True;affordable=False;available=False;owned=4;upgradeTo=IndustrialCarbonizationRetort;research=SteamPower|Coking;workshop=;productivity=-212.36;territory=1749]"
1428606,1429206,Fast,"Building","Waiting","",2,"productivity or territory is insufficient [CokeOven:candidate=True;constructible=True;affordable=False;available=False;owned=4;upgradeTo=IndustrialCarbonizationRetort;research=SteamPower|Coking;workshop=;productivity=-214.72;territory=1749]"
1429806,1431606,Fast,"Building","Waiting","",4,"productivity or territory is insufficient [CokeOven:candidate=True;constructible=True;affordable=False;available=False;owned=4;upgradeTo=IndustrialCarbonizationRetort;research=SteamPower|Coking;workshop=;productivity=-217.08;territory=1749]"
1432206,1436406,Fast,"Building","Waiting","",8,"productivity or territory is insufficient [CokeOven:candidate=True;constructible=True;affordable=False;available=False;owned=4;upgradeTo=IndustrialCarbonizationRetort;research=SteamPower|Coking;workshop=;productivity=-219.44;territory=1749]"
1437006,1437006,Fast,"Building","Waiting","",1,"productivity or territory is insufficient [CokeOven:candidate=True;constructible=True;affordable=False;available=False;owned=4;upgradeTo=IndustrialCarbonizationRetort;research=SteamPower|Coking;workshop=;productivity=-221.8;territory=1749]"
1437606,1437606,Fast,"Building","Waiting","",1,"productivity or territory is insufficient [CokeOven:candidate=True;constructible=True;affordable=False;available=False;owned=4;upgradeTo=IndustrialCarbonizationRetort;research=SteamPower|Coking;workshop=;productivity=0.04;territory=1749]"
1438206,1438206,Fast,"Building","Waiting","",1,"productivity or territory is insufficient [CokeOven:candidate=True;constructible=True;affordable=False;available=False;owned=4;upgradeTo=IndustrialCarbonizationRetort;research=SteamPower|Coking;workshop=;productivity=-35.36;territory=1749]"
1438806,1438806,Fast,"Building","Waiting","",1,"productivity or territory is insufficient [CokeOven:candidate=True;constructible=True;affordable=False;available=False;owned=4;upgradeTo=IndustrialCarbonizationRetort;research=SteamPower|Coking;workshop=;productivity=-66.04;territory=1749]"
1439406,1439406,Fast,"Building","Waiting","",1,"productivity or territory is insufficient [CokeOven:candidate=True;constructible=True;affordable=False;available=False;owned=4;upgradeTo=IndustrialCarbonizationRetort;research=SteamPower|Coking;workshop=;productivity=-92;territory=1749]"
1440006,1440006,Fast,"Building","Waiting","",1,"productivity or territory is insufficient [CokeOven:candidate=True;constructible=True;affordable=False;available=False;owned=4;upgradeTo=IndustrialCarbonizationRetort;research=SteamPower|Coking;workshop=;productivity=-113.24;territory=1749]"
1440606,1440606,Fast,"Building","Waiting","",1,"productivity or territory is insufficient [CokeOven:candidate=True;constructible=True;affordable=False;available=False;owned=4;upgradeTo=IndustrialCarbonizationRetort;research=SteamPower|Coking;workshop=;productivity=-132.12;territory=1749]"
1441206,1441206,Fast,"Building","Waiting","",1,"productivity or territory is insufficient [CokeOven:candidate=True;constructible=True;affordable=False;available=False;owned=4;upgradeTo=IndustrialCarbonizationRetort;research=SteamPower|Coking;workshop=;productivity=-146.28;territory=1749]"
1441806,1441806,Fast,"Building","Waiting","",1,"productivity or territory is insufficient [CokeOven:candidate=True;constructible=True;affordable=False;available=False;owned=4;upgradeTo=IndustrialCarbonizationRetort;research=SteamPower|Coking;workshop=;productivity=-158.08;territory=1749]"
1442406,1442406,Fast,"Building","Waiting","",1,"productivity or territory is insufficient [CokeOven:candidate=True;constructible=True;affordable=False;available=False;owned=4;upgradeTo=IndustrialCarbonizationRetort;research=SteamPower|Coking;workshop=;productivity=-169.88;territory=1749]"
1443006,1443006,Fast,"Building","Waiting","",1,"productivity or territory is insufficient [CokeOven:candidate=True;constructible=True;affordable=False;available=False;owned=4;upgradeTo=IndustrialCarbonizationRetort;research=SteamPower|Coking;workshop=;productivity=-176.96;territory=1749]"
1443606,1443606,Fast,"Building","Waiting","",1,"productivity or territory is insufficient [CokeOven:candidate=True;constructible=True;affordable=False;available=False;owned=4;upgradeTo=IndustrialCarbonizationRetort;research=SteamPower|Coking;workshop=;productivity=-186.4;territory=1749]"
1444206,1444206,Fast,"Building","Waiting","",1,"productivity or territory is insufficient [CokeOven:candidate=True;constructible=True;affordable=False;available=False;owned=4;upgradeTo=IndustrialCarbonizationRetort;research=SteamPower|Coking;workshop=;productivity=-191.12;territory=1749]"
1444806,1444806,Fast,"Building","Waiting","",1,"productivity or territory is insufficient [CokeOven:candidate=True;constructible=True;affordable=False;available=False;owned=4;upgradeTo=IndustrialCarbonizationRetort;research=SteamPower|Coking;workshop=;productivity=-195.84;territory=1749]"
1445406,1445406,Fast,"Building","Waiting","",1,"productivity or territory is insufficient [CokeOven:candidate=True;constructible=True;affordable=False;available=False;owned=4;upgradeTo=IndustrialCarbonizationRetort;research=SteamPower|Coking;workshop=;productivity=-200.56;territory=1749]"
1446006,1446006,Fast,"Building","Waiting","",1,"productivity or territory is insufficient [CokeOven:candidate=True;constructible=True;affordable=False;available=False;owned=4;upgradeTo=IndustrialCarbonizationRetort;research=SteamPower|Coking;workshop=;productivity=-202.92;territory=1749]"
1446606,1446606,Fast,"Building","Waiting","",1,"productivity or territory is insufficient [CokeOven:candidate=True;constructible=True;affordable=False;available=False;owned=4;upgradeTo=IndustrialCarbonizationRetort;research=SteamPower|Coking;workshop=;productivity=-207.64;territory=1749]"
1447206,1447806,Fast,"Building","Waiting","",2,"productivity or territory is insufficient [CokeOven:candidate=True;constructible=True;affordable=False;available=False;owned=4;upgradeTo=IndustrialCarbonizationRetort;research=SteamPower|Coking;workshop=;productivity=-210;territory=1749]"
1448406,1448406,Fast,"Building","Waiting","",1,"productivity or territory is insufficient [CokeOven:candidate=True;constructible=True;affordable=False;available=False;owned=4;upgradeTo=IndustrialCarbonizationRetort;research=SteamPower|Coking;workshop=;productivity=-212.36;territory=1749]"
1449006,1449606,Fast,"Building","Waiting","",2,"productivity or territory is insufficient [CokeOven:candidate=True;constructible=True;affordable=False;available=False;owned=4;upgradeTo=IndustrialCarbonizationRetort;research=SteamPower|Coking;workshop=;productivity=-214.72;territory=1749]"
1450206,1452006,Fast,"Building","Waiting","",4,"productivity or territory is insufficient [CokeOven:candidate=True;constructible=True;affordable=False;available=False;owned=4;upgradeTo=IndustrialCarbonizationRetort;research=SteamPower|Coking;workshop=;productivity=-217.08;territory=1749]"
1452606,1456806,Fast,"Building","Waiting","",8,"productivity or territory is insufficient [CokeOven:candidate=True;constructible=True;affordable=False;available=False;owned=4;upgradeTo=IndustrialCarbonizationRetort;research=SteamPower|Coking;workshop=;productivity=-219.44;territory=1749]"
1457406,1457406,Fast,"Building","Waiting","",1,"productivity or territory is insufficient [CokeOven:candidate=True;constructible=True;affordable=False;available=False;owned=4;upgradeTo=IndustrialCarbonizationRetort;research=SteamPower|Coking;workshop=;productivity=-221.8;territory=1749]"
1458006,1458006,Fast,"Building","Waiting","",1,"productivity or territory is insufficient [CokeOven:candidate=True;constructible=True;affordable=False;available=False;owned=4;upgradeTo=IndustrialCarbonizationRetort;research=SteamPower|Coking;workshop=;productivity=0.04;territory=1749]"
1458606,1458606,Fast,"Building","Waiting","",1,"productivity or territory is insufficient [CokeOven:candidate=True;constructible=True;affordable=False;available=False;owned=4;upgradeTo=IndustrialCarbonizationRetort;research=SteamPower|Coking;workshop=;productivity=-35.36;territory=1749]"
1459206,1459206,Fast,"Building","Waiting","",1,"productivity or territory is insufficient [CokeOven:candidate=True;constructible=True;affordable=False;available=False;owned=4;upgradeTo=IndustrialCarbonizationRetort;research=SteamPower|Coking;workshop=;productivity=-66.04;territory=1749]"
1459806,1459806,Fast,"Building","Waiting","",1,"productivity or territory is insufficient [CokeOven:candidate=True;constructible=True;affordable=False;available=False;owned=4;upgradeTo=IndustrialCarbonizationRetort;research=SteamPower|Coking;workshop=;productivity=-92;territory=1749]"
1460406,1460406,Fast,"Building","Waiting","",1,"productivity or territory is insufficient [CokeOven:candidate=True;constructible=True;affordable=False;available=False;owned=4;upgradeTo=IndustrialCarbonizationRetort;research=SteamPower|Coking;workshop=;productivity=-113.24;territory=1749]"
1461006,1461006,Fast,"Building","Waiting","",1,"productivity or territory is insufficient [CokeOven:candidate=True;constructible=True;affordable=False;available=False;owned=4;upgradeTo=IndustrialCarbonizationRetort;research=SteamPower|Coking;workshop=;productivity=-132.12;territory=1749]"
1461606,1461606,Fast,"Building","Waiting","",1,"productivity or territory is insufficient [CokeOven:candidate=True;constructible=True;affordable=False;available=False;owned=4;upgradeTo=IndustrialCarbonizationRetort;research=SteamPower|Coking;workshop=;productivity=-146.28;territory=1749]"
1462206,1462206,Fast,"Building","Waiting","",1,"productivity or territory is insufficient [CokeOven:candidate=True;constructible=True;affordable=False;available=False;owned=4;upgradeTo=IndustrialCarbonizationRetort;research=SteamPower|Coking;workshop=;productivity=-158.08;territory=1749]"
1462806,1462806,Fast,"Building","Waiting","",1,"productivity or territory is insufficient [CokeOven:candidate=True;constructible=True;affordable=False;available=False;owned=4;upgradeTo=IndustrialCarbonizationRetort;research=SteamPower|Coking;workshop=;productivity=-169.88;territory=1749]"
1463406,1463406,Fast,"Building","Waiting","",1,"productivity or territory is insufficient [CokeOven:candidate=True;constructible=True;affordable=False;available=False;owned=4;upgradeTo=IndustrialCarbonizationRetort;research=SteamPower|Coking;workshop=;productivity=-176.96;territory=1749]"
1464006,1464006,Fast,"Building","Waiting","",1,"productivity or territory is insufficient [CokeOven:candidate=True;constructible=True;affordable=False;available=False;owned=4;upgradeTo=IndustrialCarbonizationRetort;research=SteamPower|Coking;workshop=;productivity=-186.4;territory=1749]"
1464606,1464606,Fast,"Building","Waiting","",1,"productivity or territory is insufficient [CokeOven:candidate=True;constructible=True;affordable=False;available=False;owned=4;upgradeTo=IndustrialCarbonizationRetort;research=SteamPower|Coking;workshop=;productivity=-191.12;territory=1749]"
1465206,1465206,Fast,"Building","Waiting","",1,"productivity or territory is insufficient [CokeOven:candidate=True;constructible=True;affordable=False;available=False;owned=4;upgradeTo=IndustrialCarbonizationRetort;research=SteamPower|Coking;workshop=;productivity=-195.84;territory=1749]"
1465806,1465806,Fast,"Building","Waiting","",1,"productivity or territory is insufficient [CokeOven:candidate=True;constructible=True;affordable=False;available=False;owned=4;upgradeTo=IndustrialCarbonizationRetort;research=SteamPower|Coking;workshop=;productivity=-200.56;territory=1749]"
1466406,1466406,Fast,"Building","Waiting","",1,"productivity or territory is insufficient [CokeOven:candidate=True;constructible=True;affordable=False;available=False;owned=4;upgradeTo=IndustrialCarbonizationRetort;research=SteamPower|Coking;workshop=;productivity=-202.92;territory=1749]"
1467006,1467006,Fast,"Building","Waiting","",1,"productivity or territory is insufficient [CokeOven:candidate=True;constructible=True;affordable=False;available=False;owned=4;upgradeTo=IndustrialCarbonizationRetort;research=SteamPower|Coking;workshop=;productivity=-207.64;territory=1749]"
1467606,1468206,Fast,"Building","Waiting","",2,"productivity or territory is insufficient [CokeOven:candidate=True;constructible=True;affordable=False;available=False;owned=4;upgradeTo=IndustrialCarbonizationRetort;research=SteamPower|Coking;workshop=;productivity=-210;territory=1749]"
1468806,1468806,Fast,"Building","Waiting","",1,"productivity or territory is insufficient [CokeOven:candidate=True;constructible=True;affordable=False;available=False;owned=4;upgradeTo=IndustrialCarbonizationRetort;research=SteamPower|Coking;workshop=;productivity=-212.36;territory=1749]"
1469406,1470006,Fast,"Building","Waiting","",2,"productivity or territory is insufficient [CokeOven:candidate=True;constructible=True;affordable=False;available=False;owned=4;upgradeTo=IndustrialCarbonizationRetort;research=SteamPower|Coking;workshop=;productivity=-214.72;territory=1749]"
1470606,1472406,Fast,"Building","Waiting","",4,"productivity or territory is insufficient [CokeOven:candidate=True;constructible=True;affordable=False;available=False;owned=4;upgradeTo=IndustrialCarbonizationRetort;research=SteamPower|Coking;workshop=;productivity=-217.08;territory=1749]"
1473006,1477206,Fast,"Building","Waiting","",8,"productivity or territory is insufficient [CokeOven:candidate=True;constructible=True;affordable=False;available=False;owned=4;upgradeTo=IndustrialCarbonizationRetort;research=SteamPower|Coking;workshop=;productivity=-219.44;territory=1749]"
1477806,1477806,Fast,"Building","Waiting","",1,"productivity or territory is insufficient [CokeOven:candidate=True;constructible=True;affordable=False;available=False;owned=4;upgradeTo=IndustrialCarbonizationRetort;research=SteamPower|Coking;workshop=;productivity=-221.8;territory=1749]"
1478406,1478406,Fast,"Building","Waiting","",1,"productivity or territory is insufficient [CokeOven:candidate=True;constructible=True;affordable=False;available=False;owned=4;upgradeTo=IndustrialCarbonizationRetort;research=SteamPower|Coking;workshop=;productivity=0.04;territory=1749]"
1479006,1479006,Fast,"Building","Waiting","",1,"productivity or territory is insufficient [CokeOven:candidate=True;constructible=True;affordable=False;available=False;owned=4;upgradeTo=IndustrialCarbonizationRetort;research=SteamPower|Coking;workshop=;productivity=-35.36;territory=1749]"
1479606,1479606,Fast,"Building","Waiting","",1,"productivity or territory is insufficient [CokeOven:candidate=True;constructible=True;affordable=False;available=False;owned=4;upgradeTo=IndustrialCarbonizationRetort;research=SteamPower|Coking;workshop=;productivity=-66.04;territory=1749]"
1480206,1480206,Fast,"Building","Waiting","",1,"productivity or territory is insufficient [CokeOven:candidate=True;constructible=True;affordable=False;available=False;owned=4;upgradeTo=IndustrialCarbonizationRetort;research=SteamPower|Coking;workshop=;productivity=-92;territory=1749]"
1480806,1480806,Fast,"Building","Waiting","",1,"productivity or territory is insufficient [CokeOven:candidate=True;constructible=True;affordable=False;available=False;owned=4;upgradeTo=IndustrialCarbonizationRetort;research=SteamPower|Coking;workshop=;productivity=-113.24;territory=1749]"
1481406,1481406,Fast,"Building","Waiting","",1,"productivity or territory is insufficient [CokeOven:candidate=True;constructible=True;affordable=False;available=False;owned=4;upgradeTo=IndustrialCarbonizationRetort;research=SteamPower|Coking;workshop=;productivity=-132.12;territory=1749]"
1482006,1482006,Fast,"Building","Waiting","",1,"productivity or territory is insufficient [CokeOven:candidate=True;constructible=True;affordable=False;available=False;owned=4;upgradeTo=IndustrialCarbonizationRetort;research=SteamPower|Coking;workshop=;productivity=-146.28;territory=1749]"
1482606,1482606,Fast,"Building","Waiting","",1,"productivity or territory is insufficient [CokeOven:candidate=True;constructible=True;affordable=False;available=False;owned=4;upgradeTo=IndustrialCarbonizationRetort;research=SteamPower|Coking;workshop=;productivity=-158.08;territory=1749]"
1483206,1483206,Fast,"Building","Waiting","",1,"productivity or territory is insufficient [CokeOven:candidate=True;constructible=True;affordable=False;available=False;owned=4;upgradeTo=IndustrialCarbonizationRetort;research=SteamPower|Coking;workshop=;productivity=-169.88;territory=1749]"
1483806,1483806,Fast,"Building","Waiting","",1,"productivity or territory is insufficient [CokeOven:candidate=True;constructible=True;affordable=False;available=False;owned=4;upgradeTo=IndustrialCarbonizationRetort;research=SteamPower|Coking;workshop=;productivity=-176.96;territory=1749]"
1484406,1484406,Fast,"Building","Waiting","",1,"productivity or territory is insufficient [CokeOven:candidate=True;constructible=True;affordable=False;available=False;owned=4;upgradeTo=IndustrialCarbonizationRetort;research=SteamPower|Coking;workshop=;productivity=-186.4;territory=1749]"
1485006,1485006,Fast,"Building","Waiting","",1,"productivity or territory is insufficient [CokeOven:candidate=True;constructible=True;affordable=False;available=False;owned=4;upgradeTo=IndustrialCarbonizationRetort;research=SteamPower|Coking;workshop=;productivity=-191.12;territory=1749]"
1485606,1485606,Fast,"Building","Waiting","",1,"productivity or territory is insufficient [CokeOven:candidate=True;constructible=True;affordable=False;available=False;owned=4;upgradeTo=IndustrialCarbonizationRetort;research=SteamPower|Coking;workshop=;productivity=-195.84;territory=1749]"
1486206,1486206,Fast,"Building","Waiting","",1,"productivity or territory is insufficient [CokeOven:candidate=True;constructible=True;affordable=False;available=False;owned=4;upgradeTo=IndustrialCarbonizationRetort;research=SteamPower|Coking;workshop=;productivity=-200.56;territory=1749]"
1486806,1486806,Fast,"Building","Waiting","",1,"productivity or territory is insufficient [CokeOven:candidate=True;constructible=True;affordable=False;available=False;owned=4;upgradeTo=IndustrialCarbonizationRetort;research=SteamPower|Coking;workshop=;productivity=-202.92;territory=1749]"
1487406,1487406,Fast,"Building","Waiting","",1,"productivity or territory is insufficient [CokeOven:candidate=True;constructible=True;affordable=False;available=False;owned=4;upgradeTo=IndustrialCarbonizationRetort;research=SteamPower|Coking;workshop=;productivity=-207.64;territory=1749]"
1488006,1488606,Fast,"Building","Waiting","",2,"productivity or territory is insufficient [CokeOven:candidate=True;constructible=True;affordable=False;available=False;owned=4;upgradeTo=IndustrialCarbonizationRetort;research=SteamPower|Coking;workshop=;productivity=-210;territory=1749]"
1489206,1489206,Fast,"Building","Waiting","",1,"productivity or territory is insufficient [CokeOven:candidate=True;constructible=True;affordable=False;available=False;owned=4;upgradeTo=IndustrialCarbonizationRetort;research=SteamPower|Coking;workshop=;productivity=-212.36;territory=1749]"
1489806,1490406,Fast,"Building","Waiting","",2,"productivity or territory is insufficient [CokeOven:candidate=True;constructible=True;affordable=False;available=False;owned=4;upgradeTo=IndustrialCarbonizationRetort;research=SteamPower|Coking;workshop=;productivity=-214.72;territory=1749]"
1491006,1492806,Fast,"Building","Waiting","",4,"productivity or territory is insufficient [CokeOven:candidate=True;constructible=True;affordable=False;available=False;owned=4;upgradeTo=IndustrialCarbonizationRetort;research=SteamPower|Coking;workshop=;productivity=-217.08;territory=1749]"
1493406,1497606,Fast,"Building","Waiting","",8,"productivity or territory is insufficient [CokeOven:candidate=True;constructible=True;affordable=False;available=False;owned=4;upgradeTo=IndustrialCarbonizationRetort;research=SteamPower|Coking;workshop=;productivity=-219.44;territory=1749]"
1498206,1498206,Fast,"Building","Waiting","",1,"productivity or territory is insufficient [CokeOven:candidate=True;constructible=True;affordable=False;available=False;owned=4;upgradeTo=IndustrialCarbonizationRetort;research=SteamPower|Coking;workshop=;productivity=-221.8;territory=1749]"
1498806,1498806,Fast,"Building","Waiting","",1,"productivity or territory is insufficient [CokeOven:candidate=True;constructible=True;affordable=False;available=False;owned=4;upgradeTo=IndustrialCarbonizationRetort;research=SteamPower|Coking;workshop=;productivity=0.04;territory=1749]"
1499406,1499406,Fast,"Building","Waiting","",1,"productivity or territory is insufficient [CokeOven:candidate=True;constructible=True;affordable=False;available=False;owned=4;upgradeTo=IndustrialCarbonizationRetort;research=SteamPower|Coking;workshop=;productivity=-35.36;territory=1749]"
1500006,1500006,Fast,"Building","Waiting","",1,"productivity or territory is insufficient [CokeOven:candidate=True;constructible=True;affordable=False;available=False;owned=4;upgradeTo=IndustrialCarbonizationRetort;research=SteamPower|Coking;workshop=;productivity=-66.04;territory=1749]"
1500606,1500606,Fast,"Building","Waiting","",1,"productivity or territory is insufficient [CokeOven:candidate=True;constructible=True;affordable=False;available=False;owned=4;upgradeTo=IndustrialCarbonizationRetort;research=SteamPower|Coking;workshop=;productivity=-92;territory=1749]"
1501206,1501206,Fast,"Building","Waiting","",1,"productivity or territory is insufficient [CokeOven:candidate=True;constructible=True;affordable=False;available=False;owned=4;upgradeTo=IndustrialCarbonizationRetort;research=SteamPower|Coking;workshop=;productivity=-113.24;territory=1749]"
1501806,1501806,Fast,"Building","Waiting","",1,"productivity or territory is insufficient [CokeOven:candidate=True;constructible=True;affordable=False;available=False;owned=4;upgradeTo=IndustrialCarbonizationRetort;research=SteamPower|Coking;workshop=;productivity=-132.12;territory=1749]"
1502406,1502406,Fast,"Building","Waiting","",1,"productivity or territory is insufficient [CokeOven:candidate=True;constructible=True;affordable=False;available=False;owned=4;upgradeTo=IndustrialCarbonizationRetort;research=SteamPower|Coking;workshop=;productivity=-146.28;territory=1749]"
1503006,1503006,Fast,"Building","Waiting","",1,"productivity or territory is insufficient [CokeOven:candidate=True;constructible=True;affordable=False;available=False;owned=4;upgradeTo=IndustrialCarbonizationRetort;research=SteamPower|Coking;workshop=;productivity=-158.08;territory=1749]"
1503606,1503606,Fast,"Building","Waiting","",1,"productivity or territory is insufficient [CokeOven:candidate=True;constructible=True;affordable=False;available=False;owned=4;upgradeTo=IndustrialCarbonizationRetort;research=SteamPower|Coking;workshop=;productivity=-169.88;territory=1749]"
1504206,1504206,Fast,"Building","Waiting","",1,"productivity or territory is insufficient [CokeOven:candidate=True;constructible=True;affordable=False;available=False;owned=4;upgradeTo=IndustrialCarbonizationRetort;research=SteamPower|Coking;workshop=;productivity=-176.96;territory=1749]"
1504806,1504806,Fast,"Building","Waiting","",1,"productivity or territory is insufficient [CokeOven:candidate=True;constructible=True;affordable=False;available=False;owned=4;upgradeTo=IndustrialCarbonizationRetort;research=SteamPower|Coking;workshop=;productivity=-186.4;territory=1749]"
1505406,1505406,Fast,"Building","Waiting","",1,"productivity or territory is insufficient [CokeOven:candidate=True;constructible=True;affordable=False;available=False;owned=4;upgradeTo=IndustrialCarbonizationRetort;research=SteamPower|Coking;workshop=;productivity=-191.12;territory=1749]"
1506006,1506006,Fast,"Building","Waiting","",1,"productivity or territory is insufficient [CokeOven:candidate=True;constructible=True;affordable=False;available=False;owned=4;upgradeTo=IndustrialCarbonizationRetort;research=SteamPower|Coking;workshop=;productivity=-195.84;territory=1749]"
1506606,1506606,Fast,"Building","Waiting","",1,"productivity or territory is insufficient [CokeOven:candidate=True;constructible=True;affordable=False;available=False;owned=4;upgradeTo=IndustrialCarbonizationRetort;research=SteamPower|Coking;workshop=;productivity=-200.56;territory=1749]"
1507206,1507206,Fast,"Building","Waiting","",1,"productivity or territory is insufficient [CokeOven:candidate=True;constructible=True;affordable=False;available=False;owned=4;upgradeTo=IndustrialCarbonizationRetort;research=SteamPower|Coking;workshop=;productivity=-202.92;territory=1749]"
1507806,1507806,Fast,"Building","Waiting","",1,"productivity or territory is insufficient [CokeOven:candidate=True;constructible=True;affordable=False;available=False;owned=4;upgradeTo=IndustrialCarbonizationRetort;research=SteamPower|Coking;workshop=;productivity=-207.64;territory=1749]"
1508406,1509006,Fast,"Building","Waiting","",2,"productivity or territory is insufficient [CokeOven:candidate=True;constructible=True;affordable=False;available=False;owned=4;upgradeTo=IndustrialCarbonizationRetort;research=SteamPower|Coking;workshop=;productivity=-210;territory=1749]"
1509606,1509606,Fast,"Building","Waiting","",1,"productivity or territory is insufficient [CokeOven:candidate=True;constructible=True;affordable=False;available=False;owned=4;upgradeTo=IndustrialCarbonizationRetort;research=SteamPower|Coking;workshop=;productivity=-212.36;territory=1749]"
1510206,1510806,Fast,"Building","Waiting","",2,"productivity or territory is insufficient [CokeOven:candidate=True;constructible=True;affordable=False;available=False;owned=4;upgradeTo=IndustrialCarbonizationRetort;research=SteamPower|Coking;workshop=;productivity=-214.72;territory=1749]"
1511406,1513206,Fast,"Building","Waiting","",4,"productivity or territory is insufficient [CokeOven:candidate=True;constructible=True;affordable=False;available=False;owned=4;upgradeTo=IndustrialCarbonizationRetort;research=SteamPower|Coking;workshop=;productivity=-217.08;territory=1749]"
1513806,1518006,Fast,"Building","Waiting","",8,"productivity or territory is insufficient [CokeOven:candidate=True;constructible=True;affordable=False;available=False;owned=4;upgradeTo=IndustrialCarbonizationRetort;research=SteamPower|Coking;workshop=;productivity=-219.44;territory=1749]"
1518606,1518606,Fast,"Building","Waiting","",1,"productivity or territory is insufficient [CokeOven:candidate=True;constructible=True;affordable=False;available=False;owned=4;upgradeTo=IndustrialCarbonizationRetort;research=SteamPower|Coking;workshop=;productivity=-221.8;territory=1749]"
1519206,1519206,Fast,"Building","Waiting","",1,"productivity or territory is insufficient [CokeOven:candidate=True;constructible=True;affordable=False;available=False;owned=4;upgradeTo=IndustrialCarbonizationRetort;research=SteamPower|Coking;workshop=;productivity=0.04;territory=1749]"
1519806,1519806,Fast,"Building","Waiting","",1,"productivity or territory is insufficient [CokeOven:candidate=True;constructible=True;affordable=False;available=False;owned=4;upgradeTo=IndustrialCarbonizationRetort;research=SteamPower|Coking;workshop=;productivity=-35.36;territory=1749]"
1520406,1520406,Fast,"Building","Waiting","",1,"productivity or territory is insufficient [CokeOven:candidate=True;constructible=True;affordable=False;available=False;owned=4;upgradeTo=IndustrialCarbonizationRetort;research=SteamPower|Coking;workshop=;productivity=-66.04;territory=1749]"
1521006,1521006,Fast,"Building","Waiting","",1,"productivity or territory is insufficient [CokeOven:candidate=True;constructible=True;affordable=False;available=False;owned=4;upgradeTo=IndustrialCarbonizationRetort;research=SteamPower|Coking;workshop=;productivity=-92;territory=1749]"
1521606,1521606,Fast,"Building","Waiting","",1,"productivity or territory is insufficient [CokeOven:candidate=True;constructible=True;affordable=False;available=False;owned=4;upgradeTo=IndustrialCarbonizationRetort;research=SteamPower|Coking;workshop=;productivity=-113.24;territory=1749]"
1522206,1522206,Fast,"Building","Waiting","",1,"productivity or territory is insufficient [CokeOven:candidate=True;constructible=True;affordable=False;available=False;owned=4;upgradeTo=IndustrialCarbonizationRetort;research=SteamPower|Coking;workshop=;productivity=-132.12;territory=1749]"
1522806,1522806,Fast,"Building","Waiting","",1,"productivity or territory is insufficient [CokeOven:candidate=True;constructible=True;affordable=False;available=False;owned=4;upgradeTo=IndustrialCarbonizationRetort;research=SteamPower|Coking;workshop=;productivity=-146.28;territory=1749]"
1523406,1523406,Fast,"Building","Waiting","",1,"productivity or territory is insufficient [CokeOven:candidate=True;constructible=True;affordable=False;available=False;owned=4;upgradeTo=IndustrialCarbonizationRetort;research=SteamPower|Coking;workshop=;productivity=-158.08;territory=1749]"
1524006,1524006,Fast,"Building","Waiting","",1,"productivity or territory is insufficient [CokeOven:candidate=True;constructible=True;affordable=False;available=False;owned=4;upgradeTo=IndustrialCarbonizationRetort;research=SteamPower|Coking;workshop=;productivity=-169.88;territory=1749]"
1524606,1524606,Fast,"Building","Waiting","",1,"productivity or territory is insufficient [CokeOven:candidate=True;constructible=True;affordable=False;available=False;owned=4;upgradeTo=IndustrialCarbonizationRetort;research=SteamPower|Coking;workshop=;productivity=-176.96;territory=1749]"
1525206,1525206,Fast,"Building","Waiting","",1,"productivity or territory is insufficient [CokeOven:candidate=True;constructible=True;affordable=False;available=False;owned=4;upgradeTo=IndustrialCarbonizationRetort;research=SteamPower|Coking;workshop=;productivity=-186.4;territory=1749]"
1525806,1525806,Fast,"Building","Waiting","",1,"productivity or territory is insufficient [CokeOven:candidate=True;constructible=True;affordable=False;available=False;owned=4;upgradeTo=IndustrialCarbonizationRetort;research=SteamPower|Coking;workshop=;productivity=-191.12;territory=1749]"
1526406,1526406,Fast,"Building","Waiting","",1,"productivity or territory is insufficient [CokeOven:candidate=True;constructible=True;affordable=False;available=False;owned=4;upgradeTo=IndustrialCarbonizationRetort;research=SteamPower|Coking;workshop=;productivity=-195.84;territory=1749]"
1527006,1527006,Fast,"Building","Waiting","",1,"productivity or territory is insufficient [CokeOven:candidate=True;constructible=True;affordable=False;available=False;owned=4;upgradeTo=IndustrialCarbonizationRetort;research=SteamPower|Coking;workshop=;productivity=-200.56;territory=1749]"
1527606,1527606,Fast,"Building","Waiting","",1,"productivity or territory is insufficient [CokeOven:candidate=True;constructible=True;affordable=False;available=False;owned=4;upgradeTo=IndustrialCarbonizationRetort;research=SteamPower|Coking;workshop=;productivity=-202.92;territory=1749]"
1528206,1528206,Fast,"Building","Waiting","",1,"productivity or territory is insufficient [CokeOven:candidate=True;constructible=True;affordable=False;available=False;owned=4;upgradeTo=IndustrialCarbonizationRetort;research=SteamPower|Coking;workshop=;productivity=-207.64;territory=1749]"
1528806,1529406,Fast,"Building","Waiting","",2,"productivity or territory is insufficient [CokeOven:candidate=True;constructible=True;affordable=False;available=False;owned=4;upgradeTo=IndustrialCarbonizationRetort;research=SteamPower|Coking;workshop=;productivity=-210;territory=1749]"
1530006,1530006,Fast,"Building","Waiting","",1,"productivity or territory is insufficient [CokeOven:candidate=True;constructible=True;affordable=False;available=False;owned=4;upgradeTo=IndustrialCarbonizationRetort;research=SteamPower|Coking;workshop=;productivity=-212.36;territory=1749]"
1530606,1531206,Fast,"Building","Waiting","",2,"productivity or territory is insufficient [CokeOven:candidate=True;constructible=True;affordable=False;available=False;owned=4;upgradeTo=IndustrialCarbonizationRetort;research=SteamPower|Coking;workshop=;productivity=-214.72;territory=1749]"
1531806,1533606,Fast,"Building","Waiting","",4,"productivity or territory is insufficient [CokeOven:candidate=True;constructible=True;affordable=False;available=False;owned=4;upgradeTo=IndustrialCarbonizationRetort;research=SteamPower|Coking;workshop=;productivity=-217.08;territory=1749]"
1534206,1538406,Fast,"Building","Waiting","",8,"productivity or territory is insufficient [CokeOven:candidate=True;constructible=True;affordable=False;available=False;owned=4;upgradeTo=IndustrialCarbonizationRetort;research=SteamPower|Coking;workshop=;productivity=-219.44;territory=1749]"
1539006,1539006,Fast,"Building","Waiting","",1,"productivity or territory is insufficient [CokeOven:candidate=True;constructible=True;affordable=False;available=False;owned=4;upgradeTo=IndustrialCarbonizationRetort;research=SteamPower|Coking;workshop=;productivity=-221.8;territory=1749]"
1539606,1539606,Fast,"Building","Waiting","",1,"productivity or territory is insufficient [CokeOven:candidate=True;constructible=True;affordable=False;available=False;owned=4;upgradeTo=IndustrialCarbonizationRetort;research=SteamPower|Coking;workshop=;productivity=0.04;territory=1749]"
1540206,1540206,Fast,"Building","Waiting","",1,"productivity or territory is insufficient [CokeOven:candidate=True;constructible=True;affordable=False;available=False;owned=4;upgradeTo=IndustrialCarbonizationRetort;research=SteamPower|Coking;workshop=;productivity=-35.36;territory=1749]"
1540806,1540806,Fast,"Building","Waiting","",1,"productivity or territory is insufficient [CokeOven:candidate=True;constructible=True;affordable=False;available=False;owned=4;upgradeTo=IndustrialCarbonizationRetort;research=SteamPower|Coking;workshop=;productivity=-66.04;territory=1749]"
1541406,1541406,Fast,"Building","Waiting","",1,"productivity or territory is insufficient [CokeOven:candidate=True;constructible=True;affordable=False;available=False;owned=4;upgradeTo=IndustrialCarbonizationRetort;research=SteamPower|Coking;workshop=;productivity=-92;territory=1749]"
1542006,1542006,Fast,"Building","Waiting","",1,"productivity or territory is insufficient [CokeOven:candidate=True;constructible=True;affordable=False;available=False;owned=4;upgradeTo=IndustrialCarbonizationRetort;research=SteamPower|Coking;workshop=;productivity=-113.24;territory=1749]"
1542606,1542606,Fast,"Building","Waiting","",1,"productivity or territory is insufficient [CokeOven:candidate=True;constructible=True;affordable=False;available=False;owned=4;upgradeTo=IndustrialCarbonizationRetort;research=SteamPower|Coking;workshop=;productivity=-132.12;territory=1749]"
1543206,1543206,Fast,"Building","Waiting","",1,"productivity or territory is insufficient [CokeOven:candidate=True;constructible=True;affordable=False;available=False;owned=4;upgradeTo=IndustrialCarbonizationRetort;research=SteamPower|Coking;workshop=;productivity=-146.28;territory=1749]"
1543806,1543806,Fast,"Building","Waiting","",1,"productivity or territory is insufficient [CokeOven:candidate=True;constructible=True;affordable=False;available=False;owned=4;upgradeTo=IndustrialCarbonizationRetort;research=SteamPower|Coking;workshop=;productivity=-158.08;territory=1749]"
1544406,1544406,Fast,"Building","Waiting","",1,"productivity or territory is insufficient [CokeOven:candidate=True;constructible=True;affordable=False;available=False;owned=4;upgradeTo=IndustrialCarbonizationRetort;research=SteamPower|Coking;workshop=;productivity=-169.88;territory=1749]"
1545006,1545006,Fast,"Building","Waiting","",1,"productivity or territory is insufficient [CokeOven:candidate=True;constructible=True;affordable=False;available=False;owned=4;upgradeTo=IndustrialCarbonizationRetort;research=SteamPower|Coking;workshop=;productivity=-176.96;territory=1749]"
1545606,1545606,Fast,"Building","Waiting","",1,"productivity or territory is insufficient [CokeOven:candidate=True;constructible=True;affordable=False;available=False;owned=4;upgradeTo=IndustrialCarbonizationRetort;research=SteamPower|Coking;workshop=;productivity=-186.4;territory=1749]"
1546206,1546206,Fast,"Building","Waiting","",1,"productivity or territory is insufficient [CokeOven:candidate=True;constructible=True;affordable=False;available=False;owned=4;upgradeTo=IndustrialCarbonizationRetort;research=SteamPower|Coking;workshop=;productivity=-191.12;territory=1749]"
1546806,1546806,Fast,"Building","Waiting","",1,"productivity or territory is insufficient [CokeOven:candidate=True;constructible=True;affordable=False;available=False;owned=4;upgradeTo=IndustrialCarbonizationRetort;research=SteamPower|Coking;workshop=;productivity=-195.84;territory=1749]"
1547406,1547406,Fast,"Building","Waiting","",1,"productivity or territory is insufficient [CokeOven:candidate=True;constructible=True;affordable=False;available=False;owned=4;upgradeTo=IndustrialCarbonizationRetort;research=SteamPower|Coking;workshop=;productivity=-200.56;territory=1749]"
1548006,1548006,Fast,"Building","Waiting","",1,"productivity or territory is insufficient [CokeOven:candidate=True;constructible=True;affordable=False;available=False;owned=4;upgradeTo=IndustrialCarbonizationRetort;research=SteamPower|Coking;workshop=;productivity=-202.92;territory=1749]"
1548606,1548606,Fast,"Building","Waiting","",1,"productivity or territory is insufficient [CokeOven:candidate=True;constructible=True;affordable=False;available=False;owned=4;upgradeTo=IndustrialCarbonizationRetort;research=SteamPower|Coking;workshop=;productivity=-207.64;territory=1749]"
1549206,1549806,Fast,"Building","Waiting","",2,"productivity or territory is insufficient [CokeOven:candidate=True;constructible=True;affordable=False;available=False;owned=4;upgradeTo=IndustrialCarbonizationRetort;research=SteamPower|Coking;workshop=;productivity=-210;territory=1749]"
1550406,1550406,Fast,"Building","Waiting","",1,"productivity or territory is insufficient [CokeOven:candidate=True;constructible=True;affordable=False;available=False;owned=4;upgradeTo=IndustrialCarbonizationRetort;research=SteamPower|Coking;workshop=;productivity=-212.36;territory=1749]"
1551006,1551606,Fast,"Building","Waiting","",2,"productivity or territory is insufficient [CokeOven:candidate=True;constructible=True;affordable=False;available=False;owned=4;upgradeTo=IndustrialCarbonizationRetort;research=SteamPower|Coking;workshop=;productivity=-214.72;territory=1749]"
1552206,1554006,Fast,"Building","Waiting","",4,"productivity or territory is insufficient [CokeOven:candidate=True;constructible=True;affordable=False;available=False;owned=4;upgradeTo=IndustrialCarbonizationRetort;research=SteamPower|Coking;workshop=;productivity=-217.08;territory=1749]"
1554606,1558806,Fast,"Building","Waiting","",8,"productivity or territory is insufficient [CokeOven:candidate=True;constructible=True;affordable=False;available=False;owned=4;upgradeTo=IndustrialCarbonizationRetort;research=SteamPower|Coking;workshop=;productivity=-219.44;territory=1749]"
1559406,1559406,Fast,"Building","Waiting","",1,"productivity or territory is insufficient [CokeOven:candidate=True;constructible=True;affordable=False;available=False;owned=4;upgradeTo=IndustrialCarbonizationRetort;research=SteamPower|Coking;workshop=;productivity=-221.8;territory=1749]"
1560006,1560006,Fast,"Building","Waiting","",1,"productivity or territory is insufficient [CokeOven:candidate=True;constructible=True;affordable=False;available=False;owned=4;upgradeTo=IndustrialCarbonizationRetort;research=SteamPower|Coking;workshop=;productivity=0.04;territory=1749]"
1560606,1560606,Fast,"Building","Waiting","",1,"productivity or territory is insufficient [CokeOven:candidate=True;constructible=True;affordable=False;available=False;owned=4;upgradeTo=IndustrialCarbonizationRetort;research=SteamPower|Coking;workshop=;productivity=-35.36;territory=1749]"
1561206,1561206,Fast,"Building","Waiting","",1,"productivity or territory is insufficient [CokeOven:candidate=True;constructible=True;affordable=False;available=False;owned=4;upgradeTo=IndustrialCarbonizationRetort;research=SteamPower|Coking;workshop=;productivity=-66.04;territory=1749]"
1561806,1561806,Fast,"Building","Waiting","",1,"productivity or territory is insufficient [CokeOven:candidate=True;constructible=True;affordable=False;available=False;owned=4;upgradeTo=IndustrialCarbonizationRetort;research=SteamPower|Coking;workshop=;productivity=-92;territory=1749]"
1562406,1562406,Fast,"Building","Waiting","",1,"productivity or territory is insufficient [CokeOven:candidate=True;constructible=True;affordable=False;available=False;owned=4;upgradeTo=IndustrialCarbonizationRetort;research=SteamPower|Coking;workshop=;productivity=-113.24;territory=1749]"
1563006,1563006,Fast,"Building","Waiting","",1,"productivity or territory is insufficient [CokeOven:candidate=True;constructible=True;affordable=False;available=False;owned=4;upgradeTo=IndustrialCarbonizationRetort;research=SteamPower|Coking;workshop=;productivity=-132.12;territory=1749]"
1563606,1563606,Fast,"Building","Waiting","",1,"productivity or territory is insufficient [CokeOven:candidate=True;constructible=True;affordable=False;available=False;owned=4;upgradeTo=IndustrialCarbonizationRetort;research=SteamPower|Coking;workshop=;productivity=-146.28;territory=1749]"
1564206,1564206,Fast,"Building","Waiting","",1,"productivity or territory is insufficient [CokeOven:candidate=True;constructible=True;affordable=False;available=False;owned=4;upgradeTo=IndustrialCarbonizationRetort;research=SteamPower|Coking;workshop=;productivity=-158.08;territory=1749]"
1564806,1564806,Fast,"Building","Waiting","",1,"productivity or territory is insufficient [CokeOven:candidate=True;constructible=True;affordable=False;available=False;owned=4;upgradeTo=IndustrialCarbonizationRetort;research=SteamPower|Coking;workshop=;productivity=-169.88;territory=1749]"
1565406,1565406,Fast,"Building","Waiting","",1,"productivity or territory is insufficient [CokeOven:candidate=True;constructible=True;affordable=False;available=False;owned=4;upgradeTo=IndustrialCarbonizationRetort;research=SteamPower|Coking;workshop=;productivity=-176.96;territory=1749]"
1566006,1566006,Fast,"Building","Waiting","",1,"productivity or territory is insufficient [CokeOven:candidate=True;constructible=True;affordable=False;available=False;owned=4;upgradeTo=IndustrialCarbonizationRetort;research=SteamPower|Coking;workshop=;productivity=-186.4;territory=1749]"
1566606,1566606,Fast,"Building","Waiting","",1,"productivity or territory is insufficient [CokeOven:candidate=True;constructible=True;affordable=False;available=False;owned=4;upgradeTo=IndustrialCarbonizationRetort;research=SteamPower|Coking;workshop=;productivity=-191.12;territory=1749]"
1567206,1567206,Fast,"Building","Waiting","",1,"productivity or territory is insufficient [CokeOven:candidate=True;constructible=True;affordable=False;available=False;owned=4;upgradeTo=IndustrialCarbonizationRetort;research=SteamPower|Coking;workshop=;productivity=-195.84;territory=1749]"
1567806,1567806,Fast,"Building","Waiting","",1,"productivity or territory is insufficient [CokeOven:candidate=True;constructible=True;affordable=False;available=False;owned=4;upgradeTo=IndustrialCarbonizationRetort;research=SteamPower|Coking;workshop=;productivity=-200.56;territory=1749]"
1568406,1568406,Fast,"Building","Waiting","",1,"productivity or territory is insufficient [CokeOven:candidate=True;constructible=True;affordable=False;available=False;owned=4;upgradeTo=IndustrialCarbonizationRetort;research=SteamPower|Coking;workshop=;productivity=-202.92;territory=1749]"
1569006,1569006,Fast,"Building","Waiting","",1,"productivity or territory is insufficient [CokeOven:candidate=True;constructible=True;affordable=False;available=False;owned=4;upgradeTo=IndustrialCarbonizationRetort;research=SteamPower|Coking;workshop=;productivity=-207.64;territory=1749]"
1569606,1570206,Fast,"Building","Waiting","",2,"productivity or territory is insufficient [CokeOven:candidate=True;constructible=True;affordable=False;available=False;owned=4;upgradeTo=IndustrialCarbonizationRetort;research=SteamPower|Coking;workshop=;productivity=-210;territory=1749]"
1570806,1570806,Fast,"Building","Waiting","",1,"productivity or territory is insufficient [CokeOven:candidate=True;constructible=True;affordable=False;available=False;owned=4;upgradeTo=IndustrialCarbonizationRetort;research=SteamPower|Coking;workshop=;productivity=-212.36;territory=1749]"
1571406,1572006,Fast,"Building","Waiting","",2,"productivity or territory is insufficient [CokeOven:candidate=True;constructible=True;affordable=False;available=False;owned=4;upgradeTo=IndustrialCarbonizationRetort;research=SteamPower|Coking;workshop=;productivity=-214.72;territory=1749]"
1572606,1574406,Fast,"Building","Waiting","",4,"productivity or territory is insufficient [CokeOven:candidate=True;constructible=True;affordable=False;available=False;owned=4;upgradeTo=IndustrialCarbonizationRetort;research=SteamPower|Coking;workshop=;productivity=-217.08;territory=1749]"
1575006,1579206,Fast,"Building","Waiting","",8,"productivity or territory is insufficient [CokeOven:candidate=True;constructible=True;affordable=False;available=False;owned=4;upgradeTo=IndustrialCarbonizationRetort;research=SteamPower|Coking;workshop=;productivity=-219.44;territory=1749]"
1579806,1579806,Fast,"Building","Waiting","",1,"productivity or territory is insufficient [CokeOven:candidate=True;constructible=True;affordable=False;available=False;owned=4;upgradeTo=IndustrialCarbonizationRetort;research=SteamPower|Coking;workshop=;productivity=-221.8;territory=1749]"
1580406,1580406,Fast,"Building","Waiting","",1,"productivity or territory is insufficient [CokeOven:candidate=True;constructible=True;affordable=False;available=False;owned=4;upgradeTo=IndustrialCarbonizationRetort;research=SteamPower|Coking;workshop=;productivity=0.04;territory=1749]"
1581006,1581006,Fast,"Building","Waiting","",1,"productivity or territory is insufficient [CokeOven:candidate=True;constructible=True;affordable=False;available=False;owned=4;upgradeTo=IndustrialCarbonizationRetort;research=SteamPower|Coking;workshop=;productivity=-35.36;territory=1749]"
1581606,1581606,Fast,"Building","Waiting","",1,"productivity or territory is insufficient [CokeOven:candidate=True;constructible=True;affordable=False;available=False;owned=4;upgradeTo=IndustrialCarbonizationRetort;research=SteamPower|Coking;workshop=;productivity=-66.04;territory=1749]"
1582206,1582206,Fast,"Building","Waiting","",1,"productivity or territory is insufficient [CokeOven:candidate=True;constructible=True;affordable=False;available=False;owned=4;upgradeTo=IndustrialCarbonizationRetort;research=SteamPower|Coking;workshop=;productivity=-92;territory=1749]"
1582806,1582806,Fast,"Building","Waiting","",1,"productivity or territory is insufficient [CokeOven:candidate=True;constructible=True;affordable=False;available=False;owned=4;upgradeTo=IndustrialCarbonizationRetort;research=SteamPower|Coking;workshop=;productivity=-113.24;territory=1749]"
1583406,1583406,Fast,"Building","Waiting","",1,"productivity or territory is insufficient [CokeOven:candidate=True;constructible=True;affordable=False;available=False;owned=4;upgradeTo=IndustrialCarbonizationRetort;research=SteamPower|Coking;workshop=;productivity=-132.12;territory=1749]"
1584006,1584006,Fast,"Building","Waiting","",1,"productivity or territory is insufficient [CokeOven:candidate=True;constructible=True;affordable=False;available=False;owned=4;upgradeTo=IndustrialCarbonizationRetort;research=SteamPower|Coking;workshop=;productivity=-146.28;territory=1749]"
1584606,1584606,Fast,"Building","Waiting","",1,"productivity or territory is insufficient [CokeOven:candidate=True;constructible=True;affordable=False;available=False;owned=4;upgradeTo=IndustrialCarbonizationRetort;research=SteamPower|Coking;workshop=;productivity=-158.08;territory=1749]"
1585206,1585206,Fast,"Building","Waiting","",1,"productivity or territory is insufficient [CokeOven:candidate=True;constructible=True;affordable=False;available=False;owned=4;upgradeTo=IndustrialCarbonizationRetort;research=SteamPower|Coking;workshop=;productivity=-169.88;territory=1749]"
1585806,1585806,Fast,"Building","Waiting","",1,"productivity or territory is insufficient [CokeOven:candidate=True;constructible=True;affordable=False;available=False;owned=4;upgradeTo=IndustrialCarbonizationRetort;research=SteamPower|Coking;workshop=;productivity=-176.96;territory=1749]"
1586406,1586406,Fast,"Building","Waiting","",1,"productivity or territory is insufficient [CokeOven:candidate=True;constructible=True;affordable=False;available=False;owned=4;upgradeTo=IndustrialCarbonizationRetort;research=SteamPower|Coking;workshop=;productivity=-186.4;territory=1749]"
1587006,1587006,Fast,"Building","Waiting","",1,"productivity or territory is insufficient [CokeOven:candidate=True;constructible=True;affordable=False;available=False;owned=4;upgradeTo=IndustrialCarbonizationRetort;research=SteamPower|Coking;workshop=;productivity=-191.12;territory=1749]"
1587606,1587606,Fast,"Building","Waiting","",1,"productivity or territory is insufficient [CokeOven:candidate=True;constructible=True;affordable=False;available=False;owned=4;upgradeTo=IndustrialCarbonizationRetort;research=SteamPower|Coking;workshop=;productivity=-195.84;territory=1749]"
1588206,1588206,Fast,"Building","Waiting","",1,"productivity or territory is insufficient [CokeOven:candidate=True;constructible=True;affordable=False;available=False;owned=4;upgradeTo=IndustrialCarbonizationRetort;research=SteamPower|Coking;workshop=;productivity=-200.56;territory=1749]"
1588806,1588806,Fast,"Building","Waiting","",1,"productivity or territory is insufficient [CokeOven:candidate=True;constructible=True;affordable=False;available=False;owned=4;upgradeTo=IndustrialCarbonizationRetort;research=SteamPower|Coking;workshop=;productivity=-202.92;territory=1749]"
1589406,1589406,Fast,"Building","Waiting","",1,"productivity or territory is insufficient [CokeOven:candidate=True;constructible=True;affordable=False;available=False;owned=4;upgradeTo=IndustrialCarbonizationRetort;research=SteamPower|Coking;workshop=;productivity=-207.64;territory=1749]"
1590006,1590606,Fast,"Building","Waiting","",2,"productivity or territory is insufficient [CokeOven:candidate=True;constructible=True;affordable=False;available=False;owned=4;upgradeTo=IndustrialCarbonizationRetort;research=SteamPower|Coking;workshop=;productivity=-210;territory=1749]"
1591206,1591206,Fast,"Building","Waiting","",1,"productivity or territory is insufficient [CokeOven:candidate=True;constructible=True;affordable=False;available=False;owned=4;upgradeTo=IndustrialCarbonizationRetort;research=SteamPower|Coking;workshop=;productivity=-212.36;territory=1749]"
1591806,1592406,Fast,"Building","Waiting","",2,"productivity or territory is insufficient [CokeOven:candidate=True;constructible=True;affordable=False;available=False;owned=4;upgradeTo=IndustrialCarbonizationRetort;research=SteamPower|Coking;workshop=;productivity=-214.72;territory=1749]"
1593006,1594806,Fast,"Building","Waiting","",4,"productivity or territory is insufficient [CokeOven:candidate=True;constructible=True;affordable=False;available=False;owned=4;upgradeTo=IndustrialCarbonizationRetort;research=SteamPower|Coking;workshop=;productivity=-217.08;territory=1749]"
1595406,1599606,Fast,"Building","Waiting","",8,"productivity or territory is insufficient [CokeOven:candidate=True;constructible=True;affordable=False;available=False;owned=4;upgradeTo=IndustrialCarbonizationRetort;research=SteamPower|Coking;workshop=;productivity=-219.44;territory=1749]"
1600206,1600206,Fast,"Building","Waiting","",1,"productivity or territory is insufficient [CokeOven:candidate=True;constructible=True;affordable=False;available=False;owned=4;upgradeTo=IndustrialCarbonizationRetort;research=SteamPower|Coking;workshop=;productivity=-221.8;territory=1749]"
1600806,1600806,Fast,"Building","Waiting","",1,"productivity or territory is insufficient [CokeOven:candidate=True;constructible=True;affordable=False;available=False;owned=4;upgradeTo=IndustrialCarbonizationRetort;research=SteamPower|Coking;workshop=;productivity=0.04;territory=1749]"
1601406,1601406,Fast,"Building","Waiting","",1,"productivity or territory is insufficient [CokeOven:candidate=True;constructible=True;affordable=False;available=False;owned=4;upgradeTo=IndustrialCarbonizationRetort;research=SteamPower|Coking;workshop=;productivity=-35.36;territory=1749]"
1602006,1602006,Fast,"Building","Waiting","",1,"productivity or territory is insufficient [CokeOven:candidate=True;constructible=True;affordable=False;available=False;owned=4;upgradeTo=IndustrialCarbonizationRetort;research=SteamPower|Coking;workshop=;productivity=-66.04;territory=1749]"
1602606,1602606,Fast,"Building","Waiting","",1,"productivity or territory is insufficient [CokeOven:candidate=True;constructible=True;affordable=False;available=False;owned=4;upgradeTo=IndustrialCarbonizationRetort;research=SteamPower|Coking;workshop=;productivity=-92;territory=1749]"
1603206,1603206,Fast,"Building","Waiting","",1,"productivity or territory is insufficient [CokeOven:candidate=True;constructible=True;affordable=False;available=False;owned=4;upgradeTo=IndustrialCarbonizationRetort;research=SteamPower|Coking;workshop=;productivity=-113.24;territory=1749]"
1603806,1603806,Fast,"Building","Waiting","",1,"productivity or territory is insufficient [CokeOven:candidate=True;constructible=True;affordable=False;available=False;owned=4;upgradeTo=IndustrialCarbonizationRetort;research=SteamPower|Coking;workshop=;productivity=-132.12;territory=1749]"
1604406,1604406,Fast,"Building","Waiting","",1,"productivity or territory is insufficient [CokeOven:candidate=True;constructible=True;affordable=False;available=False;owned=4;upgradeTo=IndustrialCarbonizationRetort;research=SteamPower|Coking;workshop=;productivity=-146.28;territory=1749]"
1605006,1605006,Fast,"Building","Waiting","",1,"productivity or territory is insufficient [CokeOven:candidate=True;constructible=True;affordable=False;available=False;owned=4;upgradeTo=IndustrialCarbonizationRetort;research=SteamPower|Coking;workshop=;productivity=-158.08;territory=1749]"
1605606,1605606,Fast,"Building","Waiting","",1,"productivity or territory is insufficient [CokeOven:candidate=True;constructible=True;affordable=False;available=False;owned=4;upgradeTo=IndustrialCarbonizationRetort;research=SteamPower|Coking;workshop=;productivity=-169.88;territory=1749]"
1606206,1606206,Fast,"Building","Waiting","",1,"productivity or territory is insufficient [CokeOven:candidate=True;constructible=True;affordable=False;available=False;owned=4;upgradeTo=IndustrialCarbonizationRetort;research=SteamPower|Coking;workshop=;productivity=-176.96;territory=1749]"
1606806,1606806,Fast,"Building","Waiting","",1,"productivity or territory is insufficient [CokeOven:candidate=True;constructible=True;affordable=False;available=False;owned=4;upgradeTo=IndustrialCarbonizationRetort;research=SteamPower|Coking;workshop=;productivity=-186.4;territory=1749]"
1607406,1607406,Fast,"Building","Waiting","",1,"productivity or territory is insufficient [CokeOven:candidate=True;constructible=True;affordable=False;available=False;owned=4;upgradeTo=IndustrialCarbonizationRetort;research=SteamPower|Coking;workshop=;productivity=-191.12;territory=1749]"
1608006,1608006,Fast,"Building","Waiting","",1,"productivity or territory is insufficient [CokeOven:candidate=True;constructible=True;affordable=False;available=False;owned=4;upgradeTo=IndustrialCarbonizationRetort;research=SteamPower|Coking;workshop=;productivity=-195.84;territory=1749]"
1608606,1608606,Fast,"Building","Waiting","",1,"productivity or territory is insufficient [CokeOven:candidate=True;constructible=True;affordable=False;available=False;owned=4;upgradeTo=IndustrialCarbonizationRetort;research=SteamPower|Coking;workshop=;productivity=-200.56;territory=1749]"
1609206,1609206,Fast,"Building","Waiting","",1,"productivity or territory is insufficient [CokeOven:candidate=True;constructible=True;affordable=False;available=False;owned=4;upgradeTo=IndustrialCarbonizationRetort;research=SteamPower|Coking;workshop=;productivity=-202.92;territory=1749]"
1609806,1609806,Fast,"Building","Waiting","",1,"productivity or territory is insufficient [CokeOven:candidate=True;constructible=True;affordable=False;available=False;owned=4;upgradeTo=IndustrialCarbonizationRetort;research=SteamPower|Coking;workshop=;productivity=-207.64;territory=1749]"
1610406,1611006,Fast,"Building","Waiting","",2,"productivity or territory is insufficient [CokeOven:candidate=True;constructible=True;affordable=False;available=False;owned=4;upgradeTo=IndustrialCarbonizationRetort;research=SteamPower|Coking;workshop=;productivity=-210;territory=1749]"
1611606,1611606,Fast,"Building","Waiting","",1,"productivity or territory is insufficient [CokeOven:candidate=True;constructible=True;affordable=False;available=False;owned=4;upgradeTo=IndustrialCarbonizationRetort;research=SteamPower|Coking;workshop=;productivity=-212.36;territory=1749]"
1612206,1612806,Fast,"Building","Waiting","",2,"productivity or territory is insufficient [CokeOven:candidate=True;constructible=True;affordable=False;available=False;owned=4;upgradeTo=IndustrialCarbonizationRetort;research=SteamPower|Coking;workshop=;productivity=-214.72;territory=1749]"
1613406,1615206,Fast,"Building","Waiting","",4,"productivity or territory is insufficient [CokeOven:candidate=True;constructible=True;affordable=False;available=False;owned=4;upgradeTo=IndustrialCarbonizationRetort;research=SteamPower|Coking;workshop=;productivity=-217.08;territory=1749]"
1615806,1620006,Fast,"Building","Waiting","",8,"productivity or territory is insufficient [CokeOven:candidate=True;constructible=True;affordable=False;available=False;owned=4;upgradeTo=IndustrialCarbonizationRetort;research=SteamPower|Coking;workshop=;productivity=-219.44;territory=1749]"
1620606,1620606,Fast,"Building","Waiting","",1,"productivity or territory is insufficient [CokeOven:candidate=True;constructible=True;affordable=False;available=False;owned=4;upgradeTo=IndustrialCarbonizationRetort;research=SteamPower|Coking;workshop=;productivity=-221.8;territory=1749]"
1621206,1621206,Fast,"Building","Waiting","",1,"productivity or territory is insufficient [CokeOven:candidate=True;constructible=True;affordable=False;available=False;owned=4;upgradeTo=IndustrialCarbonizationRetort;research=SteamPower|Coking;workshop=;productivity=0.04;territory=1749]"
1621806,1621806,Fast,"Building","Waiting","",1,"productivity or territory is insufficient [CokeOven:candidate=True;constructible=True;affordable=False;available=False;owned=4;upgradeTo=IndustrialCarbonizationRetort;research=SteamPower|Coking;workshop=;productivity=-35.36;territory=1749]"
1622406,1622406,Fast,"Building","Waiting","",1,"productivity or territory is insufficient [CokeOven:candidate=True;constructible=True;affordable=False;available=False;owned=4;upgradeTo=IndustrialCarbonizationRetort;research=SteamPower|Coking;workshop=;productivity=-66.04;territory=1749]"
1623006,1623006,Fast,"Building","Waiting","",1,"productivity or territory is insufficient [CokeOven:candidate=True;constructible=True;affordable=False;available=False;owned=4;upgradeTo=IndustrialCarbonizationRetort;research=SteamPower|Coking;workshop=;productivity=-92;territory=1749]"
1623606,1623606,Fast,"Building","Waiting","",1,"productivity or territory is insufficient [CokeOven:candidate=True;constructible=True;affordable=False;available=False;owned=4;upgradeTo=IndustrialCarbonizationRetort;research=SteamPower|Coking;workshop=;productivity=-113.24;territory=1749]"
1624206,1624206,Fast,"Building","Waiting","",1,"productivity or territory is insufficient [CokeOven:candidate=True;constructible=True;affordable=False;available=False;owned=4;upgradeTo=IndustrialCarbonizationRetort;research=SteamPower|Coking;workshop=;productivity=-132.12;territory=1749]"
1624806,1624806,Fast,"Building","Waiting","",1,"productivity or territory is insufficient [CokeOven:candidate=True;constructible=True;affordable=False;available=False;owned=4;upgradeTo=IndustrialCarbonizationRetort;research=SteamPower|Coking;workshop=;productivity=-146.28;territory=1749]"
1625406,1625406,Fast,"Building","Waiting","",1,"productivity or territory is insufficient [CokeOven:candidate=True;constructible=True;affordable=False;available=False;owned=4;upgradeTo=IndustrialCarbonizationRetort;research=SteamPower|Coking;workshop=;productivity=-158.08;territory=1749]"
1626006,1626006,Fast,"Building","Waiting","",1,"productivity or territory is insufficient [CokeOven:candidate=True;constructible=True;affordable=False;available=False;owned=4;upgradeTo=IndustrialCarbonizationRetort;research=SteamPower|Coking;workshop=;productivity=-169.88;territory=1749]"
1626606,1626606,Fast,"Building","Waiting","",1,"productivity or territory is insufficient [CokeOven:candidate=True;constructible=True;affordable=False;available=False;owned=4;upgradeTo=IndustrialCarbonizationRetort;research=SteamPower|Coking;workshop=;productivity=-176.96;territory=1749]"
1627206,1627206,Fast,"Building","Waiting","",1,"productivity or territory is insufficient [CokeOven:candidate=True;constructible=True;affordable=False;available=False;owned=4;upgradeTo=IndustrialCarbonizationRetort;research=SteamPower|Coking;workshop=;productivity=-186.4;territory=1749]"
1627806,1627806,Fast,"Building","Waiting","",1,"productivity or territory is insufficient [CokeOven:candidate=True;constructible=True;affordable=False;available=False;owned=4;upgradeTo=IndustrialCarbonizationRetort;research=SteamPower|Coking;workshop=;productivity=-191.12;territory=1749]"
1628406,1628406,Fast,"Building","Waiting","",1,"productivity or territory is insufficient [CokeOven:candidate=True;constructible=True;affordable=False;available=False;owned=4;upgradeTo=IndustrialCarbonizationRetort;research=SteamPower|Coking;workshop=;productivity=-195.84;territory=1749]"
1629006,1629006,Fast,"Building","Waiting","",1,"productivity or territory is insufficient [CokeOven:candidate=True;constructible=True;affordable=False;available=False;owned=4;upgradeTo=IndustrialCarbonizationRetort;research=SteamPower|Coking;workshop=;productivity=-200.56;territory=1749]"
1629606,1629606,Fast,"Building","Waiting","",1,"productivity or territory is insufficient [CokeOven:candidate=True;constructible=True;affordable=False;available=False;owned=4;upgradeTo=IndustrialCarbonizationRetort;research=SteamPower|Coking;workshop=;productivity=-202.92;territory=1749]"
1630206,1630206,Fast,"Building","Waiting","",1,"productivity or territory is insufficient [CokeOven:candidate=True;constructible=True;affordable=False;available=False;owned=4;upgradeTo=IndustrialCarbonizationRetort;research=SteamPower|Coking;workshop=;productivity=-207.64;territory=1749]"
1630806,1631406,Fast,"Building","Waiting","",2,"productivity or territory is insufficient [CokeOven:candidate=True;constructible=True;affordable=False;available=False;owned=4;upgradeTo=IndustrialCarbonizationRetort;research=SteamPower|Coking;workshop=;productivity=-210;territory=1749]"
1632006,1632006,Fast,"Building","Waiting","",1,"productivity or territory is insufficient [CokeOven:candidate=True;constructible=True;affordable=False;available=False;owned=4;upgradeTo=IndustrialCarbonizationRetort;research=SteamPower|Coking;workshop=;productivity=-212.36;territory=1749]"
1632606,1633206,Fast,"Building","Waiting","",2,"productivity or territory is insufficient [CokeOven:candidate=True;constructible=True;affordable=False;available=False;owned=4;upgradeTo=IndustrialCarbonizationRetort;research=SteamPower|Coking;workshop=;productivity=-214.72;territory=1749]"
1633806,1635606,Fast,"Building","Waiting","",4,"productivity or territory is insufficient [CokeOven:candidate=True;constructible=True;affordable=False;available=False;owned=4;upgradeTo=IndustrialCarbonizationRetort;research=SteamPower|Coking;workshop=;productivity=-217.08;territory=1749]"
1636206,1640406,Fast,"Building","Waiting","",8,"productivity or territory is insufficient [CokeOven:candidate=True;constructible=True;affordable=False;available=False;owned=4;upgradeTo=IndustrialCarbonizationRetort;research=SteamPower|Coking;workshop=;productivity=-219.44;territory=1749]"
1641006,1641006,Fast,"Building","Waiting","",1,"productivity or territory is insufficient [CokeOven:candidate=True;constructible=True;affordable=False;available=False;owned=4;upgradeTo=IndustrialCarbonizationRetort;research=SteamPower|Coking;workshop=;productivity=-221.8;territory=1749]"
1641606,1641606,Fast,"Building","Waiting","",1,"productivity or territory is insufficient [CokeOven:candidate=True;constructible=True;affordable=False;available=False;owned=4;upgradeTo=IndustrialCarbonizationRetort;research=SteamPower|Coking;workshop=;productivity=0.04;territory=1749]"
1642206,1642206,Fast,"Building","Waiting","",1,"productivity or territory is insufficient [CokeOven:candidate=True;constructible=True;affordable=False;available=False;owned=4;upgradeTo=IndustrialCarbonizationRetort;research=SteamPower|Coking;workshop=;productivity=-35.36;territory=1749]"
1642806,1642806,Fast,"Building","Waiting","",1,"productivity or territory is insufficient [CokeOven:candidate=True;constructible=True;affordable=False;available=False;owned=4;upgradeTo=IndustrialCarbonizationRetort;research=SteamPower|Coking;workshop=;productivity=-66.04;territory=1749]"
1643406,1643406,Fast,"Building","Waiting","",1,"productivity or territory is insufficient [CokeOven:candidate=True;constructible=True;affordable=False;available=False;owned=4;upgradeTo=IndustrialCarbonizationRetort;research=SteamPower|Coking;workshop=;productivity=-92;territory=1749]"
1644006,1644006,Fast,"Building","Waiting","",1,"productivity or territory is insufficient [CokeOven:candidate=True;constructible=True;affordable=False;available=False;owned=4;upgradeTo=IndustrialCarbonizationRetort;research=SteamPower|Coking;workshop=;productivity=-113.24;territory=1749]"
1644606,1644606,Fast,"Building","Waiting","",1,"productivity or territory is insufficient [CokeOven:candidate=True;constructible=True;affordable=False;available=False;owned=4;upgradeTo=IndustrialCarbonizationRetort;research=SteamPower|Coking;workshop=;productivity=-132.12;territory=1749]"
1645206,1645206,Fast,"Building","Waiting","",1,"productivity or territory is insufficient [CokeOven:candidate=True;constructible=True;affordable=False;available=False;owned=4;upgradeTo=IndustrialCarbonizationRetort;research=SteamPower|Coking;workshop=;productivity=-146.28;territory=1749]"
1645806,1645806,Fast,"Building","Waiting","",1,"productivity or territory is insufficient [CokeOven:candidate=True;constructible=True;affordable=False;available=False;owned=4;upgradeTo=IndustrialCarbonizationRetort;research=SteamPower|Coking;workshop=;productivity=-158.08;territory=1749]"
1646406,1646406,Fast,"Building","Waiting","",1,"productivity or territory is insufficient [CokeOven:candidate=True;constructible=True;affordable=False;available=False;owned=4;upgradeTo=IndustrialCarbonizationRetort;research=SteamPower|Coking;workshop=;productivity=-169.88;territory=1749]"
1647006,1647006,Fast,"Building","Waiting","",1,"productivity or territory is insufficient [CokeOven:candidate=True;constructible=True;affordable=False;available=False;owned=4;upgradeTo=IndustrialCarbonizationRetort;research=SteamPower|Coking;workshop=;productivity=-176.96;territory=1749]"
1647606,1647606,Fast,"Building","Waiting","",1,"productivity or territory is insufficient [CokeOven:candidate=True;constructible=True;affordable=False;available=False;owned=4;upgradeTo=IndustrialCarbonizationRetort;research=SteamPower|Coking;workshop=;productivity=-186.4;territory=1749]"
1648206,1648206,Fast,"Building","Waiting","",1,"productivity or territory is insufficient [CokeOven:candidate=True;constructible=True;affordable=False;available=False;owned=4;upgradeTo=IndustrialCarbonizationRetort;research=SteamPower|Coking;workshop=;productivity=-191.12;territory=1749]"
1648806,1648806,Fast,"Building","Waiting","",1,"productivity or territory is insufficient [CokeOven:candidate=True;constructible=True;affordable=False;available=False;owned=4;upgradeTo=IndustrialCarbonizationRetort;research=SteamPower|Coking;workshop=;productivity=-195.84;territory=1749]"
1649406,1649406,Fast,"Building","Waiting","",1,"productivity or territory is insufficient [CokeOven:candidate=True;constructible=True;affordable=False;available=False;owned=4;upgradeTo=IndustrialCarbonizationRetort;research=SteamPower|Coking;workshop=;productivity=-200.56;territory=1749]"
1650006,1650006,Fast,"Building","Waiting","",1,"productivity or territory is insufficient [CokeOven:candidate=True;constructible=True;affordable=False;available=False;owned=4;upgradeTo=IndustrialCarbonizationRetort;research=SteamPower|Coking;workshop=;productivity=-202.92;territory=1749]"
1650606,1650606,Fast,"Building","Waiting","",1,"productivity or territory is insufficient [CokeOven:candidate=True;constructible=True;affordable=False;available=False;owned=4;upgradeTo=IndustrialCarbonizationRetort;research=SteamPower|Coking;workshop=;productivity=-207.64;territory=1749]"
1651206,1651806,Fast,"Building","Waiting","",2,"productivity or territory is insufficient [CokeOven:candidate=True;constructible=True;affordable=False;available=False;owned=4;upgradeTo=IndustrialCarbonizationRetort;research=SteamPower|Coking;workshop=;productivity=-210;territory=1749]"
1652406,1652406,Fast,"Building","Waiting","",1,"productivity or territory is insufficient [CokeOven:candidate=True;constructible=True;affordable=False;available=False;owned=4;upgradeTo=IndustrialCarbonizationRetort;research=SteamPower|Coking;workshop=;productivity=-212.36;territory=1749]"
1653006,1653606,Fast,"Building","Waiting","",2,"productivity or territory is insufficient [CokeOven:candidate=True;constructible=True;affordable=False;available=False;owned=4;upgradeTo=IndustrialCarbonizationRetort;research=SteamPower|Coking;workshop=;productivity=-214.72;territory=1749]"
1654206,1656006,Fast,"Building","Waiting","",4,"productivity or territory is insufficient [CokeOven:candidate=True;constructible=True;affordable=False;available=False;owned=4;upgradeTo=IndustrialCarbonizationRetort;research=SteamPower|Coking;workshop=;productivity=-217.08;territory=1749]"
1656606,1660806,Fast,"Building","Waiting","",8,"productivity or territory is insufficient [CokeOven:candidate=True;constructible=True;affordable=False;available=False;owned=4;upgradeTo=IndustrialCarbonizationRetort;research=SteamPower|Coking;workshop=;productivity=-219.44;territory=1749]"
1661406,1661406,Fast,"Building","Waiting","",1,"productivity or territory is insufficient [CokeOven:candidate=True;constructible=True;affordable=False;available=False;owned=4;upgradeTo=IndustrialCarbonizationRetort;research=SteamPower|Coking;workshop=;productivity=-221.8;territory=1749]"
1662006,1662006,Fast,"Building","Waiting","",1,"productivity or territory is insufficient [CokeOven:candidate=True;constructible=True;affordable=False;available=False;owned=4;upgradeTo=IndustrialCarbonizationRetort;research=SteamPower|Coking;workshop=;productivity=0.04;territory=1749]"
1662606,1662606,Fast,"Building","Waiting","",1,"productivity or territory is insufficient [CokeOven:candidate=True;constructible=True;affordable=False;available=False;owned=4;upgradeTo=IndustrialCarbonizationRetort;research=SteamPower|Coking;workshop=;productivity=-35.36;territory=1749]"
1663206,1663206,Fast,"Building","Waiting","",1,"productivity or territory is insufficient [CokeOven:candidate=True;constructible=True;affordable=False;available=False;owned=4;upgradeTo=IndustrialCarbonizationRetort;research=SteamPower|Coking;workshop=;productivity=-66.04;territory=1749]"
1663806,1663806,Fast,"Building","Waiting","",1,"productivity or territory is insufficient [CokeOven:candidate=True;constructible=True;affordable=False;available=False;owned=4;upgradeTo=IndustrialCarbonizationRetort;research=SteamPower|Coking;workshop=;productivity=-92;territory=1749]"
1664406,1664406,Fast,"Building","Waiting","",1,"productivity or territory is insufficient [CokeOven:candidate=True;constructible=True;affordable=False;available=False;owned=4;upgradeTo=IndustrialCarbonizationRetort;research=SteamPower|Coking;workshop=;productivity=-113.24;territory=1749]"
1665006,1665006,Fast,"Building","Waiting","",1,"productivity or territory is insufficient [CokeOven:candidate=True;constructible=True;affordable=False;available=False;owned=4;upgradeTo=IndustrialCarbonizationRetort;research=SteamPower|Coking;workshop=;productivity=-132.12;territory=1749]"
1665606,1665606,Fast,"Building","Waiting","",1,"productivity or territory is insufficient [CokeOven:candidate=True;constructible=True;affordable=False;available=False;owned=4;upgradeTo=IndustrialCarbonizationRetort;research=SteamPower|Coking;workshop=;productivity=-146.28;territory=1749]"
1666206,1666206,Fast,"Building","Waiting","",1,"productivity or territory is insufficient [CokeOven:candidate=True;constructible=True;affordable=False;available=False;owned=4;upgradeTo=IndustrialCarbonizationRetort;research=SteamPower|Coking;workshop=;productivity=-158.08;territory=1749]"
1666806,1666806,Fast,"Building","Waiting","",1,"productivity or territory is insufficient [CokeOven:candidate=True;constructible=True;affordable=False;available=False;owned=4;upgradeTo=IndustrialCarbonizationRetort;research=SteamPower|Coking;workshop=;productivity=-169.88;territory=1749]"
1667406,1667406,Fast,"Building","Waiting","",1,"productivity or territory is insufficient [CokeOven:candidate=True;constructible=True;affordable=False;available=False;owned=4;upgradeTo=IndustrialCarbonizationRetort;research=SteamPower|Coking;workshop=;productivity=-176.96;territory=1749]"
1668006,1668006,Fast,"Building","Waiting","",1,"productivity or territory is insufficient [CokeOven:candidate=True;constructible=True;affordable=False;available=False;owned=4;upgradeTo=IndustrialCarbonizationRetort;research=SteamPower|Coking;workshop=;productivity=-186.4;territory=1749]"
1668606,1668606,Fast,"Building","Waiting","",1,"productivity or territory is insufficient [CokeOven:candidate=True;constructible=True;affordable=False;available=False;owned=4;upgradeTo=IndustrialCarbonizationRetort;research=SteamPower|Coking;workshop=;productivity=-191.12;territory=1749]"
1669206,1669206,Fast,"Building","Waiting","",1,"productivity or territory is insufficient [CokeOven:candidate=True;constructible=True;affordable=False;available=False;owned=4;upgradeTo=IndustrialCarbonizationRetort;research=SteamPower|Coking;workshop=;productivity=-195.84;territory=1749]"
1669806,1669806,Fast,"Building","Waiting","",1,"productivity or territory is insufficient [CokeOven:candidate=True;constructible=True;affordable=False;available=False;owned=4;upgradeTo=IndustrialCarbonizationRetort;research=SteamPower|Coking;workshop=;productivity=-200.56;territory=1749]"
1670406,1670406,Fast,"Building","Waiting","",1,"productivity or territory is insufficient [CokeOven:candidate=True;constructible=True;affordable=False;available=False;owned=4;upgradeTo=IndustrialCarbonizationRetort;research=SteamPower|Coking;workshop=;productivity=-202.92;territory=1749]"
1671006,1671006,Fast,"Building","Waiting","",1,"productivity or territory is insufficient [CokeOven:candidate=True;constructible=True;affordable=False;available=False;owned=4;upgradeTo=IndustrialCarbonizationRetort;research=SteamPower|Coking;workshop=;productivity=-207.64;territory=1749]"
1671606,1672206,Fast,"Building","Waiting","",2,"productivity or territory is insufficient [CokeOven:candidate=True;constructible=True;affordable=False;available=False;owned=4;upgradeTo=IndustrialCarbonizationRetort;research=SteamPower|Coking;workshop=;productivity=-210;territory=1749]"
1672806,1672806,Fast,"Building","Waiting","",1,"productivity or territory is insufficient [CokeOven:candidate=True;constructible=True;affordable=False;available=False;owned=4;upgradeTo=IndustrialCarbonizationRetort;research=SteamPower|Coking;workshop=;productivity=-212.36;territory=1749]"
1673406,1674006,Fast,"Building","Waiting","",2,"productivity or territory is insufficient [CokeOven:candidate=True;constructible=True;affordable=False;available=False;owned=4;upgradeTo=IndustrialCarbonizationRetort;research=SteamPower|Coking;workshop=;productivity=-214.72;territory=1749]"
1674606,1676406,Fast,"Building","Waiting","",4,"productivity or territory is insufficient [CokeOven:candidate=True;constructible=True;affordable=False;available=False;owned=4;upgradeTo=IndustrialCarbonizationRetort;research=SteamPower|Coking;workshop=;productivity=-217.08;territory=1749]"
1677006,1681206,Fast,"Building","Waiting","",8,"productivity or territory is insufficient [CokeOven:candidate=True;constructible=True;affordable=False;available=False;owned=4;upgradeTo=IndustrialCarbonizationRetort;research=SteamPower|Coking;workshop=;productivity=-219.44;territory=1749]"
1681806,1681806,Fast,"Building","Waiting","",1,"productivity or territory is insufficient [CokeOven:candidate=True;constructible=True;affordable=False;available=False;owned=4;upgradeTo=IndustrialCarbonizationRetort;research=SteamPower|Coking;workshop=;productivity=-221.8;territory=1749]"
1682406,1682406,Fast,"Building","Waiting","",1,"productivity or territory is insufficient [CokeOven:candidate=True;constructible=True;affordable=False;available=False;owned=4;upgradeTo=IndustrialCarbonizationRetort;research=SteamPower|Coking;workshop=;productivity=0.04;territory=1749]"
1683006,1683006,Fast,"Building","Waiting","",1,"productivity or territory is insufficient [CokeOven:candidate=True;constructible=True;affordable=False;available=False;owned=4;upgradeTo=IndustrialCarbonizationRetort;research=SteamPower|Coking;workshop=;productivity=-35.36;territory=1749]"
1683606,1683606,Fast,"Building","Waiting","",1,"productivity or territory is insufficient [CokeOven:candidate=True;constructible=True;affordable=False;available=False;owned=4;upgradeTo=IndustrialCarbonizationRetort;research=SteamPower|Coking;workshop=;productivity=-66.04;territory=1749]"
1684206,1684206,Fast,"Building","Waiting","",1,"productivity or territory is insufficient [CokeOven:candidate=True;constructible=True;affordable=False;available=False;owned=4;upgradeTo=IndustrialCarbonizationRetort;research=SteamPower|Coking;workshop=;productivity=-92;territory=1749]"
1684806,1684806,Fast,"Building","Waiting","",1,"productivity or territory is insufficient [CokeOven:candidate=True;constructible=True;affordable=False;available=False;owned=4;upgradeTo=IndustrialCarbonizationRetort;research=SteamPower|Coking;workshop=;productivity=-113.24;territory=1749]"
1685406,1685406,Fast,"Building","Waiting","",1,"productivity or territory is insufficient [CokeOven:candidate=True;constructible=True;affordable=False;available=False;owned=4;upgradeTo=IndustrialCarbonizationRetort;research=SteamPower|Coking;workshop=;productivity=-132.12;territory=1749]"
1686006,1686006,Fast,"Building","Waiting","",1,"productivity or territory is insufficient [CokeOven:candidate=True;constructible=True;affordable=False;available=False;owned=4;upgradeTo=IndustrialCarbonizationRetort;research=SteamPower|Coking;workshop=;productivity=-146.28;territory=1749]"
1686606,1686606,Fast,"Building","Waiting","",1,"productivity or territory is insufficient [CokeOven:candidate=True;constructible=True;affordable=False;available=False;owned=4;upgradeTo=IndustrialCarbonizationRetort;research=SteamPower|Coking;workshop=;productivity=-158.08;territory=1749]"
1687206,1687206,Fast,"Building","Waiting","",1,"productivity or territory is insufficient [CokeOven:candidate=True;constructible=True;affordable=False;available=False;owned=4;upgradeTo=IndustrialCarbonizationRetort;research=SteamPower|Coking;workshop=;productivity=-169.88;territory=1749]"
1687806,1687806,Fast,"Building","Waiting","",1,"productivity or territory is insufficient [CokeOven:candidate=True;constructible=True;affordable=False;available=False;owned=4;upgradeTo=IndustrialCarbonizationRetort;research=SteamPower|Coking;workshop=;productivity=-176.96;territory=1749]"
1688406,1688406,Fast,"Building","Waiting","",1,"productivity or territory is insufficient [CokeOven:candidate=True;constructible=True;affordable=False;available=False;owned=4;upgradeTo=IndustrialCarbonizationRetort;research=SteamPower|Coking;workshop=;productivity=-186.4;territory=1749]"
1689006,1689006,Fast,"Building","Waiting","",1,"productivity or territory is insufficient [CokeOven:candidate=True;constructible=True;affordable=False;available=False;owned=4;upgradeTo=IndustrialCarbonizationRetort;research=SteamPower|Coking;workshop=;productivity=-191.12;territory=1749]"
1689606,1689606,Fast,"Building","Waiting","",1,"productivity or territory is insufficient [CokeOven:candidate=True;constructible=True;affordable=False;available=False;owned=4;upgradeTo=IndustrialCarbonizationRetort;research=SteamPower|Coking;workshop=;productivity=-195.84;territory=1749]"
1690206,1690206,Fast,"Building","Waiting","",1,"productivity or territory is insufficient [CokeOven:candidate=True;constructible=True;affordable=False;available=False;owned=4;upgradeTo=IndustrialCarbonizationRetort;research=SteamPower|Coking;workshop=;productivity=-200.56;territory=1749]"
1690806,1690806,Fast,"Building","Waiting","",1,"productivity or territory is insufficient [CokeOven:candidate=True;constructible=True;affordable=False;available=False;owned=4;upgradeTo=IndustrialCarbonizationRetort;research=SteamPower|Coking;workshop=;productivity=-202.92;territory=1749]"
1691406,1691406,Fast,"Building","Waiting","",1,"productivity or territory is insufficient [CokeOven:candidate=True;constructible=True;affordable=False;available=False;owned=4;upgradeTo=IndustrialCarbonizationRetort;research=SteamPower|Coking;workshop=;productivity=-207.64;territory=1749]"
1692006,1692606,Fast,"Building","Waiting","",2,"productivity or territory is insufficient [CokeOven:candidate=True;constructible=True;affordable=False;available=False;owned=4;upgradeTo=IndustrialCarbonizationRetort;research=SteamPower|Coking;workshop=;productivity=-210;territory=1749]"
1693206,1693206,Fast,"Building","Waiting","",1,"productivity or territory is insufficient [CokeOven:candidate=True;constructible=True;affordable=False;available=False;owned=4;upgradeTo=IndustrialCarbonizationRetort;research=SteamPower|Coking;workshop=;productivity=-212.36;territory=1749]"
1693806,1694406,Fast,"Building","Waiting","",2,"productivity or territory is insufficient [CokeOven:candidate=True;constructible=True;affordable=False;available=False;owned=4;upgradeTo=IndustrialCarbonizationRetort;research=SteamPower|Coking;workshop=;productivity=-214.72;territory=1749]"
1695006,1696806,Fast,"Building","Waiting","",4,"productivity or territory is insufficient [CokeOven:candidate=True;constructible=True;affordable=False;available=False;owned=4;upgradeTo=IndustrialCarbonizationRetort;research=SteamPower|Coking;workshop=;productivity=-217.08;territory=1749]"
1697406,1701606,Fast,"Building","Waiting","",8,"productivity or territory is insufficient [CokeOven:candidate=True;constructible=True;affordable=False;available=False;owned=4;upgradeTo=IndustrialCarbonizationRetort;research=SteamPower|Coking;workshop=;productivity=-219.44;territory=1749]"
1702206,1702206,Fast,"Building","Waiting","",1,"productivity or territory is insufficient [CokeOven:candidate=True;constructible=True;affordable=False;available=False;owned=4;upgradeTo=IndustrialCarbonizationRetort;research=SteamPower|Coking;workshop=;productivity=-221.8;territory=1749]"
1702806,1702806,Fast,"Building","Waiting","",1,"productivity or territory is insufficient [CokeOven:candidate=True;constructible=True;affordable=False;available=False;owned=4;upgradeTo=IndustrialCarbonizationRetort;research=SteamPower|Coking;workshop=;productivity=0.04;territory=1749]"
1703406,1703406,Fast,"Building","Waiting","",1,"productivity or territory is insufficient [CokeOven:candidate=True;constructible=True;affordable=False;available=False;owned=4;upgradeTo=IndustrialCarbonizationRetort;research=SteamPower|Coking;workshop=;productivity=-35.36;territory=1749]"
1704006,1704006,Fast,"Building","Waiting","",1,"productivity or territory is insufficient [CokeOven:candidate=True;constructible=True;affordable=False;available=False;owned=4;upgradeTo=IndustrialCarbonizationRetort;research=SteamPower|Coking;workshop=;productivity=-66.04;territory=1749]"
1704606,1704606,Fast,"Building","Waiting","",1,"productivity or territory is insufficient [CokeOven:candidate=True;constructible=True;affordable=False;available=False;owned=4;upgradeTo=IndustrialCarbonizationRetort;research=SteamPower|Coking;workshop=;productivity=-92;territory=1749]"
1705206,1705206,Fast,"Building","Waiting","",1,"productivity or territory is insufficient [CokeOven:candidate=True;constructible=True;affordable=False;available=False;owned=4;upgradeTo=IndustrialCarbonizationRetort;research=SteamPower|Coking;workshop=;productivity=-113.24;territory=1749]"
1705806,1705806,Fast,"Building","Waiting","",1,"productivity or territory is insufficient [CokeOven:candidate=True;constructible=True;affordable=False;available=False;owned=4;upgradeTo=IndustrialCarbonizationRetort;research=SteamPower|Coking;workshop=;productivity=-132.12;territory=1749]"
1706406,1706406,Fast,"Building","Waiting","",1,"productivity or territory is insufficient [CokeOven:candidate=True;constructible=True;affordable=False;available=False;owned=4;upgradeTo=IndustrialCarbonizationRetort;research=SteamPower|Coking;workshop=;productivity=-146.28;territory=1749]"
1707006,1707006,Fast,"Building","Waiting","",1,"productivity or territory is insufficient [CokeOven:candidate=True;constructible=True;affordable=False;available=False;owned=4;upgradeTo=IndustrialCarbonizationRetort;research=SteamPower|Coking;workshop=;productivity=-158.08;territory=1749]"
1707606,1707606,Fast,"Building","Waiting","",1,"productivity or territory is insufficient [CokeOven:candidate=True;constructible=True;affordable=False;available=False;owned=4;upgradeTo=IndustrialCarbonizationRetort;research=SteamPower|Coking;workshop=;productivity=-169.88;territory=1749]"
1708206,1708206,Fast,"Building","Waiting","",1,"productivity or territory is insufficient [CokeOven:candidate=True;constructible=True;affordable=False;available=False;owned=4;upgradeTo=IndustrialCarbonizationRetort;research=SteamPower|Coking;workshop=;productivity=-176.96;territory=1749]"
1708806,1708806,Fast,"Building","Waiting","",1,"productivity or territory is insufficient [CokeOven:candidate=True;constructible=True;affordable=False;available=False;owned=4;upgradeTo=IndustrialCarbonizationRetort;research=SteamPower|Coking;workshop=;productivity=-186.4;territory=1749]"
1709406,1709406,Fast,"Building","Waiting","",1,"productivity or territory is insufficient [CokeOven:candidate=True;constructible=True;affordable=False;available=False;owned=4;upgradeTo=IndustrialCarbonizationRetort;research=SteamPower|Coking;workshop=;productivity=-191.12;territory=1749]"
1710006,1710006,Fast,"Building","Waiting","",1,"productivity or territory is insufficient [CokeOven:candidate=True;constructible=True;affordable=False;available=False;owned=4;upgradeTo=IndustrialCarbonizationRetort;research=SteamPower|Coking;workshop=;productivity=-195.84;territory=1749]"
1710606,1710606,Fast,"Building","Waiting","",1,"productivity or territory is insufficient [CokeOven:candidate=True;constructible=True;affordable=False;available=False;owned=4;upgradeTo=IndustrialCarbonizationRetort;research=SteamPower|Coking;workshop=;productivity=-200.56;territory=1749]"
1711206,1711206,Fast,"Building","Waiting","",1,"productivity or territory is insufficient [CokeOven:candidate=True;constructible=True;affordable=False;available=False;owned=4;upgradeTo=IndustrialCarbonizationRetort;research=SteamPower|Coking;workshop=;productivity=-202.92;territory=1749]"
1711806,1711806,Fast,"Building","Waiting","",1,"productivity or territory is insufficient [CokeOven:candidate=True;constructible=True;affordable=False;available=False;owned=4;upgradeTo=IndustrialCarbonizationRetort;research=SteamPower|Coking;workshop=;productivity=-207.64;territory=1749]"
1712406,1713006,Fast,"Building","Waiting","",2,"productivity or territory is insufficient [CokeOven:candidate=True;constructible=True;affordable=False;available=False;owned=4;upgradeTo=IndustrialCarbonizationRetort;research=SteamPower|Coking;workshop=;productivity=-210;territory=1749]"
1713606,1713606,Fast,"Building","Waiting","",1,"productivity or territory is insufficient [CokeOven:candidate=True;constructible=True;affordable=False;available=False;owned=4;upgradeTo=IndustrialCarbonizationRetort;research=SteamPower|Coking;workshop=;productivity=-212.36;territory=1749]"
1714206,1714806,Fast,"Building","Waiting","",2,"productivity or territory is insufficient [CokeOven:candidate=True;constructible=True;affordable=False;available=False;owned=4;upgradeTo=IndustrialCarbonizationRetort;research=SteamPower|Coking;workshop=;productivity=-214.72;territory=1749]"
1715406,1717206,Fast,"Building","Waiting","",4,"productivity or territory is insufficient [CokeOven:candidate=True;constructible=True;affordable=False;available=False;owned=4;upgradeTo=IndustrialCarbonizationRetort;research=SteamPower|Coking;workshop=;productivity=-217.08;territory=1749]"
1717806,1722006,Fast,"Building","Waiting","",8,"productivity or territory is insufficient [CokeOven:candidate=True;constructible=True;affordable=False;available=False;owned=4;upgradeTo=IndustrialCarbonizationRetort;research=SteamPower|Coking;workshop=;productivity=-219.44;territory=1749]"
1722606,1722606,Fast,"Building","Waiting","",1,"productivity or territory is insufficient [CokeOven:candidate=True;constructible=True;affordable=False;available=False;owned=4;upgradeTo=IndustrialCarbonizationRetort;research=SteamPower|Coking;workshop=;productivity=-221.8;territory=1749]"
1723206,1723206,Fast,"Building","Waiting","",1,"productivity or territory is insufficient [CokeOven:candidate=True;constructible=True;affordable=False;available=False;owned=4;upgradeTo=IndustrialCarbonizationRetort;research=SteamPower|Coking;workshop=;productivity=0.04;territory=1749]"
1723806,1723806,Fast,"Building","Waiting","",1,"productivity or territory is insufficient [CokeOven:candidate=True;constructible=True;affordable=False;available=False;owned=4;upgradeTo=IndustrialCarbonizationRetort;research=SteamPower|Coking;workshop=;productivity=-35.36;territory=1749]"
1724406,1724406,Fast,"Building","Waiting","",1,"productivity or territory is insufficient [CokeOven:candidate=True;constructible=True;affordable=False;available=False;owned=4;upgradeTo=IndustrialCarbonizationRetort;research=SteamPower|Coking;workshop=;productivity=-66.04;territory=1749]"
1725006,1725006,Fast,"Building","Waiting","",1,"productivity or territory is insufficient [CokeOven:candidate=True;constructible=True;affordable=False;available=False;owned=4;upgradeTo=IndustrialCarbonizationRetort;research=SteamPower|Coking;workshop=;productivity=-92;territory=1749]"
1725606,1725606,Fast,"Building","Waiting","",1,"productivity or territory is insufficient [CokeOven:candidate=True;constructible=True;affordable=False;available=False;owned=4;upgradeTo=IndustrialCarbonizationRetort;research=SteamPower|Coking;workshop=;productivity=-113.24;territory=1749]"
1726206,1726206,Fast,"Building","Waiting","",1,"productivity or territory is insufficient [CokeOven:candidate=True;constructible=True;affordable=False;available=False;owned=4;upgradeTo=IndustrialCarbonizationRetort;research=SteamPower|Coking;workshop=;productivity=-132.12;territory=1749]"
1726806,1726806,Fast,"Building","Waiting","",1,"productivity or territory is insufficient [CokeOven:candidate=True;constructible=True;affordable=False;available=False;owned=4;upgradeTo=IndustrialCarbonizationRetort;research=SteamPower|Coking;workshop=;productivity=-146.28;territory=1749]"
1727406,1727406,Fast,"Building","Waiting","",1,"productivity or territory is insufficient [CokeOven:candidate=True;constructible=True;affordable=False;available=False;owned=4;upgradeTo=IndustrialCarbonizationRetort;research=SteamPower|Coking;workshop=;productivity=-158.08;territory=1749]"
1728006,1728006,Fast,"Building","Waiting","",1,"productivity or territory is insufficient [CokeOven:candidate=True;constructible=True;affordable=False;available=False;owned=4;upgradeTo=IndustrialCarbonizationRetort;research=SteamPower|Coking;workshop=;productivity=-169.88;territory=1749]"
1728606,1728606,Fast,"Building","Waiting","",1,"productivity or territory is insufficient [CokeOven:candidate=True;constructible=True;affordable=False;available=False;owned=4;upgradeTo=IndustrialCarbonizationRetort;research=SteamPower|Coking;workshop=;productivity=-176.96;territory=1749]"
1729206,1729206,Fast,"Building","Waiting","",1,"productivity or territory is insufficient [CokeOven:candidate=True;constructible=True;affordable=False;available=False;owned=4;upgradeTo=IndustrialCarbonizationRetort;research=SteamPower|Coking;workshop=;productivity=-186.4;territory=1749]"
1729806,1729806,Fast,"Building","Waiting","",1,"productivity or territory is insufficient [CokeOven:candidate=True;constructible=True;affordable=False;available=False;owned=4;upgradeTo=IndustrialCarbonizationRetort;research=SteamPower|Coking;workshop=;productivity=-191.12;territory=1749]"
1730406,1730406,Fast,"Building","Waiting","",1,"productivity or territory is insufficient [CokeOven:candidate=True;constructible=True;affordable=False;available=False;owned=4;upgradeTo=IndustrialCarbonizationRetort;research=SteamPower|Coking;workshop=;productivity=-195.84;territory=1749]"
1731006,1731006,Fast,"Building","Waiting","",1,"productivity or territory is insufficient [CokeOven:candidate=True;constructible=True;affordable=False;available=False;owned=4;upgradeTo=IndustrialCarbonizationRetort;research=SteamPower|Coking;workshop=;productivity=-200.56;territory=1749]"
1731606,1731606,Fast,"Building","Waiting","",1,"productivity or territory is insufficient [CokeOven:candidate=True;constructible=True;affordable=False;available=False;owned=4;upgradeTo=IndustrialCarbonizationRetort;research=SteamPower|Coking;workshop=;productivity=-202.92;territory=1749]"
1732206,1732206,Fast,"Building","Waiting","",1,"productivity or territory is insufficient [CokeOven:candidate=True;constructible=True;affordable=False;available=False;owned=4;upgradeTo=IndustrialCarbonizationRetort;research=SteamPower|Coking;workshop=;productivity=-207.64;territory=1749]"
1732806,1733406,Fast,"Building","Waiting","",2,"productivity or territory is insufficient [CokeOven:candidate=True;constructible=True;affordable=False;available=False;owned=4;upgradeTo=IndustrialCarbonizationRetort;research=SteamPower|Coking;workshop=;productivity=-210;territory=1749]"
1734006,1734006,Fast,"Building","Waiting","",1,"productivity or territory is insufficient [CokeOven:candidate=True;constructible=True;affordable=False;available=False;owned=4;upgradeTo=IndustrialCarbonizationRetort;research=SteamPower|Coking;workshop=;productivity=-212.36;territory=1749]"
1734606,1735206,Fast,"Building","Waiting","",2,"productivity or territory is insufficient [CokeOven:candidate=True;constructible=True;affordable=False;available=False;owned=4;upgradeTo=IndustrialCarbonizationRetort;research=SteamPower|Coking;workshop=;productivity=-214.72;territory=1749]"
1735806,1737606,Fast,"Building","Waiting","",4,"productivity or territory is insufficient [CokeOven:candidate=True;constructible=True;affordable=False;available=False;owned=4;upgradeTo=IndustrialCarbonizationRetort;research=SteamPower|Coking;workshop=;productivity=-217.08;territory=1749]"
1738206,1742406,Fast,"Building","Waiting","",8,"productivity or territory is insufficient [CokeOven:candidate=True;constructible=True;affordable=False;available=False;owned=4;upgradeTo=IndustrialCarbonizationRetort;research=SteamPower|Coking;workshop=;productivity=-219.44;territory=1749]"
1743006,1743006,Fast,"Building","Waiting","",1,"productivity or territory is insufficient [CokeOven:candidate=True;constructible=True;affordable=False;available=False;owned=4;upgradeTo=IndustrialCarbonizationRetort;research=SteamPower|Coking;workshop=;productivity=-221.8;territory=1749]"
1743606,1743606,Fast,"Building","Waiting","",1,"productivity or territory is insufficient [CokeOven:candidate=True;constructible=True;affordable=False;available=False;owned=4;upgradeTo=IndustrialCarbonizationRetort;research=SteamPower|Coking;workshop=;productivity=0.04;territory=1749]"
1744206,1744206,Fast,"Building","Waiting","",1,"productivity or territory is insufficient [CokeOven:candidate=True;constructible=True;affordable=False;available=False;owned=4;upgradeTo=IndustrialCarbonizationRetort;research=SteamPower|Coking;workshop=;productivity=-35.36;territory=1749]"
1744806,1744806,Fast,"Building","Waiting","",1,"productivity or territory is insufficient [CokeOven:candidate=True;constructible=True;affordable=False;available=False;owned=4;upgradeTo=IndustrialCarbonizationRetort;research=SteamPower|Coking;workshop=;productivity=-66.04;territory=1749]"
1745406,1745406,Fast,"Building","Waiting","",1,"productivity or territory is insufficient [CokeOven:candidate=True;constructible=True;affordable=False;available=False;owned=4;upgradeTo=IndustrialCarbonizationRetort;research=SteamPower|Coking;workshop=;productivity=-92;territory=1749]"
1746006,1746006,Fast,"Building","Waiting","",1,"productivity or territory is insufficient [CokeOven:candidate=True;constructible=True;affordable=False;available=False;owned=4;upgradeTo=IndustrialCarbonizationRetort;research=SteamPower|Coking;workshop=;productivity=-113.24;territory=1749]"
1746606,1746606,Fast,"Building","Waiting","",1,"productivity or territory is insufficient [CokeOven:candidate=True;constructible=True;affordable=False;available=False;owned=4;upgradeTo=IndustrialCarbonizationRetort;research=SteamPower|Coking;workshop=;productivity=-132.12;territory=1749]"
1747206,1747206,Fast,"Building","Waiting","",1,"productivity or territory is insufficient [CokeOven:candidate=True;constructible=True;affordable=False;available=False;owned=4;upgradeTo=IndustrialCarbonizationRetort;research=SteamPower|Coking;workshop=;productivity=-146.28;territory=1749]"
1747806,1747806,Fast,"Building","Waiting","",1,"productivity or territory is insufficient [CokeOven:candidate=True;constructible=True;affordable=False;available=False;owned=4;upgradeTo=IndustrialCarbonizationRetort;research=SteamPower|Coking;workshop=;productivity=-158.08;territory=1749]"
1748406,1748406,Fast,"Building","Waiting","",1,"productivity or territory is insufficient [CokeOven:candidate=True;constructible=True;affordable=False;available=False;owned=4;upgradeTo=IndustrialCarbonizationRetort;research=SteamPower|Coking;workshop=;productivity=-169.88;territory=1749]"
1749006,1749006,Fast,"Building","Waiting","",1,"productivity or territory is insufficient [CokeOven:candidate=True;constructible=True;affordable=False;available=False;owned=4;upgradeTo=IndustrialCarbonizationRetort;research=SteamPower|Coking;workshop=;productivity=-176.96;territory=1749]"
1749606,1749606,Fast,"Building","Waiting","",1,"productivity or territory is insufficient [CokeOven:candidate=True;constructible=True;affordable=False;available=False;owned=4;upgradeTo=IndustrialCarbonizationRetort;research=SteamPower|Coking;workshop=;productivity=-186.4;territory=1749]"
1750206,1750206,Fast,"Building","Waiting","",1,"productivity or territory is insufficient [CokeOven:candidate=True;constructible=True;affordable=False;available=False;owned=4;upgradeTo=IndustrialCarbonizationRetort;research=SteamPower|Coking;workshop=;productivity=-191.12;territory=1749]"
1750806,1750806,Fast,"Building","Waiting","",1,"productivity or territory is insufficient [CokeOven:candidate=True;constructible=True;affordable=False;available=False;owned=4;upgradeTo=IndustrialCarbonizationRetort;research=SteamPower|Coking;workshop=;productivity=-195.84;territory=1749]"
1751406,1751406,Fast,"Building","Waiting","",1,"productivity or territory is insufficient [CokeOven:candidate=True;constructible=True;affordable=False;available=False;owned=4;upgradeTo=IndustrialCarbonizationRetort;research=SteamPower|Coking;workshop=;productivity=-200.56;territory=1749]"
1752006,1752006,Fast,"Building","Waiting","",1,"productivity or territory is insufficient [CokeOven:candidate=True;constructible=True;affordable=False;available=False;owned=4;upgradeTo=IndustrialCarbonizationRetort;research=SteamPower|Coking;workshop=;productivity=-202.92;territory=1749]"
1752606,1752606,Fast,"Building","Waiting","",1,"productivity or territory is insufficient [CokeOven:candidate=True;constructible=True;affordable=False;available=False;owned=4;upgradeTo=IndustrialCarbonizationRetort;research=SteamPower|Coking;workshop=;productivity=-207.64;territory=1749]"
1753206,1753806,Fast,"Building","Waiting","",2,"productivity or territory is insufficient [CokeOven:candidate=True;constructible=True;affordable=False;available=False;owned=4;upgradeTo=IndustrialCarbonizationRetort;research=SteamPower|Coking;workshop=;productivity=-210;territory=1749]"
1754406,1754406,Fast,"Building","Waiting","",1,"productivity or territory is insufficient [CokeOven:candidate=True;constructible=True;affordable=False;available=False;owned=4;upgradeTo=IndustrialCarbonizationRetort;research=SteamPower|Coking;workshop=;productivity=-212.36;territory=1749]"
1755006,1755606,Fast,"Building","Waiting","",2,"productivity or territory is insufficient [CokeOven:candidate=True;constructible=True;affordable=False;available=False;owned=4;upgradeTo=IndustrialCarbonizationRetort;research=SteamPower|Coking;workshop=;productivity=-214.72;territory=1749]"
1756206,1758006,Fast,"Building","Waiting","",4,"productivity or territory is insufficient [CokeOven:candidate=True;constructible=True;affordable=False;available=False;owned=4;upgradeTo=IndustrialCarbonizationRetort;research=SteamPower|Coking;workshop=;productivity=-217.08;territory=1749]"
1758606,1762806,Fast,"Building","Waiting","",8,"productivity or territory is insufficient [CokeOven:candidate=True;constructible=True;affordable=False;available=False;owned=4;upgradeTo=IndustrialCarbonizationRetort;research=SteamPower|Coking;workshop=;productivity=-219.44;territory=1749]"
1763406,1763406,Fast,"Building","Waiting","",1,"productivity or territory is insufficient [CokeOven:candidate=True;constructible=True;affordable=False;available=False;owned=4;upgradeTo=IndustrialCarbonizationRetort;research=SteamPower|Coking;workshop=;productivity=-221.8;territory=1749]"
1764006,1764006,Fast,"Building","Waiting","",1,"productivity or territory is insufficient [CokeOven:candidate=True;constructible=True;affordable=False;available=False;owned=4;upgradeTo=IndustrialCarbonizationRetort;research=SteamPower|Coking;workshop=;productivity=0.04;territory=1749]"
1764606,1764606,Fast,"Building","Waiting","",1,"productivity or territory is insufficient [CokeOven:candidate=True;constructible=True;affordable=False;available=False;owned=4;upgradeTo=IndustrialCarbonizationRetort;research=SteamPower|Coking;workshop=;productivity=-35.36;territory=1749]"
1765206,1765206,Fast,"Building","Waiting","",1,"productivity or territory is insufficient [CokeOven:candidate=True;constructible=True;affordable=False;available=False;owned=4;upgradeTo=IndustrialCarbonizationRetort;research=SteamPower|Coking;workshop=;productivity=-66.04;territory=1749]"
1765806,1765806,Fast,"Building","Waiting","",1,"productivity or territory is insufficient [CokeOven:candidate=True;constructible=True;affordable=False;available=False;owned=4;upgradeTo=IndustrialCarbonizationRetort;research=SteamPower|Coking;workshop=;productivity=-92;territory=1749]"
1766406,1766406,Fast,"Building","Waiting","",1,"productivity or territory is insufficient [CokeOven:candidate=True;constructible=True;affordable=False;available=False;owned=4;upgradeTo=IndustrialCarbonizationRetort;research=SteamPower|Coking;workshop=;productivity=-113.24;territory=1749]"
1767006,1767006,Fast,"Building","Waiting","",1,"productivity or territory is insufficient [CokeOven:candidate=True;constructible=True;affordable=False;available=False;owned=4;upgradeTo=IndustrialCarbonizationRetort;research=SteamPower|Coking;workshop=;productivity=-132.12;territory=1749]"
1767606,1767606,Fast,"Building","Waiting","",1,"productivity or territory is insufficient [CokeOven:candidate=True;constructible=True;affordable=False;available=False;owned=4;upgradeTo=IndustrialCarbonizationRetort;research=SteamPower|Coking;workshop=;productivity=-146.28;territory=1749]"
1768206,1768206,Fast,"Building","Waiting","",1,"productivity or territory is insufficient [CokeOven:candidate=True;constructible=True;affordable=False;available=False;owned=4;upgradeTo=IndustrialCarbonizationRetort;research=SteamPower|Coking;workshop=;productivity=-158.08;territory=1749]"
1768806,1768806,Fast,"Building","Waiting","",1,"productivity or territory is insufficient [CokeOven:candidate=True;constructible=True;affordable=False;available=False;owned=4;upgradeTo=IndustrialCarbonizationRetort;research=SteamPower|Coking;workshop=;productivity=-169.88;territory=1749]"
1769406,1769406,Fast,"Building","Waiting","",1,"productivity or territory is insufficient [CokeOven:candidate=True;constructible=True;affordable=False;available=False;owned=4;upgradeTo=IndustrialCarbonizationRetort;research=SteamPower|Coking;workshop=;productivity=-176.96;territory=1749]"
1770006,1770006,Fast,"Building","Waiting","",1,"productivity or territory is insufficient [CokeOven:candidate=True;constructible=True;affordable=False;available=False;owned=4;upgradeTo=IndustrialCarbonizationRetort;research=SteamPower|Coking;workshop=;productivity=-186.4;territory=1749]"
1770606,1770606,Fast,"Building","Waiting","",1,"productivity or territory is insufficient [CokeOven:candidate=True;constructible=True;affordable=False;available=False;owned=4;upgradeTo=IndustrialCarbonizationRetort;research=SteamPower|Coking;workshop=;productivity=-191.12;territory=1749]"
1771206,1771206,Fast,"Building","Waiting","",1,"productivity or territory is insufficient [CokeOven:candidate=True;constructible=True;affordable=False;available=False;owned=4;upgradeTo=IndustrialCarbonizationRetort;research=SteamPower|Coking;workshop=;productivity=-195.84;territory=1749]"
1771806,1771806,Fast,"Building","Waiting","",1,"productivity or territory is insufficient [CokeOven:candidate=True;constructible=True;affordable=False;available=False;owned=4;upgradeTo=IndustrialCarbonizationRetort;research=SteamPower|Coking;workshop=;productivity=-200.56;territory=1749]"
1772406,1772406,Fast,"Building","Waiting","",1,"productivity or territory is insufficient [CokeOven:candidate=True;constructible=True;affordable=False;available=False;owned=4;upgradeTo=IndustrialCarbonizationRetort;research=SteamPower|Coking;workshop=;productivity=-202.92;territory=1749]"
1773006,1773006,Fast,"Building","Waiting","",1,"productivity or territory is insufficient [CokeOven:candidate=True;constructible=True;affordable=False;available=False;owned=4;upgradeTo=IndustrialCarbonizationRetort;research=SteamPower|Coking;workshop=;productivity=-207.64;territory=1749]"
1773606,1774206,Fast,"Building","Waiting","",2,"productivity or territory is insufficient [CokeOven:candidate=True;constructible=True;affordable=False;available=False;owned=4;upgradeTo=IndustrialCarbonizationRetort;research=SteamPower|Coking;workshop=;productivity=-210;territory=1749]"
1774806,1774806,Fast,"Building","Waiting","",1,"productivity or territory is insufficient [CokeOven:candidate=True;constructible=True;affordable=False;available=False;owned=4;upgradeTo=IndustrialCarbonizationRetort;research=SteamPower|Coking;workshop=;productivity=-212.36;territory=1749]"
1775406,1776006,Fast,"Building","Waiting","",2,"productivity or territory is insufficient [CokeOven:candidate=True;constructible=True;affordable=False;available=False;owned=4;upgradeTo=IndustrialCarbonizationRetort;research=SteamPower|Coking;workshop=;productivity=-214.72;territory=1749]"
1776606,1778406,Fast,"Building","Waiting","",4,"productivity or territory is insufficient [CokeOven:candidate=True;constructible=True;affordable=False;available=False;owned=4;upgradeTo=IndustrialCarbonizationRetort;research=SteamPower|Coking;workshop=;productivity=-217.08;territory=1749]"
1779006,1783206,Fast,"Building","Waiting","",8,"productivity or territory is insufficient [CokeOven:candidate=True;constructible=True;affordable=False;available=False;owned=4;upgradeTo=IndustrialCarbonizationRetort;research=SteamPower|Coking;workshop=;productivity=-219.44;territory=1749]"
1783806,1783806,Fast,"Building","Waiting","",1,"productivity or territory is insufficient [CokeOven:candidate=True;constructible=True;affordable=False;available=False;owned=4;upgradeTo=IndustrialCarbonizationRetort;research=SteamPower|Coking;workshop=;productivity=-221.8;territory=1749]"
1784406,1784406,Fast,"Building","Waiting","",1,"productivity or territory is insufficient [CokeOven:candidate=True;constructible=True;affordable=False;available=False;owned=4;upgradeTo=IndustrialCarbonizationRetort;research=SteamPower|Coking;workshop=;productivity=0.04;territory=1749]"
1785006,1785006,Fast,"Building","Waiting","",1,"productivity or territory is insufficient [CokeOven:candidate=True;constructible=True;affordable=False;available=False;owned=4;upgradeTo=IndustrialCarbonizationRetort;research=SteamPower|Coking;workshop=;productivity=-35.36;territory=1749]"
1785606,1785606,Fast,"Building","Waiting","",1,"productivity or territory is insufficient [CokeOven:candidate=True;constructible=True;affordable=False;available=False;owned=4;upgradeTo=IndustrialCarbonizationRetort;research=SteamPower|Coking;workshop=;productivity=-66.04;territory=1749]"
1786206,1786206,Fast,"Building","Waiting","",1,"productivity or territory is insufficient [CokeOven:candidate=True;constructible=True;affordable=False;available=False;owned=4;upgradeTo=IndustrialCarbonizationRetort;research=SteamPower|Coking;workshop=;productivity=-92;territory=1749]"
1786806,1786806,Fast,"Building","Waiting","",1,"productivity or territory is insufficient [CokeOven:candidate=True;constructible=True;affordable=False;available=False;owned=4;upgradeTo=IndustrialCarbonizationRetort;research=SteamPower|Coking;workshop=;productivity=-113.24;territory=1749]"
1787406,1787406,Fast,"Building","Waiting","",1,"productivity or territory is insufficient [CokeOven:candidate=True;constructible=True;affordable=False;available=False;owned=4;upgradeTo=IndustrialCarbonizationRetort;research=SteamPower|Coking;workshop=;productivity=-132.12;territory=1749]"
1788006,1788006,Fast,"Building","Waiting","",1,"productivity or territory is insufficient [CokeOven:candidate=True;constructible=True;affordable=False;available=False;owned=4;upgradeTo=IndustrialCarbonizationRetort;research=SteamPower|Coking;workshop=;productivity=-146.28;territory=1749]"
1788606,1788606,Fast,"Building","Waiting","",1,"productivity or territory is insufficient [CokeOven:candidate=True;constructible=True;affordable=False;available=False;owned=4;upgradeTo=IndustrialCarbonizationRetort;research=SteamPower|Coking;workshop=;productivity=-158.08;territory=1749]"
1789206,1789206,Fast,"Building","Waiting","",1,"productivity or territory is insufficient [CokeOven:candidate=True;constructible=True;affordable=False;available=False;owned=4;upgradeTo=IndustrialCarbonizationRetort;research=SteamPower|Coking;workshop=;productivity=-169.88;territory=1749]"
1789806,1789806,Fast,"Building","Waiting","",1,"productivity or territory is insufficient [CokeOven:candidate=True;constructible=True;affordable=False;available=False;owned=4;upgradeTo=IndustrialCarbonizationRetort;research=SteamPower|Coking;workshop=;productivity=-176.96;territory=1749]"
1790406,1790406,Fast,"Building","Waiting","",1,"productivity or territory is insufficient [CokeOven:candidate=True;constructible=True;affordable=False;available=False;owned=4;upgradeTo=IndustrialCarbonizationRetort;research=SteamPower|Coking;workshop=;productivity=-186.4;territory=1749]"
1791006,1791006,Fast,"Building","Waiting","",1,"productivity or territory is insufficient [CokeOven:candidate=True;constructible=True;affordable=False;available=False;owned=4;upgradeTo=IndustrialCarbonizationRetort;research=SteamPower|Coking;workshop=;productivity=-191.12;territory=1749]"
1791606,1791606,Fast,"Building","Waiting","",1,"productivity or territory is insufficient [CokeOven:candidate=True;constructible=True;affordable=False;available=False;owned=4;upgradeTo=IndustrialCarbonizationRetort;research=SteamPower|Coking;workshop=;productivity=-195.84;territory=1749]"
1792206,1792206,Fast,"Building","Waiting","",1,"productivity or territory is insufficient [CokeOven:candidate=True;constructible=True;affordable=False;available=False;owned=4;upgradeTo=IndustrialCarbonizationRetort;research=SteamPower|Coking;workshop=;productivity=-200.56;territory=1749]"
1792806,1792806,Fast,"Building","Waiting","",1,"productivity or territory is insufficient [CokeOven:candidate=True;constructible=True;affordable=False;available=False;owned=4;upgradeTo=IndustrialCarbonizationRetort;research=SteamPower|Coking;workshop=;productivity=-202.92;territory=1749]"
1793406,1793406,Fast,"Building","Waiting","",1,"productivity or territory is insufficient [CokeOven:candidate=True;constructible=True;affordable=False;available=False;owned=4;upgradeTo=IndustrialCarbonizationRetort;research=SteamPower|Coking;workshop=;productivity=-207.64;territory=1749]"
1794006,1794606,Fast,"Building","Waiting","",2,"productivity or territory is insufficient [CokeOven:candidate=True;constructible=True;affordable=False;available=False;owned=4;upgradeTo=IndustrialCarbonizationRetort;research=SteamPower|Coking;workshop=;productivity=-210;territory=1749]"
1795206,1795206,Fast,"Building","Waiting","",1,"productivity or territory is insufficient [CokeOven:candidate=True;constructible=True;affordable=False;available=False;owned=4;upgradeTo=IndustrialCarbonizationRetort;research=SteamPower|Coking;workshop=;productivity=-212.36;territory=1749]"
1795806,1796406,Fast,"Building","Waiting","",2,"productivity or territory is insufficient [CokeOven:candidate=True;constructible=True;affordable=False;available=False;owned=4;upgradeTo=IndustrialCarbonizationRetort;research=SteamPower|Coking;workshop=;productivity=-214.72;territory=1749]"
1797006,1798806,Fast,"Building","Waiting","",4,"productivity or territory is insufficient [CokeOven:candidate=True;constructible=True;affordable=False;available=False;owned=4;upgradeTo=IndustrialCarbonizationRetort;research=SteamPower|Coking;workshop=;productivity=-217.08;territory=1749]"
1799406,1803606,Fast,"Building","Waiting","",8,"productivity or territory is insufficient [CokeOven:candidate=True;constructible=True;affordable=False;available=False;owned=4;upgradeTo=IndustrialCarbonizationRetort;research=SteamPower|Coking;workshop=;productivity=-219.44;territory=1749]"
1804206,1804206,Fast,"Building","Waiting","",1,"productivity or territory is insufficient [CokeOven:candidate=True;constructible=True;affordable=False;available=False;owned=4;upgradeTo=IndustrialCarbonizationRetort;research=SteamPower|Coking;workshop=;productivity=-221.8;territory=1749]"
1804806,1804806,Fast,"Building","Waiting","",1,"productivity or territory is insufficient [CokeOven:candidate=True;constructible=True;affordable=False;available=False;owned=4;upgradeTo=IndustrialCarbonizationRetort;research=SteamPower|Coking;workshop=;productivity=0.04;territory=1749]"
1805406,1805406,Fast,"Building","Waiting","",1,"productivity or territory is insufficient [CokeOven:candidate=True;constructible=True;affordable=False;available=False;owned=4;upgradeTo=IndustrialCarbonizationRetort;research=SteamPower|Coking;workshop=;productivity=-35.36;territory=1749]"
1806006,1806006,Fast,"Building","Waiting","",1,"productivity or territory is insufficient [CokeOven:candidate=True;constructible=True;affordable=False;available=False;owned=4;upgradeTo=IndustrialCarbonizationRetort;research=SteamPower|Coking;workshop=;productivity=-66.04;territory=1749]"
1806606,1806606,Fast,"Building","Waiting","",1,"productivity or territory is insufficient [CokeOven:candidate=True;constructible=True;affordable=False;available=False;owned=4;upgradeTo=IndustrialCarbonizationRetort;research=SteamPower|Coking;workshop=;productivity=-92;territory=1749]"
1807206,1807206,Fast,"Building","Waiting","",1,"productivity or territory is insufficient [CokeOven:candidate=True;constructible=True;affordable=False;available=False;owned=4;upgradeTo=IndustrialCarbonizationRetort;research=SteamPower|Coking;workshop=;productivity=-113.24;territory=1749]"
1807806,1807806,Fast,"Building","Waiting","",1,"productivity or territory is insufficient [CokeOven:candidate=True;constructible=True;affordable=False;available=False;owned=4;upgradeTo=IndustrialCarbonizationRetort;research=SteamPower|Coking;workshop=;productivity=-132.12;territory=1749]"
1808406,1808406,Fast,"Building","Waiting","",1,"productivity or territory is insufficient [CokeOven:candidate=True;constructible=True;affordable=False;available=False;owned=4;upgradeTo=IndustrialCarbonizationRetort;research=SteamPower|Coking;workshop=;productivity=-146.28;territory=1749]"
1809006,1809006,Fast,"Building","Waiting","",1,"productivity or territory is insufficient [CokeOven:candidate=True;constructible=True;affordable=False;available=False;owned=4;upgradeTo=IndustrialCarbonizationRetort;research=SteamPower|Coking;workshop=;productivity=-158.08;territory=1749]"
1809606,1809606,Fast,"Building","Waiting","",1,"productivity or territory is insufficient [CokeOven:candidate=True;constructible=True;affordable=False;available=False;owned=4;upgradeTo=IndustrialCarbonizationRetort;research=SteamPower|Coking;workshop=;productivity=-169.88;territory=1749]"
1810206,1810206,Fast,"Building","Waiting","",1,"productivity or territory is insufficient [CokeOven:candidate=True;constructible=True;affordable=False;available=False;owned=4;upgradeTo=IndustrialCarbonizationRetort;research=SteamPower|Coking;workshop=;productivity=-176.96;territory=1749]"
1810806,1810806,Fast,"Building","Waiting","",1,"productivity or territory is insufficient [CokeOven:candidate=True;constructible=True;affordable=False;available=False;owned=4;upgradeTo=IndustrialCarbonizationRetort;research=SteamPower|Coking;workshop=;productivity=-186.4;territory=1749]"
1811406,1811406,Fast,"Building","Waiting","",1,"productivity or territory is insufficient [CokeOven:candidate=True;constructible=True;affordable=False;available=False;owned=4;upgradeTo=IndustrialCarbonizationRetort;research=SteamPower|Coking;workshop=;productivity=-191.12;territory=1749]"
1812006,1812006,Fast,"Building","Waiting","",1,"productivity or territory is insufficient [CokeOven:candidate=True;constructible=True;affordable=False;available=False;owned=4;upgradeTo=IndustrialCarbonizationRetort;research=SteamPower|Coking;workshop=;productivity=-195.84;territory=1749]"
1812606,1812606,Fast,"Building","Waiting","",1,"productivity or territory is insufficient [CokeOven:candidate=True;constructible=True;affordable=False;available=False;owned=4;upgradeTo=IndustrialCarbonizationRetort;research=SteamPower|Coking;workshop=;productivity=-200.56;territory=1749]"
1813206,1813206,Fast,"Building","Waiting","",1,"productivity or territory is insufficient [CokeOven:candidate=True;constructible=True;affordable=False;available=False;owned=4;upgradeTo=IndustrialCarbonizationRetort;research=SteamPower|Coking;workshop=;productivity=-202.92;territory=1749]"
1813806,1813806,Fast,"Building","Waiting","",1,"productivity or territory is insufficient [CokeOven:candidate=True;constructible=True;affordable=False;available=False;owned=4;upgradeTo=IndustrialCarbonizationRetort;research=SteamPower|Coking;workshop=;productivity=-207.64;territory=1749]"
1814406,1815006,Fast,"Building","Waiting","",2,"productivity or territory is insufficient [CokeOven:candidate=True;constructible=True;affordable=False;available=False;owned=4;upgradeTo=IndustrialCarbonizationRetort;research=SteamPower|Coking;workshop=;productivity=-210;territory=1749]"
1815606,1815606,Fast,"Building","Waiting","",1,"productivity or territory is insufficient [CokeOven:candidate=True;constructible=True;affordable=False;available=False;owned=4;upgradeTo=IndustrialCarbonizationRetort;research=SteamPower|Coking;workshop=;productivity=-212.36;territory=1749]"
1816206,1816806,Fast,"Building","Waiting","",2,"productivity or territory is insufficient [CokeOven:candidate=True;constructible=True;affordable=False;available=False;owned=4;upgradeTo=IndustrialCarbonizationRetort;research=SteamPower|Coking;workshop=;productivity=-214.72;territory=1749]"
1817406,1819206,Fast,"Building","Waiting","",4,"productivity or territory is insufficient [CokeOven:candidate=True;constructible=True;affordable=False;available=False;owned=4;upgradeTo=IndustrialCarbonizationRetort;research=SteamPower|Coking;workshop=;productivity=-217.08;territory=1749]"
1819806,1824006,Fast,"Building","Waiting","",8,"productivity or territory is insufficient [CokeOven:candidate=True;constructible=True;affordable=False;available=False;owned=4;upgradeTo=IndustrialCarbonizationRetort;research=SteamPower|Coking;workshop=;productivity=-219.44;territory=1749]"
1824606,1824606,Fast,"Building","Waiting","",1,"productivity or territory is insufficient [CokeOven:candidate=True;constructible=True;affordable=False;available=False;owned=4;upgradeTo=IndustrialCarbonizationRetort;research=SteamPower|Coking;workshop=;productivity=-221.8;territory=1749]"
1825206,1825206,Fast,"Building","Waiting","",1,"productivity or territory is insufficient [CokeOven:candidate=True;constructible=True;affordable=False;available=False;owned=4;upgradeTo=IndustrialCarbonizationRetort;research=SteamPower|Coking;workshop=;productivity=0.04;territory=1749]"
1825806,1825806,Fast,"Building","Waiting","",1,"productivity or territory is insufficient [CokeOven:candidate=True;constructible=True;affordable=False;available=False;owned=4;upgradeTo=IndustrialCarbonizationRetort;research=SteamPower|Coking;workshop=;productivity=-35.36;territory=1749]"
1826406,1826406,Fast,"Building","Waiting","",1,"productivity or territory is insufficient [CokeOven:candidate=True;constructible=True;affordable=False;available=False;owned=4;upgradeTo=IndustrialCarbonizationRetort;research=SteamPower|Coking;workshop=;productivity=-66.04;territory=1749]"
1827006,1827006,Fast,"Building","Waiting","",1,"productivity or territory is insufficient [CokeOven:candidate=True;constructible=True;affordable=False;available=False;owned=4;upgradeTo=IndustrialCarbonizationRetort;research=SteamPower|Coking;workshop=;productivity=-92;territory=1749]"
1827606,1827606,Fast,"Building","Waiting","",1,"productivity or territory is insufficient [CokeOven:candidate=True;constructible=True;affordable=False;available=False;owned=4;upgradeTo=IndustrialCarbonizationRetort;research=SteamPower|Coking;workshop=;productivity=-113.24;territory=1749]"
1828206,1828206,Fast,"Building","Waiting","",1,"productivity or territory is insufficient [CokeOven:candidate=True;constructible=True;affordable=False;available=False;owned=4;upgradeTo=IndustrialCarbonizationRetort;research=SteamPower|Coking;workshop=;productivity=-132.12;territory=1749]"
1828806,1828806,Fast,"Building","Waiting","",1,"productivity or territory is insufficient [CokeOven:candidate=True;constructible=True;affordable=False;available=False;owned=4;upgradeTo=IndustrialCarbonizationRetort;research=SteamPower|Coking;workshop=;productivity=-146.28;territory=1749]"
1829406,1829406,Fast,"Building","Waiting","",1,"productivity or territory is insufficient [CokeOven:candidate=True;constructible=True;affordable=False;available=False;owned=4;upgradeTo=IndustrialCarbonizationRetort;research=SteamPower|Coking;workshop=;productivity=-158.08;territory=1749]"
1830006,1830006,Fast,"Building","Waiting","",1,"productivity or territory is insufficient [CokeOven:candidate=True;constructible=True;affordable=False;available=False;owned=4;upgradeTo=IndustrialCarbonizationRetort;research=SteamPower|Coking;workshop=;productivity=-169.88;territory=1749]"
1830606,1830606,Fast,"Building","Waiting","",1,"productivity or territory is insufficient [CokeOven:candidate=True;constructible=True;affordable=False;available=False;owned=4;upgradeTo=IndustrialCarbonizationRetort;research=SteamPower|Coking;workshop=;productivity=-176.96;territory=1749]"
1831206,1831206,Fast,"Building","Waiting","",1,"productivity or territory is insufficient [CokeOven:candidate=True;constructible=True;affordable=False;available=False;owned=4;upgradeTo=IndustrialCarbonizationRetort;research=SteamPower|Coking;workshop=;productivity=-186.4;territory=1749]"
1831806,1831806,Fast,"Building","Waiting","",1,"productivity or territory is insufficient [CokeOven:candidate=True;constructible=True;affordable=False;available=False;owned=4;upgradeTo=IndustrialCarbonizationRetort;research=SteamPower|Coking;workshop=;productivity=-191.12;territory=1749]"
1832406,1832406,Fast,"Building","Waiting","",1,"productivity or territory is insufficient [CokeOven:candidate=True;constructible=True;affordable=False;available=False;owned=4;upgradeTo=IndustrialCarbonizationRetort;research=SteamPower|Coking;workshop=;productivity=-195.84;territory=1749]"
1833006,1833006,Fast,"Building","Waiting","",1,"productivity or territory is insufficient [CokeOven:candidate=True;constructible=True;affordable=False;available=False;owned=4;upgradeTo=IndustrialCarbonizationRetort;research=SteamPower|Coking;workshop=;productivity=-200.56;territory=1749]"
1833606,1833606,Fast,"Building","Waiting","",1,"productivity or territory is insufficient [CokeOven:candidate=True;constructible=True;affordable=False;available=False;owned=4;upgradeTo=IndustrialCarbonizationRetort;research=SteamPower|Coking;workshop=;productivity=-202.92;territory=1749]"
1834206,1834206,Fast,"Building","Waiting","",1,"productivity or territory is insufficient [CokeOven:candidate=True;constructible=True;affordable=False;available=False;owned=4;upgradeTo=IndustrialCarbonizationRetort;research=SteamPower|Coking;workshop=;productivity=-207.64;territory=1749]"
1834806,1835406,Fast,"Building","Waiting","",2,"productivity or territory is insufficient [CokeOven:candidate=True;constructible=True;affordable=False;available=False;owned=4;upgradeTo=IndustrialCarbonizationRetort;research=SteamPower|Coking;workshop=;productivity=-210;territory=1749]"
1836006,1836006,Fast,"Building","Waiting","",1,"productivity or territory is insufficient [CokeOven:candidate=True;constructible=True;affordable=False;available=False;owned=4;upgradeTo=IndustrialCarbonizationRetort;research=SteamPower|Coking;workshop=;productivity=-212.36;territory=1749]"
1836606,1837206,Fast,"Building","Waiting","",2,"productivity or territory is insufficient [CokeOven:candidate=True;constructible=True;affordable=False;available=False;owned=4;upgradeTo=IndustrialCarbonizationRetort;research=SteamPower|Coking;workshop=;productivity=-214.72;territory=1749]"
1837806,1839606,Fast,"Building","Waiting","",4,"productivity or territory is insufficient [CokeOven:candidate=True;constructible=True;affordable=False;available=False;owned=4;upgradeTo=IndustrialCarbonizationRetort;research=SteamPower|Coking;workshop=;productivity=-217.08;territory=1749]"
1840206,1844406,Fast,"Building","Waiting","",8,"productivity or territory is insufficient [CokeOven:candidate=True;constructible=True;affordable=False;available=False;owned=4;upgradeTo=IndustrialCarbonizationRetort;research=SteamPower|Coking;workshop=;productivity=-219.44;territory=1749]"
1845006,1845006,Fast,"Building","Waiting","",1,"productivity or territory is insufficient [CokeOven:candidate=True;constructible=True;affordable=False;available=False;owned=4;upgradeTo=IndustrialCarbonizationRetort;research=SteamPower|Coking;workshop=;productivity=-221.8;territory=1749]"
1845606,1845606,Fast,"Building","Waiting","",1,"productivity or territory is insufficient [CokeOven:candidate=True;constructible=True;affordable=False;available=False;owned=4;upgradeTo=IndustrialCarbonizationRetort;research=SteamPower|Coking;workshop=;productivity=0.04;territory=1749]"
1846206,1846206,Fast,"Building","Waiting","",1,"productivity or territory is insufficient [CokeOven:candidate=True;constructible=True;affordable=False;available=False;owned=4;upgradeTo=IndustrialCarbonizationRetort;research=SteamPower|Coking;workshop=;productivity=-35.36;territory=1749]"
1846806,1846806,Fast,"Building","Waiting","",1,"productivity or territory is insufficient [CokeOven:candidate=True;constructible=True;affordable=False;available=False;owned=4;upgradeTo=IndustrialCarbonizationRetort;research=SteamPower|Coking;workshop=;productivity=-66.04;territory=1749]"
1847406,1847406,Fast,"Building","Waiting","",1,"productivity or territory is insufficient [CokeOven:candidate=True;constructible=True;affordable=False;available=False;owned=4;upgradeTo=IndustrialCarbonizationRetort;research=SteamPower|Coking;workshop=;productivity=-92;territory=1749]"
1848006,1848006,Fast,"Building","Waiting","",1,"productivity or territory is insufficient [CokeOven:candidate=True;constructible=True;affordable=False;available=False;owned=4;upgradeTo=IndustrialCarbonizationRetort;research=SteamPower|Coking;workshop=;productivity=-113.24;territory=1749]"
1848606,1848606,Fast,"Building","Waiting","",1,"productivity or territory is insufficient [CokeOven:candidate=True;constructible=True;affordable=False;available=False;owned=4;upgradeTo=IndustrialCarbonizationRetort;research=SteamPower|Coking;workshop=;productivity=-132.12;territory=1749]"
1849206,1849206,Fast,"Building","Waiting","",1,"productivity or territory is insufficient [CokeOven:candidate=True;constructible=True;affordable=False;available=False;owned=4;upgradeTo=IndustrialCarbonizationRetort;research=SteamPower|Coking;workshop=;productivity=-146.28;territory=1749]"
1849806,1849806,Fast,"Building","Waiting","",1,"productivity or territory is insufficient [CokeOven:candidate=True;constructible=True;affordable=False;available=False;owned=4;upgradeTo=IndustrialCarbonizationRetort;research=SteamPower|Coking;workshop=;productivity=-158.08;territory=1749]"
1850406,1850406,Fast,"Building","Waiting","",1,"productivity or territory is insufficient [CokeOven:candidate=True;constructible=True;affordable=False;available=False;owned=4;upgradeTo=IndustrialCarbonizationRetort;research=SteamPower|Coking;workshop=;productivity=-169.88;territory=1749]"
1851006,1851006,Fast,"Building","Waiting","",1,"productivity or territory is insufficient [CokeOven:candidate=True;constructible=True;affordable=False;available=False;owned=4;upgradeTo=IndustrialCarbonizationRetort;research=SteamPower|Coking;workshop=;productivity=-176.96;territory=1749]"
1851606,1851606,Fast,"Building","Waiting","",1,"productivity or territory is insufficient [CokeOven:candidate=True;constructible=True;affordable=False;available=False;owned=4;upgradeTo=IndustrialCarbonizationRetort;research=SteamPower|Coking;workshop=;productivity=-186.4;territory=1749]"
1852206,1852206,Fast,"Building","Waiting","",1,"productivity or territory is insufficient [CokeOven:candidate=True;constructible=True;affordable=False;available=False;owned=4;upgradeTo=IndustrialCarbonizationRetort;research=SteamPower|Coking;workshop=;productivity=-191.12;territory=1749]"
1852806,1852806,Fast,"Building","Waiting","",1,"productivity or territory is insufficient [CokeOven:candidate=True;constructible=True;affordable=False;available=False;owned=4;upgradeTo=IndustrialCarbonizationRetort;research=SteamPower|Coking;workshop=;productivity=-195.84;territory=1749]"
1853406,1853406,Fast,"Building","Waiting","",1,"productivity or territory is insufficient [CokeOven:candidate=True;constructible=True;affordable=False;available=False;owned=4;upgradeTo=IndustrialCarbonizationRetort;research=SteamPower|Coking;workshop=;productivity=-200.56;territory=1749]"
1854006,1854006,Fast,"Building","Waiting","",1,"productivity or territory is insufficient [CokeOven:candidate=True;constructible=True;affordable=False;available=False;owned=4;upgradeTo=IndustrialCarbonizationRetort;research=SteamPower|Coking;workshop=;productivity=-202.92;territory=1749]"
1854606,1854606,Fast,"Building","Waiting","",1,"productivity or territory is insufficient [CokeOven:candidate=True;constructible=True;affordable=False;available=False;owned=4;upgradeTo=IndustrialCarbonizationRetort;research=SteamPower|Coking;workshop=;productivity=-207.64;territory=1749]"
1855206,1855806,Fast,"Building","Waiting","",2,"productivity or territory is insufficient [CokeOven:candidate=True;constructible=True;affordable=False;available=False;owned=4;upgradeTo=IndustrialCarbonizationRetort;research=SteamPower|Coking;workshop=;productivity=-210;territory=1749]"
1856406,1856406,Fast,"Building","Waiting","",1,"productivity or territory is insufficient [CokeOven:candidate=True;constructible=True;affordable=False;available=False;owned=4;upgradeTo=IndustrialCarbonizationRetort;research=SteamPower|Coking;workshop=;productivity=-212.36;territory=1749]"
1857006,1857606,Fast,"Building","Waiting","",2,"productivity or territory is insufficient [CokeOven:candidate=True;constructible=True;affordable=False;available=False;owned=4;upgradeTo=IndustrialCarbonizationRetort;research=SteamPower|Coking;workshop=;productivity=-214.72;territory=1749]"
1858206,1860006,Fast,"Building","Waiting","",4,"productivity or territory is insufficient [CokeOven:candidate=True;constructible=True;affordable=False;available=False;owned=4;upgradeTo=IndustrialCarbonizationRetort;research=SteamPower|Coking;workshop=;productivity=-217.08;territory=1749]"
1860606,1864806,Fast,"Building","Waiting","",8,"productivity or territory is insufficient [CokeOven:candidate=True;constructible=True;affordable=False;available=False;owned=4;upgradeTo=IndustrialCarbonizationRetort;research=SteamPower|Coking;workshop=;productivity=-219.44;territory=1749]"
1865406,1865406,Fast,"Building","Waiting","",1,"productivity or territory is insufficient [CokeOven:candidate=True;constructible=True;affordable=False;available=False;owned=4;upgradeTo=IndustrialCarbonizationRetort;research=SteamPower|Coking;workshop=;productivity=-221.8;territory=1749]"
1866006,1866006,Fast,"Building","Waiting","",1,"productivity or territory is insufficient [CokeOven:candidate=True;constructible=True;affordable=False;available=False;owned=4;upgradeTo=IndustrialCarbonizationRetort;research=SteamPower|Coking;workshop=;productivity=0.04;territory=1749]"
1866606,1866606,Fast,"Building","Waiting","",1,"productivity or territory is insufficient [CokeOven:candidate=True;constructible=True;affordable=False;available=False;owned=4;upgradeTo=IndustrialCarbonizationRetort;research=SteamPower|Coking;workshop=;productivity=-35.36;territory=1749]"
1867206,1867206,Fast,"Building","Waiting","",1,"productivity or territory is insufficient [CokeOven:candidate=True;constructible=True;affordable=False;available=False;owned=4;upgradeTo=IndustrialCarbonizationRetort;research=SteamPower|Coking;workshop=;productivity=-66.04;territory=1749]"
1867806,1867806,Fast,"Building","Waiting","",1,"productivity or territory is insufficient [CokeOven:candidate=True;constructible=True;affordable=False;available=False;owned=4;upgradeTo=IndustrialCarbonizationRetort;research=SteamPower|Coking;workshop=;productivity=-92;territory=1749]"
1868406,1868406,Fast,"Building","Waiting","",1,"productivity or territory is insufficient [CokeOven:candidate=True;constructible=True;affordable=False;available=False;owned=4;upgradeTo=IndustrialCarbonizationRetort;research=SteamPower|Coking;workshop=;productivity=-113.24;territory=1749]"
1869006,1869006,Fast,"Building","Waiting","",1,"productivity or territory is insufficient [CokeOven:candidate=True;constructible=True;affordable=False;available=False;owned=4;upgradeTo=IndustrialCarbonizationRetort;research=SteamPower|Coking;workshop=;productivity=-132.12;territory=1749]"
1869606,1869606,Fast,"Building","Waiting","",1,"productivity or territory is insufficient [CokeOven:candidate=True;constructible=True;affordable=False;available=False;owned=4;upgradeTo=IndustrialCarbonizationRetort;research=SteamPower|Coking;workshop=;productivity=-146.28;territory=1749]"
1870206,1870206,Fast,"Building","Waiting","",1,"productivity or territory is insufficient [CokeOven:candidate=True;constructible=True;affordable=False;available=False;owned=4;upgradeTo=IndustrialCarbonizationRetort;research=SteamPower|Coking;workshop=;productivity=-158.08;territory=1749]"
1870806,1870806,Fast,"Building","Waiting","",1,"productivity or territory is insufficient [CokeOven:candidate=True;constructible=True;affordable=False;available=False;owned=4;upgradeTo=IndustrialCarbonizationRetort;research=SteamPower|Coking;workshop=;productivity=-169.88;territory=1749]"
1871406,1871406,Fast,"Building","Waiting","",1,"productivity or territory is insufficient [CokeOven:candidate=True;constructible=True;affordable=False;available=False;owned=4;upgradeTo=IndustrialCarbonizationRetort;research=SteamPower|Coking;workshop=;productivity=-176.96;territory=1749]"
1872006,1872006,Fast,"Building","Waiting","",1,"productivity or territory is insufficient [CokeOven:candidate=True;constructible=True;affordable=False;available=False;owned=4;upgradeTo=IndustrialCarbonizationRetort;research=SteamPower|Coking;workshop=;productivity=-186.4;territory=1749]"
1872606,1872606,Fast,"Building","Waiting","",1,"productivity or territory is insufficient [CokeOven:candidate=True;constructible=True;affordable=False;available=False;owned=4;upgradeTo=IndustrialCarbonizationRetort;research=SteamPower|Coking;workshop=;productivity=-191.12;territory=1749]"
1873206,1873206,Fast,"Building","Waiting","",1,"productivity or territory is insufficient [CokeOven:candidate=True;constructible=True;affordable=False;available=False;owned=4;upgradeTo=IndustrialCarbonizationRetort;research=SteamPower|Coking;workshop=;productivity=-195.84;territory=1749]"
1873806,1873806,Fast,"Building","Waiting","",1,"productivity or territory is insufficient [CokeOven:candidate=True;constructible=True;affordable=False;available=False;owned=4;upgradeTo=IndustrialCarbonizationRetort;research=SteamPower|Coking;workshop=;productivity=-200.56;territory=1749]"
1874406,1874406,Fast,"Building","Waiting","",1,"productivity or territory is insufficient [CokeOven:candidate=True;constructible=True;affordable=False;available=False;owned=4;upgradeTo=IndustrialCarbonizationRetort;research=SteamPower|Coking;workshop=;productivity=-202.92;territory=1749]"
1875006,1875006,Fast,"Building","Waiting","",1,"productivity or territory is insufficient [CokeOven:candidate=True;constructible=True;affordable=False;available=False;owned=4;upgradeTo=IndustrialCarbonizationRetort;research=SteamPower|Coking;workshop=;productivity=-207.64;territory=1749]"
1875606,1876206,Fast,"Building","Waiting","",2,"productivity or territory is insufficient [CokeOven:candidate=True;constructible=True;affordable=False;available=False;owned=4;upgradeTo=IndustrialCarbonizationRetort;research=SteamPower|Coking;workshop=;productivity=-210;territory=1749]"
1876806,1876806,Fast,"Building","Waiting","",1,"productivity or territory is insufficient [CokeOven:candidate=True;constructible=True;affordable=False;available=False;owned=4;upgradeTo=IndustrialCarbonizationRetort;research=SteamPower|Coking;workshop=;productivity=-212.36;territory=1749]"
1877406,1878006,Fast,"Building","Waiting","",2,"productivity or territory is insufficient [CokeOven:candidate=True;constructible=True;affordable=False;available=False;owned=4;upgradeTo=IndustrialCarbonizationRetort;research=SteamPower|Coking;workshop=;productivity=-214.72;territory=1749]"
1878606,1880406,Fast,"Building","Waiting","",4,"productivity or territory is insufficient [CokeOven:candidate=True;constructible=True;affordable=False;available=False;owned=4;upgradeTo=IndustrialCarbonizationRetort;research=SteamPower|Coking;workshop=;productivity=-217.08;territory=1749]"
1881006,1885206,Fast,"Building","Waiting","",8,"productivity or territory is insufficient [CokeOven:candidate=True;constructible=True;affordable=False;available=False;owned=4;upgradeTo=IndustrialCarbonizationRetort;research=SteamPower|Coking;workshop=;productivity=-219.44;territory=1749]"
1885806,1885806,Fast,"Building","Waiting","",1,"productivity or territory is insufficient [CokeOven:candidate=True;constructible=True;affordable=False;available=False;owned=4;upgradeTo=IndustrialCarbonizationRetort;research=SteamPower|Coking;workshop=;productivity=-221.8;territory=1749]"
1886406,1886406,Fast,"Building","Waiting","",1,"productivity or territory is insufficient [CokeOven:candidate=True;constructible=True;affordable=False;available=False;owned=4;upgradeTo=IndustrialCarbonizationRetort;research=SteamPower|Coking;workshop=;productivity=0.04;territory=1749]"
1887006,1887006,Fast,"Building","Waiting","",1,"productivity or territory is insufficient [CokeOven:candidate=True;constructible=True;affordable=False;available=False;owned=4;upgradeTo=IndustrialCarbonizationRetort;research=SteamPower|Coking;workshop=;productivity=-35.36;territory=1749]"
1887606,1887606,Fast,"Building","Waiting","",1,"productivity or territory is insufficient [CokeOven:candidate=True;constructible=True;affordable=False;available=False;owned=4;upgradeTo=IndustrialCarbonizationRetort;research=SteamPower|Coking;workshop=;productivity=-66.04;territory=1749]"
1888206,1888206,Fast,"Building","Waiting","",1,"productivity or territory is insufficient [CokeOven:candidate=True;constructible=True;affordable=False;available=False;owned=4;upgradeTo=IndustrialCarbonizationRetort;research=SteamPower|Coking;workshop=;productivity=-92;territory=1749]"
1888806,1888806,Fast,"Building","Waiting","",1,"productivity or territory is insufficient [CokeOven:candidate=True;constructible=True;affordable=False;available=False;owned=4;upgradeTo=IndustrialCarbonizationRetort;research=SteamPower|Coking;workshop=;productivity=-113.24;territory=1749]"
1889406,1889406,Fast,"Building","Waiting","",1,"productivity or territory is insufficient [CokeOven:candidate=True;constructible=True;affordable=False;available=False;owned=4;upgradeTo=IndustrialCarbonizationRetort;research=SteamPower|Coking;workshop=;productivity=-132.12;territory=1749]"
1890006,1890006,Fast,"Building","Waiting","",1,"productivity or territory is insufficient [CokeOven:candidate=True;constructible=True;affordable=False;available=False;owned=4;upgradeTo=IndustrialCarbonizationRetort;research=SteamPower|Coking;workshop=;productivity=-146.28;territory=1749]"
1890606,1890606,Fast,"Building","Waiting","",1,"productivity or territory is insufficient [CokeOven:candidate=True;constructible=True;affordable=False;available=False;owned=4;upgradeTo=IndustrialCarbonizationRetort;research=SteamPower|Coking;workshop=;productivity=-158.08;territory=1749]"
1891206,1891206,Fast,"Building","Waiting","",1,"productivity or territory is insufficient [CokeOven:candidate=True;constructible=True;affordable=False;available=False;owned=4;upgradeTo=IndustrialCarbonizationRetort;research=SteamPower|Coking;workshop=;productivity=-169.88;territory=1749]"
1891806,1891806,Fast,"Building","Waiting","",1,"productivity or territory is insufficient [CokeOven:candidate=True;constructible=True;affordable=False;available=False;owned=4;upgradeTo=IndustrialCarbonizationRetort;research=SteamPower|Coking;workshop=;productivity=-176.96;territory=1749]"
1892406,1892406,Fast,"Building","Waiting","",1,"productivity or territory is insufficient [CokeOven:candidate=True;constructible=True;affordable=False;available=False;owned=4;upgradeTo=IndustrialCarbonizationRetort;research=SteamPower|Coking;workshop=;productivity=-186.4;territory=1749]"
1893006,1893006,Fast,"Building","Waiting","",1,"productivity or territory is insufficient [CokeOven:candidate=True;constructible=True;affordable=False;available=False;owned=4;upgradeTo=IndustrialCarbonizationRetort;research=SteamPower|Coking;workshop=;productivity=-191.12;territory=1749]"
1893606,1893606,Fast,"Building","Waiting","",1,"productivity or territory is insufficient [CokeOven:candidate=True;constructible=True;affordable=False;available=False;owned=4;upgradeTo=IndustrialCarbonizationRetort;research=SteamPower|Coking;workshop=;productivity=-195.84;territory=1749]"
1894206,1894206,Fast,"Building","Waiting","",1,"productivity or territory is insufficient [CokeOven:candidate=True;constructible=True;affordable=False;available=False;owned=4;upgradeTo=IndustrialCarbonizationRetort;research=SteamPower|Coking;workshop=;productivity=-200.56;territory=1749]"
1894806,1894806,Fast,"Building","Waiting","",1,"productivity or territory is insufficient [CokeOven:candidate=True;constructible=True;affordable=False;available=False;owned=4;upgradeTo=IndustrialCarbonizationRetort;research=SteamPower|Coking;workshop=;productivity=-202.92;territory=1749]"
1895406,1895406,Fast,"Building","Waiting","",1,"productivity or territory is insufficient [CokeOven:candidate=True;constructible=True;affordable=False;available=False;owned=4;upgradeTo=IndustrialCarbonizationRetort;research=SteamPower|Coking;workshop=;productivity=-207.64;territory=1749]"
1896006,1896606,Fast,"Building","Waiting","",2,"productivity or territory is insufficient [CokeOven:candidate=True;constructible=True;affordable=False;available=False;owned=4;upgradeTo=IndustrialCarbonizationRetort;research=SteamPower|Coking;workshop=;productivity=-210;territory=1749]"
1897206,1897206,Fast,"Building","Waiting","",1,"productivity or territory is insufficient [CokeOven:candidate=True;constructible=True;affordable=False;available=False;owned=4;upgradeTo=IndustrialCarbonizationRetort;research=SteamPower|Coking;workshop=;productivity=-212.36;territory=1749]"
1897806,1898406,Fast,"Building","Waiting","",2,"productivity or territory is insufficient [CokeOven:candidate=True;constructible=True;affordable=False;available=False;owned=4;upgradeTo=IndustrialCarbonizationRetort;research=SteamPower|Coking;workshop=;productivity=-214.72;territory=1749]"
1899006,1900806,Fast,"Building","Waiting","",4,"productivity or territory is insufficient [CokeOven:candidate=True;constructible=True;affordable=False;available=False;owned=4;upgradeTo=IndustrialCarbonizationRetort;research=SteamPower|Coking;workshop=;productivity=-217.08;territory=1749]"
1901406,1905606,Fast,"Building","Waiting","",8,"productivity or territory is insufficient [CokeOven:candidate=True;constructible=True;affordable=False;available=False;owned=4;upgradeTo=IndustrialCarbonizationRetort;research=SteamPower|Coking;workshop=;productivity=-219.44;territory=1749]"
1906206,1906206,Fast,"Building","Waiting","",1,"productivity or territory is insufficient [CokeOven:candidate=True;constructible=True;affordable=False;available=False;owned=4;upgradeTo=IndustrialCarbonizationRetort;research=SteamPower|Coking;workshop=;productivity=-221.8;territory=1749]"
1906806,1906806,Fast,"Building","Waiting","",1,"productivity or territory is insufficient [CokeOven:candidate=True;constructible=True;affordable=False;available=False;owned=4;upgradeTo=IndustrialCarbonizationRetort;research=SteamPower|Coking;workshop=;productivity=0.04;territory=1749]"
1907406,1907406,Fast,"Building","Waiting","",1,"productivity or territory is insufficient [CokeOven:candidate=True;constructible=True;affordable=False;available=False;owned=4;upgradeTo=IndustrialCarbonizationRetort;research=SteamPower|Coking;workshop=;productivity=-35.36;territory=1749]"
1908006,1908006,Fast,"Building","Waiting","",1,"productivity or territory is insufficient [CokeOven:candidate=True;constructible=True;affordable=False;available=False;owned=4;upgradeTo=IndustrialCarbonizationRetort;research=SteamPower|Coking;workshop=;productivity=-66.04;territory=1749]"
1908606,1908606,Fast,"Building","Waiting","",1,"productivity or territory is insufficient [CokeOven:candidate=True;constructible=True;affordable=False;available=False;owned=4;upgradeTo=IndustrialCarbonizationRetort;research=SteamPower|Coking;workshop=;productivity=-92;territory=1749]"
1909206,1909206,Fast,"Building","Waiting","",1,"productivity or territory is insufficient [CokeOven:candidate=True;constructible=True;affordable=False;available=False;owned=4;upgradeTo=IndustrialCarbonizationRetort;research=SteamPower|Coking;workshop=;productivity=-113.24;territory=1749]"
1909806,1909806,Fast,"Building","Waiting","",1,"productivity or territory is insufficient [CokeOven:candidate=True;constructible=True;affordable=False;available=False;owned=4;upgradeTo=IndustrialCarbonizationRetort;research=SteamPower|Coking;workshop=;productivity=-132.12;territory=1749]"
1910406,1910406,Fast,"Building","Waiting","",1,"productivity or territory is insufficient [CokeOven:candidate=True;constructible=True;affordable=False;available=False;owned=4;upgradeTo=IndustrialCarbonizationRetort;research=SteamPower|Coking;workshop=;productivity=-146.28;territory=1749]"
1911006,1911006,Fast,"Building","Waiting","",1,"productivity or territory is insufficient [CokeOven:candidate=True;constructible=True;affordable=False;available=False;owned=4;upgradeTo=IndustrialCarbonizationRetort;research=SteamPower|Coking;workshop=;productivity=-158.08;territory=1749]"
1911606,1911606,Fast,"Building","Waiting","",1,"productivity or territory is insufficient [CokeOven:candidate=True;constructible=True;affordable=False;available=False;owned=4;upgradeTo=IndustrialCarbonizationRetort;research=SteamPower|Coking;workshop=;productivity=-169.88;territory=1749]"
1912206,1912206,Fast,"Building","Waiting","",1,"productivity or territory is insufficient [CokeOven:candidate=True;constructible=True;affordable=False;available=False;owned=4;upgradeTo=IndustrialCarbonizationRetort;research=SteamPower|Coking;workshop=;productivity=-176.96;territory=1749]"
1912806,1912806,Fast,"Building","Waiting","",1,"productivity or territory is insufficient [CokeOven:candidate=True;constructible=True;affordable=False;available=False;owned=4;upgradeTo=IndustrialCarbonizationRetort;research=SteamPower|Coking;workshop=;productivity=-186.4;territory=1749]"
1913406,1913406,Fast,"Building","Waiting","",1,"productivity or territory is insufficient [CokeOven:candidate=True;constructible=True;affordable=False;available=False;owned=4;upgradeTo=IndustrialCarbonizationRetort;research=SteamPower|Coking;workshop=;productivity=-191.12;territory=1749]"
1914006,1914006,Fast,"Building","Waiting","",1,"productivity or territory is insufficient [CokeOven:candidate=True;constructible=True;affordable=False;available=False;owned=4;upgradeTo=IndustrialCarbonizationRetort;research=SteamPower|Coking;workshop=;productivity=-195.84;territory=1749]"
1914606,1914606,Fast,"Building","Waiting","",1,"productivity or territory is insufficient [CokeOven:candidate=True;constructible=True;affordable=False;available=False;owned=4;upgradeTo=IndustrialCarbonizationRetort;research=SteamPower|Coking;workshop=;productivity=-200.56;territory=1749]"
1915206,1915206,Fast,"Building","Waiting","",1,"productivity or territory is insufficient [CokeOven:candidate=True;constructible=True;affordable=False;available=False;owned=4;upgradeTo=IndustrialCarbonizationRetort;research=SteamPower|Coking;workshop=;productivity=-202.92;territory=1749]"
1915806,1915806,Fast,"Building","Waiting","",1,"productivity or territory is insufficient [CokeOven:candidate=True;constructible=True;affordable=False;available=False;owned=4;upgradeTo=IndustrialCarbonizationRetort;research=SteamPower|Coking;workshop=;productivity=-207.64;territory=1749]"
1916406,1917006,Fast,"Building","Waiting","",2,"productivity or territory is insufficient [CokeOven:candidate=True;constructible=True;affordable=False;available=False;owned=4;upgradeTo=IndustrialCarbonizationRetort;research=SteamPower|Coking;workshop=;productivity=-210;territory=1749]"
1917606,1917606,Fast,"Building","Waiting","",1,"productivity or territory is insufficient [CokeOven:candidate=True;constructible=True;affordable=False;available=False;owned=4;upgradeTo=IndustrialCarbonizationRetort;research=SteamPower|Coking;workshop=;productivity=-212.36;territory=1749]"
1918206,1918806,Fast,"Building","Waiting","",2,"productivity or territory is insufficient [CokeOven:candidate=True;constructible=True;affordable=False;available=False;owned=4;upgradeTo=IndustrialCarbonizationRetort;research=SteamPower|Coking;workshop=;productivity=-214.72;territory=1749]"
1919406,1921206,Fast,"Building","Waiting","",4,"productivity or territory is insufficient [CokeOven:candidate=True;constructible=True;affordable=False;available=False;owned=4;upgradeTo=IndustrialCarbonizationRetort;research=SteamPower|Coking;workshop=;productivity=-217.08;territory=1749]"
1921806,1926006,Fast,"Building","Waiting","",8,"productivity or territory is insufficient [CokeOven:candidate=True;constructible=True;affordable=False;available=False;owned=4;upgradeTo=IndustrialCarbonizationRetort;research=SteamPower|Coking;workshop=;productivity=-219.44;territory=1749]"
1926606,1926606,Fast,"Building","Waiting","",1,"productivity or territory is insufficient [CokeOven:candidate=True;constructible=True;affordable=False;available=False;owned=4;upgradeTo=IndustrialCarbonizationRetort;research=SteamPower|Coking;workshop=;productivity=-221.8;territory=1749]"
1927206,1927206,Fast,"Building","Waiting","",1,"productivity or territory is insufficient [CokeOven:candidate=True;constructible=True;affordable=False;available=False;owned=4;upgradeTo=IndustrialCarbonizationRetort;research=SteamPower|Coking;workshop=;productivity=0.04;territory=1749]"
1927806,1927806,Fast,"Building","Waiting","",1,"productivity or territory is insufficient [CokeOven:candidate=True;constructible=True;affordable=False;available=False;owned=4;upgradeTo=IndustrialCarbonizationRetort;research=SteamPower|Coking;workshop=;productivity=-35.36;territory=1749]"
1928406,1928406,Fast,"Building","Waiting","",1,"productivity or territory is insufficient [CokeOven:candidate=True;constructible=True;affordable=False;available=False;owned=4;upgradeTo=IndustrialCarbonizationRetort;research=SteamPower|Coking;workshop=;productivity=-66.04;territory=1749]"
1929006,1929006,Fast,"Building","Waiting","",1,"productivity or territory is insufficient [CokeOven:candidate=True;constructible=True;affordable=False;available=False;owned=4;upgradeTo=IndustrialCarbonizationRetort;research=SteamPower|Coking;workshop=;productivity=-92;territory=1749]"
1929606,1929606,Fast,"Building","Waiting","",1,"productivity or territory is insufficient [CokeOven:candidate=True;constructible=True;affordable=False;available=False;owned=4;upgradeTo=IndustrialCarbonizationRetort;research=SteamPower|Coking;workshop=;productivity=-113.24;territory=1749]"
1930206,1930206,Fast,"Building","Waiting","",1,"productivity or territory is insufficient [CokeOven:candidate=True;constructible=True;affordable=False;available=False;owned=4;upgradeTo=IndustrialCarbonizationRetort;research=SteamPower|Coking;workshop=;productivity=-132.12;territory=1749]"
1930806,1930806,Fast,"Building","Waiting","",1,"productivity or territory is insufficient [CokeOven:candidate=True;constructible=True;affordable=False;available=False;owned=4;upgradeTo=IndustrialCarbonizationRetort;research=SteamPower|Coking;workshop=;productivity=-146.28;territory=1749]"
1931406,1931406,Fast,"Building","Waiting","",1,"productivity or territory is insufficient [CokeOven:candidate=True;constructible=True;affordable=False;available=False;owned=4;upgradeTo=IndustrialCarbonizationRetort;research=SteamPower|Coking;workshop=;productivity=-158.08;territory=1749]"
1932006,1932006,Fast,"Building","Waiting","",1,"productivity or territory is insufficient [CokeOven:candidate=True;constructible=True;affordable=False;available=False;owned=4;upgradeTo=IndustrialCarbonizationRetort;research=SteamPower|Coking;workshop=;productivity=-169.88;territory=1749]"
1932606,1932606,Fast,"Building","Waiting","",1,"productivity or territory is insufficient [CokeOven:candidate=True;constructible=True;affordable=False;available=False;owned=4;upgradeTo=IndustrialCarbonizationRetort;research=SteamPower|Coking;workshop=;productivity=-176.96;territory=1749]"
1933206,1933206,Fast,"Building","Waiting","",1,"productivity or territory is insufficient [CokeOven:candidate=True;constructible=True;affordable=False;available=False;owned=4;upgradeTo=IndustrialCarbonizationRetort;research=SteamPower|Coking;workshop=;productivity=-186.4;territory=1749]"
1933806,1933806,Fast,"Building","Waiting","",1,"productivity or territory is insufficient [CokeOven:candidate=True;constructible=True;affordable=False;available=False;owned=4;upgradeTo=IndustrialCarbonizationRetort;research=SteamPower|Coking;workshop=;productivity=-191.12;territory=1749]"
1934406,1934406,Fast,"Building","Waiting","",1,"productivity or territory is insufficient [CokeOven:candidate=True;constructible=True;affordable=False;available=False;owned=4;upgradeTo=IndustrialCarbonizationRetort;research=SteamPower|Coking;workshop=;productivity=-195.84;territory=1749]"
1935006,1935006,Fast,"Building","Waiting","",1,"productivity or territory is insufficient [CokeOven:candidate=True;constructible=True;affordable=False;available=False;owned=4;upgradeTo=IndustrialCarbonizationRetort;research=SteamPower|Coking;workshop=;productivity=-200.56;territory=1749]"
1935606,1935606,Fast,"Building","Waiting","",1,"productivity or territory is insufficient [CokeOven:candidate=True;constructible=True;affordable=False;available=False;owned=4;upgradeTo=IndustrialCarbonizationRetort;research=SteamPower|Coking;workshop=;productivity=-202.92;territory=1749]"
1936206,1936206,Fast,"Building","Waiting","",1,"productivity or territory is insufficient [CokeOven:candidate=True;constructible=True;affordable=False;available=False;owned=4;upgradeTo=IndustrialCarbonizationRetort;research=SteamPower|Coking;workshop=;productivity=-207.64;territory=1749]"
1936806,1937406,Fast,"Building","Waiting","",2,"productivity or territory is insufficient [CokeOven:candidate=True;constructible=True;affordable=False;available=False;owned=4;upgradeTo=IndustrialCarbonizationRetort;research=SteamPower|Coking;workshop=;productivity=-210;territory=1749]"
1938006,1938006,Fast,"Building","Waiting","",1,"productivity or territory is insufficient [CokeOven:candidate=True;constructible=True;affordable=False;available=False;owned=4;upgradeTo=IndustrialCarbonizationRetort;research=SteamPower|Coking;workshop=;productivity=-212.36;territory=1749]"
1938606,1939206,Fast,"Building","Waiting","",2,"productivity or territory is insufficient [CokeOven:candidate=True;constructible=True;affordable=False;available=False;owned=4;upgradeTo=IndustrialCarbonizationRetort;research=SteamPower|Coking;workshop=;productivity=-214.72;territory=1749]"
1939806,1941606,Fast,"Building","Waiting","",4,"productivity or territory is insufficient [CokeOven:candidate=True;constructible=True;affordable=False;available=False;owned=4;upgradeTo=IndustrialCarbonizationRetort;research=SteamPower|Coking;workshop=;productivity=-217.08;territory=1749]"
1942206,1946406,Fast,"Building","Waiting","",8,"productivity or territory is insufficient [CokeOven:candidate=True;constructible=True;affordable=False;available=False;owned=4;upgradeTo=IndustrialCarbonizationRetort;research=SteamPower|Coking;workshop=;productivity=-219.44;territory=1749]"
1947006,1947006,Fast,"Building","Waiting","",1,"productivity or territory is insufficient [CokeOven:candidate=True;constructible=True;affordable=False;available=False;owned=4;upgradeTo=IndustrialCarbonizationRetort;research=SteamPower|Coking;workshop=;productivity=-221.8;territory=1749]"
1947606,1947606,Fast,"Building","Waiting","",1,"productivity or territory is insufficient [CokeOven:candidate=True;constructible=True;affordable=False;available=False;owned=4;upgradeTo=IndustrialCarbonizationRetort;research=SteamPower|Coking;workshop=;productivity=0.04;territory=1749]"
1948206,1948206,Fast,"Building","Waiting","",1,"productivity or territory is insufficient [CokeOven:candidate=True;constructible=True;affordable=False;available=False;owned=4;upgradeTo=IndustrialCarbonizationRetort;research=SteamPower|Coking;workshop=;productivity=-35.36;territory=1749]"
1948806,1948806,Fast,"Building","Waiting","",1,"productivity or territory is insufficient [CokeOven:candidate=True;constructible=True;affordable=False;available=False;owned=4;upgradeTo=IndustrialCarbonizationRetort;research=SteamPower|Coking;workshop=;productivity=-66.04;territory=1749]"
1949406,1949406,Fast,"Building","Waiting","",1,"productivity or territory is insufficient [CokeOven:candidate=True;constructible=True;affordable=False;available=False;owned=4;upgradeTo=IndustrialCarbonizationRetort;research=SteamPower|Coking;workshop=;productivity=-92;territory=1749]"
1950006,1950006,Fast,"Building","Waiting","",1,"productivity or territory is insufficient [CokeOven:candidate=True;constructible=True;affordable=False;available=False;owned=4;upgradeTo=IndustrialCarbonizationRetort;research=SteamPower|Coking;workshop=;productivity=-113.24;territory=1749]"
1950606,1950606,Fast,"Building","Waiting","",1,"productivity or territory is insufficient [CokeOven:candidate=True;constructible=True;affordable=False;available=False;owned=4;upgradeTo=IndustrialCarbonizationRetort;research=SteamPower|Coking;workshop=;productivity=-132.12;territory=1749]"
1951206,1951206,Fast,"Building","Waiting","",1,"productivity or territory is insufficient [CokeOven:candidate=True;constructible=True;affordable=False;available=False;owned=4;upgradeTo=IndustrialCarbonizationRetort;research=SteamPower|Coking;workshop=;productivity=-146.28;territory=1749]"
1951806,1951806,Fast,"Building","Waiting","",1,"productivity or territory is insufficient [CokeOven:candidate=True;constructible=True;affordable=False;available=False;owned=4;upgradeTo=IndustrialCarbonizationRetort;research=SteamPower|Coking;workshop=;productivity=-158.08;territory=1749]"
1952406,1952406,Fast,"Building","Waiting","",1,"productivity or territory is insufficient [CokeOven:candidate=True;constructible=True;affordable=False;available=False;owned=4;upgradeTo=IndustrialCarbonizationRetort;research=SteamPower|Coking;workshop=;productivity=-169.88;territory=1749]"
1953006,1953006,Fast,"Building","Waiting","",1,"productivity or territory is insufficient [CokeOven:candidate=True;constructible=True;affordable=False;available=False;owned=4;upgradeTo=IndustrialCarbonizationRetort;research=SteamPower|Coking;workshop=;productivity=-176.96;territory=1749]"
1953606,1953606,Fast,"Building","Waiting","",1,"productivity or territory is insufficient [CokeOven:candidate=True;constructible=True;affordable=False;available=False;owned=4;upgradeTo=IndustrialCarbonizationRetort;research=SteamPower|Coking;workshop=;productivity=-186.4;territory=1749]"
1954206,1954206,Fast,"Building","Waiting","",1,"productivity or territory is insufficient [CokeOven:candidate=True;constructible=True;affordable=False;available=False;owned=4;upgradeTo=IndustrialCarbonizationRetort;research=SteamPower|Coking;workshop=;productivity=-191.12;territory=1749]"
1954806,1954806,Fast,"Building","Waiting","",1,"productivity or territory is insufficient [CokeOven:candidate=True;constructible=True;affordable=False;available=False;owned=4;upgradeTo=IndustrialCarbonizationRetort;research=SteamPower|Coking;workshop=;productivity=-195.84;territory=1749]"
1955406,1955406,Fast,"Building","Waiting","",1,"productivity or territory is insufficient [CokeOven:candidate=True;constructible=True;affordable=False;available=False;owned=4;upgradeTo=IndustrialCarbonizationRetort;research=SteamPower|Coking;workshop=;productivity=-200.56;territory=1749]"
1956006,1956006,Fast,"Building","Waiting","",1,"productivity or territory is insufficient [CokeOven:candidate=True;constructible=True;affordable=False;available=False;owned=4;upgradeTo=IndustrialCarbonizationRetort;research=SteamPower|Coking;workshop=;productivity=-202.92;territory=1749]"
1956606,1956606,Fast,"Building","Waiting","",1,"productivity or territory is insufficient [CokeOven:candidate=True;constructible=True;affordable=False;available=False;owned=4;upgradeTo=IndustrialCarbonizationRetort;research=SteamPower|Coking;workshop=;productivity=-207.64;territory=1749]"
1957206,1957806,Fast,"Building","Waiting","",2,"productivity or territory is insufficient [CokeOven:candidate=True;constructible=True;affordable=False;available=False;owned=4;upgradeTo=IndustrialCarbonizationRetort;research=SteamPower|Coking;workshop=;productivity=-210;territory=1749]"
1958406,1958406,Fast,"Building","Waiting","",1,"productivity or territory is insufficient [CokeOven:candidate=True;constructible=True;affordable=False;available=False;owned=4;upgradeTo=IndustrialCarbonizationRetort;research=SteamPower|Coking;workshop=;productivity=-212.36;territory=1749]"
1959006,1959606,Fast,"Building","Waiting","",2,"productivity or territory is insufficient [CokeOven:candidate=True;constructible=True;affordable=False;available=False;owned=4;upgradeTo=IndustrialCarbonizationRetort;research=SteamPower|Coking;workshop=;productivity=-214.72;territory=1749]"
1960206,1962006,Fast,"Building","Waiting","",4,"productivity or territory is insufficient [CokeOven:candidate=True;constructible=True;affordable=False;available=False;owned=4;upgradeTo=IndustrialCarbonizationRetort;research=SteamPower|Coking;workshop=;productivity=-217.08;territory=1749]"
1962606,1966806,Fast,"Building","Waiting","",8,"productivity or territory is insufficient [CokeOven:candidate=True;constructible=True;affordable=False;available=False;owned=4;upgradeTo=IndustrialCarbonizationRetort;research=SteamPower|Coking;workshop=;productivity=-219.44;territory=1749]"
1967406,1967406,Fast,"Building","Waiting","",1,"productivity or territory is insufficient [CokeOven:candidate=True;constructible=True;affordable=False;available=False;owned=4;upgradeTo=IndustrialCarbonizationRetort;research=SteamPower|Coking;workshop=;productivity=-221.8;territory=1749]"
1968006,1968006,Fast,"Building","Waiting","",1,"productivity or territory is insufficient [CokeOven:candidate=True;constructible=True;affordable=False;available=False;owned=4;upgradeTo=IndustrialCarbonizationRetort;research=SteamPower|Coking;workshop=;productivity=0.04;territory=1749]"
1968606,1968606,Fast,"Building","Waiting","",1,"productivity or territory is insufficient [CokeOven:candidate=True;constructible=True;affordable=False;available=False;owned=4;upgradeTo=IndustrialCarbonizationRetort;research=SteamPower|Coking;workshop=;productivity=-35.36;territory=1749]"
1969206,1969206,Fast,"Building","Waiting","",1,"productivity or territory is insufficient [CokeOven:candidate=True;constructible=True;affordable=False;available=False;owned=4;upgradeTo=IndustrialCarbonizationRetort;research=SteamPower|Coking;workshop=;productivity=-66.04;territory=1749]"
1969806,1969806,Fast,"Building","Waiting","",1,"productivity or territory is insufficient [CokeOven:candidate=True;constructible=True;affordable=False;available=False;owned=4;upgradeTo=IndustrialCarbonizationRetort;research=SteamPower|Coking;workshop=;productivity=-92;territory=1749]"
1970406,1970406,Fast,"Building","Waiting","",1,"productivity or territory is insufficient [CokeOven:candidate=True;constructible=True;affordable=False;available=False;owned=4;upgradeTo=IndustrialCarbonizationRetort;research=SteamPower|Coking;workshop=;productivity=-113.24;territory=1749]"
1971006,1971006,Fast,"Building","Waiting","",1,"productivity or territory is insufficient [CokeOven:candidate=True;constructible=True;affordable=False;available=False;owned=4;upgradeTo=IndustrialCarbonizationRetort;research=SteamPower|Coking;workshop=;productivity=-132.12;territory=1749]"
1971606,1971606,Fast,"Building","Waiting","",1,"productivity or territory is insufficient [CokeOven:candidate=True;constructible=True;affordable=False;available=False;owned=4;upgradeTo=IndustrialCarbonizationRetort;research=SteamPower|Coking;workshop=;productivity=-146.28;territory=1749]"
1972206,1972206,Fast,"Building","Waiting","",1,"productivity or territory is insufficient [CokeOven:candidate=True;constructible=True;affordable=False;available=False;owned=4;upgradeTo=IndustrialCarbonizationRetort;research=SteamPower|Coking;workshop=;productivity=-158.08;territory=1749]"
1972806,1972806,Fast,"Building","Waiting","",1,"productivity or territory is insufficient [CokeOven:candidate=True;constructible=True;affordable=False;available=False;owned=4;upgradeTo=IndustrialCarbonizationRetort;research=SteamPower|Coking;workshop=;productivity=-169.88;territory=1749]"
1973406,1973406,Fast,"Building","Waiting","",1,"productivity or territory is insufficient [CokeOven:candidate=True;constructible=True;affordable=False;available=False;owned=4;upgradeTo=IndustrialCarbonizationRetort;research=SteamPower|Coking;workshop=;productivity=-176.96;territory=1749]"
1974006,1974006,Fast,"Building","Waiting","",1,"productivity or territory is insufficient [CokeOven:candidate=True;constructible=True;affordable=False;available=False;owned=4;upgradeTo=IndustrialCarbonizationRetort;research=SteamPower|Coking;workshop=;productivity=-186.4;territory=1749]"
1974606,1974606,Fast,"Building","Waiting","",1,"productivity or territory is insufficient [CokeOven:candidate=True;constructible=True;affordable=False;available=False;owned=4;upgradeTo=IndustrialCarbonizationRetort;research=SteamPower|Coking;workshop=;productivity=-191.12;territory=1749]"
1975206,1975206,Fast,"Building","Waiting","",1,"productivity or territory is insufficient [CokeOven:candidate=True;constructible=True;affordable=False;available=False;owned=4;upgradeTo=IndustrialCarbonizationRetort;research=SteamPower|Coking;workshop=;productivity=-195.84;territory=1749]"
1975806,1975806,Fast,"Building","Waiting","",1,"productivity or territory is insufficient [CokeOven:candidate=True;constructible=True;affordable=False;available=False;owned=4;upgradeTo=IndustrialCarbonizationRetort;research=SteamPower|Coking;workshop=;productivity=-200.56;territory=1749]"
1976406,1976406,Fast,"Building","Waiting","",1,"productivity or territory is insufficient [CokeOven:candidate=True;constructible=True;affordable=False;available=False;owned=4;upgradeTo=IndustrialCarbonizationRetort;research=SteamPower|Coking;workshop=;productivity=-202.92;territory=1749]"
1977006,1977006,Fast,"Building","Waiting","",1,"productivity or territory is insufficient [CokeOven:candidate=True;constructible=True;affordable=False;available=False;owned=4;upgradeTo=IndustrialCarbonizationRetort;research=SteamPower|Coking;workshop=;productivity=-207.64;territory=1749]"
1977606,1978206,Fast,"Building","Waiting","",2,"productivity or territory is insufficient [CokeOven:candidate=True;constructible=True;affordable=False;available=False;owned=4;upgradeTo=IndustrialCarbonizationRetort;research=SteamPower|Coking;workshop=;productivity=-210;territory=1749]"
1978806,1978806,Fast,"Building","Waiting","",1,"productivity or territory is insufficient [CokeOven:candidate=True;constructible=True;affordable=False;available=False;owned=4;upgradeTo=IndustrialCarbonizationRetort;research=SteamPower|Coking;workshop=;productivity=-212.36;territory=1749]"
1979406,1980006,Fast,"Building","Waiting","",2,"productivity or territory is insufficient [CokeOven:candidate=True;constructible=True;affordable=False;available=False;owned=4;upgradeTo=IndustrialCarbonizationRetort;research=SteamPower|Coking;workshop=;productivity=-214.72;territory=1749]"
1980606,1982406,Fast,"Building","Waiting","",4,"productivity or territory is insufficient [CokeOven:candidate=True;constructible=True;affordable=False;available=False;owned=4;upgradeTo=IndustrialCarbonizationRetort;research=SteamPower|Coking;workshop=;productivity=-217.08;territory=1749]"
1983006,1987206,Fast,"Building","Waiting","",8,"productivity or territory is insufficient [CokeOven:candidate=True;constructible=True;affordable=False;available=False;owned=4;upgradeTo=IndustrialCarbonizationRetort;research=SteamPower|Coking;workshop=;productivity=-219.44;territory=1749]"
1987806,1987806,Fast,"Building","Waiting","",1,"productivity or territory is insufficient [CokeOven:candidate=True;constructible=True;affordable=False;available=False;owned=4;upgradeTo=IndustrialCarbonizationRetort;research=SteamPower|Coking;workshop=;productivity=-221.8;territory=1749]"
1988406,1988406,Fast,"Building","Waiting","",1,"productivity or territory is insufficient [CokeOven:candidate=True;constructible=True;affordable=False;available=False;owned=4;upgradeTo=IndustrialCarbonizationRetort;research=SteamPower|Coking;workshop=;productivity=0.04;territory=1749]"
1989006,1989006,Fast,"Building","Waiting","",1,"productivity or territory is insufficient [CokeOven:candidate=True;constructible=True;affordable=False;available=False;owned=4;upgradeTo=IndustrialCarbonizationRetort;research=SteamPower|Coking;workshop=;productivity=-35.36;territory=1749]"
1989606,1989606,Fast,"Building","Waiting","",1,"productivity or territory is insufficient [CokeOven:candidate=True;constructible=True;affordable=False;available=False;owned=4;upgradeTo=IndustrialCarbonizationRetort;research=SteamPower|Coking;workshop=;productivity=-66.04;territory=1749]"
1990206,1990206,Fast,"Building","Waiting","",1,"productivity or territory is insufficient [CokeOven:candidate=True;constructible=True;affordable=False;available=False;owned=4;upgradeTo=IndustrialCarbonizationRetort;research=SteamPower|Coking;workshop=;productivity=-92;territory=1749]"
1990806,1990806,Fast,"Building","Waiting","",1,"productivity or territory is insufficient [CokeOven:candidate=True;constructible=True;affordable=False;available=False;owned=4;upgradeTo=IndustrialCarbonizationRetort;research=SteamPower|Coking;workshop=;productivity=-113.24;territory=1749]"
1991406,1991406,Fast,"Building","Waiting","",1,"productivity or territory is insufficient [CokeOven:candidate=True;constructible=True;affordable=False;available=False;owned=4;upgradeTo=IndustrialCarbonizationRetort;research=SteamPower|Coking;workshop=;productivity=-132.12;territory=1749]"
1992006,1992006,Fast,"Building","Waiting","",1,"productivity or territory is insufficient [CokeOven:candidate=True;constructible=True;affordable=False;available=False;owned=4;upgradeTo=IndustrialCarbonizationRetort;research=SteamPower|Coking;workshop=;productivity=-146.28;territory=1749]"
1992606,1992606,Fast,"Building","Waiting","",1,"productivity or territory is insufficient [CokeOven:candidate=True;constructible=True;affordable=False;available=False;owned=4;upgradeTo=IndustrialCarbonizationRetort;research=SteamPower|Coking;workshop=;productivity=-158.08;territory=1749]"
1993206,1993206,Fast,"Building","Waiting","",1,"productivity or territory is insufficient [CokeOven:candidate=True;constructible=True;affordable=False;available=False;owned=4;upgradeTo=IndustrialCarbonizationRetort;research=SteamPower|Coking;workshop=;productivity=-169.88;territory=1749]"
1993806,1993806,Fast,"Building","Waiting","",1,"productivity or territory is insufficient [CokeOven:candidate=True;constructible=True;affordable=False;available=False;owned=4;upgradeTo=IndustrialCarbonizationRetort;research=SteamPower|Coking;workshop=;productivity=-176.96;territory=1749]"
1994406,1994406,Fast,"Building","Waiting","",1,"productivity or territory is insufficient [CokeOven:candidate=True;constructible=True;affordable=False;available=False;owned=4;upgradeTo=IndustrialCarbonizationRetort;research=SteamPower|Coking;workshop=;productivity=-186.4;territory=1749]"
1995006,1995006,Fast,"Building","Waiting","",1,"productivity or territory is insufficient [CokeOven:candidate=True;constructible=True;affordable=False;available=False;owned=4;upgradeTo=IndustrialCarbonizationRetort;research=SteamPower|Coking;workshop=;productivity=-191.12;territory=1749]"
1995606,1995606,Fast,"Building","Waiting","",1,"productivity or territory is insufficient [CokeOven:candidate=True;constructible=True;affordable=False;available=False;owned=4;upgradeTo=IndustrialCarbonizationRetort;research=SteamPower|Coking;workshop=;productivity=-195.84;territory=1749]"
1996206,1996206,Fast,"Building","Waiting","",1,"productivity or territory is insufficient [CokeOven:candidate=True;constructible=True;affordable=False;available=False;owned=4;upgradeTo=IndustrialCarbonizationRetort;research=SteamPower|Coking;workshop=;productivity=-200.56;territory=1749]"
1996806,1996806,Fast,"Building","Waiting","",1,"productivity or territory is insufficient [CokeOven:candidate=True;constructible=True;affordable=False;available=False;owned=4;upgradeTo=IndustrialCarbonizationRetort;research=SteamPower|Coking;workshop=;productivity=-202.92;territory=1749]"
1997406,1997406,Fast,"Building","Waiting","",1,"productivity or territory is insufficient [CokeOven:candidate=True;constructible=True;affordable=False;available=False;owned=4;upgradeTo=IndustrialCarbonizationRetort;research=SteamPower|Coking;workshop=;productivity=-207.64;territory=1749]"
1998006,1998606,Fast,"Building","Waiting","",2,"productivity or territory is insufficient [CokeOven:candidate=True;constructible=True;affordable=False;available=False;owned=4;upgradeTo=IndustrialCarbonizationRetort;research=SteamPower|Coking;workshop=;productivity=-210;territory=1749]"
1999206,1999206,Fast,"Building","Waiting","",1,"productivity or territory is insufficient [CokeOven:candidate=True;constructible=True;affordable=False;available=False;owned=4;upgradeTo=IndustrialCarbonizationRetort;research=SteamPower|Coking;workshop=;productivity=-212.36;territory=1749]"
1999806,2000406,Fast,"Building","Waiting","",2,"productivity or territory is insufficient [CokeOven:candidate=True;constructible=True;affordable=False;available=False;owned=4;upgradeTo=IndustrialCarbonizationRetort;research=SteamPower|Coking;workshop=;productivity=-214.72;territory=1749]"
2001006,2002806,Fast,"Building","Waiting","",4,"productivity or territory is insufficient [CokeOven:candidate=True;constructible=True;affordable=False;available=False;owned=4;upgradeTo=IndustrialCarbonizationRetort;research=SteamPower|Coking;workshop=;productivity=-217.08;territory=1749]"
2003406,2007606,Fast,"Building","Waiting","",8,"productivity or territory is insufficient [CokeOven:candidate=True;constructible=True;affordable=False;available=False;owned=4;upgradeTo=IndustrialCarbonizationRetort;research=SteamPower|Coking;workshop=;productivity=-219.44;territory=1749]"
2008206,2008206,Fast,"Building","Waiting","",1,"productivity or territory is insufficient [CokeOven:candidate=True;constructible=True;affordable=False;available=False;owned=4;upgradeTo=IndustrialCarbonizationRetort;research=SteamPower|Coking;workshop=;productivity=-221.8;territory=1749]"
2008806,2008806,Fast,"Building","Waiting","",1,"productivity or territory is insufficient [CokeOven:candidate=True;constructible=True;affordable=False;available=False;owned=4;upgradeTo=IndustrialCarbonizationRetort;research=SteamPower|Coking;workshop=;productivity=0.04;territory=1749]"
2009406,2009406,Fast,"Building","Waiting","",1,"productivity or territory is insufficient [CokeOven:candidate=True;constructible=True;affordable=False;available=False;owned=4;upgradeTo=IndustrialCarbonizationRetort;research=SteamPower|Coking;workshop=;productivity=-35.36;territory=1749]"
2010006,2010006,Fast,"Building","Waiting","",1,"productivity or territory is insufficient [CokeOven:candidate=True;constructible=True;affordable=False;available=False;owned=4;upgradeTo=IndustrialCarbonizationRetort;research=SteamPower|Coking;workshop=;productivity=-66.04;territory=1749]"
2010606,2010606,Fast,"Building","Waiting","",1,"productivity or territory is insufficient [CokeOven:candidate=True;constructible=True;affordable=False;available=False;owned=4;upgradeTo=IndustrialCarbonizationRetort;research=SteamPower|Coking;workshop=;productivity=-92;territory=1749]"
2011206,2011206,Fast,"Building","Waiting","",1,"productivity or territory is insufficient [CokeOven:candidate=True;constructible=True;affordable=False;available=False;owned=4;upgradeTo=IndustrialCarbonizationRetort;research=SteamPower|Coking;workshop=;productivity=-113.24;territory=1749]"
2011806,2011806,Fast,"Building","Waiting","",1,"productivity or territory is insufficient [CokeOven:candidate=True;constructible=True;affordable=False;available=False;owned=4;upgradeTo=IndustrialCarbonizationRetort;research=SteamPower|Coking;workshop=;productivity=-132.12;territory=1749]"
2012406,2012406,Fast,"Building","Waiting","",1,"productivity or territory is insufficient [CokeOven:candidate=True;constructible=True;affordable=False;available=False;owned=4;upgradeTo=IndustrialCarbonizationRetort;research=SteamPower|Coking;workshop=;productivity=-146.28;territory=1749]"
2013006,2013006,Fast,"Building","Waiting","",1,"productivity or territory is insufficient [CokeOven:candidate=True;constructible=True;affordable=False;available=False;owned=4;upgradeTo=IndustrialCarbonizationRetort;research=SteamPower|Coking;workshop=;productivity=-158.08;territory=1749]"
2013606,2013606,Fast,"Building","Waiting","",1,"productivity or territory is insufficient [CokeOven:candidate=True;constructible=True;affordable=False;available=False;owned=4;upgradeTo=IndustrialCarbonizationRetort;research=SteamPower|Coking;workshop=;productivity=-169.88;territory=1749]"
2014206,2014206,Fast,"Building","Waiting","",1,"productivity or territory is insufficient [CokeOven:candidate=True;constructible=True;affordable=False;available=False;owned=4;upgradeTo=IndustrialCarbonizationRetort;research=SteamPower|Coking;workshop=;productivity=-176.96;territory=1749]"
2014806,2014806,Fast,"Building","Waiting","",1,"productivity or territory is insufficient [CokeOven:candidate=True;constructible=True;affordable=False;available=False;owned=4;upgradeTo=IndustrialCarbonizationRetort;research=SteamPower|Coking;workshop=;productivity=-186.4;territory=1749]"
2015406,2015406,Fast,"Building","Waiting","",1,"productivity or territory is insufficient [CokeOven:candidate=True;constructible=True;affordable=False;available=False;owned=4;upgradeTo=IndustrialCarbonizationRetort;research=SteamPower|Coking;workshop=;productivity=-191.12;territory=1749]"
2016006,2016006,Fast,"Building","Waiting","",1,"productivity or territory is insufficient [CokeOven:candidate=True;constructible=True;affordable=False;available=False;owned=4;upgradeTo=IndustrialCarbonizationRetort;research=SteamPower|Coking;workshop=;productivity=-195.84;territory=1749]"
2016606,2016606,Fast,"Building","Waiting","",1,"productivity or territory is insufficient [CokeOven:candidate=True;constructible=True;affordable=False;available=False;owned=4;upgradeTo=IndustrialCarbonizationRetort;research=SteamPower|Coking;workshop=;productivity=-200.56;territory=1749]"
2017206,2017206,Fast,"Building","Waiting","",1,"productivity or territory is insufficient [CokeOven:candidate=True;constructible=True;affordable=False;available=False;owned=4;upgradeTo=IndustrialCarbonizationRetort;research=SteamPower|Coking;workshop=;productivity=-202.92;territory=1749]"
2017806,2017806,Fast,"Building","Waiting","",1,"productivity or territory is insufficient [CokeOven:candidate=True;constructible=True;affordable=False;available=False;owned=4;upgradeTo=IndustrialCarbonizationRetort;research=SteamPower|Coking;workshop=;productivity=-207.64;territory=1749]"
2018406,2019006,Fast,"Building","Waiting","",2,"productivity or territory is insufficient [CokeOven:candidate=True;constructible=True;affordable=False;available=False;owned=4;upgradeTo=IndustrialCarbonizationRetort;research=SteamPower|Coking;workshop=;productivity=-210;territory=1749]"
2019606,2019606,Fast,"Building","Waiting","",1,"productivity or territory is insufficient [CokeOven:candidate=True;constructible=True;affordable=False;available=False;owned=4;upgradeTo=IndustrialCarbonizationRetort;research=SteamPower|Coking;workshop=;productivity=-212.36;territory=1749]"
2020206,2020806,Fast,"Building","Waiting","",2,"productivity or territory is insufficient [CokeOven:candidate=True;constructible=True;affordable=False;available=False;owned=4;upgradeTo=IndustrialCarbonizationRetort;research=SteamPower|Coking;workshop=;productivity=-214.72;territory=1749]"
2021406,2023206,Fast,"Building","Waiting","",4,"productivity or territory is insufficient [CokeOven:candidate=True;constructible=True;affordable=False;available=False;owned=4;upgradeTo=IndustrialCarbonizationRetort;research=SteamPower|Coking;workshop=;productivity=-217.08;territory=1749]"
2023806,2028006,Fast,"Building","Waiting","",8,"productivity or territory is insufficient [CokeOven:candidate=True;constructible=True;affordable=False;available=False;owned=4;upgradeTo=IndustrialCarbonizationRetort;research=SteamPower|Coking;workshop=;productivity=-219.44;territory=1749]"
2028606,2028606,Fast,"Building","Waiting","",1,"productivity or territory is insufficient [CokeOven:candidate=True;constructible=True;affordable=False;available=False;owned=4;upgradeTo=IndustrialCarbonizationRetort;research=SteamPower|Coking;workshop=;productivity=-221.8;territory=1749]"
2029206,2029206,Fast,"Building","Waiting","",1,"productivity or territory is insufficient [CokeOven:candidate=True;constructible=True;affordable=False;available=False;owned=4;upgradeTo=IndustrialCarbonizationRetort;research=SteamPower|Coking;workshop=;productivity=0.04;territory=1749]"
2029806,2029806,Fast,"Building","Waiting","",1,"productivity or territory is insufficient [CokeOven:candidate=True;constructible=True;affordable=False;available=False;owned=4;upgradeTo=IndustrialCarbonizationRetort;research=SteamPower|Coking;workshop=;productivity=-35.36;territory=1749]"
2030406,2030406,Fast,"Building","Waiting","",1,"productivity or territory is insufficient [CokeOven:candidate=True;constructible=True;affordable=False;available=False;owned=4;upgradeTo=IndustrialCarbonizationRetort;research=SteamPower|Coking;workshop=;productivity=-66.04;territory=1749]"
2031006,2031006,Fast,"Building","Waiting","",1,"productivity or territory is insufficient [CokeOven:candidate=True;constructible=True;affordable=False;available=False;owned=4;upgradeTo=IndustrialCarbonizationRetort;research=SteamPower|Coking;workshop=;productivity=-92;territory=1749]"
2031606,2031606,Fast,"Building","Waiting","",1,"productivity or territory is insufficient [CokeOven:candidate=True;constructible=True;affordable=False;available=False;owned=4;upgradeTo=IndustrialCarbonizationRetort;research=SteamPower|Coking;workshop=;productivity=-113.24;territory=1749]"
2032206,2032206,Fast,"Building","Waiting","",1,"productivity or territory is insufficient [CokeOven:candidate=True;constructible=True;affordable=False;available=False;owned=4;upgradeTo=IndustrialCarbonizationRetort;research=SteamPower|Coking;workshop=;productivity=-132.12;territory=1749]"
2032806,2032806,Fast,"Building","Waiting","",1,"productivity or territory is insufficient [CokeOven:candidate=True;constructible=True;affordable=False;available=False;owned=4;upgradeTo=IndustrialCarbonizationRetort;research=SteamPower|Coking;workshop=;productivity=-146.28;territory=1749]"
2033406,2033406,Fast,"Building","Waiting","",1,"productivity or territory is insufficient [CokeOven:candidate=True;constructible=True;affordable=False;available=False;owned=4;upgradeTo=IndustrialCarbonizationRetort;research=SteamPower|Coking;workshop=;productivity=-158.08;territory=1749]"
2034006,2034006,Fast,"Building","Waiting","",1,"productivity or territory is insufficient [CokeOven:candidate=True;constructible=True;affordable=False;available=False;owned=4;upgradeTo=IndustrialCarbonizationRetort;research=SteamPower|Coking;workshop=;productivity=-169.88;territory=1749]"
2034606,2034606,Fast,"Building","Waiting","",1,"productivity or territory is insufficient [CokeOven:candidate=True;constructible=True;affordable=False;available=False;owned=4;upgradeTo=IndustrialCarbonizationRetort;research=SteamPower|Coking;workshop=;productivity=-176.96;territory=1749]"
2035206,2035206,Fast,"Building","Waiting","",1,"productivity or territory is insufficient [CokeOven:candidate=True;constructible=True;affordable=False;available=False;owned=4;upgradeTo=IndustrialCarbonizationRetort;research=SteamPower|Coking;workshop=;productivity=-186.4;territory=1749]"
2035806,2035806,Fast,"Building","Waiting","",1,"productivity or territory is insufficient [CokeOven:candidate=True;constructible=True;affordable=False;available=False;owned=4;upgradeTo=IndustrialCarbonizationRetort;research=SteamPower|Coking;workshop=;productivity=-191.12;territory=1749]"
2036406,2036406,Fast,"Building","Waiting","",1,"productivity or territory is insufficient [CokeOven:candidate=True;constructible=True;affordable=False;available=False;owned=4;upgradeTo=IndustrialCarbonizationRetort;research=SteamPower|Coking;workshop=;productivity=-195.84;territory=1749]"
2037006,2037006,Fast,"Building","Waiting","",1,"productivity or territory is insufficient [CokeOven:candidate=True;constructible=True;affordable=False;available=False;owned=4;upgradeTo=IndustrialCarbonizationRetort;research=SteamPower|Coking;workshop=;productivity=-200.56;territory=1749]"
2037606,2037606,Fast,"Building","Waiting","",1,"productivity or territory is insufficient [CokeOven:candidate=True;constructible=True;affordable=False;available=False;owned=4;upgradeTo=IndustrialCarbonizationRetort;research=SteamPower|Coking;workshop=;productivity=-202.92;territory=1749]"
2038206,2038206,Fast,"Building","Waiting","",1,"productivity or territory is insufficient [CokeOven:candidate=True;constructible=True;affordable=False;available=False;owned=4;upgradeTo=IndustrialCarbonizationRetort;research=SteamPower|Coking;workshop=;productivity=-207.64;territory=1749]"
2038806,2039406,Fast,"Building","Waiting","",2,"productivity or territory is insufficient [CokeOven:candidate=True;constructible=True;affordable=False;available=False;owned=4;upgradeTo=IndustrialCarbonizationRetort;research=SteamPower|Coking;workshop=;productivity=-210;territory=1749]"
2040006,2040006,Fast,"Building","Waiting","",1,"productivity or territory is insufficient [CokeOven:candidate=True;constructible=True;affordable=False;available=False;owned=4;upgradeTo=IndustrialCarbonizationRetort;research=SteamPower|Coking;workshop=;productivity=-212.36;territory=1749]"
2040606,2041206,Fast,"Building","Waiting","",2,"productivity or territory is insufficient [CokeOven:candidate=True;constructible=True;affordable=False;available=False;owned=4;upgradeTo=IndustrialCarbonizationRetort;research=SteamPower|Coking;workshop=;productivity=-214.72;territory=1749]"
2041806,2043606,Fast,"Building","Waiting","",4,"productivity or territory is insufficient [CokeOven:candidate=True;constructible=True;affordable=False;available=False;owned=4;upgradeTo=IndustrialCarbonizationRetort;research=SteamPower|Coking;workshop=;productivity=-217.08;territory=1749]"
2044206,2048406,Fast,"Building","Waiting","",8,"productivity or territory is insufficient [CokeOven:candidate=True;constructible=True;affordable=False;available=False;owned=4;upgradeTo=IndustrialCarbonizationRetort;research=SteamPower|Coking;workshop=;productivity=-219.44;territory=1749]"
2049006,2049006,Fast,"Building","Waiting","",1,"productivity or territory is insufficient [CokeOven:candidate=True;constructible=True;affordable=False;available=False;owned=4;upgradeTo=IndustrialCarbonizationRetort;research=SteamPower|Coking;workshop=;productivity=-221.8;territory=1749]"
2049606,2049606,Fast,"Building","Waiting","",1,"productivity or territory is insufficient [CokeOven:candidate=True;constructible=True;affordable=False;available=False;owned=4;upgradeTo=IndustrialCarbonizationRetort;research=SteamPower|Coking;workshop=;productivity=0.04;territory=1749]"
2050206,2050206,Fast,"Building","Waiting","",1,"productivity or territory is insufficient [CokeOven:candidate=True;constructible=True;affordable=False;available=False;owned=4;upgradeTo=IndustrialCarbonizationRetort;research=SteamPower|Coking;workshop=;productivity=-35.36;territory=1749]"
2050806,2050806,Fast,"Building","Waiting","",1,"productivity or territory is insufficient [CokeOven:candidate=True;constructible=True;affordable=False;available=False;owned=4;upgradeTo=IndustrialCarbonizationRetort;research=SteamPower|Coking;workshop=;productivity=-66.04;territory=1749]"
2051406,2051406,Fast,"Building","Waiting","",1,"productivity or territory is insufficient [CokeOven:candidate=True;constructible=True;affordable=False;available=False;owned=4;upgradeTo=IndustrialCarbonizationRetort;research=SteamPower|Coking;workshop=;productivity=-92;territory=1749]"
2052006,2052006,Fast,"Building","Waiting","",1,"productivity or territory is insufficient [CokeOven:candidate=True;constructible=True;affordable=False;available=False;owned=4;upgradeTo=IndustrialCarbonizationRetort;research=SteamPower|Coking;workshop=;productivity=-113.24;territory=1749]"
2052606,2052606,Fast,"Building","Waiting","",1,"productivity or territory is insufficient [CokeOven:candidate=True;constructible=True;affordable=False;available=False;owned=4;upgradeTo=IndustrialCarbonizationRetort;research=SteamPower|Coking;workshop=;productivity=-132.12;territory=1749]"
2053206,2053206,Fast,"Building","Waiting","",1,"productivity or territory is insufficient [CokeOven:candidate=True;constructible=True;affordable=False;available=False;owned=4;upgradeTo=IndustrialCarbonizationRetort;research=SteamPower|Coking;workshop=;productivity=-146.28;territory=1749]"
2053806,2053806,Fast,"Building","Waiting","",1,"productivity or territory is insufficient [CokeOven:candidate=True;constructible=True;affordable=False;available=False;owned=4;upgradeTo=IndustrialCarbonizationRetort;research=SteamPower|Coking;workshop=;productivity=-158.08;territory=1749]"
2054406,2054406,Fast,"Building","Waiting","",1,"productivity or territory is insufficient [CokeOven:candidate=True;constructible=True;affordable=False;available=False;owned=4;upgradeTo=IndustrialCarbonizationRetort;research=SteamPower|Coking;workshop=;productivity=-169.88;territory=1749]"
2055006,2055006,Fast,"Building","Waiting","",1,"productivity or territory is insufficient [CokeOven:candidate=True;constructible=True;affordable=False;available=False;owned=4;upgradeTo=IndustrialCarbonizationRetort;research=SteamPower|Coking;workshop=;productivity=-176.96;territory=1749]"
2055606,2055606,Fast,"Building","Waiting","",1,"productivity or territory is insufficient [CokeOven:candidate=True;constructible=True;affordable=False;available=False;owned=4;upgradeTo=IndustrialCarbonizationRetort;research=SteamPower|Coking;workshop=;productivity=-186.4;territory=1749]"
2056206,2056206,Fast,"Building","Waiting","",1,"productivity or territory is insufficient [CokeOven:candidate=True;constructible=True;affordable=False;available=False;owned=4;upgradeTo=IndustrialCarbonizationRetort;research=SteamPower|Coking;workshop=;productivity=-191.12;territory=1749]"
2056806,2056806,Fast,"Building","Waiting","",1,"productivity or territory is insufficient [CokeOven:candidate=True;constructible=True;affordable=False;available=False;owned=4;upgradeTo=IndustrialCarbonizationRetort;research=SteamPower|Coking;workshop=;productivity=-195.84;territory=1749]"
2057406,2057406,Fast,"Building","Waiting","",1,"productivity or territory is insufficient [CokeOven:candidate=True;constructible=True;affordable=False;available=False;owned=4;upgradeTo=IndustrialCarbonizationRetort;research=SteamPower|Coking;workshop=;productivity=-200.56;territory=1749]"
2058006,2058006,Fast,"Building","Waiting","",1,"productivity or territory is insufficient [CokeOven:candidate=True;constructible=True;affordable=False;available=False;owned=4;upgradeTo=IndustrialCarbonizationRetort;research=SteamPower|Coking;workshop=;productivity=-202.92;territory=1749]"
2058606,2058606,Fast,"Building","Waiting","",1,"productivity or territory is insufficient [CokeOven:candidate=True;constructible=True;affordable=False;available=False;owned=4;upgradeTo=IndustrialCarbonizationRetort;research=SteamPower|Coking;workshop=;productivity=-207.64;territory=1749]"
2059206,2059806,Fast,"Building","Waiting","",2,"productivity or territory is insufficient [CokeOven:candidate=True;constructible=True;affordable=False;available=False;owned=4;upgradeTo=IndustrialCarbonizationRetort;research=SteamPower|Coking;workshop=;productivity=-210;territory=1749]"
2060406,2060406,Fast,"Building","Waiting","",1,"productivity or territory is insufficient [CokeOven:candidate=True;constructible=True;affordable=False;available=False;owned=4;upgradeTo=IndustrialCarbonizationRetort;research=SteamPower|Coking;workshop=;productivity=-212.36;territory=1749]"
2061006,2061606,Fast,"Building","Waiting","",2,"productivity or territory is insufficient [CokeOven:candidate=True;constructible=True;affordable=False;available=False;owned=4;upgradeTo=IndustrialCarbonizationRetort;research=SteamPower|Coking;workshop=;productivity=-214.72;territory=1749]"
2062206,2064006,Fast,"Building","Waiting","",4,"productivity or territory is insufficient [CokeOven:candidate=True;constructible=True;affordable=False;available=False;owned=4;upgradeTo=IndustrialCarbonizationRetort;research=SteamPower|Coking;workshop=;productivity=-217.08;territory=1749]"
2064606,2068806,Fast,"Building","Waiting","",8,"productivity or territory is insufficient [CokeOven:candidate=True;constructible=True;affordable=False;available=False;owned=4;upgradeTo=IndustrialCarbonizationRetort;research=SteamPower|Coking;workshop=;productivity=-219.44;territory=1749]"
2069406,2069406,Fast,"Building","Waiting","",1,"productivity or territory is insufficient [CokeOven:candidate=True;constructible=True;affordable=False;available=False;owned=4;upgradeTo=IndustrialCarbonizationRetort;research=SteamPower|Coking;workshop=;productivity=-221.8;territory=1749]"
2070006,2070006,Fast,"Building","Waiting","",1,"productivity or territory is insufficient [CokeOven:candidate=True;constructible=True;affordable=False;available=False;owned=4;upgradeTo=IndustrialCarbonizationRetort;research=SteamPower|Coking;workshop=;productivity=0.04;territory=1749]"
2070606,2070606,Fast,"Building","Waiting","",1,"productivity or territory is insufficient [CokeOven:candidate=True;constructible=True;affordable=False;available=False;owned=4;upgradeTo=IndustrialCarbonizationRetort;research=SteamPower|Coking;workshop=;productivity=-35.36;territory=1749]"
2071206,2071206,Fast,"Building","Waiting","",1,"productivity or territory is insufficient [CokeOven:candidate=True;constructible=True;affordable=False;available=False;owned=4;upgradeTo=IndustrialCarbonizationRetort;research=SteamPower|Coking;workshop=;productivity=-66.04;territory=1749]"
2071806,2071806,Fast,"Building","Waiting","",1,"productivity or territory is insufficient [CokeOven:candidate=True;constructible=True;affordable=False;available=False;owned=4;upgradeTo=IndustrialCarbonizationRetort;research=SteamPower|Coking;workshop=;productivity=-92;territory=1749]"
2072406,2072406,Fast,"Building","Waiting","",1,"productivity or territory is insufficient [CokeOven:candidate=True;constructible=True;affordable=False;available=False;owned=4;upgradeTo=IndustrialCarbonizationRetort;research=SteamPower|Coking;workshop=;productivity=-113.24;territory=1749]"
2073006,2073006,Fast,"Building","Waiting","",1,"productivity or territory is insufficient [CokeOven:candidate=True;constructible=True;affordable=False;available=False;owned=4;upgradeTo=IndustrialCarbonizationRetort;research=SteamPower|Coking;workshop=;productivity=-132.12;territory=1749]"
2073606,2073606,Fast,"Building","Waiting","",1,"productivity or territory is insufficient [CokeOven:candidate=True;constructible=True;affordable=False;available=False;owned=4;upgradeTo=IndustrialCarbonizationRetort;research=SteamPower|Coking;workshop=;productivity=-146.28;territory=1749]"
2074206,2074206,Fast,"Building","Waiting","",1,"productivity or territory is insufficient [CokeOven:candidate=True;constructible=True;affordable=False;available=False;owned=4;upgradeTo=IndustrialCarbonizationRetort;research=SteamPower|Coking;workshop=;productivity=-158.08;territory=1749]"
2074806,2074806,Fast,"Building","Waiting","",1,"productivity or territory is insufficient [CokeOven:candidate=True;constructible=True;affordable=False;available=False;owned=4;upgradeTo=IndustrialCarbonizationRetort;research=SteamPower|Coking;workshop=;productivity=-169.88;territory=1749]"
2075406,2075406,Fast,"Building","Waiting","",1,"productivity or territory is insufficient [CokeOven:candidate=True;constructible=True;affordable=False;available=False;owned=4;upgradeTo=IndustrialCarbonizationRetort;research=SteamPower|Coking;workshop=;productivity=-176.96;territory=1749]"
2076006,2076006,Fast,"Building","Waiting","",1,"productivity or territory is insufficient [CokeOven:candidate=True;constructible=True;affordable=False;available=False;owned=4;upgradeTo=IndustrialCarbonizationRetort;research=SteamPower|Coking;workshop=;productivity=-186.4;territory=1749]"
2076606,2076606,Fast,"Building","Waiting","",1,"productivity or territory is insufficient [CokeOven:candidate=True;constructible=True;affordable=False;available=False;owned=4;upgradeTo=IndustrialCarbonizationRetort;research=SteamPower|Coking;workshop=;productivity=-191.12;territory=1749]"
2077206,2077206,Fast,"Building","Waiting","",1,"productivity or territory is insufficient [CokeOven:candidate=True;constructible=True;affordable=False;available=False;owned=4;upgradeTo=IndustrialCarbonizationRetort;research=SteamPower|Coking;workshop=;productivity=-195.84;territory=1749]"
2077806,2077806,Fast,"Building","Waiting","",1,"productivity or territory is insufficient [CokeOven:candidate=True;constructible=True;affordable=False;available=False;owned=4;upgradeTo=IndustrialCarbonizationRetort;research=SteamPower|Coking;workshop=;productivity=-200.56;territory=1749]"
2078406,2078406,Fast,"Building","Waiting","",1,"productivity or territory is insufficient [CokeOven:candidate=True;constructible=True;affordable=False;available=False;owned=4;upgradeTo=IndustrialCarbonizationRetort;research=SteamPower|Coking;workshop=;productivity=-202.92;territory=1749]"
2079006,2079006,Fast,"Building","Waiting","",1,"productivity or territory is insufficient [CokeOven:candidate=True;constructible=True;affordable=False;available=False;owned=4;upgradeTo=IndustrialCarbonizationRetort;research=SteamPower|Coking;workshop=;productivity=-207.64;territory=1749]"
2079606,2080206,Fast,"Building","Waiting","",2,"productivity or territory is insufficient [CokeOven:candidate=True;constructible=True;affordable=False;available=False;owned=4;upgradeTo=IndustrialCarbonizationRetort;research=SteamPower|Coking;workshop=;productivity=-210;territory=1749]"
2080806,2080806,Fast,"Building","Waiting","",1,"productivity or territory is insufficient [CokeOven:candidate=True;constructible=True;affordable=False;available=False;owned=4;upgradeTo=IndustrialCarbonizationRetort;research=SteamPower|Coking;workshop=;productivity=-212.36;territory=1749]"
2081406,2082006,Fast,"Building","Waiting","",2,"productivity or territory is insufficient [CokeOven:candidate=True;constructible=True;affordable=False;available=False;owned=4;upgradeTo=IndustrialCarbonizationRetort;research=SteamPower|Coking;workshop=;productivity=-214.72;territory=1749]"
2082606,2084406,Fast,"Building","Waiting","",4,"productivity or territory is insufficient [CokeOven:candidate=True;constructible=True;affordable=False;available=False;owned=4;upgradeTo=IndustrialCarbonizationRetort;research=SteamPower|Coking;workshop=;productivity=-217.08;territory=1749]"
2085006,2089206,Fast,"Building","Waiting","",8,"productivity or territory is insufficient [CokeOven:candidate=True;constructible=True;affordable=False;available=False;owned=4;upgradeTo=IndustrialCarbonizationRetort;research=SteamPower|Coking;workshop=;productivity=-219.44;territory=1749]"
2089806,2089806,Fast,"Building","Waiting","",1,"productivity or territory is insufficient [CokeOven:candidate=True;constructible=True;affordable=False;available=False;owned=4;upgradeTo=IndustrialCarbonizationRetort;research=SteamPower|Coking;workshop=;productivity=-221.8;territory=1749]"
2090406,2090406,Fast,"Building","Waiting","",1,"productivity or territory is insufficient [CokeOven:candidate=True;constructible=True;affordable=False;available=False;owned=4;upgradeTo=IndustrialCarbonizationRetort;research=SteamPower|Coking;workshop=;productivity=0.04;territory=1749]"
2091006,2091006,Fast,"Building","Waiting","",1,"productivity or territory is insufficient [CokeOven:candidate=True;constructible=True;affordable=False;available=False;owned=4;upgradeTo=IndustrialCarbonizationRetort;research=SteamPower|Coking;workshop=;productivity=-35.36;territory=1749]"
2091606,2091606,Fast,"Building","Waiting","",1,"productivity or territory is insufficient [CokeOven:candidate=True;constructible=True;affordable=False;available=False;owned=4;upgradeTo=IndustrialCarbonizationRetort;research=SteamPower|Coking;workshop=;productivity=-66.04;territory=1749]"
2092206,2092206,Fast,"Building","Waiting","",1,"productivity or territory is insufficient [CokeOven:candidate=True;constructible=True;affordable=False;available=False;owned=4;upgradeTo=IndustrialCarbonizationRetort;research=SteamPower|Coking;workshop=;productivity=-92;territory=1749]"
2092806,2092806,Fast,"Building","Waiting","",1,"productivity or territory is insufficient [CokeOven:candidate=True;constructible=True;affordable=False;available=False;owned=4;upgradeTo=IndustrialCarbonizationRetort;research=SteamPower|Coking;workshop=;productivity=-113.24;territory=1749]"
2093406,2093406,Fast,"Building","Waiting","",1,"productivity or territory is insufficient [CokeOven:candidate=True;constructible=True;affordable=False;available=False;owned=4;upgradeTo=IndustrialCarbonizationRetort;research=SteamPower|Coking;workshop=;productivity=-132.12;territory=1749]"
2094006,2094006,Fast,"Building","Waiting","",1,"productivity or territory is insufficient [CokeOven:candidate=True;constructible=True;affordable=False;available=False;owned=4;upgradeTo=IndustrialCarbonizationRetort;research=SteamPower|Coking;workshop=;productivity=-146.28;territory=1749]"
2094606,2094606,Fast,"Building","Waiting","",1,"productivity or territory is insufficient [CokeOven:candidate=True;constructible=True;affordable=False;available=False;owned=4;upgradeTo=IndustrialCarbonizationRetort;research=SteamPower|Coking;workshop=;productivity=-158.08;territory=1749]"
2095206,2095206,Fast,"Building","Waiting","",1,"productivity or territory is insufficient [CokeOven:candidate=True;constructible=True;affordable=False;available=False;owned=4;upgradeTo=IndustrialCarbonizationRetort;research=SteamPower|Coking;workshop=;productivity=-169.88;territory=1749]"
2095806,2095806,Fast,"Building","Waiting","",1,"productivity or territory is insufficient [CokeOven:candidate=True;constructible=True;affordable=False;available=False;owned=4;upgradeTo=IndustrialCarbonizationRetort;research=SteamPower|Coking;workshop=;productivity=-176.96;territory=1749]"
2096406,2096406,Fast,"Building","Waiting","",1,"productivity or territory is insufficient [CokeOven:candidate=True;constructible=True;affordable=False;available=False;owned=4;upgradeTo=IndustrialCarbonizationRetort;research=SteamPower|Coking;workshop=;productivity=-186.4;territory=1749]"
2097006,2097006,Fast,"Building","Waiting","",1,"productivity or territory is insufficient [CokeOven:candidate=True;constructible=True;affordable=False;available=False;owned=4;upgradeTo=IndustrialCarbonizationRetort;research=SteamPower|Coking;workshop=;productivity=-191.12;territory=1749]"
2097606,2097606,Fast,"Building","Waiting","",1,"productivity or territory is insufficient [CokeOven:candidate=True;constructible=True;affordable=False;available=False;owned=4;upgradeTo=IndustrialCarbonizationRetort;research=SteamPower|Coking;workshop=;productivity=-195.84;territory=1749]"
2098206,2098206,Fast,"Building","Waiting","",1,"productivity or territory is insufficient [CokeOven:candidate=True;constructible=True;affordable=False;available=False;owned=4;upgradeTo=IndustrialCarbonizationRetort;research=SteamPower|Coking;workshop=;productivity=-200.56;territory=1749]"
2098806,2098806,Fast,"Building","Waiting","",1,"productivity or territory is insufficient [CokeOven:candidate=True;constructible=True;affordable=False;available=False;owned=4;upgradeTo=IndustrialCarbonizationRetort;research=SteamPower|Coking;workshop=;productivity=-202.92;territory=1749]"
2099406,2099406,Fast,"Building","Waiting","",1,"productivity or territory is insufficient [CokeOven:candidate=True;constructible=True;affordable=False;available=False;owned=4;upgradeTo=IndustrialCarbonizationRetort;research=SteamPower|Coking;workshop=;productivity=-207.64;territory=1749]"
2100006,2100606,Fast,"Building","Waiting","",2,"productivity or territory is insufficient [CokeOven:candidate=True;constructible=True;affordable=False;available=False;owned=4;upgradeTo=IndustrialCarbonizationRetort;research=SteamPower|Coking;workshop=;productivity=-210;territory=1749]"
2101206,2101206,Fast,"Building","Waiting","",1,"productivity or territory is insufficient [CokeOven:candidate=True;constructible=True;affordable=False;available=False;owned=4;upgradeTo=IndustrialCarbonizationRetort;research=SteamPower|Coking;workshop=;productivity=-212.36;territory=1749]"
2101806,2102406,Fast,"Building","Waiting","",2,"productivity or territory is insufficient [CokeOven:candidate=True;constructible=True;affordable=False;available=False;owned=4;upgradeTo=IndustrialCarbonizationRetort;research=SteamPower|Coking;workshop=;productivity=-214.72;territory=1749]"
2103006,2104806,Fast,"Building","Waiting","",4,"productivity or territory is insufficient [CokeOven:candidate=True;constructible=True;affordable=False;available=False;owned=4;upgradeTo=IndustrialCarbonizationRetort;research=SteamPower|Coking;workshop=;productivity=-217.08;territory=1749]"
2105406,2109606,Fast,"Building","Waiting","",8,"productivity or territory is insufficient [CokeOven:candidate=True;constructible=True;affordable=False;available=False;owned=4;upgradeTo=IndustrialCarbonizationRetort;research=SteamPower|Coking;workshop=;productivity=-219.44;territory=1749]"
2110206,2110206,Fast,"Building","Waiting","",1,"productivity or territory is insufficient [CokeOven:candidate=True;constructible=True;affordable=False;available=False;owned=4;upgradeTo=IndustrialCarbonizationRetort;research=SteamPower|Coking;workshop=;productivity=-221.8;territory=1749]"
2110806,2110806,Fast,"Building","Waiting","",1,"productivity or territory is insufficient [CokeOven:candidate=True;constructible=True;affordable=False;available=False;owned=4;upgradeTo=IndustrialCarbonizationRetort;research=SteamPower|Coking;workshop=;productivity=0.04;territory=1749]"
2111406,2111406,Fast,"Building","Waiting","",1,"productivity or territory is insufficient [CokeOven:candidate=True;constructible=True;affordable=False;available=False;owned=4;upgradeTo=IndustrialCarbonizationRetort;research=SteamPower|Coking;workshop=;productivity=-35.36;territory=1749]"
2112006,2112006,Fast,"Building","Waiting","",1,"productivity or territory is insufficient [CokeOven:candidate=True;constructible=True;affordable=False;available=False;owned=4;upgradeTo=IndustrialCarbonizationRetort;research=SteamPower|Coking;workshop=;productivity=-66.04;territory=1749]"
2112606,2112606,Fast,"Building","Waiting","",1,"productivity or territory is insufficient [CokeOven:candidate=True;constructible=True;affordable=False;available=False;owned=4;upgradeTo=IndustrialCarbonizationRetort;research=SteamPower|Coking;workshop=;productivity=-92;territory=1749]"
2113206,2113206,Fast,"Building","Waiting","",1,"productivity or territory is insufficient [CokeOven:candidate=True;constructible=True;affordable=False;available=False;owned=4;upgradeTo=IndustrialCarbonizationRetort;research=SteamPower|Coking;workshop=;productivity=-113.24;territory=1749]"
2113806,2113806,Fast,"Building","Waiting","",1,"productivity or territory is insufficient [CokeOven:candidate=True;constructible=True;affordable=False;available=False;owned=4;upgradeTo=IndustrialCarbonizationRetort;research=SteamPower|Coking;workshop=;productivity=-132.12;territory=1749]"
2114406,2114406,Fast,"Building","Waiting","",1,"productivity or territory is insufficient [CokeOven:candidate=True;constructible=True;affordable=False;available=False;owned=4;upgradeTo=IndustrialCarbonizationRetort;research=SteamPower|Coking;workshop=;productivity=-146.28;territory=1749]"
2115006,2115006,Fast,"Building","Waiting","",1,"productivity or territory is insufficient [CokeOven:candidate=True;constructible=True;affordable=False;available=False;owned=4;upgradeTo=IndustrialCarbonizationRetort;research=SteamPower|Coking;workshop=;productivity=-158.08;territory=1749]"
2115606,2115606,Fast,"Building","Waiting","",1,"productivity or territory is insufficient [CokeOven:candidate=True;constructible=True;affordable=False;available=False;owned=4;upgradeTo=IndustrialCarbonizationRetort;research=SteamPower|Coking;workshop=;productivity=-169.88;territory=1749]"
2116206,2116206,Fast,"Building","Waiting","",1,"productivity or territory is insufficient [CokeOven:candidate=True;constructible=True;affordable=False;available=False;owned=4;upgradeTo=IndustrialCarbonizationRetort;research=SteamPower|Coking;workshop=;productivity=-176.96;territory=1749]"
2116806,2116806,Fast,"Building","Waiting","",1,"productivity or territory is insufficient [CokeOven:candidate=True;constructible=True;affordable=False;available=False;owned=4;upgradeTo=IndustrialCarbonizationRetort;research=SteamPower|Coking;workshop=;productivity=-186.4;territory=1749]"
2117406,2117406,Fast,"Building","Waiting","",1,"productivity or territory is insufficient [CokeOven:candidate=True;constructible=True;affordable=False;available=False;owned=4;upgradeTo=IndustrialCarbonizationRetort;research=SteamPower|Coking;workshop=;productivity=-191.12;territory=1749]"
2118006,2118006,Fast,"Building","Waiting","",1,"productivity or territory is insufficient [CokeOven:candidate=True;constructible=True;affordable=False;available=False;owned=4;upgradeTo=IndustrialCarbonizationRetort;research=SteamPower|Coking;workshop=;productivity=-195.84;territory=1749]"
2118606,2118606,Fast,"Building","Waiting","",1,"productivity or territory is insufficient [CokeOven:candidate=True;constructible=True;affordable=False;available=False;owned=4;upgradeTo=IndustrialCarbonizationRetort;research=SteamPower|Coking;workshop=;productivity=-200.56;territory=1749]"
2119206,2119206,Fast,"Building","Waiting","",1,"productivity or territory is insufficient [CokeOven:candidate=True;constructible=True;affordable=False;available=False;owned=4;upgradeTo=IndustrialCarbonizationRetort;research=SteamPower|Coking;workshop=;productivity=-202.92;territory=1749]"
2119806,2119806,Fast,"Building","Waiting","",1,"productivity or territory is insufficient [CokeOven:candidate=True;constructible=True;affordable=False;available=False;owned=4;upgradeTo=IndustrialCarbonizationRetort;research=SteamPower|Coking;workshop=;productivity=-207.64;territory=1749]"
2120406,2121006,Fast,"Building","Waiting","",2,"productivity or territory is insufficient [CokeOven:candidate=True;constructible=True;affordable=False;available=False;owned=4;upgradeTo=IndustrialCarbonizationRetort;research=SteamPower|Coking;workshop=;productivity=-210;territory=1749]"
2121606,2121606,Fast,"Building","Waiting","",1,"productivity or territory is insufficient [CokeOven:candidate=True;constructible=True;affordable=False;available=False;owned=4;upgradeTo=IndustrialCarbonizationRetort;research=SteamPower|Coking;workshop=;productivity=-212.36;territory=1749]"
2122206,2122806,Fast,"Building","Waiting","",2,"productivity or territory is insufficient [CokeOven:candidate=True;constructible=True;affordable=False;available=False;owned=4;upgradeTo=IndustrialCarbonizationRetort;research=SteamPower|Coking;workshop=;productivity=-214.72;territory=1749]"
2123406,2125206,Fast,"Building","Waiting","",4,"productivity or territory is insufficient [CokeOven:candidate=True;constructible=True;affordable=False;available=False;owned=4;upgradeTo=IndustrialCarbonizationRetort;research=SteamPower|Coking;workshop=;productivity=-217.08;territory=1749]"
2125806,2130006,Fast,"Building","Waiting","",8,"productivity or territory is insufficient [CokeOven:candidate=True;constructible=True;affordable=False;available=False;owned=4;upgradeTo=IndustrialCarbonizationRetort;research=SteamPower|Coking;workshop=;productivity=-219.44;territory=1749]"
2130606,2130606,Fast,"Building","Waiting","",1,"productivity or territory is insufficient [CokeOven:candidate=True;constructible=True;affordable=False;available=False;owned=4;upgradeTo=IndustrialCarbonizationRetort;research=SteamPower|Coking;workshop=;productivity=-221.8;territory=1749]"
2131206,2131206,Fast,"Building","Waiting","",1,"productivity or territory is insufficient [CokeOven:candidate=True;constructible=True;affordable=False;available=False;owned=4;upgradeTo=IndustrialCarbonizationRetort;research=SteamPower|Coking;workshop=;productivity=0.04;territory=1749]"
2131806,2131806,Fast,"Building","Waiting","",1,"productivity or territory is insufficient [CokeOven:candidate=True;constructible=True;affordable=False;available=False;owned=4;upgradeTo=IndustrialCarbonizationRetort;research=SteamPower|Coking;workshop=;productivity=-35.36;territory=1749]"
2132406,2132406,Fast,"Building","Waiting","",1,"productivity or territory is insufficient [CokeOven:candidate=True;constructible=True;affordable=False;available=False;owned=4;upgradeTo=IndustrialCarbonizationRetort;research=SteamPower|Coking;workshop=;productivity=-66.04;territory=1749]"
2133006,2133006,Fast,"Building","Waiting","",1,"productivity or territory is insufficient [CokeOven:candidate=True;constructible=True;affordable=False;available=False;owned=4;upgradeTo=IndustrialCarbonizationRetort;research=SteamPower|Coking;workshop=;productivity=-92;territory=1749]"
2133606,2133606,Fast,"Building","Waiting","",1,"productivity or territory is insufficient [CokeOven:candidate=True;constructible=True;affordable=False;available=False;owned=4;upgradeTo=IndustrialCarbonizationRetort;research=SteamPower|Coking;workshop=;productivity=-113.24;territory=1749]"
2134206,2134206,Fast,"Building","Waiting","",1,"productivity or territory is insufficient [CokeOven:candidate=True;constructible=True;affordable=False;available=False;owned=4;upgradeTo=IndustrialCarbonizationRetort;research=SteamPower|Coking;workshop=;productivity=-132.12;territory=1749]"
2134806,2134806,Fast,"Building","Waiting","",1,"productivity or territory is insufficient [CokeOven:candidate=True;constructible=True;affordable=False;available=False;owned=4;upgradeTo=IndustrialCarbonizationRetort;research=SteamPower|Coking;workshop=;productivity=-146.28;territory=1749]"
2135406,2135406,Fast,"Building","Waiting","",1,"productivity or territory is insufficient [CokeOven:candidate=True;constructible=True;affordable=False;available=False;owned=4;upgradeTo=IndustrialCarbonizationRetort;research=SteamPower|Coking;workshop=;productivity=-158.08;territory=1749]"
2136006,2136006,Fast,"Building","Waiting","",1,"productivity or territory is insufficient [CokeOven:candidate=True;constructible=True;affordable=False;available=False;owned=4;upgradeTo=IndustrialCarbonizationRetort;research=SteamPower|Coking;workshop=;productivity=-169.88;territory=1749]"
2136606,2136606,Fast,"Building","Waiting","",1,"productivity or territory is insufficient [CokeOven:candidate=True;constructible=True;affordable=False;available=False;owned=4;upgradeTo=IndustrialCarbonizationRetort;research=SteamPower|Coking;workshop=;productivity=-176.96;territory=1749]"
2137206,2137206,Fast,"Building","Waiting","",1,"productivity or territory is insufficient [CokeOven:candidate=True;constructible=True;affordable=False;available=False;owned=4;upgradeTo=IndustrialCarbonizationRetort;research=SteamPower|Coking;workshop=;productivity=-186.4;territory=1749]"
2137806,2137806,Fast,"Building","Waiting","",1,"productivity or territory is insufficient [CokeOven:candidate=True;constructible=True;affordable=False;available=False;owned=4;upgradeTo=IndustrialCarbonizationRetort;research=SteamPower|Coking;workshop=;productivity=-191.12;territory=1749]"
2138406,2138406,Fast,"Building","Waiting","",1,"productivity or territory is insufficient [CokeOven:candidate=True;constructible=True;affordable=False;available=False;owned=4;upgradeTo=IndustrialCarbonizationRetort;research=SteamPower|Coking;workshop=;productivity=-195.84;territory=1749]"
2139006,2139006,Fast,"Building","Waiting","",1,"productivity or territory is insufficient [CokeOven:candidate=True;constructible=True;affordable=False;available=False;owned=4;upgradeTo=IndustrialCarbonizationRetort;research=SteamPower|Coking;workshop=;productivity=-200.56;territory=1749]"
2139606,2139606,Fast,"Building","Waiting","",1,"productivity or territory is insufficient [CokeOven:candidate=True;constructible=True;affordable=False;available=False;owned=4;upgradeTo=IndustrialCarbonizationRetort;research=SteamPower|Coking;workshop=;productivity=-202.92;territory=1749]"
2140206,2140206,Fast,"Building","Waiting","",1,"productivity or territory is insufficient [CokeOven:candidate=True;constructible=True;affordable=False;available=False;owned=4;upgradeTo=IndustrialCarbonizationRetort;research=SteamPower|Coking;workshop=;productivity=-207.64;territory=1749]"
2140806,2141406,Fast,"Building","Waiting","",2,"productivity or territory is insufficient [CokeOven:candidate=True;constructible=True;affordable=False;available=False;owned=4;upgradeTo=IndustrialCarbonizationRetort;research=SteamPower|Coking;workshop=;productivity=-210;territory=1749]"
2142006,2142006,Fast,"Building","Waiting","",1,"productivity or territory is insufficient [CokeOven:candidate=True;constructible=True;affordable=False;available=False;owned=4;upgradeTo=IndustrialCarbonizationRetort;research=SteamPower|Coking;workshop=;productivity=-212.36;territory=1749]"
2142606,2143206,Fast,"Building","Waiting","",2,"productivity or territory is insufficient [CokeOven:candidate=True;constructible=True;affordable=False;available=False;owned=4;upgradeTo=IndustrialCarbonizationRetort;research=SteamPower|Coking;workshop=;productivity=-214.72;territory=1749]"
2143806,2145606,Fast,"Building","Waiting","",4,"productivity or territory is insufficient [CokeOven:candidate=True;constructible=True;affordable=False;available=False;owned=4;upgradeTo=IndustrialCarbonizationRetort;research=SteamPower|Coking;workshop=;productivity=-217.08;territory=1749]"
2146206,2150406,Fast,"Building","Waiting","",8,"productivity or territory is insufficient [CokeOven:candidate=True;constructible=True;affordable=False;available=False;owned=4;upgradeTo=IndustrialCarbonizationRetort;research=SteamPower|Coking;workshop=;productivity=-219.44;territory=1749]"
2151006,2151006,Fast,"Building","Waiting","",1,"productivity or territory is insufficient [CokeOven:candidate=True;constructible=True;affordable=False;available=False;owned=4;upgradeTo=IndustrialCarbonizationRetort;research=SteamPower|Coking;workshop=;productivity=-221.8;territory=1749]"
2151606,2151606,Fast,"Building","Waiting","",1,"productivity or territory is insufficient [CokeOven:candidate=True;constructible=True;affordable=False;available=False;owned=4;upgradeTo=IndustrialCarbonizationRetort;research=SteamPower|Coking;workshop=;productivity=0.04;territory=1749]"
2152206,2152206,Fast,"Building","Waiting","",1,"productivity or territory is insufficient [CokeOven:candidate=True;constructible=True;affordable=False;available=False;owned=4;upgradeTo=IndustrialCarbonizationRetort;research=SteamPower|Coking;workshop=;productivity=-35.36;territory=1749]"
2152806,2152806,Fast,"Building","Waiting","",1,"productivity or territory is insufficient [CokeOven:candidate=True;constructible=True;affordable=False;available=False;owned=4;upgradeTo=IndustrialCarbonizationRetort;research=SteamPower|Coking;workshop=;productivity=-66.04;territory=1749]"
2153406,2153406,Fast,"Building","Waiting","",1,"productivity or territory is insufficient [CokeOven:candidate=True;constructible=True;affordable=False;available=False;owned=4;upgradeTo=IndustrialCarbonizationRetort;research=SteamPower|Coking;workshop=;productivity=-92;territory=1749]"
2154006,2154006,Fast,"Building","Waiting","",1,"productivity or territory is insufficient [CokeOven:candidate=True;constructible=True;affordable=False;available=False;owned=4;upgradeTo=IndustrialCarbonizationRetort;research=SteamPower|Coking;workshop=;productivity=-113.24;territory=1749]"
2154606,2154606,Fast,"Building","Waiting","",1,"productivity or territory is insufficient [CokeOven:candidate=True;constructible=True;affordable=False;available=False;owned=4;upgradeTo=IndustrialCarbonizationRetort;research=SteamPower|Coking;workshop=;productivity=-132.12;territory=1749]"
2155206,2155206,Fast,"Building","Waiting","",1,"productivity or territory is insufficient [CokeOven:candidate=True;constructible=True;affordable=False;available=False;owned=4;upgradeTo=IndustrialCarbonizationRetort;research=SteamPower|Coking;workshop=;productivity=-146.28;territory=1749]"
2155806,2155806,Fast,"Building","Waiting","",1,"productivity or territory is insufficient [CokeOven:candidate=True;constructible=True;affordable=False;available=False;owned=4;upgradeTo=IndustrialCarbonizationRetort;research=SteamPower|Coking;workshop=;productivity=-158.08;territory=1749]"
2156406,2156406,Fast,"Building","Waiting","",1,"productivity or territory is insufficient [CokeOven:candidate=True;constructible=True;affordable=False;available=False;owned=4;upgradeTo=IndustrialCarbonizationRetort;research=SteamPower|Coking;workshop=;productivity=-169.88;territory=1749]"
2157006,2157006,Fast,"Building","Waiting","",1,"productivity or territory is insufficient [CokeOven:candidate=True;constructible=True;affordable=False;available=False;owned=4;upgradeTo=IndustrialCarbonizationRetort;research=SteamPower|Coking;workshop=;productivity=-176.96;territory=1749]"
2157606,2157606,Fast,"Building","Waiting","",1,"productivity or territory is insufficient [CokeOven:candidate=True;constructible=True;affordable=False;available=False;owned=4;upgradeTo=IndustrialCarbonizationRetort;research=SteamPower|Coking;workshop=;productivity=-186.4;territory=1749]"
2158206,2158206,Fast,"Building","Waiting","",1,"productivity or territory is insufficient [CokeOven:candidate=True;constructible=True;affordable=False;available=False;owned=4;upgradeTo=IndustrialCarbonizationRetort;research=SteamPower|Coking;workshop=;productivity=-191.12;territory=1749]"
2158806,2158806,Fast,"Building","Waiting","",1,"productivity or territory is insufficient [CokeOven:candidate=True;constructible=True;affordable=False;available=False;owned=4;upgradeTo=IndustrialCarbonizationRetort;research=SteamPower|Coking;workshop=;productivity=-195.84;territory=1749]"
2159406,2159406,Fast,"Building","Waiting","",1,"productivity or territory is insufficient [CokeOven:candidate=True;constructible=True;affordable=False;available=False;owned=4;upgradeTo=IndustrialCarbonizationRetort;research=SteamPower|Coking;workshop=;productivity=-200.56;territory=1749]"
2160006,2160006,Fast,"Building","Waiting","",1,"productivity or territory is insufficient [CokeOven:candidate=True;constructible=True;affordable=False;available=False;owned=4;upgradeTo=IndustrialCarbonizationRetort;research=SteamPower|Coking;workshop=;productivity=-202.92;territory=1749]"
2160606,2160606,Fast,"Building","Waiting","",1,"productivity or territory is insufficient [CokeOven:candidate=True;constructible=True;affordable=False;available=False;owned=4;upgradeTo=IndustrialCarbonizationRetort;research=SteamPower|Coking;workshop=;productivity=-207.64;territory=1749]"
2161206,2161806,Fast,"Building","Waiting","",2,"productivity or territory is insufficient [CokeOven:candidate=True;constructible=True;affordable=False;available=False;owned=4;upgradeTo=IndustrialCarbonizationRetort;research=SteamPower|Coking;workshop=;productivity=-210;territory=1749]"
2162406,2162406,Fast,"Building","Waiting","",1,"productivity or territory is insufficient [CokeOven:candidate=True;constructible=True;affordable=False;available=False;owned=4;upgradeTo=IndustrialCarbonizationRetort;research=SteamPower|Coking;workshop=;productivity=-212.36;territory=1749]"
2163006,2163606,Fast,"Building","Waiting","",2,"productivity or territory is insufficient [CokeOven:candidate=True;constructible=True;affordable=False;available=False;owned=4;upgradeTo=IndustrialCarbonizationRetort;research=SteamPower|Coking;workshop=;productivity=-214.72;territory=1749]"
2164206,2166006,Fast,"Building","Waiting","",4,"productivity or territory is insufficient [CokeOven:candidate=True;constructible=True;affordable=False;available=False;owned=4;upgradeTo=IndustrialCarbonizationRetort;research=SteamPower|Coking;workshop=;productivity=-217.08;territory=1749]"
2166606,2170806,Fast,"Building","Waiting","",8,"productivity or territory is insufficient [CokeOven:candidate=True;constructible=True;affordable=False;available=False;owned=4;upgradeTo=IndustrialCarbonizationRetort;research=SteamPower|Coking;workshop=;productivity=-219.44;territory=1749]"
2171406,2171406,Fast,"Building","Waiting","",1,"productivity or territory is insufficient [CokeOven:candidate=True;constructible=True;affordable=False;available=False;owned=4;upgradeTo=IndustrialCarbonizationRetort;research=SteamPower|Coking;workshop=;productivity=-221.8;territory=1749]"
2172006,2172006,Fast,"Building","Waiting","",1,"productivity or territory is insufficient [CokeOven:candidate=True;constructible=True;affordable=False;available=False;owned=4;upgradeTo=IndustrialCarbonizationRetort;research=SteamPower|Coking;workshop=;productivity=0.04;territory=1749]"
2172606,2172606,Fast,"Building","Waiting","",1,"productivity or territory is insufficient [CokeOven:candidate=True;constructible=True;affordable=False;available=False;owned=4;upgradeTo=IndustrialCarbonizationRetort;research=SteamPower|Coking;workshop=;productivity=-35.36;territory=1749]"
2173206,2173206,Fast,"Building","Waiting","",1,"productivity or territory is insufficient [CokeOven:candidate=True;constructible=True;affordable=False;available=False;owned=4;upgradeTo=IndustrialCarbonizationRetort;research=SteamPower|Coking;workshop=;productivity=-66.04;territory=1749]"
2173806,2173806,Fast,"Building","Waiting","",1,"productivity or territory is insufficient [CokeOven:candidate=True;constructible=True;affordable=False;available=False;owned=4;upgradeTo=IndustrialCarbonizationRetort;research=SteamPower|Coking;workshop=;productivity=-92;territory=1749]"
2174406,2174406,Fast,"Building","Waiting","",1,"productivity or territory is insufficient [CokeOven:candidate=True;constructible=True;affordable=False;available=False;owned=4;upgradeTo=IndustrialCarbonizationRetort;research=SteamPower|Coking;workshop=;productivity=-113.24;territory=1749]"
2175006,2175006,Fast,"Building","Waiting","",1,"productivity or territory is insufficient [CokeOven:candidate=True;constructible=True;affordable=False;available=False;owned=4;upgradeTo=IndustrialCarbonizationRetort;research=SteamPower|Coking;workshop=;productivity=-132.12;territory=1749]"
2175606,2175606,Fast,"Building","Waiting","",1,"productivity or territory is insufficient [CokeOven:candidate=True;constructible=True;affordable=False;available=False;owned=4;upgradeTo=IndustrialCarbonizationRetort;research=SteamPower|Coking;workshop=;productivity=-146.28;territory=1749]"
2176206,2176206,Fast,"Building","Waiting","",1,"productivity or territory is insufficient [CokeOven:candidate=True;constructible=True;affordable=False;available=False;owned=4;upgradeTo=IndustrialCarbonizationRetort;research=SteamPower|Coking;workshop=;productivity=-158.08;territory=1749]"
2176806,2176806,Fast,"Building","Waiting","",1,"productivity or territory is insufficient [CokeOven:candidate=True;constructible=True;affordable=False;available=False;owned=4;upgradeTo=IndustrialCarbonizationRetort;research=SteamPower|Coking;workshop=;productivity=-169.88;territory=1749]"
2177406,2177406,Fast,"Building","Waiting","",1,"productivity or territory is insufficient [CokeOven:candidate=True;constructible=True;affordable=False;available=False;owned=4;upgradeTo=IndustrialCarbonizationRetort;research=SteamPower|Coking;workshop=;productivity=-176.96;territory=1749]"
2178006,2178006,Fast,"Building","Waiting","",1,"productivity or territory is insufficient [CokeOven:candidate=True;constructible=True;affordable=False;available=False;owned=4;upgradeTo=IndustrialCarbonizationRetort;research=SteamPower|Coking;workshop=;productivity=-186.4;territory=1749]"
2178606,2178606,Fast,"Building","Waiting","",1,"productivity or territory is insufficient [CokeOven:candidate=True;constructible=True;affordable=False;available=False;owned=4;upgradeTo=IndustrialCarbonizationRetort;research=SteamPower|Coking;workshop=;productivity=-191.12;territory=1749]"
2179206,2179206,Fast,"Building","Waiting","",1,"productivity or territory is insufficient [CokeOven:candidate=True;constructible=True;affordable=False;available=False;owned=4;upgradeTo=IndustrialCarbonizationRetort;research=SteamPower|Coking;workshop=;productivity=-195.84;territory=1749]"
2179806,2179806,Fast,"Building","Waiting","",1,"productivity or territory is insufficient [CokeOven:candidate=True;constructible=True;affordable=False;available=False;owned=4;upgradeTo=IndustrialCarbonizationRetort;research=SteamPower|Coking;workshop=;productivity=-200.56;territory=1749]"
2180406,2180406,Fast,"Building","Waiting","",1,"productivity or territory is insufficient [CokeOven:candidate=True;constructible=True;affordable=False;available=False;owned=4;upgradeTo=IndustrialCarbonizationRetort;research=SteamPower|Coking;workshop=;productivity=-202.92;territory=1749]"
2181006,2181006,Fast,"Building","Waiting","",1,"productivity or territory is insufficient [CokeOven:candidate=True;constructible=True;affordable=False;available=False;owned=4;upgradeTo=IndustrialCarbonizationRetort;research=SteamPower|Coking;workshop=;productivity=-207.64;territory=1749]"
2181606,2182206,Fast,"Building","Waiting","",2,"productivity or territory is insufficient [CokeOven:candidate=True;constructible=True;affordable=False;available=False;owned=4;upgradeTo=IndustrialCarbonizationRetort;research=SteamPower|Coking;workshop=;productivity=-210;territory=1749]"
2182806,2182806,Fast,"Building","Waiting","",1,"productivity or territory is insufficient [CokeOven:candidate=True;constructible=True;affordable=False;available=False;owned=4;upgradeTo=IndustrialCarbonizationRetort;research=SteamPower|Coking;workshop=;productivity=-212.36;territory=1749]"
2183406,2184006,Fast,"Building","Waiting","",2,"productivity or territory is insufficient [CokeOven:candidate=True;constructible=True;affordable=False;available=False;owned=4;upgradeTo=IndustrialCarbonizationRetort;research=SteamPower|Coking;workshop=;productivity=-214.72;territory=1749]"
2184606,2186406,Fast,"Building","Waiting","",4,"productivity or territory is insufficient [CokeOven:candidate=True;constructible=True;affordable=False;available=False;owned=4;upgradeTo=IndustrialCarbonizationRetort;research=SteamPower|Coking;workshop=;productivity=-217.08;territory=1749]"
2187006,2191206,Fast,"Building","Waiting","",8,"productivity or territory is insufficient [CokeOven:candidate=True;constructible=True;affordable=False;available=False;owned=4;upgradeTo=IndustrialCarbonizationRetort;research=SteamPower|Coking;workshop=;productivity=-219.44;territory=1749]"
2191806,2191806,Fast,"Building","Waiting","",1,"productivity or territory is insufficient [CokeOven:candidate=True;constructible=True;affordable=False;available=False;owned=4;upgradeTo=IndustrialCarbonizationRetort;research=SteamPower|Coking;workshop=;productivity=-221.8;territory=1749]"
2192406,2192406,Fast,"Building","Waiting","",1,"productivity or territory is insufficient [CokeOven:candidate=True;constructible=True;affordable=False;available=False;owned=4;upgradeTo=IndustrialCarbonizationRetort;research=SteamPower|Coking;workshop=;productivity=0.04;territory=1749]"
2193006,2193006,Fast,"Building","Waiting","",1,"productivity or territory is insufficient [CokeOven:candidate=True;constructible=True;affordable=False;available=False;owned=4;upgradeTo=IndustrialCarbonizationRetort;research=SteamPower|Coking;workshop=;productivity=-35.36;territory=1749]"
2193606,2193606,Fast,"Building","Waiting","",1,"productivity or territory is insufficient [CokeOven:candidate=True;constructible=True;affordable=False;available=False;owned=4;upgradeTo=IndustrialCarbonizationRetort;research=SteamPower|Coking;workshop=;productivity=-66.04;territory=1749]"
2194206,2194206,Fast,"Building","Waiting","",1,"productivity or territory is insufficient [CokeOven:candidate=True;constructible=True;affordable=False;available=False;owned=4;upgradeTo=IndustrialCarbonizationRetort;research=SteamPower|Coking;workshop=;productivity=-92;territory=1749]"
2194806,2194806,Fast,"Building","Waiting","",1,"productivity or territory is insufficient [CokeOven:candidate=True;constructible=True;affordable=False;available=False;owned=4;upgradeTo=IndustrialCarbonizationRetort;research=SteamPower|Coking;workshop=;productivity=-113.24;territory=1749]"
2195406,2195406,Fast,"Building","Waiting","",1,"productivity or territory is insufficient [CokeOven:candidate=True;constructible=True;affordable=False;available=False;owned=4;upgradeTo=IndustrialCarbonizationRetort;research=SteamPower|Coking;workshop=;productivity=-132.12;territory=1749]"
2196006,2196006,Fast,"Building","Waiting","",1,"productivity or territory is insufficient [CokeOven:candidate=True;constructible=True;affordable=False;available=False;owned=4;upgradeTo=IndustrialCarbonizationRetort;research=SteamPower|Coking;workshop=;productivity=-146.28;territory=1749]"
2196606,2196606,Fast,"Building","Waiting","",1,"productivity or territory is insufficient [CokeOven:candidate=True;constructible=True;affordable=False;available=False;owned=4;upgradeTo=IndustrialCarbonizationRetort;research=SteamPower|Coking;workshop=;productivity=-158.08;territory=1749]"
2197206,2197206,Fast,"Building","Waiting","",1,"productivity or territory is insufficient [CokeOven:candidate=True;constructible=True;affordable=False;available=False;owned=4;upgradeTo=IndustrialCarbonizationRetort;research=SteamPower|Coking;workshop=;productivity=-169.88;territory=1749]"
2197806,2197806,Fast,"Building","Waiting","",1,"productivity or territory is insufficient [CokeOven:candidate=True;constructible=True;affordable=False;available=False;owned=4;upgradeTo=IndustrialCarbonizationRetort;research=SteamPower|Coking;workshop=;productivity=-176.96;territory=1749]"
2198406,2198406,Fast,"Building","Waiting","",1,"productivity or territory is insufficient [CokeOven:candidate=True;constructible=True;affordable=False;available=False;owned=4;upgradeTo=IndustrialCarbonizationRetort;research=SteamPower|Coking;workshop=;productivity=-186.4;territory=1749]"
2199006,2199006,Fast,"Building","Waiting","",1,"productivity or territory is insufficient [CokeOven:candidate=True;constructible=True;affordable=False;available=False;owned=4;upgradeTo=IndustrialCarbonizationRetort;research=SteamPower|Coking;workshop=;productivity=-191.12;territory=1749]"
2199606,2199606,Fast,"Building","Waiting","",1,"productivity or territory is insufficient [CokeOven:candidate=True;constructible=True;affordable=False;available=False;owned=4;upgradeTo=IndustrialCarbonizationRetort;research=SteamPower|Coking;workshop=;productivity=-195.84;territory=1749]"
2200206,2200206,Fast,"Building","Waiting","",1,"productivity or territory is insufficient [CokeOven:candidate=True;constructible=True;affordable=False;available=False;owned=4;upgradeTo=IndustrialCarbonizationRetort;research=SteamPower|Coking;workshop=;productivity=-200.56;territory=1749]"
2200806,2200806,Fast,"Building","Waiting","",1,"productivity or territory is insufficient [CokeOven:candidate=True;constructible=True;affordable=False;available=False;owned=4;upgradeTo=IndustrialCarbonizationRetort;research=SteamPower|Coking;workshop=;productivity=-202.92;territory=1749]"
2201406,2201406,Fast,"Building","Waiting","",1,"productivity or territory is insufficient [CokeOven:candidate=True;constructible=True;affordable=False;available=False;owned=4;upgradeTo=IndustrialCarbonizationRetort;research=SteamPower|Coking;workshop=;productivity=-207.64;territory=1749]"
2202006,2202606,Fast,"Building","Waiting","",2,"productivity or territory is insufficient [CokeOven:candidate=True;constructible=True;affordable=False;available=False;owned=4;upgradeTo=IndustrialCarbonizationRetort;research=SteamPower|Coking;workshop=;productivity=-210;territory=1749]"
2203206,2203206,Fast,"Building","Waiting","",1,"productivity or territory is insufficient [CokeOven:candidate=True;constructible=True;affordable=False;available=False;owned=4;upgradeTo=IndustrialCarbonizationRetort;research=SteamPower|Coking;workshop=;productivity=-212.36;territory=1749]"
2203806,2204406,Fast,"Building","Waiting","",2,"productivity or territory is insufficient [CokeOven:candidate=True;constructible=True;affordable=False;available=False;owned=4;upgradeTo=IndustrialCarbonizationRetort;research=SteamPower|Coking;workshop=;productivity=-214.72;territory=1749]"
2205006,2206806,Fast,"Building","Waiting","",4,"productivity or territory is insufficient [CokeOven:candidate=True;constructible=True;affordable=False;available=False;owned=4;upgradeTo=IndustrialCarbonizationRetort;research=SteamPower|Coking;workshop=;productivity=-217.08;territory=1749]"
2207406,2211606,Fast,"Building","Waiting","",8,"productivity or territory is insufficient [CokeOven:candidate=True;constructible=True;affordable=False;available=False;owned=4;upgradeTo=IndustrialCarbonizationRetort;research=SteamPower|Coking;workshop=;productivity=-219.44;territory=1749]"
2212206,2212206,Fast,"Building","Waiting","",1,"productivity or territory is insufficient [CokeOven:candidate=True;constructible=True;affordable=False;available=False;owned=4;upgradeTo=IndustrialCarbonizationRetort;research=SteamPower|Coking;workshop=;productivity=-221.8;territory=1749]"
2212806,2212806,Fast,"Building","Waiting","",1,"productivity or territory is insufficient [CokeOven:candidate=True;constructible=True;affordable=False;available=False;owned=4;upgradeTo=IndustrialCarbonizationRetort;research=SteamPower|Coking;workshop=;productivity=0.04;territory=1749]"
2213406,2213406,Fast,"Building","Waiting","",1,"productivity or territory is insufficient [CokeOven:candidate=True;constructible=True;affordable=False;available=False;owned=4;upgradeTo=IndustrialCarbonizationRetort;research=SteamPower|Coking;workshop=;productivity=-35.36;territory=1749]"
2214006,2214006,Fast,"Building","Waiting","",1,"productivity or territory is insufficient [CokeOven:candidate=True;constructible=True;affordable=False;available=False;owned=4;upgradeTo=IndustrialCarbonizationRetort;research=SteamPower|Coking;workshop=;productivity=-66.04;territory=1749]"
2214606,2214606,Fast,"Building","Waiting","",1,"productivity or territory is insufficient [CokeOven:candidate=True;constructible=True;affordable=False;available=False;owned=4;upgradeTo=IndustrialCarbonizationRetort;research=SteamPower|Coking;workshop=;productivity=-92;territory=1749]"
2215206,2215206,Fast,"Building","Waiting","",1,"productivity or territory is insufficient [CokeOven:candidate=True;constructible=True;affordable=False;available=False;owned=4;upgradeTo=IndustrialCarbonizationRetort;research=SteamPower|Coking;workshop=;productivity=-113.24;territory=1749]"
2215806,2215806,Fast,"Building","Waiting","",1,"productivity or territory is insufficient [CokeOven:candidate=True;constructible=True;affordable=False;available=False;owned=4;upgradeTo=IndustrialCarbonizationRetort;research=SteamPower|Coking;workshop=;productivity=-132.12;territory=1749]"
2216406,2216406,Fast,"Building","Waiting","",1,"productivity or territory is insufficient [CokeOven:candidate=True;constructible=True;affordable=False;available=False;owned=4;upgradeTo=IndustrialCarbonizationRetort;research=SteamPower|Coking;workshop=;productivity=-146.28;territory=1749]"
2217006,2217006,Fast,"Building","Waiting","",1,"productivity or territory is insufficient [CokeOven:candidate=True;constructible=True;affordable=False;available=False;owned=4;upgradeTo=IndustrialCarbonizationRetort;research=SteamPower|Coking;workshop=;productivity=-158.08;territory=1749]"
2217606,2217606,Fast,"Building","Waiting","",1,"productivity or territory is insufficient [CokeOven:candidate=True;constructible=True;affordable=False;available=False;owned=4;upgradeTo=IndustrialCarbonizationRetort;research=SteamPower|Coking;workshop=;productivity=-169.88;territory=1749]"
2218206,2218206,Fast,"Building","Waiting","",1,"productivity or territory is insufficient [CokeOven:candidate=True;constructible=True;affordable=False;available=False;owned=4;upgradeTo=IndustrialCarbonizationRetort;research=SteamPower|Coking;workshop=;productivity=-176.96;territory=1749]"
2218806,2218806,Fast,"Building","Waiting","",1,"productivity or territory is insufficient [CokeOven:candidate=True;constructible=True;affordable=False;available=False;owned=4;upgradeTo=IndustrialCarbonizationRetort;research=SteamPower|Coking;workshop=;productivity=-186.4;territory=1749]"
2219406,2219406,Fast,"Building","Waiting","",1,"productivity or territory is insufficient [CokeOven:candidate=True;constructible=True;affordable=False;available=False;owned=4;upgradeTo=IndustrialCarbonizationRetort;research=SteamPower|Coking;workshop=;productivity=-191.12;territory=1749]"
2220006,2220006,Fast,"Building","Waiting","",1,"productivity or territory is insufficient [CokeOven:candidate=True;constructible=True;affordable=False;available=False;owned=4;upgradeTo=IndustrialCarbonizationRetort;research=SteamPower|Coking;workshop=;productivity=-195.84;territory=1749]"
2220606,2220606,Fast,"Building","Waiting","",1,"productivity or territory is insufficient [CokeOven:candidate=True;constructible=True;affordable=False;available=False;owned=4;upgradeTo=IndustrialCarbonizationRetort;research=SteamPower|Coking;workshop=;productivity=-200.56;territory=1749]"
2221206,2221206,Fast,"Building","Waiting","",1,"productivity or territory is insufficient [CokeOven:candidate=True;constructible=True;affordable=False;available=False;owned=4;upgradeTo=IndustrialCarbonizationRetort;research=SteamPower|Coking;workshop=;productivity=-202.92;territory=1749]"
2221806,2221806,Fast,"Building","Waiting","",1,"productivity or territory is insufficient [CokeOven:candidate=True;constructible=True;affordable=False;available=False;owned=4;upgradeTo=IndustrialCarbonizationRetort;research=SteamPower|Coking;workshop=;productivity=-207.64;territory=1749]"
2222406,2223006,Fast,"Building","Waiting","",2,"productivity or territory is insufficient [CokeOven:candidate=True;constructible=True;affordable=False;available=False;owned=4;upgradeTo=IndustrialCarbonizationRetort;research=SteamPower|Coking;workshop=;productivity=-210;territory=1749]"
2223606,2223606,Fast,"Building","Waiting","",1,"productivity or territory is insufficient [CokeOven:candidate=True;constructible=True;affordable=False;available=False;owned=4;upgradeTo=IndustrialCarbonizationRetort;research=SteamPower|Coking;workshop=;productivity=-212.36;territory=1749]"
2224206,2224806,Fast,"Building","Waiting","",2,"productivity or territory is insufficient [CokeOven:candidate=True;constructible=True;affordable=False;available=False;owned=4;upgradeTo=IndustrialCarbonizationRetort;research=SteamPower|Coking;workshop=;productivity=-214.72;territory=1749]"
2225406,2227206,Fast,"Building","Waiting","",4,"productivity or territory is insufficient [CokeOven:candidate=True;constructible=True;affordable=False;available=False;owned=4;upgradeTo=IndustrialCarbonizationRetort;research=SteamPower|Coking;workshop=;productivity=-217.08;territory=1749]"
2227806,2232006,Fast,"Building","Waiting","",8,"productivity or territory is insufficient [CokeOven:candidate=True;constructible=True;affordable=False;available=False;owned=4;upgradeTo=IndustrialCarbonizationRetort;research=SteamPower|Coking;workshop=;productivity=-219.44;territory=1749]"
2232606,2232606,Fast,"Building","Waiting","",1,"productivity or territory is insufficient [CokeOven:candidate=True;constructible=True;affordable=False;available=False;owned=4;upgradeTo=IndustrialCarbonizationRetort;research=SteamPower|Coking;workshop=;productivity=-221.8;territory=1749]"
2233206,2233206,Fast,"Building","Waiting","",1,"productivity or territory is insufficient [CokeOven:candidate=True;constructible=True;affordable=False;available=False;owned=4;upgradeTo=IndustrialCarbonizationRetort;research=SteamPower|Coking;workshop=;productivity=0.04;territory=1749]"
2233806,2233806,Fast,"Building","Waiting","",1,"productivity or territory is insufficient [CokeOven:candidate=True;constructible=True;affordable=False;available=False;owned=4;upgradeTo=IndustrialCarbonizationRetort;research=SteamPower|Coking;workshop=;productivity=-35.36;territory=1749]"
2234406,2234406,Fast,"Building","Waiting","",1,"productivity or territory is insufficient [CokeOven:candidate=True;constructible=True;affordable=False;available=False;owned=4;upgradeTo=IndustrialCarbonizationRetort;research=SteamPower|Coking;workshop=;productivity=-66.04;territory=1749]"
2235006,2235006,Fast,"Building","Waiting","",1,"productivity or territory is insufficient [CokeOven:candidate=True;constructible=True;affordable=False;available=False;owned=4;upgradeTo=IndustrialCarbonizationRetort;research=SteamPower|Coking;workshop=;productivity=-92;territory=1749]"
2235606,2235606,Fast,"Building","Waiting","",1,"productivity or territory is insufficient [CokeOven:candidate=True;constructible=True;affordable=False;available=False;owned=4;upgradeTo=IndustrialCarbonizationRetort;research=SteamPower|Coking;workshop=;productivity=-113.24;territory=1749]"
2236206,2236206,Fast,"Building","Waiting","",1,"productivity or territory is insufficient [CokeOven:candidate=True;constructible=True;affordable=False;available=False;owned=4;upgradeTo=IndustrialCarbonizationRetort;research=SteamPower|Coking;workshop=;productivity=-132.12;territory=1749]"
2236806,2236806,Fast,"Building","Waiting","",1,"productivity or territory is insufficient [CokeOven:candidate=True;constructible=True;affordable=False;available=False;owned=4;upgradeTo=IndustrialCarbonizationRetort;research=SteamPower|Coking;workshop=;productivity=-146.28;territory=1749]"
2237406,2237406,Fast,"Building","Waiting","",1,"productivity or territory is insufficient [CokeOven:candidate=True;constructible=True;affordable=False;available=False;owned=4;upgradeTo=IndustrialCarbonizationRetort;research=SteamPower|Coking;workshop=;productivity=-158.08;territory=1749]"
2238006,2238006,Fast,"Building","Waiting","",1,"productivity or territory is insufficient [CokeOven:candidate=True;constructible=True;affordable=False;available=False;owned=4;upgradeTo=IndustrialCarbonizationRetort;research=SteamPower|Coking;workshop=;productivity=-169.88;territory=1749]"
2238606,2238606,Fast,"Building","Waiting","",1,"productivity or territory is insufficient [CokeOven:candidate=True;constructible=True;affordable=False;available=False;owned=4;upgradeTo=IndustrialCarbonizationRetort;research=SteamPower|Coking;workshop=;productivity=-176.96;territory=1749]"
2239206,2239206,Fast,"Building","Waiting","",1,"productivity or territory is insufficient [CokeOven:candidate=True;constructible=True;affordable=False;available=False;owned=4;upgradeTo=IndustrialCarbonizationRetort;research=SteamPower|Coking;workshop=;productivity=-186.4;territory=1749]"
2239806,2239806,Fast,"Building","Waiting","",1,"productivity or territory is insufficient [CokeOven:candidate=True;constructible=True;affordable=False;available=False;owned=4;upgradeTo=IndustrialCarbonizationRetort;research=SteamPower|Coking;workshop=;productivity=-191.12;territory=1749]"
2240406,2240406,Fast,"Building","Waiting","",1,"productivity or territory is insufficient [CokeOven:candidate=True;constructible=True;affordable=False;available=False;owned=4;upgradeTo=IndustrialCarbonizationRetort;research=SteamPower|Coking;workshop=;productivity=-195.84;territory=1749]"
2241006,2241006,Fast,"Building","Waiting","",1,"productivity or territory is insufficient [CokeOven:candidate=True;constructible=True;affordable=False;available=False;owned=4;upgradeTo=IndustrialCarbonizationRetort;research=SteamPower|Coking;workshop=;productivity=-200.56;territory=1749]"
2241606,2241606,Fast,"Building","Waiting","",1,"productivity or territory is insufficient [CokeOven:candidate=True;constructible=True;affordable=False;available=False;owned=4;upgradeTo=IndustrialCarbonizationRetort;research=SteamPower|Coking;workshop=;productivity=-202.92;territory=1749]"
2242206,2242206,Fast,"Building","Waiting","",1,"productivity or territory is insufficient [CokeOven:candidate=True;constructible=True;affordable=False;available=False;owned=4;upgradeTo=IndustrialCarbonizationRetort;research=SteamPower|Coking;workshop=;productivity=-207.64;territory=1749]"
2242806,2243406,Fast,"Building","Waiting","",2,"productivity or territory is insufficient [CokeOven:candidate=True;constructible=True;affordable=False;available=False;owned=4;upgradeTo=IndustrialCarbonizationRetort;research=SteamPower|Coking;workshop=;productivity=-210;territory=1749]"
2244006,2244006,Fast,"Building","Waiting","",1,"productivity or territory is insufficient [CokeOven:candidate=True;constructible=True;affordable=False;available=False;owned=4;upgradeTo=IndustrialCarbonizationRetort;research=SteamPower|Coking;workshop=;productivity=-212.36;territory=1749]"
2244606,2245206,Fast,"Building","Waiting","",2,"productivity or territory is insufficient [CokeOven:candidate=True;constructible=True;affordable=False;available=False;owned=4;upgradeTo=IndustrialCarbonizationRetort;research=SteamPower|Coking;workshop=;productivity=-214.72;territory=1749]"
2245806,2247606,Fast,"Building","Waiting","",4,"productivity or territory is insufficient [CokeOven:candidate=True;constructible=True;affordable=False;available=False;owned=4;upgradeTo=IndustrialCarbonizationRetort;research=SteamPower|Coking;workshop=;productivity=-217.08;territory=1749]"
2248206,2252406,Fast,"Building","Waiting","",8,"productivity or territory is insufficient [CokeOven:candidate=True;constructible=True;affordable=False;available=False;owned=4;upgradeTo=IndustrialCarbonizationRetort;research=SteamPower|Coking;workshop=;productivity=-219.44;territory=1749]"
2253006,2253006,Fast,"Building","Waiting","",1,"productivity or territory is insufficient [CokeOven:candidate=True;constructible=True;affordable=False;available=False;owned=4;upgradeTo=IndustrialCarbonizationRetort;research=SteamPower|Coking;workshop=;productivity=-221.8;territory=1749]"
2253606,2253606,Fast,"Building","Waiting","",1,"productivity or territory is insufficient [CokeOven:candidate=True;constructible=True;affordable=False;available=False;owned=4;upgradeTo=IndustrialCarbonizationRetort;research=SteamPower|Coking;workshop=;productivity=0.04;territory=1749]"
2254206,2254206,Fast,"Building","Waiting","",1,"productivity or territory is insufficient [CokeOven:candidate=True;constructible=True;affordable=False;available=False;owned=4;upgradeTo=IndustrialCarbonizationRetort;research=SteamPower|Coking;workshop=;productivity=-35.36;territory=1749]"
2254806,2254806,Fast,"Building","Waiting","",1,"productivity or territory is insufficient [CokeOven:candidate=True;constructible=True;affordable=False;available=False;owned=4;upgradeTo=IndustrialCarbonizationRetort;research=SteamPower|Coking;workshop=;productivity=-66.04;territory=1749]"
2255406,2255406,Fast,"Building","Waiting","",1,"productivity or territory is insufficient [CokeOven:candidate=True;constructible=True;affordable=False;available=False;owned=4;upgradeTo=IndustrialCarbonizationRetort;research=SteamPower|Coking;workshop=;productivity=-92;territory=1749]"
2256006,2256006,Fast,"Building","Waiting","",1,"productivity or territory is insufficient [CokeOven:candidate=True;constructible=True;affordable=False;available=False;owned=4;upgradeTo=IndustrialCarbonizationRetort;research=SteamPower|Coking;workshop=;productivity=-113.24;territory=1749]"
2256606,2256606,Fast,"Building","Waiting","",1,"productivity or territory is insufficient [CokeOven:candidate=True;constructible=True;affordable=False;available=False;owned=4;upgradeTo=IndustrialCarbonizationRetort;research=SteamPower|Coking;workshop=;productivity=-132.12;territory=1749]"
2257206,2257206,Fast,"Building","Waiting","",1,"productivity or territory is insufficient [CokeOven:candidate=True;constructible=True;affordable=False;available=False;owned=4;upgradeTo=IndustrialCarbonizationRetort;research=SteamPower|Coking;workshop=;productivity=-146.28;territory=1749]"
2257806,2257806,Fast,"Building","Waiting","",1,"productivity or territory is insufficient [CokeOven:candidate=True;constructible=True;affordable=False;available=False;owned=4;upgradeTo=IndustrialCarbonizationRetort;research=SteamPower|Coking;workshop=;productivity=-158.08;territory=1749]"
2258406,2258406,Fast,"Building","Waiting","",1,"productivity or territory is insufficient [CokeOven:candidate=True;constructible=True;affordable=False;available=False;owned=4;upgradeTo=IndustrialCarbonizationRetort;research=SteamPower|Coking;workshop=;productivity=-169.88;territory=1749]"
2259006,2259006,Fast,"Building","Waiting","",1,"productivity or territory is insufficient [CokeOven:candidate=True;constructible=True;affordable=False;available=False;owned=4;upgradeTo=IndustrialCarbonizationRetort;research=SteamPower|Coking;workshop=;productivity=-176.96;territory=1749]"
2259606,2259606,Fast,"Building","Waiting","",1,"productivity or territory is insufficient [CokeOven:candidate=True;constructible=True;affordable=False;available=False;owned=4;upgradeTo=IndustrialCarbonizationRetort;research=SteamPower|Coking;workshop=;productivity=-186.4;territory=1749]"
2260206,2260206,Fast,"Building","Waiting","",1,"productivity or territory is insufficient [CokeOven:candidate=True;constructible=True;affordable=False;available=False;owned=4;upgradeTo=IndustrialCarbonizationRetort;research=SteamPower|Coking;workshop=;productivity=-191.12;territory=1749]"
2260806,2260806,Fast,"Building","Waiting","",1,"productivity or territory is insufficient [CokeOven:candidate=True;constructible=True;affordable=False;available=False;owned=4;upgradeTo=IndustrialCarbonizationRetort;research=SteamPower|Coking;workshop=;productivity=-195.84;territory=1749]"
2261406,2261406,Fast,"Building","Waiting","",1,"productivity or territory is insufficient [CokeOven:candidate=True;constructible=True;affordable=False;available=False;owned=4;upgradeTo=IndustrialCarbonizationRetort;research=SteamPower|Coking;workshop=;productivity=-200.56;territory=1749]"
2262006,2262006,Fast,"Building","Waiting","",1,"productivity or territory is insufficient [CokeOven:candidate=True;constructible=True;affordable=False;available=False;owned=4;upgradeTo=IndustrialCarbonizationRetort;research=SteamPower|Coking;workshop=;productivity=-202.92;territory=1749]"
2262606,2262606,Fast,"Building","Waiting","",1,"productivity or territory is insufficient [CokeOven:candidate=True;constructible=True;affordable=False;available=False;owned=4;upgradeTo=IndustrialCarbonizationRetort;research=SteamPower|Coking;workshop=;productivity=-207.64;territory=1749]"
2263206,2263806,Fast,"Building","Waiting","",2,"productivity or territory is insufficient [CokeOven:candidate=True;constructible=True;affordable=False;available=False;owned=4;upgradeTo=IndustrialCarbonizationRetort;research=SteamPower|Coking;workshop=;productivity=-210;territory=1749]"
2264406,2264406,Fast,"Building","Waiting","",1,"productivity or territory is insufficient [CokeOven:candidate=True;constructible=True;affordable=False;available=False;owned=4;upgradeTo=IndustrialCarbonizationRetort;research=SteamPower|Coking;workshop=;productivity=-212.36;territory=1749]"
2265006,2265606,Fast,"Building","Waiting","",2,"productivity or territory is insufficient [CokeOven:candidate=True;constructible=True;affordable=False;available=False;owned=4;upgradeTo=IndustrialCarbonizationRetort;research=SteamPower|Coking;workshop=;productivity=-214.72;territory=1749]"
2266206,2268006,Fast,"Building","Waiting","",4,"productivity or territory is insufficient [CokeOven:candidate=True;constructible=True;affordable=False;available=False;owned=4;upgradeTo=IndustrialCarbonizationRetort;research=SteamPower|Coking;workshop=;productivity=-217.08;territory=1749]"
2268606,2272806,Fast,"Building","Waiting","",8,"productivity or territory is insufficient [CokeOven:candidate=True;constructible=True;affordable=False;available=False;owned=4;upgradeTo=IndustrialCarbonizationRetort;research=SteamPower|Coking;workshop=;productivity=-219.44;territory=1749]"
2273406,2273406,Fast,"Building","Waiting","",1,"productivity or territory is insufficient [CokeOven:candidate=True;constructible=True;affordable=False;available=False;owned=4;upgradeTo=IndustrialCarbonizationRetort;research=SteamPower|Coking;workshop=;productivity=-221.8;territory=1749]"
2274006,2274006,Fast,"Building","Waiting","",1,"productivity or territory is insufficient [CokeOven:candidate=True;constructible=True;affordable=False;available=False;owned=4;upgradeTo=IndustrialCarbonizationRetort;research=SteamPower|Coking;workshop=;productivity=0.04;territory=1749]"
2274606,2274606,Fast,"Building","Waiting","",1,"productivity or territory is insufficient [CokeOven:candidate=True;constructible=True;affordable=False;available=False;owned=4;upgradeTo=IndustrialCarbonizationRetort;research=SteamPower|Coking;workshop=;productivity=-35.36;territory=1749]"
2275206,2275206,Fast,"Building","Waiting","",1,"productivity or territory is insufficient [CokeOven:candidate=True;constructible=True;affordable=False;available=False;owned=4;upgradeTo=IndustrialCarbonizationRetort;research=SteamPower|Coking;workshop=;productivity=-66.04;territory=1749]"
2275806,2275806,Fast,"Building","Waiting","",1,"productivity or territory is insufficient [CokeOven:candidate=True;constructible=True;affordable=False;available=False;owned=4;upgradeTo=IndustrialCarbonizationRetort;research=SteamPower|Coking;workshop=;productivity=-92;territory=1749]"
2276406,2276406,Fast,"Building","Waiting","",1,"productivity or territory is insufficient [CokeOven:candidate=True;constructible=True;affordable=False;available=False;owned=4;upgradeTo=IndustrialCarbonizationRetort;research=SteamPower|Coking;workshop=;productivity=-113.24;territory=1749]"
2277006,2277006,Fast,"Building","Waiting","",1,"productivity or territory is insufficient [CokeOven:candidate=True;constructible=True;affordable=False;available=False;owned=4;upgradeTo=IndustrialCarbonizationRetort;research=SteamPower|Coking;workshop=;productivity=-132.12;territory=1749]"
2277606,2277606,Fast,"Building","Waiting","",1,"productivity or territory is insufficient [CokeOven:candidate=True;constructible=True;affordable=False;available=False;owned=4;upgradeTo=IndustrialCarbonizationRetort;research=SteamPower|Coking;workshop=;productivity=-146.28;territory=1749]"
2278206,2278206,Fast,"Building","Waiting","",1,"productivity or territory is insufficient [CokeOven:candidate=True;constructible=True;affordable=False;available=False;owned=4;upgradeTo=IndustrialCarbonizationRetort;research=SteamPower|Coking;workshop=;productivity=-158.08;territory=1749]"
2278806,2278806,Fast,"Building","Waiting","",1,"productivity or territory is insufficient [CokeOven:candidate=True;constructible=True;affordable=False;available=False;owned=4;upgradeTo=IndustrialCarbonizationRetort;research=SteamPower|Coking;workshop=;productivity=-169.88;territory=1749]"
2279406,2279406,Fast,"Building","Waiting","",1,"productivity or territory is insufficient [CokeOven:candidate=True;constructible=True;affordable=False;available=False;owned=4;upgradeTo=IndustrialCarbonizationRetort;research=SteamPower|Coking;workshop=;productivity=-176.96;territory=1749]"
2280006,2280006,Fast,"Building","Waiting","",1,"productivity or territory is insufficient [CokeOven:candidate=True;constructible=True;affordable=False;available=False;owned=4;upgradeTo=IndustrialCarbonizationRetort;research=SteamPower|Coking;workshop=;productivity=-186.4;territory=1749]"
2280606,2280606,Fast,"Building","Waiting","",1,"productivity or territory is insufficient [CokeOven:candidate=True;constructible=True;affordable=False;available=False;owned=4;upgradeTo=IndustrialCarbonizationRetort;research=SteamPower|Coking;workshop=;productivity=-191.12;territory=1749]"
2281206,2281206,Fast,"Building","Waiting","",1,"productivity or territory is insufficient [CokeOven:candidate=True;constructible=True;affordable=False;available=False;owned=4;upgradeTo=IndustrialCarbonizationRetort;research=SteamPower|Coking;workshop=;productivity=-195.84;territory=1749]"
2281806,2281806,Fast,"Building","Waiting","",1,"productivity or territory is insufficient [CokeOven:candidate=True;constructible=True;affordable=False;available=False;owned=4;upgradeTo=IndustrialCarbonizationRetort;research=SteamPower|Coking;workshop=;productivity=-200.56;territory=1749]"
2282406,2282406,Fast,"Building","Waiting","",1,"productivity or territory is insufficient [CokeOven:candidate=True;constructible=True;affordable=False;available=False;owned=4;upgradeTo=IndustrialCarbonizationRetort;research=SteamPower|Coking;workshop=;productivity=-202.92;territory=1749]"
2283006,2283006,Fast,"Building","Waiting","",1,"productivity or territory is insufficient [CokeOven:candidate=True;constructible=True;affordable=False;available=False;owned=4;upgradeTo=IndustrialCarbonizationRetort;research=SteamPower|Coking;workshop=;productivity=-207.64;territory=1749]"
2283606,2284206,Fast,"Building","Waiting","",2,"productivity or territory is insufficient [CokeOven:candidate=True;constructible=True;affordable=False;available=False;owned=4;upgradeTo=IndustrialCarbonizationRetort;research=SteamPower|Coking;workshop=;productivity=-210;territory=1749]"
2284806,2284806,Fast,"Building","Waiting","",1,"productivity or territory is insufficient [CokeOven:candidate=True;constructible=True;affordable=False;available=False;owned=4;upgradeTo=IndustrialCarbonizationRetort;research=SteamPower|Coking;workshop=;productivity=-212.36;territory=1749]"
2285406,2286006,Fast,"Building","Waiting","",2,"productivity or territory is insufficient [CokeOven:candidate=True;constructible=True;affordable=False;available=False;owned=4;upgradeTo=IndustrialCarbonizationRetort;research=SteamPower|Coking;workshop=;productivity=-214.72;territory=1749]"
2286606,2288406,Fast,"Building","Waiting","",4,"productivity or territory is insufficient [CokeOven:candidate=True;constructible=True;affordable=False;available=False;owned=4;upgradeTo=IndustrialCarbonizationRetort;research=SteamPower|Coking;workshop=;productivity=-217.08;territory=1749]"
2289006,2293206,Fast,"Building","Waiting","",8,"productivity or territory is insufficient [CokeOven:candidate=True;constructible=True;affordable=False;available=False;owned=4;upgradeTo=IndustrialCarbonizationRetort;research=SteamPower|Coking;workshop=;productivity=-219.44;territory=1749]"
2293806,2293806,Fast,"Building","Waiting","",1,"productivity or territory is insufficient [CokeOven:candidate=True;constructible=True;affordable=False;available=False;owned=4;upgradeTo=IndustrialCarbonizationRetort;research=SteamPower|Coking;workshop=;productivity=-221.8;territory=1749]"
2294406,2294406,Fast,"Building","Waiting","",1,"productivity or territory is insufficient [CokeOven:candidate=True;constructible=True;affordable=False;available=False;owned=4;upgradeTo=IndustrialCarbonizationRetort;research=SteamPower|Coking;workshop=;productivity=0.04;territory=1749]"
2295006,2295006,Fast,"Building","Waiting","",1,"productivity or territory is insufficient [CokeOven:candidate=True;constructible=True;affordable=False;available=False;owned=4;upgradeTo=IndustrialCarbonizationRetort;research=SteamPower|Coking;workshop=;productivity=-35.36;territory=1749]"
2295606,2295606,Fast,"Building","Waiting","",1,"productivity or territory is insufficient [CokeOven:candidate=True;constructible=True;affordable=False;available=False;owned=4;upgradeTo=IndustrialCarbonizationRetort;research=SteamPower|Coking;workshop=;productivity=-66.04;territory=1749]"
2296206,2296206,Fast,"Building","Waiting","",1,"productivity or territory is insufficient [CokeOven:candidate=True;constructible=True;affordable=False;available=False;owned=4;upgradeTo=IndustrialCarbonizationRetort;research=SteamPower|Coking;workshop=;productivity=-92;territory=1749]"
2296806,2296806,Fast,"Building","Waiting","",1,"productivity or territory is insufficient [CokeOven:candidate=True;constructible=True;affordable=False;available=False;owned=4;upgradeTo=IndustrialCarbonizationRetort;research=SteamPower|Coking;workshop=;productivity=-113.24;territory=1749]"
2297406,2297406,Fast,"Building","Waiting","",1,"productivity or territory is insufficient [CokeOven:candidate=True;constructible=True;affordable=False;available=False;owned=4;upgradeTo=IndustrialCarbonizationRetort;research=SteamPower|Coking;workshop=;productivity=-132.12;territory=1749]"
2298006,2298006,Fast,"Building","Waiting","",1,"productivity or territory is insufficient [CokeOven:candidate=True;constructible=True;affordable=False;available=False;owned=4;upgradeTo=IndustrialCarbonizationRetort;research=SteamPower|Coking;workshop=;productivity=-146.28;territory=1749]"
2298606,2298606,Fast,"Building","Waiting","",1,"productivity or territory is insufficient [CokeOven:candidate=True;constructible=True;affordable=False;available=False;owned=4;upgradeTo=IndustrialCarbonizationRetort;research=SteamPower|Coking;workshop=;productivity=-158.08;territory=1749]"
2299206,2299206,Fast,"Building","Waiting","",1,"productivity or territory is insufficient [CokeOven:candidate=True;constructible=True;affordable=False;available=False;owned=4;upgradeTo=IndustrialCarbonizationRetort;research=SteamPower|Coking;workshop=;productivity=-169.88;territory=1749]"
2299806,2299806,Fast,"Building","Waiting","",1,"productivity or territory is insufficient [CokeOven:candidate=True;constructible=True;affordable=False;available=False;owned=4;upgradeTo=IndustrialCarbonizationRetort;research=SteamPower|Coking;workshop=;productivity=-176.96;territory=1749]"
2300406,2300406,Fast,"Building","Waiting","",1,"productivity or territory is insufficient [CokeOven:candidate=True;constructible=True;affordable=False;available=False;owned=4;upgradeTo=IndustrialCarbonizationRetort;research=SteamPower|Coking;workshop=;productivity=-186.4;territory=1749]"
2301006,2301006,Fast,"Building","Waiting","",1,"productivity or territory is insufficient [CokeOven:candidate=True;constructible=True;affordable=False;available=False;owned=4;upgradeTo=IndustrialCarbonizationRetort;research=SteamPower|Coking;workshop=;productivity=-191.12;territory=1749]"
2301606,2301606,Fast,"Building","Waiting","",1,"productivity or territory is insufficient [CokeOven:candidate=True;constructible=True;affordable=False;available=False;owned=4;upgradeTo=IndustrialCarbonizationRetort;research=SteamPower|Coking;workshop=;productivity=-195.84;territory=1749]"
2302206,2302206,Fast,"Building","Waiting","",1,"productivity or territory is insufficient [CokeOven:candidate=True;constructible=True;affordable=False;available=False;owned=4;upgradeTo=IndustrialCarbonizationRetort;research=SteamPower|Coking;workshop=;productivity=-200.56;territory=1749]"
2302806,2302806,Fast,"Building","Waiting","",1,"productivity or territory is insufficient [CokeOven:candidate=True;constructible=True;affordable=False;available=False;owned=4;upgradeTo=IndustrialCarbonizationRetort;research=SteamPower|Coking;workshop=;productivity=-202.92;territory=1749]"
2303406,2303406,Fast,"Building","Waiting","",1,"productivity or territory is insufficient [CokeOven:candidate=True;constructible=True;affordable=False;available=False;owned=4;upgradeTo=IndustrialCarbonizationRetort;research=SteamPower|Coking;workshop=;productivity=-207.64;territory=1749]"
2304006,2304606,Fast,"Building","Waiting","",2,"productivity or territory is insufficient [CokeOven:candidate=True;constructible=True;affordable=False;available=False;owned=4;upgradeTo=IndustrialCarbonizationRetort;research=SteamPower|Coking;workshop=;productivity=-210;territory=1749]"
2305206,2305206,Fast,"Building","Waiting","",1,"productivity or territory is insufficient [CokeOven:candidate=True;constructible=True;affordable=False;available=False;owned=4;upgradeTo=IndustrialCarbonizationRetort;research=SteamPower|Coking;workshop=;productivity=-212.36;territory=1749]"
2305806,2306406,Fast,"Building","Waiting","",2,"productivity or territory is insufficient [CokeOven:candidate=True;constructible=True;affordable=False;available=False;owned=4;upgradeTo=IndustrialCarbonizationRetort;research=SteamPower|Coking;workshop=;productivity=-214.72;territory=1749]"
2307006,2308806,Fast,"Building","Waiting","",4,"productivity or territory is insufficient [CokeOven:candidate=True;constructible=True;affordable=False;available=False;owned=4;upgradeTo=IndustrialCarbonizationRetort;research=SteamPower|Coking;workshop=;productivity=-217.08;territory=1749]"
2309406,2313606,Fast,"Building","Waiting","",8,"productivity or territory is insufficient [CokeOven:candidate=True;constructible=True;affordable=False;available=False;owned=4;upgradeTo=IndustrialCarbonizationRetort;research=SteamPower|Coking;workshop=;productivity=-219.44;territory=1749]"
2314206,2314206,Fast,"Building","Waiting","",1,"productivity or territory is insufficient [CokeOven:candidate=True;constructible=True;affordable=False;available=False;owned=4;upgradeTo=IndustrialCarbonizationRetort;research=SteamPower|Coking;workshop=;productivity=-221.8;territory=1749]"
2314806,2314806,Fast,"Building","Waiting","",1,"productivity or territory is insufficient [CokeOven:candidate=True;constructible=True;affordable=False;available=False;owned=4;upgradeTo=IndustrialCarbonizationRetort;research=SteamPower|Coking;workshop=;productivity=0.04;territory=1749]"
2315406,2315406,Fast,"Building","Waiting","",1,"productivity or territory is insufficient [CokeOven:candidate=True;constructible=True;affordable=False;available=False;owned=4;upgradeTo=IndustrialCarbonizationRetort;research=SteamPower|Coking;workshop=;productivity=-35.36;territory=1749]"
2316006,2316006,Fast,"Building","Waiting","",1,"productivity or territory is insufficient [CokeOven:candidate=True;constructible=True;affordable=False;available=False;owned=4;upgradeTo=IndustrialCarbonizationRetort;research=SteamPower|Coking;workshop=;productivity=-66.04;territory=1749]"
2316606,2316606,Fast,"Building","Waiting","",1,"productivity or territory is insufficient [CokeOven:candidate=True;constructible=True;affordable=False;available=False;owned=4;upgradeTo=IndustrialCarbonizationRetort;research=SteamPower|Coking;workshop=;productivity=-92;territory=1749]"
2317206,2317206,Fast,"Building","Waiting","",1,"productivity or territory is insufficient [CokeOven:candidate=True;constructible=True;affordable=False;available=False;owned=4;upgradeTo=IndustrialCarbonizationRetort;research=SteamPower|Coking;workshop=;productivity=-113.24;territory=1749]"
2317806,2317806,Fast,"Building","Waiting","",1,"productivity or territory is insufficient [CokeOven:candidate=True;constructible=True;affordable=False;available=False;owned=4;upgradeTo=IndustrialCarbonizationRetort;research=SteamPower|Coking;workshop=;productivity=-132.12;territory=1749]"
2318406,2318406,Fast,"Building","Waiting","",1,"productivity or territory is insufficient [CokeOven:candidate=True;constructible=True;affordable=False;available=False;owned=4;upgradeTo=IndustrialCarbonizationRetort;research=SteamPower|Coking;workshop=;productivity=-146.28;territory=1749]"
2319006,2319006,Fast,"Building","Waiting","",1,"productivity or territory is insufficient [CokeOven:candidate=True;constructible=True;affordable=False;available=False;owned=4;upgradeTo=IndustrialCarbonizationRetort;research=SteamPower|Coking;workshop=;productivity=-158.08;territory=1749]"
2319606,2319606,Fast,"Building","Waiting","",1,"productivity or territory is insufficient [CokeOven:candidate=True;constructible=True;affordable=False;available=False;owned=4;upgradeTo=IndustrialCarbonizationRetort;research=SteamPower|Coking;workshop=;productivity=-169.88;territory=1749]"
2320206,2320206,Fast,"Building","Waiting","",1,"productivity or territory is insufficient [CokeOven:candidate=True;constructible=True;affordable=False;available=False;owned=4;upgradeTo=IndustrialCarbonizationRetort;research=SteamPower|Coking;workshop=;productivity=-176.96;territory=1749]"
2320806,2320806,Fast,"Building","Waiting","",1,"productivity or territory is insufficient [CokeOven:candidate=True;constructible=True;affordable=False;available=False;owned=4;upgradeTo=IndustrialCarbonizationRetort;research=SteamPower|Coking;workshop=;productivity=-186.4;territory=1749]"
2321406,2321406,Fast,"Building","Waiting","",1,"productivity or territory is insufficient [CokeOven:candidate=True;constructible=True;affordable=False;available=False;owned=4;upgradeTo=IndustrialCarbonizationRetort;research=SteamPower|Coking;workshop=;productivity=-191.12;territory=1749]"
2322006,2322006,Fast,"Building","Waiting","",1,"productivity or territory is insufficient [CokeOven:candidate=True;constructible=True;affordable=False;available=False;owned=4;upgradeTo=IndustrialCarbonizationRetort;research=SteamPower|Coking;workshop=;productivity=-195.84;territory=1749]"
2322606,2322606,Fast,"Building","Waiting","",1,"productivity or territory is insufficient [CokeOven:candidate=True;constructible=True;affordable=False;available=False;owned=4;upgradeTo=IndustrialCarbonizationRetort;research=SteamPower|Coking;workshop=;productivity=-200.56;territory=1749]"
2323206,2323206,Fast,"Building","Waiting","",1,"productivity or territory is insufficient [CokeOven:candidate=True;constructible=True;affordable=False;available=False;owned=4;upgradeTo=IndustrialCarbonizationRetort;research=SteamPower|Coking;workshop=;productivity=-202.92;territory=1749]"
2323806,2323806,Fast,"Building","Waiting","",1,"productivity or territory is insufficient [CokeOven:candidate=True;constructible=True;affordable=False;available=False;owned=4;upgradeTo=IndustrialCarbonizationRetort;research=SteamPower|Coking;workshop=;productivity=-207.64;territory=1749]"
2324406,2325006,Fast,"Building","Waiting","",2,"productivity or territory is insufficient [CokeOven:candidate=True;constructible=True;affordable=False;available=False;owned=4;upgradeTo=IndustrialCarbonizationRetort;research=SteamPower|Coking;workshop=;productivity=-210;territory=1749]"
2325606,2325606,Fast,"Building","Waiting","",1,"productivity or territory is insufficient [CokeOven:candidate=True;constructible=True;affordable=False;available=False;owned=4;upgradeTo=IndustrialCarbonizationRetort;research=SteamPower|Coking;workshop=;productivity=-212.36;territory=1749]"
2326206,2326806,Fast,"Building","Waiting","",2,"productivity or territory is insufficient [CokeOven:candidate=True;constructible=True;affordable=False;available=False;owned=4;upgradeTo=IndustrialCarbonizationRetort;research=SteamPower|Coking;workshop=;productivity=-214.72;territory=1749]"
2327406,2329206,Fast,"Building","Waiting","",4,"productivity or territory is insufficient [CokeOven:candidate=True;constructible=True;affordable=False;available=False;owned=4;upgradeTo=IndustrialCarbonizationRetort;research=SteamPower|Coking;workshop=;productivity=-217.08;territory=1749]"
2329806,2334006,Fast,"Building","Waiting","",8,"productivity or territory is insufficient [CokeOven:candidate=True;constructible=True;affordable=False;available=False;owned=4;upgradeTo=IndustrialCarbonizationRetort;research=SteamPower|Coking;workshop=;productivity=-219.44;territory=1749]"
2334606,2334606,Fast,"Building","Waiting","",1,"productivity or territory is insufficient [CokeOven:candidate=True;constructible=True;affordable=False;available=False;owned=4;upgradeTo=IndustrialCarbonizationRetort;research=SteamPower|Coking;workshop=;productivity=-221.8;territory=1749]"
2335206,2335206,Fast,"Building","Waiting","",1,"productivity or territory is insufficient [CokeOven:candidate=True;constructible=True;affordable=False;available=False;owned=4;upgradeTo=IndustrialCarbonizationRetort;research=SteamPower|Coking;workshop=;productivity=0.04;territory=1749]"
2335806,2335806,Fast,"Building","Waiting","",1,"productivity or territory is insufficient [CokeOven:candidate=True;constructible=True;affordable=False;available=False;owned=4;upgradeTo=IndustrialCarbonizationRetort;research=SteamPower|Coking;workshop=;productivity=-35.36;territory=1749]"
2336406,2336406,Fast,"Building","Waiting","",1,"productivity or territory is insufficient [CokeOven:candidate=True;constructible=True;affordable=False;available=False;owned=4;upgradeTo=IndustrialCarbonizationRetort;research=SteamPower|Coking;workshop=;productivity=-66.04;territory=1749]"
2337006,2337006,Fast,"Building","Waiting","",1,"productivity or territory is insufficient [CokeOven:candidate=True;constructible=True;affordable=False;available=False;owned=4;upgradeTo=IndustrialCarbonizationRetort;research=SteamPower|Coking;workshop=;productivity=-92;territory=1749]"
2337606,2337606,Fast,"Building","Waiting","",1,"productivity or territory is insufficient [CokeOven:candidate=True;constructible=True;affordable=False;available=False;owned=4;upgradeTo=IndustrialCarbonizationRetort;research=SteamPower|Coking;workshop=;productivity=-113.24;territory=1749]"
2338206,2338206,Fast,"Building","Waiting","",1,"productivity or territory is insufficient [CokeOven:candidate=True;constructible=True;affordable=False;available=False;owned=4;upgradeTo=IndustrialCarbonizationRetort;research=SteamPower|Coking;workshop=;productivity=-132.12;territory=1749]"
2338806,2338806,Fast,"Building","Waiting","",1,"productivity or territory is insufficient [CokeOven:candidate=True;constructible=True;affordable=False;available=False;owned=4;upgradeTo=IndustrialCarbonizationRetort;research=SteamPower|Coking;workshop=;productivity=-146.28;territory=1749]"
2339406,2339406,Fast,"Building","Waiting","",1,"productivity or territory is insufficient [CokeOven:candidate=True;constructible=True;affordable=False;available=False;owned=4;upgradeTo=IndustrialCarbonizationRetort;research=SteamPower|Coking;workshop=;productivity=-158.08;territory=1749]"
2340006,2340006,Fast,"Building","Waiting","",1,"productivity or territory is insufficient [CokeOven:candidate=True;constructible=True;affordable=False;available=False;owned=4;upgradeTo=IndustrialCarbonizationRetort;research=SteamPower|Coking;workshop=;productivity=-169.88;territory=1749]"
2340606,2340606,Fast,"Building","Waiting","",1,"productivity or territory is insufficient [CokeOven:candidate=True;constructible=True;affordable=False;available=False;owned=4;upgradeTo=IndustrialCarbonizationRetort;research=SteamPower|Coking;workshop=;productivity=-176.96;territory=1749]"
2341206,2341206,Fast,"Building","Waiting","",1,"productivity or territory is insufficient [CokeOven:candidate=True;constructible=True;affordable=False;available=False;owned=4;upgradeTo=IndustrialCarbonizationRetort;research=SteamPower|Coking;workshop=;productivity=-186.4;territory=1749]"
2341806,2341806,Fast,"Building","Waiting","",1,"productivity or territory is insufficient [CokeOven:candidate=True;constructible=True;affordable=False;available=False;owned=4;upgradeTo=IndustrialCarbonizationRetort;research=SteamPower|Coking;workshop=;productivity=-191.12;territory=1749]"
2342406,2342406,Fast,"Building","Waiting","",1,"productivity or territory is insufficient [CokeOven:candidate=True;constructible=True;affordable=False;available=False;owned=4;upgradeTo=IndustrialCarbonizationRetort;research=SteamPower|Coking;workshop=;productivity=-195.84;territory=1749]"
2343006,2343006,Fast,"Building","Waiting","",1,"productivity or territory is insufficient [CokeOven:candidate=True;constructible=True;affordable=False;available=False;owned=4;upgradeTo=IndustrialCarbonizationRetort;research=SteamPower|Coking;workshop=;productivity=-200.56;territory=1749]"
2343606,2343606,Fast,"Building","Waiting","",1,"productivity or territory is insufficient [CokeOven:candidate=True;constructible=True;affordable=False;available=False;owned=4;upgradeTo=IndustrialCarbonizationRetort;research=SteamPower|Coking;workshop=;productivity=-202.92;territory=1749]"
2344206,2344206,Fast,"Building","Waiting","",1,"productivity or territory is insufficient [CokeOven:candidate=True;constructible=True;affordable=False;available=False;owned=4;upgradeTo=IndustrialCarbonizationRetort;research=SteamPower|Coking;workshop=;productivity=-207.64;territory=1749]"
2344806,2345406,Fast,"Building","Waiting","",2,"productivity or territory is insufficient [CokeOven:candidate=True;constructible=True;affordable=False;available=False;owned=4;upgradeTo=IndustrialCarbonizationRetort;research=SteamPower|Coking;workshop=;productivity=-210;territory=1749]"
2346006,2346006,Fast,"Building","Waiting","",1,"productivity or territory is insufficient [CokeOven:candidate=True;constructible=True;affordable=False;available=False;owned=4;upgradeTo=IndustrialCarbonizationRetort;research=SteamPower|Coking;workshop=;productivity=-212.36;territory=1749]"
2346606,2347206,Fast,"Building","Waiting","",2,"productivity or territory is insufficient [CokeOven:candidate=True;constructible=True;affordable=False;available=False;owned=4;upgradeTo=IndustrialCarbonizationRetort;research=SteamPower|Coking;workshop=;productivity=-214.72;territory=1749]"
2347806,2349606,Fast,"Building","Waiting","",4,"productivity or territory is insufficient [CokeOven:candidate=True;constructible=True;affordable=False;available=False;owned=4;upgradeTo=IndustrialCarbonizationRetort;research=SteamPower|Coking;workshop=;productivity=-217.08;territory=1749]"
2350206,2354406,Fast,"Building","Waiting","",8,"productivity or territory is insufficient [CokeOven:candidate=True;constructible=True;affordable=False;available=False;owned=4;upgradeTo=IndustrialCarbonizationRetort;research=SteamPower|Coking;workshop=;productivity=-219.44;territory=1749]"
2355006,2355006,Fast,"Building","Waiting","",1,"productivity or territory is insufficient [CokeOven:candidate=True;constructible=True;affordable=False;available=False;owned=4;upgradeTo=IndustrialCarbonizationRetort;research=SteamPower|Coking;workshop=;productivity=-221.8;territory=1749]"
2355606,2355606,Fast,"Building","Waiting","",1,"productivity or territory is insufficient [CokeOven:candidate=True;constructible=True;affordable=False;available=False;owned=4;upgradeTo=IndustrialCarbonizationRetort;research=SteamPower|Coking;workshop=;productivity=0.04;territory=1749]"
2356206,2356206,Fast,"Building","Waiting","",1,"productivity or territory is insufficient [CokeOven:candidate=True;constructible=True;affordable=False;available=False;owned=4;upgradeTo=IndustrialCarbonizationRetort;research=SteamPower|Coking;workshop=;productivity=-35.36;territory=1749]"
2356806,2356806,Fast,"Building","Waiting","",1,"productivity or territory is insufficient [CokeOven:candidate=True;constructible=True;affordable=False;available=False;owned=4;upgradeTo=IndustrialCarbonizationRetort;research=SteamPower|Coking;workshop=;productivity=-66.04;territory=1749]"
2357406,2357406,Fast,"Building","Waiting","",1,"productivity or territory is insufficient [CokeOven:candidate=True;constructible=True;affordable=False;available=False;owned=4;upgradeTo=IndustrialCarbonizationRetort;research=SteamPower|Coking;workshop=;productivity=-92;territory=1749]"
2358006,2358006,Fast,"Building","Waiting","",1,"productivity or territory is insufficient [CokeOven:candidate=True;constructible=True;affordable=False;available=False;owned=4;upgradeTo=IndustrialCarbonizationRetort;research=SteamPower|Coking;workshop=;productivity=-113.24;territory=1749]"
2358606,2358606,Fast,"Building","Waiting","",1,"productivity or territory is insufficient [CokeOven:candidate=True;constructible=True;affordable=False;available=False;owned=4;upgradeTo=IndustrialCarbonizationRetort;research=SteamPower|Coking;workshop=;productivity=-132.12;territory=1749]"
2359206,2359206,Fast,"Building","Waiting","",1,"productivity or territory is insufficient [CokeOven:candidate=True;constructible=True;affordable=False;available=False;owned=4;upgradeTo=IndustrialCarbonizationRetort;research=SteamPower|Coking;workshop=;productivity=-146.28;territory=1749]"
2359806,2359806,Fast,"Building","Waiting","",1,"productivity or territory is insufficient [CokeOven:candidate=True;constructible=True;affordable=False;available=False;owned=4;upgradeTo=IndustrialCarbonizationRetort;research=SteamPower|Coking;workshop=;productivity=-158.08;territory=1749]"
2360406,2360406,Fast,"Building","Waiting","",1,"productivity or territory is insufficient [CokeOven:candidate=True;constructible=True;affordable=False;available=False;owned=4;upgradeTo=IndustrialCarbonizationRetort;research=SteamPower|Coking;workshop=;productivity=-169.88;territory=1749]"
2361006,2361006,Fast,"Building","Waiting","",1,"productivity or territory is insufficient [CokeOven:candidate=True;constructible=True;affordable=False;available=False;owned=4;upgradeTo=IndustrialCarbonizationRetort;research=SteamPower|Coking;workshop=;productivity=-176.96;territory=1749]"
2361606,2361606,Fast,"Building","Waiting","",1,"productivity or territory is insufficient [CokeOven:candidate=True;constructible=True;affordable=False;available=False;owned=4;upgradeTo=IndustrialCarbonizationRetort;research=SteamPower|Coking;workshop=;productivity=-186.4;territory=1749]"
2362206,2362206,Fast,"Building","Waiting","",1,"productivity or territory is insufficient [CokeOven:candidate=True;constructible=True;affordable=False;available=False;owned=4;upgradeTo=IndustrialCarbonizationRetort;research=SteamPower|Coking;workshop=;productivity=-191.12;territory=1749]"
2362806,2362806,Fast,"Building","Waiting","",1,"productivity or territory is insufficient [CokeOven:candidate=True;constructible=True;affordable=False;available=False;owned=4;upgradeTo=IndustrialCarbonizationRetort;research=SteamPower|Coking;workshop=;productivity=-195.84;territory=1749]"
2363406,2363406,Fast,"Building","Waiting","",1,"productivity or territory is insufficient [CokeOven:candidate=True;constructible=True;affordable=False;available=False;owned=4;upgradeTo=IndustrialCarbonizationRetort;research=SteamPower|Coking;workshop=;productivity=-200.56;territory=1749]"
2364006,2364006,Fast,"Building","Waiting","",1,"productivity or territory is insufficient [CokeOven:candidate=True;constructible=True;affordable=False;available=False;owned=4;upgradeTo=IndustrialCarbonizationRetort;research=SteamPower|Coking;workshop=;productivity=-202.92;territory=1749]"
2364606,2364606,Fast,"Building","Waiting","",1,"productivity or territory is insufficient [CokeOven:candidate=True;constructible=True;affordable=False;available=False;owned=4;upgradeTo=IndustrialCarbonizationRetort;research=SteamPower|Coking;workshop=;productivity=-207.64;territory=1749]"
2365206,2365806,Fast,"Building","Waiting","",2,"productivity or territory is insufficient [CokeOven:candidate=True;constructible=True;affordable=False;available=False;owned=4;upgradeTo=IndustrialCarbonizationRetort;research=SteamPower|Coking;workshop=;productivity=-210;territory=1749]"
2366406,2366406,Fast,"Building","Waiting","",1,"productivity or territory is insufficient [CokeOven:candidate=True;constructible=True;affordable=False;available=False;owned=4;upgradeTo=IndustrialCarbonizationRetort;research=SteamPower|Coking;workshop=;productivity=-212.36;territory=1749]"
2367006,2367606,Fast,"Building","Waiting","",2,"productivity or territory is insufficient [CokeOven:candidate=True;constructible=True;affordable=False;available=False;owned=4;upgradeTo=IndustrialCarbonizationRetort;research=SteamPower|Coking;workshop=;productivity=-214.72;territory=1749]"
2368206,2370006,Fast,"Building","Waiting","",4,"productivity or territory is insufficient [CokeOven:candidate=True;constructible=True;affordable=False;available=False;owned=4;upgradeTo=IndustrialCarbonizationRetort;research=SteamPower|Coking;workshop=;productivity=-217.08;territory=1749]"
2370606,2374806,Fast,"Building","Waiting","",8,"productivity or territory is insufficient [CokeOven:candidate=True;constructible=True;affordable=False;available=False;owned=4;upgradeTo=IndustrialCarbonizationRetort;research=SteamPower|Coking;workshop=;productivity=-219.44;territory=1749]"
2375406,2375406,Fast,"Building","Waiting","",1,"productivity or territory is insufficient [CokeOven:candidate=True;constructible=True;affordable=False;available=False;owned=4;upgradeTo=IndustrialCarbonizationRetort;research=SteamPower|Coking;workshop=;productivity=-221.8;territory=1749]"
2376006,2376006,Fast,"Building","Waiting","",1,"productivity or territory is insufficient [CokeOven:candidate=True;constructible=True;affordable=False;available=False;owned=4;upgradeTo=IndustrialCarbonizationRetort;research=SteamPower|Coking;workshop=;productivity=0.04;territory=1749]"
2376606,2376606,Fast,"Building","Waiting","",1,"productivity or territory is insufficient [CokeOven:candidate=True;constructible=True;affordable=False;available=False;owned=4;upgradeTo=IndustrialCarbonizationRetort;research=SteamPower|Coking;workshop=;productivity=-35.36;territory=1749]"
2377206,2377206,Fast,"Building","Waiting","",1,"productivity or territory is insufficient [CokeOven:candidate=True;constructible=True;affordable=False;available=False;owned=4;upgradeTo=IndustrialCarbonizationRetort;research=SteamPower|Coking;workshop=;productivity=-66.04;territory=1749]"
2377806,2377806,Fast,"Building","Waiting","",1,"productivity or territory is insufficient [CokeOven:candidate=True;constructible=True;affordable=False;available=False;owned=4;upgradeTo=IndustrialCarbonizationRetort;research=SteamPower|Coking;workshop=;productivity=-92;territory=1749]"
2378406,2378406,Fast,"Building","Waiting","",1,"productivity or territory is insufficient [CokeOven:candidate=True;constructible=True;affordable=False;available=False;owned=4;upgradeTo=IndustrialCarbonizationRetort;research=SteamPower|Coking;workshop=;productivity=-113.24;territory=1749]"
2379006,2379006,Fast,"Building","Waiting","",1,"productivity or territory is insufficient [CokeOven:candidate=True;constructible=True;affordable=False;available=False;owned=4;upgradeTo=IndustrialCarbonizationRetort;research=SteamPower|Coking;workshop=;productivity=-132.12;territory=1749]"
2379606,2379606,Fast,"Building","Waiting","",1,"productivity or territory is insufficient [CokeOven:candidate=True;constructible=True;affordable=False;available=False;owned=4;upgradeTo=IndustrialCarbonizationRetort;research=SteamPower|Coking;workshop=;productivity=-146.28;territory=1749]"
2380206,2380206,Fast,"Building","Waiting","",1,"productivity or territory is insufficient [CokeOven:candidate=True;constructible=True;affordable=False;available=False;owned=4;upgradeTo=IndustrialCarbonizationRetort;research=SteamPower|Coking;workshop=;productivity=-158.08;territory=1749]"
2380806,2380806,Fast,"Building","Waiting","",1,"productivity or territory is insufficient [CokeOven:candidate=True;constructible=True;affordable=False;available=False;owned=4;upgradeTo=IndustrialCarbonizationRetort;research=SteamPower|Coking;workshop=;productivity=-169.88;territory=1749]"
2381406,2381406,Fast,"Building","Waiting","",1,"productivity or territory is insufficient [CokeOven:candidate=True;constructible=True;affordable=False;available=False;owned=4;upgradeTo=IndustrialCarbonizationRetort;research=SteamPower|Coking;workshop=;productivity=-176.96;territory=1749]"
2382006,2382006,Fast,"Building","Waiting","",1,"productivity or territory is insufficient [CokeOven:candidate=True;constructible=True;affordable=False;available=False;owned=4;upgradeTo=IndustrialCarbonizationRetort;research=SteamPower|Coking;workshop=;productivity=-186.4;territory=1749]"
2382606,2382606,Fast,"Building","Waiting","",1,"productivity or territory is insufficient [CokeOven:candidate=True;constructible=True;affordable=False;available=False;owned=4;upgradeTo=IndustrialCarbonizationRetort;research=SteamPower|Coking;workshop=;productivity=-191.12;territory=1749]"
2383206,2383206,Fast,"Building","Waiting","",1,"productivity or territory is insufficient [CokeOven:candidate=True;constructible=True;affordable=False;available=False;owned=4;upgradeTo=IndustrialCarbonizationRetort;research=SteamPower|Coking;workshop=;productivity=-195.84;territory=1749]"
2383806,2383806,Fast,"Building","Waiting","",1,"productivity or territory is insufficient [CokeOven:candidate=True;constructible=True;affordable=False;available=False;owned=4;upgradeTo=IndustrialCarbonizationRetort;research=SteamPower|Coking;workshop=;productivity=-200.56;territory=1749]"
2384406,2384406,Fast,"Building","Waiting","",1,"productivity or territory is insufficient [CokeOven:candidate=True;constructible=True;affordable=False;available=False;owned=4;upgradeTo=IndustrialCarbonizationRetort;research=SteamPower|Coking;workshop=;productivity=-202.92;territory=1749]"
2385006,2385006,Fast,"Building","Waiting","",1,"productivity or territory is insufficient [CokeOven:candidate=True;constructible=True;affordable=False;available=False;owned=4;upgradeTo=IndustrialCarbonizationRetort;research=SteamPower|Coking;workshop=;productivity=-207.64;territory=1749]"
2385606,2386206,Fast,"Building","Waiting","",2,"productivity or territory is insufficient [CokeOven:candidate=True;constructible=True;affordable=False;available=False;owned=4;upgradeTo=IndustrialCarbonizationRetort;research=SteamPower|Coking;workshop=;productivity=-210;territory=1749]"
2386806,2386806,Fast,"Building","Waiting","",1,"productivity or territory is insufficient [CokeOven:candidate=True;constructible=True;affordable=False;available=False;owned=4;upgradeTo=IndustrialCarbonizationRetort;research=SteamPower|Coking;workshop=;productivity=-212.36;territory=1749]"
2387406,2388006,Fast,"Building","Waiting","",2,"productivity or territory is insufficient [CokeOven:candidate=True;constructible=True;affordable=False;available=False;owned=4;upgradeTo=IndustrialCarbonizationRetort;research=SteamPower|Coking;workshop=;productivity=-214.72;territory=1749]"
2388606,2390406,Fast,"Building","Waiting","",4,"productivity or territory is insufficient [CokeOven:candidate=True;constructible=True;affordable=False;available=False;owned=4;upgradeTo=IndustrialCarbonizationRetort;research=SteamPower|Coking;workshop=;productivity=-217.08;territory=1749]"
2391006,2395206,Fast,"Building","Waiting","",8,"productivity or territory is insufficient [CokeOven:candidate=True;constructible=True;affordable=False;available=False;owned=4;upgradeTo=IndustrialCarbonizationRetort;research=SteamPower|Coking;workshop=;productivity=-219.44;territory=1749]"
2395806,2395806,Fast,"Building","Waiting","",1,"productivity or territory is insufficient [CokeOven:candidate=True;constructible=True;affordable=False;available=False;owned=4;upgradeTo=IndustrialCarbonizationRetort;research=SteamPower|Coking;workshop=;productivity=-221.8;territory=1749]"
2396406,2396406,Fast,"Building","Waiting","",1,"productivity or territory is insufficient [CokeOven:candidate=True;constructible=True;affordable=False;available=False;owned=4;upgradeTo=IndustrialCarbonizationRetort;research=SteamPower|Coking;workshop=;productivity=0.04;territory=1749]"
2397006,2397006,Fast,"Building","Waiting","",1,"productivity or territory is insufficient [CokeOven:candidate=True;constructible=True;affordable=False;available=False;owned=4;upgradeTo=IndustrialCarbonizationRetort;research=SteamPower|Coking;workshop=;productivity=-35.36;territory=1749]"
2397606,2397606,Fast,"Building","Waiting","",1,"productivity or territory is insufficient [CokeOven:candidate=True;constructible=True;affordable=False;available=False;owned=4;upgradeTo=IndustrialCarbonizationRetort;research=SteamPower|Coking;workshop=;productivity=-66.04;territory=1749]"
2398206,2398206,Fast,"Building","Waiting","",1,"productivity or territory is insufficient [CokeOven:candidate=True;constructible=True;affordable=False;available=False;owned=4;upgradeTo=IndustrialCarbonizationRetort;research=SteamPower|Coking;workshop=;productivity=-92;territory=1749]"
2398806,2398806,Fast,"Building","Waiting","",1,"productivity or territory is insufficient [CokeOven:candidate=True;constructible=True;affordable=False;available=False;owned=4;upgradeTo=IndustrialCarbonizationRetort;research=SteamPower|Coking;workshop=;productivity=-113.24;territory=1749]"
2399406,2399406,Fast,"Building","Waiting","",1,"productivity or territory is insufficient [CokeOven:candidate=True;constructible=True;affordable=False;available=False;owned=4;upgradeTo=IndustrialCarbonizationRetort;research=SteamPower|Coking;workshop=;productivity=-132.12;territory=1749]"
2400006,2400006,Fast,"Building","Waiting","",1,"productivity or territory is insufficient [CokeOven:candidate=True;constructible=True;affordable=False;available=False;owned=4;upgradeTo=IndustrialCarbonizationRetort;research=SteamPower|Coking;workshop=;productivity=-146.28;territory=1749]"
2400606,2400606,Fast,"Building","Waiting","",1,"productivity or territory is insufficient [CokeOven:candidate=True;constructible=True;affordable=False;available=False;owned=4;upgradeTo=IndustrialCarbonizationRetort;research=SteamPower|Coking;workshop=;productivity=-158.08;territory=1749]"
2401206,2401206,Fast,"Building","Waiting","",1,"productivity or territory is insufficient [CokeOven:candidate=True;constructible=True;affordable=False;available=False;owned=4;upgradeTo=IndustrialCarbonizationRetort;research=SteamPower|Coking;workshop=;productivity=-169.88;territory=1749]"
2401806,2401806,Fast,"Building","Waiting","",1,"productivity or territory is insufficient [CokeOven:candidate=True;constructible=True;affordable=False;available=False;owned=4;upgradeTo=IndustrialCarbonizationRetort;research=SteamPower|Coking;workshop=;productivity=-176.96;territory=1749]"
2402406,2402406,Fast,"Building","Waiting","",1,"productivity or territory is insufficient [CokeOven:candidate=True;constructible=True;affordable=False;available=False;owned=4;upgradeTo=IndustrialCarbonizationRetort;research=SteamPower|Coking;workshop=;productivity=-186.4;territory=1749]"
2403006,2403006,Fast,"Building","Waiting","",1,"productivity or territory is insufficient [CokeOven:candidate=True;constructible=True;affordable=False;available=False;owned=4;upgradeTo=IndustrialCarbonizationRetort;research=SteamPower|Coking;workshop=;productivity=-191.12;territory=1749]"
2403606,2403606,Fast,"Building","Waiting","",1,"productivity or territory is insufficient [CokeOven:candidate=True;constructible=True;affordable=False;available=False;owned=4;upgradeTo=IndustrialCarbonizationRetort;research=SteamPower|Coking;workshop=;productivity=-195.84;territory=1749]"
2404206,2404206,Fast,"Building","Waiting","",1,"productivity or territory is insufficient [CokeOven:candidate=True;constructible=True;affordable=False;available=False;owned=4;upgradeTo=IndustrialCarbonizationRetort;research=SteamPower|Coking;workshop=;productivity=-200.56;territory=1749]"
2404806,2404806,Fast,"Building","Waiting","",1,"productivity or territory is insufficient [CokeOven:candidate=True;constructible=True;affordable=False;available=False;owned=4;upgradeTo=IndustrialCarbonizationRetort;research=SteamPower|Coking;workshop=;productivity=-202.92;territory=1749]"
2405406,2405406,Fast,"Building","Waiting","",1,"productivity or territory is insufficient [CokeOven:candidate=True;constructible=True;affordable=False;available=False;owned=4;upgradeTo=IndustrialCarbonizationRetort;research=SteamPower|Coking;workshop=;productivity=-207.64;territory=1749]"
2406006,2406606,Fast,"Building","Waiting","",2,"productivity or territory is insufficient [CokeOven:candidate=True;constructible=True;affordable=False;available=False;owned=4;upgradeTo=IndustrialCarbonizationRetort;research=SteamPower|Coking;workshop=;productivity=-210;territory=1749]"
2407206,2407206,Fast,"Building","Waiting","",1,"productivity or territory is insufficient [CokeOven:candidate=True;constructible=True;affordable=False;available=False;owned=4;upgradeTo=IndustrialCarbonizationRetort;research=SteamPower|Coking;workshop=;productivity=-212.36;territory=1749]"
2407806,2408406,Fast,"Building","Waiting","",2,"productivity or territory is insufficient [CokeOven:candidate=True;constructible=True;affordable=False;available=False;owned=4;upgradeTo=IndustrialCarbonizationRetort;research=SteamPower|Coking;workshop=;productivity=-214.72;territory=1749]"
2409006,2410806,Fast,"Building","Waiting","",4,"productivity or territory is insufficient [CokeOven:candidate=True;constructible=True;affordable=False;available=False;owned=4;upgradeTo=IndustrialCarbonizationRetort;research=SteamPower|Coking;workshop=;productivity=-217.08;territory=1749]"
2411406,2415606,Fast,"Building","Waiting","",8,"productivity or territory is insufficient [CokeOven:candidate=True;constructible=True;affordable=False;available=False;owned=4;upgradeTo=IndustrialCarbonizationRetort;research=SteamPower|Coking;workshop=;productivity=-219.44;territory=1749]"
2416206,2416206,Fast,"Building","Waiting","",1,"productivity or territory is insufficient [CokeOven:candidate=True;constructible=True;affordable=False;available=False;owned=4;upgradeTo=IndustrialCarbonizationRetort;research=SteamPower|Coking;workshop=;productivity=-221.8;territory=1749]"
2416806,2416806,Fast,"Building","Waiting","",1,"productivity or territory is insufficient [CokeOven:candidate=True;constructible=True;affordable=False;available=False;owned=4;upgradeTo=IndustrialCarbonizationRetort;research=SteamPower|Coking;workshop=;productivity=0.04;territory=1749]"
2417406,2417406,Fast,"Building","Waiting","",1,"productivity or territory is insufficient [CokeOven:candidate=True;constructible=True;affordable=False;available=False;owned=4;upgradeTo=IndustrialCarbonizationRetort;research=SteamPower|Coking;workshop=;productivity=-35.36;territory=1749]"
2418006,2418006,Fast,"Building","Waiting","",1,"productivity or territory is insufficient [CokeOven:candidate=True;constructible=True;affordable=False;available=False;owned=4;upgradeTo=IndustrialCarbonizationRetort;research=SteamPower|Coking;workshop=;productivity=-66.04;territory=1749]"
2418606,2418606,Fast,"Building","Waiting","",1,"productivity or territory is insufficient [CokeOven:candidate=True;constructible=True;affordable=False;available=False;owned=4;upgradeTo=IndustrialCarbonizationRetort;research=SteamPower|Coking;workshop=;productivity=-92;territory=1749]"
2419206,2419206,Fast,"Building","Waiting","",1,"productivity or territory is insufficient [CokeOven:candidate=True;constructible=True;affordable=False;available=False;owned=4;upgradeTo=IndustrialCarbonizationRetort;research=SteamPower|Coking;workshop=;productivity=-113.24;territory=1749]"
2419806,2419806,Fast,"Building","Waiting","",1,"productivity or territory is insufficient [CokeOven:candidate=True;constructible=True;affordable=False;available=False;owned=4;upgradeTo=IndustrialCarbonizationRetort;research=SteamPower|Coking;workshop=;productivity=-132.12;territory=1749]"
2420406,2420406,Fast,"Building","Waiting","",1,"productivity or territory is insufficient [CokeOven:candidate=True;constructible=True;affordable=False;available=False;owned=4;upgradeTo=IndustrialCarbonizationRetort;research=SteamPower|Coking;workshop=;productivity=-146.28;territory=1749]"
2421006,2421006,Fast,"Building","Waiting","",1,"productivity or territory is insufficient [CokeOven:candidate=True;constructible=True;affordable=False;available=False;owned=4;upgradeTo=IndustrialCarbonizationRetort;research=SteamPower|Coking;workshop=;productivity=-158.08;territory=1749]"
2421606,2421606,Fast,"Building","Waiting","",1,"productivity or territory is insufficient [CokeOven:candidate=True;constructible=True;affordable=False;available=False;owned=4;upgradeTo=IndustrialCarbonizationRetort;research=SteamPower|Coking;workshop=;productivity=-169.88;territory=1749]"
2422206,2422206,Fast,"Building","Waiting","",1,"productivity or territory is insufficient [CokeOven:candidate=True;constructible=True;affordable=False;available=False;owned=4;upgradeTo=IndustrialCarbonizationRetort;research=SteamPower|Coking;workshop=;productivity=-176.96;territory=1749]"
2422806,2422806,Fast,"Building","Waiting","",1,"productivity or territory is insufficient [CokeOven:candidate=True;constructible=True;affordable=False;available=False;owned=4;upgradeTo=IndustrialCarbonizationRetort;research=SteamPower|Coking;workshop=;productivity=-186.4;territory=1749]"
2423406,2423406,Fast,"Building","Waiting","",1,"productivity or territory is insufficient [CokeOven:candidate=True;constructible=True;affordable=False;available=False;owned=4;upgradeTo=IndustrialCarbonizationRetort;research=SteamPower|Coking;workshop=;productivity=-191.12;territory=1749]"
2424006,2424006,Fast,"Building","Waiting","",1,"productivity or territory is insufficient [CokeOven:candidate=True;constructible=True;affordable=False;available=False;owned=4;upgradeTo=IndustrialCarbonizationRetort;research=SteamPower|Coking;workshop=;productivity=-195.84;territory=1749]"
2424606,2424606,Fast,"Building","Waiting","",1,"productivity or territory is insufficient [CokeOven:candidate=True;constructible=True;affordable=False;available=False;owned=4;upgradeTo=IndustrialCarbonizationRetort;research=SteamPower|Coking;workshop=;productivity=-200.56;territory=1749]"
2425206,2425206,Fast,"Building","Waiting","",1,"productivity or territory is insufficient [CokeOven:candidate=True;constructible=True;affordable=False;available=False;owned=4;upgradeTo=IndustrialCarbonizationRetort;research=SteamPower|Coking;workshop=;productivity=-202.92;territory=1749]"
2425806,2425806,Fast,"Building","Waiting","",1,"productivity or territory is insufficient [CokeOven:candidate=True;constructible=True;affordable=False;available=False;owned=4;upgradeTo=IndustrialCarbonizationRetort;research=SteamPower|Coking;workshop=;productivity=-207.64;territory=1749]"
2426406,2427006,Fast,"Building","Waiting","",2,"productivity or territory is insufficient [CokeOven:candidate=True;constructible=True;affordable=False;available=False;owned=4;upgradeTo=IndustrialCarbonizationRetort;research=SteamPower|Coking;workshop=;productivity=-210;territory=1749]"
2427606,2427606,Fast,"Building","Waiting","",1,"productivity or territory is insufficient [CokeOven:candidate=True;constructible=True;affordable=False;available=False;owned=4;upgradeTo=IndustrialCarbonizationRetort;research=SteamPower|Coking;workshop=;productivity=-212.36;territory=1749]"
2428206,2428806,Fast,"Building","Waiting","",2,"productivity or territory is insufficient [CokeOven:candidate=True;constructible=True;affordable=False;available=False;owned=4;upgradeTo=IndustrialCarbonizationRetort;research=SteamPower|Coking;workshop=;productivity=-214.72;territory=1749]"
2429406,2431206,Fast,"Building","Waiting","",4,"productivity or territory is insufficient [CokeOven:candidate=True;constructible=True;affordable=False;available=False;owned=4;upgradeTo=IndustrialCarbonizationRetort;research=SteamPower|Coking;workshop=;productivity=-217.08;territory=1749]"
2431806,2436006,Fast,"Building","Waiting","",8,"productivity or territory is insufficient [CokeOven:candidate=True;constructible=True;affordable=False;available=False;owned=4;upgradeTo=IndustrialCarbonizationRetort;research=SteamPower|Coking;workshop=;productivity=-219.44;territory=1749]"
2436606,2436606,Fast,"Building","Waiting","",1,"productivity or territory is insufficient [CokeOven:candidate=True;constructible=True;affordable=False;available=False;owned=4;upgradeTo=IndustrialCarbonizationRetort;research=SteamPower|Coking;workshop=;productivity=-221.8;territory=1749]"
2437206,2437206,Fast,"Building","Waiting","",1,"productivity or territory is insufficient [CokeOven:candidate=True;constructible=True;affordable=False;available=False;owned=4;upgradeTo=IndustrialCarbonizationRetort;research=SteamPower|Coking;workshop=;productivity=0.04;territory=1749]"
2437806,2437806,Fast,"Building","Waiting","",1,"productivity or territory is insufficient [CokeOven:candidate=True;constructible=True;affordable=False;available=False;owned=4;upgradeTo=IndustrialCarbonizationRetort;research=SteamPower|Coking;workshop=;productivity=-35.36;territory=1749]"
2438406,2438406,Fast,"Building","Waiting","",1,"productivity or territory is insufficient [CokeOven:candidate=True;constructible=True;affordable=False;available=False;owned=4;upgradeTo=IndustrialCarbonizationRetort;research=SteamPower|Coking;workshop=;productivity=-66.04;territory=1749]"
2439006,2439006,Fast,"Building","Waiting","",1,"productivity or territory is insufficient [CokeOven:candidate=True;constructible=True;affordable=False;available=False;owned=4;upgradeTo=IndustrialCarbonizationRetort;research=SteamPower|Coking;workshop=;productivity=-92;territory=1749]"
2439606,2439606,Fast,"Building","Waiting","",1,"productivity or territory is insufficient [CokeOven:candidate=True;constructible=True;affordable=False;available=False;owned=4;upgradeTo=IndustrialCarbonizationRetort;research=SteamPower|Coking;workshop=;productivity=-113.24;territory=1749]"
2440206,2440206,Fast,"Building","Waiting","",1,"productivity or territory is insufficient [CokeOven:candidate=True;constructible=True;affordable=False;available=False;owned=4;upgradeTo=IndustrialCarbonizationRetort;research=SteamPower|Coking;workshop=;productivity=-132.12;territory=1749]"
2440806,2440806,Fast,"Building","Waiting","",1,"productivity or territory is insufficient [CokeOven:candidate=True;constructible=True;affordable=False;available=False;owned=4;upgradeTo=IndustrialCarbonizationRetort;research=SteamPower|Coking;workshop=;productivity=-146.28;territory=1749]"
2441406,2441406,Fast,"Building","Waiting","",1,"productivity or territory is insufficient [CokeOven:candidate=True;constructible=True;affordable=False;available=False;owned=4;upgradeTo=IndustrialCarbonizationRetort;research=SteamPower|Coking;workshop=;productivity=-158.08;territory=1749]"
2442006,2442006,Fast,"Building","Waiting","",1,"productivity or territory is insufficient [CokeOven:candidate=True;constructible=True;affordable=False;available=False;owned=4;upgradeTo=IndustrialCarbonizationRetort;research=SteamPower|Coking;workshop=;productivity=-169.88;territory=1749]"
2442606,2442606,Fast,"Building","Waiting","",1,"productivity or territory is insufficient [CokeOven:candidate=True;constructible=True;affordable=False;available=False;owned=4;upgradeTo=IndustrialCarbonizationRetort;research=SteamPower|Coking;workshop=;productivity=-176.96;territory=1749]"
2443206,2443206,Fast,"Building","Waiting","",1,"productivity or territory is insufficient [CokeOven:candidate=True;constructible=True;affordable=False;available=False;owned=4;upgradeTo=IndustrialCarbonizationRetort;research=SteamPower|Coking;workshop=;productivity=-186.4;territory=1749]"
2443806,2443806,Fast,"Building","Waiting","",1,"productivity or territory is insufficient [CokeOven:candidate=True;constructible=True;affordable=False;available=False;owned=4;upgradeTo=IndustrialCarbonizationRetort;research=SteamPower|Coking;workshop=;productivity=-191.12;territory=1749]"
2444406,2444406,Fast,"Building","Waiting","",1,"productivity or territory is insufficient [CokeOven:candidate=True;constructible=True;affordable=False;available=False;owned=4;upgradeTo=IndustrialCarbonizationRetort;research=SteamPower|Coking;workshop=;productivity=-195.84;territory=1749]"
2445006,2445006,Fast,"Building","Waiting","",1,"productivity or territory is insufficient [CokeOven:candidate=True;constructible=True;affordable=False;available=False;owned=4;upgradeTo=IndustrialCarbonizationRetort;research=SteamPower|Coking;workshop=;productivity=-200.56;territory=1749]"
2445606,2445606,Fast,"Building","Waiting","",1,"productivity or territory is insufficient [CokeOven:candidate=True;constructible=True;affordable=False;available=False;owned=4;upgradeTo=IndustrialCarbonizationRetort;research=SteamPower|Coking;workshop=;productivity=-202.92;territory=1749]"
2446206,2446206,Fast,"Building","Waiting","",1,"productivity or territory is insufficient [CokeOven:candidate=True;constructible=True;affordable=False;available=False;owned=4;upgradeTo=IndustrialCarbonizationRetort;research=SteamPower|Coking;workshop=;productivity=-207.64;territory=1749]"
2446806,2447406,Fast,"Building","Waiting","",2,"productivity or territory is insufficient [CokeOven:candidate=True;constructible=True;affordable=False;available=False;owned=4;upgradeTo=IndustrialCarbonizationRetort;research=SteamPower|Coking;workshop=;productivity=-210;territory=1749]"
2448006,2448006,Fast,"Building","Waiting","",1,"productivity or territory is insufficient [CokeOven:candidate=True;constructible=True;affordable=False;available=False;owned=4;upgradeTo=IndustrialCarbonizationRetort;research=SteamPower|Coking;workshop=;productivity=-212.36;territory=1749]"
2448606,2449206,Fast,"Building","Waiting","",2,"productivity or territory is insufficient [CokeOven:candidate=True;constructible=True;affordable=False;available=False;owned=4;upgradeTo=IndustrialCarbonizationRetort;research=SteamPower|Coking;workshop=;productivity=-214.72;territory=1749]"
2449806,2451606,Fast,"Building","Waiting","",4,"productivity or territory is insufficient [CokeOven:candidate=True;constructible=True;affordable=False;available=False;owned=4;upgradeTo=IndustrialCarbonizationRetort;research=SteamPower|Coking;workshop=;productivity=-217.08;territory=1749]"
2452206,2456406,Fast,"Building","Waiting","",8,"productivity or territory is insufficient [CokeOven:candidate=True;constructible=True;affordable=False;available=False;owned=4;upgradeTo=IndustrialCarbonizationRetort;research=SteamPower|Coking;workshop=;productivity=-219.44;territory=1749]"
2457006,2457006,Fast,"Building","Waiting","",1,"productivity or territory is insufficient [CokeOven:candidate=True;constructible=True;affordable=False;available=False;owned=4;upgradeTo=IndustrialCarbonizationRetort;research=SteamPower|Coking;workshop=;productivity=-221.8;territory=1749]"
2457606,2457606,Fast,"Building","Waiting","",1,"productivity or territory is insufficient [CokeOven:candidate=True;constructible=True;affordable=False;available=False;owned=4;upgradeTo=IndustrialCarbonizationRetort;research=SteamPower|Coking;workshop=;productivity=0.04;territory=1749]"
2458206,2458206,Fast,"Building","Waiting","",1,"productivity or territory is insufficient [CokeOven:candidate=True;constructible=True;affordable=False;available=False;owned=4;upgradeTo=IndustrialCarbonizationRetort;research=SteamPower|Coking;workshop=;productivity=-35.36;territory=1749]"
2458806,2458806,Fast,"Building","Waiting","",1,"productivity or territory is insufficient [CokeOven:candidate=True;constructible=True;affordable=False;available=False;owned=4;upgradeTo=IndustrialCarbonizationRetort;research=SteamPower|Coking;workshop=;productivity=-66.04;territory=1749]"
2459406,2459406,Fast,"Building","Waiting","",1,"productivity or territory is insufficient [CokeOven:candidate=True;constructible=True;affordable=False;available=False;owned=4;upgradeTo=IndustrialCarbonizationRetort;research=SteamPower|Coking;workshop=;productivity=-92;territory=1749]"
2460006,2460006,Fast,"Building","Waiting","",1,"productivity or territory is insufficient [CokeOven:candidate=True;constructible=True;affordable=False;available=False;owned=4;upgradeTo=IndustrialCarbonizationRetort;research=SteamPower|Coking;workshop=;productivity=-113.24;territory=1749]"
2460606,2460606,Fast,"Building","Waiting","",1,"productivity or territory is insufficient [CokeOven:candidate=True;constructible=True;affordable=False;available=False;owned=4;upgradeTo=IndustrialCarbonizationRetort;research=SteamPower|Coking;workshop=;productivity=-132.12;territory=1749]"
2461206,2461206,Fast,"Building","Waiting","",1,"productivity or territory is insufficient [CokeOven:candidate=True;constructible=True;affordable=False;available=False;owned=4;upgradeTo=IndustrialCarbonizationRetort;research=SteamPower|Coking;workshop=;productivity=-146.28;territory=1749]"
2461806,2461806,Fast,"Building","Waiting","",1,"productivity or territory is insufficient [CokeOven:candidate=True;constructible=True;affordable=False;available=False;owned=4;upgradeTo=IndustrialCarbonizationRetort;research=SteamPower|Coking;workshop=;productivity=-158.08;territory=1749]"
2462406,2462406,Fast,"Building","Waiting","",1,"productivity or territory is insufficient [CokeOven:candidate=True;constructible=True;affordable=False;available=False;owned=4;upgradeTo=IndustrialCarbonizationRetort;research=SteamPower|Coking;workshop=;productivity=-169.88;territory=1749]"
2463006,2463006,Fast,"Building","Waiting","",1,"productivity or territory is insufficient [CokeOven:candidate=True;constructible=True;affordable=False;available=False;owned=4;upgradeTo=IndustrialCarbonizationRetort;research=SteamPower|Coking;workshop=;productivity=-176.96;territory=1749]"
2463606,2463606,Fast,"Building","Waiting","",1,"productivity or territory is insufficient [CokeOven:candidate=True;constructible=True;affordable=False;available=False;owned=4;upgradeTo=IndustrialCarbonizationRetort;research=SteamPower|Coking;workshop=;productivity=-186.4;territory=1749]"
2464206,2464206,Fast,"Building","Waiting","",1,"productivity or territory is insufficient [CokeOven:candidate=True;constructible=True;affordable=False;available=False;owned=4;upgradeTo=IndustrialCarbonizationRetort;research=SteamPower|Coking;workshop=;productivity=-191.12;territory=1749]"
2464806,2464806,Fast,"Building","Waiting","",1,"productivity or territory is insufficient [CokeOven:candidate=True;constructible=True;affordable=False;available=False;owned=4;upgradeTo=IndustrialCarbonizationRetort;research=SteamPower|Coking;workshop=;productivity=-195.84;territory=1749]"
2465406,2465406,Fast,"Building","Waiting","",1,"productivity or territory is insufficient [CokeOven:candidate=True;constructible=True;affordable=False;available=False;owned=4;upgradeTo=IndustrialCarbonizationRetort;research=SteamPower|Coking;workshop=;productivity=-200.56;territory=1749]"
2466006,2466006,Fast,"Building","Waiting","",1,"productivity or territory is insufficient [CokeOven:candidate=True;constructible=True;affordable=False;available=False;owned=4;upgradeTo=IndustrialCarbonizationRetort;research=SteamPower|Coking;workshop=;productivity=-202.92;territory=1749]"
2466606,2466606,Fast,"Building","Waiting","",1,"productivity or territory is insufficient [CokeOven:candidate=True;constructible=True;affordable=False;available=False;owned=4;upgradeTo=IndustrialCarbonizationRetort;research=SteamPower|Coking;workshop=;productivity=-207.64;territory=1749]"
2467206,2467806,Fast,"Building","Waiting","",2,"productivity or territory is insufficient [CokeOven:candidate=True;constructible=True;affordable=False;available=False;owned=4;upgradeTo=IndustrialCarbonizationRetort;research=SteamPower|Coking;workshop=;productivity=-210;territory=1749]"
2468406,2468406,Fast,"Building","Waiting","",1,"productivity or territory is insufficient [CokeOven:candidate=True;constructible=True;affordable=False;available=False;owned=4;upgradeTo=IndustrialCarbonizationRetort;research=SteamPower|Coking;workshop=;productivity=-212.36;territory=1749]"
2469006,2469606,Fast,"Building","Waiting","",2,"productivity or territory is insufficient [CokeOven:candidate=True;constructible=True;affordable=False;available=False;owned=4;upgradeTo=IndustrialCarbonizationRetort;research=SteamPower|Coking;workshop=;productivity=-214.72;territory=1749]"
2470206,2472006,Fast,"Building","Waiting","",4,"productivity or territory is insufficient [CokeOven:candidate=True;constructible=True;affordable=False;available=False;owned=4;upgradeTo=IndustrialCarbonizationRetort;research=SteamPower|Coking;workshop=;productivity=-217.08;territory=1749]"
2472606,2476806,Fast,"Building","Waiting","",8,"productivity or territory is insufficient [CokeOven:candidate=True;constructible=True;affordable=False;available=False;owned=4;upgradeTo=IndustrialCarbonizationRetort;research=SteamPower|Coking;workshop=;productivity=-219.44;territory=1749]"
2477406,2477406,Fast,"Building","Waiting","",1,"productivity or territory is insufficient [CokeOven:candidate=True;constructible=True;affordable=False;available=False;owned=4;upgradeTo=IndustrialCarbonizationRetort;research=SteamPower|Coking;workshop=;productivity=-221.8;territory=1749]"
2478006,2478006,Fast,"Building","Waiting","",1,"productivity or territory is insufficient [CokeOven:candidate=True;constructible=True;affordable=False;available=False;owned=4;upgradeTo=IndustrialCarbonizationRetort;research=SteamPower|Coking;workshop=;productivity=0.04;territory=1749]"
2478606,2478606,Fast,"Building","Waiting","",1,"productivity or territory is insufficient [CokeOven:candidate=True;constructible=True;affordable=False;available=False;owned=4;upgradeTo=IndustrialCarbonizationRetort;research=SteamPower|Coking;workshop=;productivity=-35.36;territory=1749]"
2479206,2479206,Fast,"Building","Waiting","",1,"productivity or territory is insufficient [CokeOven:candidate=True;constructible=True;affordable=False;available=False;owned=4;upgradeTo=IndustrialCarbonizationRetort;research=SteamPower|Coking;workshop=;productivity=-66.04;territory=1749]"
2479806,2479806,Fast,"Building","Waiting","",1,"productivity or territory is insufficient [CokeOven:candidate=True;constructible=True;affordable=False;available=False;owned=4;upgradeTo=IndustrialCarbonizationRetort;research=SteamPower|Coking;workshop=;productivity=-92;territory=1749]"
2480406,2480406,Fast,"Building","Waiting","",1,"productivity or territory is insufficient [CokeOven:candidate=True;constructible=True;affordable=False;available=False;owned=4;upgradeTo=IndustrialCarbonizationRetort;research=SteamPower|Coking;workshop=;productivity=-113.24;territory=1749]"
2481006,2481006,Fast,"Building","Waiting","",1,"productivity or territory is insufficient [CokeOven:candidate=True;constructible=True;affordable=False;available=False;owned=4;upgradeTo=IndustrialCarbonizationRetort;research=SteamPower|Coking;workshop=;productivity=-132.12;territory=1749]"
2481606,2481606,Fast,"Building","Waiting","",1,"productivity or territory is insufficient [CokeOven:candidate=True;constructible=True;affordable=False;available=False;owned=4;upgradeTo=IndustrialCarbonizationRetort;research=SteamPower|Coking;workshop=;productivity=-146.28;territory=1749]"
2482206,2482206,Fast,"Building","Waiting","",1,"productivity or territory is insufficient [CokeOven:candidate=True;constructible=True;affordable=False;available=False;owned=4;upgradeTo=IndustrialCarbonizationRetort;research=SteamPower|Coking;workshop=;productivity=-158.08;territory=1749]"
2482806,2482806,Fast,"Building","Waiting","",1,"productivity or territory is insufficient [CokeOven:candidate=True;constructible=True;affordable=False;available=False;owned=4;upgradeTo=IndustrialCarbonizationRetort;research=SteamPower|Coking;workshop=;productivity=-169.88;territory=1749]"
2483406,2483406,Fast,"Building","Waiting","",1,"productivity or territory is insufficient [CokeOven:candidate=True;constructible=True;affordable=False;available=False;owned=4;upgradeTo=IndustrialCarbonizationRetort;research=SteamPower|Coking;workshop=;productivity=-176.96;territory=1749]"
2484006,2484006,Fast,"Building","Waiting","",1,"productivity or territory is insufficient [CokeOven:candidate=True;constructible=True;affordable=False;available=False;owned=4;upgradeTo=IndustrialCarbonizationRetort;research=SteamPower|Coking;workshop=;productivity=-186.4;territory=1749]"
2484606,2484606,Fast,"Building","Waiting","",1,"productivity or territory is insufficient [CokeOven:candidate=True;constructible=True;affordable=False;available=False;owned=4;upgradeTo=IndustrialCarbonizationRetort;research=SteamPower|Coking;workshop=;productivity=-191.12;territory=1749]"
2485206,2485206,Fast,"Building","Waiting","",1,"productivity or territory is insufficient [CokeOven:candidate=True;constructible=True;affordable=False;available=False;owned=4;upgradeTo=IndustrialCarbonizationRetort;research=SteamPower|Coking;workshop=;productivity=-195.84;territory=1749]"
2485806,2485806,Fast,"Building","Waiting","",1,"productivity or territory is insufficient [CokeOven:candidate=True;constructible=True;affordable=False;available=False;owned=4;upgradeTo=IndustrialCarbonizationRetort;research=SteamPower|Coking;workshop=;productivity=-200.56;territory=1749]"
2486406,2486406,Fast,"Building","Waiting","",1,"productivity or territory is insufficient [CokeOven:candidate=True;constructible=True;affordable=False;available=False;owned=4;upgradeTo=IndustrialCarbonizationRetort;research=SteamPower|Coking;workshop=;productivity=-202.92;territory=1749]"
2487006,2487006,Fast,"Building","Waiting","",1,"productivity or territory is insufficient [CokeOven:candidate=True;constructible=True;affordable=False;available=False;owned=4;upgradeTo=IndustrialCarbonizationRetort;research=SteamPower|Coking;workshop=;productivity=-207.64;territory=1749]"
2487606,2488206,Fast,"Building","Waiting","",2,"productivity or territory is insufficient [CokeOven:candidate=True;constructible=True;affordable=False;available=False;owned=4;upgradeTo=IndustrialCarbonizationRetort;research=SteamPower|Coking;workshop=;productivity=-210;territory=1749]"
2488806,2488806,Fast,"Building","Waiting","",1,"productivity or territory is insufficient [CokeOven:candidate=True;constructible=True;affordable=False;available=False;owned=4;upgradeTo=IndustrialCarbonizationRetort;research=SteamPower|Coking;workshop=;productivity=-212.36;territory=1749]"
2489406,2490006,Fast,"Building","Waiting","",2,"productivity or territory is insufficient [CokeOven:candidate=True;constructible=True;affordable=False;available=False;owned=4;upgradeTo=IndustrialCarbonizationRetort;research=SteamPower|Coking;workshop=;productivity=-214.72;territory=1749]"
2490606,2492406,Fast,"Building","Waiting","",4,"productivity or territory is insufficient [CokeOven:candidate=True;constructible=True;affordable=False;available=False;owned=4;upgradeTo=IndustrialCarbonizationRetort;research=SteamPower|Coking;workshop=;productivity=-217.08;territory=1749]"
2493006,2497206,Fast,"Building","Waiting","",8,"productivity or territory is insufficient [CokeOven:candidate=True;constructible=True;affordable=False;available=False;owned=4;upgradeTo=IndustrialCarbonizationRetort;research=SteamPower|Coking;workshop=;productivity=-219.44;territory=1749]"
2497806,2497806,Fast,"Building","Waiting","",1,"productivity or territory is insufficient [CokeOven:candidate=True;constructible=True;affordable=False;available=False;owned=4;upgradeTo=IndustrialCarbonizationRetort;research=SteamPower|Coking;workshop=;productivity=-221.8;territory=1749]"
2498406,2498406,Fast,"Building","Waiting","",1,"productivity or territory is insufficient [CokeOven:candidate=True;constructible=True;affordable=False;available=False;owned=4;upgradeTo=IndustrialCarbonizationRetort;research=SteamPower|Coking;workshop=;productivity=0.04;territory=1749]"
2499006,2499006,Fast,"Building","Waiting","",1,"productivity or territory is insufficient [CokeOven:candidate=True;constructible=True;affordable=False;available=False;owned=4;upgradeTo=IndustrialCarbonizationRetort;research=SteamPower|Coking;workshop=;productivity=-35.36;territory=1749]"
2499606,2499606,Fast,"Building","Waiting","",1,"productivity or territory is insufficient [CokeOven:candidate=True;constructible=True;affordable=False;available=False;owned=4;upgradeTo=IndustrialCarbonizationRetort;research=SteamPower|Coking;workshop=;productivity=-66.04;territory=1749]"
2500206,2500206,Fast,"Building","Waiting","",1,"productivity or territory is insufficient [CokeOven:candidate=True;constructible=True;affordable=False;available=False;owned=4;upgradeTo=IndustrialCarbonizationRetort;research=SteamPower|Coking;workshop=;productivity=-92;territory=1749]"
2500806,2500806,Fast,"Building","Waiting","",1,"productivity or territory is insufficient [CokeOven:candidate=True;constructible=True;affordable=False;available=False;owned=4;upgradeTo=IndustrialCarbonizationRetort;research=SteamPower|Coking;workshop=;productivity=-113.24;territory=1749]"
2501406,2501406,Fast,"Building","Waiting","",1,"productivity or territory is insufficient [CokeOven:candidate=True;constructible=True;affordable=False;available=False;owned=4;upgradeTo=IndustrialCarbonizationRetort;research=SteamPower|Coking;workshop=;productivity=-132.12;territory=1749]"
2502006,2502006,Fast,"Building","Waiting","",1,"productivity or territory is insufficient [CokeOven:candidate=True;constructible=True;affordable=False;available=False;owned=4;upgradeTo=IndustrialCarbonizationRetort;research=SteamPower|Coking;workshop=;productivity=-146.28;territory=1749]"
2502606,2502606,Fast,"Building","Waiting","",1,"productivity or territory is insufficient [CokeOven:candidate=True;constructible=True;affordable=False;available=False;owned=4;upgradeTo=IndustrialCarbonizationRetort;research=SteamPower|Coking;workshop=;productivity=-158.08;territory=1749]"
2503206,2503206,Fast,"Building","Waiting","",1,"productivity or territory is insufficient [CokeOven:candidate=True;constructible=True;affordable=False;available=False;owned=4;upgradeTo=IndustrialCarbonizationRetort;research=SteamPower|Coking;workshop=;productivity=-169.88;territory=1749]"
2503806,2503806,Fast,"Building","Waiting","",1,"productivity or territory is insufficient [CokeOven:candidate=True;constructible=True;affordable=False;available=False;owned=4;upgradeTo=IndustrialCarbonizationRetort;research=SteamPower|Coking;workshop=;productivity=-176.96;territory=1749]"
2504406,2504406,Fast,"Building","Waiting","",1,"productivity or territory is insufficient [CokeOven:candidate=True;constructible=True;affordable=False;available=False;owned=4;upgradeTo=IndustrialCarbonizationRetort;research=SteamPower|Coking;workshop=;productivity=-186.4;territory=1749]"
2505006,2505006,Fast,"Building","Waiting","",1,"productivity or territory is insufficient [CokeOven:candidate=True;constructible=True;affordable=False;available=False;owned=4;upgradeTo=IndustrialCarbonizationRetort;research=SteamPower|Coking;workshop=;productivity=-191.12;territory=1749]"
2505606,2505606,Fast,"Building","Waiting","",1,"productivity or territory is insufficient [CokeOven:candidate=True;constructible=True;affordable=False;available=False;owned=4;upgradeTo=IndustrialCarbonizationRetort;research=SteamPower|Coking;workshop=;productivity=-195.84;territory=1749]"
2506206,2506206,Fast,"Building","Waiting","",1,"productivity or territory is insufficient [CokeOven:candidate=True;constructible=True;affordable=False;available=False;owned=4;upgradeTo=IndustrialCarbonizationRetort;research=SteamPower|Coking;workshop=;productivity=-200.56;territory=1749]"
2506806,2506806,Fast,"Building","Waiting","",1,"productivity or territory is insufficient [CokeOven:candidate=True;constructible=True;affordable=False;available=False;owned=4;upgradeTo=IndustrialCarbonizationRetort;research=SteamPower|Coking;workshop=;productivity=-202.92;territory=1749]"
2507406,2507406,Fast,"Building","Waiting","",1,"productivity or territory is insufficient [CokeOven:candidate=True;constructible=True;affordable=False;available=False;owned=4;upgradeTo=IndustrialCarbonizationRetort;research=SteamPower|Coking;workshop=;productivity=-207.64;territory=1749]"
2508006,2508606,Fast,"Building","Waiting","",2,"productivity or territory is insufficient [CokeOven:candidate=True;constructible=True;affordable=False;available=False;owned=4;upgradeTo=IndustrialCarbonizationRetort;research=SteamPower|Coking;workshop=;productivity=-210;territory=1749]"
2509206,2509206,Fast,"Building","Waiting","",1,"productivity or territory is insufficient [CokeOven:candidate=True;constructible=True;affordable=False;available=False;owned=4;upgradeTo=IndustrialCarbonizationRetort;research=SteamPower|Coking;workshop=;productivity=-212.36;territory=1749]"
2509806,2510406,Fast,"Building","Waiting","",2,"productivity or territory is insufficient [CokeOven:candidate=True;constructible=True;affordable=False;available=False;owned=4;upgradeTo=IndustrialCarbonizationRetort;research=SteamPower|Coking;workshop=;productivity=-214.72;territory=1749]"
2511006,2512806,Fast,"Building","Waiting","",4,"productivity or territory is insufficient [CokeOven:candidate=True;constructible=True;affordable=False;available=False;owned=4;upgradeTo=IndustrialCarbonizationRetort;research=SteamPower|Coking;workshop=;productivity=-217.08;territory=1749]"
2513406,2517606,Fast,"Building","Waiting","",8,"productivity or territory is insufficient [CokeOven:candidate=True;constructible=True;affordable=False;available=False;owned=4;upgradeTo=IndustrialCarbonizationRetort;research=SteamPower|Coking;workshop=;productivity=-219.44;territory=1749]"
2518206,2518206,Fast,"Building","Waiting","",1,"productivity or territory is insufficient [CokeOven:candidate=True;constructible=True;affordable=False;available=False;owned=4;upgradeTo=IndustrialCarbonizationRetort;research=SteamPower|Coking;workshop=;productivity=-221.8;territory=1749]"
2518806,2518806,Fast,"Building","Waiting","",1,"productivity or territory is insufficient [CokeOven:candidate=True;constructible=True;affordable=False;available=False;owned=4;upgradeTo=IndustrialCarbonizationRetort;research=SteamPower|Coking;workshop=;productivity=0.04;territory=1749]"
2519406,2519406,Fast,"Building","Waiting","",1,"productivity or territory is insufficient [CokeOven:candidate=True;constructible=True;affordable=False;available=False;owned=4;upgradeTo=IndustrialCarbonizationRetort;research=SteamPower|Coking;workshop=;productivity=-35.36;territory=1749]"
2520006,2520006,Fast,"Building","Waiting","",1,"productivity or territory is insufficient [CokeOven:candidate=True;constructible=True;affordable=False;available=False;owned=4;upgradeTo=IndustrialCarbonizationRetort;research=SteamPower|Coking;workshop=;productivity=-66.04;territory=1749]"
2520606,2520606,Fast,"Building","Waiting","",1,"productivity or territory is insufficient [CokeOven:candidate=True;constructible=True;affordable=False;available=False;owned=4;upgradeTo=IndustrialCarbonizationRetort;research=SteamPower|Coking;workshop=;productivity=-92;territory=1749]"
2521206,2521206,Fast,"Building","Waiting","",1,"productivity or territory is insufficient [CokeOven:candidate=True;constructible=True;affordable=False;available=False;owned=4;upgradeTo=IndustrialCarbonizationRetort;research=SteamPower|Coking;workshop=;productivity=-113.24;territory=1749]"
2521806,2521806,Fast,"Building","Waiting","",1,"productivity or territory is insufficient [CokeOven:candidate=True;constructible=True;affordable=False;available=False;owned=4;upgradeTo=IndustrialCarbonizationRetort;research=SteamPower|Coking;workshop=;productivity=-132.12;territory=1749]"
2522406,2522406,Fast,"Building","Waiting","",1,"productivity or territory is insufficient [CokeOven:candidate=True;constructible=True;affordable=False;available=False;owned=4;upgradeTo=IndustrialCarbonizationRetort;research=SteamPower|Coking;workshop=;productivity=-146.28;territory=1749]"
2523006,2523006,Fast,"Building","Waiting","",1,"productivity or territory is insufficient [CokeOven:candidate=True;constructible=True;affordable=False;available=False;owned=4;upgradeTo=IndustrialCarbonizationRetort;research=SteamPower|Coking;workshop=;productivity=-158.08;territory=1749]"
2523606,2523606,Fast,"Building","Waiting","",1,"productivity or territory is insufficient [CokeOven:candidate=True;constructible=True;affordable=False;available=False;owned=4;upgradeTo=IndustrialCarbonizationRetort;research=SteamPower|Coking;workshop=;productivity=-169.88;territory=1749]"
2524206,2524206,Fast,"Building","Waiting","",1,"productivity or territory is insufficient [CokeOven:candidate=True;constructible=True;affordable=False;available=False;owned=4;upgradeTo=IndustrialCarbonizationRetort;research=SteamPower|Coking;workshop=;productivity=-176.96;territory=1749]"
2524806,2524806,Fast,"Building","Waiting","",1,"productivity or territory is insufficient [CokeOven:candidate=True;constructible=True;affordable=False;available=False;owned=4;upgradeTo=IndustrialCarbonizationRetort;research=SteamPower|Coking;workshop=;productivity=-186.4;territory=1749]"
2525406,2525406,Fast,"Building","Waiting","",1,"productivity or territory is insufficient [CokeOven:candidate=True;constructible=True;affordable=False;available=False;owned=4;upgradeTo=IndustrialCarbonizationRetort;research=SteamPower|Coking;workshop=;productivity=-191.12;territory=1749]"
2526006,2526006,Fast,"Building","Waiting","",1,"productivity or territory is insufficient [CokeOven:candidate=True;constructible=True;affordable=False;available=False;owned=4;upgradeTo=IndustrialCarbonizationRetort;research=SteamPower|Coking;workshop=;productivity=-195.84;territory=1749]"
2526606,2526606,Fast,"Building","Waiting","",1,"productivity or territory is insufficient [CokeOven:candidate=True;constructible=True;affordable=False;available=False;owned=4;upgradeTo=IndustrialCarbonizationRetort;research=SteamPower|Coking;workshop=;productivity=-200.56;territory=1749]"
2527206,2527206,Fast,"Building","Waiting","",1,"productivity or territory is insufficient [CokeOven:candidate=True;constructible=True;affordable=False;available=False;owned=4;upgradeTo=IndustrialCarbonizationRetort;research=SteamPower|Coking;workshop=;productivity=-202.92;territory=1749]"
2527806,2527806,Fast,"Building","Waiting","",1,"productivity or territory is insufficient [CokeOven:candidate=True;constructible=True;affordable=False;available=False;owned=4;upgradeTo=IndustrialCarbonizationRetort;research=SteamPower|Coking;workshop=;productivity=-207.64;territory=1749]"
2528406,2529006,Fast,"Building","Waiting","",2,"productivity or territory is insufficient [CokeOven:candidate=True;constructible=True;affordable=False;available=False;owned=4;upgradeTo=IndustrialCarbonizationRetort;research=SteamPower|Coking;workshop=;productivity=-210;territory=1749]"
2529606,2529606,Fast,"Building","Waiting","",1,"productivity or territory is insufficient [CokeOven:candidate=True;constructible=True;affordable=False;available=False;owned=4;upgradeTo=IndustrialCarbonizationRetort;research=SteamPower|Coking;workshop=;productivity=-212.36;territory=1749]"
2530206,2530806,Fast,"Building","Waiting","",2,"productivity or territory is insufficient [CokeOven:candidate=True;constructible=True;affordable=False;available=False;owned=4;upgradeTo=IndustrialCarbonizationRetort;research=SteamPower|Coking;workshop=;productivity=-214.72;territory=1749]"
2531406,2533206,Fast,"Building","Waiting","",4,"productivity or territory is insufficient [CokeOven:candidate=True;constructible=True;affordable=False;available=False;owned=4;upgradeTo=IndustrialCarbonizationRetort;research=SteamPower|Coking;workshop=;productivity=-217.08;territory=1749]"
2533806,2538006,Fast,"Building","Waiting","",8,"productivity or territory is insufficient [CokeOven:candidate=True;constructible=True;affordable=False;available=False;owned=4;upgradeTo=IndustrialCarbonizationRetort;research=SteamPower|Coking;workshop=;productivity=-219.44;territory=1749]"
2538606,2538606,Fast,"Building","Waiting","",1,"productivity or territory is insufficient [CokeOven:candidate=True;constructible=True;affordable=False;available=False;owned=4;upgradeTo=IndustrialCarbonizationRetort;research=SteamPower|Coking;workshop=;productivity=-221.8;territory=1749]"
2539206,2539206,Fast,"Building","Waiting","",1,"productivity or territory is insufficient [CokeOven:candidate=True;constructible=True;affordable=False;available=False;owned=4;upgradeTo=IndustrialCarbonizationRetort;research=SteamPower|Coking;workshop=;productivity=0.04;territory=1749]"
2539806,2539806,Fast,"Building","Waiting","",1,"productivity or territory is insufficient [CokeOven:candidate=True;constructible=True;affordable=False;available=False;owned=4;upgradeTo=IndustrialCarbonizationRetort;research=SteamPower|Coking;workshop=;productivity=-35.36;territory=1749]"
2540406,2540406,Fast,"Building","Waiting","",1,"productivity or territory is insufficient [CokeOven:candidate=True;constructible=True;affordable=False;available=False;owned=4;upgradeTo=IndustrialCarbonizationRetort;research=SteamPower|Coking;workshop=;productivity=-66.04;territory=1749]"
2541006,2541006,Fast,"Building","Waiting","",1,"productivity or territory is insufficient [CokeOven:candidate=True;constructible=True;affordable=False;available=False;owned=4;upgradeTo=IndustrialCarbonizationRetort;research=SteamPower|Coking;workshop=;productivity=-92;territory=1749]"
2541606,2541606,Fast,"Building","Waiting","",1,"productivity or territory is insufficient [CokeOven:candidate=True;constructible=True;affordable=False;available=False;owned=4;upgradeTo=IndustrialCarbonizationRetort;research=SteamPower|Coking;workshop=;productivity=-113.24;territory=1749]"
2542206,2542206,Fast,"Building","Waiting","",1,"productivity or territory is insufficient [CokeOven:candidate=True;constructible=True;affordable=False;available=False;owned=4;upgradeTo=IndustrialCarbonizationRetort;research=SteamPower|Coking;workshop=;productivity=-132.12;territory=1749]"
2542806,2542806,Fast,"Building","Waiting","",1,"productivity or territory is insufficient [CokeOven:candidate=True;constructible=True;affordable=False;available=False;owned=4;upgradeTo=IndustrialCarbonizationRetort;research=SteamPower|Coking;workshop=;productivity=-146.28;territory=1749]"
2543406,2543406,Fast,"Building","Waiting","",1,"productivity or territory is insufficient [CokeOven:candidate=True;constructible=True;affordable=False;available=False;owned=4;upgradeTo=IndustrialCarbonizationRetort;research=SteamPower|Coking;workshop=;productivity=-158.08;territory=1749]"
2544006,2544006,Fast,"Building","Waiting","",1,"productivity or territory is insufficient [CokeOven:candidate=True;constructible=True;affordable=False;available=False;owned=4;upgradeTo=IndustrialCarbonizationRetort;research=SteamPower|Coking;workshop=;productivity=-169.88;territory=1749]"
2544606,2544606,Fast,"Building","Waiting","",1,"productivity or territory is insufficient [CokeOven:candidate=True;constructible=True;affordable=False;available=False;owned=4;upgradeTo=IndustrialCarbonizationRetort;research=SteamPower|Coking;workshop=;productivity=-176.96;territory=1749]"
2545206,2545206,Fast,"Building","Waiting","",1,"productivity or territory is insufficient [CokeOven:candidate=True;constructible=True;affordable=False;available=False;owned=4;upgradeTo=IndustrialCarbonizationRetort;research=SteamPower|Coking;workshop=;productivity=-186.4;territory=1749]"
2545806,2545806,Fast,"Building","Waiting","",1,"productivity or territory is insufficient [CokeOven:candidate=True;constructible=True;affordable=False;available=False;owned=4;upgradeTo=IndustrialCarbonizationRetort;research=SteamPower|Coking;workshop=;productivity=-191.12;territory=1749]"
2546406,2546406,Fast,"Building","Waiting","",1,"productivity or territory is insufficient [CokeOven:candidate=True;constructible=True;affordable=False;available=False;owned=4;upgradeTo=IndustrialCarbonizationRetort;research=SteamPower|Coking;workshop=;productivity=-195.84;territory=1749]"
2547006,2547006,Fast,"Building","Waiting","",1,"productivity or territory is insufficient [CokeOven:candidate=True;constructible=True;affordable=False;available=False;owned=4;upgradeTo=IndustrialCarbonizationRetort;research=SteamPower|Coking;workshop=;productivity=-200.56;territory=1749]"
2547606,2547606,Fast,"Building","Waiting","",1,"productivity or territory is insufficient [CokeOven:candidate=True;constructible=True;affordable=False;available=False;owned=4;upgradeTo=IndustrialCarbonizationRetort;research=SteamPower|Coking;workshop=;productivity=-202.92;territory=1749]"
2548206,2548206,Fast,"Building","Waiting","",1,"productivity or territory is insufficient [CokeOven:candidate=True;constructible=True;affordable=False;available=False;owned=4;upgradeTo=IndustrialCarbonizationRetort;research=SteamPower|Coking;workshop=;productivity=-207.64;territory=1749]"
2548806,2549406,Fast,"Building","Waiting","",2,"productivity or territory is insufficient [CokeOven:candidate=True;constructible=True;affordable=False;available=False;owned=4;upgradeTo=IndustrialCarbonizationRetort;research=SteamPower|Coking;workshop=;productivity=-210;territory=1749]"
2550006,2550006,Fast,"Building","Waiting","",1,"productivity or territory is insufficient [CokeOven:candidate=True;constructible=True;affordable=False;available=False;owned=4;upgradeTo=IndustrialCarbonizationRetort;research=SteamPower|Coking;workshop=;productivity=-212.36;territory=1749]"
2550606,2551206,Fast,"Building","Waiting","",2,"productivity or territory is insufficient [CokeOven:candidate=True;constructible=True;affordable=False;available=False;owned=4;upgradeTo=IndustrialCarbonizationRetort;research=SteamPower|Coking;workshop=;productivity=-214.72;territory=1749]"
2551806,2553606,Fast,"Building","Waiting","",4,"productivity or territory is insufficient [CokeOven:candidate=True;constructible=True;affordable=False;available=False;owned=4;upgradeTo=IndustrialCarbonizationRetort;research=SteamPower|Coking;workshop=;productivity=-217.08;territory=1749]"
2554206,2558406,Fast,"Building","Waiting","",8,"productivity or territory is insufficient [CokeOven:candidate=True;constructible=True;affordable=False;available=False;owned=4;upgradeTo=IndustrialCarbonizationRetort;research=SteamPower|Coking;workshop=;productivity=-219.44;territory=1749]"
2559006,2559006,Fast,"Building","Waiting","",1,"productivity or territory is insufficient [CokeOven:candidate=True;constructible=True;affordable=False;available=False;owned=4;upgradeTo=IndustrialCarbonizationRetort;research=SteamPower|Coking;workshop=;productivity=-221.8;territory=1749]"
2559606,2559606,Fast,"Building","Waiting","",1,"productivity or territory is insufficient [CokeOven:candidate=True;constructible=True;affordable=False;available=False;owned=4;upgradeTo=IndustrialCarbonizationRetort;research=SteamPower|Coking;workshop=;productivity=0.04;territory=1749]"
2560206,2560206,Fast,"Building","Waiting","",1,"productivity or territory is insufficient [CokeOven:candidate=True;constructible=True;affordable=False;available=False;owned=4;upgradeTo=IndustrialCarbonizationRetort;research=SteamPower|Coking;workshop=;productivity=-35.36;territory=1749]"
2560806,2560806,Fast,"Building","Waiting","",1,"productivity or territory is insufficient [CokeOven:candidate=True;constructible=True;affordable=False;available=False;owned=4;upgradeTo=IndustrialCarbonizationRetort;research=SteamPower|Coking;workshop=;productivity=-66.04;territory=1749]"
2561406,2561406,Fast,"Building","Waiting","",1,"productivity or territory is insufficient [CokeOven:candidate=True;constructible=True;affordable=False;available=False;owned=4;upgradeTo=IndustrialCarbonizationRetort;research=SteamPower|Coking;workshop=;productivity=-92;territory=1749]"
2562006,2562006,Fast,"Building","Waiting","",1,"productivity or territory is insufficient [CokeOven:candidate=True;constructible=True;affordable=False;available=False;owned=4;upgradeTo=IndustrialCarbonizationRetort;research=SteamPower|Coking;workshop=;productivity=-113.24;territory=1749]"
2562606,2562606,Fast,"Building","Waiting","",1,"productivity or territory is insufficient [CokeOven:candidate=True;constructible=True;affordable=False;available=False;owned=4;upgradeTo=IndustrialCarbonizationRetort;research=SteamPower|Coking;workshop=;productivity=-132.12;territory=1749]"
2563206,2563206,Fast,"Building","Waiting","",1,"productivity or territory is insufficient [CokeOven:candidate=True;constructible=True;affordable=False;available=False;owned=4;upgradeTo=IndustrialCarbonizationRetort;research=SteamPower|Coking;workshop=;productivity=-146.28;territory=1749]"
2563806,2563806,Fast,"Building","Waiting","",1,"productivity or territory is insufficient [CokeOven:candidate=True;constructible=True;affordable=False;available=False;owned=4;upgradeTo=IndustrialCarbonizationRetort;research=SteamPower|Coking;workshop=;productivity=-158.08;territory=1749]"
2564406,2564406,Fast,"Building","Waiting","",1,"productivity or territory is insufficient [CokeOven:candidate=True;constructible=True;affordable=False;available=False;owned=4;upgradeTo=IndustrialCarbonizationRetort;research=SteamPower|Coking;workshop=;productivity=-169.88;territory=1749]"
2565006,2565006,Fast,"Building","Waiting","",1,"productivity or territory is insufficient [CokeOven:candidate=True;constructible=True;affordable=False;available=False;owned=4;upgradeTo=IndustrialCarbonizationRetort;research=SteamPower|Coking;workshop=;productivity=-176.96;territory=1749]"
2565606,2565606,Fast,"Building","Waiting","",1,"productivity or territory is insufficient [CokeOven:candidate=True;constructible=True;affordable=False;available=False;owned=4;upgradeTo=IndustrialCarbonizationRetort;research=SteamPower|Coking;workshop=;productivity=-186.4;territory=1749]"
2566206,2566206,Fast,"Building","Waiting","",1,"productivity or territory is insufficient [CokeOven:candidate=True;constructible=True;affordable=False;available=False;owned=4;upgradeTo=IndustrialCarbonizationRetort;research=SteamPower|Coking;workshop=;productivity=-191.12;territory=1749]"
2566806,2566806,Fast,"Building","Waiting","",1,"productivity or territory is insufficient [CokeOven:candidate=True;constructible=True;affordable=False;available=False;owned=4;upgradeTo=IndustrialCarbonizationRetort;research=SteamPower|Coking;workshop=;productivity=-195.84;territory=1749]"
2567406,2567406,Fast,"Building","Waiting","",1,"productivity or territory is insufficient [CokeOven:candidate=True;constructible=True;affordable=False;available=False;owned=4;upgradeTo=IndustrialCarbonizationRetort;research=SteamPower|Coking;workshop=;productivity=-200.56;territory=1749]"
2568006,2568006,Fast,"Building","Waiting","",1,"productivity or territory is insufficient [CokeOven:candidate=True;constructible=True;affordable=False;available=False;owned=4;upgradeTo=IndustrialCarbonizationRetort;research=SteamPower|Coking;workshop=;productivity=-202.92;territory=1749]"
2568606,2568606,Fast,"Building","Waiting","",1,"productivity or territory is insufficient [CokeOven:candidate=True;constructible=True;affordable=False;available=False;owned=4;upgradeTo=IndustrialCarbonizationRetort;research=SteamPower|Coking;workshop=;productivity=-207.64;territory=1749]"
2569206,2569806,Fast,"Building","Waiting","",2,"productivity or territory is insufficient [CokeOven:candidate=True;constructible=True;affordable=False;available=False;owned=4;upgradeTo=IndustrialCarbonizationRetort;research=SteamPower|Coking;workshop=;productivity=-210;territory=1749]"
2570406,2570406,Fast,"Building","Waiting","",1,"productivity or territory is insufficient [CokeOven:candidate=True;constructible=True;affordable=False;available=False;owned=4;upgradeTo=IndustrialCarbonizationRetort;research=SteamPower|Coking;workshop=;productivity=-212.36;territory=1749]"
2571006,2571606,Fast,"Building","Waiting","",2,"productivity or territory is insufficient [CokeOven:candidate=True;constructible=True;affordable=False;available=False;owned=4;upgradeTo=IndustrialCarbonizationRetort;research=SteamPower|Coking;workshop=;productivity=-214.72;territory=1749]"
2572206,2574006,Fast,"Building","Waiting","",4,"productivity or territory is insufficient [CokeOven:candidate=True;constructible=True;affordable=False;available=False;owned=4;upgradeTo=IndustrialCarbonizationRetort;research=SteamPower|Coking;workshop=;productivity=-217.08;territory=1749]"
2574606,2578806,Fast,"Building","Waiting","",8,"productivity or territory is insufficient [CokeOven:candidate=True;constructible=True;affordable=False;available=False;owned=4;upgradeTo=IndustrialCarbonizationRetort;research=SteamPower|Coking;workshop=;productivity=-219.44;territory=1749]"
2579406,2579406,Fast,"Building","Waiting","",1,"productivity or territory is insufficient [CokeOven:candidate=True;constructible=True;affordable=False;available=False;owned=4;upgradeTo=IndustrialCarbonizationRetort;research=SteamPower|Coking;workshop=;productivity=-221.8;territory=1749]"
2580006,2580006,Fast,"Building","Waiting","",1,"productivity or territory is insufficient [CokeOven:candidate=True;constructible=True;affordable=False;available=False;owned=4;upgradeTo=IndustrialCarbonizationRetort;research=SteamPower|Coking;workshop=;productivity=0.04;territory=1749]"
2580606,2580606,Fast,"Building","Waiting","",1,"productivity or territory is insufficient [CokeOven:candidate=True;constructible=True;affordable=False;available=False;owned=4;upgradeTo=IndustrialCarbonizationRetort;research=SteamPower|Coking;workshop=;productivity=-35.36;territory=1749]"
2581206,2581206,Fast,"Building","Waiting","",1,"productivity or territory is insufficient [CokeOven:candidate=True;constructible=True;affordable=False;available=False;owned=4;upgradeTo=IndustrialCarbonizationRetort;research=SteamPower|Coking;workshop=;productivity=-66.04;territory=1749]"
2581806,2581806,Fast,"Building","Waiting","",1,"productivity or territory is insufficient [CokeOven:candidate=True;constructible=True;affordable=False;available=False;owned=4;upgradeTo=IndustrialCarbonizationRetort;research=SteamPower|Coking;workshop=;productivity=-92;territory=1749]"
2582406,2582406,Fast,"Building","Waiting","",1,"productivity or territory is insufficient [CokeOven:candidate=True;constructible=True;affordable=False;available=False;owned=4;upgradeTo=IndustrialCarbonizationRetort;research=SteamPower|Coking;workshop=;productivity=-113.24;territory=1749]"
2583006,2583006,Fast,"Building","Waiting","",1,"productivity or territory is insufficient [CokeOven:candidate=True;constructible=True;affordable=False;available=False;owned=4;upgradeTo=IndustrialCarbonizationRetort;research=SteamPower|Coking;workshop=;productivity=-132.12;territory=1749]"
2583606,2583606,Fast,"Building","Waiting","",1,"productivity or territory is insufficient [CokeOven:candidate=True;constructible=True;affordable=False;available=False;owned=4;upgradeTo=IndustrialCarbonizationRetort;research=SteamPower|Coking;workshop=;productivity=-146.28;territory=1749]"
2584206,2584206,Fast,"Building","Waiting","",1,"productivity or territory is insufficient [CokeOven:candidate=True;constructible=True;affordable=False;available=False;owned=4;upgradeTo=IndustrialCarbonizationRetort;research=SteamPower|Coking;workshop=;productivity=-158.08;territory=1749]"
2584806,2584806,Fast,"Building","Waiting","",1,"productivity or territory is insufficient [CokeOven:candidate=True;constructible=True;affordable=False;available=False;owned=4;upgradeTo=IndustrialCarbonizationRetort;research=SteamPower|Coking;workshop=;productivity=-169.88;territory=1749]"
2585406,2585406,Fast,"Building","Waiting","",1,"productivity or territory is insufficient [CokeOven:candidate=True;constructible=True;affordable=False;available=False;owned=4;upgradeTo=IndustrialCarbonizationRetort;research=SteamPower|Coking;workshop=;productivity=-176.96;territory=1749]"
2586006,2586006,Fast,"Building","Waiting","",1,"productivity or territory is insufficient [CokeOven:candidate=True;constructible=True;affordable=False;available=False;owned=4;upgradeTo=IndustrialCarbonizationRetort;research=SteamPower|Coking;workshop=;productivity=-186.4;territory=1749]"
2586606,2586606,Fast,"Building","Waiting","",1,"productivity or territory is insufficient [CokeOven:candidate=True;constructible=True;affordable=False;available=False;owned=4;upgradeTo=IndustrialCarbonizationRetort;research=SteamPower|Coking;workshop=;productivity=-191.12;territory=1749]"
2587206,2587206,Fast,"Building","Waiting","",1,"productivity or territory is insufficient [CokeOven:candidate=True;constructible=True;affordable=False;available=False;owned=4;upgradeTo=IndustrialCarbonizationRetort;research=SteamPower|Coking;workshop=;productivity=-195.84;territory=1749]"
2587806,2587806,Fast,"Building","Waiting","",1,"productivity or territory is insufficient [CokeOven:candidate=True;constructible=True;affordable=False;available=False;owned=4;upgradeTo=IndustrialCarbonizationRetort;research=SteamPower|Coking;workshop=;productivity=-200.56;territory=1749]"
2588406,2588406,Fast,"Building","Waiting","",1,"productivity or territory is insufficient [CokeOven:candidate=True;constructible=True;affordable=False;available=False;owned=4;upgradeTo=IndustrialCarbonizationRetort;research=SteamPower|Coking;workshop=;productivity=-202.92;territory=1749]"
2589006,2589006,Fast,"Building","Waiting","",1,"productivity or territory is insufficient [CokeOven:candidate=True;constructible=True;affordable=False;available=False;owned=4;upgradeTo=IndustrialCarbonizationRetort;research=SteamPower|Coking;workshop=;productivity=-207.64;territory=1749]"
2589606,2590206,Fast,"Building","Waiting","",2,"productivity or territory is insufficient [CokeOven:candidate=True;constructible=True;affordable=False;available=False;owned=4;upgradeTo=IndustrialCarbonizationRetort;research=SteamPower|Coking;workshop=;productivity=-210;territory=1749]"
2590806,2590806,Fast,"Building","Waiting","",1,"productivity or territory is insufficient [CokeOven:candidate=True;constructible=True;affordable=False;available=False;owned=4;upgradeTo=IndustrialCarbonizationRetort;research=SteamPower|Coking;workshop=;productivity=-212.36;territory=1749]"
2591406,2592000,Fast,"Building","Waiting","",2,"productivity or territory is insufficient [CokeOven:candidate=True;constructible=True;affordable=False;available=False;owned=4;upgradeTo=IndustrialCarbonizationRetort;research=SteamPower|Coking;workshop=;productivity=-214.72;territory=1749]"
