Minute,TechLevel,Resources,Buildings,ResearchCompleted
0,Animal,"WoodLog=0.1","",""
1,Animal,"WoodLog=60.1","",""
6,Animal,"WoodLog=260.1","","Agriculture;ControlledFire"
7,Animal,"WoodLog=320.1","","Agriculture;ControlledFire"
8,Animal,"WoodLog=380.1","","Agriculture;ControlledFire"
9,Animal,"WoodLog=400.1","","Agriculture;AnimalHusbandry;ControlledFire"
10,Animal,"WoodLog=460.1","","Agriculture;AnimalHusbandry;ControlledFire"
11,Animal,"WoodLog=520.1","","Agriculture;AnimalHusbandry;ControlledFire"
12,Animal,"WoodLog=580.1","","Agriculture;AnimalHusbandry;ControlledFire"
13,Animal,"Clay=22.5;WoodLog=60.1","ClayPit=1","Agriculture;AnimalHusbandry;ClayExtraction;ControlledFire"
14,Animal,"Clay=112.5;WoodLog=120.1","ClayPit=1","Agriculture;AnimalHusbandry;ClayExtraction;ControlledFire"
15,Animal,"Clay=270;WoodLog=58.9","ClayPit=2","Agriculture;AnimalHusbandry;ClayExtraction;ControlledFire;Quarry"
16,Animal,"Clay=450;WoodLog=118.9","ClayPit=2","Agriculture;AnimalHusbandry;ClayExtraction;ControlledFire;Quarry"
17,Animal,"Clay=630;StoneChunk=60;WoodLog=58.9","ClayPit=2;Quarry=1","Agriculture;AnimalHusbandry;ClayExtraction;ControlledFire;Quarry"
18,Animal,"Clay=810;StoneChunk=180;WoodLog=14.93","ClayPit=3;Quarry=1","Agriculture;AnimalHusbandry;ClayExtraction;ControlledFire;Quarry"
19,Animal,"Clay=1080;StoneChunk=300;WoodLog=74.93","ClayPit=3;Quarry=1","Agriculture;AnimalHusbandry;ClayExtraction;ControlledFire;Quarry"
20,Animal,"Clay=1350;StoneChunk=449.75;WoodLog=94.93","ClayPit=3;Quarry=1","Agriculture;AnimalHusbandry;ClayExtraction;ControlledFire;Quarry;StoneTools"
81,Animal,"Clay=17820;StoneChunk=9549.75;WoodLog=3074.93","ClayPit=3;Lumberyard=1;Quarry=1","Agriculture;AnimalHusbandry;ClayExtraction;ControlledFire;FishingTechniques;ForagingGroups;Mining;Mining_Copper;Quarry;StoneTools;TreeCultivate"
82,Animal,"Clay=18090;PlantFiber=22.5;StoneChunk=9699.75;WoodLog=3374.93","ClayPit=3;FiberGatheringCamp=1;Lumberyard=1;Quarry=1","Agriculture;AnimalHusbandry;ClayExtraction;ControlledFire;FishingTechniques;ForagingGroups;Mining;Mining_Copper;Quarry;StoneTools;TreeCultivate"
83,Animal,"Clay=18360;PlantFiber=112.5;StoneChunk=9793.25;WoodLog=3749.33","ClayPit=3;FiberGatheringCamp=1;Lumberyard=2;Quarry=1","Agriculture;AnimalHusbandry;ClayExtraction;ControlledFire;FishingTechniques;ForagingGroups;Mining;Mining_Copper;Quarry;StoneTools;TreeCultivate"
84,Animal,"Clay=18630;PlantFiber=202.5;StoneChunk=9879.4;WoodLog=4344.3","ClayPit=3;FiberGatheringCamp=1;Lumberyard=3;Quarry=2","Agriculture;AnimalHusbandry;ClayExtraction;ControlledFire;FishingTechniques;ForagingGroups;Mining;Mining_Copper;Quarry;StoneTools;TreeCultivate"
85,Animal,"Clay=18900;PlantFiber=292.5;StoneChunk=10216.91;WoodLog=5148.35","ClayPit=3;FiberGatheringCamp=1;Lumberyard=3;Quarry=3","Agriculture;AnimalHusbandry;ClayExtraction;ControlledFire;FishingTechniques;ForagingGroups;Mining;Mining_Copper;Quarry;StoneTools;TreeCultivate"
86,Animal,"Clay=19170;PlantFiber=427.5;StoneChunk=10666.91;WoodLog=6039.95","ClayPit=3;FiberGatheringCamp=2;Lumberyard=3;Quarry=3","Agriculture;AnimalHusbandry;ClayExtraction;ControlledFire;FishingTechniques;ForagingGroups;Mining;Mining_Copper;Quarry;StoneTools;TreeCultivate"
87,Animal,"Clay=19440;PlantFiber=675;StoneChunk=11116.91;WoodLog=6921.98","ClayPit=3;FiberGatheringCamp=3;Lumberyard=3;Quarry=3","Agriculture;AnimalHusbandry;ClayExtraction;ControlledFire;FishingTechniques;ForagingGroups;Mining;Mining_Copper;Quarry;StoneTools;TreeCultivate"
88,Animal,"Clay=19710;PlantFiber=945;StoneChunk=11566.91;WoodLog=7881.98","ClayPit=3;FiberGatheringCamp=3;Lumberyard=3;Quarry=3","Agriculture;AnimalHusbandry;ClayExtraction;ControlledFire;FishingTechniques;ForagingGroups;Mining;Mining_Copper;Quarry;StoneTools;TreeCultivate"
89,Animal,"Clay=19980;PlantFiber=1215;StoneChunk=12016.91;WoodLog=8841.98","ClayPit=3;FiberGatheringCamp=3;Lumberyard=3;Quarry=3","Agriculture;AnimalHusbandry;ClayExtraction;ControlledFire;FishingTechniques;ForagingGroups;Mining;Mining_Copper;Quarry;StoneTools;TreeCultivate"
90,Animal,"Clay=20150;PlantFiber=1385;StoneChunk=12216.91;WoodLog=9451.98","ClayPit=3;FiberGatheringCamp=3;Lumberyard=3;Quarry=3;StoneCuttingWorkshop=1","Agriculture;AnimalHusbandry;ClayExtraction;ControlledFire;FishingTechniques;ForagingGroups;Mining;Mining_Copper;Quarry;StoneCutting;StoneTools;TreeCultivate"
91,Animal,"Clay=20420;PlantFiber=1655;StoneBrick=90;StoneChunk=12401.9;WoodLog=10296.98","ClayPit=3;FiberGatheringCamp=3;Lumberyard=3;Quarry=3;StoneCuttingWorkshop=2","Agriculture;AnimalHusbandry;ClayExtraction;ControlledFire;FishingTechniques;ForagingGroups;Mining;Mining_Copper;Quarry;StoneCutting;StoneTools;TreeCultivate"
92,Animal,"Clay=20690;PlantFiber=1925;StoneBrick=270;StoneChunk=12419.65;WoodLog=11124.73","ClayPit=3;FiberGatheringCamp=3;Lumberyard=3;Quarry=3;StoneCuttingWorkshop=3","Agriculture;AnimalHusbandry;ClayExtraction;ControlledFire;FishingTechniques;ForagingGroups;Mining;Mining_Copper;Quarry;StoneCutting;StoneTools;TreeCultivate"
93,Animal,"Clay=20960;PlantFiber=2195;StoneBrick=486;StoneChunk=12509.65;WoodLog=12084.73","ClayPit=3;FiberGatheringCamp=3;Lumberyard=3;Quarry=3;StoneCuttingWorkshop=3","Agriculture;AnimalHusbandry;ClayExtraction;ControlledFire;FishingTechniques;ForagingGroups;Mining;Mining_Copper;Quarry;StoneCutting;StoneTools;TreeCultivate"
94,Animal,"Clay=21230;PlantFiber=2465;StoneBrick=702;StoneChunk=12599.65;WoodLog=13044.73","ClayPit=3;FiberGatheringCamp=3;Lumberyard=3;Quarry=3;StoneCuttingWorkshop=3","Agriculture;AnimalHusbandry;ClayExtraction;ControlledFire;FishingTechniques;ForagingGroups;Mining;Mining_Copper;Quarry;StoneCutting;StoneTools;TreeCultivate"
95,Animal,"Clay=21500;PlantFiber=2735;StoneBrick=918;StoneChunk=12689.65;WoodLog=14004.73","ClayPit=3;FiberGatheringCamp=3;Lumberyard=3;Quarry=3;StoneCuttingWorkshop=3","Agriculture;AnimalHusbandry;ClayExtraction;ControlledFire;FishingTechniques;ForagingGroups;Mining;Mining_Copper;Quarry;StoneCutting;StoneTools;TreeCultivate"
96,Animal,"Clay=21770;PlantFiber=3005;StoneBrick=1134;StoneChunk=12779.65;WoodLog=14964.73","ClayPit=3;FiberGatheringCamp=3;Lumberyard=3;Quarry=3;StoneCuttingWorkshop=3","Agriculture;AnimalHusbandry;ClayExtraction;ControlledFire;FishingTechniques;ForagingGroups;Mining;Mining_Copper;Quarry;StoneCutting;StoneTools;TreeCultivate"
97,Animal,"Clay=22040;PlantFiber=3275;StoneBrick=1350;StoneChunk=12869.65;WoodLog=15924.73","ClayPit=3;FiberGatheringCamp=3;Lumberyard=3;Quarry=3;StoneCuttingWorkshop=3","Agriculture;AnimalHusbandry;ClayExtraction;ControlledFire;FishingTechniques;ForagingGroups;Mining;Mining_Copper;Quarry;StoneCutting;StoneTools;TreeCultivate"
98,Animal,"Clay=22310;PlantFiber=3545;StoneBrick=1566;StoneChunk=12959.65;WoodLog=16884.73","ClayPit=3;FiberGatheringCamp=3;Lumberyard=3;Quarry=3;StoneCuttingWorkshop=3","Agriculture;AnimalHusbandry;ClayExtraction;ControlledFire;FishingTechniques;ForagingGroups;Mining;Mining_Copper;Quarry;StoneCutting;StoneTools;TreeCultivate"
99,Animal,"Clay=22580;PlantFiber=3815;StoneBrick=1782;StoneChunk=13049.65;WoodLog=17844.73","ClayPit=3;FiberGatheringCamp=3;Lumberyard=3;Quarry=3;StoneCuttingWorkshop=3","Agriculture;AnimalHusbandry;ClayExtraction;ControlledFire;FishingTechniques;ForagingGroups;Mining;Mining_Copper;Quarry;StoneCutting;StoneTools;TreeCultivate"
100,Animal,"Clay=22850;PlantFiber=4085;StoneBrick=1998;StoneChunk=13139.65;WoodLog=18804.73","ClayPit=3;FiberGatheringCamp=3;Lumberyard=3;Quarry=3;StoneCuttingWorkshop=3","Agriculture;AnimalHusbandry;ClayExtraction;ControlledFire;FishingTechniques;ForagingGroups;Mining;Mining_Copper;Quarry;StoneCutting;StoneTools;TreeCultivate"
101,Animal,"Clay=23120;PlantFiber=4355;StoneBrick=2214;StoneChunk=13229.65;WoodLog=19764.73","ClayPit=3;FiberGatheringCamp=3;Lumberyard=3;Quarry=3;StoneCuttingWorkshop=3","Agriculture;AnimalHusbandry;ClayExtraction;ControlledFire;FishingTechniques;ForagingGroups;Mining;Mining_Copper;Quarry;StoneCutting;StoneTools;TreeCultivate"
102,Animal,"Clay=23390;PlantFiber=4625;StoneBrick=2430;StoneChunk=13319.65;WoodLog=20724.73","ClayPit=3;FiberGatheringCamp=3;Lumberyard=3;Quarry=3;StoneCuttingWorkshop=3","Agriculture;AnimalHusbandry;ClayExtraction;ControlledFire;FishingTechniques;ForagingGroups;Mining;Mining_Copper;Quarry;StoneCutting;StoneTools;TreeCultivate"
103,Animal,"Clay=23660;PlantFiber=4895;StoneBrick=2646;StoneChunk=13409.65;WoodLog=21684.73","ClayPit=3;FiberGatheringCamp=3;Lumberyard=3;Quarry=3;StoneCuttingWorkshop=3","Agriculture;AnimalHusbandry;ClayExtraction;ControlledFire;FishingTechniques;ForagingGroups;Mining;Mining_Copper;Quarry;StoneCutting;StoneTools;TreeCultivate"
104,Animal,"Clay=23930;PlantFiber=5165;StoneBrick=2862;StoneChunk=13499.65;WoodLog=22644.73","ClayPit=3;FiberGatheringCamp=3;Lumberyard=3;Quarry=3;StoneCuttingWorkshop=3","Agriculture;AnimalHusbandry;ClayExtraction;ControlledFire;FishingTechniques;ForagingGroups;Mining;Mining_Copper;Quarry;StoneCutting;StoneTools;TreeCultivate"
105,Animal,"Clay=24200;PlantFiber=5435;StoneBrick=3078;StoneChunk=13589.65;WoodLog=23604.73","ClayPit=3;FiberGatheringCamp=3;Lumberyard=3;Quarry=3;StoneCuttingWorkshop=3","Agriculture;AnimalHusbandry;ClayExtraction;ControlledFire;FishingTechniques;ForagingGroups;Mining;Mining_Copper;Quarry;StoneCutting;StoneTools;TreeCultivate"
106,Animal,"Clay=24470;PlantFiber=5705;StoneBrick=3294;StoneChunk=13679.65;WoodLog=24564.73","ClayPit=3;FiberGatheringCamp=3;Lumberyard=3;Quarry=3;StoneCuttingWorkshop=3","Agriculture;AnimalHusbandry;ClayExtraction;ControlledFire;FishingTechniques;ForagingGroups;Mining;Mining_Copper;Quarry;StoneCutting;StoneTools;TreeCultivate"
107,Animal,"Clay=24740;PlantFiber=5975;StoneBrick=3510;StoneChunk=13769.65;WoodLog=25524.73","ClayPit=3;FiberGatheringCamp=3;Lumberyard=3;Quarry=3;StoneCuttingWorkshop=3","Agriculture;AnimalHusbandry;ClayExtraction;ControlledFire;FishingTechniques;ForagingGroups;Mining;Mining_Copper;Quarry;StoneCutting;StoneTools;TreeCultivate"
108,Animal,"Clay=25010;PlantFiber=6245;StoneBrick=3726;StoneChunk=13859.65;WoodLog=26484.73","ClayPit=3;FiberGatheringCamp=3;Lumberyard=3;Quarry=3;StoneCuttingWorkshop=3","Agriculture;AnimalHusbandry;ClayExtraction;ControlledFire;FishingTechniques;ForagingGroups;Mining;Mining_Copper;Quarry;StoneCutting;StoneTools;TreeCultivate"
109,Animal,"Clay=25280;PlantFiber=6515;StoneBrick=3942;StoneChunk=13949.65;WoodLog=27444.73","ClayPit=3;FiberGatheringCamp=3;Lumberyard=3;Quarry=3;StoneCuttingWorkshop=3","Agriculture;AnimalHusbandry;ClayExtraction;ControlledFire;FishingTechniques;ForagingGroups;Mining;Mining_Copper;Quarry;StoneCutting;StoneTools;TreeCultivate"
110,Animal,"Clay=25550;PlantFiber=6785;StoneBrick=4158;StoneChunk=14039.65;WoodLog=28404.73","ClayPit=3;FiberGatheringCamp=3;Lumberyard=3;Quarry=3;StoneCuttingWorkshop=3","Agriculture;AnimalHusbandry;ClayExtraction;ControlledFire;FishingTechniques;ForagingGroups;Mining;Mining_Copper;Quarry;StoneCutting;StoneTools;TreeCultivate"
111,Animal,"Clay=25820;PlantFiber=7055;StoneBrick=4374;StoneChunk=14129.65;WoodLog=29364.73","ClayPit=3;FiberGatheringCamp=3;Lumberyard=3;Quarry=3;StoneCuttingWorkshop=3","Agriculture;AnimalHusbandry;ClayExtraction;ControlledFire;FishingTechniques;ForagingGroups;Mining;Mining_Copper;Quarry;StoneCutting;StoneTools;TreeCultivate"
112,Animal,"Clay=26090;PlantFiber=7325;StoneBrick=4590;StoneChunk=14219.65;WoodLog=30324.73","ClayPit=3;FiberGatheringCamp=3;Lumberyard=3;Quarry=3;StoneCuttingWorkshop=3","Agriculture;AnimalHusbandry;ClayExtraction;ControlledFire;FishingTechniques;ForagingGroups;Mining;Mining_Copper;Quarry;StoneCutting;StoneTools;TreeCultivate"
113,Animal,"Clay=26360;PlantFiber=7595;StoneBrick=4806;StoneChunk=14309.65;WoodLog=31284.73","ClayPit=3;FiberGatheringCamp=3;Lumberyard=3;Quarry=3;StoneCuttingWorkshop=3","Agriculture;AnimalHusbandry;ClayExtraction;ControlledFire;FishingTechniques;ForagingGroups;Mining;Mining_Copper;Quarry;StoneCutting;StoneTools;TreeCultivate"
114,Animal,"Clay=26630;PlantFiber=7865;StoneBrick=5022;StoneChunk=14399.65;WoodLog=32244.73","ClayPit=3;FiberGatheringCamp=3;Lumberyard=3;Quarry=3;StoneCuttingWorkshop=3","Agriculture;AnimalHusbandry;ClayExtraction;ControlledFire;FishingTechniques;ForagingGroups;Mining;Mining_Copper;Quarry;StoneCutting;StoneTools;TreeCultivate"
115,Animal,"Clay=26900;PlantFiber=8135;StoneBrick=5238;StoneChunk=14489.65;WoodLog=33204.73","ClayPit=3;FiberGatheringCamp=3;Lumberyard=3;Quarry=3;StoneCuttingWorkshop=3","Agriculture;AnimalHusbandry;ClayExtraction;ControlledFire;FishingTechniques;ForagingGroups;Mining;Mining_Copper;Quarry;StoneCutting;StoneTools;TreeCultivate"
116,Animal,"Clay=27170;PlantFiber=8405;StoneBrick=5454;StoneChunk=14579.65;WoodLog=34164.73","ClayPit=3;FiberGatheringCamp=3;Lumberyard=3;Quarry=3;StoneCuttingWorkshop=3","Agriculture;AnimalHusbandry;ClayExtraction;ControlledFire;FishingTechniques;ForagingGroups;Mining;Mining_Copper;Quarry;StoneCutting;StoneTools;TreeCultivate"
117,Animal,"Clay=27440;PlantFiber=8675;StoneBrick=5670;StoneChunk=14669.65;WoodLog=35124.73","ClayPit=3;FiberGatheringCamp=3;Lumberyard=3;Quarry=3;StoneCuttingWorkshop=3","Agriculture;AnimalHusbandry;ClayExtraction;ControlledFire;FishingTechniques;ForagingGroups;Mining;Mining_Copper;Quarry;StoneCutting;StoneTools;TreeCultivate"
118,Animal,"Clay=27710;PlantFiber=8945;StoneBrick=5886;StoneChunk=14759.65;WoodLog=36084.73","ClayPit=3;FiberGatheringCamp=3;Lumberyard=3;Quarry=3;StoneCuttingWorkshop=3","Agriculture;AnimalHusbandry;ClayExtraction;ControlledFire;FishingTechniques;ForagingGroups;Mining;Mining_Copper;Quarry;StoneCutting;StoneTools;TreeCultivate"
119,Animal,"Clay=27980;PlantFiber=9215;StoneBrick=6102;StoneChunk=14849.65;WoodLog=37044.73","ClayPit=3;FiberGatheringCamp=3;Lumberyard=3;Quarry=3;StoneCuttingWorkshop=3","Agriculture;AnimalHusbandry;ClayExtraction;ControlledFire;FishingTechniques;ForagingGroups;Mining;Mining_Copper;Quarry;StoneCutting;StoneTools;TreeCultivate"
120,Animal,"Clay=28250;PlantFiber=9485;StoneBrick=6318;StoneChunk=14939.65;WoodLog=38004.73","ClayPit=3;FiberGatheringCamp=3;Lumberyard=3;Quarry=3;StoneCuttingWorkshop=3","Agriculture;AnimalHusbandry;ClayExtraction;ControlledFire;FishingTechniques;ForagingGroups;Mining;Mining_Copper;Quarry;StoneCutting;StoneTools;TreeCultivate"
121,Animal,"Clay=28520;PlantFiber=9755;StoneBrick=6534;StoneChunk=15029.65;WoodLog=38964.73","ClayPit=3;FiberGatheringCamp=3;Lumberyard=3;Quarry=3;StoneCuttingWorkshop=3","Agriculture;AnimalHusbandry;ClayExtraction;ControlledFire;FishingTechniques;ForagingGroups;Mining;Mining_Copper;Quarry;StoneCutting;StoneTools;TreeCultivate"
122,Animal,"Clay=28790;PlantFiber=10025;StoneBrick=6750;StoneChunk=15119.65;WoodLog=39924.73","ClayPit=3;FiberGatheringCamp=3;Lumberyard=3;Quarry=3;StoneCuttingWorkshop=3","Agriculture;AnimalHusbandry;ClayExtraction;ControlledFire;FishingTechniques;ForagingGroups;Mining;Mining_Copper;Quarry;StoneCutting;StoneTools;TreeCultivate"
123,Animal,"Clay=29060;PlantFiber=10295;StoneBrick=6966;StoneChunk=15209.65;WoodLog=40884.73","ClayPit=3;FiberGatheringCamp=3;Lumberyard=3;Quarry=3;StoneCuttingWorkshop=3","Agriculture;AnimalHusbandry;ClayExtraction;ControlledFire;FishingTechniques;ForagingGroups;Mining;Mining_Copper;Quarry;StoneCutting;StoneTools;TreeCultivate"
124,Animal,"Clay=29330;PlantFiber=10565;StoneBrick=7182;StoneChunk=15299.65;WoodLog=41844.73","ClayPit=3;FiberGatheringCamp=3;Lumberyard=3;Quarry=3;StoneCuttingWorkshop=3","Agriculture;AnimalHusbandry;ClayExtraction;ControlledFire;FishingTechniques;ForagingGroups;Mining;Mining_Copper;Quarry;StoneCutting;StoneTools;TreeCultivate"
125,Animal,"Clay=29600;PlantFiber=10835;StoneBrick=7398;StoneChunk=15389.65;WoodLog=42804.73","ClayPit=3;FiberGatheringCamp=3;Lumberyard=3;Quarry=3;StoneCuttingWorkshop=3","Agriculture;AnimalHusbandry;ClayExtraction;ControlledFire;FishingTechniques;ForagingGroups;Mining;Mining_Copper;Quarry;StoneCutting;StoneTools;TreeCultivate"
126,Animal,"Clay=29870;PlantFiber=11105;StoneBrick=7614;StoneChunk=15479.65;WoodLog=43764.73","ClayPit=3;FiberGatheringCamp=3;Lumberyard=3;Quarry=3;StoneCuttingWorkshop=3","Agriculture;AnimalHusbandry;ClayExtraction;ControlledFire;FishingTechniques;ForagingGroups;Mining;Mining_Copper;Quarry;StoneCutting;StoneTools;TreeCultivate"
127,Animal,"Clay=30140;PlantFiber=11375;StoneBrick=7830;StoneChunk=15569.65;WoodLog=44724.73","ClayPit=3;FiberGatheringCamp=3;Lumberyard=3;Quarry=3;StoneCuttingWorkshop=3","Agriculture;AnimalHusbandry;ClayExtraction;ControlledFire;FishingTechniques;ForagingGroups;Mining;Mining_Copper;Quarry;StoneCutting;StoneTools;TreeCultivate"
128,Animal,"Clay=30410;PlantFiber=11645;StoneBrick=8046;StoneChunk=15659.65;WoodLog=45684.73","ClayPit=3;FiberGatheringCamp=3;Lumberyard=3;Quarry=3;StoneCuttingWorkshop=3","Agriculture;AnimalHusbandry;ClayExtraction;ControlledFire;FishingTechniques;ForagingGroups;Mining;Mining_Copper;Quarry;StoneCutting;StoneTools;TreeCultivate"
129,Animal,"Clay=30680;PlantFiber=11915;StoneBrick=8262;StoneChunk=15749.65;WoodLog=46644.73","ClayPit=3;FiberGatheringCamp=3;Lumberyard=3;Quarry=3;StoneCuttingWorkshop=3","Agriculture;AnimalHusbandry;ClayExtraction;ControlledFire;FishingTechniques;ForagingGroups;Mining;Mining_Copper;Quarry;StoneCutting;StoneTools;TreeCultivate"
130,Animal,"Clay=30950;PlantFiber=12185;StoneBrick=8478;StoneChunk=15839.65;WoodLog=47604.73","ClayPit=3;FiberGatheringCamp=3;Lumberyard=3;Quarry=3;StoneCuttingWorkshop=3","Agriculture;AnimalHusbandry;ClayExtraction;ControlledFire;FishingTechniques;ForagingGroups;Mining;Mining_Copper;Quarry;StoneCutting;StoneTools;TreeCultivate"
131,Animal,"Clay=31220;PlantFiber=12455;StoneBrick=8694;StoneChunk=15929.65;WoodLog=48564.73","ClayPit=3;FiberGatheringCamp=3;Lumberyard=3;Quarry=3;StoneCuttingWorkshop=3","Agriculture;AnimalHusbandry;ClayExtraction;ControlledFire;FishingTechniques;ForagingGroups;Mining;Mining_Copper;Quarry;StoneCutting;StoneTools;TreeCultivate"
132,Animal,"Clay=31490;PlantFiber=12725;StoneBrick=8910;StoneChunk=16019.65;WoodLog=49524.73","ClayPit=3;FiberGatheringCamp=3;Lumberyard=3;Quarry=3;StoneCuttingWorkshop=3","Agriculture;AnimalHusbandry;ClayExtraction;ControlledFire;FishingTechniques;ForagingGroups;Mining;Mining_Copper;Quarry;StoneCutting;StoneTools;TreeCultivate"
133,Animal,"Clay=31760;PlantFiber=12995;StoneBrick=9126;StoneChunk=16109.65;WoodLog=50484.73","ClayPit=3;FiberGatheringCamp=3;Lumberyard=3;Quarry=3;StoneCuttingWorkshop=3","Agriculture;AnimalHusbandry;ClayExtraction;ControlledFire;FishingTechniques;ForagingGroups;Mining;Mining_Copper;Quarry;StoneCutting;StoneTools;TreeCultivate"
134,Animal,"Clay=32030;PlantFiber=13265;StoneBrick=9342;StoneChunk=16199.65;WoodLog=51444.73","ClayPit=3;FiberGatheringCamp=3;Lumberyard=3;Quarry=3;StoneCuttingWorkshop=3","Agriculture;AnimalHusbandry;ClayExtraction;ControlledFire;FishingTechniques;ForagingGroups;Mining;Mining_Copper;Quarry;StoneCutting;StoneTools;TreeCultivate"
135,Animal,"Clay=32300;PlantFiber=13535;StoneBrick=9558;StoneChunk=16289.65;WoodLog=52404.73","ClayPit=3;FiberGatheringCamp=3;Lumberyard=3;Quarry=3;StoneCuttingWorkshop=3","Agriculture;AnimalHusbandry;ClayExtraction;ControlledFire;FishingTechniques;ForagingGroups;Mining;Mining_Copper;Quarry;StoneCutting;StoneTools;TreeCultivate"
136,Animal,"Clay=32570;PlantFiber=13805;StoneBrick=9774;StoneChunk=16379.65;WoodLog=53364.73","ClayPit=3;FiberGatheringCamp=3;Lumberyard=3;Quarry=3;StoneCuttingWorkshop=3","Agriculture;AnimalHusbandry;ClayExtraction;ControlledFire;FishingTechniques;ForagingGroups;Mining;Mining_Copper;Quarry;StoneCutting;StoneTools;TreeCultivate"
137,Animal,"Clay=32840;PlantFiber=14075;StoneBrick=9990;StoneChunk=16469.65;WoodLog=54324.73","ClayPit=3;FiberGatheringCamp=3;Lumberyard=3;Quarry=3;StoneCuttingWorkshop=3","Agriculture;AnimalHusbandry;ClayExtraction;ControlledFire;FishingTechniques;ForagingGroups;Mining;Mining_Copper;Quarry;StoneCutting;StoneTools;TreeCultivate"
138,Animal,"Clay=33110;PlantFiber=14345;StoneBrick=10206;StoneChunk=16559.65;WoodLog=55284.73","ClayPit=3;FiberGatheringCamp=3;Lumberyard=3;Quarry=3;StoneCuttingWorkshop=3","Agriculture;AnimalHusbandry;ClayExtraction;ControlledFire;FishingTechniques;ForagingGroups;Mining;Mining_Copper;Quarry;StoneCutting;StoneTools;TreeCultivate"
139,Animal,"Clay=33380;PlantFiber=14615;StoneBrick=10422;StoneChunk=16649.65;WoodLog=56244.73","ClayPit=3;FiberGatheringCamp=3;Lumberyard=3;Quarry=3;StoneCuttingWorkshop=3","Agriculture;AnimalHusbandry;ClayExtraction;ControlledFire;FishingTechniques;ForagingGroups;Mining;Mining_Copper;Quarry;StoneCutting;StoneTools;TreeCultivate"
140,Animal,"Clay=33650;PlantFiber=14885;StoneBrick=10638;StoneChunk=16739.65;WoodLog=57204.73","ClayPit=3;FiberGatheringCamp=3;Lumberyard=3;Quarry=3;StoneCuttingWorkshop=3","Agriculture;AnimalHusbandry;ClayExtraction;ControlledFire;FishingTechniques;ForagingGroups;Mining;Mining_Copper;Quarry;StoneCutting;StoneTools;TreeCultivate"
141,Animal,"Clay=33920;PlantFiber=15155;StoneBrick=10854;StoneChunk=16829.65;WoodLog=58164.73","ClayPit=3;FiberGatheringCamp=3;Lumberyard=3;Quarry=3;StoneCuttingWorkshop=3","Agriculture;AnimalHusbandry;ClayExtraction;ControlledFire;FishingTechniques;ForagingGroups;Mining;Mining_Copper;Quarry;StoneCutting;StoneTools;TreeCultivate"
142,Animal,"Clay=34190;PlantFiber=15425;StoneBrick=11070;StoneChunk=16919.65;WoodLog=59124.73","ClayPit=3;FiberGatheringCamp=3;Lumberyard=3;Quarry=3;StoneCuttingWorkshop=3","Agriculture;AnimalHusbandry;ClayExtraction;ControlledFire;FishingTechniques;ForagingGroups;Mining;Mining_Copper;Quarry;StoneCutting;StoneTools;TreeCultivate"
143,Animal,"Clay=34460;PlantFiber=15695;StoneBrick=11286;StoneChunk=17009.65;WoodLog=60084.73","ClayPit=3;FiberGatheringCamp=3;Lumberyard=3;Quarry=3;StoneCuttingWorkshop=3","Agriculture;AnimalHusbandry;ClayExtraction;ControlledFire;FishingTechniques;ForagingGroups;Mining;Mining_Copper;Quarry;StoneCutting;StoneTools;TreeCultivate"
144,Animal,"Clay=34730;PlantFiber=15965;StoneBrick=11502;StoneChunk=17099.65;WoodLog=61044.73","ClayPit=3;FiberGatheringCamp=3;Lumberyard=3;Quarry=3;StoneCuttingWorkshop=3","Agriculture;AnimalHusbandry;ClayExtraction;ControlledFire;FishingTechniques;ForagingGroups;Mining;Mining_Copper;Quarry;StoneCutting;StoneTools;TreeCultivate"
145,Animal,"Clay=35000;PlantFiber=16235;StoneBrick=11718;StoneChunk=17189.65;WoodLog=62004.73","ClayPit=3;FiberGatheringCamp=3;Lumberyard=3;Quarry=3;StoneCuttingWorkshop=3","Agriculture;AnimalHusbandry;ClayExtraction;ControlledFire;FishingTechniques;ForagingGroups;Mining;Mining_Copper;Quarry;StoneCutting;StoneTools;TreeCultivate"
146,Animal,"Clay=35270;PlantFiber=16505;StoneBrick=11934;StoneChunk=17279.65;WoodLog=62964.73","ClayPit=3;FiberGatheringCamp=3;Lumberyard=3;Quarry=3;StoneCuttingWorkshop=3","Agriculture;AnimalHusbandry;ClayExtraction;ControlledFire;FishingTechniques;ForagingGroups;Mining;Mining_Copper;Quarry;StoneCutting;StoneTools;TreeCultivate"
147,Animal,"Clay=35540;PlantFiber=16775;StoneBrick=12150;StoneChunk=17369.65;WoodLog=63924.73","ClayPit=3;FiberGatheringCamp=3;Lumberyard=3;Quarry=3;StoneCuttingWorkshop=3","Agriculture;AnimalHusbandry;ClayExtraction;ControlledFire;FishingTechniques;ForagingGroups;Mining;Mining_Copper;Quarry;StoneCutting;StoneTools;TreeCultivate"
148,Animal,"Clay=35810;PlantFiber=17045;StoneBrick=12366;StoneChunk=17459.66;WoodLog=64884.73","ClayPit=3;FiberGatheringCamp=3;Lumberyard=3;Quarry=3;StoneCuttingWorkshop=3","Agriculture;AnimalHusbandry;ClayExtraction;ControlledFire;FishingTechniques;ForagingGroups;Mining;Mining_Copper;Quarry;StoneCutting;StoneTools;TreeCultivate"
149,Animal,"Clay=36080;PlantFiber=17315;StoneBrick=12582;StoneChunk=17549.66;WoodLog=65844.73","ClayPit=3;FiberGatheringCamp=3;Lumberyard=3;Quarry=3;StoneCuttingWorkshop=3","Agriculture;AnimalHusbandry;ClayExtraction;ControlledFire;FishingTechniques;ForagingGroups;Mining;Mining_Copper;Quarry;StoneCutting;StoneTools;TreeCultivate"
150,Animal,"Clay=36350;PlantFiber=17585;StoneBrick=12798;StoneChunk=17639.66;WoodLog=66804.73","ClayPit=3;FiberGatheringCamp=3;Lumberyard=3;Quarry=3;StoneCuttingWorkshop=3","Agriculture;AnimalHusbandry;ClayExtraction;ControlledFire;FishingTechniques;ForagingGroups;Mining;Mining_Copper;Quarry;StoneCutting;StoneTools;TreeCultivate"
151,Animal,"Clay=36620;PlantFiber=17855;StoneBrick=13014;StoneChunk=17729.66;WoodLog=67764.73","ClayPit=3;FiberGatheringCamp=3;Lumberyard=3;Quarry=3;StoneCuttingWorkshop=3","Agriculture;AnimalHusbandry;ClayExtraction;ControlledFire;FishingTechniques;ForagingGroups;Mining;Mining_Copper;Quarry;StoneCutting;StoneTools;TreeCultivate"
152,Animal,"Clay=36890;PlantFiber=18125;StoneBrick=13230;StoneChunk=17819.66;WoodLog=68724.73","ClayPit=3;FiberGatheringCamp=3;Lumberyard=3;Quarry=3;StoneCuttingWorkshop=3","Agriculture;AnimalHusbandry;ClayExtraction;ControlledFire;FishingTechniques;ForagingGroups;Mining;Mining_Copper;Quarry;StoneCutting;StoneTools;TreeCultivate"
153,Neolithic,"Clay=37120;PlantFiber=18295;StoneBrick=13446;StoneChunk=17769.66;WoodLog=69504.73","ClayPit=3;CopperMine=1;FiberGatheringCamp=3;Lumberyard=3;Quarry=3;StoneCuttingWorkshop=3","Agriculture;AnimalHusbandry;ClayExtraction;ControlledFire;FishingTechniques;ForagingGroups;Mining;Mining_Copper;NeolithicSettlement;Quarry;StoneCutting;StoneTools;TreeCultivate"
154,Neolithic,"Clay=37390;CopperOre=86.25;PlantFiber=18565;StoneBrick=13662;StoneChunk=17698.66;WoodLog=70257.73","ClayPit=3;CopperMine=2;FiberGatheringCamp=3;Lumberyard=3;Quarry=3;StoneCuttingWorkshop=3","Agriculture;AnimalHusbandry;ClayExtraction;ControlledFire;FishingTechniques;ForagingGroups;Mining;Mining_Copper;NeolithicSettlement;Quarry;StoneCutting;StoneTools;TreeCultivate"
155,Neolithic,"Clay=37660;CopperOre=258.75;PlantFiber=18835;StoneBrick=13878;StoneChunk=17603.51;WoodLog=70979.68","ClayPit=3;CopperMine=3;FiberGatheringCamp=3;Lumberyard=3;Quarry=3;StoneCuttingWorkshop=3","Agriculture;AnimalHusbandry;ClayExtraction;ControlledFire;FishingTechniques;ForagingGroups;Mining;Mining_Copper;NeolithicSettlement;Quarry;StoneCutting;StoneTools;TreeCultivate"
156,Neolithic,"Clay=37930;CopperOre=465.75;PlantFiber=19105;StoneBrick=14094;StoneChunk=17693.51;WoodLog=71939.68","ClayPit=3;CopperMine=3;FiberGatheringCamp=3;Lumberyard=3;Quarry=3;StoneCuttingWorkshop=3","Agriculture;AnimalHusbandry;ClayExtraction;ControlledFire;FishingTechniques;ForagingGroups;Mining;Mining_Copper;NeolithicSettlement;Quarry;StoneCutting;StoneTools;TreeCultivate"
157,Neolithic,"Clay=38200;CopperOre=672.75;PlantFiber=19375;StoneBrick=14310;StoneChunk=17783.51;WoodLog=72899.68","ClayPit=3;CopperMine=3;FiberGatheringCamp=3;Lumberyard=3;Quarry=3;StoneCuttingWorkshop=3","Agriculture;AnimalHusbandry;ClayExtraction;ControlledFire;FishingTechniques;ForagingGroups;Mining;Mining_Copper;NeolithicSettlement;Quarry;StoneCutting;StoneTools;TreeCultivate"
158,Neolithic,"Clay=38470;CopperOre=879.75;PlantFiber=19645;StoneBrick=14526;StoneChunk=17873.51;WoodLog=73859.68","ClayPit=3;CopperMine=3;FiberGatheringCamp=3;Lumberyard=3;Quarry=3;StoneCuttingWorkshop=3","Agriculture;AnimalHusbandry;ClayExtraction;ControlledFire;FishingTechniques;ForagingGroups;Mining;Mining_Copper;NeolithicSettlement;Quarry;StoneCutting;StoneTools;TreeCultivate"
159,Neolithic,"Clay=38740;CopperOre=1086.75;PlantFiber=19915;StoneBrick=14742;StoneChunk=17963.51;WoodLog=74819.68","ClayPit=3;CopperMine=3;FiberGatheringCamp=3;Lumberyard=3;Quarry=3;StoneCuttingWorkshop=3","Agriculture;AnimalHusbandry;ClayExtraction;ControlledFire;FishingTechniques;ForagingGroups;Mining;Mining_Copper;NeolithicSettlement;Quarry;StoneCutting;StoneTools;TreeCultivate"
160,Neolithic,"Clay=39010;CopperOre=1293.75;PlantFiber=20185;StoneBrick=14958;StoneChunk=18053.51;WoodLog=75779.68","ClayPit=3;CopperMine=3;FiberGatheringCamp=3;Lumberyard=3;Quarry=3;StoneCuttingWorkshop=3","Agriculture;AnimalHusbandry;ClayExtraction;ControlledFire;FishingTechniques;ForagingGroups;Mining;Mining_Copper;NeolithicSettlement;Quarry;StoneCutting;StoneTools;TreeCultivate"
161,Neolithic,"Clay=39280;CopperOre=1500.75;PlantFiber=20455;StoneBrick=15174;StoneChunk=18143.51;WoodLog=76739.68","ClayPit=3;CopperMine=3;FiberGatheringCamp=3;Lumberyard=3;Quarry=3;StoneCuttingWorkshop=3","Agriculture;AnimalHusbandry;ClayExtraction;ControlledFire;FishingTechniques;ForagingGroups;Mining;Mining_Copper;NeolithicSettlement;Quarry;StoneCutting;StoneTools;TreeCultivate"
162,Neolithic,"Clay=39550;CopperOre=1707.75;PlantFiber=20725;StoneBrick=15390;StoneChunk=18233.51;WoodLog=77699.68","ClayPit=3;CopperMine=3;FiberGatheringCamp=3;Lumberyard=3;Quarry=3;StoneCuttingWorkshop=3","Agriculture;AnimalHusbandry;ClayExtraction;ControlledFire;FishingTechniques;ForagingGroups;Mining;Mining_Copper;NeolithicSettlement;Quarry;StoneCutting;StoneTools;TreeCultivate"
163,Neolithic,"Clay=39820;CopperOre=1914.75;PlantFiber=20995;StoneBrick=15606;StoneChunk=18323.51;WoodLog=78659.68","ClayPit=3;CopperMine=3;FiberGatheringCamp=3;Lumberyard=3;Quarry=3;StoneCuttingWorkshop=3","Agriculture;AnimalHusbandry;ClayExtraction;ControlledFire;FishingTechniques;ForagingGroups;Mining;Mining_Copper;NeolithicSettlement;Quarry;StoneCutting;StoneTools;TreeCultivate"
164,Neolithic,"Clay=40090;CopperOre=2121.75;PlantFiber=21265;StoneBrick=15822;StoneChunk=18413.51;WoodLog=79619.68","ClayPit=3;CopperMine=3;FiberGatheringCamp=3;Lumberyard=3;Quarry=3;StoneCuttingWorkshop=3","Agriculture;AnimalHusbandry;ClayExtraction;ControlledFire;FishingTechniques;ForagingGroups;Mining;Mining_Copper;NeolithicSettlement;Quarry;StoneCutting;StoneTools;TreeCultivate"
165,Neolithic,"Clay=40360;CopperOre=2328.75;PlantFiber=21535;StoneBrick=16038;StoneChunk=18503.51;WoodLog=80579.68","ClayPit=3;CopperMine=3;FiberGatheringCamp=3;Lumberyard=3;Quarry=3;StoneCuttingWorkshop=3","Agriculture;AnimalHusbandry;ClayExtraction;ControlledFire;FishingTechniques;ForagingGroups;Mining;Mining_Copper;NeolithicSettlement;Quarry;StoneCutting;StoneTools;TreeCultivate"
166,Neolithic,"Clay=40630;CopperOre=2535.75;PlantFiber=21805;StoneBrick=16254;StoneChunk=18593.51;WoodLog=81539.68","ClayPit=3;CopperMine=3;FiberGatheringCamp=3;Lumberyard=3;Quarry=3;StoneCuttingWorkshop=3","Agriculture;AnimalHusbandry;ClayExtraction;ControlledFire;FishingTechniques;ForagingGroups;Mining;Mining_Copper;NeolithicSettlement;Quarry;StoneCutting;StoneTools;TreeCultivate"
167,Neolithic,"Clay=40900;CopperOre=2742.75;PlantFiber=22075;StoneBrick=16470;StoneChunk=18683.51;WoodLog=82499.68","ClayPit=3;CopperMine=3;FiberGatheringCamp=3;Lumberyard=3;Quarry=3;StoneCuttingWorkshop=3","Agriculture;AnimalHusbandry;ClayExtraction;ControlledFire;FishingTechniques;ForagingGroups;Mining;Mining_Copper;NeolithicSettlement;Quarry;StoneCutting;StoneTools;TreeCultivate"
168,Neolithic,"Clay=41170;CopperOre=2949.75;PlantFiber=22345;StoneBrick=16686;StoneChunk=18773.51;WoodLog=83459.68","ClayPit=3;CopperMine=3;FiberGatheringCamp=3;Lumberyard=3;Quarry=3;StoneCuttingWorkshop=3","Agriculture;AnimalHusbandry;ClayExtraction;ControlledFire;FishingTechniques;ForagingGroups;Mining;Mining_Copper;NeolithicSettlement;Quarry;StoneCutting;StoneTools;TreeCultivate"
169,Neolithic,"Clay=41440;CopperOre=3156.75;PlantFiber=22615;StoneBrick=16902;StoneChunk=18863.51;WoodLog=84419.68","ClayPit=3;CopperMine=3;FiberGatheringCamp=3;Lumberyard=3;Quarry=3;StoneCuttingWorkshop=3","Agriculture;AnimalHusbandry;ClayExtraction;ControlledFire;FishingTechniques;ForagingGroups;Mining;Mining_Copper;NeolithicSettlement;Quarry;StoneCutting;StoneTools;TreeCultivate"
170,Neolithic,"Clay=41710;CopperOre=3363.75;PlantFiber=22885;StoneBrick=17118;StoneChunk=18953.51;WoodLog=85379.68","ClayPit=3;CopperMine=3;FiberGatheringCamp=3;Lumberyard=3;Quarry=3;StoneCuttingWorkshop=3","Agriculture;AnimalHusbandry;ClayExtraction;ControlledFire;FishingTechniques;ForagingGroups;Mining;Mining_Copper;NeolithicSettlement;Quarry;StoneCutting;StoneTools;TreeCultivate"
171,Neolithic,"Clay=41980;CopperOre=3570.75;PlantFiber=23155;StoneBrick=17334;StoneChunk=19043.51;WoodLog=86339.68","ClayPit=3;CopperMine=3;FiberGatheringCamp=3;Lumberyard=3;Quarry=3;StoneCuttingWorkshop=3","Agriculture;AnimalHusbandry;ClayExtraction;ControlledFire;FishingTechniques;ForagingGroups;Mining;Mining_Copper;NeolithicSettlement;Quarry;StoneCutting;StoneTools;TreeCultivate"
172,Neolithic,"Clay=42250;CopperOre=3777.75;PlantFiber=23425;StoneBrick=17550;StoneChunk=19133.51;WoodLog=87299.68","ClayPit=3;CopperMine=3;FiberGatheringCamp=3;Lumberyard=3;Quarry=3;StoneCuttingWorkshop=3","Agriculture;AnimalHusbandry;ClayExtraction;ControlledFire;FishingTechniques;ForagingGroups;Mining;Mining_Copper;NeolithicSettlement;Quarry;StoneCutting;StoneTools;TreeCultivate"
173,Neolithic,"Clay=42520;CopperOre=3984.75;PlantFiber=23695;StoneBrick=17766;StoneChunk=19223.51;WoodLog=88259.68","ClayPit=3;CopperMine=3;FiberGatheringCamp=3;Lumberyard=3;Quarry=3;StoneCuttingWorkshop=3","Agriculture;AnimalHusbandry;ClayExtraction;ControlledFire;FishingTechniques;ForagingGroups;Mining;Mining_Copper;NeolithicSettlement;Quarry;StoneCutting;StoneTools;TreeCultivate"
174,Neolithic,"Clay=42790;CopperOre=4191.75;PlantFiber=23965;StoneBrick=17982;StoneChunk=19263.51;WoodLog=89099.68","ClayPit=3;CopperMine=3;FiberGatheringCamp=3;Lumberyard=3;Quarry=3;StoneCuttingWorkshop=3","Agriculture;AnimalHusbandry;ClayExtraction;ControlledFire;FishingTechniques;ForagingGroups;HerbalKnowledge;Mining;Mining_Copper;NeolithicSettlement;Quarry;StoneCutting;StoneTools;TreeCultivate"
175,Neolithic,"Clay=43060;CopperOre=4398.75;PlantFiber=24235;StoneBrick=18198;StoneChunk=19353.51;WoodLog=90059.68","ClayPit=3;CopperMine=3;FiberGatheringCamp=3;Lumberyard=3;Quarry=3;StoneCuttingWorkshop=3","Agriculture;AnimalHusbandry;ClayExtraction;ControlledFire;FishingTechniques;ForagingGroups;HerbalKnowledge;Mining;Mining_Copper;NeolithicSettlement;Quarry;StoneCutting;StoneTools;TreeCultivate"
176,Neolithic,"Clay=43330;CopperOre=4605.75;PlantFiber=24505;StoneBrick=18414;StoneChunk=19443.51;WoodLog=91019.68","ClayPit=3;CopperMine=3;FiberGatheringCamp=3;Lumberyard=3;Quarry=3;StoneCuttingWorkshop=3","Agriculture;AnimalHusbandry;ClayExtraction;ControlledFire;FishingTechniques;ForagingGroups;HerbalKnowledge;Mining;Mining_Copper;NeolithicSettlement;Quarry;StoneCutting;StoneTools;TreeCultivate"
177,Neolithic,"Clay=43600;CopperOre=4812.75;PlantFiber=24775;StoneBrick=18630;StoneChunk=19533.51;WoodLog=91979.68","ClayPit=3;CopperMine=3;FiberGatheringCamp=3;Lumberyard=3;Quarry=3;StoneCuttingWorkshop=3","Agriculture;AnimalHusbandry;ClayExtraction;ControlledFire;FishingTechniques;ForagingGroups;HerbalKnowledge;Mining;Mining_Copper;NeolithicSettlement;Quarry;StoneCutting;StoneTools;TreeCultivate"
178,Neolithic,"Clay=43870;CopperOre=5019.75;PlantFiber=25045;StoneBrick=18846;StoneChunk=19623.51;WoodLog=92939.68","ClayPit=3;CopperMine=3;FiberGatheringCamp=3;Lumberyard=3;Quarry=3;StoneCuttingWorkshop=3","Agriculture;AnimalHusbandry;ClayExtraction;ControlledFire;FishingTechniques;ForagingGroups;HerbalKnowledge;Mining;Mining_Copper;NeolithicSettlement;Quarry;StoneCutting;StoneTools;TreeCultivate"
179,Neolithic,"Clay=44140;CopperOre=5226.75;PlantFiber=25315;StoneBrick=19062;StoneChunk=19713.51;WoodLog=93899.68","ClayPit=3;CopperMine=3;FiberGatheringCamp=3;Lumberyard=3;Quarry=3;StoneCuttingWorkshop=3","Agriculture;AnimalHusbandry;ClayExtraction;ControlledFire;FishingTechniques;ForagingGroups;HerbalKnowledge;Mining;Mining_Copper;NeolithicSettlement;Quarry;StoneCutting;StoneTools;TreeCultivate"
180,Neolithic,"Clay=44410;CopperOre=5433.75;PlantFiber=25585;StoneBrick=19278;StoneChunk=19803.51;WoodLog=94859.68","ClayPit=3;CopperMine=3;FiberGatheringCamp=3;Lumberyard=3;Quarry=3;StoneCuttingWorkshop=3","Agriculture;AnimalHusbandry;ClayExtraction;ControlledFire;FishingTechniques;ForagingGroups;HerbalKnowledge;Mining;Mining_Copper;NeolithicSettlement;Quarry;StoneCutting;StoneTools;TreeCultivate"
181,Neolithic,"Clay=44680;CopperOre=5640.75;PlantFiber=25855;StoneBrick=19494;StoneChunk=19893.51;WoodLog=95819.68","ClayPit=3;CopperMine=3;FiberGatheringCamp=3;Lumberyard=3;Quarry=3;StoneCuttingWorkshop=3","Agriculture;AnimalHusbandry;ClayExtraction;ControlledFire;FishingTechniques;ForagingGroups;HerbalKnowledge;Mining;Mining_Copper;NeolithicSettlement;Quarry;StoneCutting;StoneTools;TreeCultivate"
182,Neolithic,"Clay=44950;CopperOre=5847.75;PlantFiber=26125;StoneBrick=19710;StoneChunk=19983.51;WoodLog=96779.68","ClayPit=3;CopperMine=3;FiberGatheringCamp=3;Lumberyard=3;Quarry=3;StoneCuttingWorkshop=3","Agriculture;AnimalHusbandry;ClayExtraction;ControlledFire;FishingTechniques;ForagingGroups;HerbalKnowledge;Mining;Mining_Copper;NeolithicSettlement;Quarry;StoneCutting;StoneTools;TreeCultivate"
183,Neolithic,"Clay=45220;CopperOre=6054.75;PlantFiber=26395;StoneBrick=19926;StoneChunk=20073.51;WoodLog=97739.68","ClayPit=3;CopperMine=3;FiberGatheringCamp=3;Lumberyard=3;Quarry=3;StoneCuttingWorkshop=3","Agriculture;AnimalHusbandry;ClayExtraction;ControlledFire;FishingTechniques;ForagingGroups;HerbalKnowledge;Mining;Mining_Copper;NeolithicSettlement;Quarry;StoneCutting;StoneTools;TreeCultivate"
184,Neolithic,"Clay=45490;CopperOre=6261.75;PlantFiber=26665;StoneBrick=20142;StoneChunk=20163.51;WoodLog=98699.68","ClayPit=3;CopperMine=3;FiberGatheringCamp=3;Lumberyard=3;Quarry=3;StoneCuttingWorkshop=3","Agriculture;AnimalHusbandry;ClayExtraction;ControlledFire;FishingTechniques;ForagingGroups;HerbalKnowledge;Mining;Mining_Copper;NeolithicSettlement;Quarry;StoneCutting;StoneTools;TreeCultivate"
185,Neolithic,"Clay=45760;CopperOre=6468.75;PlantFiber=26935;StoneBrick=20358;StoneChunk=20253.51;WoodLog=99659.68","ClayPit=3;CopperMine=3;FiberGatheringCamp=3;Lumberyard=3;Quarry=3;StoneCuttingWorkshop=3","Agriculture;AnimalHusbandry;ClayExtraction;ControlledFire;FishingTechniques;ForagingGroups;HerbalKnowledge;Mining;Mining_Copper;NeolithicSettlement;Quarry;StoneCutting;StoneTools;TreeCultivate"
186,Neolithic,"Clay=46030;CopperOre=6675.75;PlantFiber=27205;StoneBrick=20574;StoneChunk=20343.51;WoodLog=100619.68","ClayPit=3;CopperMine=3;FiberGatheringCamp=3;Lumberyard=3;Quarry=3;StoneCuttingWorkshop=3","Agriculture;AnimalHusbandry;ClayExtraction;ControlledFire;FishingTechniques;ForagingGroups;HerbalKnowledge;Mining;Mining_Copper;NeolithicSettlement;Quarry;StoneCutting;StoneTools;TreeCultivate"
187,Neolithic,"Clay=46300;CopperOre=6882.75;PlantFiber=27475;StoneBrick=20790;StoneChunk=20433.51;WoodLog=101579.68","ClayPit=3;CopperMine=3;FiberGatheringCamp=3;Lumberyard=3;Quarry=3;StoneCuttingWorkshop=3","Agriculture;AnimalHusbandry;ClayExtraction;ControlledFire;FishingTechniques;ForagingGroups;HerbalKnowledge;Mining;Mining_Copper;NeolithicSettlement;Quarry;StoneCutting;StoneTools;TreeCultivate"
188,Neolithic,"Clay=46570;CopperOre=7089.75;PlantFiber=27745;StoneBrick=21006;StoneChunk=20523.51;WoodLog=102539.68","ClayPit=3;CopperMine=3;FiberGatheringCamp=3;Lumberyard=3;Quarry=3;StoneCuttingWorkshop=3","Agriculture;AnimalHusbandry;ClayExtraction;ControlledFire;FishingTechniques;ForagingGroups;HerbalKnowledge;Mining;Mining_Copper;NeolithicSettlement;Quarry;StoneCutting;StoneTools;TreeCultivate"
189,Neolithic,"Clay=46840;CopperOre=7296.75;PlantFiber=28015;StoneBrick=21222;StoneChunk=20613.51;WoodLog=103499.68","ClayPit=3;CopperMine=3;FiberGatheringCamp=3;Lumberyard=3;Quarry=3;StoneCuttingWorkshop=3","Agriculture;AnimalHusbandry;ClayExtraction;ControlledFire;FishingTechniques;ForagingGroups;HerbalKnowledge;Mining;Mining_Copper;NeolithicSettlement;Quarry;StoneCutting;StoneTools;TreeCultivate"
190,Neolithic,"Clay=47110;CopperOre=7503.75;PlantFiber=28285;StoneBrick=21438;StoneChunk=20703.51;WoodLog=104459.68","ClayPit=3;CopperMine=3;FiberGatheringCamp=3;Lumberyard=3;Quarry=3;StoneCuttingWorkshop=3","Agriculture;AnimalHusbandry;ClayExtraction;ControlledFire;FishingTechniques;ForagingGroups;HerbalKnowledge;Mining;Mining_Copper;NeolithicSettlement;Quarry;StoneCutting;StoneTools;TreeCultivate"
191,Neolithic,"Clay=47380;CopperOre=7710.75;PlantFiber=28555;StoneBrick=21654;StoneChunk=20793.51;WoodLog=105419.68","ClayPit=3;CopperMine=3;FiberGatheringCamp=3;Lumberyard=3;Quarry=3;StoneCuttingWorkshop=3","Agriculture;AnimalHusbandry;ClayExtraction;ControlledFire;FishingTechniques;ForagingGroups;HerbalKnowledge;Mining;Mining_Copper;NeolithicSettlement;Quarry;StoneCutting;StoneTools;TreeCultivate"
192,Neolithic,"Clay=47650;CopperOre=7917.75;PlantFiber=28825;StoneBrick=21870;StoneChunk=20883.51;WoodLog=106379.68","ClayPit=3;CopperMine=3;FiberGatheringCamp=3;Lumberyard=3;Quarry=3;StoneCuttingWorkshop=3","Agriculture;AnimalHusbandry;ClayExtraction;ControlledFire;FishingTechniques;ForagingGroups;HerbalKnowledge;Mining;Mining_Copper;NeolithicSettlement;Quarry;StoneCutting;StoneTools;TreeCultivate"
193,Neolithic,"Clay=47920;CopperOre=8124.75;PlantFiber=29095;StoneBrick=22086;StoneChunk=20973.51;WoodLog=107339.68","ClayPit=3;CopperMine=3;FiberGatheringCamp=3;Lumberyard=3;Quarry=3;StoneCuttingWorkshop=3","Agriculture;AnimalHusbandry;ClayExtraction;ControlledFire;FishingTechniques;ForagingGroups;HerbalKnowledge;Mining;Mining_Copper;NeolithicSettlement;Quarry;StoneCutting;StoneTools;TreeCultivate"
194,Neolithic,"Clay=48190;CopperOre=8331.75;PlantFiber=29365;StoneBrick=22302;StoneChunk=21063.51;WoodLog=108299.68","ClayPit=3;CopperMine=3;FiberGatheringCamp=3;Lumberyard=3;Quarry=3;StoneCuttingWorkshop=3","Agriculture;AnimalHusbandry;ClayExtraction;ControlledFire;FishingTechniques;ForagingGroups;HerbalKnowledge;Mining;Mining_Copper;NeolithicSettlement;Quarry;StoneCutting;StoneTools;TreeCultivate"
195,Neolithic,"Clay=48460;CopperOre=8538.75;PlantFiber=29635;StoneBrick=22518;StoneChunk=21153.51;WoodLog=109259.68","ClayPit=3;CopperMine=3;FiberGatheringCamp=3;Lumberyard=3;Quarry=3;StoneCuttingWorkshop=3","Agriculture;AnimalHusbandry;ClayExtraction;ControlledFire;FishingTechniques;ForagingGroups;HerbalKnowledge;Mining;Mining_Copper;NeolithicSettlement;Quarry;StoneCutting;StoneTools;TreeCultivate"
196,Neolithic,"Clay=48730;CopperOre=8745.75;PlantFiber=29905;StoneBrick=22734;StoneChunk=21243.51;WoodLog=110219.68","ClayPit=3;CopperMine=3;FiberGatheringCamp=3;Lumberyard=3;Quarry=3;StoneCuttingWorkshop=3","Agriculture;AnimalHusbandry;ClayExtraction;ControlledFire;FishingTechniques;ForagingGroups;HerbalKnowledge;Mining;Mining_Copper;NeolithicSettlement;Quarry;StoneCutting;StoneTools;TreeCultivate"
197,Neolithic,"Clay=49000;CopperOre=8952.75;PlantFiber=30175;StoneBrick=22950;StoneChunk=21333.51;WoodLog=111179.68","ClayPit=3;CopperMine=3;FiberGatheringCamp=3;Lumberyard=3;Quarry=3;StoneCuttingWorkshop=3","Agriculture;AnimalHusbandry;ClayExtraction;ControlledFire;FishingTechniques;ForagingGroups;HerbalKnowledge;Mining;Mining_Copper;NeolithicSettlement;Quarry;StoneCutting;StoneTools;TreeCultivate"
198,Neolithic,"Clay=49270;CopperOre=9159.75;PlantFiber=30445;StoneBrick=23166;StoneChunk=21383.51;WoodLog=112059.68","ClayPit=3;CopperMine=3;FiberGatheringCamp=3;Lumberyard=3;Quarry=3;StoneCuttingWorkshop=3","Agriculture;AnimalHusbandry;ClayExtraction;ControlledFire;FishingTechniques;ForagingGroups;HerbalKnowledge;Mining;Mining_Copper;NeolithicSettlement;Quarry;StoneCutting;StoneTools;TreeCultivate;Woodworking"
199,Neolithic,"Clay=49540;CopperOre=9366.75;PlantFiber=30715;StoneBrick=23382;StoneChunk=21473.51;WoodLog=113019.68","ClayPit=3;CopperMine=3;FiberGatheringCamp=3;Lumberyard=3;Quarry=3;StoneCuttingWorkshop=3","Agriculture;AnimalHusbandry;ClayExtraction;ControlledFire;FishingTechniques;ForagingGroups;HerbalKnowledge;Mining;Mining_Copper;NeolithicSettlement;Quarry;StoneCutting;StoneTools;TreeCultivate;Woodworking"
200,Neolithic,"Clay=49810;CopperOre=9573.75;PlantFiber=30985;StoneBrick=23598;StoneChunk=21563.51;WoodLog=113979.68","ClayPit=3;CopperMine=3;FiberGatheringCamp=3;Lumberyard=3;Quarry=3;StoneCuttingWorkshop=3","Agriculture;AnimalHusbandry;ClayExtraction;ControlledFire;FishingTechniques;ForagingGroups;HerbalKnowledge;Mining;Mining_Copper;NeolithicSettlement;Quarry;StoneCutting;StoneTools;TreeCultivate;Woodworking"
201,Neolithic,"Clay=50080;CopperOre=9780.75;PlantFiber=31255;StoneBrick=23814;StoneChunk=21653.51;WoodLog=114939.68","ClayPit=3;CopperMine=3;FiberGatheringCamp=3;Lumberyard=3;Quarry=3;StoneCuttingWorkshop=3","Agriculture;AnimalHusbandry;ClayExtraction;ControlledFire;FishingTechniques;ForagingGroups;HerbalKnowledge;Mining;Mining_Copper;NeolithicSettlement;Quarry;StoneCutting;StoneTools;TreeCultivate;Woodworking"
202,Neolithic,"Clay=50350;CopperOre=9987.75;PlantFiber=31525;StoneBrick=24030;StoneChunk=21743.51;WoodLog=115899.68","ClayPit=3;CopperMine=3;FiberGatheringCamp=3;Lumberyard=3;Quarry=3;StoneCuttingWorkshop=3","Agriculture;AnimalHusbandry;ClayExtraction;ControlledFire;FishingTechniques;ForagingGroups;HerbalKnowledge;Mining;Mining_Copper;NeolithicSettlement;Quarry;StoneCutting;StoneTools;TreeCultivate;Woodworking"
203,Neolithic,"Clay=50620;CopperOre=10194.75;PlantFiber=31795;StoneBrick=24246;StoneChunk=21833.51;WoodLog=116859.68","ClayPit=3;CopperMine=3;FiberGatheringCamp=3;Lumberyard=3;Quarry=3;StoneCuttingWorkshop=3","Agriculture;AnimalHusbandry;ClayExtraction;ControlledFire;FishingTechniques;ForagingGroups;HerbalKnowledge;Mining;Mining_Copper;NeolithicSettlement;Quarry;StoneCutting;StoneTools;TreeCultivate;Woodworking"
204,Neolithic,"Clay=50890;CopperOre=10401.75;PlantFiber=32065;StoneBrick=24462;StoneChunk=21923.51;WoodLog=117819.68","ClayPit=3;CopperMine=3;FiberGatheringCamp=3;Lumberyard=3;Quarry=3;StoneCuttingWorkshop=3","Agriculture;AnimalHusbandry;ClayExtraction;ControlledFire;FishingTechniques;ForagingGroups;HerbalKnowledge;Mining;Mining_Copper;NeolithicSettlement;Quarry;StoneCutting;StoneTools;TreeCultivate;Woodworking"
205,Neolithic,"Clay=51160;CopperOre=10608.75;PlantFiber=32335;StoneBrick=24678;StoneChunk=22013.51;WoodLog=118779.68","ClayPit=3;CopperMine=3;FiberGatheringCamp=3;Lumberyard=3;Quarry=3;StoneCuttingWorkshop=3","Agriculture;AnimalHusbandry;ClayExtraction;ControlledFire;FishingTechniques;ForagingGroups;HerbalKnowledge;Mining;Mining_Copper;NeolithicSettlement;Quarry;StoneCutting;StoneTools;TreeCultivate;Woodworking"
206,Neolithic,"Clay=51430;CopperOre=10815.75;PlantFiber=32605;StoneBrick=24894;StoneChunk=22103.51;WoodLog=119739.68","ClayPit=3;CopperMine=3;FiberGatheringCamp=3;Lumberyard=3;Quarry=3;StoneCuttingWorkshop=3","Agriculture;AnimalHusbandry;ClayExtraction;ControlledFire;FishingTechniques;ForagingGroups;HerbalKnowledge;Mining;Mining_Copper;NeolithicSettlement;Quarry;StoneCutting;StoneTools;TreeCultivate;Woodworking"
207,Neolithic,"Clay=51700;CopperOre=11022.75;PlantFiber=32875;StoneBrick=25110;StoneChunk=22193.51;WoodLog=120699.68","ClayPit=3;CopperMine=3;FiberGatheringCamp=3;Lumberyard=3;Quarry=3;StoneCuttingWorkshop=3","Agriculture;AnimalHusbandry;ClayExtraction;ControlledFire;FishingTechniques;ForagingGroups;HerbalKnowledge;Mining;Mining_Copper;NeolithicSettlement;Quarry;StoneCutting;StoneTools;TreeCultivate;Woodworking"
208,Neolithic,"Clay=51970;CopperOre=11229.75;PlantFiber=33145;StoneBrick=25326;StoneChunk=22283.51;WoodLog=121659.68","ClayPit=3;CopperMine=3;FiberGatheringCamp=3;Lumberyard=3;Quarry=3;StoneCuttingWorkshop=3","Agriculture;AnimalHusbandry;ClayExtraction;ControlledFire;FishingTechniques;ForagingGroups;HerbalKnowledge;Mining;Mining_Copper;NeolithicSettlement;Quarry;StoneCutting;StoneTools;TreeCultivate;Woodworking"
209,Neolithic,"Clay=52240;CopperOre=11436.75;PlantFiber=33415;StoneBrick=25542;StoneChunk=22373.51;WoodLog=122619.68","ClayPit=3;CopperMine=3;FiberGatheringCamp=3;Lumberyard=3;Quarry=3;StoneCuttingWorkshop=3","Agriculture;AnimalHusbandry;ClayExtraction;ControlledFire;FishingTechniques;ForagingGroups;HerbalKnowledge;Mining;Mining_Copper;NeolithicSettlement;Quarry;StoneCutting;StoneTools;TreeCultivate;Woodworking"
210,Neolithic,"Clay=52510;CopperOre=11643.75;PlantFiber=33685;StoneBrick=25758;StoneChunk=22463.51;WoodLog=123579.68","ClayPit=3;CopperMine=3;FiberGatheringCamp=3;Lumberyard=3;Quarry=3;StoneCuttingWorkshop=3","Agriculture;AnimalHusbandry;ClayExtraction;ControlledFire;FishingTechniques;ForagingGroups;HerbalKnowledge;Mining;Mining_Copper;NeolithicSettlement;Quarry;StoneCutting;StoneTools;TreeCultivate;Woodworking"
211,Neolithic,"Clay=52780;CopperOre=11850.75;PlantFiber=33955;StoneBrick=25974;StoneChunk=22553.51;WoodLog=124539.68","ClayPit=3;CopperMine=3;FiberGatheringCamp=3;Lumberyard=3;Quarry=3;StoneCuttingWorkshop=3","Agriculture;AnimalHusbandry;ClayExtraction;ControlledFire;FishingTechniques;ForagingGroups;HerbalKnowledge;Mining;Mining_Copper;NeolithicSettlement;Quarry;StoneCutting;StoneTools;TreeCultivate;Woodworking"
212,Neolithic,"Clay=53050;CopperOre=12057.75;PlantFiber=34225;StoneBrick=26190;StoneChunk=22643.51;WoodLog=125499.68","ClayPit=3;CopperMine=3;FiberGatheringCamp=3;Lumberyard=3;Quarry=3;StoneCuttingWorkshop=3","Agriculture;AnimalHusbandry;ClayExtraction;ControlledFire;FishingTechniques;ForagingGroups;HerbalKnowledge;Mining;Mining_Copper;NeolithicSettlement;Quarry;StoneCutting;StoneTools;TreeCultivate;Woodworking"
213,Neolithic,"Clay=53320;CopperOre=12264.75;PlantFiber=34495;StoneBrick=26406;StoneChunk=22733.51;WoodLog=126459.68","ClayPit=3;CopperMine=3;FiberGatheringCamp=3;Lumberyard=3;Quarry=3;StoneCuttingWorkshop=3","Agriculture;AnimalHusbandry;ClayExtraction;ControlledFire;FishingTechniques;ForagingGroups;HerbalKnowledge;Mining;Mining_Copper;NeolithicSettlement;Quarry;StoneCutting;StoneTools;TreeCultivate;Woodworking"
214,Neolithic,"Clay=53590;CopperOre=12471.75;PlantFiber=34765;StoneBrick=26622;StoneChunk=22823.51;WoodLog=127419.68","ClayPit=3;CopperMine=3;FiberGatheringCamp=3;Lumberyard=3;Quarry=3;StoneCuttingWorkshop=3","Agriculture;AnimalHusbandry;ClayExtraction;ControlledFire;FishingTechniques;ForagingGroups;HerbalKnowledge;Mining;Mining_Copper;NeolithicSettlement;Quarry;StoneCutting;StoneTools;TreeCultivate;Woodworking"
215,Neolithic,"Clay=53860;CopperOre=12678.75;PlantFiber=35035;StoneBrick=26838;StoneChunk=22913.51;WoodLog=128379.68","ClayPit=3;CopperMine=3;FiberGatheringCamp=3;Lumberyard=3;Quarry=3;StoneCuttingWorkshop=3","Agriculture;AnimalHusbandry;ClayExtraction;ControlledFire;FishingTechniques;ForagingGroups;HerbalKnowledge;Mining;Mining_Copper;NeolithicSettlement;Quarry;StoneCutting;StoneTools;TreeCultivate;Woodworking"
216,Neolithic,"Clay=54130;CopperOre=12885.75;PlantFiber=35305;StoneBrick=27054;StoneChunk=23003.51;WoodLog=129339.68","ClayPit=3;CopperMine=3;FiberGatheringCamp=3;Lumberyard=3;Quarry=3;StoneCuttingWorkshop=3","Agriculture;AnimalHusbandry;ClayExtraction;ControlledFire;FishingTechniques;ForagingGroups;HerbalKnowledge;Mining;Mining_Copper;NeolithicSettlement;Quarry;StoneCutting;StoneTools;TreeCultivate;Woodworking"
217,Neolithic,"Clay=54400;CopperOre=13092.75;PlantFiber=35575;StoneBrick=27270;StoneChunk=23093.51;WoodLog=130299.68","ClayPit=3;CopperMine=3;FiberGatheringCamp=3;Lumberyard=3;Quarry=3;StoneCuttingWorkshop=3","Agriculture;AnimalHusbandry;ClayExtraction;ControlledFire;FishingTechniques;ForagingGroups;HerbalKnowledge;Mining;Mining_Copper;NeolithicSettlement;Quarry;StoneCutting;StoneTools;TreeCultivate;Woodworking"
218,Neolithic,"Clay=54670;CopperOre=13299.75;PlantFiber=35845;StoneBrick=27486;StoneChunk=23183.51;WoodLog=131259.68","ClayPit=3;CopperMine=3;FiberGatheringCamp=3;Lumberyard=3;Quarry=3;StoneCuttingWorkshop=3","Agriculture;AnimalHusbandry;ClayExtraction;ControlledFire;FishingTechniques;ForagingGroups;HerbalKnowledge;Mining;Mining_Copper;NeolithicSettlement;Quarry;StoneCutting;StoneTools;TreeCultivate;Woodworking"
219,Neolithic,"Clay=54940;CopperOre=13506.75;PlantFiber=36115;StoneBrick=27702;StoneChunk=23273.51;WoodLog=132219.68","ClayPit=3;CopperMine=3;FiberGatheringCamp=3;Lumberyard=3;Quarry=3;StoneCuttingWorkshop=3","Agriculture;AnimalHusbandry;ClayExtraction;ControlledFire;FishingTechniques;ForagingGroups;HerbalKnowledge;Mining;Mining_Copper;NeolithicSettlement;Quarry;StoneCutting;StoneTools;TreeCultivate;Woodworking"
220,Neolithic,"Clay=55210;CopperOre=13713.75;PlantFiber=36385;StoneBrick=27918;StoneChunk=23363.51;WoodLog=133179.68","ClayPit=3;CopperMine=3;FiberGatheringCamp=3;Lumberyard=3;Quarry=3;StoneCuttingWorkshop=3","Agriculture;AnimalHusbandry;ClayExtraction;ControlledFire;FishingTechniques;ForagingGroups;HerbalKnowledge;Mining;Mining_Copper;NeolithicSettlement;Quarry;StoneCutting;StoneTools;TreeCultivate;Woodworking"
221,Neolithic,"Clay=55480;CopperOre=13920.75;PlantFiber=36655;StoneBrick=28134;StoneChunk=23453.51;WoodLog=134139.68","ClayPit=3;CopperMine=3;FiberGatheringCamp=3;Lumberyard=3;Quarry=3;StoneCuttingWorkshop=3","Agriculture;AnimalHusbandry;ClayExtraction;ControlledFire;FishingTechniques;ForagingGroups;HerbalKnowledge;Mining;Mining_Copper;NeolithicSettlement;Quarry;StoneCutting;StoneTools;TreeCultivate;Woodworking"
222,Neolithic,"Clay=55750;CopperOre=14127.75;PlantFiber=36925;StoneBrick=28350;StoneChunk=23543.51;WoodLog=135099.68","ClayPit=3;CopperMine=3;FiberGatheringCamp=3;Lumberyard=3;Quarry=3;StoneCuttingWorkshop=3","Agriculture;AnimalHusbandry;ClayExtraction;ControlledFire;FishingTechniques;ForagingGroups;HerbalKnowledge;Mining;Mining_Copper;NeolithicSettlement;Quarry;StoneCutting;StoneTools;TreeCultivate;Woodworking"
223,Neolithic,"Clay=56020;CopperOre=14334.75;PlantFiber=37195;StoneBrick=28566;StoneChunk=23583.51;WoodLog=135979.68","ClayPit=3;CopperMine=3;FiberGatheringCamp=3;Lumberyard=3;Quarry=3;StoneCuttingWorkshop=3","Agriculture;AnimalHusbandry;ClayExtraction;ControlledFire;FishingTechniques;ForagingGroups;HerbalKnowledge;Mathematics;Mining;Mining_Copper;NeolithicSettlement;Quarry;StoneCutting;StoneTools;TreeCultivate;Woodworking"
224,Neolithic,"Clay=56290;CopperOre=14541.75;PlantFiber=37465;StoneBrick=28782;StoneChunk=23673.51;WoodLog=136939.68","ClayPit=3;CopperMine=3;FiberGatheringCamp=3;Lumberyard=3;Quarry=3;StoneCuttingWorkshop=3","Agriculture;AnimalHusbandry;ClayExtraction;ControlledFire;FishingTechniques;ForagingGroups;HerbalKnowledge;Mathematics;Mining;Mining_Copper;NeolithicSettlement;Quarry;StoneCutting;StoneTools;TreeCultivate;Woodworking"
225,Neolithic,"Clay=56560;CopperOre=14748.75;PlantFiber=37735;StoneBrick=28998;StoneChunk=23763.51;WoodLog=137899.68","ClayPit=3;CopperMine=3;FiberGatheringCamp=3;Lumberyard=3;Quarry=3;StoneCuttingWorkshop=3","Agriculture;AnimalHusbandry;ClayExtraction;ControlledFire;FishingTechniques;ForagingGroups;HerbalKnowledge;Mathematics;Mining;Mining_Copper;NeolithicSettlement;Quarry;StoneCutting;StoneTools;TreeCultivate;Woodworking"
226,Neolithic,"Clay=56830;CopperOre=14955.75;PlantFiber=38005;StoneBrick=29214;StoneChunk=23853.51;WoodLog=138859.68","ClayPit=3;CopperMine=3;FiberGatheringCamp=3;Lumberyard=3;Quarry=3;StoneCuttingWorkshop=3","Agriculture;AnimalHusbandry;ClayExtraction;ControlledFire;FishingTechniques;ForagingGroups;HerbalKnowledge;Mathematics;Mining;Mining_Copper;NeolithicSettlement;Quarry;StoneCutting;StoneTools;TreeCultivate;Woodworking"
227,Neolithic,"Clay=57100;CopperOre=15162.75;PlantFiber=38275;StoneBrick=29430;StoneChunk=23943.51;WoodLog=139819.68","ClayPit=3;CopperMine=3;FiberGatheringCamp=3;Lumberyard=3;Quarry=3;StoneCuttingWorkshop=3","Agriculture;AnimalHusbandry;ClayExtraction;ControlledFire;FishingTechniques;ForagingGroups;HerbalKnowledge;Mathematics;Mining;Mining_Copper;NeolithicSettlement;Quarry;StoneCutting;StoneTools;TreeCultivate;Woodworking"
228,Neolithic,"Clay=57370;CopperOre=15369.75;PlantFiber=38545;StoneBrick=29646;StoneChunk=24033.51;WoodLog=140779.68","ClayPit=3;CopperMine=3;FiberGatheringCamp=3;Lumberyard=3;Quarry=3;StoneCuttingWorkshop=3","Agriculture;AnimalHusbandry;ClayExtraction;ControlledFire;FishingTechniques;ForagingGroups;HerbalKnowledge;Mathematics;Mining;Mining_Copper;NeolithicSettlement;Quarry;StoneCutting;StoneTools;TreeCultivate;Woodworking"
229,Neolithic,"Clay=57640;CopperOre=15576.75;PlantFiber=38815;StoneBrick=29862;StoneChunk=24123.51;WoodLog=141739.68","ClayPit=3;CopperMine=3;FiberGatheringCamp=3;Lumberyard=3;Quarry=3;StoneCuttingWorkshop=3","Agriculture;AnimalHusbandry;ClayExtraction;ControlledFire;FishingTechniques;ForagingGroups;HerbalKnowledge;Mathematics;Mining;Mining_Copper;NeolithicSettlement;Quarry;StoneCutting;StoneTools;TreeCultivate;Woodworking"
230,Neolithic,"Clay=57910;CopperOre=15783.75;PlantFiber=39085;StoneBrick=30078;StoneChunk=24213.51;WoodLog=142699.68","ClayPit=3;CopperMine=3;FiberGatheringCamp=3;Lumberyard=3;Quarry=3;StoneCuttingWorkshop=3","Agriculture;AnimalHusbandry;ClayExtraction;ControlledFire;FishingTechniques;ForagingGroups;HerbalKnowledge;Mathematics;Mining;Mining_Copper;NeolithicSettlement;Quarry;StoneCutting;StoneTools;TreeCultivate;Woodworking"
231,Neolithic,"Clay=58180;CopperOre=15990.75;PlantFiber=39355;StoneBrick=30294;StoneChunk=24303.51;WoodLog=143659.68","ClayPit=3;CopperMine=3;FiberGatheringCamp=3;Lumberyard=3;Quarry=3;StoneCuttingWorkshop=3","Agriculture;AnimalHusbandry;ClayExtraction;ControlledFire;FishingTechniques;ForagingGroups;HerbalKnowledge;Mathematics;Mining;Mining_Copper;NeolithicSettlement;Quarry;StoneCutting;StoneTools;TreeCultivate;Woodworking"
232,Neolithic,"Clay=58450;CopperOre=16197.75;PlantFiber=39625;StoneBrick=30510;StoneChunk=24393.51;WoodLog=144619.68","ClayPit=3;CopperMine=3;FiberGatheringCamp=3;Lumberyard=3;Quarry=3;StoneCuttingWorkshop=3","Agriculture;AnimalHusbandry;ClayExtraction;ControlledFire;FishingTechniques;ForagingGroups;HerbalKnowledge;Mathematics;Mining;Mining_Copper;NeolithicSettlement;Quarry;StoneCutting;StoneTools;TreeCultivate;Woodworking"
233,Neolithic,"Clay=58720;CopperOre=16404.75;PlantFiber=39895;StoneBrick=30726;StoneChunk=24483.51;WoodLog=145579.68","ClayPit=3;CopperMine=3;FiberGatheringCamp=3;Lumberyard=3;Quarry=3;StoneCuttingWorkshop=3","Agriculture;AnimalHusbandry;ClayExtraction;ControlledFire;FishingTechniques;ForagingGroups;HerbalKnowledge;Mathematics;Mining;Mining_Copper;NeolithicSettlement;Quarry;StoneCutting;StoneTools;TreeCultivate;Woodworking"
234,Neolithic,"Clay=58990;CopperOre=16611.75;PlantFiber=40165;StoneBrick=30942;StoneChunk=24573.51;WoodLog=146539.68","ClayPit=3;CopperMine=3;FiberGatheringCamp=3;Lumberyard=3;Quarry=3;StoneCuttingWorkshop=3","Agriculture;AnimalHusbandry;ClayExtraction;ControlledFire;FishingTechniques;ForagingGroups;HerbalKnowledge;Mathematics;Mining;Mining_Copper;NeolithicSettlement;Quarry;StoneCutting;StoneTools;TreeCultivate;Woodworking"
235,Neolithic,"Clay=59260;CopperOre=16818.75;PlantFiber=40435;StoneBrick=31158;StoneChunk=24663.51;WoodLog=147499.68","ClayPit=3;CopperMine=3;FiberGatheringCamp=3;Lumberyard=3;Quarry=3;StoneCuttingWorkshop=3","Agriculture;AnimalHusbandry;ClayExtraction;ControlledFire;FishingTechniques;ForagingGroups;HerbalKnowledge;Mathematics;Mining;Mining_Copper;NeolithicSettlement;Quarry;StoneCutting;StoneTools;TreeCultivate;Woodworking"
236,Neolithic,"Clay=59530;CopperOre=17025.75;PlantFiber=40705;StoneBrick=31374;StoneChunk=24753.51;WoodLog=148459.68","ClayPit=3;CopperMine=3;FiberGatheringCamp=3;Lumberyard=3;Quarry=3;StoneCuttingWorkshop=3","Agriculture;AnimalHusbandry;ClayExtraction;ControlledFire;FishingTechniques;ForagingGroups;HerbalKnowledge;Mathematics;Mining;Mining_Copper;NeolithicSettlement;Quarry;StoneCutting;StoneTools;TreeCultivate;Woodworking"
237,Neolithic,"Clay=59800;CopperOre=17232.75;PlantFiber=40975;StoneBrick=31590;StoneChunk=24843.51;WoodLog=149419.68","ClayPit=3;CopperMine=3;FiberGatheringCamp=3;Lumberyard=3;Quarry=3;StoneCuttingWorkshop=3","Agriculture;AnimalHusbandry;ClayExtraction;ControlledFire;FishingTechniques;ForagingGroups;HerbalKnowledge;Mathematics;Mining;Mining_Copper;NeolithicSettlement;Quarry;StoneCutting;StoneTools;TreeCultivate;Woodworking"
238,Neolithic,"Clay=60070;CopperOre=17439.75;PlantFiber=41245;StoneBrick=31806;StoneChunk=24933.51;WoodLog=150379.68","ClayPit=3;CopperMine=3;FiberGatheringCamp=3;Lumberyard=3;Quarry=3;StoneCuttingWorkshop=3","Agriculture;AnimalHusbandry;ClayExtraction;ControlledFire;FishingTechniques;ForagingGroups;HerbalKnowledge;Mathematics;Mining;Mining_Copper;NeolithicSettlement;Quarry;StoneCutting;StoneTools;TreeCultivate;Woodworking"
239,Neolithic,"Clay=60340;CopperOre=17646.75;PlantFiber=41515;StoneBrick=32022;StoneChunk=25023.51;WoodLog=151339.68","ClayPit=3;CopperMine=3;FiberGatheringCamp=3;Lumberyard=3;Quarry=3;StoneCuttingWorkshop=3","Agriculture;AnimalHusbandry;ClayExtraction;ControlledFire;FishingTechniques;ForagingGroups;HerbalKnowledge;Mathematics;Mining;Mining_Copper;NeolithicSettlement;Quarry;StoneCutting;StoneTools;TreeCultivate;Woodworking"
240,Neolithic,"Clay=60610;CopperOre=17853.75;PlantFiber=41785;StoneBrick=32238;StoneChunk=25113.51;WoodLog=152299.68","ClayPit=3;CopperMine=3;FiberGatheringCamp=3;Lumberyard=3;Quarry=3;StoneCuttingWorkshop=3","Agriculture;AnimalHusbandry;ClayExtraction;ControlledFire;FishingTechniques;ForagingGroups;HerbalKnowledge;Mathematics;Mining;Mining_Copper;NeolithicSettlement;Quarry;StoneCutting;StoneTools;TreeCultivate;Woodworking"
241,Neolithic,"Clay=60830;CopperOre=18060.75;PlantFiber=42055;StoneBrick=32454;StoneChunk=25203.51;WoodLog=153259.68","ClayPit=3;CopperMine=3;FiberGatheringCamp=3;Lumberyard=3;Quarry=3;StoneCuttingWorkshop=3","Agriculture;AnimalHusbandry;ClayExtraction;ControlledFire;FishingTechniques;ForagingGroups;Geometry;HerbalKnowledge;Mathematics;Mining;Mining_Copper;NeolithicSettlement;Quarry;StoneCutting;StoneTools;TreeCultivate;Woodworking"
242,Neolithic,"Clay=61100;CopperOre=18267.75;PlantFiber=42325;StoneBrick=32670;StoneChunk=25293.51;WoodLog=154219.68","ClayPit=3;CopperMine=3;FiberGatheringCamp=3;Lumberyard=3;Quarry=3;StoneCuttingWorkshop=3","Agriculture;AnimalHusbandry;ClayExtraction;ControlledFire;FishingTechniques;ForagingGroups;Geometry;HerbalKnowledge;Mathematics;Mining;Mining_Copper;NeolithicSettlement;Quarry;StoneCutting;StoneTools;TreeCultivate;Woodworking"
243,Neolithic,"Clay=61370;CopperOre=18474.75;PlantFiber=42595;StoneBrick=32886;StoneChunk=25383.51;WoodLog=155179.68","ClayPit=3;CopperMine=3;FiberGatheringCamp=3;Lumberyard=3;Quarry=3;StoneCuttingWorkshop=3","Agriculture;AnimalHusbandry;ClayExtraction;ControlledFire;FishingTechniques;ForagingGroups;Geometry;HerbalKnowledge;Mathematics;Mining;Mining_Copper;NeolithicSettlement;Quarry;StoneCutting;StoneTools;TreeCultivate;Woodworking"
244,Neolithic,"Clay=61640;CopperOre=18681.75;PlantFiber=42865;StoneBrick=33102;StoneChunk=25473.51;WoodLog=156139.68","ClayPit=3;CopperMine=3;FiberGatheringCamp=3;Lumberyard=3;Quarry=3;StoneCuttingWorkshop=3","Agriculture;AnimalHusbandry;ClayExtraction;ControlledFire;FishingTechniques;ForagingGroups;Geometry;HerbalKnowledge;Mathematics;Mining;Mining_Copper;NeolithicSettlement;Quarry;StoneCutting;StoneTools;TreeCultivate;Woodworking"
245,Neolithic,"Clay=61910;CopperOre=18888.75;PlantFiber=43135;StoneBrick=33318;StoneChunk=25563.51;WoodLog=157099.68","ClayPit=3;CopperMine=3;FiberGatheringCamp=3;Lumberyard=3;Quarry=3;StoneCuttingWorkshop=3","Agriculture;AnimalHusbandry;ClayExtraction;ControlledFire;FishingTechniques;ForagingGroups;Geometry;HerbalKnowledge;Mathematics;Mining;Mining_Copper;NeolithicSettlement;Quarry;StoneCutting;StoneTools;TreeCultivate;Woodworking"
246,Neolithic,"Clay=62180;CopperOre=19095.75;PlantFiber=43405;StoneBrick=33534;StoneChunk=25653.51;WoodLog=158059.68","ClayPit=3;CopperMine=3;FiberGatheringCamp=3;Lumberyard=3;Quarry=3;StoneCuttingWorkshop=3","Agriculture;AnimalHusbandry;ClayExtraction;ControlledFire;FishingTechniques;ForagingGroups;Geometry;HerbalKnowledge;Mathematics;Mining;Mining_Copper;NeolithicSettlement;Quarry;StoneCutting;StoneTools;TreeCultivate;Woodworking"
247,Neolithic,"Clay=62450;CopperOre=19302.75;PlantFiber=43675;StoneBrick=33750;StoneChunk=25743.51;WoodLog=159019.68","ClayPit=3;CopperMine=3;FiberGatheringCamp=3;Lumberyard=3;Quarry=3;StoneCuttingWorkshop=3","Agriculture;AnimalHusbandry;ClayExtraction;ControlledFire;FishingTechniques;ForagingGroups;Geometry;HerbalKnowledge;Mathematics;Mining;Mining_Copper;NeolithicSettlement;Quarry;StoneCutting;StoneTools;TreeCultivate;Woodworking"
248,Neolithic,"Clay=62720;CopperOre=19509.75;PlantFiber=43945;StoneBrick=33966;StoneChunk=25833.51;WoodLog=159979.68","ClayPit=3;CopperMine=3;FiberGatheringCamp=3;Lumberyard=3;Quarry=3;StoneCuttingWorkshop=3","Agriculture;AnimalHusbandry;ClayExtraction;ControlledFire;FishingTechniques;ForagingGroups;Geometry;HerbalKnowledge;Mathematics;Mining;Mining_Copper;NeolithicSettlement;Quarry;StoneCutting;StoneTools;TreeCultivate;Woodworking"
249,Neolithic,"Clay=62990;CopperOre=19716.75;PlantFiber=44215;StoneBrick=34182;StoneChunk=25923.51;WoodLog=160939.68","ClayPit=3;CopperMine=3;FiberGatheringCamp=3;Lumberyard=3;Quarry=3;StoneCuttingWorkshop=3","Agriculture;AnimalHusbandry;ClayExtraction;ControlledFire;FishingTechniques;ForagingGroups;Geometry;HerbalKnowledge;Mathematics;Mining;Mining_Copper;NeolithicSettlement;Quarry;StoneCutting;StoneTools;TreeCultivate;Woodworking"
250,Neolithic,"Clay=63260;CopperOre=19923.75;PlantFiber=44485;StoneBrick=34398;StoneChunk=26013.51;WoodLog=161899.68","ClayPit=3;CopperMine=3;FiberGatheringCamp=3;Lumberyard=3;Quarry=3;StoneCuttingWorkshop=3","Agriculture;AnimalHusbandry;ClayExtraction;ControlledFire;FishingTechniques;ForagingGroups;Geometry;HerbalKnowledge;Mathematics;Mining;Mining_Copper;NeolithicSettlement;Quarry;StoneCutting;StoneTools;TreeCultivate;Woodworking"
251,Neolithic,"Clay=63530;CopperOre=20130.75;PlantFiber=44755;StoneBrick=34614;StoneChunk=26103.51;WoodLog=162859.68","ClayPit=3;CopperMine=3;FiberGatheringCamp=3;Lumberyard=3;Quarry=3;StoneCuttingWorkshop=3","Agriculture;AnimalHusbandry;ClayExtraction;ControlledFire;FishingTechniques;ForagingGroups;Geometry;HerbalKnowledge;Mathematics;Mining;Mining_Copper;NeolithicSettlement;Quarry;StoneCutting;StoneTools;TreeCultivate;Woodworking"
252,Neolithic,"Clay=63800;CopperOre=20337.75;PlantFiber=45025;StoneBrick=34830;StoneChunk=26193.51;WoodLog=163819.68","ClayPit=3;CopperMine=3;FiberGatheringCamp=3;Lumberyard=3;Quarry=3;StoneCuttingWorkshop=3","Agriculture;AnimalHusbandry;ClayExtraction;ControlledFire;FishingTechniques;ForagingGroups;Geometry;HerbalKnowledge;Mathematics;Mining;Mining_Copper;NeolithicSettlement;Quarry;StoneCutting;StoneTools;TreeCultivate;Woodworking"
253,Neolithic,"Clay=64070;CopperOre=20544.75;PlantFiber=45295;StoneBrick=35046;StoneChunk=26283.51;WoodLog=164779.68","ClayPit=3;CopperMine=3;FiberGatheringCamp=3;Lumberyard=3;Quarry=3;StoneCuttingWorkshop=3","Agriculture;AnimalHusbandry;ClayExtraction;ControlledFire;FishingTechniques;ForagingGroups;Geometry;HerbalKnowledge;Mathematics;Mining;Mining_Copper;NeolithicSettlement;Quarry;StoneCutting;StoneTools;TreeCultivate;Woodworking"
254,Neolithic,"Clay=64340;CopperOre=20751.75;PlantFiber=45565;StoneBrick=35262;StoneChunk=26373.51;WoodLog=165739.68","ClayPit=3;CopperMine=3;FiberGatheringCamp=3;Lumberyard=3;Quarry=3;StoneCuttingWorkshop=3","Agriculture;AnimalHusbandry;ClayExtraction;ControlledFire;FishingTechniques;ForagingGroups;Geometry;HerbalKnowledge;Mathematics;Mining;Mining_Copper;NeolithicSettlement;Quarry;StoneCutting;StoneTools;TreeCultivate;Woodworking"
255,Neolithic,"Clay=64610;CopperOre=20958.75;PlantFiber=45835;StoneBrick=35478;StoneChunk=26463.51;WoodLog=166699.68","ClayPit=3;CopperMine=3;FiberGatheringCamp=3;Lumberyard=3;Quarry=3;StoneCuttingWorkshop=3","Agriculture;AnimalHusbandry;ClayExtraction;ControlledFire;FishingTechniques;ForagingGroups;Geometry;HerbalKnowledge;Mathematics;Mining;Mining_Copper;NeolithicSettlement;Quarry;StoneCutting;StoneTools;TreeCultivate;Woodworking"
256,Neolithic,"Clay=64880;CopperOre=21165.75;PlantFiber=46105;StoneBrick=35694;StoneChunk=26553.51;WoodLog=167659.68","ClayPit=3;CopperMine=3;FiberGatheringCamp=3;Lumberyard=3;Quarry=3;StoneCuttingWorkshop=3","Agriculture;AnimalHusbandry;ClayExtraction;ControlledFire;FishingTechniques;ForagingGroups;Geometry;HerbalKnowledge;Mathematics;Mining;Mining_Copper;NeolithicSettlement;Quarry;StoneCutting;StoneTools;TreeCultivate;Woodworking"
257,Neolithic,"Clay=65070;CopperOre=21372.75;PlantFiber=46375;Pottery=33;StoneBrick=35910;StoneChunk=26613.51;WoodLog=168483.68","ClayPit=3;CopperMine=3;FiberGatheringCamp=3;Lumberyard=3;PotteryKiln=1;Quarry=3;StoneCuttingWorkshop=3","Agriculture;AnimalHusbandry;ClayExtraction;ControlledFire;FishingTechniques;ForagingGroups;Geometry;HerbalKnowledge;Mathematics;Mining;Mining_Copper;NeolithicSettlement;Pottery;Quarry;StoneCutting;StoneTools;TreeCultivate;Woodworking"
258,Neolithic,"Clay=65109.72;CopperOre=21579.75;PlantFiber=46645;Pottery=148.5;StoneBrick=36126;StoneChunk=26703.51;WoodLog=169297.4","ClayPit=3;CopperMine=3;FiberGatheringCamp=3;Lumberyard=3;PotteryKiln=3;Quarry=3;StoneCuttingWorkshop=3","Agriculture;AnimalHusbandry;ClayExtraction;ControlledFire;FishingTechniques;ForagingGroups;Geometry;HerbalKnowledge;Mathematics;Mining;Mining_Copper;NeolithicSettlement;Pottery;Quarry;StoneCutting;StoneTools;TreeCultivate;Woodworking"
259,Neolithic,"Clay=65199.72;CopperOre=21786.75;PlantFiber=46915;Pottery=346.5;StoneBrick=36342;StoneChunk=26793.51;WoodLog=170221.4","ClayPit=3;CopperMine=3;FiberGatheringCamp=3;Lumberyard=3;PotteryKiln=3;Quarry=3;StoneCuttingWorkshop=3","Agriculture;AnimalHusbandry;ClayExtraction;ControlledFire;FishingTechniques;ForagingGroups;Geometry;HerbalKnowledge;Mathematics;Mining;Mining_Copper;NeolithicSettlement;Pottery;Quarry;StoneCutting;StoneTools;TreeCultivate;Woodworking"
260,Neolithic,"Clay=65289.72;CopperOre=21993.75;PlantFiber=47185;Pottery=544.5;StoneBrick=36558;StoneChunk=26883.51;WoodLog=171145.4","ClayPit=3;CopperMine=3;FiberGatheringCamp=3;Lumberyard=3;PotteryKiln=3;Quarry=3;StoneCuttingWorkshop=3","Agriculture;AnimalHusbandry;ClayExtraction;ControlledFire;FishingTechniques;ForagingGroups;Geometry;HerbalKnowledge;Mathematics;Mining;Mining_Copper;NeolithicSettlement;Pottery;Quarry;StoneCutting;StoneTools;TreeCultivate;Woodworking"
261,Neolithic,"Clay=65379.72;CopperOre=22200.75;PlantFiber=47455;Pottery=742.5;StoneBrick=36774;StoneChunk=26973.51;WoodLog=172069.4","ClayPit=3;CopperMine=3;FiberGatheringCamp=3;Lumberyard=3;PotteryKiln=3;Quarry=3;StoneCuttingWorkshop=3","Agriculture;AnimalHusbandry;ClayExtraction;ControlledFire;FishingTechniques;ForagingGroups;Geometry;HerbalKnowledge;Mathematics;Mining;Mining_Copper;NeolithicSettlement;Pottery;Quarry;StoneCutting;StoneTools;TreeCultivate;Woodworking"
262,Neolithic,"Clay=65469.72;CopperOre=22407.75;PlantFiber=47725;Pottery=940.5;StoneBrick=36990;StoneChunk=27063.51;WoodLog=172993.4","ClayPit=3;CopperMine=3;FiberGatheringCamp=3;Lumberyard=3;PotteryKiln=3;Quarry=3;StoneCuttingWorkshop=3","Agriculture;AnimalHusbandry;ClayExtraction;ControlledFire;FishingTechniques;ForagingGroups;Geometry;HerbalKnowledge;Mathematics;Mining;Mining_Copper;NeolithicSettlement;Pottery;Quarry;StoneCutting;StoneTools;TreeCultivate;Woodworking"
263,Neolithic,"Clay=65559.72;CopperOre=22614.75;PlantFiber=47995;Pottery=1138.5;StoneBrick=37206;StoneChunk=27153.51;WoodLog=173917.4","ClayPit=3;CopperMine=3;FiberGatheringCamp=3;Lumberyard=3;PotteryKiln=3;Quarry=3;StoneCuttingWorkshop=3","Agriculture;AnimalHusbandry;ClayExtraction;ControlledFire;FishingTechniques;ForagingGroups;Geometry;HerbalKnowledge;Mathematics;Mining;Mining_Copper;NeolithicSettlement;Pottery;Quarry;StoneCutting;StoneTools;TreeCultivate;Woodworking"
264,Neolithic,"Clay=65649.72;CopperOre=22821.75;PlantFiber=48265;Pottery=1336.5;StoneBrick=37422;StoneChunk=27243.51;WoodLog=174841.4","ClayPit=3;CopperMine=3;FiberGatheringCamp=3;Lumberyard=3;PotteryKiln=3;Quarry=3;StoneCuttingWorkshop=3","Agriculture;AnimalHusbandry;ClayExtraction;ControlledFire;FishingTechniques;ForagingGroups;Geometry;HerbalKnowledge;Mathematics;Mining;Mining_Copper;NeolithicSettlement;Pottery;Quarry;StoneCutting;StoneTools;TreeCultivate;Woodworking"
265,Neolithic,"Clay=65739.72;CopperOre=23028.75;PlantFiber=48535;Pottery=1534.5;StoneBrick=37638;StoneChunk=27333.51;WoodLog=175765.4","ClayPit=3;CopperMine=3;FiberGatheringCamp=3;Lumberyard=3;PotteryKiln=3;Quarry=3;StoneCuttingWorkshop=3","Agriculture;AnimalHusbandry;ClayExtraction;ControlledFire;FishingTechniques;ForagingGroups;Geometry;HerbalKnowledge;Mathematics;Mining;Mining_Copper;NeolithicSettlement;Pottery;Quarry;StoneCutting;StoneTools;TreeCultivate;Woodworking"
266,Neolithic,"Clay=65829.72;CopperOre=23235.75;PlantFiber=48805;Pottery=1732.5;StoneBrick=37854;StoneChunk=27423.51;WoodLog=176689.4","ClayPit=3;CopperMine=3;FiberGatheringCamp=3;Lumberyard=3;PotteryKiln=3;Quarry=3;StoneCuttingWorkshop=3","Agriculture;AnimalHusbandry;ClayExtraction;ControlledFire;FishingTechniques;ForagingGroups;Geometry;HerbalKnowledge;Mathematics;Mining;Mining_Copper;NeolithicSettlement;Pottery;Quarry;StoneCutting;StoneTools;TreeCultivate;Woodworking"
267,Neolithic,"Clay=65919.72;CopperOre=23442.75;PlantFiber=49075;Pottery=1930.5;StoneBrick=38070;StoneChunk=27513.51;WoodLog=177613.4","ClayPit=3;CopperMine=3;FiberGatheringCamp=3;Lumberyard=3;PotteryKiln=3;Quarry=3;StoneCuttingWorkshop=3","Agriculture;AnimalHusbandry;ClayExtraction;ControlledFire;FishingTechniques;ForagingGroups;Geometry;HerbalKnowledge;Mathematics;Mining;Mining_Copper;NeolithicSettlement;Pottery;Quarry;StoneCutting;StoneTools;TreeCultivate;Woodworking"
268,Neolithic,"Clay=66009.72;CopperOre=23649.75;PlantFiber=49345;Pottery=2128.5;StoneBrick=38286;StoneChunk=27603.51;WoodLog=178537.4","ClayPit=3;CopperMine=3;FiberGatheringCamp=3;Lumberyard=3;PotteryKiln=3;Quarry=3;StoneCuttingWorkshop=3","Agriculture;AnimalHusbandry;ClayExtraction;ControlledFire;FishingTechniques;ForagingGroups;Geometry;HerbalKnowledge;Mathematics;Mining;Mining_Copper;NeolithicSettlement;Pottery;Quarry;StoneCutting;StoneTools;TreeCultivate;Woodworking"
269,Neolithic,"Clay=66099.72;CopperOre=23856.75;PlantFiber=49615;Pottery=2326.5;StoneBrick=38502;StoneChunk=27693.51;WoodLog=179461.4","ClayPit=3;CopperMine=3;FiberGatheringCamp=3;Lumberyard=3;PotteryKiln=3;Quarry=3;StoneCuttingWorkshop=3","Agriculture;AnimalHusbandry;ClayExtraction;ControlledFire;FishingTechniques;ForagingGroups;Geometry;HerbalKnowledge;Mathematics;Mining;Mining_Copper;NeolithicSettlement;Pottery;Quarry;StoneCutting;StoneTools;TreeCultivate;Woodworking"
270,Neolithic,"Clay=66189.72;CopperOre=24063.75;PlantFiber=49885;Pottery=2524.5;StoneBrick=38718;StoneChunk=27783.51;WoodLog=180385.4","ClayPit=3;CopperMine=3;FiberGatheringCamp=3;Lumberyard=3;PotteryKiln=3;Quarry=3;StoneCuttingWorkshop=3","Agriculture;AnimalHusbandry;ClayExtraction;ControlledFire;FishingTechniques;ForagingGroups;Geometry;HerbalKnowledge;Mathematics;Mining;Mining_Copper;NeolithicSettlement;Pottery;Quarry;StoneCutting;StoneTools;TreeCultivate;Woodworking"
271,Neolithic,"Clay=66279.72;CopperOre=24270.75;PlantFiber=50155;Pottery=2722.5;StoneBrick=38934;StoneChunk=27873.51;WoodLog=181309.4","ClayPit=3;CopperMine=3;FiberGatheringCamp=3;Lumberyard=3;PotteryKiln=3;Quarry=3;StoneCuttingWorkshop=3","Agriculture;AnimalHusbandry;ClayExtraction;ControlledFire;FishingTechniques;ForagingGroups;Geometry;HerbalKnowledge;Mathematics;Mining;Mining_Copper;NeolithicSettlement;Pottery;Quarry;StoneCutting;StoneTools;TreeCultivate;Woodworking"
272,Neolithic,"Clay=66369.72;CopperOre=24477.75;PlantFiber=50425;Pottery=2920.5;StoneBrick=39150;StoneChunk=27963.51;WoodLog=182233.4","ClayPit=3;CopperMine=3;FiberGatheringCamp=3;Lumberyard=3;PotteryKiln=3;Quarry=3;StoneCuttingWorkshop=3","Agriculture;AnimalHusbandry;ClayExtraction;ControlledFire;FishingTechniques;ForagingGroups;Geometry;HerbalKnowledge;Mathematics;Mining;Mining_Copper;NeolithicSettlement;Pottery;Quarry;StoneCutting;StoneTools;TreeCultivate;Woodworking"
273,Neolithic,"Clay=66459.72;CopperOre=24684.75;PlantFiber=50695;Pottery=3118.5;StoneBrick=39366;StoneChunk=28053.51;WoodLog=183157.4","ClayPit=3;CopperMine=3;FiberGatheringCamp=3;Lumberyard=3;PotteryKiln=3;Quarry=3;StoneCuttingWorkshop=3","Agriculture;AnimalHusbandry;ClayExtraction;ControlledFire;FishingTechniques;ForagingGroups;Geometry;HerbalKnowledge;Mathematics;Mining;Mining_Copper;NeolithicSettlement;Pottery;Quarry;StoneCutting;StoneTools;TreeCultivate;Woodworking"
274,Neolithic,"Clay=66549.72;CopperOre=24891.75;PlantFiber=50965;Pottery=3316.5;StoneBrick=39582;StoneChunk=28143.51;WoodLog=184081.4","ClayPit=3;CopperMine=3;FiberGatheringCamp=3;Lumberyard=3;PotteryKiln=3;Quarry=3;StoneCuttingWorkshop=3","Agriculture;AnimalHusbandry;ClayExtraction;ControlledFire;FishingTechniques;ForagingGroups;Geometry;HerbalKnowledge;Mathematics;Mining;Mining_Copper;NeolithicSettlement;Pottery;Quarry;StoneCutting;StoneTools;TreeCultivate;Woodworking"
275,Neolithic,"Clay=66639.72;CopperOre=25098.75;PlantFiber=51235;Pottery=3514.5;StoneBrick=39798;StoneChunk=28233.51;WoodLog=185005.4","ClayPit=3;CopperMine=3;FiberGatheringCamp=3;Lumberyard=3;PotteryKiln=3;Quarry=3;StoneCuttingWorkshop=3","Agriculture;AnimalHusbandry;ClayExtraction;ControlledFire;FishingTechniques;ForagingGroups;Geometry;HerbalKnowledge;Mathematics;Mining;Mining_Copper;NeolithicSettlement;Pottery;Quarry;StoneCutting;StoneTools;TreeCultivate;Woodworking"
276,Neolithic,"Clay=66729.72;CopperOre=25305.75;PlantFiber=51505;Pottery=3712.5;StoneBrick=40014;StoneChunk=28323.51;WoodLog=185929.4","ClayPit=3;CopperMine=3;FiberGatheringCamp=3;Lumberyard=3;PotteryKiln=3;Quarry=3;StoneCuttingWorkshop=3","Agriculture;AnimalHusbandry;ClayExtraction;ControlledFire;FishingTechniques;ForagingGroups;Geometry;HerbalKnowledge;Mathematics;Mining;Mining_Copper;NeolithicSettlement;Pottery;Quarry;StoneCutting;StoneTools;TreeCultivate;Woodworking"
277,Neolithic,"Clay=66819.72;CopperOre=25512.75;PlantFiber=51775;Pottery=3910.5;StoneBrick=40230;StoneChunk=28413.51;WoodLog=186853.4","ClayPit=3;CopperMine=3;FiberGatheringCamp=3;Lumberyard=3;PotteryKiln=3;Quarry=3;StoneCuttingWorkshop=3","Agriculture;AnimalHusbandry;ClayExtraction;ControlledFire;FishingTechniques;ForagingGroups;Geometry;HerbalKnowledge;Mathematics;Mining;Mining_Copper;NeolithicSettlement;Pottery;Quarry;StoneCutting;StoneTools;TreeCultivate;Woodworking"
278,Neolithic,"Clay=66909.72;CopperOre=25719.75;PlantFiber=52045;Pottery=4108.5;StoneBrick=40446;StoneChunk=28503.51;WoodLog=187777.4","ClayPit=3;CopperMine=3;FiberGatheringCamp=3;Lumberyard=3;PotteryKiln=3;Quarry=3;StoneCuttingWorkshop=3","Agriculture;AnimalHusbandry;ClayExtraction;ControlledFire;FishingTechniques;ForagingGroups;Geometry;HerbalKnowledge;Mathematics;Mining;Mining_Copper;NeolithicSettlement;Pottery;Quarry;StoneCutting;StoneTools;TreeCultivate;Woodworking"
279,Neolithic,"Clay=66999.72;CopperOre=25926.75;PlantFiber=52315;Pottery=4306.5;StoneBrick=40662;StoneChunk=28593.51;WoodLog=188701.4","ClayPit=3;CopperMine=3;FiberGatheringCamp=3;Lumberyard=3;PotteryKiln=3;Quarry=3;StoneCuttingWorkshop=3","Agriculture;AnimalHusbandry;ClayExtraction;ControlledFire;FishingTechniques;ForagingGroups;Geometry;HerbalKnowledge;Mathematics;Mining;Mining_Copper;NeolithicSettlement;Pottery;Quarry;StoneCutting;StoneTools;TreeCultivate;Woodworking"
280,Neolithic,"Clay=67089.72;CopperOre=26133.75;PlantFiber=52585;Pottery=4504.5;StoneBrick=40878;StoneChunk=28683.51;WoodLog=189625.4","ClayPit=3;CopperMine=3;FiberGatheringCamp=3;Lumberyard=3;PotteryKiln=3;Quarry=3;StoneCuttingWorkshop=3","Agriculture;AnimalHusbandry;ClayExtraction;ControlledFire;FishingTechniques;ForagingGroups;Geometry;HerbalKnowledge;Mathematics;Mining;Mining_Copper;NeolithicSettlement;Pottery;Quarry;StoneCutting;StoneTools;TreeCultivate;Woodworking"
281,Neolithic,"Clay=67179.72;CopperOre=26340.75;PlantFiber=52855;Pottery=4702.5;StoneBrick=41094;StoneChunk=28773.51;WoodLog=190549.4","ClayPit=3;CopperMine=3;FiberGatheringCamp=3;Lumberyard=3;PotteryKiln=3;Quarry=3;StoneCuttingWorkshop=3","Agriculture;AnimalHusbandry;ClayExtraction;ControlledFire;FishingTechniques;ForagingGroups;Geometry;HerbalKnowledge;Mathematics;Mining;Mining_Copper;NeolithicSettlement;Pottery;Quarry;StoneCutting;StoneTools;TreeCultivate;Woodworking"
282,Neolithic,"Clay=67269.72;CopperOre=26547.75;PlantFiber=53125;Pottery=4900.5;StoneBrick=41310;StoneChunk=28863.51;WoodLog=191473.4","ClayPit=3;CopperMine=3;FiberGatheringCamp=3;Lumberyard=3;PotteryKiln=3;Quarry=3;StoneCuttingWorkshop=3","Agriculture;AnimalHusbandry;ClayExtraction;ControlledFire;FishingTechniques;ForagingGroups;Geometry;HerbalKnowledge;Mathematics;Mining;Mining_Copper;NeolithicSettlement;Pottery;Quarry;StoneCutting;StoneTools;TreeCultivate;Woodworking"
283,Neolithic,"Clay=67359.72;CopperOre=26754.75;PlantFiber=53395;Pottery=5098.5;StoneBrick=41526;StoneChunk=28953.51;WoodLog=192397.4","ClayPit=3;CopperMine=3;FiberGatheringCamp=3;Lumberyard=3;PotteryKiln=3;Quarry=3;StoneCuttingWorkshop=3","Agriculture;AnimalHusbandry;ClayExtraction;ControlledFire;FishingTechniques;ForagingGroups;Geometry;HerbalKnowledge;Mathematics;Mining;Mining_Copper;NeolithicSettlement;Pottery;Quarry;StoneCutting;StoneTools;TreeCultivate;Woodworking"
284,Neolithic,"Clay=67449.72;CopperOre=26961.75;PlantFiber=53665;Pottery=5296.5;StoneBrick=41742;StoneChunk=29043.51;WoodLog=193321.4","ClayPit=3;CopperMine=3;FiberGatheringCamp=3;Lumberyard=3;PotteryKiln=3;Quarry=3;StoneCuttingWorkshop=3","Agriculture;AnimalHusbandry;ClayExtraction;ControlledFire;FishingTechniques;ForagingGroups;Geometry;HerbalKnowledge;Mathematics;Mining;Mining_Copper;NeolithicSettlement;Pottery;Quarry;StoneCutting;StoneTools;TreeCultivate;Woodworking"
285,Neolithic,"Clay=67539.72;CopperOre=27168.75;PlantFiber=53935;Pottery=5494.5;StoneBrick=41958;StoneChunk=29073.51;WoodLog=194145.4","ClayPit=3;CopperMine=3;FiberGatheringCamp=3;Lumberyard=3;PotteryKiln=3;Quarry=3;StoneCuttingWorkshop=3","Agriculture;AnimalHusbandry;Calendar;ClayExtraction;ControlledFire;FishingTechniques;ForagingGroups;Geometry;HerbalKnowledge;Mathematics;Mining;Mining_Copper;NeolithicSettlement;Pottery;Quarry;StoneCutting;StoneTools;TreeCultivate;Woodworking"
286,Neolithic,"Clay=67629.72;CopperOre=27375.75;PlantFiber=54205;Pottery=5692.5;StoneBrick=42174;StoneChunk=29163.51;WoodLog=195069.4","ClayPit=3;CopperMine=3;FiberGatheringCamp=3;Lumberyard=3;PotteryKiln=3;Quarry=3;StoneCuttingWorkshop=3","Agriculture;AnimalHusbandry;Calendar;ClayExtraction;ControlledFire;FishingTechniques;ForagingGroups;Geometry;HerbalKnowledge;Mathematics;Mining;Mining_Copper;NeolithicSettlement;Pottery;Quarry;StoneCutting;StoneTools;TreeCultivate;Woodworking"
287,Neolithic,"Clay=67719.72;CopperOre=27582.75;PlantFiber=54475;Pottery=5890.5;StoneBrick=42390;StoneChunk=29253.51;WoodLog=195993.4","ClayPit=3;CopperMine=3;FiberGatheringCamp=3;Lumberyard=3;PotteryKiln=3;Quarry=3;StoneCuttingWorkshop=3","Agriculture;AnimalHusbandry;Calendar;ClayExtraction;ControlledFire;FishingTechniques;ForagingGroups;Geometry;HerbalKnowledge;Mathematics;Mining;Mining_Copper;NeolithicSettlement;Pottery;Quarry;StoneCutting;StoneTools;TreeCultivate;Woodworking"
288,Neolithic,"Clay=67809.72;CopperOre=27789.75;PlantFiber=54745;Pottery=6088.5;StoneBrick=42606;StoneChunk=29343.51;WoodLog=196917.4","ClayPit=3;CopperMine=3;FiberGatheringCamp=3;Lumberyard=3;PotteryKiln=3;Quarry=3;StoneCuttingWorkshop=3","Agriculture;AnimalHusbandry;Calendar;ClayExtraction;ControlledFire;FishingTechniques;ForagingGroups;Geometry;HerbalKnowledge;Mathematics;Mining;Mining_Copper;NeolithicSettlement;Pottery;Quarry;StoneCutting;StoneTools;TreeCultivate;Woodworking"
289,Neolithic,"Clay=67899.72;CopperOre=27996.75;PlantFiber=55015;Pottery=6286.5;StoneBrick=42822;StoneChunk=29433.51;WoodLog=197841.4","ClayPit=3;CopperMine=3;FiberGatheringCamp=3;Lumberyard=3;PotteryKiln=3;Quarry=3;StoneCuttingWorkshop=3","Agriculture;AnimalHusbandry;Calendar;ClayExtraction;ControlledFire;FishingTechniques;ForagingGroups;Geometry;HerbalKnowledge;Mathematics;Mining;Mining_Copper;NeolithicSettlement;Pottery;Quarry;StoneCutting;StoneTools;TreeCultivate;Woodworking"
290,Neolithic,"Clay=67989.72;CopperOre=28203.75;PlantFiber=55285;Pottery=6484.5;StoneBrick=43038;StoneChunk=29523.51;WoodLog=198765.4","ClayPit=3;CopperMine=3;FiberGatheringCamp=3;Lumberyard=3;PotteryKiln=3;Quarry=3;StoneCuttingWorkshop=3","Agriculture;AnimalHusbandry;Calendar;ClayExtraction;ControlledFire;FishingTechniques;ForagingGroups;Geometry;HerbalKnowledge;Mathematics;Mining;Mining_Copper;NeolithicSettlement;Pottery;Quarry;StoneCutting;StoneTools;TreeCultivate;Woodworking"
291,Neolithic,"Clay=68079.72;CopperOre=28410.75;PlantFiber=55555;Pottery=6682.5;StoneBrick=43254;StoneChunk=29613.51;WoodLog=199689.4","ClayPit=3;CopperMine=3;FiberGatheringCamp=3;Lumberyard=3;PotteryKiln=3;Quarry=3;StoneCuttingWorkshop=3","Agriculture;AnimalHusbandry;Calendar;ClayExtraction;ControlledFire;FishingTechniques;ForagingGroups;Geometry;HerbalKnowledge;Mathematics;Mining;Mining_Copper;NeolithicSettlement;Pottery;Quarry;StoneCutting;StoneTools;TreeCultivate;Woodworking"
292,Neolithic,"Clay=68169.72;CopperOre=28617.75;PlantFiber=55825;Pottery=6880.5;StoneBrick=43470;StoneChunk=29703.51;WoodLog=200613.4","ClayPit=3;CopperMine=3;FiberGatheringCamp=3;Lumberyard=3;PotteryKiln=3;Quarry=3;StoneCuttingWorkshop=3","Agriculture;AnimalHusbandry;Calendar;ClayExtraction;ControlledFire;FishingTechniques;ForagingGroups;Geometry;HerbalKnowledge;Mathematics;Mining;Mining_Copper;NeolithicSettlement;Pottery;Quarry;StoneCutting;StoneTools;TreeCultivate;Woodworking"
293,Neolithic,"Clay=68259.72;CopperOre=28824.75;PlantFiber=56095;Pottery=7078.5;StoneBrick=43686;StoneChunk=29793.51;WoodLog=201537.4","ClayPit=3;CopperMine=3;FiberGatheringCamp=3;Lumberyard=3;PotteryKiln=3;Quarry=3;StoneCuttingWorkshop=3","Agriculture;AnimalHusbandry;Calendar;ClayExtraction;ControlledFire;FishingTechniques;ForagingGroups;Geometry;HerbalKnowledge;Mathematics;Mining;Mining_Copper;NeolithicSettlement;Pottery;Quarry;StoneCutting;StoneTools;TreeCultivate;Woodworking"
294,Neolithic,"Clay=68349.72;CopperOre=29031.75;PlantFiber=56365;Pottery=7276.5;StoneBrick=43902;StoneChunk=29883.51;WoodLog=202461.4","ClayPit=3;CopperMine=3;FiberGatheringCamp=3;Lumberyard=3;PotteryKiln=3;Quarry=3;StoneCuttingWorkshop=3","Agriculture;AnimalHusbandry;Calendar;ClayExtraction;ControlledFire;FishingTechniques;ForagingGroups;Geometry;HerbalKnowledge;Mathematics;Mining;Mining_Copper;NeolithicSettlement;Pottery;Quarry;StoneCutting;StoneTools;TreeCultivate;Woodworking"
295,Neolithic,"Clay=68439.72;CopperOre=29238.75;PlantFiber=56635;Pottery=7474.5;StoneBrick=44118;StoneChunk=29973.51;WoodLog=203385.4","ClayPit=3;CopperMine=3;FiberGatheringCamp=3;Lumberyard=3;PotteryKiln=3;Quarry=3;StoneCuttingWorkshop=3","Agriculture;AnimalHusbandry;Calendar;ClayExtraction;ControlledFire;FishingTechniques;ForagingGroups;Geometry;HerbalKnowledge;Mathematics;Mining;Mining_Copper;NeolithicSettlement;Pottery;Quarry;StoneCutting;StoneTools;TreeCultivate;Woodworking"
296,Neolithic,"Clay=68529.72;CopperOre=29445.75;PlantFiber=56905;Pottery=7672.5;StoneBrick=44334;StoneChunk=30063.51;WoodLog=204309.4","ClayPit=3;CopperMine=3;FiberGatheringCamp=3;Lumberyard=3;PotteryKiln=3;Quarry=3;StoneCuttingWorkshop=3","Agriculture;AnimalHusbandry;Calendar;ClayExtraction;ControlledFire;FishingTechniques;ForagingGroups;Geometry;HerbalKnowledge;Mathematics;Mining;Mining_Copper;NeolithicSettlement;Pottery;Quarry;StoneCutting;StoneTools;TreeCultivate;Woodworking"
297,Neolithic,"Clay=68619.72;CopperOre=29652.75;PlantFiber=57175;Pottery=7870.5;StoneBrick=44550;StoneChunk=30153.51;WoodLog=205233.4","ClayPit=3;CopperMine=3;FiberGatheringCamp=3;Lumberyard=3;PotteryKiln=3;Quarry=3;StoneCuttingWorkshop=3","Agriculture;AnimalHusbandry;Calendar;ClayExtraction;ControlledFire;FishingTechniques;ForagingGroups;Geometry;HerbalKnowledge;Mathematics;Mining;Mining_Copper;NeolithicSettlement;Pottery;Quarry;StoneCutting;StoneTools;TreeCultivate;Woodworking"
298,Neolithic,"Clay=68709.72;CopperOre=29859.75;PlantFiber=57445;Pottery=8068.5;StoneBrick=44766;StoneChunk=30243.51;WoodLog=206157.4","ClayPit=3;CopperMine=3;FiberGatheringCamp=3;Lumberyard=3;PotteryKiln=3;Quarry=3;StoneCuttingWorkshop=3","Agriculture;AnimalHusbandry;Calendar;ClayExtraction;ControlledFire;FishingTechniques;ForagingGroups;Geometry;HerbalKnowledge;Mathematics;Mining;Mining_Copper;NeolithicSettlement;Pottery;Quarry;StoneCutting;StoneTools;TreeCultivate;Woodworking"
299,Neolithic,"Clay=68799.72;CopperOre=30066.75;PlantFiber=57715;Pottery=8266.5;StoneBrick=44982;StoneChunk=30333.51;WoodLog=207081.4","ClayPit=3;CopperMine=3;FiberGatheringCamp=3;Lumberyard=3;PotteryKiln=3;Quarry=3;StoneCuttingWorkshop=3","Agriculture;AnimalHusbandry;Calendar;ClayExtraction;ControlledFire;FishingTechniques;ForagingGroups;Geometry;HerbalKnowledge;Mathematics;Mining;Mining_Copper;NeolithicSettlement;Pottery;Quarry;StoneCutting;StoneTools;TreeCultivate;Woodworking"
300,Neolithic,"Clay=68889.72;CopperOre=30273.75;PlantFiber=57985;Pottery=8464.5;StoneBrick=45198;StoneChunk=30423.51;WoodLog=208005.4","ClayPit=3;CopperMine=3;FiberGatheringCamp=3;Lumberyard=3;PotteryKiln=3;Quarry=3;StoneCuttingWorkshop=3","Agriculture;AnimalHusbandry;Calendar;ClayExtraction;ControlledFire;FishingTechniques;ForagingGroups;Geometry;HerbalKnowledge;Mathematics;Mining;Mining_Copper;NeolithicSettlement;Pottery;Quarry;StoneCutting;StoneTools;TreeCultivate;Woodworking"
301,Neolithic,"Clay=68979.72;CopperOre=30480.75;PlantFiber=58255;Pottery=8662.5;StoneBrick=45414;StoneChunk=30513.51;WoodLog=208929.4","ClayPit=3;CopperMine=3;FiberGatheringCamp=3;Lumberyard=3;PotteryKiln=3;Quarry=3;StoneCuttingWorkshop=3","Agriculture;AnimalHusbandry;Calendar;ClayExtraction;ControlledFire;FishingTechniques;ForagingGroups;Geometry;HerbalKnowledge;Mathematics;Mining;Mining_Copper;NeolithicSettlement;Pottery;Quarry;StoneCutting;StoneTools;TreeCultivate;Woodworking"
302,Neolithic,"Clay=69069.72;CopperOre=30687.75;PlantFiber=58525;Pottery=8860.5;StoneBrick=45630;StoneChunk=30603.51;WoodLog=209853.4","ClayPit=3;CopperMine=3;FiberGatheringCamp=3;Lumberyard=3;PotteryKiln=3;Quarry=3;StoneCuttingWorkshop=3","Agriculture;AnimalHusbandry;Calendar;ClayExtraction;ControlledFire;FishingTechniques;ForagingGroups;Geometry;HerbalKnowledge;Mathematics;Mining;Mining_Copper;NeolithicSettlement;Pottery;Quarry;StoneCutting;StoneTools;TreeCultivate;Woodworking"
303,Neolithic,"Clay=69159.72;CopperOre=30894.75;PlantFiber=58795;Pottery=9058.5;StoneBrick=45846;StoneChunk=30693.51;WoodLog=210777.4","ClayPit=3;CopperMine=3;FiberGatheringCamp=3;Lumberyard=3;PotteryKiln=3;Quarry=3;StoneCuttingWorkshop=3","Agriculture;AnimalHusbandry;Calendar;ClayExtraction;ControlledFire;FishingTechniques;ForagingGroups;Geometry;HerbalKnowledge;Mathematics;Mining;Mining_Copper;NeolithicSettlement;Pottery;Quarry;StoneCutting;StoneTools;TreeCultivate;Woodworking"
304,Neolithic,"Clay=69249.72;CopperOre=31101.75;PlantFiber=59065;Pottery=9256.5;StoneBrick=46062;StoneChunk=30783.51;WoodLog=211701.4","ClayPit=3;CopperMine=3;FiberGatheringCamp=3;Lumberyard=3;PotteryKiln=3;Quarry=3;StoneCuttingWorkshop=3","Agriculture;AnimalHusbandry;Calendar;ClayExtraction;ControlledFire;FishingTechniques;ForagingGroups;Geometry;HerbalKnowledge;Mathematics;Mining;Mining_Copper;NeolithicSettlement;Pottery;Quarry;StoneCutting;StoneTools;TreeCultivate;Woodworking"
305,Neolithic,"Clay=69339.72;CopperOre=31308.75;PlantFiber=59335;Pottery=9454.5;StoneBrick=46278;StoneChunk=30873.51;WoodLog=212625.4","ClayPit=3;CopperMine=3;FiberGatheringCamp=3;Lumberyard=3;PotteryKiln=3;Quarry=3;StoneCuttingWorkshop=3","Agriculture;AnimalHusbandry;Calendar;ClayExtraction;ControlledFire;FishingTechniques;ForagingGroups;Geometry;HerbalKnowledge;Mathematics;Mining;Mining_Copper;NeolithicSettlement;Pottery;Quarry;StoneCutting;StoneTools;TreeCultivate;Woodworking"
306,Neolithic,"Clay=69429.72;CopperOre=31515.75;PlantFiber=59605;Pottery=9652.5;StoneBrick=46494;StoneChunk=30963.51;WoodLog=213549.4","ClayPit=3;CopperMine=3;FiberGatheringCamp=3;Lumberyard=3;PotteryKiln=3;Quarry=3;StoneCuttingWorkshop=3","Agriculture;AnimalHusbandry;Calendar;ClayExtraction;ControlledFire;FishingTechniques;ForagingGroups;Geometry;HerbalKnowledge;Mathematics;Mining;Mining_Copper;NeolithicSettlement;Pottery;Quarry;StoneCutting;StoneTools;TreeCultivate;Woodworking"
307,Neolithic,"Clay=69519.72;CopperOre=31722.75;PlantFiber=59875;Pottery=9850.5;StoneBrick=46710;StoneChunk=30973.51;WoodLog=214353.4","ClayPit=3;CopperMine=3;FiberGatheringCamp=3;Lumberyard=3;PotteryKiln=3;Quarry=3;StoneCuttingWorkshop=3","Agriculture;AnimalHusbandry;Calendar;ClayExtraction;ControlledFire;FishingTechniques;ForagingGroups;Geometry;HerbalKnowledge;Mathematics;Mining;Mining_Copper;NeolithicSettlement;Pottery;Quarry;Stargazing;StoneCutting;StoneTools;TreeCultivate;Woodworking"
308,Neolithic,"Clay=69609.72;CopperOre=31929.75;PlantFiber=60145;Pottery=10048.5;StoneBrick=46926;StoneChunk=31063.51;WoodLog=215277.4","ClayPit=3;CopperMine=3;FiberGatheringCamp=3;Lumberyard=3;PotteryKiln=3;Quarry=3;StoneCuttingWorkshop=3","Agriculture;AnimalHusbandry;Calendar;ClayExtraction;ControlledFire;FishingTechniques;ForagingGroups;Geometry;HerbalKnowledge;Mathematics;Mining;Mining_Copper;NeolithicSettlement;Pottery;Quarry;Stargazing;StoneCutting;StoneTools;TreeCultivate;Woodworking"
309,Neolithic,"Clay=69699.72;CopperOre=32136.75;PlantFiber=60415;Pottery=10246.5;StoneBrick=47142;StoneChunk=31153.51;WoodLog=216201.4","ClayPit=3;CopperMine=3;FiberGatheringCamp=3;Lumberyard=3;PotteryKiln=3;Quarry=3;StoneCuttingWorkshop=3","Agriculture;AnimalHusbandry;Calendar;ClayExtraction;ControlledFire;FishingTechniques;ForagingGroups;Geometry;HerbalKnowledge;Mathematics;Mining;Mining_Copper;NeolithicSettlement;Pottery;Quarry;Stargazing;StoneCutting;StoneTools;TreeCultivate;Woodworking"
310,Neolithic,"Clay=69789.72;CopperOre=32343.75;PlantFiber=60685;Pottery=10444.5;StoneBrick=47358;StoneChunk=31243.51;WoodLog=217125.4","ClayPit=3;CopperMine=3;FiberGatheringCamp=3;Lumberyard=3;PotteryKiln=3;Quarry=3;StoneCuttingWorkshop=3","Agriculture;AnimalHusbandry;Calendar;ClayExtraction;ControlledFire;FishingTechniques;ForagingGroups;Geometry;HerbalKnowledge;Mathematics;Mining;Mining_Copper;NeolithicSettlement;Pottery;Quarry;Stargazing;StoneCutting;StoneTools;TreeCultivate;Woodworking"
311,Neolithic,"Clay=69879.72;CopperOre=32550.75;PlantFiber=60955;Pottery=10642.5;StoneBrick=47574;StoneChunk=31333.51;WoodLog=218049.4","ClayPit=3;CopperMine=3;FiberGatheringCamp=3;Lumberyard=3;PotteryKiln=3;Quarry=3;StoneCuttingWorkshop=3","Agriculture;AnimalHusbandry;Calendar;ClayExtraction;ControlledFire;FishingTechniques;ForagingGroups;Geometry;HerbalKnowledge;Mathematics;Mining;Mining_Copper;NeolithicSettlement;Pottery;Quarry;Stargazing;StoneCutting;StoneTools;TreeCultivate;Woodworking"
312,Neolithic,"Clay=69969.72;CopperOre=32757.75;PlantFiber=61225;Pottery=10840.5;StoneBrick=47790;StoneChunk=31423.51;WoodLog=218973.4","ClayPit=3;CopperMine=3;FiberGatheringCamp=3;Lumberyard=3;PotteryKiln=3;Quarry=3;StoneCuttingWorkshop=3","Agriculture;AnimalHusbandry;Calendar;ClayExtraction;ControlledFire;FishingTechniques;ForagingGroups;Geometry;HerbalKnowledge;Mathematics;Mining;Mining_Copper;NeolithicSettlement;Pottery;Quarry;Stargazing;StoneCutting;StoneTools;TreeCultivate;Woodworking"
313,Neolithic,"Clay=70059.72;CopperOre=32964.75;PlantFiber=61495;Pottery=11038.5;StoneBrick=48006;StoneChunk=31513.51;WoodLog=219897.4","ClayPit=3;CopperMine=3;FiberGatheringCamp=3;Lumberyard=3;PotteryKiln=3;Quarry=3;StoneCuttingWorkshop=3","Agriculture;AnimalHusbandry;Calendar;ClayExtraction;ControlledFire;FishingTechniques;ForagingGroups;Geometry;HerbalKnowledge;Mathematics;Mining;Mining_Copper;NeolithicSettlement;Pottery;Quarry;Stargazing;StoneCutting;StoneTools;TreeCultivate;Woodworking"
314,Neolithic,"Clay=70149.72;CopperOre=33171.75;PlantFiber=61765;Pottery=11236.5;StoneBrick=48222;StoneChunk=31603.51;WoodLog=220821.4","ClayPit=3;CopperMine=3;FiberGatheringCamp=3;Lumberyard=3;PotteryKiln=3;Quarry=3;StoneCuttingWorkshop=3","Agriculture;AnimalHusbandry;Calendar;ClayExtraction;ControlledFire;FishingTechniques;ForagingGroups;Geometry;HerbalKnowledge;Mathematics;Mining;Mining_Copper;NeolithicSettlement;Pottery;Quarry;Stargazing;StoneCutting;StoneTools;TreeCultivate;Woodworking"
315,Neolithic,"Clay=70239.72;CopperOre=33378.75;PlantFiber=62035;Pottery=11434.5;StoneBrick=48438;StoneChunk=31693.51;WoodLog=221745.4","ClayPit=3;CopperMine=3;FiberGatheringCamp=3;Lumberyard=3;PotteryKiln=3;Quarry=3;StoneCuttingWorkshop=3","Agriculture;AnimalHusbandry;Calendar;ClayExtraction;ControlledFire;FishingTechniques;ForagingGroups;Geometry;HerbalKnowledge;Mathematics;Mining;Mining_Copper;NeolithicSettlement;Pottery;Quarry;Stargazing;StoneCutting;StoneTools;TreeCultivate;Woodworking"
316,Neolithic,"Clay=70329.72;CopperOre=33585.75;PlantFiber=62305;Pottery=11632.5;StoneBrick=48654;StoneChunk=31783.51;WoodLog=222669.4","ClayPit=3;CopperMine=3;FiberGatheringCamp=3;Lumberyard=3;PotteryKiln=3;Quarry=3;StoneCuttingWorkshop=3","Agriculture;AnimalHusbandry;Calendar;ClayExtraction;ControlledFire;FishingTechniques;ForagingGroups;Geometry;HerbalKnowledge;Mathematics;Mining;Mining_Copper;NeolithicSettlement;Pottery;Quarry;Stargazing;StoneCutting;StoneTools;TreeCultivate;Woodworking"
317,Neolithic,"Clay=70419.72;CopperOre=33792.75;PlantFiber=62575;Pottery=11830.5;StoneBrick=48870;StoneChunk=31873.51;WoodLog=223593.4","ClayPit=3;CopperMine=3;FiberGatheringCamp=3;Lumberyard=3;PotteryKiln=3;Quarry=3;StoneCuttingWorkshop=3","Agriculture;AnimalHusbandry;Calendar;ClayExtraction;ControlledFire;FishingTechniques;ForagingGroups;Geometry;HerbalKnowledge;Mathematics;Mining;Mining_Copper;NeolithicSettlement;Pottery;Quarry;Stargazing;StoneCutting;StoneTools;TreeCultivate;Woodworking"
318,Neolithic,"Clay=70509.72;CopperOre=33999.75;PlantFiber=62845;Pottery=12028.5;StoneBrick=49086;StoneChunk=31963.51;WoodLog=224517.4","ClayPit=3;CopperMine=3;FiberGatheringCamp=3;Lumberyard=3;PotteryKiln=3;Quarry=3;StoneCuttingWorkshop=3","Agriculture;AnimalHusbandry;Calendar;ClayExtraction;ControlledFire;FishingTechniques;ForagingGroups;Geometry;HerbalKnowledge;Mathematics;Mining;Mining_Copper;NeolithicSettlement;Pottery;Quarry;Stargazing;StoneCutting;StoneTools;TreeCultivate;Woodworking"
319,Neolithic,"Clay=70599.72;CopperOre=34206.75;PlantFiber=63115;Pottery=12226.5;StoneBrick=49302;StoneChunk=32053.51;WoodLog=225441.4","ClayPit=3;CopperMine=3;FiberGatheringCamp=3;Lumberyard=3;PotteryKiln=3;Quarry=3;StoneCuttingWorkshop=3","Agriculture;AnimalHusbandry;Calendar;ClayExtraction;ControlledFire;FishingTechniques;ForagingGroups;Geometry;HerbalKnowledge;Mathematics;Mining;Mining_Copper;NeolithicSettlement;Pottery;Quarry;Stargazing;StoneCutting;StoneTools;TreeCultivate;Woodworking"
320,Neolithic,"Clay=70689.72;CopperOre=34413.75;PlantFiber=63385;Pottery=12424.5;StoneBrick=49518;StoneChunk=32143.51;WoodLog=226365.4","ClayPit=3;CopperMine=3;FiberGatheringCamp=3;Lumberyard=3;PotteryKiln=3;Quarry=3;StoneCuttingWorkshop=3","Agriculture;AnimalHusbandry;Calendar;ClayExtraction;ControlledFire;FishingTechniques;ForagingGroups;Geometry;HerbalKnowledge;Mathematics;Mining;Mining_Copper;NeolithicSettlement;Pottery;Quarry;Stargazing;StoneCutting;StoneTools;TreeCultivate;Woodworking"
321,Neolithic,"Clay=70779.72;CopperOre=34620.75;PlantFiber=63655;Pottery=12622.5;StoneBrick=49734;StoneChunk=32233.51;WoodLog=227289.4","ClayPit=3;CopperMine=3;FiberGatheringCamp=3;Lumberyard=3;PotteryKiln=3;Quarry=3;StoneCuttingWorkshop=3","Agriculture;AnimalHusbandry;Calendar;ClayExtraction;ControlledFire;FishingTechniques;ForagingGroups;Geometry;HerbalKnowledge;Mathematics;Mining;Mining_Copper;NeolithicSettlement;Pottery;Quarry;Stargazing;StoneCutting;StoneTools;TreeCultivate;Woodworking"
1286,Neolithic,"Clay=156589.72;CopperOre=234335.75;PlantFiber=323855;Pottery=203492.5;StoneBrick=257424;StoneChunk=117813.5;WoodLog=1116239.4","ClayPit=3;CopperMine=3;FiberGatheringCamp=3;Lumberyard=3;MeetingGround=1;PotteryKiln=3;Quarry=3;StoneCuttingWorkshop=3","Agriculture;AnimalFodder;AnimalHusbandry;Arithmetic;Calendar;CharcoalMaking;ClayExtraction;CoalMining;ControlledFire;FishingTechniques;FoodPreservation;FoodStorage;ForagingGroups;Geometry;HerbalKnowledge;IrrigationEngineering;KnowledgeSharing;Masonry;Mathematics;Measurement;Mining;Mining_Copper;NaturalPhilosophy;NeolithicSettlement;OrePurification;OrganizedDefense;PermanentArchitecture;Pottery;Quarry;RecordKeeping;Stargazing;StoneCutting;StoneTools;Surveying;TextileCraft;TreeCultivate;VillageOrganization;WaterManagement;Woodworking"
1287,Neolithic,"Clay=156679.72;CopperOre=234542.75;PlantFiber=324125;Pottery=203690.5;StoneBrick=257640;StoneChunk=117783.5;WoodLog=1116913.4","ClayPit=3;CoalMine=1;CopperMine=3;FiberGatheringCamp=3;KnowledgeCircle=1;Lumberyard=3;MeetingGround=1;PotteryKiln=3;Quarry=3;StoneCuttingWorkshop=3","Agriculture;AnimalFodder;AnimalHusbandry;Arithmetic;Calendar;CharcoalMaking;ClayExtraction;CoalMining;ControlledFire;FishingTechniques;FoodPreservation;FoodStorage;ForagingGroups;Geometry;HerbalKnowledge;IrrigationEngineering;KnowledgeSharing;Masonry;Mathematics;Measurement;Mining;Mining_Copper;NaturalPhilosophy;NeolithicSettlement;OrePurification;OrganizedDefense;PermanentArchitecture;Pottery;Quarry;RecordKeeping;Stargazing;StoneCutting;StoneTools;Surveying;TextileCraft;TreeCultivate;VillageOrganization;WaterManagement;Woodworking"
1288,Neolithic,"Clay=156769.72;Cloth=15;Coal=103.5;CopperOre=234749.75;PlantFiber=324330;Pottery=203888.5;StoneBrick=257856;StoneChunk=117873.5;WoodLog=1117797.4","ClayPit=3;CoalMine=1;CopperMine=3;FiberGatheringCamp=3;KnowledgeCircle=1;Lumberyard=3;MeetingGround=1;PotteryKiln=3;Quarry=3;StoneCuttingWorkshop=3;WeavingWorkshop=1","Agriculture;AnimalFodder;AnimalHusbandry;Arithmetic;Calendar;CharcoalMaking;ClayExtraction;CoalMining;ControlledFire;FishingTechniques;FoodPreservation;FoodStorage;ForagingGroups;Geometry;HerbalKnowledge;IrrigationEngineering;KnowledgeSharing;Masonry;Mathematics;Measurement;Mining;Mining_Copper;NaturalPhilosophy;NeolithicSettlement;OrePurification;OrganizedDefense;PermanentArchitecture;Pottery;Quarry;RecordKeeping;Stargazing;StoneCutting;StoneTools;Surveying;TextileCraft;TreeCultivate;VillageOrganization;WaterManagement;Woodworking"
1289,Neolithic,"Clay=156709.72;Cloth=75;Coal=231;CopperOre=234956.75;PlantFiber=324540;Pottery=204086.5;StoneBrick=257992;StoneChunk=117963.5;WoodLog=1118461.4","CharcoalKiln=1;ClayPit=3;CoalMine=1;CopperMine=3;FiberGatheringCamp=3;KnowledgeCircle=1;Lumberyard=3;MeetingGround=1;PotteryKiln=3;Quarry=3;StoneCuttingWorkshop=3;WeavingWorkshop=1","Agriculture;AnimalFodder;AnimalHusbandry;Arithmetic;Calendar;CharcoalMaking;ClayExtraction;CoalMining;ControlledFire;FishingTechniques;FoodPreservation;FoodStorage;ForagingGroups;Geometry;HerbalKnowledge;IrrigationEngineering;KnowledgeSharing;Masonry;Mathematics;Measurement;Mining;Mining_Copper;NaturalPhilosophy;NeolithicSettlement;OrePurification;OrganizedDefense;PermanentArchitecture;Pottery;Quarry;RecordKeeping;Stargazing;StoneCutting;StoneTools;Surveying;TextileCraft;TreeCultivate;VillageOrganization;WaterManagement;Woodworking"
1290,Neolithic,"Clay=156667.72;Cloth=135;Coal=382.5;CopperOre=235163.75;PlantFiber=324750;Pottery=204284.5;StoneBrick=258208;StoneChunk=117789.5;WoodLog=1118631.8","CharcoalKiln=1;ClayPit=3;CoalMine=1;CopperMine=3;FiberGatheringCamp=3;KnowledgeCircle=1;Lumberyard=3;MeetingGround=3;PotteryKiln=3;Quarry=3;StoneCuttingWorkshop=3;WeavingWorkshop=1","Agriculture;AnimalFodder;AnimalHusbandry;Arithmetic;Calendar;CharcoalMaking;ClayExtraction;CoalMining;ControlledFire;FishingTechniques;FoodPreservation;FoodStorage;ForagingGroups;Geometry;HerbalKnowledge;IrrigationEngineering;KnowledgeSharing;Masonry;Mathematics;Measurement;Mining;Mining_Copper;NaturalPhilosophy;NeolithicSettlement;OrePurification;OrganizedDefense;PermanentArchitecture;Pottery;Quarry;RecordKeeping;Stargazing;StoneCutting;StoneTools;Surveying;TextileCraft;TreeCultivate;VillageOrganization;WaterManagement;Woodworking"
1291,Neolithic,"Clay=156757.72;Cloth=195;Coal=534;CopperOre=235370.75;PlantFiber=324960;Pottery=204482.5;StoneBrick=258424;StoneChunk=117855.5;WoodLog=1119315.8","CharcoalKiln=1;ClayPit=3;CoalMine=1;CopperMine=3;FiberGatheringCamp=3;KnowledgeCircle=2;Lumberyard=3;MeetingGround=3;PotteryKiln=3;Quarry=3;StoneCuttingWorkshop=3;WeavingWorkshop=1","Agriculture;AnimalFodder;AnimalHusbandry;Arithmetic;Calendar;CharcoalMaking;ClayExtraction;CoalMining;ControlledFire;FishingTechniques;FoodPreservation;FoodStorage;ForagingGroups;Geometry;HerbalKnowledge;IrrigationEngineering;KnowledgeSharing;Masonry;Mathematics;Measurement;Mining;Mining_Copper;NaturalPhilosophy;NeolithicSettlement;OrePurification;OrganizedDefense;PermanentArchitecture;Pottery;Quarry;RecordKeeping;Stargazing;StoneCutting;StoneTools;Surveying;TextileCraft;TreeCultivate;VillageOrganization;WaterManagement;Woodworking"
1292,Neolithic,"Clay=156847.72;Cloth=255;Coal=685.5;CopperOre=235577.75;PlantFiber=325170;Pottery=204680.5;StoneBrick=258640;StoneChunk=117916.7;WoodLog=1119975.8","CharcoalKiln=1;ClayPit=3;CoalMine=1;CopperMine=3;FiberGatheringCamp=3;KnowledgeCircle=3;Lumberyard=3;MeetingGround=3;PotteryKiln=3;Quarry=3;StoneCuttingWorkshop=3;WeavingWorkshop=1","Agriculture;AnimalFodder;AnimalHusbandry;Arithmetic;Calendar;CharcoalMaking;ClayExtraction;CoalMining;ControlledFire;FishingTechniques;FoodPreservation;FoodStorage;ForagingGroups;Geometry;HerbalKnowledge;IrrigationEngineering;KnowledgeSharing;Masonry;Mathematics;Measurement;Mining;Mining_Copper;NaturalPhilosophy;NeolithicSettlement;OrePurification;OrganizedDefense;PermanentArchitecture;Pottery;Quarry;RecordKeeping;Stargazing;StoneCutting;StoneTools;Surveying;TextileCraft;TreeCultivate;VillageOrganization;WaterManagement;Woodworking"
1293,Neolithic,"Clay=156937.72;Cloth=315;Coal=914.63;CopperOre=235784.75;PlantFiber=325380;Pottery=204878.5;StoneBrick=258856;StoneChunk=117762.74;WoodLog=1120413.86","CharcoalKiln=1;ClayPit=3;CoalMine=3;CopperMine=3;FiberGatheringCamp=3;KnowledgeCircle=3;Lumberyard=3;MeetingGround=3;PotteryKiln=3;Quarry=3;StoneCuttingWorkshop=3;WeavingWorkshop=1","Agriculture;AnimalFodder;AnimalHusbandry;Arithmetic;Calendar;CharcoalMaking;ClayExtraction;CoalMining;ControlledFire;FishingTechniques;FoodPreservation;FoodStorage;ForagingGroups;Geometry;HerbalKnowledge;IrrigationEngineering;KnowledgeSharing;Masonry;Mathematics;Measurement;Mining;Mining_Copper;NaturalPhilosophy;NeolithicSettlement;OrePurification;OrganizedDefense;PermanentArchitecture;Pottery;Quarry;RecordKeeping;Stargazing;StoneCutting;StoneTools;Surveying;TextileCraft;TreeCultivate;VillageOrganization;WaterManagement;Woodworking"
1294,Neolithic,"Clay=157027.72;Cloth=390;Coal=1273.13;CopperOre=235991.75;PlantFiber=325517;Pottery=205076.5;StoneBrick=259072;StoneChunk=117852.74;WoodLog=1121171.46","CharcoalKiln=1;ClayPit=3;CoalMine=3;CopperMine=3;FiberGatheringCamp=3;KnowledgeCircle=3;Lumberyard=3;MeetingGround=3;PotteryKiln=3;Quarry=3;StoneCuttingWorkshop=3;WeavingWorkshop=2","Agriculture;AnimalFodder;AnimalHusbandry;Arithmetic;Calendar;CharcoalMaking;ClayExtraction;CoalMining;ControlledFire;FishingTechniques;FoodPreservation;FoodStorage;ForagingGroups;Geometry;HerbalKnowledge;IrrigationEngineering;KnowledgeSharing;Masonry;Mathematics;Measurement;Mining;Mining_Copper;NaturalPhilosophy;NeolithicSettlement;OrePurification;OrganizedDefense;PermanentArchitecture;Pottery;Quarry;RecordKeeping;Stargazing;StoneCutting;StoneTools;Surveying;TextileCraft;TreeCultivate;VillageOrganization;WaterManagement;Woodworking"
1295,Neolithic,"Clay=156997.72;Cloth=530;Coal=1631.62;CopperOre=236198.75;PlantFiber=325569.72;Pottery=205254.5;StoneBrick=259288;StoneChunk=117942.74;WoodLog=1121821.63","CharcoalKiln=1;ClayPit=3;CoalMine=3;CopperMine=3;FiberGatheringCamp=3;KnowledgeCircle=3;Lumberyard=3;MeetingGround=3;PotteryKiln=3;Quarry=3;StoneCuttingWorkshop=3;WeavingWorkshop=3","Agriculture;AnimalFodder;AnimalHusbandry;Arithmetic;Calendar;CharcoalMaking;ClayExtraction;CoalMining;ControlledFire;FishingTechniques;FoodPreservation;FoodStorage;ForagingGroups;Geometry;HerbalKnowledge;IrrigationEngineering;KnowledgeSharing;Masonry;Mathematics;Measurement;Mining;Mining_Copper;Mining_Tin;NaturalPhilosophy;NeolithicSettlement;OrePurification;OrganizedDefense;PermanentArchitecture;Pottery;Quarry;RecordKeeping;Stargazing;StoneCutting;StoneTools;Surveying;TextileCraft;TreeCultivate;VillageOrganization;WaterManagement;Woodworking"
1296,Neolithic,"Clay=157087.72;Cloth=710;Coal=1990.12;CopperOre=236405.75;PlantFiber=325659.72;Pottery=205452.5;StoneBrick=259504;StoneChunk=117731.74;TinOre=41.4;WoodLog=1122238.63","CharcoalKiln=1;ClayPit=3;CoalMine=3;CopperMine=3;FiberGatheringCamp=3;KnowledgeCircle=3;Lumberyard=3;MeetingGround=3;PotteryKiln=3;Quarry=3;StoneCuttingWorkshop=3;TinMine=2;WeavingWorkshop=3","Agriculture;AnimalFodder;AnimalHusbandry;Arithmetic;Calendar;CharcoalMaking;ClayExtraction;CoalMining;ControlledFire;FishingTechniques;FoodPreservation;FoodStorage;ForagingGroups;Geometry;HerbalKnowledge;IrrigationEngineering;KnowledgeSharing;Masonry;Mathematics;Measurement;Mining;Mining_Copper;Mining_Tin;NaturalPhilosophy;NeolithicSettlement;OrePurification;OrganizedDefense;PermanentArchitecture;Pottery;Quarry;RecordKeeping;Stargazing;StoneCutting;StoneTools;Surveying;TextileCraft;TreeCultivate;VillageOrganization;WaterManagement;Woodworking"
1297,Neolithic,"Clay=157177.72;Cloth=890;Coal=2348.62;CopperOre=236612.75;PlantFiber=325749.72;Pottery=205650.5;StoneBrick=259720;StoneChunk=117636.59;TinOre=165.6;WoodLog=1122804.58","CharcoalKiln=1;ClayPit=3;CoalMine=3;CopperMine=3;FiberGatheringCamp=3;KnowledgeCircle=3;Lumberyard=3;MeetingGround=3;PotteryKiln=3;Quarry=3;StoneCuttingWorkshop=3;TinMine=3;WeavingWorkshop=3","Agriculture;AnimalFodder;AnimalHusbandry;Arithmetic;Calendar;CharcoalMaking;ClayExtraction;CoalMining;ControlledFire;FishingTechniques;FoodPreservation;FoodStorage;ForagingGroups;Geometry;HerbalKnowledge;IrrigationEngineering;KnowledgeSharing;Masonry;Mathematics;Measurement;Mining;Mining_Copper;Mining_Tin;NaturalPhilosophy;NeolithicSettlement;OrePurification;OrganizedDefense;PermanentArchitecture;Pottery;Quarry;RecordKeeping;Stargazing;StoneCutting;StoneTools;Surveying;TextileCraft;TreeCultivate;VillageOrganization;WaterManagement;Woodworking"
1298,Neolithic,"Clay=157093.72;Cloth=1070;Coal=2731.12;CopperOre=236819.75;PlantFiber=325839.72;Pottery=205848.5;StoneBrick=259843.2;StoneChunk=117726.59;TinOre=331.2;WoodLog=1123316.58","CharcoalKiln=2;ClayPit=3;CoalMine=3;CopperMine=3;FiberGatheringCamp=3;KnowledgeCircle=3;Lumberyard=3;MeetingGround=3;PotteryKiln=3;Quarry=3;StoneCuttingWorkshop=3;TinMine=3;WeavingWorkshop=3","Agriculture;AnimalFodder;AnimalHusbandry;Arithmetic;Calendar;CharcoalMaking;ClayExtraction;CoalMining;ControlledFire;FishingTechniques;FoodPreservation;FoodStorage;ForagingGroups;Geometry;HerbalKnowledge;IrrigationEngineering;KnowledgeSharing;Masonry;Mathematics;Measurement;Mining;Mining_Copper;Mining_Tin;NaturalPhilosophy;NeolithicSettlement;OrePurification;OrganizedDefense;PermanentArchitecture;Pottery;Quarry;RecordKeeping;Stargazing;StoneCutting;StoneTools;Surveying;TextileCraft;TreeCultivate;VillageOrganization;WaterManagement;Woodworking"
1299,Neolithic,"Clay=156981.88;Cloth=1250;Coal=3173.62;CopperOre=237026.75;PlantFiber=325929.72;Pottery=206046.5;StoneBrick=259951.55;StoneChunk=117816.59;TinOre=496.8;WoodLog=1123641.46","CharcoalKiln=3;ClayPit=3;CoalMine=3;CopperMine=3;FiberGatheringCamp=3;KnowledgeCircle=3;Lumberyard=3;MeetingGround=3;PotteryKiln=3;Quarry=3;StoneCuttingWorkshop=3;TinMine=3;WeavingWorkshop=3","Agriculture;AnimalFodder;AnimalHusbandry;Arithmetic;Calendar;CharcoalMaking;ClayExtraction;CoalMining;ControlledFire;FishingTechniques;FoodPreservation;FoodStorage;ForagingGroups;Geometry;HerbalKnowledge;IrrigationEngineering;KnowledgeSharing;Masonry;Mathematics;Measurement;Mining;Mining_Copper;Mining_Tin;NaturalPhilosophy;NeolithicSettlement;OrePurification;OrganizedDefense;PermanentArchitecture;Pottery;Quarry;RecordKeeping;Stargazing;StoneCutting;StoneTools;Surveying;TextileCraft;TreeCultivate;VillageOrganization;WaterManagement;Woodworking"
1300,Neolithic,"Clay=157071.88;Cloth=1430;Coal=3628.12;CopperOre=237233.75;PlantFiber=326019.72;Pottery=206244.5;StoneBrick=260167.55;StoneChunk=117906.59;TinOre=662.4;WoodLog=1124205.46","CharcoalKiln=3;ClayPit=3;CoalMine=3;CopperMine=3;FiberGatheringCamp=3;KnowledgeCircle=3;Lumberyard=3;MeetingGround=3;PotteryKiln=3;Quarry=3;StoneCuttingWorkshop=3;TinMine=3;WeavingWorkshop=3","Agriculture;AnimalFodder;AnimalHusbandry;Arithmetic;Calendar;CharcoalMaking;ClayExtraction;CoalMining;ControlledFire;FishingTechniques;FoodPreservation;FoodStorage;ForagingGroups;Geometry;HerbalKnowledge;IrrigationEngineering;KnowledgeSharing;Masonry;Mathematics;Measurement;Mining;Mining_Copper;Mining_Tin;NaturalPhilosophy;NeolithicSettlement;OrePurification;OrganizedDefense;PermanentArchitecture;Pottery;Quarry;RecordKeeping;Stargazing;StoneCutting;StoneTools;Surveying;TextileCraft;TreeCultivate;VillageOrganization;WaterManagement;Woodworking"
1301,Neolithic,"Clay=157161.88;Cloth=1610;Coal=4082.62;CopperOre=237440.75;PlantFiber=326109.72;Pottery=206442.5;StoneBrick=260383.55;StoneChunk=117996.59;TinOre=828;WoodLog=1124769.46","CharcoalKiln=3;ClayPit=3;CoalMine=3;CopperMine=3;FiberGatheringCamp=3;KnowledgeCircle=3;Lumberyard=3;MeetingGround=3;PotteryKiln=3;Quarry=3;StoneCuttingWorkshop=3;TinMine=3;WeavingWorkshop=3","Agriculture;AnimalFodder;AnimalHusbandry;Arithmetic;Calendar;CharcoalMaking;ClayExtraction;CoalMining;ControlledFire;FishingTechniques;FoodPreservation;FoodStorage;ForagingGroups;Geometry;HerbalKnowledge;IrrigationEngineering;KnowledgeSharing;Masonry;Mathematics;Measurement;Mining;Mining_Copper;Mining_Tin;NaturalPhilosophy;NeolithicSettlement;OrePurification;OrganizedDefense;PermanentArchitecture;Pottery;Quarry;RecordKeeping;Stargazing;StoneCutting;StoneTools;Surveying;TextileCraft;TreeCultivate;VillageOrganization;WaterManagement;Woodworking"
1302,Neolithic,"Clay=157251.88;Cloth=1770;Coal=4437.12;CopperOre=237647.75;PlantFiber=326199.72;Pottery=206620.5;StoneBrick=260299.55;StoneChunk=118086.59;TinOre=993.6;WoodLog=1125133.46","CharcoalKiln=3;ClayPit=3;CoalMine=3;CopperMine=3;FiberGatheringCamp=3;KnowledgeCircle=3;Lumberyard=3;MeetingGround=3;PotteryKiln=3;Quarry=3;ScribeHut=1;StoneCuttingWorkshop=3;TinMine=3;WeavingWorkshop=3","Agriculture;AnimalFodder;AnimalHusbandry;Arithmetic;Calendar;CharcoalMaking;ClayExtraction;CoalMining;ControlledFire;FishingTechniques;FoodPreservation;FoodStorage;ForagingGroups;Geometry;HerbalKnowledge;IrrigationEngineering;KnowledgeSharing;Masonry;Mathematics;Measurement;Mining;Mining_Copper;Mining_Tin;NaturalPhilosophy;NeolithicSettlement;OrePurification;OrganizedDefense;PermanentArchitecture;Pottery;Quarry;RecordKeeping;Stargazing;StoneCutting;StoneTools;Surveying;TextileCraft;TreeCultivate;VillageOrganization;WaterManagement;Woodworking;WrittenRecords"
1303,Neolithic,"Clay=157341.88;Cloth=1926;Coal=4891.62;CopperOre=237854.75;PlantFiber=326289.72;Pottery=206794.5;StoneBrick=260395.55;StoneChunk=118176.59;TinOre=1159.2;WoodLog=1125457.46","CharcoalKiln=3;ClayPit=3;CoalMine=3;CopperMine=3;FiberGatheringCamp=3;KnowledgeCircle=3;Lumberyard=3;MeetingGround=3;PotteryKiln=3;Quarry=3;ScribeHut=2;StoneCuttingWorkshop=3;TinMine=3;WeavingWorkshop=3","Agriculture;AnimalFodder;AnimalHusbandry;Arithmetic;Calendar;CharcoalMaking;ClayExtraction;CoalMining;ControlledFire;FishingTechniques;FoodPreservation;FoodStorage;ForagingGroups;Geometry;HerbalKnowledge;IrrigationEngineering;KnowledgeSharing;Masonry;Mathematics;Measurement;Mining;Mining_Copper;Mining_Tin;NaturalPhilosophy;NeolithicSettlement;OrePurification;OrganizedDefense;PermanentArchitecture;Pottery;Quarry;RecordKeeping;Stargazing;StoneCutting;StoneTools;Surveying;TextileCraft;TreeCultivate;VillageOrganization;WaterManagement;Woodworking;WrittenRecords"
1304,Neolithic,"Clay=157431.88;Cloth=2077.2;Coal=5346.12;CopperOre=238061.75;PlantFiber=326379.72;Pottery=206963.7;StoneBrick=260467.55;StoneChunk=118266.59;TinOre=1324.8;WoodLog=1125733.46","CharcoalKiln=3;ClayPit=3;CoalMine=3;CopperMine=3;FiberGatheringCamp=3;KnowledgeCircle=3;Lumberyard=3;MeetingGround=3;PotteryKiln=3;Quarry=3;ScribeHut=3;StoneCuttingWorkshop=3;TinMine=3;WeavingWorkshop=3","Agriculture;AnimalFodder;AnimalHusbandry;Arithmetic;Calendar;CharcoalMaking;ClayExtraction;CoalMining;ControlledFire;FishingTechniques;FoodPreservation;FoodStorage;ForagingGroups;Geometry;HerbalKnowledge;IrrigationEngineering;KnowledgeSharing;Masonry;Mathematics;Measurement;Mining;Mining_Copper;Mining_Tin;NaturalPhilosophy;NeolithicSettlement;OrePurification;OrganizedDefense;PermanentArchitecture;Pottery;Quarry;RecordKeeping;Stargazing;StoneCutting;StoneTools;Surveying;TextileCraft;TreeCultivate;VillageOrganization;WaterManagement;Woodworking;WrittenRecords"
1305,Neolithic,"Clay=157521.88;Cloth=2257.2;Coal=5800.62;CopperOre=238268.75;PlantFiber=326469.72;Pottery=207161.7;StoneBrick=260683.55;StoneChunk=118356.59;TinOre=1490.4;WoodLog=1126297.46","CharcoalKiln=3;ClayPit=3;CoalMine=3;CopperMine=3;FiberGatheringCamp=3;KnowledgeCircle=3;Lumberyard=3;MeetingGround=3;PotteryKiln=3;Quarry=3;ScribeHut=3;StoneCuttingWorkshop=3;TinMine=3;WeavingWorkshop=3","Agriculture;AnimalFodder;AnimalHusbandry;Arithmetic;Calendar;CharcoalMaking;ClayExtraction;CoalMining;ControlledFire;FishingTechniques;FoodPreservation;FoodStorage;ForagingGroups;Geometry;HerbalKnowledge;IrrigationEngineering;KnowledgeSharing;Masonry;Mathematics;Measurement;Mining;Mining_Copper;Mining_Tin;NaturalPhilosophy;NeolithicSettlement;OrePurification;OrganizedDefense;PermanentArchitecture;Pottery;Quarry;RecordKeeping;Stargazing;StoneCutting;StoneTools;Surveying;TextileCraft;TreeCultivate;VillageOrganization;WaterManagement;Woodworking;WrittenRecords"
1306,Neolithic,"Clay=157611.88;Cloth=2437.2;Coal=6255.12;CopperOre=238475.75;PlantFiber=326559.72;Pottery=207359.7;StoneBrick=260899.55;StoneChunk=118446.59;TinOre=1656;WoodLog=1126861.46","CharcoalKiln=3;ClayPit=3;CoalMine=3;CopperMine=3;FiberGatheringCamp=3;KnowledgeCircle=3;Lumberyard=3;MeetingGround=3;PotteryKiln=3;Quarry=3;ScribeHut=3;StoneCuttingWorkshop=3;TinMine=3;WeavingWorkshop=3","Agriculture;AnimalFodder;AnimalHusbandry;Arithmetic;Calendar;CharcoalMaking;ClayExtraction;CoalMining;ControlledFire;FishingTechniques;FoodPreservation;FoodStorage;ForagingGroups;Geometry;HerbalKnowledge;IrrigationEngineering;KnowledgeSharing;Masonry;Mathematics;Measurement;Mining;Mining_Copper;Mining_Tin;NaturalPhilosophy;NeolithicSettlement;OrePurification;OrganizedDefense;PermanentArchitecture;Pottery;Quarry;RecordKeeping;Stargazing;StoneCutting;StoneTools;Surveying;TextileCraft;TreeCultivate;VillageOrganization;WaterManagement;Woodworking;WrittenRecords"
1307,Neolithic,"Clay=157701.88;Cloth=2617.2;Coal=6559.62;CopperOre=238682.75;PlantFiber=326649.72;Pottery=207307.7;StoneBrick=260915.55;StoneChunk=118536.59;TinOre=1821.6;WoodLog=1127425.46","CharcoalKiln=3;ClayPit=3;CoalMine=3;CopperMine=3;FiberGatheringCamp=3;KnowledgeCircle=3;Lumberyard=3;MeetingGround=3;PotteryKiln=3;Quarry=3;ScribeHut=3;StoneCuttingWorkshop=3;TinMine=3;WeavingWorkshop=3","Agriculture;AnimalFodder;AnimalHusbandry;Arithmetic;Calendar;CharcoalMaking;ClayExtraction;CoalMining;ControlledFire;FishingTechniques;FoodPreservation;FoodStorage;ForagingGroups;Geometry;HerbalKnowledge;IrrigationEngineering;KnowledgeSharing;Masonry;Mathematics;Measurement;Mining;Mining_Copper;Mining_Tin;NaturalPhilosophy;NeolithicSettlement;OrePurification;OrganizedDefense;PermanentArchitecture;Pottery;Quarry;RecordKeeping;Smithing;Stargazing;StoneCutting;StoneTools;Surveying;TextileCraft;TreeCultivate;VillageOrganization;WaterManagement;Woodworking;WrittenRecords"
1308,Neolithic,"Clay=157791.88;Cloth=2797.2;Coal=7014.12;CopperOre=238889.75;PlantFiber=326739.72;Pottery=207505.7;StoneBrick=261131.55;StoneChunk=118626.59;TinOre=1987.2;WoodLog=1127989.46","CharcoalKiln=3;ClayPit=3;CoalMine=3;CopperMine=3;FiberGatheringCamp=3;KnowledgeCircle=3;Lumberyard=3;MeetingGround=3;PotteryKiln=3;Quarry=3;ScribeHut=3;StoneCuttingWorkshop=3;TinMine=3;WeavingWorkshop=3","Agriculture;AnimalFodder;AnimalHusbandry;Arithmetic;Calendar;CharcoalMaking;ClayExtraction;CoalMining;ControlledFire;FishingTechniques;FoodPreservation;FoodStorage;ForagingGroups;Geometry;HerbalKnowledge;IrrigationEngineering;KnowledgeSharing;Masonry;Mathematics;Measurement;Mining;Mining_Copper;Mining_Tin;NaturalPhilosophy;NeolithicSettlement;OrePurification;OrganizedDefense;PermanentArchitecture;Pottery;Quarry;RecordKeeping;Smithing;Stargazing;StoneCutting;StoneTools;Surveying;TextileCraft;TreeCultivate;VillageOrganization;WaterManagement;Woodworking;WrittenRecords"
1309,Neolithic,"Clay=157881.88;Cloth=2977.2;Coal=7468.62;CopperOre=239096.75;PlantFiber=326829.72;Pottery=207703.7;StoneBrick=261347.55;StoneChunk=118716.59;TinOre=2152.8;WoodLog=1128553.46","CharcoalKiln=3;ClayPit=3;CoalMine=3;CopperMine=3;FiberGatheringCamp=3;KnowledgeCircle=3;Lumberyard=3;MeetingGround=3;PotteryKiln=3;Quarry=3;ScribeHut=3;StoneCuttingWorkshop=3;TinMine=3;WeavingWorkshop=3","Agriculture;AnimalFodder;AnimalHusbandry;Arithmetic;Calendar;CharcoalMaking;ClayExtraction;CoalMining;ControlledFire;FishingTechniques;FoodPreservation;FoodStorage;ForagingGroups;Geometry;HerbalKnowledge;IrrigationEngineering;KnowledgeSharing;Masonry;Mathematics;Measurement;Mining;Mining_Copper;Mining_Tin;NaturalPhilosophy;NeolithicSettlement;OrePurification;OrganizedDefense;PermanentArchitecture;Pottery;Quarry;RecordKeeping;Smithing;Stargazing;StoneCutting;StoneTools;Surveying;TextileCraft;TreeCultivate;VillageOrganization;WaterManagement;Woodworking;WrittenRecords"
1310,Neolithic,"Clay=157971.88;Cloth=3157.2;Coal=7923.12;CopperOre=239303.75;PlantFiber=326919.72;Pottery=207901.7;StoneBrick=261563.55;StoneChunk=118806.59;TinOre=2318.4;WoodLog=1129117.46","CharcoalKiln=3;ClayPit=3;CoalMine=3;CopperMine=3;FiberGatheringCamp=3;KnowledgeCircle=3;Lumberyard=3;MeetingGround=3;PotteryKiln=3;Quarry=3;ScribeHut=3;StoneCuttingWorkshop=3;TinMine=3;WeavingWorkshop=3","Agriculture;AnimalFodder;AnimalHusbandry;Arithmetic;Calendar;CharcoalMaking;ClayExtraction;CoalMining;ControlledFire;FishingTechniques;FoodPreservation;FoodStorage;ForagingGroups;Geometry;HerbalKnowledge;IrrigationEngineering;KnowledgeSharing;Masonry;Mathematics;Measurement;Mining;Mining_Copper;Mining_Tin;NaturalPhilosophy;NeolithicSettlement;OrePurification;OrganizedDefense;PermanentArchitecture;Pottery;Quarry;RecordKeeping;Smithing;Stargazing;StoneCutting;StoneTools;Surveying;TextileCraft;TreeCultivate;VillageOrganization;WaterManagement;Woodworking;WrittenRecords"
1311,Neolithic,"Clay=158061.88;Cloth=3337.2;Coal=8197.62;CopperOre=239270.75;PlantFiber=327009.72;Pottery=208099.7;StoneBrick=261779.55;StoneChunk=118896.59;TinOre=2484;WoodLog=1129681.46","CharcoalKiln=3;ClayPit=3;CoalMine=3;CopperMine=3;FiberGatheringCamp=3;KnowledgeCircle=3;Lumberyard=3;MeetingGround=3;PotteryKiln=3;Quarry=3;ScribeHut=3;StoneCuttingWorkshop=3;TinMine=3;WeavingWorkshop=3","Agriculture;AnimalFodder;AnimalHusbandry;Arithmetic;Calendar;CharcoalMaking;ClayExtraction;CoalMining;ControlledFire;FishingTechniques;FoodPreservation;FoodStorage;ForagingGroups;Geometry;HerbalKnowledge;IrrigationEngineering;KilnEfficiency;KnowledgeSharing;Masonry;Mathematics;Measurement;Mining;Mining_Copper;Mining_Tin;NaturalPhilosophy;NeolithicSettlement;OrePurification;OrganizedDefense;PermanentArchitecture;Pottery;Quarry;RecordKeeping;Smithing;Stargazing;StoneCutting;StoneTools;Surveying;TextileCraft;TreeCultivate;VillageOrganization;WaterManagement;Woodworking;WrittenRecords"
1312,Neolithic,"Clay=158151.88;Cloth=3517.2;Coal=8652.12;CopperOre=239477.75;PlantFiber=327099.72;Pottery=208297.7;StoneBrick=261995.55;StoneChunk=118986.59;TinOre=2649.6;WoodLog=1130245.46","CharcoalKiln=3;ClayPit=3;CoalMine=3;CopperMine=3;FiberGatheringCamp=3;KnowledgeCircle=3;Lumberyard=3;MeetingGround=3;PotteryKiln=3;Quarry=3;ScribeHut=3;StoneCuttingWorkshop=3;TinMine=3;WeavingWorkshop=3","Agriculture;AnimalFodder;AnimalHusbandry;Arithmetic;Calendar;CharcoalMaking;ClayExtraction;CoalMining;ControlledFire;FishingTechniques;FoodPreservation;FoodStorage;ForagingGroups;Geometry;HerbalKnowledge;IrrigationEngineering;KilnEfficiency;KnowledgeSharing;Masonry;Mathematics;Measurement;Mining;Mining_Copper;Mining_Tin;NaturalPhilosophy;NeolithicSettlement;OrePurification;OrganizedDefense;PermanentArchitecture;Pottery;Quarry;RecordKeeping;Smithing;Stargazing;StoneCutting;StoneTools;Surveying;TextileCraft;TreeCultivate;VillageOrganization;WaterManagement;Woodworking;WrittenRecords"
1313,Neolithic,"Clay=158241.88;Cloth=3697.2;Coal=9106.62;CopperOre=239684.75;PlantFiber=327189.72;Pottery=208495.7;StoneBrick=262211.55;StoneChunk=119076.59;TinOre=2815.2;WoodLog=1130809.46","CharcoalKiln=3;ClayPit=3;CoalMine=3;CopperMine=3;FiberGatheringCamp=3;KnowledgeCircle=3;Lumberyard=3;MeetingGround=3;PotteryKiln=3;Quarry=3;ScribeHut=3;StoneCuttingWorkshop=3;TinMine=3;WeavingWorkshop=3","Agriculture;AnimalFodder;AnimalHusbandry;Arithmetic;Calendar;CharcoalMaking;ClayExtraction;CoalMining;ControlledFire;FishingTechniques;FoodPreservation;FoodStorage;ForagingGroups;Geometry;HerbalKnowledge;IrrigationEngineering;KilnEfficiency;KnowledgeSharing;Masonry;Mathematics;Measurement;Mining;Mining_Copper;Mining_Tin;NaturalPhilosophy;NeolithicSettlement;OrePurification;OrganizedDefense;PermanentArchitecture;Pottery;Quarry;RecordKeeping;Smithing;Stargazing;StoneCutting;StoneTools;Surveying;TextileCraft;TreeCultivate;VillageOrganization;WaterManagement;Woodworking;WrittenRecords"
1314,Neolithic,"Clay=158331.88;Cloth=3877.2;Coal=9561.12;CopperOre=239891.75;PlantFiber=327279.72;Pottery=208693.7;StoneBrick=262427.55;StoneChunk=119166.59;TinOre=2980.8;WoodLog=1131373.46","CharcoalKiln=3;ClayPit=3;CoalMine=3;CopperMine=3;FiberGatheringCamp=3;KnowledgeCircle=3;Lumberyard=3;MeetingGround=3;PotteryKiln=3;Quarry=3;ScribeHut=3;StoneCuttingWorkshop=3;TinMine=3;WeavingWorkshop=3","Agriculture;AnimalFodder;AnimalHusbandry;Arithmetic;Calendar;CharcoalMaking;ClayExtraction;CoalMining;ControlledFire;FishingTechniques;FoodPreservation;FoodStorage;ForagingGroups;Geometry;HerbalKnowledge;IrrigationEngineering;KilnEfficiency;KnowledgeSharing;Masonry;Mathematics;Measurement;Mining;Mining_Copper;Mining_Tin;NaturalPhilosophy;NeolithicSettlement;OrePurification;OrganizedDefense;PermanentArchitecture;Pottery;Quarry;RecordKeeping;Smithing;Stargazing;StoneCutting;StoneTools;Surveying;TextileCraft;TreeCultivate;VillageOrganization;WaterManagement;Woodworking;WrittenRecords"
1315,Neolithic,"Clay=158421.88;Cloth=4057.2;Coal=10015.62;CopperOre=240098.75;PlantFiber=327369.72;Pottery=208891.7;StoneBrick=262643.55;StoneChunk=119256.59;TinOre=3146.4;WoodLog=1131937.46","CharcoalKiln=3;ClayPit=3;CoalMine=3;CopperMine=3;FiberGatheringCamp=3;KnowledgeCircle=3;Lumberyard=3;MeetingGround=3;PotteryKiln=3;Quarry=3;ScribeHut=3;StoneCuttingWorkshop=3;TinMine=3;WeavingWorkshop=3","Agriculture;AnimalFodder;AnimalHusbandry;Arithmetic;Calendar;CharcoalMaking;ClayExtraction;CoalMining;ControlledFire;FishingTechniques;FoodPreservation;FoodStorage;ForagingGroups;Geometry;HerbalKnowledge;IrrigationEngineering;KilnEfficiency;KnowledgeSharing;Masonry;Mathematics;Measurement;Mining;Mining_Copper;Mining_Tin;NaturalPhilosophy;NeolithicSettlement;OrePurification;OrganizedDefense;PermanentArchitecture;Pottery;Quarry;RecordKeeping;Smithing;Stargazing;StoneCutting;StoneTools;Surveying;TextileCraft;TreeCultivate;VillageOrganization;WaterManagement;Woodworking;WrittenRecords"
1316,Neolithic,"Clay=158511.88;Cloth=4237.2;Coal=10470.12;CopperOre=240305.75;PlantFiber=327459.72;Pottery=209089.7;StoneBrick=262859.55;StoneChunk=119346.59;TinOre=3312;WoodLog=1132501.46","CharcoalKiln=3;ClayPit=3;CoalMine=3;CopperMine=3;FiberGatheringCamp=3;KnowledgeCircle=3;Lumberyard=3;MeetingGround=3;PotteryKiln=3;Quarry=3;ScribeHut=3;StoneCuttingWorkshop=3;TinMine=3;WeavingWorkshop=3","Agriculture;AnimalFodder;AnimalHusbandry;Arithmetic;Calendar;CharcoalMaking;ClayExtraction;CoalMining;ControlledFire;FishingTechniques;FoodPreservation;FoodStorage;ForagingGroups;Geometry;HerbalKnowledge;IrrigationEngineering;KilnEfficiency;KnowledgeSharing;Masonry;Mathematics;Measurement;Mining;Mining_Copper;Mining_Tin;NaturalPhilosophy;NeolithicSettlement;OrePurification;OrganizedDefense;PermanentArchitecture;Pottery;Quarry;RecordKeeping;Smithing;Stargazing;StoneCutting;StoneTools;Surveying;TextileCraft;TreeCultivate;VillageOrganization;WaterManagement;Woodworking;WrittenRecords"
1317,Neolithic,"Clay=158601.88;Cloth=4417.2;Coal=10924.62;CopperOre=240512.75;PlantFiber=327549.72;Pottery=209287.7;StoneBrick=262995.55;StoneChunk=119436.59;TinOre=3477.6;WoodLog=1132965.46","CharcoalKiln=3;ClayPit=3;CoalMine=3;CopperMine=3;CopperSmelter=1;FiberGatheringCamp=3;KnowledgeCircle=3;Lumberyard=3;MeetingGround=3;PotteryKiln=3;Quarry=3;ScribeHut=3;StoneCuttingWorkshop=3;TinMine=3;WeavingWorkshop=3","Agriculture;AnimalFodder;AnimalHusbandry;Arithmetic;Calendar;CharcoalMaking;ClayExtraction;CoalMining;ControlledFire;FishingTechniques;FoodPreservation;FoodStorage;ForagingGroups;Geometry;HerbalKnowledge;IrrigationEngineering;KilnEfficiency;KnowledgeSharing;Masonry;Mathematics;Measurement;Mining;Mining_Copper;Mining_Tin;NaturalPhilosophy;NeolithicSettlement;OrePurification;OrganizedDefense;PermanentArchitecture;Pottery;Quarry;RecordKeeping;Smithing;Smithing_Copper;Stargazing;StoneCutting;StoneTools;Surveying;TextileCraft;TreeCultivate;VillageOrganization;WaterManagement;Woodworking;WrittenRecords"
1318,Neolithic,"Clay=158691.88;Cloth=4597.2;Coal=11341.62;Copper=66;CopperOre=240644.75;PlantFiber=327639.72;Pottery=209485.7;StoneBrick=263117.95;StoneChunk=119526.59;TinOre=3643.2;WoodLog=1133412.46","CharcoalKiln=3;ClayPit=3;CoalMine=3;CopperMine=3;CopperSmelter=2;FiberGatheringCamp=3;KnowledgeCircle=3;Lumberyard=3;MeetingGround=3;PotteryKiln=3;Quarry=3;ScribeHut=3;StoneCuttingWorkshop=3;TinMine=3;WeavingWorkshop=3","Agriculture;AnimalFodder;AnimalHusbandry;Arithmetic;Calendar;CharcoalMaking;ClayExtraction;CoalMining;ControlledFire;FishingTechniques;FoodPreservation;FoodStorage;ForagingGroups;Geometry;HerbalKnowledge;IrrigationEngineering;KilnEfficiency;KnowledgeSharing;Masonry;Mathematics;Measurement;Mining;Mining_Copper;Mining_Tin;NaturalPhilosophy;NeolithicSettlement;OrePurification;OrganizedDefense;PermanentArchitecture;Pottery;Quarry;RecordKeeping;Smithing;Smithing_Copper;Stargazing;StoneCutting;StoneTools;Surveying;TextileCraft;TreeCultivate;VillageOrganization;WaterManagement;Woodworking;WrittenRecords"
1319,Neolithic,"Clay=158781.88;Cloth=4777.2;Coal=11721.12;Copper=198;CopperOre=240701.75;PlantFiber=327729.72;Pottery=209683.7;StoneBrick=263224.44;StoneChunk=119616.59;TinOre=3808.8;WoodLog=1133839.57","CharcoalKiln=3;ClayPit=3;CoalMine=3;CopperMine=3;CopperSmelter=3;FiberGatheringCamp=3;KnowledgeCircle=3;Lumberyard=3;MeetingGround=3;PotteryKiln=3;Quarry=3;ScribeHut=3;StoneCuttingWorkshop=3;TinMine=3;WeavingWorkshop=3","Agriculture;AnimalFodder;AnimalHusbandry;Arithmetic;Calendar;CharcoalMaking;ClayExtraction;CoalMining;ControlledFire;FishingTechniques;FoodPreservation;FoodStorage;ForagingGroups;Geometry;HerbalKnowledge;IrrigationEngineering;KilnEfficiency;KnowledgeSharing;Masonry;Mathematics;Measurement;Mining;Mining_Copper;Mining_Tin;NaturalPhilosophy;NeolithicSettlement;OrePurification;OrganizedDefense;PermanentArchitecture;Pottery;Quarry;RecordKeeping;Smithing;Smithing_Copper;Stargazing;StoneCutting;StoneTools;Surveying;TextileCraft;TreeCultivate;VillageOrganization;WaterManagement;Woodworking;WrittenRecords"
1320,Neolithic,"Clay=158871.88;Cloth=4957.2;Coal=12085.62;Copper=356.4;CopperOre=240728.75;PlantFiber=327819.72;Pottery=209881.7;StoneBrick=263440.44;StoneChunk=119706.59;TinOre=3974.4;WoodLog=1134403.57","CharcoalKiln=3;ClayPit=3;CoalMine=3;CopperMine=3;CopperSmelter=3;FiberGatheringCamp=3;KnowledgeCircle=3;Lumberyard=3;MeetingGround=3;PotteryKiln=3;Quarry=3;ScribeHut=3;StoneCuttingWorkshop=3;TinMine=3;WeavingWorkshop=3","Agriculture;AnimalFodder;AnimalHusbandry;Arithmetic;Calendar;CharcoalMaking;ClayExtraction;CoalMining;ControlledFire;FishingTechniques;FoodPreservation;FoodStorage;ForagingGroups;Geometry;HerbalKnowledge;IrrigationEngineering;KilnEfficiency;KnowledgeSharing;Masonry;Mathematics;Measurement;Mining;Mining_Copper;Mining_Tin;NaturalPhilosophy;NeolithicSettlement;OrePurification;OrganizedDefense;PermanentArchitecture;Pottery;Quarry;RecordKeeping;Smithing;Smithing_Copper;Stargazing;StoneCutting;StoneTools;Surveying;TextileCraft;TreeCultivate;VillageOrganization;WaterManagement;Woodworking;WrittenRecords"
1321,Neolithic,"Clay=158961.88;Cloth=5137.2;Coal=12450.12;Copper=514.8;CopperOre=240755.75;PlantFiber=327909.72;Pottery=210079.7;StoneBrick=263656.44;StoneChunk=119796.59;TinOre=4140;WoodLog=1134967.57","CharcoalKiln=3;ClayPit=3;CoalMine=3;CopperMine=3;CopperSmelter=3;FiberGatheringCamp=3;KnowledgeCircle=3;Lumberyard=3;MeetingGround=3;PotteryKiln=3;Quarry=3;ScribeHut=3;StoneCuttingWorkshop=3;TinMine=3;WeavingWorkshop=3","Agriculture;AnimalFodder;AnimalHusbandry;Arithmetic;Calendar;CharcoalMaking;ClayExtraction;CoalMining;ControlledFire;FishingTechniques;FoodPreservation;FoodStorage;ForagingGroups;Geometry;HerbalKnowledge;IrrigationEngineering;KilnEfficiency;KnowledgeSharing;Masonry;Mathematics;Measurement;Mining;Mining_Copper;Mining_Tin;NaturalPhilosophy;NeolithicSettlement;OrePurification;OrganizedDefense;PermanentArchitecture;Pottery;Quarry;RecordKeeping;Smithing;Smithing_Copper;Stargazing;StoneCutting;StoneTools;Surveying;TextileCraft;TreeCultivate;VillageOrganization;WaterManagement;Woodworking;WrittenRecords"
1322,Neolithic,"Clay=159051.88;Cloth=5317.2;Coal=12814.62;Copper=673.2;CopperOre=240782.75;PlantFiber=327999.72;Pottery=210277.7;StoneBrick=263872.44;StoneChunk=119886.59;TinOre=4305.6;WoodLog=1135531.57","CharcoalKiln=3;ClayPit=3;CoalMine=3;CopperMine=3;CopperSmelter=3;FiberGatheringCamp=3;KnowledgeCircle=3;Lumberyard=3;MeetingGround=3;PotteryKiln=3;Quarry=3;ScribeHut=3;StoneCuttingWorkshop=3;TinMine=3;WeavingWorkshop=3","Agriculture;AnimalFodder;AnimalHusbandry;Arithmetic;Calendar;CharcoalMaking;ClayExtraction;CoalMining;ControlledFire;FishingTechniques;FoodPreservation;FoodStorage;ForagingGroups;Geometry;HerbalKnowledge;IrrigationEngineering;KilnEfficiency;KnowledgeSharing;Masonry;Mathematics;Measurement;Mining;Mining_Copper;Mining_Tin;NaturalPhilosophy;NeolithicSettlement;OrePurification;OrganizedDefense;PermanentArchitecture;Pottery;Quarry;RecordKeeping;Smithing;Smithing_Copper;Stargazing;StoneCutting;StoneTools;Surveying;TextileCraft;TreeCultivate;VillageOrganization;WaterManagement;Woodworking;WrittenRecords"
1323,Neolithic,"Clay=159141.88;Cloth=5497.2;Coal=13179.12;Copper=631.6;CopperOre=240809.75;PlantFiber=328089.72;Pottery=210475.7;StoneBrick=263838.44;StoneChunk=119776.59;TinOre=4471.2;WoodLog=1135625.57","CharcoalKiln=3;ClayPit=3;CoalMine=3;CopperMine=3;CopperSmelter=3;FiberGatheringCamp=3;IronMine=1;KnowledgeCircle=3;Lumberyard=3;MeetingGround=3;PotteryKiln=3;Quarry=3;ScribeHut=3;StoneCuttingWorkshop=3;TinMine=3;WeavingWorkshop=3","Agriculture;AnimalFodder;AnimalHusbandry;Arithmetic;Calendar;CharcoalMaking;ClayExtraction;CoalMining;ControlledFire;FishingTechniques;FoodPreservation;FoodStorage;ForagingGroups;Geometry;HerbalKnowledge;IrrigationEngineering;KilnEfficiency;KnowledgeSharing;Masonry;Mathematics;Measurement;Mining;Mining_Copper;Mining_Iron;Mining_Tin;NaturalPhilosophy;NeolithicSettlement;OrePurification;OrganizedDefense;PermanentArchitecture;Pottery;Quarry;RecordKeeping;Smithing;Smithing_Copper;Stargazing;StoneCutting;StoneTools;Surveying;TextileCraft;TreeCultivate;VillageOrganization;WaterManagement;Woodworking;WrittenRecords"
1324,Neolithic,"Clay=159231.88;Cloth=5677.2;Coal=13543.62;Copper=790;CopperOre=240836.75;IronOre=69;PlantFiber=328179.72;Pottery=210673.7;StoneBrick=264054.44;StoneChunk=119636.59;TinOre=4636.8;WoodLog=1135936.57","CharcoalKiln=3;ClayPit=3;CoalMine=3;CopperMine=3;CopperSmelter=3;FiberGatheringCamp=3;IronMine=2;KnowledgeCircle=3;Lumberyard=3;MeetingGround=3;PotteryKiln=3;Quarry=3;ScribeHut=3;StoneCuttingWorkshop=3;TinMine=3;WeavingWorkshop=3","Agriculture;AnimalFodder;AnimalHusbandry;Arithmetic;Calendar;CharcoalMaking;ClayExtraction;CoalMining;ControlledFire;FishingTechniques;FoodPreservation;FoodStorage;ForagingGroups;Geometry;HerbalKnowledge;IrrigationEngineering;KilnEfficiency;KnowledgeSharing;Masonry;Mathematics;Measurement;Mining;Mining_Copper;Mining_Iron;Mining_Tin;NaturalPhilosophy;NeolithicSettlement;OrePurification;OrganizedDefense;PermanentArchitecture;Pottery;Quarry;RecordKeeping;Smithing;Smithing_Copper;Stargazing;StoneCutting;StoneTools;Surveying;TextileCraft;TreeCultivate;VillageOrganization;WaterManagement;Woodworking;WrittenRecords"
1325,Neolithic,"Clay=159321.88;Cloth=5857.2;Coal=13908.12;Copper=948.4;CopperOre=240863.75;IronOre=207;PlantFiber=328269.72;Pottery=210871.7;StoneBrick=264270.44;StoneChunk=119462.09;TinOre=4802.4;WoodLog=1136209.62","CharcoalKiln=3;ClayPit=3;CoalMine=3;CopperMine=3;CopperSmelter=3;FiberGatheringCamp=3;IronMine=3;KnowledgeCircle=3;Lumberyard=3;MeetingGround=3;PotteryKiln=3;Quarry=3;ScribeHut=3;StoneCuttingWorkshop=3;TinMine=3;WeavingWorkshop=3","Agriculture;AnimalFodder;AnimalHusbandry;Arithmetic;Calendar;CharcoalMaking;ClayExtraction;CoalMining;ControlledFire;FishingTechniques;FoodPreservation;FoodStorage;ForagingGroups;Geometry;HerbalKnowledge;IrrigationEngineering;KilnEfficiency;KnowledgeSharing;Masonry;Mathematics;Measurement;Mining;Mining_Copper;Mining_Iron;Mining_Tin;NaturalPhilosophy;NeolithicSettlement;OrePurification;OrganizedDefense;PermanentArchitecture;Pottery;Quarry;RecordKeeping;Smithing;Smithing_Copper;Stargazing;StoneCutting;StoneTools;Surveying;TextileCraft;TreeCultivate;VillageOrganization;WaterManagement;Woodworking;WrittenRecords"
1326,Neolithic,"Clay=159411.88;Cloth=6037.2;Coal=14272.62;Copper=1106.8;CopperOre=240890.75;IronOre=372.6;PlantFiber=328359.72;Pottery=211069.7;StoneBrick=264486.44;StoneChunk=119552.09;TinOre=4968;WoodLog=1136773.62","CharcoalKiln=3;ClayPit=3;CoalMine=3;CopperMine=3;CopperSmelter=3;FiberGatheringCamp=3;IronMine=3;KnowledgeCircle=3;Lumberyard=3;MeetingGround=3;PotteryKiln=3;Quarry=3;ScribeHut=3;StoneCuttingWorkshop=3;TinMine=3;WeavingWorkshop=3","Agriculture;AnimalFodder;AnimalHusbandry;Arithmetic;Calendar;CharcoalMaking;ClayExtraction;CoalMining;ControlledFire;FishingTechniques;FoodPreservation;FoodStorage;ForagingGroups;Geometry;HerbalKnowledge;IrrigationEngineering;KilnEfficiency;KnowledgeSharing;Masonry;Mathematics;Measurement;Mining;Mining_Copper;Mining_Iron;Mining_Tin;NaturalPhilosophy;NeolithicSettlement;OrePurification;OrganizedDefense;PermanentArchitecture;Pottery;Quarry;RecordKeeping;Smithing;Smithing_Copper;Stargazing;StoneCutting;StoneTools;Surveying;TextileCraft;TreeCultivate;VillageOrganization;WaterManagement;Woodworking;WrittenRecords"
1327,Neolithic,"Clay=159501.88;Cloth=6217.2;Coal=14637.12;Copper=1265.2;CopperOre=240917.75;IronOre=538.2;PlantFiber=328449.72;Pottery=211267.7;StoneBrick=264702.44;StoneChunk=119642.09;TinOre=5133.6;WoodLog=1137337.62","CharcoalKiln=3;ClayPit=3;CoalMine=3;CopperMine=3;CopperSmelter=3;FiberGatheringCamp=3;IronMine=3;KnowledgeCircle=3;Lumberyard=3;MeetingGround=3;PotteryKiln=3;Quarry=3;ScribeHut=3;StoneCuttingWorkshop=3;TinMine=3;WeavingWorkshop=3","Agriculture;AnimalFodder;AnimalHusbandry;Arithmetic;Calendar;CharcoalMaking;ClayExtraction;CoalMining;ControlledFire;FishingTechniques;FoodPreservation;FoodStorage;ForagingGroups;Geometry;HerbalKnowledge;IrrigationEngineering;KilnEfficiency;KnowledgeSharing;Masonry;Mathematics;Measurement;Mining;Mining_Copper;Mining_Iron;Mining_Tin;NaturalPhilosophy;NeolithicSettlement;OrePurification;OrganizedDefense;PermanentArchitecture;Pottery;Quarry;RecordKeeping;Smithing;Smithing_Copper;Stargazing;StoneCutting;StoneTools;Surveying;TextileCraft;TreeCultivate;VillageOrganization;WaterManagement;Woodworking;WrittenRecords"
1328,Neolithic,"Clay=159591.88;Cloth=6397.2;Coal=15001.62;Copper=1423.6;CopperOre=240944.75;IronOre=703.8;PlantFiber=328539.72;Pottery=211465.7;StoneBrick=264918.44;StoneChunk=119732.09;TinOre=5299.2;WoodLog=1137901.62","CharcoalKiln=3;ClayPit=3;CoalMine=3;CopperMine=3;CopperSmelter=3;FiberGatheringCamp=3;IronMine=3;KnowledgeCircle=3;Lumberyard=3;MeetingGround=3;PotteryKiln=3;Quarry=3;ScribeHut=3;StoneCuttingWorkshop=3;TinMine=3;WeavingWorkshop=3","Agriculture;AnimalFodder;AnimalHusbandry;Arithmetic;Calendar;CharcoalMaking;ClayExtraction;CoalMining;ControlledFire;FishingTechniques;FoodPreservation;FoodStorage;ForagingGroups;Geometry;HerbalKnowledge;IrrigationEngineering;KilnEfficiency;KnowledgeSharing;Masonry;Mathematics;Measurement;Mining;Mining_Copper;Mining_Iron;Mining_Tin;NaturalPhilosophy;NeolithicSettlement;OrePurification;OrganizedDefense;PermanentArchitecture;Pottery;Quarry;RecordKeeping;Smithing;Smithing_Copper;Stargazing;StoneCutting;StoneTools;Surveying;TextileCraft;TreeCultivate;VillageOrganization;WaterManagement;Woodworking;WrittenRecords"
1329,Neolithic,"Clay=159681.88;Cloth=6577.2;Coal=15206.12;Copper=1582;CopperOre=240971.75;IronOre=869.4;PlantFiber=328629.72;Pottery=211663.7;StoneBrick=265134.44;StoneChunk=119822.09;TinOre=5244.8;WoodLog=1138465.62","CharcoalKiln=3;ClayPit=3;CoalMine=3;CopperMine=3;CopperSmelter=3;FiberGatheringCamp=3;IronMine=3;KnowledgeCircle=3;Lumberyard=3;MeetingGround=3;PotteryKiln=3;Quarry=3;ScribeHut=3;StoneCuttingWorkshop=3;TinMine=3;WeavingWorkshop=3","Agriculture;AnimalFodder;AnimalHusbandry;Arithmetic;Calendar;CharcoalMaking;ClayExtraction;CoalMining;ControlledFire;FishingTechniques;FoodPreservation;FoodStorage;ForagingGroups;Geometry;HerbalKnowledge;IrrigationEngineering;KilnEfficiency;KnowledgeSharing;Masonry;Mathematics;Measurement;Mining;Mining_Copper;Mining_Iron;Mining_Tin;NaturalPhilosophy;NeolithicSettlement;OrePurification;OrganizedDefense;PermanentArchitecture;Pottery;Quarry;RecordKeeping;Smithing;Smithing_Copper;Stargazing;StoneCutting;StoneTools;Surveying;TextileCraft;TreeCultivate;VillageCrafts;VillageOrganization;WaterManagement;Woodworking;WrittenRecords"
1330,Neolithic,"Clay=159771.88;Cloth=6757.2;Coal=15570.62;Copper=1740.4;CopperOre=240998.75;IronOre=1035;PlantFiber=328719.72;Pottery=211861.7;StoneBrick=265350.44;StoneChunk=119912.09;TinOre=5410.4;WoodLog=1139029.62","CharcoalKiln=3;ClayPit=3;CoalMine=3;CopperMine=3;CopperSmelter=3;FiberGatheringCamp=3;IronMine=3;KnowledgeCircle=3;Lumberyard=3;MeetingGround=3;PotteryKiln=3;Quarry=3;ScribeHut=3;StoneCuttingWorkshop=3;TinMine=3;WeavingWorkshop=3","Agriculture;AnimalFodder;AnimalHusbandry;Arithmetic;Calendar;CharcoalMaking;ClayExtraction;CoalMining;ControlledFire;FishingTechniques;FoodPreservation;FoodStorage;ForagingGroups;Geometry;HerbalKnowledge;IrrigationEngineering;KilnEfficiency;KnowledgeSharing;Masonry;Mathematics;Measurement;Mining;Mining_Copper;Mining_Iron;Mining_Tin;NaturalPhilosophy;NeolithicSettlement;OrePurification;OrganizedDefense;PermanentArchitecture;Pottery;Quarry;RecordKeeping;Smithing;Smithing_Copper;Stargazing;StoneCutting;StoneTools;Surveying;TextileCraft;TreeCultivate;VillageCrafts;VillageOrganization;WaterManagement;Woodworking;WrittenRecords"
1331,Neolithic,"Clay=159861.88;Cloth=6937.2;Coal=15935.12;Copper=1898.8;CopperOre=241025.75;IronOre=1200.6;PlantFiber=328809.72;Pottery=212059.7;StoneBrick=265566.44;StoneChunk=120002.09;TinOre=5576;WoodLog=1139593.62","CharcoalKiln=3;ClayPit=3;CoalMine=3;CopperMine=3;CopperSmelter=3;FiberGatheringCamp=3;IronMine=3;KnowledgeCircle=3;Lumberyard=3;MeetingGround=3;PotteryKiln=3;Quarry=3;ScribeHut=3;StoneCuttingWorkshop=3;TinMine=3;WeavingWorkshop=3","Agriculture;AnimalFodder;AnimalHusbandry;Arithmetic;Calendar;CharcoalMaking;ClayExtraction;CoalMining;ControlledFire;FishingTechniques;FoodPreservation;FoodStorage;ForagingGroups;Geometry;HerbalKnowledge;IrrigationEngineering;KilnEfficiency;KnowledgeSharing;Masonry;Mathematics;Measurement;Mining;Mining_Copper;Mining_Iron;Mining_Tin;NaturalPhilosophy;NeolithicSettlement;OrePurification;OrganizedDefense;PermanentArchitecture;Pottery;Quarry;RecordKeeping;Smithing;Smithing_Copper;Stargazing;StoneCutting;StoneTools;Surveying;TextileCraft;TreeCultivate;VillageCrafts;VillageOrganization;WaterManagement;Woodworking;WrittenRecords"
1332,Neolithic,"Clay=159951.88;Cloth=7117.2;Coal=16299.62;Copper=2057.2;CopperOre=241052.75;IronOre=1366.2;PlantFiber=328899.72;Pottery=212257.7;StoneBrick=265782.44;StoneChunk=120092.09;TinOre=5741.6;WoodLog=1140157.62","CharcoalKiln=3;ClayPit=3;CoalMine=3;CopperMine=3;CopperSmelter=3;FiberGatheringCamp=3;IronMine=3;KnowledgeCircle=3;Lumberyard=3;MeetingGround=3;PotteryKiln=3;Quarry=3;ScribeHut=3;StoneCuttingWorkshop=3;TinMine=3;WeavingWorkshop=3","Agriculture;AnimalFodder;AnimalHusbandry;Arithmetic;Calendar;CharcoalMaking;ClayExtraction;CoalMining;ControlledFire;FishingTechniques;FoodPreservation;FoodStorage;ForagingGroups;Geometry;HerbalKnowledge;IrrigationEngineering;KilnEfficiency;KnowledgeSharing;Masonry;Mathematics;Measurement;Mining;Mining_Copper;Mining_Iron;Mining_Tin;NaturalPhilosophy;NeolithicSettlement;OrePurification;OrganizedDefense;PermanentArchitecture;Pottery;Quarry;RecordKeeping;Smithing;Smithing_Copper;Stargazing;StoneCutting;StoneTools;Surveying;TextileCraft;TreeCultivate;VillageCrafts;VillageOrganization;WaterManagement;Woodworking;WrittenRecords"
1333,Neolithic,"Clay=160041.88;Cloth=7297.2;Coal=16664.12;Copper=2215.6;CopperOre=241079.75;IronOre=1531.8;PlantFiber=328989.72;Pottery=212455.7;StoneBrick=265998.44;StoneChunk=120182.09;TinOre=5907.2;WoodLog=1140721.62","CharcoalKiln=3;ClayPit=3;CoalMine=3;CopperMine=3;CopperSmelter=3;FiberGatheringCamp=3;IronMine=3;KnowledgeCircle=3;Lumberyard=3;MeetingGround=3;PotteryKiln=3;Quarry=3;ScribeHut=3;StoneCuttingWorkshop=3;TinMine=3;WeavingWorkshop=3","Agriculture;AnimalFodder;AnimalHusbandry;Arithmetic;Calendar;CharcoalMaking;ClayExtraction;CoalMining;ControlledFire;FishingTechniques;FoodPreservation;FoodStorage;ForagingGroups;Geometry;HerbalKnowledge;IrrigationEngineering;KilnEfficiency;KnowledgeSharing;Masonry;Mathematics;Measurement;Mining;Mining_Copper;Mining_Iron;Mining_Tin;NaturalPhilosophy;NeolithicSettlement;OrePurification;OrganizedDefense;PermanentArchitecture;Pottery;Quarry;RecordKeeping;Smithing;Smithing_Copper;Stargazing;StoneCutting;StoneTools;Surveying;TextileCraft;TreeCultivate;VillageCrafts;VillageOrganization;WaterManagement;Woodworking;WrittenRecords"
1334,Neolithic,"Clay=160131.88;Cloth=7477.2;Coal=17028.62;Copper=2374;CopperOre=241106.75;IronOre=1697.4;PlantFiber=329079.72;Pottery=212653.7;StoneBrick=266214.44;StoneChunk=120272.09;TinOre=6072.8;WoodLog=1141285.62","CharcoalKiln=3;ClayPit=3;CoalMine=3;CopperMine=3;CopperSmelter=3;FiberGatheringCamp=3;IronMine=3;KnowledgeCircle=3;Lumberyard=3;MeetingGround=3;PotteryKiln=3;Quarry=3;ScribeHut=3;StoneCuttingWorkshop=3;TinMine=3;WeavingWorkshop=3","Agriculture;AnimalFodder;AnimalHusbandry;Arithmetic;Calendar;CharcoalMaking;ClayExtraction;CoalMining;ControlledFire;FishingTechniques;FoodPreservation;FoodStorage;ForagingGroups;Geometry;HerbalKnowledge;IrrigationEngineering;KilnEfficiency;KnowledgeSharing;Masonry;Mathematics;Measurement;Mining;Mining_Copper;Mining_Iron;Mining_Tin;NaturalPhilosophy;NeolithicSettlement;OrePurification;OrganizedDefense;PermanentArchitecture;Pottery;Quarry;RecordKeeping;Smithing;Smithing_Copper;Stargazing;StoneCutting;StoneTools;Surveying;TextileCraft;TreeCultivate;VillageCrafts;VillageOrganization;WaterManagement;Woodworking;WrittenRecords"
1335,Neolithic,"Clay=160221.88;Cloth=7657.2;Coal=17393.13;Copper=2532.4;CopperOre=241133.75;IronOre=1863;PlantFiber=329169.72;Pottery=212851.7;StoneBrick=266430.44;StoneChunk=120362.09;TinOre=6238.4;WoodLog=1141849.62","CharcoalKiln=3;ClayPit=3;CoalMine=3;CopperMine=3;CopperSmelter=3;FiberGatheringCamp=3;IronMine=3;KnowledgeCircle=3;Lumberyard=3;MeetingGround=3;PotteryKiln=3;Quarry=3;ScribeHut=3;StoneCuttingWorkshop=3;TinMine=3;WeavingWorkshop=3","Agriculture;AnimalFodder;AnimalHusbandry;Arithmetic;Calendar;CharcoalMaking;ClayExtraction;CoalMining;ControlledFire;FishingTechniques;FoodPreservation;FoodStorage;ForagingGroups;Geometry;HerbalKnowledge;IrrigationEngineering;KilnEfficiency;KnowledgeSharing;Masonry;Mathematics;Measurement;Mining;Mining_Copper;Mining_Iron;Mining_Tin;NaturalPhilosophy;NeolithicSettlement;OrePurification;OrganizedDefense;PermanentArchitecture;Pottery;Quarry;RecordKeeping;Smithing;Smithing_Copper;Stargazing;StoneCutting;StoneTools;Surveying;TextileCraft;TreeCultivate;VillageCrafts;VillageOrganization;WaterManagement;Woodworking;WrittenRecords"
1336,Neolithic,"Clay=160111.88;Cloth=7717.2;Coal=17750.13;Copper=2690.8;CopperOre=241160.75;IronOre=2028.6;PlantFiber=329259.72;Pottery=212849.7;StoneBrick=266566.44;StoneChunk=120452.09;Tin=13.2;TinOre=6389;WoodLog=1142313.62","CharcoalKiln=3;ClayPit=3;CoalMine=3;CopperMine=3;CopperSmelter=3;FiberGatheringCamp=3;IronMine=3;KnowledgeCircle=3;Lumberyard=3;MeetingGround=3;PotteryKiln=3;Quarry=3;ScribeHut=3;StoneCuttingWorkshop=3;TinMine=3;TinSmelter=1;WeavingWorkshop=3","Agriculture;AnimalFodder;AnimalHusbandry;Arithmetic;Calendar;CharcoalMaking;ClayExtraction;CoalMining;ControlledFire;FishingTechniques;FoodPreservation;FoodStorage;ForagingGroups;Geometry;HerbalKnowledge;IrrigationEngineering;KilnEfficiency;KnowledgeSharing;Masonry;Mathematics;Measurement;Mining;Mining_Copper;Mining_Iron;Mining_Tin;NaturalPhilosophy;NeolithicSettlement;OrePurification;OrganizedDefense;PermanentArchitecture;Pottery;Quarry;RecordKeeping;Smithing;Smithing_Copper;Smithing_Tin;Stargazing;StoneCutting;StoneTools;Surveying;TextileCraft;TreeCultivate;VillageCrafts;VillageOrganization;WaterManagement;Woodworking;WrittenRecords"
1337,Neolithic,"Clay=160201.88;Cloth=7897.2;Coal=18069.63;Copper=2849.2;CopperOre=241187.75;IronOre=2194.2;PlantFiber=329349.72;Pottery=213047.7;StoneBrick=266688.84;StoneChunk=120542.09;Tin=92.4;TinOre=6464.6;WoodLog=1142760.62","CharcoalKiln=3;ClayPit=3;CoalMine=3;CopperMine=3;CopperSmelter=3;FiberGatheringCamp=3;IronMine=3;KnowledgeCircle=3;Lumberyard=3;MeetingGround=3;PotteryKiln=3;Quarry=3;ScribeHut=3;StoneCuttingWorkshop=3;TinMine=3;TinSmelter=2;WeavingWorkshop=3","Agriculture;AnimalFodder;AnimalHusbandry;Arithmetic;Calendar;CharcoalMaking;ClayExtraction;CoalMining;ControlledFire;FishingTechniques;FoodPreservation;FoodStorage;ForagingGroups;Geometry;HerbalKnowledge;IrrigationEngineering;KilnEfficiency;KnowledgeSharing;Masonry;Mathematics;Measurement;Mining;Mining_Copper;Mining_Iron;Mining_Tin;NaturalPhilosophy;NeolithicSettlement;OrePurification;OrganizedDefense;PermanentArchitecture;Pottery;Quarry;RecordKeeping;Smithing;Smithing_Copper;Smithing_Tin;Stargazing;StoneCutting;StoneTools;Surveying;TextileCraft;TreeCultivate;VillageCrafts;VillageOrganization;WaterManagement;Woodworking;WrittenRecords"
1338,Neolithic,"Clay=160291.88;Cloth=8077.2;Coal=18351.63;Copper=3007.6;CopperOre=241214.75;IronOre=2359.8;PlantFiber=329439.72;Pottery=213245.7;StoneBrick=266795.33;StoneChunk=120632.09;Tin=237.6;TinOre=6465.2;WoodLog=1143187.73","CharcoalKiln=3;ClayPit=3;CoalMine=3;CopperMine=3;CopperSmelter=3;FiberGatheringCamp=3;IronMine=3;KnowledgeCircle=3;Lumberyard=3;MeetingGround=3;PotteryKiln=3;Quarry=3;ScribeHut=3;StoneCuttingWorkshop=3;TinMine=3;TinSmelter=3;WeavingWorkshop=3","Agriculture;AnimalFodder;AnimalHusbandry;Arithmetic;Calendar;CharcoalMaking;ClayExtraction;CoalMining;ControlledFire;FishingTechniques;FoodPreservation;FoodStorage;ForagingGroups;Geometry;HerbalKnowledge;IrrigationEngineering;KilnEfficiency;KnowledgeSharing;Masonry;Mathematics;Measurement;Mining;Mining_Copper;Mining_Iron;Mining_Tin;NaturalPhilosophy;NeolithicSettlement;OrePurification;OrganizedDefense;PermanentArchitecture;Pottery;Quarry;RecordKeeping;Smithing;Smithing_Copper;Smithing_Tin;Stargazing;StoneCutting;StoneTools;Surveying;TextileCraft;TreeCultivate;VillageCrafts;VillageOrganization;WaterManagement;Woodworking;WrittenRecords"
1339,Neolithic,"Clay=160381.88;Cloth=8257.2;Coal=18626.13;Copper=3166;CopperOre=241241.75;IronOre=2525.4;PlantFiber=329529.72;Pottery=213443.7;StoneBrick=267011.33;StoneChunk=120722.09;Tin=396;TinOre=6450.8;WoodLog=1143751.73","CharcoalKiln=3;ClayPit=3;CoalMine=3;CopperMine=3;CopperSmelter=3;FiberGatheringCamp=3;IronMine=3;KnowledgeCircle=3;Lumberyard=3;MeetingGround=3;PotteryKiln=3;Quarry=3;ScribeHut=3;StoneCuttingWorkshop=3;TinMine=3;TinSmelter=3;WeavingWorkshop=3","Agriculture;AnimalFodder;AnimalHusbandry;Arithmetic;Calendar;CharcoalMaking;ClayExtraction;CoalMining;ControlledFire;FishingTechniques;FoodPreservation;FoodStorage;ForagingGroups;Geometry;HerbalKnowledge;IrrigationEngineering;KilnEfficiency;KnowledgeSharing;Masonry;Mathematics;Measurement;Mining;Mining_Copper;Mining_Iron;Mining_Tin;NaturalPhilosophy;NeolithicSettlement;OrePurification;OrganizedDefense;PermanentArchitecture;Pottery;Quarry;RecordKeeping;Smithing;Smithing_Copper;Smithing_Tin;Stargazing;StoneCutting;StoneTools;Surveying;TextileCraft;TreeCultivate;VillageCrafts;VillageOrganization;WaterManagement;Woodworking;WrittenRecords"
1340,Neolithic,"Clay=160471.88;Cloth=8437.2;Coal=18900.63;Copper=3324.4;CopperOre=241268.75;IronOre=2691;PlantFiber=329619.72;Pottery=213641.7;StoneBrick=267227.33;StoneChunk=120812.09;Tin=554.4;TinOre=6436.4;WoodLog=1144315.73","CharcoalKiln=3;ClayPit=3;CoalMine=3;CopperMine=3;CopperSmelter=3;FiberGatheringCamp=3;IronMine=3;KnowledgeCircle=3;Lumberyard=3;MeetingGround=3;PotteryKiln=3;Quarry=3;ScribeHut=3;StoneCuttingWorkshop=3;TinMine=3;TinSmelter=3;WeavingWorkshop=3","Agriculture;AnimalFodder;AnimalHusbandry;Arithmetic;Calendar;CharcoalMaking;ClayExtraction;CoalMining;ControlledFire;FishingTechniques;FoodPreservation;FoodStorage;ForagingGroups;Geometry;HerbalKnowledge;IrrigationEngineering;KilnEfficiency;KnowledgeSharing;Masonry;Mathematics;Measurement;Mining;Mining_Copper;Mining_Iron;Mining_Tin;NaturalPhilosophy;NeolithicSettlement;OrePurification;OrganizedDefense;PermanentArchitecture;Pottery;Quarry;RecordKeeping;Smithing;Smithing_Copper;Smithing_Tin;Stargazing;StoneCutting;StoneTools;Surveying;TextileCraft;TreeCultivate;VillageCrafts;VillageOrganization;WaterManagement;Woodworking;WrittenRecords"
1341,Neolithic,"Clay=160561.88;Cloth=8617.2;Coal=19175.13;Copper=3482.8;CopperOre=241295.75;IronOre=2856.6;PlantFiber=329709.72;Pottery=213839.7;StoneBrick=267443.33;StoneChunk=120902.09;Tin=712.8;TinOre=6422;WoodLog=1144879.73","CharcoalKiln=3;ClayPit=3;CoalMine=3;CopperMine=3;CopperSmelter=3;FiberGatheringCamp=3;IronMine=3;KnowledgeCircle=3;Lumberyard=3;MeetingGround=3;PotteryKiln=3;Quarry=3;ScribeHut=3;StoneCuttingWorkshop=3;TinMine=3;TinSmelter=3;WeavingWorkshop=3","Agriculture;AnimalFodder;AnimalHusbandry;Arithmetic;Calendar;CharcoalMaking;ClayExtraction;CoalMining;ControlledFire;FishingTechniques;FoodPreservation;FoodStorage;ForagingGroups;Geometry;HerbalKnowledge;IrrigationEngineering;KilnEfficiency;KnowledgeSharing;Masonry;Mathematics;Measurement;Mining;Mining_Copper;Mining_Iron;Mining_Tin;NaturalPhilosophy;NeolithicSettlement;OrePurification;OrganizedDefense;PermanentArchitecture;Pottery;Quarry;RecordKeeping;Smithing;Smithing_Copper;Smithing_Tin;Stargazing;StoneCutting;StoneTools;Surveying;TextileCraft;TreeCultivate;VillageCrafts;VillageOrganization;WaterManagement;Woodworking;WrittenRecords"
1342,Neolithic,"Clay=160651.88;Cloth=8647.2;Coal=19449.63;Copper=3641.2;CopperOre=241322.75;IronOre=3022.2;PlantFiber=329799.72;Pottery=213837.7;StoneBrick=267309.33;StoneChunk=120992.09;Tin=871.2;TinOre=6407.6;WoodLog=1145443.73","CharcoalKiln=3;ClayPit=3;CoalMine=3;CopperMine=3;CopperSmelter=3;FiberGatheringCamp=3;IronMine=3;KnowledgeCircle=3;Lumberyard=3;MeetingGround=3;PotteryKiln=3;Quarry=3;ScribeHut=3;StoneCuttingWorkshop=3;TinMine=3;TinSmelter=3;WeavingWorkshop=3","Agriculture;AnimalFodder;AnimalHusbandry;Arithmetic;Calendar;CharcoalMaking;ClayExtraction;CoalMining;ControlledFire;CropRotation;FishingTechniques;FoodPreservation;FoodStorage;ForagingGroups;Geometry;HerbalKnowledge;IrrigationEngineering;KilnEfficiency;KnowledgeSharing;Masonry;Mathematics;Measurement;Mining;Mining_Copper;Mining_Iron;Mining_Tin;NaturalPhilosophy;NeolithicSettlement;OrePurification;OrganizedDefense;PermanentArchitecture;Pottery;Quarry;RecordKeeping;Smithing;Smithing_Copper;Smithing_Tin;Stargazing;StoneCutting;StoneTools;Surveying;TextileCraft;TreeCultivate;VillageCrafts;VillageOrganization;WaterManagement;Woodworking;WrittenRecords"
1343,Neolithic,"Clay=160741.88;Cloth=8827.2;Coal=19724.13;Copper=3799.6;CopperOre=241349.75;IronOre=3187.8;PlantFiber=329889.72;Pottery=214035.7;StoneBrick=267525.33;StoneChunk=121082.09;Tin=1029.6;TinOre=6393.2;WoodLog=1146007.73","CharcoalKiln=3;ClayPit=3;CoalMine=3;CopperMine=3;CopperSmelter=3;FiberGatheringCamp=3;IronMine=3;KnowledgeCircle=3;Lumberyard=3;MeetingGround=3;PotteryKiln=3;Quarry=3;ScribeHut=3;StoneCuttingWorkshop=3;TinMine=3;TinSmelter=3;WeavingWorkshop=3","Agriculture;AnimalFodder;AnimalHusbandry;Arithmetic;Calendar;CharcoalMaking;ClayExtraction;CoalMining;ControlledFire;CropRotation;FishingTechniques;FoodPreservation;FoodStorage;ForagingGroups;Geometry;HerbalKnowledge;IrrigationEngineering;KilnEfficiency;KnowledgeSharing;Masonry;Mathematics;Measurement;Mining;Mining_Copper;Mining_Iron;Mining_Tin;NaturalPhilosophy;NeolithicSettlement;OrePurification;OrganizedDefense;PermanentArchitecture;Pottery;Quarry;RecordKeeping;Smithing;Smithing_Copper;Smithing_Tin;Stargazing;StoneCutting;StoneTools;Surveying;TextileCraft;TreeCultivate;VillageCrafts;VillageOrganization;WaterManagement;Woodworking;WrittenRecords"
1344,Neolithic,"Clay=160831.88;Cloth=9007.2;Coal=19998.63;Copper=3958;CopperOre=241376.75;IronOre=3353.4;PlantFiber=329979.72;Pottery=214233.7;StoneBrick=267741.33;StoneChunk=121172.09;Tin=1188;TinOre=6378.8;WoodLog=1146571.73","CharcoalKiln=3;ClayPit=3;CoalMine=3;CopperMine=3;CopperSmelter=3;FiberGatheringCamp=3;IronMine=3;KnowledgeCircle=3;Lumberyard=3;MeetingGround=3;PotteryKiln=3;Quarry=3;ScribeHut=3;StoneCuttingWorkshop=3;TinMine=3;TinSmelter=3;WeavingWorkshop=3","Agriculture;AnimalFodder;AnimalHusbandry;Arithmetic;Calendar;CharcoalMaking;ClayExtraction;CoalMining;ControlledFire;CropRotation;FishingTechniques;FoodPreservation;FoodStorage;ForagingGroups;Geometry;HerbalKnowledge;IrrigationEngineering;KilnEfficiency;KnowledgeSharing;Masonry;Mathematics;Measurement;Mining;Mining_Copper;Mining_Iron;Mining_Tin;NaturalPhilosophy;NeolithicSettlement;OrePurification;OrganizedDefense;PermanentArchitecture;Pottery;Quarry;RecordKeeping;Smithing;Smithing_Copper;Smithing_Tin;Stargazing;StoneCutting;StoneTools;Surveying;TextileCraft;TreeCultivate;VillageCrafts;VillageOrganization;WaterManagement;Woodworking;WrittenRecords"
1345,Neolithic,"Clay=160921.88;Cloth=9187.2;Coal=20273.13;Copper=4116.4;CopperOre=241403.75;IronOre=3519;PlantFiber=330069.72;Pottery=214431.7;StoneBrick=267957.33;StoneChunk=121262.09;Tin=1346.4;TinOre=6364.4;WoodLog=1147135.73","CharcoalKiln=3;ClayPit=3;CoalMine=3;CopperMine=3;CopperSmelter=3;FiberGatheringCamp=3;IronMine=3;KnowledgeCircle=3;Lumberyard=3;MeetingGround=3;PotteryKiln=3;Quarry=3;ScribeHut=3;StoneCuttingWorkshop=3;TinMine=3;TinSmelter=3;WeavingWorkshop=3","Agriculture;AnimalFodder;AnimalHusbandry;Arithmetic;Calendar;CharcoalMaking;ClayExtraction;CoalMining;ControlledFire;CropRotation;FishingTechniques;FoodPreservation;FoodStorage;ForagingGroups;Geometry;HerbalKnowledge;IrrigationEngineering;KilnEfficiency;KnowledgeSharing;Masonry;Mathematics;Measurement;Mining;Mining_Copper;Mining_Iron;Mining_Tin;NaturalPhilosophy;NeolithicSettlement;OrePurification;OrganizedDefense;PermanentArchitecture;Pottery;Quarry;RecordKeeping;Smithing;Smithing_Copper;Smithing_Tin;Stargazing;StoneCutting;StoneTools;Surveying;TextileCraft;TreeCultivate;VillageCrafts;VillageOrganization;WaterManagement;Woodworking;WrittenRecords"
1346,Neolithic,"Clay=161011.88;Cloth=9367.2;Coal=20547.63;Copper=4274.8;CopperOre=241430.75;IronOre=3684.6;PlantFiber=330159.72;Pottery=214629.7;StoneBrick=268173.33;StoneChunk=121352.09;Tin=1504.8;TinOre=6350;WoodLog=1147699.73","CharcoalKiln=3;ClayPit=3;CoalMine=3;CopperMine=3;CopperSmelter=3;FiberGatheringCamp=3;IronMine=3;KnowledgeCircle=3;Lumberyard=3;MeetingGround=3;PotteryKiln=3;Quarry=3;ScribeHut=3;StoneCuttingWorkshop=3;TinMine=3;TinSmelter=3;WeavingWorkshop=3","Agriculture;AnimalFodder;AnimalHusbandry;Arithmetic;Calendar;CharcoalMaking;ClayExtraction;CoalMining;ControlledFire;CropRotation;FishingTechniques;FoodPreservation;FoodStorage;ForagingGroups;Geometry;HerbalKnowledge;IrrigationEngineering;KilnEfficiency;KnowledgeSharing;Masonry;Mathematics;Measurement;Mining;Mining_Copper;Mining_Iron;Mining_Tin;NaturalPhilosophy;NeolithicSettlement;OrePurification;OrganizedDefense;PermanentArchitecture;Pottery;Quarry;RecordKeeping;Smithing;Smithing_Copper;Smithing_Tin;Stargazing;StoneCutting;StoneTools;Surveying;TextileCraft;TreeCultivate;VillageCrafts;VillageOrganization;WaterManagement;Woodworking;WrittenRecords"
1347,Neolithic,"Clay=161101.88;Cloth=9547.2;Coal=20822.13;Copper=4433.2;CopperOre=241457.75;IronOre=3850.2;PlantFiber=330249.72;Pottery=214827.7;StoneBrick=268389.33;StoneChunk=121442.09;Tin=1663.2;TinOre=6335.6;WoodLog=1148263.73","CharcoalKiln=3;ClayPit=3;CoalMine=3;CopperMine=3;CopperSmelter=3;FiberGatheringCamp=3;IronMine=3;KnowledgeCircle=3;Lumberyard=3;MeetingGround=3;PotteryKiln=3;Quarry=3;ScribeHut=3;StoneCuttingWorkshop=3;TinMine=3;TinSmelter=3;WeavingWorkshop=3","Agriculture;AnimalFodder;AnimalHusbandry;Arithmetic;Calendar;CharcoalMaking;ClayExtraction;CoalMining;ControlledFire;CropRotation;FishingTechniques;FoodPreservation;FoodStorage;ForagingGroups;Geometry;HerbalKnowledge;IrrigationEngineering;KilnEfficiency;KnowledgeSharing;Masonry;Mathematics;Measurement;Mining;Mining_Copper;Mining_Iron;Mining_Tin;NaturalPhilosophy;NeolithicSettlement;OrePurification;OrganizedDefense;PermanentArchitecture;Pottery;Quarry;RecordKeeping;Smithing;Smithing_Copper;Smithing_Tin;Stargazing;StoneCutting;StoneTools;Surveying;TextileCraft;TreeCultivate;VillageCrafts;VillageOrganization;WaterManagement;Woodworking;WrittenRecords"
1348,Neolithic,"Clay=161191.88;Cloth=9727.2;Coal=21096.63;Copper=4591.6;CopperOre=241484.75;IronOre=4015.8;PlantFiber=330339.72;Pottery=215025.7;StoneBrick=268605.33;StoneChunk=121532.09;Tin=1821.6;TinOre=6321.2;WoodLog=1148827.73","CharcoalKiln=3;ClayPit=3;CoalMine=3;CopperMine=3;CopperSmelter=3;FiberGatheringCamp=3;IronMine=3;KnowledgeCircle=3;Lumberyard=3;MeetingGround=3;PotteryKiln=3;Quarry=3;ScribeHut=3;StoneCuttingWorkshop=3;TinMine=3;TinSmelter=3;WeavingWorkshop=3","Agriculture;AnimalFodder;AnimalHusbandry;Arithmetic;Calendar;CharcoalMaking;ClayExtraction;CoalMining;ControlledFire;CropRotation;FishingTechniques;FoodPreservation;FoodStorage;ForagingGroups;Geometry;HerbalKnowledge;IrrigationEngineering;KilnEfficiency;KnowledgeSharing;Masonry;Mathematics;Measurement;Mining;Mining_Copper;Mining_Iron;Mining_Tin;NaturalPhilosophy;NeolithicSettlement;OrePurification;OrganizedDefense;PermanentArchitecture;Pottery;Quarry;RecordKeeping;Smithing;Smithing_Copper;Smithing_Tin;Stargazing;StoneCutting;StoneTools;Surveying;TextileCraft;TreeCultivate;VillageCrafts;VillageOrganization;WaterManagement;Woodworking;WrittenRecords"
1349,Neolithic,"Clay=161281.88;Cloth=9907.2;Coal=21371.13;Copper=4750;CopperOre=241511.75;IronOre=4181.4;PlantFiber=330429.72;Pottery=215223.7;StoneBrick=268821.33;StoneChunk=121622.09;Tin=1980;TinOre=6306.8;WoodLog=1149391.73","CharcoalKiln=3;ClayPit=3;CoalMine=3;CopperMine=3;CopperSmelter=3;FiberGatheringCamp=3;IronMine=3;KnowledgeCircle=3;Lumberyard=3;MeetingGround=3;PotteryKiln=3;Quarry=3;ScribeHut=3;StoneCuttingWorkshop=3;TinMine=3;TinSmelter=3;WeavingWorkshop=3","Agriculture;AnimalFodder;AnimalHusbandry;Arithmetic;Calendar;CharcoalMaking;ClayExtraction;CoalMining;ControlledFire;CropRotation;FishingTechniques;FoodPreservation;FoodStorage;ForagingGroups;Geometry;HerbalKnowledge;IrrigationEngineering;KilnEfficiency;KnowledgeSharing;Masonry;Mathematics;Measurement;Mining;Mining_Copper;Mining_Iron;Mining_Tin;NaturalPhilosophy;NeolithicSettlement;OrePurification;OrganizedDefense;PermanentArchitecture;Pottery;Quarry;RecordKeeping;Smithing;Smithing_Copper;Smithing_Tin;Stargazing;StoneCutting;StoneTools;Surveying;TextileCraft;TreeCultivate;VillageCrafts;VillageOrganization;WaterManagement;Woodworking;WrittenRecords"
1350,Neolithic,"Clay=161371.88;Cloth=10007.2;Coal=21225.63;Copper=4868.4;CopperOre=241538.75;IronOre=4047;PlantFiber=330519.72;Pottery=215321.7;StoneBrick=268687.33;StoneChunk=121712.09;Tin=2138.4;TinOre=6292.4;WoodLog=1149605.73","CharcoalKiln=3;ClayPit=3;CoalMine=3;CopperMine=3;CopperSmelter=3;CouncilHall=1;FiberGatheringCamp=3;IronMine=3;KnowledgeCircle=3;Lumberyard=3;MeetingGround=3;PotteryKiln=3;Quarry=3;ScribeHut=3;StoneCuttingWorkshop=3;TinMine=3;TinSmelter=3;WeavingWorkshop=3","Agriculture;AnimalFodder;AnimalHusbandry;Arithmetic;Calendar;CharcoalMaking;ClayExtraction;CoalMining;ControlledFire;CouncilGovernance;CropRotation;FishingTechniques;FoodPreservation;FoodStorage;ForagingGroups;Geometry;HerbalKnowledge;IrrigationEngineering;KilnEfficiency;KnowledgeSharing;Masonry;Mathematics;Measurement;Mining;Mining_Copper;Mining_Iron;Mining_Tin;NaturalPhilosophy;NeolithicSettlement;OrePurification;OrganizedDefense;PermanentArchitecture;Pottery;Quarry;RecordKeeping;Smithing;Smithing_Copper;Smithing_Tin;Stargazing;StoneCutting;StoneTools;Surveying;TextileCraft;TreeCultivate;VillageCrafts;VillageOrganization;WaterManagement;Woodworking;WrittenRecords"
1351,Neolithic,"Clay=161461.88;Cloth=10089.6;Coal=21500.13;Copper=4978;CopperOre=241565.75;IronOre=4212.6;PlantFiber=330609.72;Pottery=215397.7;StoneBrick=268476.33;StoneChunk=121802.09;Tin=2296.8;TinOre=6278;WoodLog=1149742.73","CharcoalKiln=3;ClayPit=3;CoalMine=3;CopperMine=3;CopperSmelter=3;CouncilHall=2;FiberGatheringCamp=3;IronMine=3;KnowledgeCircle=3;Lumberyard=3;MeetingGround=3;PotteryKiln=3;Quarry=3;ScribeHut=3;StoneCuttingWorkshop=3;TinMine=3;TinSmelter=3;WeavingWorkshop=3","Agriculture;AnimalFodder;AnimalHusbandry;Arithmetic;Calendar;CharcoalMaking;ClayExtraction;CoalMining;ControlledFire;CouncilGovernance;CropRotation;FishingTechniques;FoodPreservation;FoodStorage;ForagingGroups;Geometry;HerbalKnowledge;IrrigationEngineering;KilnEfficiency;KnowledgeSharing;Masonry;Mathematics;Measurement;Mining;Mining_Copper;Mining_Iron;Mining_Tin;NaturalPhilosophy;NeolithicSettlement;OrePurification;OrganizedDefense;PermanentArchitecture;Pottery;Quarry;RecordKeeping;Smithing;Smithing_Copper;Smithing_Tin;Stargazing;StoneCutting;StoneTools;Surveying;TextileCraft;TreeCultivate;VillageCrafts;VillageOrganization;WaterManagement;Woodworking;WrittenRecords"
1352,Neolithic,"Clay=161551.88;Cloth=10150.53;Coal=21774.63;Copper=5076.86;CopperOre=241592.75;IronOre=4378.2;PlantFiber=330699.72;Pottery=215446.86;StoneBrick=268171.39;StoneChunk=121892.09;Tin=2455.2;TinOre=6263.6;WoodLog=1149785.79","CharcoalKiln=3;ClayPit=3;CoalMine=3;CopperMine=3;CopperSmelter=3;CouncilHall=3;FiberGatheringCamp=3;IronMine=3;KnowledgeCircle=3;Lumberyard=3;MeetingGround=3;PotteryKiln=3;Quarry=3;ScribeHut=3;StoneCuttingWorkshop=3;TinMine=3;TinSmelter=3;WeavingWorkshop=3","Agriculture;AnimalFodder;AnimalHusbandry;Arithmetic;Calendar;CharcoalMaking;ClayExtraction;CoalMining;ControlledFire;CouncilGovernance;CropRotation;FishingTechniques;FoodPreservation;FoodStorage;ForagingGroups;Geometry;HerbalKnowledge;IrrigationEngineering;KilnEfficiency;KnowledgeSharing;Masonry;Mathematics;Measurement;Mining;Mining_Copper;Mining_Iron;Mining_Tin;NaturalPhilosophy;NeolithicSettlement;OrePurification;OrganizedDefense;PermanentArchitecture;Pottery;Quarry;RecordKeeping;Smithing;Smithing_Copper;Smithing_Tin;Stargazing;StoneCutting;StoneTools;Surveying;TextileCraft;TreeCultivate;VillageCrafts;VillageOrganization;WaterManagement;Woodworking;WrittenRecords"
1353,Neolithic,"Clay=161641.88;Cloth=10330.53;Coal=22049.13;Copper=5235.26;CopperOre=241619.75;IronOre=4543.8;PlantFiber=330789.72;Pottery=215644.86;StoneBrick=268387.39;StoneChunk=121982.09;Tin=2613.6;TinOre=6249.2;WoodLog=1150349.79","CharcoalKiln=3;ClayPit=3;CoalMine=3;CopperMine=3;CopperSmelter=3;CouncilHall=3;FiberGatheringCamp=3;IronMine=3;KnowledgeCircle=3;Lumberyard=3;MeetingGround=3;PotteryKiln=3;Quarry=3;ScribeHut=3;StoneCuttingWorkshop=3;TinMine=3;TinSmelter=3;WeavingWorkshop=3","Agriculture;AnimalFodder;AnimalHusbandry;Arithmetic;Calendar;CharcoalMaking;ClayExtraction;CoalMining;ControlledFire;CouncilGovernance;CropRotation;FishingTechniques;FoodPreservation;FoodStorage;ForagingGroups;Geometry;HerbalKnowledge;IrrigationEngineering;KilnEfficiency;KnowledgeSharing;Masonry;Mathematics;Measurement;Mining;Mining_Copper;Mining_Iron;Mining_Tin;NaturalPhilosophy;NeolithicSettlement;OrePurification;OrganizedDefense;PermanentArchitecture;Pottery;Quarry;RecordKeeping;Smithing;Smithing_Copper;Smithing_Tin;Stargazing;StoneCutting;StoneTools;Surveying;TextileCraft;TreeCultivate;VillageCrafts;VillageOrganization;WaterManagement;Woodworking;WrittenRecords"
1354,Neolithic,"Clay=161731.88;Cloth=10510.53;Coal=22323.63;Copper=5393.66;CopperOre=241646.75;IronOre=4709.4;PlantFiber=330879.72;Pottery=215842.86;StoneBrick=268603.39;StoneChunk=122072.09;Tin=2772;TinOre=6234.8;WoodLog=1150913.79","CharcoalKiln=3;ClayPit=3;CoalMine=3;CopperMine=3;CopperSmelter=3;CouncilHall=3;FiberGatheringCamp=3;IronMine=3;KnowledgeCircle=3;Lumberyard=3;MeetingGround=3;PotteryKiln=3;Quarry=3;ScribeHut=3;StoneCuttingWorkshop=3;TinMine=3;TinSmelter=3;WeavingWorkshop=3","Agriculture;AnimalFodder;AnimalHusbandry;Arithmetic;Calendar;CharcoalMaking;ClayExtraction;CoalMining;ControlledFire;CouncilGovernance;CropRotation;FishingTechniques;FoodPreservation;FoodStorage;ForagingGroups;Geometry;HerbalKnowledge;IrrigationEngineering;KilnEfficiency;KnowledgeSharing;Masonry;Mathematics;Measurement;Mining;Mining_Copper;Mining_Iron;Mining_Tin;NaturalPhilosophy;NeolithicSettlement;OrePurification;OrganizedDefense;PermanentArchitecture;Pottery;Quarry;RecordKeeping;Smithing;Smithing_Copper;Smithing_Tin;Stargazing;StoneCutting;StoneTools;Surveying;TextileCraft;TreeCultivate;VillageCrafts;VillageOrganization;WaterManagement;Woodworking;WrittenRecords"
1355,Neolithic,"Clay=161821.88;Cloth=10690.53;Coal=22280.13;Copper=5372.06;CopperOre=241673.75;Iron=26.4;IronOre=4845;PlantFiber=330969.72;Pottery=216040.86;StoneBrick=268719.39;StoneChunk=122162.09;Tin=2750.4;TinOre=6220.4;WoodLog=1151357.79","CharcoalKiln=3;ClayPit=3;CoalMine=3;CopperMine=3;CopperSmelter=3;CouncilHall=3;FiberGatheringCamp=3;IronMine=3;IronSmelter=1;KnowledgeCircle=3;Lumberyard=3;MeetingGround=3;PotteryKiln=3;Quarry=3;ScribeHut=3;StoneCuttingWorkshop=3;TinMine=3;TinSmelter=3;WeavingWorkshop=3","Agriculture;AnimalFodder;AnimalHusbandry;Arithmetic;Calendar;CharcoalMaking;ClayExtraction;CoalMining;ControlledFire;CouncilGovernance;CropRotation;FishingTechniques;FoodPreservation;FoodStorage;ForagingGroups;Geometry;HerbalKnowledge;IrrigationEngineering;KilnEfficiency;KnowledgeSharing;Masonry;Mathematics;Measurement;Mining;Mining_Copper;Mining_Iron;Mining_Tin;NaturalPhilosophy;NeolithicSettlement;OrePurification;OrganizedDefense;PermanentArchitecture;Pottery;Quarry;RecordKeeping;Smithing;Smithing_Copper;Smithing_Iron;Smithing_Tin;Stargazing;StoneCutting;StoneTools;Surveying;TextileCraft;TreeCultivate;VillageCrafts;VillageOrganization;WaterManagement;Woodworking;WrittenRecords"
1356,Neolithic,"Clay=161911.88;Cloth=10870.53;Coal=22491.63;Copper=5530.46;CopperOre=241700.75;Iron=118.8;IronOre=4905.6;PlantFiber=331059.72;Pottery=216238.86;StoneBrick=268681.5;StoneChunk=122252.09;Tin=2908.8;TinOre=6206;WoodLog=1151617.12","CharcoalKiln=3;ClayPit=3;CoalMine=3;CopperMine=3;CopperSmelter=3;CouncilHall=3;FiberGatheringCamp=3;IronMine=3;IronSmelter=3;KnowledgeCircle=3;Lumberyard=3;MeetingGround=3;PotteryKiln=3;Quarry=3;ScribeHut=3;StoneCuttingWorkshop=3;TinMine=3;TinSmelter=3;WeavingWorkshop=3","Agriculture;AnimalFodder;AnimalHusbandry;Arithmetic;Calendar;CharcoalMaking;ClayExtraction;CoalMining;ControlledFire;CouncilGovernance;CropRotation;FishingTechniques;FoodPreservation;FoodStorage;ForagingGroups;Geometry;HerbalKnowledge;IrrigationEngineering;KilnEfficiency;KnowledgeSharing;Masonry;Mathematics;Measurement;Mining;Mining_Copper;Mining_Iron;Mining_Tin;NaturalPhilosophy;NeolithicSettlement;OrePurification;OrganizedDefense;PermanentArchitecture;Pottery;Quarry;RecordKeeping;Smithing;Smithing_Copper;Smithing_Iron;Smithing_Tin;Stargazing;StoneCutting;StoneTools;Surveying;TextileCraft;TreeCultivate;VillageCrafts;VillageOrganization;WaterManagement;Woodworking;WrittenRecords"
1357,Neolithic,"Clay=162001.88;Cloth=11050.53;Coal=22658.13;Copper=5688.86;CopperOre=241727.75;Iron=277.2;IronOre=4891.2;PlantFiber=331149.72;Pottery=216436.86;StoneBrick=268897.5;StoneChunk=122342.09;Tin=3067.2;TinOre=6191.6;WoodLog=1152181.12","CharcoalKiln=3;ClayPit=3;CoalMine=3;CopperMine=3;CopperSmelter=3;CouncilHall=3;FiberGatheringCamp=3;IronMine=3;IronSmelter=3;KnowledgeCircle=3;Lumberyard=3;MeetingGround=3;PotteryKiln=3;Quarry=3;ScribeHut=3;StoneCuttingWorkshop=3;TinMine=3;TinSmelter=3;WeavingWorkshop=3","Agriculture;AnimalFodder;AnimalHusbandry;Arithmetic;Calendar;CharcoalMaking;ClayExtraction;CoalMining;ControlledFire;CouncilGovernance;CropRotation;FishingTechniques;FoodPreservation;FoodStorage;ForagingGroups;Geometry;HerbalKnowledge;IrrigationEngineering;KilnEfficiency;KnowledgeSharing;Masonry;Mathematics;Measurement;Mining;Mining_Copper;Mining_Iron;Mining_Tin;NaturalPhilosophy;NeolithicSettlement;OrePurification;OrganizedDefense;PermanentArchitecture;Pottery;Quarry;RecordKeeping;Smithing;Smithing_Copper;Smithing_Iron;Smithing_Tin;Stargazing;StoneCutting;StoneTools;Surveying;TextileCraft;TreeCultivate;VillageCrafts;VillageOrganization;WaterManagement;Woodworking;WrittenRecords"
1358,Neolithic,"Clay=162091.88;Cloth=11230.53;Coal=22824.63;Copper=5847.26;CopperOre=241754.75;Iron=435.6;IronOre=4876.8;PlantFiber=331239.72;Pottery=216634.86;StoneBrick=269113.5;StoneChunk=122432.09;Tin=3225.6;TinOre=6177.2;WoodLog=1152745.12","CharcoalKiln=3;ClayPit=3;CoalMine=3;CopperMine=3;CopperSmelter=3;CouncilHall=3;FiberGatheringCamp=3;IronMine=3;IronSmelter=3;KnowledgeCircle=3;Lumberyard=3;MeetingGround=3;PotteryKiln=3;Quarry=3;ScribeHut=3;StoneCuttingWorkshop=3;TinMine=3;TinSmelter=3;WeavingWorkshop=3","Agriculture;AnimalFodder;AnimalHusbandry;Arithmetic;Calendar;CharcoalMaking;ClayExtraction;CoalMining;ControlledFire;CouncilGovernance;CropRotation;FishingTechniques;FoodPreservation;FoodStorage;ForagingGroups;Geometry;HerbalKnowledge;IrrigationEngineering;KilnEfficiency;KnowledgeSharing;Masonry;Mathematics;Measurement;Mining;Mining_Copper;Mining_Iron;Mining_Tin;NaturalPhilosophy;NeolithicSettlement;OrePurification;OrganizedDefense;PermanentArchitecture;Pottery;Quarry;RecordKeeping;Smithing;Smithing_Copper;Smithing_Iron;Smithing_Tin;Stargazing;StoneCutting;StoneTools;Surveying;TextileCraft;TreeCultivate;VillageCrafts;VillageOrganization;WaterManagement;Woodworking;WrittenRecords"
1359,Neolithic,"Clay=162181.88;Cloth=11410.53;Coal=22991.13;Copper=6005.66;CopperOre=241781.75;Iron=594;IronOre=4862.4;PlantFiber=331329.72;Pottery=216832.86;StoneBrick=269329.5;StoneChunk=122522.09;Tin=3384;TinOre=6162.8;WoodLog=1153309.12","CharcoalKiln=3;ClayPit=3;CoalMine=3;CopperMine=3;CopperSmelter=3;CouncilHall=3;FiberGatheringCamp=3;IronMine=3;IronSmelter=3;KnowledgeCircle=3;Lumberyard=3;MeetingGround=3;PotteryKiln=3;Quarry=3;ScribeHut=3;StoneCuttingWorkshop=3;TinMine=3;TinSmelter=3;WeavingWorkshop=3","Agriculture;AnimalFodder;AnimalHusbandry;Arithmetic;Calendar;CharcoalMaking;ClayExtraction;CoalMining;ControlledFire;CouncilGovernance;CropRotation;FishingTechniques;FoodPreservation;FoodStorage;ForagingGroups;Geometry;HerbalKnowledge;IrrigationEngineering;KilnEfficiency;KnowledgeSharing;Masonry;Mathematics;Measurement;Mining;Mining_Copper;Mining_Iron;Mining_Tin;NaturalPhilosophy;NeolithicSettlement;OrePurification;OrganizedDefense;PermanentArchitecture;Pottery;Quarry;RecordKeeping;Smithing;Smithing_Copper;Smithing_Iron;Smithing_Tin;Stargazing;StoneCutting;StoneTools;Surveying;TextileCraft;TreeCultivate;VillageCrafts;VillageOrganization;WaterManagement;Woodworking;WrittenRecords"
1360,Neolithic,"Bronze=16.5;Clay=162271.88;Cloth=11590.53;Coal=23150.13;Copper=6149.06;CopperOre=241808.75;Iron=752.4;IronOre=4848;PlantFiber=331419.72;Pottery=217030.86;StoneBrick=269395.5;StoneChunk=122612.09;Tin=3534.9;TinOre=6148.4;WoodLog=1153753.12","BronzeFoundry=1;CharcoalKiln=3;ClayPit=3;CoalMine=3;CopperMine=3;CopperSmelter=3;CouncilHall=3;FiberGatheringCamp=3;IronMine=3;IronSmelter=3;KnowledgeCircle=3;Lumberyard=3;MeetingGround=3;PotteryKiln=3;Quarry=3;ScribeHut=3;StoneCuttingWorkshop=3;TinMine=3;TinSmelter=3;WeavingWorkshop=3","Agriculture;AnimalFodder;AnimalHusbandry;Arithmetic;Calendar;CharcoalMaking;ClayExtraction;CoalMining;ControlledFire;CouncilGovernance;CropRotation;FishingTechniques;FoodPreservation;FoodStorage;ForagingGroups;Geometry;HerbalKnowledge;IrrigationEngineering;KilnEfficiency;KnowledgeSharing;Masonry;Mathematics;Measurement;Mining;Mining_Copper;Mining_Iron;Mining_Tin;NaturalPhilosophy;NeolithicSettlement;OrePurification;OrganizedDefense;PermanentArchitecture;Pottery;Quarry;RecordKeeping;Smithing;Smithing_Bronze;Smithing_Copper;Smithing_Iron;Smithing_Tin;Stargazing;StoneCutting;StoneTools;Surveying;TextileCraft;TreeCultivate;VillageCrafts;VillageOrganization;WaterManagement;Woodworking;WrittenRecords"
1361,Neolithic,"Bronze=115.5;Clay=162361.88;Cloth=11770.53;Coal=23271.63;Copper=6217.46;CopperOre=241835.75;Iron=910.8;IronOre=4833.6;PlantFiber=331509.72;Pottery=217228.86;StoneBrick=269434.5;StoneChunk=122702.09;Tin=3648.3;TinOre=6134;WoodLog=1154175.52","BronzeFoundry=2;CharcoalKiln=3;ClayPit=3;CoalMine=3;CopperMine=3;CopperSmelter=3;CouncilHall=3;FiberGatheringCamp=3;IronMine=3;IronSmelter=3;KnowledgeCircle=3;Lumberyard=3;MeetingGround=3;PotteryKiln=3;Quarry=3;ScribeHut=3;StoneCuttingWorkshop=3;TinMine=3;TinSmelter=3;WeavingWorkshop=3","Agriculture;AnimalFodder;AnimalHusbandry;Arithmetic;Calendar;CharcoalMaking;ClayExtraction;CoalMining;ControlledFire;CouncilGovernance;CropRotation;FishingTechniques;FoodPreservation;FoodStorage;ForagingGroups;Geometry;HerbalKnowledge;IrrigationEngineering;KilnEfficiency;KnowledgeSharing;Masonry;Mathematics;Measurement;Mining;Mining_Copper;Mining_Iron;Mining_Tin;NaturalPhilosophy;NeolithicSettlement;OrePurification;OrganizedDefense;PermanentArchitecture;Pottery;Quarry;RecordKeeping;Smithing;Smithing_Bronze;Smithing_Copper;Smithing_Iron;Smithing_Tin;Stargazing;StoneCutting;StoneTools;Surveying;TextileCraft;TreeCultivate;VillageCrafts;VillageOrganization;WaterManagement;Woodworking;WrittenRecords"
1362,Neolithic,"Bronze=197;Clay=160451.88;Cloth=11950.53;Coal=22155.63;Copper=6210.86;CopperOre=241862.75;Iron=69.2;IronOre=4819.2;PlantFiber=331599.72;Pottery=217426.86;StoneBrick=269441.64;StoneChunk=122792.09;Tin=3724.2;TinOre=6119.6;WoodLog=1154572.44","BronzeFoundry=3;CharcoalKiln=3;ClayPit=3;CoalMine=3;CopperMine=3;CopperSmelter=3;CouncilHall=3;FiberGatheringCamp=3;IronMine=3;IronSmelter=3;KnowledgeCircle=3;Lumberyard=3;MeetingGround=3;PotteryKiln=3;Quarry=3;ScribeHut=3;StoneCuttingWorkshop=3;TinMine=3;TinSmelter=3;WeavingWorkshop=3","Agriculture;AnimalFodder;AnimalHusbandry;Arithmetic;Calendar;CharcoalMaking;ClayExtraction;CoalMining;ControlledFire;CouncilGovernance;CropRotation;FishingTechniques;FoodPreservation;FoodStorage;ForagingGroups;Geometry;HerbalKnowledge;IrrigationEngineering;KilnEfficiency;KnowledgeSharing;Masonry;Mathematics;Measurement;Mining;Mining_Copper;Mining_Iron;Mining_Tin;NaturalPhilosophy;NeolithicSettlement;OrePurification;OrganizedDefense;PermanentArchitecture;Pottery;Quarry;RecordKeeping;Smithing;Smithing_Bronze;Smithing_Copper;Smithing_Iron;Smithing_Tin;Stargazing;StoneCutting;StoneTools;Surveying;TextileCraft;TreeCultivate;VillageCrafts;VillageOrganization;WaterManagement;Woodworking;WrittenRecords"
1363,Neolithic,"Bronze=395;Clay=160541.88;Cloth=12130.53;Coal=22232.13;Copper=6189.26;CopperOre=241889.75;Iron=227.6;IronOre=4804.8;PlantFiber=331689.72;Pottery=217624.86;StoneBrick=269657.64;StoneChunk=122882.09;Tin=3792.6;TinOre=6105.2;WoodLog=1155136.44","BronzeFoundry=3;CharcoalKiln=3;ClayPit=3;CoalMine=3;CopperMine=3;CopperSmelter=3;CouncilHall=3;FiberGatheringCamp=3;IronMine=3;IronSmelter=3;KnowledgeCircle=3;Lumberyard=3;MeetingGround=3;PotteryKiln=3;Quarry=3;ScribeHut=3;StoneCuttingWorkshop=3;TinMine=3;TinSmelter=3;WeavingWorkshop=3","Agriculture;AnimalFodder;AnimalHusbandry;Arithmetic;Calendar;CharcoalMaking;ClayExtraction;CoalMining;ControlledFire;CouncilGovernance;CropRotation;FishingTechniques;FoodPreservation;FoodStorage;ForagingGroups;Geometry;HerbalKnowledge;IrrigationEngineering;KilnEfficiency;KnowledgeSharing;Masonry;Mathematics;Measurement;Mining;Mining_Copper;Mining_Iron;Mining_Tin;NaturalPhilosophy;NeolithicSettlement;OrePurification;OrganizedDefense;PermanentArchitecture;Pottery;Quarry;RecordKeeping;Smithing;Smithing_Bronze;Smithing_Copper;Smithing_Iron;Smithing_Tin;Stargazing;StoneCutting;StoneTools;Surveying;TextileCraft;TreeCultivate;VillageCrafts;VillageOrganization;WaterManagement;Woodworking;WrittenRecords"
1364,Neolithic,"Bronze=593;Clay=160631.88;Cloth=12310.53;Coal=22308.63;Copper=6167.66;CopperOre=241916.75;Iron=386;IronOre=4790.4;PlantFiber=331779.72;Pottery=217822.86;StoneBrick=269873.64;StoneChunk=122972.09;Tin=3861;TinOre=6090.8;WoodLog=1155700.44","BronzeFoundry=3;CharcoalKiln=3;ClayPit=3;CoalMine=3;CopperMine=3;CopperSmelter=3;CouncilHall=3;FiberGatheringCamp=3;IronMine=3;IronSmelter=3;KnowledgeCircle=3;Lumberyard=3;MeetingGround=3;PotteryKiln=3;Quarry=3;ScribeHut=3;StoneCuttingWorkshop=3;TinMine=3;TinSmelter=3;WeavingWorkshop=3","Agriculture;AnimalFodder;AnimalHusbandry;Arithmetic;Calendar;CharcoalMaking;ClayExtraction;CoalMining;ControlledFire;CouncilGovernance;CropRotation;FishingTechniques;FoodPreservation;FoodStorage;ForagingGroups;Geometry;HerbalKnowledge;IrrigationEngineering;KilnEfficiency;KnowledgeSharing;Masonry;Mathematics;Measurement;Mining;Mining_Copper;Mining_Iron;Mining_Tin;NaturalPhilosophy;NeolithicSettlement;OrePurification;OrganizedDefense;PermanentArchitecture;Pottery;Quarry;RecordKeeping;Smithing;Smithing_Bronze;Smithing_Copper;Smithing_Iron;Smithing_Tin;Stargazing;StoneCutting;StoneTools;Surveying;TextileCraft;TreeCultivate;VillageCrafts;VillageOrganization;WaterManagement;Woodworking;WrittenRecords"
1365,Neolithic,"Bronze=791;Clay=160721.88;Cloth=12490.53;Coal=22385.13;Copper=6146.06;CopperOre=241943.75;Iron=544.4;IronOre=4776;PlantFiber=331869.72;Pottery=218020.86;StoneBrick=270089.64;StoneChunk=123062.09;Tin=3929.4;TinOre=6076.4;WoodLog=1156264.44","BronzeFoundry=3;CharcoalKiln=3;ClayPit=3;CoalMine=3;CopperMine=3;CopperSmelter=3;CouncilHall=3;FiberGatheringCamp=3;IronMine=3;IronSmelter=3;KnowledgeCircle=3;Lumberyard=3;MeetingGround=3;PotteryKiln=3;Quarry=3;ScribeHut=3;StoneCuttingWorkshop=3;TinMine=3;TinSmelter=3;WeavingWorkshop=3","Agriculture;AnimalFodder;AnimalHusbandry;Arithmetic;Calendar;CharcoalMaking;ClayExtraction;CoalMining;ControlledFire;CouncilGovernance;CropRotation;FishingTechniques;FoodPreservation;FoodStorage;ForagingGroups;Geometry;HerbalKnowledge;IrrigationEngineering;KilnEfficiency;KnowledgeSharing;Masonry;Mathematics;Measurement;Mining;Mining_Copper;Mining_Iron;Mining_Tin;NaturalPhilosophy;NeolithicSettlement;OrePurification;OrganizedDefense;PermanentArchitecture;Pottery;Quarry;RecordKeeping;Smithing;Smithing_Bronze;Smithing_Copper;Smithing_Iron;Smithing_Tin;Stargazing;StoneCutting;StoneTools;Surveying;TextileCraft;TreeCultivate;VillageCrafts;VillageOrganization;WaterManagement;Woodworking;WrittenRecords"
1366,Neolithic,"Bronze=989;Clay=160811.88;Cloth=12670.53;Coal=22461.63;Copper=6124.46;CopperOre=241970.75;Iron=702.8;IronOre=4761.6;PlantFiber=331959.72;Pottery=218218.86;StoneBrick=270305.64;StoneChunk=123152.09;Tin=3997.8;TinOre=6062;WoodLog=1156828.44","BronzeFoundry=3;CharcoalKiln=3;ClayPit=3;CoalMine=3;CopperMine=3;CopperSmelter=3;CouncilHall=3;FiberGatheringCamp=3;IronMine=3;IronSmelter=3;KnowledgeCircle=3;Lumberyard=3;MeetingGround=3;PotteryKiln=3;Quarry=3;ScribeHut=3;StoneCuttingWorkshop=3;TinMine=3;TinSmelter=3;WeavingWorkshop=3","Agriculture;AnimalFodder;AnimalHusbandry;Arithmetic;Calendar;CharcoalMaking;ClayExtraction;CoalMining;ControlledFire;CouncilGovernance;CropRotation;FishingTechniques;FoodPreservation;FoodStorage;ForagingGroups;Geometry;HerbalKnowledge;IrrigationEngineering;KilnEfficiency;KnowledgeSharing;Masonry;Mathematics;Measurement;Mining;Mining_Copper;Mining_Iron;Mining_Tin;NaturalPhilosophy;NeolithicSettlement;OrePurification;OrganizedDefense;PermanentArchitecture;Pottery;Quarry;RecordKeeping;Smithing;Smithing_Bronze;Smithing_Copper;Smithing_Iron;Smithing_Tin;Stargazing;StoneCutting;StoneTools;Surveying;TextileCraft;TreeCultivate;VillageCrafts;VillageOrganization;WaterManagement;Woodworking;WrittenRecords"
1367,Neolithic,"Bronze=1187;Clay=160901.88;Cloth=12850.53;Coal=22538.13;Copper=6102.86;CopperOre=241997.75;Iron=861.2;IronOre=4747.2;PlantFiber=332049.72;Pottery=218416.86;StoneBrick=270521.64;StoneChunk=123242.09;Tin=4066.2;TinOre=6047.6;WoodLog=1157392.44","BronzeFoundry=3;CharcoalKiln=3;ClayPit=3;CoalMine=3;CopperMine=3;CopperSmelter=3;CouncilHall=3;FiberGatheringCamp=3;IronMine=3;IronSmelter=3;KnowledgeCircle=3;Lumberyard=3;MeetingGround=3;PotteryKiln=3;Quarry=3;ScribeHut=3;StoneCuttingWorkshop=3;TinMine=3;TinSmelter=3;WeavingWorkshop=3","Agriculture;AnimalFodder;AnimalHusbandry;Arithmetic;Calendar;CharcoalMaking;ClayExtraction;CoalMining;ControlledFire;CouncilGovernance;CropRotation;FishingTechniques;FoodPreservation;FoodStorage;ForagingGroups;Geometry;HerbalKnowledge;IrrigationEngineering;KilnEfficiency;KnowledgeSharing;Masonry;Mathematics;Measurement;Mining;Mining_Copper;Mining_Iron;Mining_Tin;NaturalPhilosophy;NeolithicSettlement;OrePurification;OrganizedDefense;PermanentArchitecture;Pottery;Quarry;RecordKeeping;Smithing;Smithing_Bronze;Smithing_Copper;Smithing_Iron;Smithing_Tin;Stargazing;StoneCutting;StoneTools;Surveying;TextileCraft;TreeCultivate;VillageCrafts;VillageOrganization;WaterManagement;Woodworking;WrittenRecords"
1368,Neolithic,"Bronze=1385;Clay=160991.88;Cloth=13030.53;Coal=22614.63;Copper=6081.26;CopperOre=242024.75;Iron=1019.6;IronOre=4732.8;PlantFiber=332139.72;Pottery=218614.86;StoneBrick=270737.64;StoneChunk=123332.09;Tin=4134.6;TinOre=6033.2;WoodLog=1157956.44","BronzeFoundry=3;CharcoalKiln=3;ClayPit=3;CoalMine=3;CopperMine=3;CopperSmelter=3;CouncilHall=3;FiberGatheringCamp=3;IronMine=3;IronSmelter=3;KnowledgeCircle=3;Lumberyard=3;MeetingGround=3;PotteryKiln=3;Quarry=3;ScribeHut=3;StoneCuttingWorkshop=3;TinMine=3;TinSmelter=3;WeavingWorkshop=3","Agriculture;AnimalFodder;AnimalHusbandry;Arithmetic;Calendar;CharcoalMaking;ClayExtraction;CoalMining;ControlledFire;CouncilGovernance;CropRotation;FishingTechniques;FoodPreservation;FoodStorage;ForagingGroups;Geometry;HerbalKnowledge;IrrigationEngineering;KilnEfficiency;KnowledgeSharing;Masonry;Mathematics;Measurement;Mining;Mining_Copper;Mining_Iron;Mining_Tin;NaturalPhilosophy;NeolithicSettlement;OrePurification;OrganizedDefense;PermanentArchitecture;Pottery;Quarry;RecordKeeping;Smithing;Smithing_Bronze;Smithing_Copper;Smithing_Iron;Smithing_Tin;Stargazing;StoneCutting;StoneTools;Surveying;TextileCraft;TreeCultivate;VillageCrafts;VillageOrganization;WaterManagement;Woodworking;WrittenRecords"
1369,Neolithic,"Bronze=1583;Clay=161081.88;Cloth=13210.53;Coal=22691.13;Copper=6059.66;CopperOre=242051.75;Iron=1178;IronOre=4718.4;PlantFiber=332229.72;Pottery=218812.86;StoneBrick=270953.64;StoneChunk=123422.09;Tin=4203;TinOre=6018.8;WoodLog=1158520.44","BronzeFoundry=3;CharcoalKiln=3;ClayPit=3;CoalMine=3;CopperMine=3;CopperSmelter=3;CouncilHall=3;FiberGatheringCamp=3;IronMine=3;IronSmelter=3;KnowledgeCircle=3;Lumberyard=3;MeetingGround=3;PotteryKiln=3;Quarry=3;ScribeHut=3;StoneCuttingWorkshop=3;TinMine=3;TinSmelter=3;WeavingWorkshop=3","Agriculture;AnimalFodder;AnimalHusbandry;Arithmetic;Calendar;CharcoalMaking;ClayExtraction;CoalMining;ControlledFire;CouncilGovernance;CropRotation;FishingTechniques;FoodPreservation;FoodStorage;ForagingGroups;Geometry;HerbalKnowledge;IrrigationEngineering;KilnEfficiency;KnowledgeSharing;Masonry;Mathematics;Measurement;Mining;Mining_Copper;Mining_Iron;Mining_Tin;NaturalPhilosophy;NeolithicSettlement;OrePurification;OrganizedDefense;PermanentArchitecture;Pottery;Quarry;RecordKeeping;Smithing;Smithing_Bronze;Smithing_Copper;Smithing_Iron;Smithing_Tin;Stargazing;StoneCutting;StoneTools;Surveying;TextileCraft;TreeCultivate;VillageCrafts;VillageOrganization;WaterManagement;Woodworking;WrittenRecords"
1370,Neolithic,"Bronze=1781;Clay=161171.88;Cloth=13390.53;Coal=22767.63;Copper=6038.06;CopperOre=242078.75;Iron=1336.4;IronOre=4704;PlantFiber=332319.72;Pottery=219010.86;StoneBrick=271169.64;StoneChunk=123512.09;Tin=4271.4;TinOre=6004.4;WoodLog=1159084.44","BronzeFoundry=3;CharcoalKiln=3;ClayPit=3;CoalMine=3;CopperMine=3;CopperSmelter=3;CouncilHall=3;FiberGatheringCamp=3;IronMine=3;IronSmelter=3;KnowledgeCircle=3;Lumberyard=3;MeetingGround=3;PotteryKiln=3;Quarry=3;ScribeHut=3;StoneCuttingWorkshop=3;TinMine=3;TinSmelter=3;WeavingWorkshop=3","Agriculture;AnimalFodder;AnimalHusbandry;Arithmetic;Calendar;CharcoalMaking;ClayExtraction;CoalMining;ControlledFire;CouncilGovernance;CropRotation;FishingTechniques;FoodPreservation;FoodStorage;ForagingGroups;Geometry;HerbalKnowledge;IrrigationEngineering;KilnEfficiency;KnowledgeSharing;Masonry;Mathematics;Measurement;Mining;Mining_Copper;Mining_Iron;Mining_Tin;NaturalPhilosophy;NeolithicSettlement;OrePurification;OrganizedDefense;PermanentArchitecture;Pottery;Quarry;RecordKeeping;Smithing;Smithing_Bronze;Smithing_Copper;Smithing_Iron;Smithing_Tin;Stargazing;StoneCutting;StoneTools;Surveying;TextileCraft;TreeCultivate;VillageCrafts;VillageOrganization;WaterManagement;Woodworking;WrittenRecords"
1371,Neolithic,"Bronze=1979;Clay=161261.88;Cloth=13570.53;Coal=22844.13;Copper=6016.46;CopperOre=242105.75;Iron=1494.8;IronOre=4689.6;PlantFiber=332409.72;Pottery=219208.86;StoneBrick=271385.64;StoneChunk=123602.09;Tin=4339.8;TinOre=5990;WoodLog=1159648.44","BronzeFoundry=3;CharcoalKiln=3;ClayPit=3;CoalMine=3;CopperMine=3;CopperSmelter=3;CouncilHall=3;FiberGatheringCamp=3;IronMine=3;IronSmelter=3;KnowledgeCircle=3;Lumberyard=3;MeetingGround=3;PotteryKiln=3;Quarry=3;ScribeHut=3;StoneCuttingWorkshop=3;TinMine=3;TinSmelter=3;WeavingWorkshop=3","Agriculture;AnimalFodder;AnimalHusbandry;Arithmetic;Calendar;CharcoalMaking;ClayExtraction;CoalMining;ControlledFire;CouncilGovernance;CropRotation;FishingTechniques;FoodPreservation;FoodStorage;ForagingGroups;Geometry;HerbalKnowledge;IrrigationEngineering;KilnEfficiency;KnowledgeSharing;Masonry;Mathematics;Measurement;Mining;Mining_Copper;Mining_Iron;Mining_Tin;NaturalPhilosophy;NeolithicSettlement;OrePurification;OrganizedDefense;PermanentArchitecture;Pottery;Quarry;RecordKeeping;Smithing;Smithing_Bronze;Smithing_Copper;Smithing_Iron;Smithing_Tin;Stargazing;StoneCutting;StoneTools;Surveying;TextileCraft;TreeCultivate;VillageCrafts;VillageOrganization;WaterManagement;Woodworking;WrittenRecords"
1372,Neolithic,"Bronze=2177;Clay=161351.88;Cloth=13750.53;Coal=22920.63;Copper=5994.86;CopperOre=242132.75;Iron=1653.2;IronOre=4675.2;PlantFiber=332499.72;Pottery=219406.86;StoneBrick=271601.64;StoneChunk=123692.09;Tin=4408.2;TinOre=5975.6;WoodLog=1160212.44","BronzeFoundry=3;CharcoalKiln=3;ClayPit=3;CoalMine=3;CopperMine=3;CopperSmelter=3;CouncilHall=3;FiberGatheringCamp=3;IronMine=3;IronSmelter=3;KnowledgeCircle=3;Lumberyard=3;MeetingGround=3;PotteryKiln=3;Quarry=3;ScribeHut=3;StoneCuttingWorkshop=3;TinMine=3;TinSmelter=3;WeavingWorkshop=3","Agriculture;AnimalFodder;AnimalHusbandry;Arithmetic;Calendar;CharcoalMaking;ClayExtraction;CoalMining;ControlledFire;CouncilGovernance;CropRotation;FishingTechniques;FoodPreservation;FoodStorage;ForagingGroups;Geometry;HerbalKnowledge;IrrigationEngineering;KilnEfficiency;KnowledgeSharing;Masonry;Mathematics;Measurement;Mining;Mining_Copper;Mining_Iron;Mining_Tin;NaturalPhilosophy;NeolithicSettlement;OrePurification;OrganizedDefense;PermanentArchitecture;Pottery;Quarry;RecordKeeping;Smithing;Smithing_Bronze;Smithing_Copper;Smithing_Iron;Smithing_Tin;Stargazing;StoneCutting;StoneTools;Surveying;TextileCraft;TreeCultivate;VillageCrafts;VillageOrganization;WaterManagement;Woodworking;WrittenRecords"
1373,Neolithic,"Bronze=2375;Clay=161441.88;Cloth=13930.53;Coal=22997.13;Copper=5973.26;CopperOre=242159.75;Iron=1811.6;IronOre=4660.8;PlantFiber=332589.72;Pottery=219604.86;StoneBrick=271817.64;StoneChunk=123782.09;Tin=4476.6;TinOre=5961.2;WoodLog=1160776.44","BronzeFoundry=3;CharcoalKiln=3;ClayPit=3;CoalMine=3;CopperMine=3;CopperSmelter=3;CouncilHall=3;FiberGatheringCamp=3;IronMine=3;IronSmelter=3;KnowledgeCircle=3;Lumberyard=3;MeetingGround=3;PotteryKiln=3;Quarry=3;ScribeHut=3;StoneCuttingWorkshop=3;TinMine=3;TinSmelter=3;WeavingWorkshop=3","Agriculture;AnimalFodder;AnimalHusbandry;Arithmetic;Calendar;CharcoalMaking;ClayExtraction;CoalMining;ControlledFire;CouncilGovernance;CropRotation;FishingTechniques;FoodPreservation;FoodStorage;ForagingGroups;Geometry;HerbalKnowledge;IrrigationEngineering;KilnEfficiency;KnowledgeSharing;Masonry;Mathematics;Measurement;Mining;Mining_Copper;Mining_Iron;Mining_Tin;NaturalPhilosophy;NeolithicSettlement;OrePurification;OrganizedDefense;PermanentArchitecture;Pottery;Quarry;RecordKeeping;Smithing;Smithing_Bronze;Smithing_Copper;Smithing_Iron;Smithing_Tin;Stargazing;StoneCutting;StoneTools;Surveying;TextileCraft;TreeCultivate;VillageCrafts;VillageOrganization;WaterManagement;Woodworking;WrittenRecords"
1374,Neolithic,"Bronze=2573;Clay=161531.88;Cloth=14110.53;Coal=23073.62;Copper=5951.66;CopperOre=242186.75;Iron=1970;IronOre=4646.4;PlantFiber=332679.72;Pottery=219802.86;StoneBrick=272033.64;StoneChunk=123872.09;Tin=4545;TinOre=5946.8;WoodLog=1161340.44","BronzeFoundry=3;CharcoalKiln=3;ClayPit=3;CoalMine=3;CopperMine=3;CopperSmelter=3;CouncilHall=3;FiberGatheringCamp=3;IronMine=3;IronSmelter=3;KnowledgeCircle=3;Lumberyard=3;MeetingGround=3;PotteryKiln=3;Quarry=3;ScribeHut=3;StoneCuttingWorkshop=3;TinMine=3;TinSmelter=3;WeavingWorkshop=3","Agriculture;AnimalFodder;AnimalHusbandry;Arithmetic;Calendar;CharcoalMaking;ClayExtraction;CoalMining;ControlledFire;CouncilGovernance;CropRotation;FishingTechniques;FoodPreservation;FoodStorage;ForagingGroups;Geometry;HerbalKnowledge;IrrigationEngineering;KilnEfficiency;KnowledgeSharing;Masonry;Mathematics;Measurement;Mining;Mining_Copper;Mining_Iron;Mining_Tin;NaturalPhilosophy;NeolithicSettlement;OrePurification;OrganizedDefense;PermanentArchitecture;Pottery;Quarry;RecordKeeping;Smithing;Smithing_Bronze;Smithing_Copper;Smithing_Iron;Smithing_Tin;Stargazing;StoneCutting;StoneTools;Surveying;TextileCraft;TreeCultivate;VillageCrafts;VillageOrganization;WaterManagement;Woodworking;WrittenRecords"
1375,Neolithic,"Bronze=2771;Clay=161621.88;Cloth=14290.53;Coal=23150.12;Copper=5930.06;CopperOre=242213.75;Iron=2128.4;IronOre=4632;PlantFiber=332769.72;Pottery=220000.86;StoneBrick=272249.64;StoneChunk=123962.09;Tin=4613.4;TinOre=5932.4;WoodLog=1161904.44","BronzeFoundry=3;CharcoalKiln=3;ClayPit=3;CoalMine=3;CopperMine=3;CopperSmelter=3;CouncilHall=3;FiberGatheringCamp=3;IronMine=3;IronSmelter=3;KnowledgeCircle=3;Lumberyard=3;MeetingGround=3;PotteryKiln=3;Quarry=3;ScribeHut=3;StoneCuttingWorkshop=3;TinMine=3;TinSmelter=3;WeavingWorkshop=3","Agriculture;AnimalFodder;AnimalHusbandry;Arithmetic;Calendar;CharcoalMaking;ClayExtraction;CoalMining;ControlledFire;CouncilGovernance;CropRotation;FishingTechniques;FoodPreservation;FoodStorage;ForagingGroups;Geometry;HerbalKnowledge;IrrigationEngineering;KilnEfficiency;KnowledgeSharing;Masonry;Mathematics;Measurement;Mining;Mining_Copper;Mining_Iron;Mining_Tin;NaturalPhilosophy;NeolithicSettlement;OrePurification;OrganizedDefense;PermanentArchitecture;Pottery;Quarry;RecordKeeping;Smithing;Smithing_Bronze;Smithing_Copper;Smithing_Iron;Smithing_Tin;Stargazing;StoneCutting;StoneTools;Surveying;TextileCraft;TreeCultivate;VillageCrafts;VillageOrganization;WaterManagement;Woodworking;WrittenRecords"
1376,Neolithic,"Bronze=2969;Clay=161711.88;Cloth=14470.53;Coal=23226.62;Copper=5908.46;CopperOre=242240.75;Iron=2286.8;IronOre=4617.6;PlantFiber=332859.72;Pottery=220198.86;StoneBrick=272465.64;StoneChunk=124052.09;Tin=4681.8;TinOre=5918;WoodLog=1162468.44","BronzeFoundry=3;CharcoalKiln=3;ClayPit=3;CoalMine=3;CopperMine=3;CopperSmelter=3;CouncilHall=3;FiberGatheringCamp=3;IronMine=3;IronSmelter=3;KnowledgeCircle=3;Lumberyard=3;MeetingGround=3;PotteryKiln=3;Quarry=3;ScribeHut=3;StoneCuttingWorkshop=3;TinMine=3;TinSmelter=3;WeavingWorkshop=3","Agriculture;AnimalFodder;AnimalHusbandry;Arithmetic;Calendar;CharcoalMaking;ClayExtraction;CoalMining;ControlledFire;CouncilGovernance;CropRotation;FishingTechniques;FoodPreservation;FoodStorage;ForagingGroups;Geometry;HerbalKnowledge;IrrigationEngineering;KilnEfficiency;KnowledgeSharing;Masonry;Mathematics;Measurement;Mining;Mining_Copper;Mining_Iron;Mining_Tin;NaturalPhilosophy;NeolithicSettlement;OrePurification;OrganizedDefense;PermanentArchitecture;Pottery;Quarry;RecordKeeping;Smithing;Smithing_Bronze;Smithing_Copper;Smithing_Iron;Smithing_Tin;Stargazing;StoneCutting;StoneTools;Surveying;TextileCraft;TreeCultivate;VillageCrafts;VillageOrganization;WaterManagement;Woodworking;WrittenRecords"
1377,Neolithic,"Bronze=3167;Clay=161801.88;Cloth=14650.53;Coal=23303.12;Copper=5886.86;CopperOre=242267.75;Iron=2445.2;IronOre=4603.2;PlantFiber=332949.72;Pottery=220396.86;StoneBrick=272681.64;StoneChunk=124142.09;Tin=4750.2;TinOre=5903.6;WoodLog=1163032.44","BronzeFoundry=3;CharcoalKiln=3;ClayPit=3;CoalMine=3;CopperMine=3;CopperSmelter=3;CouncilHall=3;FiberGatheringCamp=3;IronMine=3;IronSmelter=3;KnowledgeCircle=3;Lumberyard=3;MeetingGround=3;PotteryKiln=3;Quarry=3;ScribeHut=3;StoneCuttingWorkshop=3;TinMine=3;TinSmelter=3;WeavingWorkshop=3","Agriculture;AnimalFodder;AnimalHusbandry;Arithmetic;Calendar;CharcoalMaking;ClayExtraction;CoalMining;ControlledFire;CouncilGovernance;CropRotation;FishingTechniques;FoodPreservation;FoodStorage;ForagingGroups;Geometry;HerbalKnowledge;IrrigationEngineering;KilnEfficiency;KnowledgeSharing;Masonry;Mathematics;Measurement;Mining;Mining_Copper;Mining_Iron;Mining_Tin;NaturalPhilosophy;NeolithicSettlement;OrePurification;OrganizedDefense;PermanentArchitecture;Pottery;Quarry;RecordKeeping;Smithing;Smithing_Bronze;Smithing_Copper;Smithing_Iron;Smithing_Tin;Stargazing;StoneCutting;StoneTools;Surveying;TextileCraft;TreeCultivate;VillageCrafts;VillageOrganization;WaterManagement;Woodworking;WrittenRecords"
1378,Neolithic,"Bronze=3365;Clay=161891.88;Cloth=14830.53;Coal=23379.62;Copper=5865.26;CopperOre=242294.75;Iron=2603.6;IronOre=4588.8;PlantFiber=333039.72;Pottery=220594.86;StoneBrick=272897.64;StoneChunk=124232.09;Tin=4818.6;TinOre=5889.2;WoodLog=1163596.44","BronzeFoundry=3;CharcoalKiln=3;ClayPit=3;CoalMine=3;CopperMine=3;CopperSmelter=3;CouncilHall=3;FiberGatheringCamp=3;IronMine=3;IronSmelter=3;KnowledgeCircle=3;Lumberyard=3;MeetingGround=3;PotteryKiln=3;Quarry=3;ScribeHut=3;StoneCuttingWorkshop=3;TinMine=3;TinSmelter=3;WeavingWorkshop=3","Agriculture;AnimalFodder;AnimalHusbandry;Arithmetic;Calendar;CharcoalMaking;ClayExtraction;CoalMining;ControlledFire;CouncilGovernance;CropRotation;FishingTechniques;FoodPreservation;FoodStorage;ForagingGroups;Geometry;HerbalKnowledge;IrrigationEngineering;KilnEfficiency;KnowledgeSharing;Masonry;Mathematics;Measurement;Mining;Mining_Copper;Mining_Iron;Mining_Tin;NaturalPhilosophy;NeolithicSettlement;OrePurification;OrganizedDefense;PermanentArchitecture;Pottery;Quarry;RecordKeeping;Smithing;Smithing_Bronze;Smithing_Copper;Smithing_Iron;Smithing_Tin;Stargazing;StoneCutting;StoneTools;Surveying;TextileCraft;TreeCultivate;VillageCrafts;VillageOrganization;WaterManagement;Woodworking;WrittenRecords"
1379,Neolithic,"Bronze=3563;Clay=161981.88;Cloth=15010.53;Coal=23456.12;Copper=5843.66;CopperOre=242321.75;Iron=2762;IronOre=4574.4;PlantFiber=333129.72;Pottery=220792.86;StoneBrick=273113.64;StoneChunk=124322.09;Tin=4887;TinOre=5874.8;WoodLog=1164160.44","BronzeFoundry=3;CharcoalKiln=3;ClayPit=3;CoalMine=3;CopperMine=3;CopperSmelter=3;CouncilHall=3;FiberGatheringCamp=3;IronMine=3;IronSmelter=3;KnowledgeCircle=3;Lumberyard=3;MeetingGround=3;PotteryKiln=3;Quarry=3;ScribeHut=3;StoneCuttingWorkshop=3;TinMine=3;TinSmelter=3;WeavingWorkshop=3","Agriculture;AnimalFodder;AnimalHusbandry;Arithmetic;Calendar;CharcoalMaking;ClayExtraction;CoalMining;ControlledFire;CouncilGovernance;CropRotation;FishingTechniques;FoodPreservation;FoodStorage;ForagingGroups;Geometry;HerbalKnowledge;IrrigationEngineering;KilnEfficiency;KnowledgeSharing;Masonry;Mathematics;Measurement;Mining;Mining_Copper;Mining_Iron;Mining_Tin;NaturalPhilosophy;NeolithicSettlement;OrePurification;OrganizedDefense;PermanentArchitecture;Pottery;Quarry;RecordKeeping;Smithing;Smithing_Bronze;Smithing_Copper;Smithing_Iron;Smithing_Tin;Stargazing;StoneCutting;StoneTools;Surveying;TextileCraft;TreeCultivate;VillageCrafts;VillageOrganization;WaterManagement;Woodworking;WrittenRecords"
1380,Neolithic,"Bronze=3761;Clay=162071.88;Cloth=15190.53;Coal=23532.62;Copper=5822.06;CopperOre=242348.75;Iron=2920.4;IronOre=4560;PlantFiber=333219.72;Pottery=220990.86;StoneBrick=273329.64;StoneChunk=124412.09;Tin=4955.4;TinOre=5860.4;WoodLog=1164724.44","BronzeFoundry=3;CharcoalKiln=3;ClayPit=3;CoalMine=3;CopperMine=3;CopperSmelter=3;CouncilHall=3;FiberGatheringCamp=3;IronMine=3;IronSmelter=3;KnowledgeCircle=3;Lumberyard=3;MeetingGround=3;PotteryKiln=3;Quarry=3;ScribeHut=3;StoneCuttingWorkshop=3;TinMine=3;TinSmelter=3;WeavingWorkshop=3","Agriculture;AnimalFodder;AnimalHusbandry;Arithmetic;Calendar;CharcoalMaking;ClayExtraction;CoalMining;ControlledFire;CouncilGovernance;CropRotation;FishingTechniques;FoodPreservation;FoodStorage;ForagingGroups;Geometry;HerbalKnowledge;IrrigationEngineering;KilnEfficiency;KnowledgeSharing;Masonry;Mathematics;Measurement;Mining;Mining_Copper;Mining_Iron;Mining_Tin;NaturalPhilosophy;NeolithicSettlement;OrePurification;OrganizedDefense;PermanentArchitecture;Pottery;Quarry;RecordKeeping;Smithing;Smithing_Bronze;Smithing_Copper;Smithing_Iron;Smithing_Tin;Stargazing;StoneCutting;StoneTools;Surveying;TextileCraft;TreeCultivate;VillageCrafts;VillageOrganization;WaterManagement;Woodworking;WrittenRecords"
1381,Neolithic,"Bronze=3959;Clay=162161.88;Cloth=15370.53;Coal=23609.12;Copper=5800.46;CopperOre=242375.75;Iron=3078.8;IronOre=4545.6;PlantFiber=333309.72;Pottery=221188.86;StoneBrick=273545.64;StoneChunk=124502.09;Tin=5023.8;TinOre=5846;WoodLog=1165288.44","BronzeFoundry=3;CharcoalKiln=3;ClayPit=3;CoalMine=3;CopperMine=3;CopperSmelter=3;CouncilHall=3;FiberGatheringCamp=3;IronMine=3;IronSmelter=3;KnowledgeCircle=3;Lumberyard=3;MeetingGround=3;PotteryKiln=3;Quarry=3;ScribeHut=3;StoneCuttingWorkshop=3;TinMine=3;TinSmelter=3;WeavingWorkshop=3","Agriculture;AnimalFodder;AnimalHusbandry;Arithmetic;Calendar;CharcoalMaking;ClayExtraction;CoalMining;ControlledFire;CouncilGovernance;CropRotation;FishingTechniques;FoodPreservation;FoodStorage;ForagingGroups;Geometry;HerbalKnowledge;IrrigationEngineering;KilnEfficiency;KnowledgeSharing;Masonry;Mathematics;Measurement;Mining;Mining_Copper;Mining_Iron;Mining_Tin;NaturalPhilosophy;NeolithicSettlement;OrePurification;OrganizedDefense;PermanentArchitecture;Pottery;Quarry;RecordKeeping;Smithing;Smithing_Bronze;Smithing_Copper;Smithing_Iron;Smithing_Tin;Stargazing;StoneCutting;StoneTools;Surveying;TextileCraft;TreeCultivate;VillageCrafts;VillageOrganization;WaterManagement;Woodworking;WrittenRecords"
1382,Neolithic,"Bronze=4157;Clay=162251.88;Cloth=15550.53;Coal=23685.62;Copper=5778.86;CopperOre=242402.75;Iron=3237.2;IronOre=4531.2;PlantFiber=333399.72;Pottery=221386.86;StoneBrick=273761.64;StoneChunk=124592.09;Tin=5092.2;TinOre=5831.6;WoodLog=1165852.44","BronzeFoundry=3;CharcoalKiln=3;ClayPit=3;CoalMine=3;CopperMine=3;CopperSmelter=3;CouncilHall=3;FiberGatheringCamp=3;IronMine=3;IronSmelter=3;KnowledgeCircle=3;Lumberyard=3;MeetingGround=3;PotteryKiln=3;Quarry=3;ScribeHut=3;StoneCuttingWorkshop=3;TinMine=3;TinSmelter=3;WeavingWorkshop=3","Agriculture;AnimalFodder;AnimalHusbandry;Arithmetic;Calendar;CharcoalMaking;ClayExtraction;CoalMining;ControlledFire;CouncilGovernance;CropRotation;FishingTechniques;FoodPreservation;FoodStorage;ForagingGroups;Geometry;HerbalKnowledge;IrrigationEngineering;KilnEfficiency;KnowledgeSharing;Masonry;Mathematics;Measurement;Mining;Mining_Copper;Mining_Iron;Mining_Tin;NaturalPhilosophy;NeolithicSettlement;OrePurification;OrganizedDefense;PermanentArchitecture;Pottery;Quarry;RecordKeeping;Smithing;Smithing_Bronze;Smithing_Copper;Smithing_Iron;Smithing_Tin;Stargazing;StoneCutting;StoneTools;Surveying;TextileCraft;TreeCultivate;VillageCrafts;VillageOrganization;WaterManagement;Woodworking;WrittenRecords"
1383,Neolithic,"Bronze=4355;Clay=162341.88;Cloth=15730.53;Coal=23762.12;Copper=5757.26;CopperOre=242429.75;Iron=3395.6;IronOre=4516.8;PlantFiber=333489.72;Pottery=221584.86;StoneBrick=273977.64;StoneChunk=124682.09;Tin=5160.6;TinOre=5817.2;WoodLog=1166416.44","BronzeFoundry=3;CharcoalKiln=3;ClayPit=3;CoalMine=3;CopperMine=3;CopperSmelter=3;CouncilHall=3;FiberGatheringCamp=3;IronMine=3;IronSmelter=3;KnowledgeCircle=3;Lumberyard=3;MeetingGround=3;PotteryKiln=3;Quarry=3;ScribeHut=3;StoneCuttingWorkshop=3;TinMine=3;TinSmelter=3;WeavingWorkshop=3","Agriculture;AnimalFodder;AnimalHusbandry;Arithmetic;Calendar;CharcoalMaking;ClayExtraction;CoalMining;ControlledFire;CouncilGovernance;CropRotation;FishingTechniques;FoodPreservation;FoodStorage;ForagingGroups;Geometry;HerbalKnowledge;IrrigationEngineering;KilnEfficiency;KnowledgeSharing;Masonry;Mathematics;Measurement;Mining;Mining_Copper;Mining_Iron;Mining_Tin;NaturalPhilosophy;NeolithicSettlement;OrePurification;OrganizedDefense;PermanentArchitecture;Pottery;Quarry;RecordKeeping;Smithing;Smithing_Bronze;Smithing_Copper;Smithing_Iron;Smithing_Tin;Stargazing;StoneCutting;StoneTools;Surveying;TextileCraft;TreeCultivate;VillageCrafts;VillageOrganization;WaterManagement;Woodworking;WrittenRecords"
1384,Neolithic,"Bronze=4553;Clay=162431.88;Cloth=15910.53;Coal=23838.62;Copper=5735.66;CopperOre=242456.75;Iron=3554;IronOre=4502.4;PlantFiber=333579.72;Pottery=221782.86;StoneBrick=274193.64;StoneChunk=124772.09;Tin=5229;TinOre=5802.8;WoodLog=1166980.44","BronzeFoundry=3;CharcoalKiln=3;ClayPit=3;CoalMine=3;CopperMine=3;CopperSmelter=3;CouncilHall=3;FiberGatheringCamp=3;IronMine=3;IronSmelter=3;KnowledgeCircle=3;Lumberyard=3;MeetingGround=3;PotteryKiln=3;Quarry=3;ScribeHut=3;StoneCuttingWorkshop=3;TinMine=3;TinSmelter=3;WeavingWorkshop=3","Agriculture;AnimalFodder;AnimalHusbandry;Arithmetic;Calendar;CharcoalMaking;ClayExtraction;CoalMining;ControlledFire;CouncilGovernance;CropRotation;FishingTechniques;FoodPreservation;FoodStorage;ForagingGroups;Geometry;HerbalKnowledge;IrrigationEngineering;KilnEfficiency;KnowledgeSharing;Masonry;Mathematics;Measurement;Mining;Mining_Copper;Mining_Iron;Mining_Tin;NaturalPhilosophy;NeolithicSettlement;OrePurification;OrganizedDefense;PermanentArchitecture;Pottery;Quarry;RecordKeeping;Smithing;Smithing_Bronze;Smithing_Copper;Smithing_Iron;Smithing_Tin;Stargazing;StoneCutting;StoneTools;Surveying;TextileCraft;TreeCultivate;VillageCrafts;VillageOrganization;WaterManagement;Woodworking;WrittenRecords"
1385,Neolithic,"Bronze=4751;Clay=162521.88;Cloth=16090.53;Coal=23915.12;Copper=5714.06;CopperOre=242483.75;Iron=3712.4;IronOre=4488;PlantFiber=333669.72;Pottery=221980.86;StoneBrick=274409.64;StoneChunk=124862.09;Tin=5297.4;TinOre=5788.4;WoodLog=1167544.44","BronzeFoundry=3;CharcoalKiln=3;ClayPit=3;CoalMine=3;CopperMine=3;CopperSmelter=3;CouncilHall=3;FiberGatheringCamp=3;IronMine=3;IronSmelter=3;KnowledgeCircle=3;Lumberyard=3;MeetingGround=3;PotteryKiln=3;Quarry=3;ScribeHut=3;StoneCuttingWorkshop=3;TinMine=3;TinSmelter=3;WeavingWorkshop=3","Agriculture;AnimalFodder;AnimalHusbandry;Arithmetic;Calendar;CharcoalMaking;ClayExtraction;CoalMining;ControlledFire;CouncilGovernance;CropRotation;FishingTechniques;FoodPreservation;FoodStorage;ForagingGroups;Geometry;HerbalKnowledge;IrrigationEngineering;KilnEfficiency;KnowledgeSharing;Masonry;Mathematics;Measurement;Mining;Mining_Copper;Mining_Iron;Mining_Tin;NaturalPhilosophy;NeolithicSettlement;OrePurification;OrganizedDefense;PermanentArchitecture;Pottery;Quarry;RecordKeeping;Smithing;Smithing_Bronze;Smithing_Copper;Smithing_Iron;Smithing_Tin;Stargazing;StoneCutting;StoneTools;Surveying;TextileCraft;TreeCultivate;VillageCrafts;VillageOrganization;WaterManagement;Woodworking;WrittenRecords"
1386,Medieval,"Bronze=4699;Clay=162611.88;Cloth=16270.53;Coal=23991.62;Copper=5692.46;CopperOre=242510.75;Iron=3870.8;IronOre=4473.6;PlantFiber=333759.72;Pottery=222178.86;StoneBrick=274325.64;StoneChunk=124952.09;Tin=5365.8;TinOre=5774;WoodLog=1167908.44","BronzeFoundry=3;CharcoalKiln=3;ClayPit=3;CoalMine=3;CopperMine=3;CopperSmelter=3;CouncilHall=3;FiberGatheringCamp=3;IronMine=3;IronSmelter=3;KnowledgeCircle=3;Lumberyard=3;MeetingGround=3;PotteryKiln=3;Quarry=3;ScribeHut=3;StoneCuttingWorkshop=3;TinMine=3;TinSmelter=3;WeavingWorkshop=3","Agriculture;AnimalFodder;AnimalHusbandry;Arithmetic;Calendar;CharcoalMaking;ClayExtraction;CoalMining;ControlledFire;CouncilGovernance;CropRotation;FishingTechniques;FoodPreservation;FoodStorage;ForagingGroups;Geometry;HerbalKnowledge;IrrigationEngineering;KilnEfficiency;KnowledgeSharing;Masonry;Mathematics;Measurement;Mining;Mining_Copper;Mining_Iron;Mining_Tin;NaturalPhilosophy;NeolithicSettlement;OrePurification;OrganizedDefense;PermanentArchitecture;Pottery;Quarry;RecordKeeping;Smithing;SmithingRevolution;Smithing_Bronze;Smithing_Copper;Smithing_Iron;Smithing_Tin;Stargazing;StoneCutting;StoneTools;Surveying;TextileCraft;TreeCultivate;VillageCrafts;VillageOrganization;WaterManagement;Woodworking;WrittenRecords"
1387,Medieval,"Bronze=4897;Clay=162701.88;Cloth=16450.53;Coal=24068.12;Copper=5670.86;CopperOre=242537.75;Iron=4029.2;IronOre=4459.2;PlantFiber=333849.72;Pottery=222376.86;StoneBrick=274541.64;StoneChunk=125042.09;Tin=5434.2;TinOre=5759.6;WoodLog=1168472.44","BronzeFoundry=3;CharcoalKiln=3;ClayPit=3;CoalMine=3;CopperMine=3;CopperSmelter=3;CouncilHall=3;FiberGatheringCamp=3;IronMine=3;IronSmelter=3;KnowledgeCircle=3;Lumberyard=3;MeetingGround=3;PotteryKiln=3;Quarry=3;ScribeHut=3;StoneCuttingWorkshop=3;TinMine=3;TinSmelter=3;WeavingWorkshop=3","Agriculture;AnimalFodder;AnimalHusbandry;Arithmetic;Calendar;CharcoalMaking;ClayExtraction;CoalMining;ControlledFire;CouncilGovernance;CropRotation;FishingTechniques;FoodPreservation;FoodStorage;ForagingGroups;Geometry;HerbalKnowledge;IrrigationEngineering;KilnEfficiency;KnowledgeSharing;Masonry;Mathematics;Measurement;Mining;Mining_Copper;Mining_Iron;Mining_Tin;NaturalPhilosophy;NeolithicSettlement;OrePurification;OrganizedDefense;PermanentArchitecture;Pottery;Quarry;RecordKeeping;Smithing;SmithingRevolution;Smithing_Bronze;Smithing_Copper;Smithing_Iron;Smithing_Tin;Stargazing;StoneCutting;StoneTools;Surveying;TextileCraft;TreeCultivate;VillageCrafts;VillageOrganization;WaterManagement;Woodworking;WrittenRecords"
1388,Medieval,"Bronze=5095;Clay=162791.88;Cloth=16630.53;Coal=24144.62;Copper=5649.26;CopperOre=242564.75;Iron=4187.6;IronOre=4444.8;PlantFiber=333939.72;Pottery=222574.86;StoneBrick=274757.64;StoneChunk=125132.09;Tin=5502.6;TinOre=5745.2;WoodLog=1169036.44","BronzeFoundry=3;CharcoalKiln=3;ClayPit=3;CoalMine=3;CopperMine=3;CopperSmelter=3;CouncilHall=3;FiberGatheringCamp=3;IronMine=3;IronSmelter=3;KnowledgeCircle=3;Lumberyard=3;MeetingGround=3;PotteryKiln=3;Quarry=3;ScribeHut=3;StoneCuttingWorkshop=3;TinMine=3;TinSmelter=3;WeavingWorkshop=3","Agriculture;AnimalFodder;AnimalHusbandry;Arithmetic;Calendar;CharcoalMaking;ClayExtraction;CoalMining;ControlledFire;CouncilGovernance;CropRotation;FishingTechniques;FoodPreservation;FoodStorage;ForagingGroups;Geometry;HerbalKnowledge;IrrigationEngineering;KilnEfficiency;KnowledgeSharing;Masonry;Mathematics;Measurement;Mining;Mining_Copper;Mining_Iron;Mining_Tin;NaturalPhilosophy;NeolithicSettlement;OrePurification;OrganizedDefense;PermanentArchitecture;Pottery;Quarry;RecordKeeping;Smithing;SmithingRevolution;Smithing_Bronze;Smithing_Copper;Smithing_Iron;Smithing_Tin;Stargazing;StoneCutting;StoneTools;Surveying;TextileCraft;TreeCultivate;VillageCrafts;VillageOrganization;WaterManagement;Woodworking;WrittenRecords"
1389,Medieval,"Bronze=5293;Clay=162881.88;Cloth=16810.53;Coal=24221.12;Copper=5627.66;CopperOre=242591.75;Iron=4346;IronOre=4430.4;PlantFiber=334029.72;Pottery=222772.86;StoneBrick=274973.64;StoneChunk=125222.09;Tin=5571;TinOre=5730.8;WoodLog=1169600.44","BronzeFoundry=3;CharcoalKiln=3;ClayPit=3;CoalMine=3;CopperMine=3;CopperSmelter=3;CouncilHall=3;FiberGatheringCamp=3;IronMine=3;IronSmelter=3;KnowledgeCircle=3;Lumberyard=3;MeetingGround=3;PotteryKiln=3;Quarry=3;ScribeHut=3;StoneCuttingWorkshop=3;TinMine=3;TinSmelter=3;WeavingWorkshop=3","Agriculture;AnimalFodder;AnimalHusbandry;Arithmetic;Calendar;CharcoalMaking;ClayExtraction;CoalMining;ControlledFire;CouncilGovernance;CropRotation;FishingTechniques;FoodPreservation;FoodStorage;ForagingGroups;Geometry;HerbalKnowledge;IrrigationEngineering;KilnEfficiency;KnowledgeSharing;Masonry;Mathematics;Measurement;Mining;Mining_Copper;Mining_Iron;Mining_Tin;NaturalPhilosophy;NeolithicSettlement;OrePurification;OrganizedDefense;PermanentArchitecture;Pottery;Quarry;RecordKeeping;Smithing;SmithingRevolution;Smithing_Bronze;Smithing_Copper;Smithing_Iron;Smithing_Tin;Stargazing;StoneCutting;StoneTools;Surveying;TextileCraft;TreeCultivate;VillageCrafts;VillageOrganization;WaterManagement;Woodworking;WrittenRecords"
1390,Medieval,"Bronze=5491;Clay=162971.88;Cloth=16990.53;Coal=24297.62;Copper=5606.06;CopperOre=242618.75;Iron=4504.4;IronOre=4416;PlantFiber=334119.72;Pottery=222970.86;StoneBrick=275189.64;StoneChunk=125312.09;Tin=5639.4;TinOre=5716.4;WoodLog=1170164.44","BronzeFoundry=3;CharcoalKiln=3;ClayPit=3;CoalMine=3;CopperMine=3;CopperSmelter=3;CouncilHall=3;FiberGatheringCamp=3;IronMine=3;IronSmelter=3;KnowledgeCircle=3;Lumberyard=3;MeetingGround=3;PotteryKiln=3;Quarry=3;ScribeHut=3;StoneCuttingWorkshop=3;TinMine=3;TinSmelter=3;WeavingWorkshop=3","Agriculture;AnimalFodder;AnimalHusbandry;Arithmetic;Calendar;CharcoalMaking;ClayExtraction;CoalMining;ControlledFire;CouncilGovernance;CropRotation;FishingTechniques;FoodPreservation;FoodStorage;ForagingGroups;Geometry;HerbalKnowledge;IrrigationEngineering;KilnEfficiency;KnowledgeSharing;Masonry;Mathematics;Measurement;Mining;Mining_Copper;Mining_Iron;Mining_Tin;NaturalPhilosophy;NeolithicSettlement;OrePurification;OrganizedDefense;PermanentArchitecture;Pottery;Quarry;RecordKeeping;Smithing;SmithingRevolution;Smithing_Bronze;Smithing_Copper;Smithing_Iron;Smithing_Tin;Stargazing;StoneCutting;StoneTools;Surveying;TextileCraft;TreeCultivate;VillageCrafts;VillageOrganization;WaterManagement;Woodworking;WrittenRecords"
1391,Medieval,"Bronze=5689;Clay=163061.88;Cloth=17170.53;Coal=24374.12;Copper=5584.46;CopperOre=242645.75;Iron=4662.8;IronOre=4401.6;PlantFiber=334209.72;Pottery=223168.86;StoneBrick=275405.64;StoneChunk=125402.09;Tin=5707.8;TinOre=5702;WoodLog=1170728.44","BronzeFoundry=3;CharcoalKiln=3;ClayPit=3;CoalMine=3;CopperMine=3;CopperSmelter=3;CouncilHall=3;FiberGatheringCamp=3;IronMine=3;IronSmelter=3;KnowledgeCircle=3;Lumberyard=3;MeetingGround=3;PotteryKiln=3;Quarry=3;ScribeHut=3;StoneCuttingWorkshop=3;TinMine=3;TinSmelter=3;WeavingWorkshop=3","Agriculture;AnimalFodder;AnimalHusbandry;Arithmetic;Calendar;CharcoalMaking;ClayExtraction;CoalMining;ControlledFire;CouncilGovernance;CropRotation;FishingTechniques;FoodPreservation;FoodStorage;ForagingGroups;Geometry;HerbalKnowledge;IrrigationEngineering;KilnEfficiency;KnowledgeSharing;Masonry;Mathematics;Measurement;Mining;Mining_Copper;Mining_Iron;Mining_Tin;NaturalPhilosophy;NeolithicSettlement;OrePurification;OrganizedDefense;PermanentArchitecture;Pottery;Quarry;RecordKeeping;Smithing;SmithingRevolution;Smithing_Bronze;Smithing_Copper;Smithing_Iron;Smithing_Tin;Stargazing;StoneCutting;StoneTools;Surveying;TextileCraft;TreeCultivate;VillageCrafts;VillageOrganization;WaterManagement;Woodworking;WrittenRecords"
1392,Medieval,"Bronze=5537;Clay=163151.88;Cloth=17350.53;Coal=24450.62;Copper=5562.86;CopperOre=242672.75;Iron=4821.2;IronOre=4387.2;PlantFiber=334299.72;Pottery=223366.86;StoneBrick=275621.64;StoneChunk=125492.09;Tin=5776.2;TinOre=5687.6;WoodLog=1171042.44","BronzeFoundry=3;CharcoalKiln=3;ClayPit=3;CoalMine=3;CopperMine=3;CopperSmelter=3;CouncilHall=3;FiberGatheringCamp=3;IronMine=3;IronSmelter=3;KnowledgeCircle=3;Lumberyard=3;MeetingGround=3;PotteryKiln=3;Quarry=3;ScribeHut=3;StoneCuttingWorkshop=3;TinMine=3;TinSmelter=3;WeavingWorkshop=3","Agriculture;AnimalFodder;AnimalHusbandry;Arithmetic;Calendar;CharcoalMaking;ClayExtraction;CoalMining;ControlledFire;CouncilGovernance;CropRotation;FishingTechniques;FoodPreservation;FoodStorage;ForagingGroups;Geometry;HerbalKnowledge;IrrigationEngineering;KilnEfficiency;KnowledgeSharing;Masonry;Mathematics;Measurement;Mining;Mining_Copper;Mining_Iron;Mining_Tin;NaturalPhilosophy;NeolithicSettlement;OrePurification;OrganizedDefense;OrganizedWatch;PermanentArchitecture;Pottery;Quarry;RecordKeeping;Smithing;SmithingRevolution;Smithing_Bronze;Smithing_Copper;Smithing_Iron;Smithing_Tin;Stargazing;StoneCutting;StoneTools;Surveying;TextileCraft;TreeCultivate;VillageCrafts;VillageOrganization;WaterManagement;Woodworking;WrittenRecords"
1393,Medieval,"Bronze=5735;Clay=163241.88;Cloth=17530.53;Coal=24527.12;Copper=5541.26;CopperOre=242699.75;Iron=4979.6;IronOre=4372.8;PlantFiber=334389.72;Pottery=223564.86;StoneBrick=275837.64;StoneChunk=125582.09;Tin=5844.6;TinOre=5673.2;WoodLog=1171606.44","BronzeFoundry=3;CharcoalKiln=3;ClayPit=3;CoalMine=3;CopperMine=3;CopperSmelter=3;CouncilHall=3;FiberGatheringCamp=3;IronMine=3;IronSmelter=3;KnowledgeCircle=3;Lumberyard=3;MeetingGround=3;PotteryKiln=3;Quarry=3;ScribeHut=3;StoneCuttingWorkshop=3;TinMine=3;TinSmelter=3;WeavingWorkshop=3","Agriculture;AnimalFodder;AnimalHusbandry;Arithmetic;Calendar;CharcoalMaking;ClayExtraction;CoalMining;ControlledFire;CouncilGovernance;CropRotation;FishingTechniques;FoodPreservation;FoodStorage;ForagingGroups;Geometry;HerbalKnowledge;IrrigationEngineering;KilnEfficiency;KnowledgeSharing;Masonry;Mathematics;Measurement;Mining;Mining_Copper;Mining_Iron;Mining_Tin;NaturalPhilosophy;NeolithicSettlement;OrePurification;OrganizedDefense;OrganizedWatch;PermanentArchitecture;Pottery;Quarry;RecordKeeping;Smithing;SmithingRevolution;Smithing_Bronze;Smithing_Copper;Smithing_Iron;Smithing_Tin;Stargazing;StoneCutting;StoneTools;Surveying;TextileCraft;TreeCultivate;VillageCrafts;VillageOrganization;WaterManagement;Woodworking;WrittenRecords"
1394,Medieval,"Bronze=5933;Clay=163331.88;Cloth=17710.53;Coal=24603.62;Copper=5519.66;CopperOre=242726.75;Iron=5138;IronOre=4358.4;PlantFiber=334479.72;Pottery=223762.86;StoneBrick=276053.64;StoneChunk=125672.09;Tin=5913;TinOre=5658.8;WoodLog=1172170.44","BronzeFoundry=3;CharcoalKiln=3;ClayPit=3;CoalMine=3;CopperMine=3;CopperSmelter=3;CouncilHall=3;FiberGatheringCamp=3;IronMine=3;IronSmelter=3;KnowledgeCircle=3;Lumberyard=3;MeetingGround=3;PotteryKiln=3;Quarry=3;ScribeHut=3;StoneCuttingWorkshop=3;TinMine=3;TinSmelter=3;WeavingWorkshop=3","Agriculture;AnimalFodder;AnimalHusbandry;Arithmetic;Calendar;CharcoalMaking;ClayExtraction;CoalMining;ControlledFire;CouncilGovernance;CropRotation;FishingTechniques;FoodPreservation;FoodStorage;ForagingGroups;Geometry;HerbalKnowledge;IrrigationEngineering;KilnEfficiency;KnowledgeSharing;Masonry;Mathematics;Measurement;Mining;Mining_Copper;Mining_Iron;Mining_Tin;NaturalPhilosophy;NeolithicSettlement;OrePurification;OrganizedDefense;OrganizedWatch;PermanentArchitecture;Pottery;Quarry;RecordKeeping;Smithing;SmithingRevolution;Smithing_Bronze;Smithing_Copper;Smithing_Iron;Smithing_Tin;Stargazing;StoneCutting;StoneTools;Surveying;TextileCraft;TreeCultivate;VillageCrafts;VillageOrganization;WaterManagement;Woodworking;WrittenRecords"
1395,Medieval,"Bronze=6131;Clay=163421.88;Cloth=17890.53;Coal=24680.12;Copper=5498.06;CopperOre=242753.75;Iron=5296.4;IronOre=4344;PlantFiber=334569.72;Pottery=223960.86;StoneBrick=276269.64;StoneChunk=125762.09;Tin=5981.4;TinOre=5644.4;WoodLog=1172734.44","BronzeFoundry=3;CharcoalKiln=3;ClayPit=3;CoalMine=3;CopperMine=3;CopperSmelter=3;CouncilHall=3;FiberGatheringCamp=3;IronMine=3;IronSmelter=3;KnowledgeCircle=3;Lumberyard=3;MeetingGround=3;PotteryKiln=3;Quarry=3;ScribeHut=3;StoneCuttingWorkshop=3;TinMine=3;TinSmelter=3;WeavingWorkshop=3","Agriculture;AnimalFodder;AnimalHusbandry;Arithmetic;Calendar;CharcoalMaking;ClayExtraction;CoalMining;ControlledFire;CouncilGovernance;CropRotation;FishingTechniques;FoodPreservation;FoodStorage;ForagingGroups;Geometry;HerbalKnowledge;IrrigationEngineering;KilnEfficiency;KnowledgeSharing;Masonry;Mathematics;Measurement;Mining;Mining_Copper;Mining_Iron;Mining_Tin;NaturalPhilosophy;NeolithicSettlement;OrePurification;OrganizedDefense;OrganizedWatch;PermanentArchitecture;Pottery;Quarry;RecordKeeping;Smithing;SmithingRevolution;Smithing_Bronze;Smithing_Copper;Smithing_Iron;Smithing_Tin;Stargazing;StoneCutting;StoneTools;Surveying;TextileCraft;TreeCultivate;VillageCrafts;VillageOrganization;WaterManagement;Woodworking;WrittenRecords"
1396,Medieval,"Bronze=6329;Clay=163511.88;Cloth=18070.53;Coal=24756.62;Copper=5476.46;CopperOre=242780.75;Iron=5454.8;IronOre=4329.6;PlantFiber=334659.72;Pottery=224158.86;StoneBrick=276485.64;StoneChunk=125852.09;Tin=6049.8;TinOre=5630;WoodLog=1173298.44","BronzeFoundry=3;CharcoalKiln=3;ClayPit=3;CoalMine=3;CopperMine=3;CopperSmelter=3;CouncilHall=3;FiberGatheringCamp=3;IronMine=3;IronSmelter=3;KnowledgeCircle=3;Lumberyard=3;MeetingGround=3;PotteryKiln=3;Quarry=3;ScribeHut=3;StoneCuttingWorkshop=3;TinMine=3;TinSmelter=3;WeavingWorkshop=3","Agriculture;AnimalFodder;AnimalHusbandry;Arithmetic;Calendar;CharcoalMaking;ClayExtraction;CoalMining;ControlledFire;CouncilGovernance;CropRotation;FishingTechniques;FoodPreservation;FoodStorage;ForagingGroups;Geometry;HerbalKnowledge;IrrigationEngineering;KilnEfficiency;KnowledgeSharing;Masonry;Mathematics;Measurement;Mining;Mining_Copper;Mining_Iron;Mining_Tin;NaturalPhilosophy;NeolithicSettlement;OrePurification;OrganizedDefense;OrganizedWatch;PermanentArchitecture;Pottery;Quarry;RecordKeeping;Smithing;SmithingRevolution;Smithing_Bronze;Smithing_Copper;Smithing_Iron;Smithing_Tin;Stargazing;StoneCutting;StoneTools;Surveying;TextileCraft;TreeCultivate;VillageCrafts;VillageOrganization;WaterManagement;Woodworking;WrittenRecords"
1397,Medieval,"Bronze=6527;Clay=163601.88;Cloth=18250.53;Coal=24833.12;Copper=5454.86;CopperOre=242807.75;Iron=5613.2;IronOre=4315.2;PlantFiber=334749.72;Pottery=224356.86;StoneBrick=276701.64;StoneChunk=125942.09;Tin=6118.2;TinOre=5615.6;WoodLog=1173862.44","BronzeFoundry=3;CharcoalKiln=3;ClayPit=3;CoalMine=3;CopperMine=3;CopperSmelter=3;CouncilHall=3;FiberGatheringCamp=3;IronMine=3;IronSmelter=3;KnowledgeCircle=3;Lumberyard=3;MeetingGround=3;PotteryKiln=3;Quarry=3;ScribeHut=3;StoneCuttingWorkshop=3;TinMine=3;TinSmelter=3;WeavingWorkshop=3","Agriculture;AnimalFodder;AnimalHusbandry;Arithmetic;Calendar;CharcoalMaking;ClayExtraction;CoalMining;ControlledFire;CouncilGovernance;CropRotation;FishingTechniques;FoodPreservation;FoodStorage;ForagingGroups;Geometry;HerbalKnowledge;IrrigationEngineering;KilnEfficiency;KnowledgeSharing;Masonry;Mathematics;Measurement;Mining;Mining_Copper;Mining_Iron;Mining_Tin;NaturalPhilosophy;NeolithicSettlement;OrePurification;OrganizedDefense;OrganizedWatch;PermanentArchitecture;Pottery;Quarry;RecordKeeping;Smithing;SmithingRevolution;Smithing_Bronze;Smithing_Copper;Smithing_Iron;Smithing_Tin;Stargazing;StoneCutting;StoneTools;Surveying;TextileCraft;TreeCultivate;VillageCrafts;VillageOrganization;WaterManagement;Woodworking;WrittenRecords"
1398,Medieval,"Bronze=6725;Clay=163691.88;Cloth=18430.53;Coal=24909.62;Copper=5433.26;CopperOre=242834.75;Iron=5771.6;IronOre=4300.8;PlantFiber=334839.72;Pottery=224554.86;StoneBrick=276917.64;StoneChunk=126032.09;Tin=6186.6;TinOre=5601.2;WoodLog=1174426.44","BronzeFoundry=3;CharcoalKiln=3;ClayPit=3;CoalMine=3;CopperMine=3;CopperSmelter=3;CouncilHall=3;FiberGatheringCamp=3;IronMine=3;IronSmelter=3;KnowledgeCircle=3;Lumberyard=3;MeetingGround=3;PotteryKiln=3;Quarry=3;ScribeHut=3;StoneCuttingWorkshop=3;TinMine=3;TinSmelter=3;WeavingWorkshop=3","Agriculture;AnimalFodder;AnimalHusbandry;Arithmetic;Calendar;CharcoalMaking;ClayExtraction;CoalMining;ControlledFire;CouncilGovernance;CropRotation;FishingTechniques;FoodPreservation;FoodStorage;ForagingGroups;Geometry;HerbalKnowledge;IrrigationEngineering;KilnEfficiency;KnowledgeSharing;Masonry;Mathematics;Measurement;Mining;Mining_Copper;Mining_Iron;Mining_Tin;NaturalPhilosophy;NeolithicSettlement;OrePurification;OrganizedDefense;OrganizedWatch;PermanentArchitecture;Pottery;Quarry;RecordKeeping;Smithing;SmithingRevolution;Smithing_Bronze;Smithing_Copper;Smithing_Iron;Smithing_Tin;Stargazing;StoneCutting;StoneTools;Surveying;TextileCraft;TreeCultivate;VillageCrafts;VillageOrganization;WaterManagement;Woodworking;WrittenRecords"
1399,Medieval,"Bronze=6923;Clay=163781.88;Cloth=18610.53;Coal=24986.12;Copper=5411.66;CopperOre=242861.75;Iron=5930;IronOre=4286.4;PlantFiber=334929.72;Pottery=224752.86;StoneBrick=277133.64;StoneChunk=126122.09;Tin=6255;TinOre=5586.8;WoodLog=1174990.44","BronzeFoundry=3;CharcoalKiln=3;ClayPit=3;CoalMine=3;CopperMine=3;CopperSmelter=3;CouncilHall=3;FiberGatheringCamp=3;IronMine=3;IronSmelter=3;KnowledgeCircle=3;Lumberyard=3;MeetingGround=3;PotteryKiln=3;Quarry=3;ScribeHut=3;StoneCuttingWorkshop=3;TinMine=3;TinSmelter=3;WeavingWorkshop=3","Agriculture;AnimalFodder;AnimalHusbandry;Arithmetic;Calendar;CharcoalMaking;ClayExtraction;CoalMining;ControlledFire;CouncilGovernance;CropRotation;FishingTechniques;FoodPreservation;FoodStorage;ForagingGroups;Geometry;HerbalKnowledge;IrrigationEngineering;KilnEfficiency;KnowledgeSharing;Masonry;Mathematics;Measurement;Mining;Mining_Copper;Mining_Iron;Mining_Tin;NaturalPhilosophy;NeolithicSettlement;OrePurification;OrganizedDefense;OrganizedWatch;PermanentArchitecture;Pottery;Quarry;RecordKeeping;Smithing;SmithingRevolution;Smithing_Bronze;Smithing_Copper;Smithing_Iron;Smithing_Tin;Stargazing;StoneCutting;StoneTools;Surveying;TextileCraft;TreeCultivate;VillageCrafts;VillageOrganization;WaterManagement;Woodworking;WrittenRecords"
1400,Medieval,"Bronze=7121;Clay=163871.88;Cloth=18690.53;Coal=25062.62;Copper=5390.06;CopperOre=242888.75;Iron=6088.4;IronOre=4272;PlantFiber=335019.72;Pottery=224950.86;StoneBrick=277099.64;StoneChunk=126212.09;Tin=6323.4;TinOre=5572.4;WoodLog=1175554.44","BronzeFoundry=3;CharcoalKiln=3;ClayPit=3;CoalMine=3;CopperMine=3;CopperSmelter=3;CouncilHall=3;FiberGatheringCamp=3;IronMine=3;IronSmelter=3;KnowledgeCircle=3;Lumberyard=3;MeetingGround=3;PotteryKiln=3;Quarry=3;ScribeHut=3;StoneCuttingWorkshop=3;TinMine=3;TinSmelter=3;WeavingWorkshop=3","Agriculture;AnimalFodder;AnimalHusbandry;Arithmetic;BronzeImplements;Calendar;CharcoalMaking;ClayExtraction;CoalMining;ControlledFire;CouncilGovernance;CropRotation;FishingTechniques;FoodPreservation;FoodStorage;ForagingGroups;Geometry;HerbalKnowledge;IrrigationEngineering;KilnEfficiency;KnowledgeSharing;Masonry;Mathematics;Measurement;Mining;Mining_Copper;Mining_Iron;Mining_Tin;NaturalPhilosophy;NeolithicSettlement;OrePurification;OrganizedDefense;OrganizedWatch;PermanentArchitecture;Pottery;Quarry;RecordKeeping;Smithing;SmithingRevolution;Smithing_Bronze;Smithing_Copper;Smithing_Iron;Smithing_Tin;Stargazing;StoneCutting;StoneTools;Surveying;TextileCraft;TreeCultivate;VillageCrafts;VillageOrganization;WaterManagement;Woodworking;WrittenRecords"
1401,Medieval,"Bronze=7319;Clay=163961.88;Cloth=18870.53;Coal=25139.12;Copper=5368.46;CopperOre=242915.75;Iron=6246.8;IronOre=4257.6;PlantFiber=335109.72;Pottery=225148.86;StoneBrick=277315.64;StoneChunk=126302.09;Tin=6391.8;TinOre=5558;WoodLog=1176118.44","BronzeFoundry=3;CharcoalKiln=3;ClayPit=3;CoalMine=3;CopperMine=3;CopperSmelter=3;CouncilHall=3;FiberGatheringCamp=3;IronMine=3;IronSmelter=3;KnowledgeCircle=3;Lumberyard=3;MeetingGround=3;PotteryKiln=3;Quarry=3;ScribeHut=3;StoneCuttingWorkshop=3;TinMine=3;TinSmelter=3;WeavingWorkshop=3","Agriculture;AnimalFodder;AnimalHusbandry;Arithmetic;BronzeImplements;Calendar;CharcoalMaking;ClayExtraction;CoalMining;ControlledFire;CouncilGovernance;CropRotation;FishingTechniques;FoodPreservation;FoodStorage;ForagingGroups;Geometry;HerbalKnowledge;IrrigationEngineering;KilnEfficiency;KnowledgeSharing;Masonry;Mathematics;Measurement;Mining;Mining_Copper;Mining_Iron;Mining_Tin;NaturalPhilosophy;NeolithicSettlement;OrePurification;OrganizedDefense;OrganizedWatch;PermanentArchitecture;Pottery;Quarry;RecordKeeping;Smithing;SmithingRevolution;Smithing_Bronze;Smithing_Copper;Smithing_Iron;Smithing_Tin;Stargazing;StoneCutting;StoneTools;Surveying;TextileCraft;TreeCultivate;VillageCrafts;VillageOrganization;WaterManagement;Woodworking;WrittenRecords"
1402,Medieval,"Bronze=7517;Clay=164051.88;Cloth=19050.53;Coal=25215.62;Copper=5346.86;CopperOre=242942.75;Iron=6405.2;IronOre=4243.2;PlantFiber=335199.72;Pottery=225346.86;StoneBrick=277531.64;StoneChunk=126392.09;Tin=6460.2;TinOre=5543.6;WoodLog=1176682.44","BronzeFoundry=3;CharcoalKiln=3;ClayPit=3;CoalMine=3;CopperMine=3;CopperSmelter=3;CouncilHall=3;FiberGatheringCamp=3;IronMine=3;IronSmelter=3;KnowledgeCircle=3;Lumberyard=3;MeetingGround=3;PotteryKiln=3;Quarry=3;ScribeHut=3;StoneCuttingWorkshop=3;TinMine=3;TinSmelter=3;WeavingWorkshop=3","Agriculture;AnimalFodder;AnimalHusbandry;Arithmetic;BronzeImplements;Calendar;CharcoalMaking;ClayExtraction;CoalMining;ControlledFire;CouncilGovernance;CropRotation;FishingTechniques;FoodPreservation;FoodStorage;ForagingGroups;Geometry;HerbalKnowledge;IrrigationEngineering;KilnEfficiency;KnowledgeSharing;Masonry;Mathematics;Measurement;Mining;Mining_Copper;Mining_Iron;Mining_Tin;NaturalPhilosophy;NeolithicSettlement;OrePurification;OrganizedDefense;OrganizedWatch;PermanentArchitecture;Pottery;Quarry;RecordKeeping;Smithing;SmithingRevolution;Smithing_Bronze;Smithing_Copper;Smithing_Iron;Smithing_Tin;Stargazing;StoneCutting;StoneTools;Surveying;TextileCraft;TreeCultivate;VillageCrafts;VillageOrganization;WaterManagement;Woodworking;WrittenRecords"
1403,Medieval,"Bronze=7715;Clay=164141.88;Cloth=19230.53;Coal=25292.12;Copper=5325.26;CopperOre=242969.75;Iron=6563.6;IronOre=4228.8;PlantFiber=335289.72;Pottery=225544.86;StoneBrick=277747.64;StoneChunk=126482.09;Tin=6528.6;TinOre=5529.2;WoodLog=1177246.44","BronzeFoundry=3;CharcoalKiln=3;ClayPit=3;CoalMine=3;CopperMine=3;CopperSmelter=3;CouncilHall=3;FiberGatheringCamp=3;IronMine=3;IronSmelter=3;KnowledgeCircle=3;Lumberyard=3;MeetingGround=3;PotteryKiln=3;Quarry=3;ScribeHut=3;StoneCuttingWorkshop=3;TinMine=3;TinSmelter=3;WeavingWorkshop=3","Agriculture;AnimalFodder;AnimalHusbandry;Arithmetic;BronzeImplements;Calendar;CharcoalMaking;ClayExtraction;CoalMining;ControlledFire;CouncilGovernance;CropRotation;FishingTechniques;FoodPreservation;FoodStorage;ForagingGroups;Geometry;HerbalKnowledge;IrrigationEngineering;KilnEfficiency;KnowledgeSharing;Masonry;Mathematics;Measurement;Mining;Mining_Copper;Mining_Iron;Mining_Tin;NaturalPhilosophy;NeolithicSettlement;OrePurification;OrganizedDefense;OrganizedWatch;PermanentArchitecture;Pottery;Quarry;RecordKeeping;Smithing;SmithingRevolution;Smithing_Bronze;Smithing_Copper;Smithing_Iron;Smithing_Tin;Stargazing;StoneCutting;StoneTools;Surveying;TextileCraft;TreeCultivate;VillageCrafts;VillageOrganization;WaterManagement;Woodworking;WrittenRecords"
1404,Medieval,"Bronze=7913;Clay=164231.88;Cloth=19410.53;Coal=25368.62;Copper=5303.66;CopperOre=242996.75;Iron=6722;IronOre=4214.4;PlantFiber=335379.72;Pottery=225742.86;StoneBrick=277963.64;StoneChunk=126572.09;Tin=6597;TinOre=5514.8;WoodLog=1177810.44","BronzeFoundry=3;CharcoalKiln=3;ClayPit=3;CoalMine=3;CopperMine=3;CopperSmelter=3;CouncilHall=3;FiberGatheringCamp=3;IronMine=3;IronSmelter=3;KnowledgeCircle=3;Lumberyard=3;MeetingGround=3;PotteryKiln=3;Quarry=3;ScribeHut=3;StoneCuttingWorkshop=3;TinMine=3;TinSmelter=3;WeavingWorkshop=3","Agriculture;AnimalFodder;AnimalHusbandry;Arithmetic;BronzeImplements;Calendar;CharcoalMaking;ClayExtraction;CoalMining;ControlledFire;CouncilGovernance;CropRotation;FishingTechniques;FoodPreservation;FoodStorage;ForagingGroups;Geometry;HerbalKnowledge;IrrigationEngineering;KilnEfficiency;KnowledgeSharing;Masonry;Mathematics;Measurement;Mining;Mining_Copper;Mining_Iron;Mining_Tin;NaturalPhilosophy;NeolithicSettlement;OrePurification;OrganizedDefense;OrganizedWatch;PermanentArchitecture;Pottery;Quarry;RecordKeeping;Smithing;SmithingRevolution;Smithing_Bronze;Smithing_Copper;Smithing_Iron;Smithing_Tin;Stargazing;StoneCutting;StoneTools;Surveying;TextileCraft;TreeCultivate;VillageCrafts;VillageOrganization;WaterManagement;Woodworking;WrittenRecords"
1405,Medieval,"Bronze=8111;Clay=164321.88;Cloth=19590.53;Coal=25445.12;Copper=5282.06;CopperOre=243023.75;Iron=6880.4;IronOre=4200;PlantFiber=335469.72;Pottery=225940.86;StoneBrick=278179.64;StoneChunk=126662.09;Tin=6665.4;TinOre=5500.4;WoodLog=1178374.44","BronzeFoundry=3;CharcoalKiln=3;ClayPit=3;CoalMine=3;CopperMine=3;CopperSmelter=3;CouncilHall=3;FiberGatheringCamp=3;IronMine=3;IronSmelter=3;KnowledgeCircle=3;Lumberyard=3;MeetingGround=3;PotteryKiln=3;Quarry=3;ScribeHut=3;StoneCuttingWorkshop=3;TinMine=3;TinSmelter=3;WeavingWorkshop=3","Agriculture;AnimalFodder;AnimalHusbandry;Arithmetic;BronzeImplements;Calendar;CharcoalMaking;ClayExtraction;CoalMining;ControlledFire;CouncilGovernance;CropRotation;FishingTechniques;FoodPreservation;FoodStorage;ForagingGroups;Geometry;HerbalKnowledge;IrrigationEngineering;KilnEfficiency;KnowledgeSharing;Masonry;Mathematics;Measurement;Mining;Mining_Copper;Mining_Iron;Mining_Tin;NaturalPhilosophy;NeolithicSettlement;OrePurification;OrganizedDefense;OrganizedWatch;PermanentArchitecture;Pottery;Quarry;RecordKeeping;Smithing;SmithingRevolution;Smithing_Bronze;Smithing_Copper;Smithing_Iron;Smithing_Tin;Stargazing;StoneCutting;StoneTools;Surveying;TextileCraft;TreeCultivate;VillageCrafts;VillageOrganization;WaterManagement;Woodworking;WrittenRecords"
1406,Medieval,"Bronze=8309;Clay=164411.88;Cloth=19770.53;Coal=25521.62;Copper=5260.46;CopperOre=243050.75;Iron=7038.8;IronOre=4185.6;PlantFiber=335559.72;Pottery=226138.86;StoneBrick=278395.64;StoneChunk=126752.09;Tin=6733.8;TinOre=5486;WoodLog=1178938.44","BronzeFoundry=3;CharcoalKiln=3;ClayPit=3;CoalMine=3;CopperMine=3;CopperSmelter=3;CouncilHall=3;FiberGatheringCamp=3;IronMine=3;IronSmelter=3;KnowledgeCircle=3;Lumberyard=3;MeetingGround=3;PotteryKiln=3;Quarry=3;ScribeHut=3;StoneCuttingWorkshop=3;TinMine=3;TinSmelter=3;WeavingWorkshop=3","Agriculture;AnimalFodder;AnimalHusbandry;Arithmetic;BronzeImplements;Calendar;CharcoalMaking;ClayExtraction;CoalMining;ControlledFire;CouncilGovernance;CropRotation;FishingTechniques;FoodPreservation;FoodStorage;ForagingGroups;Geometry;HerbalKnowledge;IrrigationEngineering;KilnEfficiency;KnowledgeSharing;Masonry;Mathematics;Measurement;Mining;Mining_Copper;Mining_Iron;Mining_Tin;NaturalPhilosophy;NeolithicSettlement;OrePurification;OrganizedDefense;OrganizedWatch;PermanentArchitecture;Pottery;Quarry;RecordKeeping;Smithing;SmithingRevolution;Smithing_Bronze;Smithing_Copper;Smithing_Iron;Smithing_Tin;Stargazing;StoneCutting;StoneTools;Surveying;TextileCraft;TreeCultivate;VillageCrafts;VillageOrganization;WaterManagement;Woodworking;WrittenRecords"
1407,Medieval,"Bronze=8507;Clay=164501.88;Cloth=19950.53;Coal=25598.12;Copper=5238.86;CopperOre=243077.75;Iron=7197.2;IronOre=4171.2;PlantFiber=335649.72;Pottery=226336.86;StoneBrick=278611.64;StoneChunk=126842.09;Tin=6802.2;TinOre=5471.6;WoodLog=1179502.44","BronzeFoundry=3;CharcoalKiln=3;ClayPit=3;CoalMine=3;CopperMine=3;CopperSmelter=3;CouncilHall=3;FiberGatheringCamp=3;IronMine=3;IronSmelter=3;KnowledgeCircle=3;Lumberyard=3;MeetingGround=3;PotteryKiln=3;Quarry=3;ScribeHut=3;StoneCuttingWorkshop=3;TinMine=3;TinSmelter=3;WeavingWorkshop=3","Agriculture;AnimalFodder;AnimalHusbandry;Arithmetic;BronzeImplements;Calendar;CharcoalMaking;ClayExtraction;CoalMining;ControlledFire;CouncilGovernance;CropRotation;FishingTechniques;FoodPreservation;FoodStorage;ForagingGroups;Geometry;HerbalKnowledge;IrrigationEngineering;KilnEfficiency;KnowledgeSharing;Masonry;Mathematics;Measurement;Mining;Mining_Copper;Mining_Iron;Mining_Tin;NaturalPhilosophy;NeolithicSettlement;OrePurification;OrganizedDefense;OrganizedWatch;PermanentArchitecture;Pottery;Quarry;RecordKeeping;Smithing;SmithingRevolution;Smithing_Bronze;Smithing_Copper;Smithing_Iron;Smithing_Tin;Stargazing;StoneCutting;StoneTools;Surveying;TextileCraft;TreeCultivate;VillageCrafts;VillageOrganization;WaterManagement;Woodworking;WrittenRecords"
1408,Medieval,"Bronze=8705;Clay=164591.88;Cloth=20130.53;Coal=25674.62;Copper=5217.26;CopperOre=243104.75;Iron=7355.6;IronOre=4156.8;PlantFiber=335739.72;Pottery=226534.86;StoneBrick=278827.64;StoneChunk=126932.09;Tin=6870.6;TinOre=5457.2;WoodLog=1180066.44","BronzeFoundry=3;CharcoalKiln=3;ClayPit=3;CoalMine=3;CopperMine=3;CopperSmelter=3;CouncilHall=3;FiberGatheringCamp=3;IronMine=3;IronSmelter=3;KnowledgeCircle=3;Lumberyard=3;MeetingGround=3;PotteryKiln=3;Quarry=3;ScribeHut=3;StoneCuttingWorkshop=3;TinMine=3;TinSmelter=3;WeavingWorkshop=3","Agriculture;AnimalFodder;AnimalHusbandry;Arithmetic;BronzeImplements;Calendar;CharcoalMaking;ClayExtraction;CoalMining;ControlledFire;CouncilGovernance;CropRotation;FishingTechniques;FoodPreservation;FoodStorage;ForagingGroups;Geometry;HerbalKnowledge;IrrigationEngineering;KilnEfficiency;KnowledgeSharing;Masonry;Mathematics;Measurement;Mining;Mining_Copper;Mining_Iron;Mining_Tin;NaturalPhilosophy;NeolithicSettlement;OrePurification;OrganizedDefense;OrganizedWatch;PermanentArchitecture;Pottery;Quarry;RecordKeeping;Smithing;SmithingRevolution;Smithing_Bronze;Smithing_Copper;Smithing_Iron;Smithing_Tin;Stargazing;StoneCutting;StoneTools;Surveying;TextileCraft;TreeCultivate;VillageCrafts;VillageOrganization;WaterManagement;Woodworking;WrittenRecords"
1409,Medieval,"Bronze=8903;Clay=164681.88;Cloth=20310.53;Coal=25751.12;Copper=5195.66;CopperOre=243131.75;Iron=7514;IronOre=4142.4;PlantFiber=335829.72;Pottery=226732.86;StoneBrick=279043.64;StoneChunk=127022.09;Tin=6939;TinOre=5442.8;WoodLog=1180630.44","BronzeFoundry=3;CharcoalKiln=3;ClayPit=3;CoalMine=3;CopperMine=3;CopperSmelter=3;CouncilHall=3;FiberGatheringCamp=3;IronMine=3;IronSmelter=3;KnowledgeCircle=3;Lumberyard=3;MeetingGround=3;PotteryKiln=3;Quarry=3;ScribeHut=3;StoneCuttingWorkshop=3;TinMine=3;TinSmelter=3;WeavingWorkshop=3","Agriculture;AnimalFodder;AnimalHusbandry;Arithmetic;BronzeImplements;Calendar;CharcoalMaking;ClayExtraction;CoalMining;ControlledFire;CouncilGovernance;CropRotation;FishingTechniques;FoodPreservation;FoodStorage;ForagingGroups;Geometry;HerbalKnowledge;IrrigationEngineering;KilnEfficiency;KnowledgeSharing;Masonry;Mathematics;Measurement;Mining;Mining_Copper;Mining_Iron;Mining_Tin;NaturalPhilosophy;NeolithicSettlement;OrePurification;OrganizedDefense;OrganizedWatch;PermanentArchitecture;Pottery;Quarry;RecordKeeping;Smithing;SmithingRevolution;Smithing_Bronze;Smithing_Copper;Smithing_Iron;Smithing_Tin;Stargazing;StoneCutting;StoneTools;Surveying;TextileCraft;TreeCultivate;VillageCrafts;VillageOrganization;WaterManagement;Woodworking;WrittenRecords"
1410,Medieval,"Bronze=9101;Clay=164771.88;Cloth=20490.53;Coal=25827.62;Copper=5174.06;CopperOre=243158.75;Iron=7672.4;IronOre=4128;PlantFiber=335919.72;Pottery=226930.86;StoneBrick=279259.64;StoneChunk=127112.09;Tin=7007.4;TinOre=5428.4;WoodLog=1181194.44","BronzeFoundry=3;CharcoalKiln=3;ClayPit=3;CoalMine=3;CopperMine=3;CopperSmelter=3;CouncilHall=3;FiberGatheringCamp=3;IronMine=3;IronSmelter=3;KnowledgeCircle=3;Lumberyard=3;MeetingGround=3;PotteryKiln=3;Quarry=3;ScribeHut=3;StoneCuttingWorkshop=3;TinMine=3;TinSmelter=3;WeavingWorkshop=3","Agriculture;AnimalFodder;AnimalHusbandry;Arithmetic;BronzeImplements;Calendar;CharcoalMaking;ClayExtraction;CoalMining;ControlledFire;CouncilGovernance;CropRotation;FishingTechniques;FoodPreservation;FoodStorage;ForagingGroups;Geometry;HerbalKnowledge;IrrigationEngineering;KilnEfficiency;KnowledgeSharing;Masonry;Mathematics;Measurement;Mining;Mining_Copper;Mining_Iron;Mining_Tin;NaturalPhilosophy;NeolithicSettlement;OrePurification;OrganizedDefense;OrganizedWatch;PermanentArchitecture;Pottery;Quarry;RecordKeeping;Smithing;SmithingRevolution;Smithing_Bronze;Smithing_Copper;Smithing_Iron;Smithing_Tin;Stargazing;StoneCutting;StoneTools;Surveying;TextileCraft;TreeCultivate;VillageCrafts;VillageOrganization;WaterManagement;Woodworking;WrittenRecords"
1411,Medieval,"Bronze=9299;Clay=164861.88;Cloth=20670.53;Coal=25904.12;Copper=5152.46;CopperOre=243185.75;Iron=7830.8;IronOre=4113.6;PlantFiber=336009.72;Pottery=227128.86;StoneBrick=279475.64;StoneChunk=127202.09;Tin=7075.8;TinOre=5414;WoodLog=1181758.44","BronzeFoundry=3;CharcoalKiln=3;ClayPit=3;CoalMine=3;CopperMine=3;CopperSmelter=3;CouncilHall=3;FiberGatheringCamp=3;IronMine=3;IronSmelter=3;KnowledgeCircle=3;Lumberyard=3;MeetingGround=3;PotteryKiln=3;Quarry=3;ScribeHut=3;StoneCuttingWorkshop=3;TinMine=3;TinSmelter=3;WeavingWorkshop=3","Agriculture;AnimalFodder;AnimalHusbandry;Arithmetic;BronzeImplements;Calendar;CharcoalMaking;ClayExtraction;CoalMining;ControlledFire;CouncilGovernance;CropRotation;FishingTechniques;FoodPreservation;FoodStorage;ForagingGroups;Geometry;HerbalKnowledge;IrrigationEngineering;KilnEfficiency;KnowledgeSharing;Masonry;Mathematics;Measurement;Mining;Mining_Copper;Mining_Iron;Mining_Tin;NaturalPhilosophy;NeolithicSettlement;OrePurification;OrganizedDefense;OrganizedWatch;PermanentArchitecture;Pottery;Quarry;RecordKeeping;Smithing;SmithingRevolution;Smithing_Bronze;Smithing_Copper;Smithing_Iron;Smithing_Tin;Stargazing;StoneCutting;StoneTools;Surveying;TextileCraft;TreeCultivate;VillageCrafts;VillageOrganization;WaterManagement;Woodworking;WrittenRecords"
1412,Medieval,"Bronze=9497;Clay=164951.88;Cloth=20850.53;Coal=25980.62;Copper=5130.86;CopperOre=243212.75;Iron=7989.2;IronOre=4099.2;PlantFiber=336099.72;Pottery=227326.86;StoneBrick=279691.64;StoneChunk=127292.09;Tin=7144.2;TinOre=5399.6;WoodLog=1182322.44","BronzeFoundry=3;CharcoalKiln=3;ClayPit=3;CoalMine=3;CopperMine=3;CopperSmelter=3;CouncilHall=3;FiberGatheringCamp=3;IronMine=3;IronSmelter=3;KnowledgeCircle=3;Lumberyard=3;MeetingGround=3;PotteryKiln=3;Quarry=3;ScribeHut=3;StoneCuttingWorkshop=3;TinMine=3;TinSmelter=3;WeavingWorkshop=3","Agriculture;AnimalFodder;AnimalHusbandry;Arithmetic;BronzeImplements;Calendar;CharcoalMaking;ClayExtraction;CoalMining;ControlledFire;CouncilGovernance;CropRotation;FishingTechniques;FoodPreservation;FoodStorage;ForagingGroups;Geometry;HerbalKnowledge;IrrigationEngineering;KilnEfficiency;KnowledgeSharing;Masonry;Mathematics;Measurement;Mining;Mining_Copper;Mining_Iron;Mining_Tin;NaturalPhilosophy;NeolithicSettlement;OrePurification;OrganizedDefense;OrganizedWatch;PermanentArchitecture;Pottery;Quarry;RecordKeeping;Smithing;SmithingRevolution;Smithing_Bronze;Smithing_Copper;Smithing_Iron;Smithing_Tin;Stargazing;StoneCutting;StoneTools;Surveying;TextileCraft;TreeCultivate;VillageCrafts;VillageOrganization;WaterManagement;Woodworking;WrittenRecords"
1413,Medieval,"Bronze=9695;Clay=165041.88;Cloth=21030.53;Coal=26057.12;Copper=5109.26;CopperOre=243239.75;Iron=8147.6;IronOre=4084.8;PlantFiber=336189.72;Pottery=227524.86;StoneBrick=279907.64;StoneChunk=127382.09;Tin=7212.6;TinOre=5385.2;WoodLog=1182886.44","BronzeFoundry=3;CharcoalKiln=3;ClayPit=3;CoalMine=3;CopperMine=3;CopperSmelter=3;CouncilHall=3;FiberGatheringCamp=3;IronMine=3;IronSmelter=3;KnowledgeCircle=3;Lumberyard=3;MeetingGround=3;PotteryKiln=3;Quarry=3;ScribeHut=3;StoneCuttingWorkshop=3;TinMine=3;TinSmelter=3;WeavingWorkshop=3","Agriculture;AnimalFodder;AnimalHusbandry;Arithmetic;BronzeImplements;Calendar;CharcoalMaking;ClayExtraction;CoalMining;ControlledFire;CouncilGovernance;CropRotation;FishingTechniques;FoodPreservation;FoodStorage;ForagingGroups;Geometry;HerbalKnowledge;IrrigationEngineering;KilnEfficiency;KnowledgeSharing;Masonry;Mathematics;Measurement;Mining;Mining_Copper;Mining_Iron;Mining_Tin;NaturalPhilosophy;NeolithicSettlement;OrePurification;OrganizedDefense;OrganizedWatch;PermanentArchitecture;Pottery;Quarry;RecordKeeping;Smithing;SmithingRevolution;Smithing_Bronze;Smithing_Copper;Smithing_Iron;Smithing_Tin;Stargazing;StoneCutting;StoneTools;Surveying;TextileCraft;TreeCultivate;VillageCrafts;VillageOrganization;WaterManagement;Woodworking;WrittenRecords"
1414,Medieval,"Bronze=9893;Clay=165131.88;Cloth=21210.53;Coal=26133.62;Copper=5087.66;CopperOre=243266.75;Iron=8306;IronOre=4070.4;PlantFiber=336279.72;Pottery=227722.86;StoneBrick=280123.64;StoneChunk=127472.09;Tin=7281;TinOre=5370.8;WoodLog=1183450.44","BronzeFoundry=3;CharcoalKiln=3;ClayPit=3;CoalMine=3;CopperMine=3;CopperSmelter=3;CouncilHall=3;FiberGatheringCamp=3;IronMine=3;IronSmelter=3;KnowledgeCircle=3;Lumberyard=3;MeetingGround=3;PotteryKiln=3;Quarry=3;ScribeHut=3;StoneCuttingWorkshop=3;TinMine=3;TinSmelter=3;WeavingWorkshop=3","Agriculture;AnimalFodder;AnimalHusbandry;Arithmetic;BronzeImplements;Calendar;CharcoalMaking;ClayExtraction;CoalMining;ControlledFire;CouncilGovernance;CropRotation;FishingTechniques;FoodPreservation;FoodStorage;ForagingGroups;Geometry;HerbalKnowledge;IrrigationEngineering;KilnEfficiency;KnowledgeSharing;Masonry;Mathematics;Measurement;Mining;Mining_Copper;Mining_Iron;Mining_Tin;NaturalPhilosophy;NeolithicSettlement;OrePurification;OrganizedDefense;OrganizedWatch;PermanentArchitecture;Pottery;Quarry;RecordKeeping;Smithing;SmithingRevolution;Smithing_Bronze;Smithing_Copper;Smithing_Iron;Smithing_Tin;Stargazing;StoneCutting;StoneTools;Surveying;TextileCraft;TreeCultivate;VillageCrafts;VillageOrganization;WaterManagement;Woodworking;WrittenRecords"
1415,Medieval,"Bronze=10091;Clay=165221.88;Cloth=21390.53;Coal=26210.12;Copper=5066.06;CopperOre=243293.75;Iron=8464.4;IronOre=4056;PlantFiber=336369.72;Pottery=227920.86;StoneBrick=280339.64;StoneChunk=127562.09;Tin=7349.4;TinOre=5356.4;WoodLog=1184014.44","BronzeFoundry=3;CharcoalKiln=3;ClayPit=3;CoalMine=3;CopperMine=3;CopperSmelter=3;CouncilHall=3;FiberGatheringCamp=3;IronMine=3;IronSmelter=3;KnowledgeCircle=3;Lumberyard=3;MeetingGround=3;PotteryKiln=3;Quarry=3;ScribeHut=3;StoneCuttingWorkshop=3;TinMine=3;TinSmelter=3;WeavingWorkshop=3","Agriculture;AnimalFodder;AnimalHusbandry;Arithmetic;BronzeImplements;Calendar;CharcoalMaking;ClayExtraction;CoalMining;ControlledFire;CouncilGovernance;CropRotation;FishingTechniques;FoodPreservation;FoodStorage;ForagingGroups;Geometry;HerbalKnowledge;IrrigationEngineering;KilnEfficiency;KnowledgeSharing;Masonry;Mathematics;Measurement;Mining;Mining_Copper;Mining_Iron;Mining_Tin;NaturalPhilosophy;NeolithicSettlement;OrePurification;OrganizedDefense;OrganizedWatch;PermanentArchitecture;Pottery;Quarry;RecordKeeping;Smithing;SmithingRevolution;Smithing_Bronze;Smithing_Copper;Smithing_Iron;Smithing_Tin;Stargazing;StoneCutting;StoneTools;Surveying;TextileCraft;TreeCultivate;VillageCrafts;VillageOrganization;WaterManagement;Woodworking;WrittenRecords"
1416,Medieval,"Bronze=10289;Clay=165311.88;Cloth=21570.53;Coal=26286.62;Copper=5044.46;CopperOre=243320.75;Iron=8622.8;IronOre=4041.6;PlantFiber=336459.72;Pottery=228118.86;StoneBrick=280555.64;StoneChunk=127652.09;Tin=7417.8;TinOre=5342;WoodLog=1184578.44","BronzeFoundry=3;CharcoalKiln=3;ClayPit=3;CoalMine=3;CopperMine=3;CopperSmelter=3;CouncilHall=3;FiberGatheringCamp=3;IronMine=3;IronSmelter=3;KnowledgeCircle=3;Lumberyard=3;MeetingGround=3;PotteryKiln=3;Quarry=3;ScribeHut=3;StoneCuttingWorkshop=3;TinMine=3;TinSmelter=3;WeavingWorkshop=3","Agriculture;AnimalFodder;AnimalHusbandry;Arithmetic;BronzeImplements;Calendar;CharcoalMaking;ClayExtraction;CoalMining;ControlledFire;CouncilGovernance;CropRotation;FishingTechniques;FoodPreservation;FoodStorage;ForagingGroups;Geometry;HerbalKnowledge;IrrigationEngineering;KilnEfficiency;KnowledgeSharing;Masonry;Mathematics;Measurement;Mining;Mining_Copper;Mining_Iron;Mining_Tin;NaturalPhilosophy;NeolithicSettlement;OrePurification;OrganizedDefense;OrganizedWatch;PermanentArchitecture;Pottery;Quarry;RecordKeeping;Smithing;SmithingRevolution;Smithing_Bronze;Smithing_Copper;Smithing_Iron;Smithing_Tin;Stargazing;StoneCutting;StoneTools;Surveying;TextileCraft;TreeCultivate;VillageCrafts;VillageOrganization;WaterManagement;Woodworking;WrittenRecords"
1417,Medieval,"Bronze=10487;Clay=165401.88;Cloth=21750.53;Coal=26363.12;Copper=5022.86;CopperOre=243347.75;Iron=8781.2;IronOre=4027.2;PlantFiber=336549.72;Pottery=228316.86;StoneBrick=280771.64;StoneChunk=127742.09;Tin=7486.2;TinOre=5327.6;WoodLog=1185142.44","BronzeFoundry=3;CharcoalKiln=3;ClayPit=3;CoalMine=3;CopperMine=3;CopperSmelter=3;CouncilHall=3;FiberGatheringCamp=3;IronMine=3;IronSmelter=3;KnowledgeCircle=3;Lumberyard=3;MeetingGround=3;PotteryKiln=3;Quarry=3;ScribeHut=3;StoneCuttingWorkshop=3;TinMine=3;TinSmelter=3;WeavingWorkshop=3","Agriculture;AnimalFodder;AnimalHusbandry;Arithmetic;BronzeImplements;Calendar;CharcoalMaking;ClayExtraction;CoalMining;ControlledFire;CouncilGovernance;CropRotation;FishingTechniques;FoodPreservation;FoodStorage;ForagingGroups;Geometry;HerbalKnowledge;IrrigationEngineering;KilnEfficiency;KnowledgeSharing;Masonry;Mathematics;Measurement;Mining;Mining_Copper;Mining_Iron;Mining_Tin;NaturalPhilosophy;NeolithicSettlement;OrePurification;OrganizedDefense;OrganizedWatch;PermanentArchitecture;Pottery;Quarry;RecordKeeping;Smithing;SmithingRevolution;Smithing_Bronze;Smithing_Copper;Smithing_Iron;Smithing_Tin;Stargazing;StoneCutting;StoneTools;Surveying;TextileCraft;TreeCultivate;VillageCrafts;VillageOrganization;WaterManagement;Woodworking;WrittenRecords"
1418,Medieval,"Bronze=10685;Clay=165491.88;Cloth=21930.53;Coal=26439.62;Copper=5001.26;CopperOre=243374.75;Iron=8939.6;IronOre=4012.8;PlantFiber=336639.72;Pottery=228514.86;StoneBrick=280987.64;StoneChunk=127832.09;Tin=7554.6;TinOre=5313.2;WoodLog=1185706.44","BronzeFoundry=3;CharcoalKiln=3;ClayPit=3;CoalMine=3;CopperMine=3;CopperSmelter=3;CouncilHall=3;FiberGatheringCamp=3;IronMine=3;IronSmelter=3;KnowledgeCircle=3;Lumberyard=3;MeetingGround=3;PotteryKiln=3;Quarry=3;ScribeHut=3;StoneCuttingWorkshop=3;TinMine=3;TinSmelter=3;WeavingWorkshop=3","Agriculture;AnimalFodder;AnimalHusbandry;Arithmetic;BronzeImplements;Calendar;CharcoalMaking;ClayExtraction;CoalMining;ControlledFire;CouncilGovernance;CropRotation;FishingTechniques;FoodPreservation;FoodStorage;ForagingGroups;Geometry;HerbalKnowledge;IrrigationEngineering;KilnEfficiency;KnowledgeSharing;Masonry;Mathematics;Measurement;Mining;Mining_Copper;Mining_Iron;Mining_Tin;NaturalPhilosophy;NeolithicSettlement;OrePurification;OrganizedDefense;OrganizedWatch;PermanentArchitecture;Pottery;Quarry;RecordKeeping;Smithing;SmithingRevolution;Smithing_Bronze;Smithing_Copper;Smithing_Iron;Smithing_Tin;Stargazing;StoneCutting;StoneTools;Surveying;TextileCraft;TreeCultivate;VillageCrafts;VillageOrganization;WaterManagement;Woodworking;WrittenRecords"
1419,Medieval,"Bronze=10883;Clay=165581.88;Cloth=22110.53;Coal=26516.12;Copper=4979.66;CopperOre=243401.75;Iron=9098;IronOre=3998.4;PlantFiber=336729.72;Pottery=228712.86;StoneBrick=281203.64;StoneChunk=127922.09;Tin=7623;TinOre=5298.8;WoodLog=1186270.44","BronzeFoundry=3;CharcoalKiln=3;ClayPit=3;CoalMine=3;CopperMine=3;CopperSmelter=3;CouncilHall=3;FiberGatheringCamp=3;IronMine=3;IronSmelter=3;KnowledgeCircle=3;Lumberyard=3;MeetingGround=3;PotteryKiln=3;Quarry=3;ScribeHut=3;StoneCuttingWorkshop=3;TinMine=3;TinSmelter=3;WeavingWorkshop=3","Agriculture;AnimalFodder;AnimalHusbandry;Arithmetic;BronzeImplements;Calendar;CharcoalMaking;ClayExtraction;CoalMining;ControlledFire;CouncilGovernance;CropRotation;FishingTechniques;FoodPreservation;FoodStorage;ForagingGroups;Geometry;HerbalKnowledge;IrrigationEngineering;KilnEfficiency;KnowledgeSharing;Masonry;Mathematics;Measurement;Mining;Mining_Copper;Mining_Iron;Mining_Tin;NaturalPhilosophy;NeolithicSettlement;OrePurification;OrganizedDefense;OrganizedWatch;PermanentArchitecture;Pottery;Quarry;RecordKeeping;Smithing;SmithingRevolution;Smithing_Bronze;Smithing_Copper;Smithing_Iron;Smithing_Tin;Stargazing;StoneCutting;StoneTools;Surveying;TextileCraft;TreeCultivate;VillageCrafts;VillageOrganization;WaterManagement;Woodworking;WrittenRecords"
1420,Medieval,"Bronze=11081;Clay=165671.88;Cloth=22290.53;Coal=26592.62;Copper=4958.06;CopperOre=243428.75;Iron=9256.4;IronOre=3984;PlantFiber=336819.72;Pottery=228910.86;StoneBrick=281419.64;StoneChunk=128012.09;Tin=7691.4;TinOre=5284.4;WoodLog=1186834.44","BronzeFoundry=3;CharcoalKiln=3;ClayPit=3;CoalMine=3;CopperMine=3;CopperSmelter=3;CouncilHall=3;FiberGatheringCamp=3;IronMine=3;IronSmelter=3;KnowledgeCircle=3;Lumberyard=3;MeetingGround=3;PotteryKiln=3;Quarry=3;ScribeHut=3;StoneCuttingWorkshop=3;TinMine=3;TinSmelter=3;WeavingWorkshop=3","Agriculture;AnimalFodder;AnimalHusbandry;Arithmetic;BronzeImplements;Calendar;CharcoalMaking;ClayExtraction;CoalMining;ControlledFire;CouncilGovernance;CropRotation;FishingTechniques;FoodPreservation;FoodStorage;ForagingGroups;Geometry;HerbalKnowledge;IrrigationEngineering;KilnEfficiency;KnowledgeSharing;Masonry;Mathematics;Measurement;Mining;Mining_Copper;Mining_Iron;Mining_Tin;NaturalPhilosophy;NeolithicSettlement;OrePurification;OrganizedDefense;OrganizedWatch;PermanentArchitecture;Pottery;Quarry;RecordKeeping;Smithing;SmithingRevolution;Smithing_Bronze;Smithing_Copper;Smithing_Iron;Smithing_Tin;Stargazing;StoneCutting;StoneTools;Surveying;TextileCraft;TreeCultivate;VillageCrafts;VillageOrganization;WaterManagement;Woodworking;WrittenRecords"
1421,Medieval,"Bronze=11279;Clay=165761.88;Cloth=22470.53;Coal=26169.12;Copper=4936.46;CopperOre=243455.75;Iron=9414.8;IronOre=3669.6;PlantFiber=336909.72;Pottery=229108.86;StoneBrick=281635.64;StoneChunk=128102.09;Tin=7759.8;TinOre=5270;WoodLog=1187398.44","BronzeFoundry=3;CharcoalKiln=3;ClayPit=3;CoalMine=3;CopperMine=3;CopperSmelter=3;CouncilHall=3;FiberGatheringCamp=3;IronMine=3;IronSmelter=3;KnowledgeCircle=3;Lumberyard=3;MeetingGround=3;PotteryKiln=3;Quarry=3;ScribeHut=3;StoneCuttingWorkshop=3;TinMine=3;TinSmelter=3;WeavingWorkshop=3","Agriculture;AnimalFodder;AnimalHusbandry;Arithmetic;BronzeImplements;Calendar;CharcoalMaking;ClayExtraction;CoalMining;ControlledFire;CouncilGovernance;CropRotation;FeudalAdministration;FishingTechniques;FoodPreservation;FoodStorage;ForagingGroups;Geometry;HerbalKnowledge;IrrigationEngineering;KilnEfficiency;KnowledgeSharing;Masonry;Mathematics;Measurement;Mining;Mining_Copper;Mining_Iron;Mining_Tin;NaturalPhilosophy;NeolithicSettlement;OrePurification;OrganizedDefense;OrganizedWatch;PermanentArchitecture;Pottery;Quarry;RecordKeeping;Smithing;SmithingRevolution;Smithing_Bronze;Smithing_Copper;Smithing_Iron;Smithing_Tin;Stargazing;StoneCutting;StoneTools;Surveying;TextileCraft;TreeCultivate;VillageCrafts;VillageOrganization;WaterManagement;Woodworking;WrittenRecords"
1422,Medieval,"Bronze=11477;Clay=165851.88;Cloth=22650.53;Coal=26245.62;Copper=4914.86;CopperOre=243482.75;Iron=9573.2;IronOre=3655.2;PlantFiber=336999.72;Pottery=229306.86;StoneBrick=281851.64;StoneChunk=128192.09;Tin=7828.2;TinOre=5255.6;WoodLog=1187962.44","BronzeFoundry=3;CharcoalKiln=3;ClayPit=3;CoalMine=3;CopperMine=3;CopperSmelter=3;CouncilHall=3;FiberGatheringCamp=3;IronMine=3;IronSmelter=3;KnowledgeCircle=3;Lumberyard=3;MeetingGround=3;PotteryKiln=3;Quarry=3;ScribeHut=3;StoneCuttingWorkshop=3;TinMine=3;TinSmelter=3;WeavingWorkshop=3","Agriculture;AnimalFodder;AnimalHusbandry;Arithmetic;BronzeImplements;Calendar;CharcoalMaking;ClayExtraction;CoalMining;ControlledFire;CouncilGovernance;CropRotation;FeudalAdministration;FishingTechniques;FoodPreservation;FoodStorage;ForagingGroups;Geometry;HerbalKnowledge;IrrigationEngineering;KilnEfficiency;KnowledgeSharing;Masonry;Mathematics;Measurement;Mining;Mining_Copper;Mining_Iron;Mining_Tin;NaturalPhilosophy;NeolithicSettlement;OrePurification;OrganizedDefense;OrganizedWatch;PermanentArchitecture;Pottery;Quarry;RecordKeeping;Smithing;SmithingRevolution;Smithing_Bronze;Smithing_Copper;Smithing_Iron;Smithing_Tin;Stargazing;StoneCutting;StoneTools;Surveying;TextileCraft;TreeCultivate;VillageCrafts;VillageOrganization;WaterManagement;Woodworking;WrittenRecords"
1423,Medieval,"Bronze=11675;Clay=165941.88;Cloth=22830.53;Coal=26322.12;Copper=4893.26;CopperOre=243509.75;Iron=9731.6;IronOre=3640.8;PlantFiber=337089.72;Pottery=229504.86;StoneBrick=282067.64;StoneChunk=128282.09;Tin=7896.6;TinOre=5241.2;WoodLog=1188526.44","BronzeFoundry=3;CharcoalKiln=3;ClayPit=3;CoalMine=3;CopperMine=3;CopperSmelter=3;CouncilHall=3;FiberGatheringCamp=3;IronMine=3;IronSmelter=3;KnowledgeCircle=3;Lumberyard=3;MeetingGround=3;PotteryKiln=3;Quarry=3;ScribeHut=3;StoneCuttingWorkshop=3;TinMine=3;TinSmelter=3;WeavingWorkshop=3","Agriculture;AnimalFodder;AnimalHusbandry;Arithmetic;BronzeImplements;Calendar;CharcoalMaking;ClayExtraction;CoalMining;ControlledFire;CouncilGovernance;CropRotation;FeudalAdministration;FishingTechniques;FoodPreservation;FoodStorage;ForagingGroups;Geometry;HerbalKnowledge;IrrigationEngineering;KilnEfficiency;KnowledgeSharing;Masonry;Mathematics;Measurement;Mining;Mining_Copper;Mining_Iron;Mining_Tin;NaturalPhilosophy;NeolithicSettlement;OrePurification;OrganizedDefense;OrganizedWatch;PermanentArchitecture;Pottery;Quarry;RecordKeeping;Smithing;SmithingRevolution;Smithing_Bronze;Smithing_Copper;Smithing_Iron;Smithing_Tin;Stargazing;StoneCutting;StoneTools;Surveying;TextileCraft;TreeCultivate;VillageCrafts;VillageOrganization;WaterManagement;Woodworking;WrittenRecords"
1424,Medieval,"Bronze=11873;Clay=166031.88;Cloth=23010.53;Coal=26398.62;Copper=4871.66;CopperOre=243536.75;Iron=9890;IronOre=3626.4;PlantFiber=337179.72;Pottery=229702.86;StoneBrick=282283.64;StoneChunk=128372.09;Tin=7965;TinOre=5226.8;WoodLog=1189090.44","BronzeFoundry=3;CharcoalKiln=3;ClayPit=3;CoalMine=3;CopperMine=3;CopperSmelter=3;CouncilHall=3;FiberGatheringCamp=3;IronMine=3;IronSmelter=3;KnowledgeCircle=3;Lumberyard=3;MeetingGround=3;PotteryKiln=3;Quarry=3;ScribeHut=3;StoneCuttingWorkshop=3;TinMine=3;TinSmelter=3;WeavingWorkshop=3","Agriculture;AnimalFodder;AnimalHusbandry;Arithmetic;BronzeImplements;Calendar;CharcoalMaking;ClayExtraction;CoalMining;ControlledFire;CouncilGovernance;CropRotation;FeudalAdministration;FishingTechniques;FoodPreservation;FoodStorage;ForagingGroups;Geometry;HerbalKnowledge;IrrigationEngineering;KilnEfficiency;KnowledgeSharing;Masonry;Mathematics;Measurement;Mining;Mining_Copper;Mining_Iron;Mining_Tin;NaturalPhilosophy;NeolithicSettlement;OrePurification;OrganizedDefense;OrganizedWatch;PermanentArchitecture;Pottery;Quarry;RecordKeeping;Smithing;SmithingRevolution;Smithing_Bronze;Smithing_Copper;Smithing_Iron;Smithing_Tin;Stargazing;StoneCutting;StoneTools;Surveying;TextileCraft;TreeCultivate;VillageCrafts;VillageOrganization;WaterManagement;Woodworking;WrittenRecords"
1425,Medieval,"Bronze=12071;Clay=166121.88;Cloth=23190.53;Coal=26475.12;Copper=4850.06;CopperOre=243563.75;Iron=10048.4;IronOre=3612;PlantFiber=337269.72;Pottery=229900.86;StoneBrick=282499.64;StoneChunk=128462.09;Tin=8033.4;TinOre=5212.4;WoodLog=1189654.44","BronzeFoundry=3;CharcoalKiln=3;ClayPit=3;CoalMine=3;CopperMine=3;CopperSmelter=3;CouncilHall=3;FiberGatheringCamp=3;IronMine=3;IronSmelter=3;KnowledgeCircle=3;Lumberyard=3;MeetingGround=3;PotteryKiln=3;Quarry=3;ScribeHut=3;StoneCuttingWorkshop=3;TinMine=3;TinSmelter=3;WeavingWorkshop=3","Agriculture;AnimalFodder;AnimalHusbandry;Arithmetic;BronzeImplements;Calendar;CharcoalMaking;ClayExtraction;CoalMining;ControlledFire;CouncilGovernance;CropRotation;FeudalAdministration;FishingTechniques;FoodPreservation;FoodStorage;ForagingGroups;Geometry;HerbalKnowledge;IrrigationEngineering;KilnEfficiency;KnowledgeSharing;Masonry;Mathematics;Measurement;Mining;Mining_Copper;Mining_Iron;Mining_Tin;NaturalPhilosophy;NeolithicSettlement;OrePurification;OrganizedDefense;OrganizedWatch;PermanentArchitecture;Pottery;Quarry;RecordKeeping;Smithing;SmithingRevolution;Smithing_Bronze;Smithing_Copper;Smithing_Iron;Smithing_Tin;Stargazing;StoneCutting;StoneTools;Surveying;TextileCraft;TreeCultivate;VillageCrafts;VillageOrganization;WaterManagement;Woodworking;WrittenRecords"
1426,Medieval,"Bronze=12269;Clay=166211.88;Cloth=23370.53;Coal=26551.62;Copper=4828.46;CopperOre=243590.75;Iron=10206.8;IronOre=3597.6;PlantFiber=337359.72;Pottery=230098.86;StoneBrick=282715.64;StoneChunk=128552.09;Tin=8101.8;TinOre=5198;WoodLog=1190218.44","BronzeFoundry=3;CharcoalKiln=3;ClayPit=3;CoalMine=3;CopperMine=3;CopperSmelter=3;CouncilHall=3;FiberGatheringCamp=3;IronMine=3;IronSmelter=3;KnowledgeCircle=3;Lumberyard=3;MeetingGround=3;PotteryKiln=3;Quarry=3;ScribeHut=3;StoneCuttingWorkshop=3;TinMine=3;TinSmelter=3;WeavingWorkshop=3","Agriculture;AnimalFodder;AnimalHusbandry;Arithmetic;BronzeImplements;Calendar;CharcoalMaking;ClayExtraction;CoalMining;ControlledFire;CouncilGovernance;CropRotation;FeudalAdministration;FishingTechniques;FoodPreservation;FoodStorage;ForagingGroups;Geometry;HerbalKnowledge;IrrigationEngineering;KilnEfficiency;KnowledgeSharing;Masonry;Mathematics;Measurement;Mining;Mining_Copper;Mining_Iron;Mining_Tin;NaturalPhilosophy;NeolithicSettlement;OrePurification;OrganizedDefense;OrganizedWatch;PermanentArchitecture;Pottery;Quarry;RecordKeeping;Smithing;SmithingRevolution;Smithing_Bronze;Smithing_Copper;Smithing_Iron;Smithing_Tin;Stargazing;StoneCutting;StoneTools;Surveying;TextileCraft;TreeCultivate;VillageCrafts;VillageOrganization;WaterManagement;Woodworking;WrittenRecords"
1427,Medieval,"Bronze=12467;Clay=166301.88;Cloth=23550.53;Coal=26628.12;Copper=4806.86;CopperOre=243617.75;Iron=10365.2;IronOre=3583.2;PlantFiber=337449.72;Pottery=230296.86;StoneBrick=282931.64;StoneChunk=128642.09;Tin=8170.2;TinOre=5183.6;WoodLog=1190782.44","BronzeFoundry=3;CharcoalKiln=3;ClayPit=3;CoalMine=3;CopperMine=3;CopperSmelter=3;CouncilHall=3;FiberGatheringCamp=3;IronMine=3;IronSmelter=3;KnowledgeCircle=3;Lumberyard=3;MeetingGround=3;PotteryKiln=3;Quarry=3;ScribeHut=3;StoneCuttingWorkshop=3;TinMine=3;TinSmelter=3;WeavingWorkshop=3","Agriculture;AnimalFodder;AnimalHusbandry;Arithmetic;BronzeImplements;Calendar;CharcoalMaking;ClayExtraction;CoalMining;ControlledFire;CouncilGovernance;CropRotation;FeudalAdministration;FishingTechniques;FoodPreservation;FoodStorage;ForagingGroups;Geometry;HerbalKnowledge;IrrigationEngineering;KilnEfficiency;KnowledgeSharing;Masonry;Mathematics;Measurement;Mining;Mining_Copper;Mining_Iron;Mining_Tin;NaturalPhilosophy;NeolithicSettlement;OrePurification;OrganizedDefense;OrganizedWatch;PermanentArchitecture;Pottery;Quarry;RecordKeeping;Smithing;SmithingRevolution;Smithing_Bronze;Smithing_Copper;Smithing_Iron;Smithing_Tin;Stargazing;StoneCutting;StoneTools;Surveying;TextileCraft;TreeCultivate;VillageCrafts;VillageOrganization;WaterManagement;Woodworking;WrittenRecords"
1428,Medieval,"Bronze=12665;Clay=166391.88;Cloth=23730.53;Coal=26704.62;Copper=4785.26;CopperOre=243644.75;Iron=10523.6;IronOre=3568.8;PlantFiber=337539.72;Pottery=230494.86;StoneBrick=283147.64;StoneChunk=128732.09;Tin=8238.6;TinOre=5169.2;WoodLog=1191346.44","BronzeFoundry=3;CharcoalKiln=3;ClayPit=3;CoalMine=3;CopperMine=3;CopperSmelter=3;CouncilHall=3;FiberGatheringCamp=3;IronMine=3;IronSmelter=3;KnowledgeCircle=3;Lumberyard=3;MeetingGround=3;PotteryKiln=3;Quarry=3;ScribeHut=3;StoneCuttingWorkshop=3;TinMine=3;TinSmelter=3;WeavingWorkshop=3","Agriculture;AnimalFodder;AnimalHusbandry;Arithmetic;BronzeImplements;Calendar;CharcoalMaking;ClayExtraction;CoalMining;ControlledFire;CouncilGovernance;CropRotation;FeudalAdministration;FishingTechniques;FoodPreservation;FoodStorage;ForagingGroups;Geometry;HerbalKnowledge;IrrigationEngineering;KilnEfficiency;KnowledgeSharing;Masonry;Mathematics;Measurement;Mining;Mining_Copper;Mining_Iron;Mining_Tin;NaturalPhilosophy;NeolithicSettlement;OrePurification;OrganizedDefense;OrganizedWatch;PermanentArchitecture;Pottery;Quarry;RecordKeeping;Smithing;SmithingRevolution;Smithing_Bronze;Smithing_Copper;Smithing_Iron;Smithing_Tin;Stargazing;StoneCutting;StoneTools;Surveying;TextileCraft;TreeCultivate;VillageCrafts;VillageOrganization;WaterManagement;Woodworking;WrittenRecords"
1429,Medieval,"Bronze=12863;Clay=166481.88;Cloth=23910.53;Coal=26781.12;Copper=4763.66;CopperOre=243671.75;Iron=10682;IronOre=3554.4;PlantFiber=337629.72;Pottery=230692.86;StoneBrick=283363.64;StoneChunk=128822.09;Tin=8307;TinOre=5154.8;WoodLog=1191910.44","BronzeFoundry=3;CharcoalKiln=3;ClayPit=3;CoalMine=3;CopperMine=3;CopperSmelter=3;CouncilHall=3;FiberGatheringCamp=3;IronMine=3;IronSmelter=3;KnowledgeCircle=3;Lumberyard=3;MeetingGround=3;PotteryKiln=3;Quarry=3;ScribeHut=3;StoneCuttingWorkshop=3;TinMine=3;TinSmelter=3;WeavingWorkshop=3","Agriculture;AnimalFodder;AnimalHusbandry;Arithmetic;BronzeImplements;Calendar;CharcoalMaking;ClayExtraction;CoalMining;ControlledFire;CouncilGovernance;CropRotation;FeudalAdministration;FishingTechniques;FoodPreservation;FoodStorage;ForagingGroups;Geometry;HerbalKnowledge;IrrigationEngineering;KilnEfficiency;KnowledgeSharing;Masonry;Mathematics;Measurement;Mining;Mining_Copper;Mining_Iron;Mining_Tin;NaturalPhilosophy;NeolithicSettlement;OrePurification;OrganizedDefense;OrganizedWatch;PermanentArchitecture;Pottery;Quarry;RecordKeeping;Smithing;SmithingRevolution;Smithing_Bronze;Smithing_Copper;Smithing_Iron;Smithing_Tin;Stargazing;StoneCutting;StoneTools;Surveying;TextileCraft;TreeCultivate;VillageCrafts;VillageOrganization;WaterManagement;Woodworking;WrittenRecords"
1430,Medieval,"Bronze=13061;Clay=166571.88;Cloth=24090.53;Coal=26857.62;Copper=4742.06;CopperOre=243698.75;Iron=10840.4;IronOre=3540;PlantFiber=337719.72;Pottery=230890.86;StoneBrick=283579.64;StoneChunk=128912.09;Tin=8375.4;TinOre=5140.4;WoodLog=1192474.44","BronzeFoundry=3;CharcoalKiln=3;ClayPit=3;CoalMine=3;CopperMine=3;CopperSmelter=3;CouncilHall=3;FiberGatheringCamp=3;IronMine=3;IronSmelter=3;KnowledgeCircle=3;Lumberyard=3;MeetingGround=3;PotteryKiln=3;Quarry=3;ScribeHut=3;StoneCuttingWorkshop=3;TinMine=3;TinSmelter=3;WeavingWorkshop=3","Agriculture;AnimalFodder;AnimalHusbandry;Arithmetic;BronzeImplements;Calendar;CharcoalMaking;ClayExtraction;CoalMining;ControlledFire;CouncilGovernance;CropRotation;FeudalAdministration;FishingTechniques;FoodPreservation;FoodStorage;ForagingGroups;Geometry;HerbalKnowledge;IrrigationEngineering;KilnEfficiency;KnowledgeSharing;Masonry;Mathematics;Measurement;Mining;Mining_Copper;Mining_Iron;Mining_Tin;NaturalPhilosophy;NeolithicSettlement;OrePurification;OrganizedDefense;OrganizedWatch;PermanentArchitecture;Pottery;Quarry;RecordKeeping;Smithing;SmithingRevolution;Smithing_Bronze;Smithing_Copper;Smithing_Iron;Smithing_Tin;Stargazing;StoneCutting;StoneTools;Surveying;TextileCraft;TreeCultivate;VillageCrafts;VillageOrganization;WaterManagement;Woodworking;WrittenRecords"
1431,Medieval,"Bronze=13259;Clay=166661.88;Cloth=24270.53;Coal=26934.12;Copper=4720.46;CopperOre=243725.75;Iron=10998.8;IronOre=3525.6;PlantFiber=337809.72;Pottery=231088.86;StoneBrick=283795.64;StoneChunk=129002.09;Tin=8443.8;TinOre=5126;WoodLog=1193038.44","BronzeFoundry=3;CharcoalKiln=3;ClayPit=3;CoalMine=3;CopperMine=3;CopperSmelter=3;CouncilHall=3;FiberGatheringCamp=3;IronMine=3;IronSmelter=3;KnowledgeCircle=3;Lumberyard=3;MeetingGround=3;PotteryKiln=3;Quarry=3;ScribeHut=3;StoneCuttingWorkshop=3;TinMine=3;TinSmelter=3;WeavingWorkshop=3","Agriculture;AnimalFodder;AnimalHusbandry;Arithmetic;BronzeImplements;Calendar;CharcoalMaking;ClayExtraction;CoalMining;ControlledFire;CouncilGovernance;CropRotation;FeudalAdministration;FishingTechniques;FoodPreservation;FoodStorage;ForagingGroups;Geometry;HerbalKnowledge;IrrigationEngineering;KilnEfficiency;KnowledgeSharing;Masonry;Mathematics;Measurement;Mining;Mining_Copper;Mining_Iron;Mining_Tin;NaturalPhilosophy;NeolithicSettlement;OrePurification;OrganizedDefense;OrganizedWatch;PermanentArchitecture;Pottery;Quarry;RecordKeeping;Smithing;SmithingRevolution;Smithing_Bronze;Smithing_Copper;Smithing_Iron;Smithing_Tin;Stargazing;StoneCutting;StoneTools;Surveying;TextileCraft;TreeCultivate;VillageCrafts;VillageOrganization;WaterManagement;Woodworking;WrittenRecords"
1432,Medieval,"Bronze=13457;Clay=166751.88;Cloth=24450.53;Coal=27010.62;Copper=4698.86;CopperOre=243752.75;Iron=11157.2;IronOre=3511.2;PlantFiber=337899.72;Pottery=231286.86;StoneBrick=284011.64;StoneChunk=129092.09;Tin=8512.2;TinOre=5111.6;WoodLog=1193602.44","BronzeFoundry=3;CharcoalKiln=3;ClayPit=3;CoalMine=3;CopperMine=3;CopperSmelter=3;CouncilHall=3;FiberGatheringCamp=3;IronMine=3;IronSmelter=3;KnowledgeCircle=3;Lumberyard=3;MeetingGround=3;PotteryKiln=3;Quarry=3;ScribeHut=3;StoneCuttingWorkshop=3;TinMine=3;TinSmelter=3;WeavingWorkshop=3","Agriculture;AnimalFodder;AnimalHusbandry;Arithmetic;BronzeImplements;Calendar;CharcoalMaking;ClayExtraction;CoalMining;ControlledFire;CouncilGovernance;CropRotation;FeudalAdministration;FishingTechniques;FoodPreservation;FoodStorage;ForagingGroups;Geometry;HerbalKnowledge;IrrigationEngineering;KilnEfficiency;KnowledgeSharing;Masonry;Mathematics;Measurement;Mining;Mining_Copper;Mining_Iron;Mining_Tin;NaturalPhilosophy;NeolithicSettlement;OrePurification;OrganizedDefense;OrganizedWatch;PermanentArchitecture;Pottery;Quarry;RecordKeeping;Smithing;SmithingRevolution;Smithing_Bronze;Smithing_Copper;Smithing_Iron;Smithing_Tin;Stargazing;StoneCutting;StoneTools;Surveying;TextileCraft;TreeCultivate;VillageCrafts;VillageOrganization;WaterManagement;Woodworking;WrittenRecords"
1433,Medieval,"Bronze=13655;Clay=166841.88;Cloth=24630.53;Coal=27087.12;Copper=4677.26;CopperOre=243779.75;Iron=11315.6;IronOre=3496.8;PlantFiber=337989.72;Pottery=231484.86;StoneBrick=284227.64;StoneChunk=129182.09;Tin=8580.6;TinOre=5097.2;WoodLog=1194166.44","BronzeFoundry=3;CharcoalKiln=3;ClayPit=3;CoalMine=3;CopperMine=3;CopperSmelter=3;CouncilHall=3;FiberGatheringCamp=3;IronMine=3;IronSmelter=3;KnowledgeCircle=3;Lumberyard=3;MeetingGround=3;PotteryKiln=3;Quarry=3;ScribeHut=3;StoneCuttingWorkshop=3;TinMine=3;TinSmelter=3;WeavingWorkshop=3","Agriculture;AnimalFodder;AnimalHusbandry;Arithmetic;BronzeImplements;Calendar;CharcoalMaking;ClayExtraction;CoalMining;ControlledFire;CouncilGovernance;CropRotation;FeudalAdministration;FishingTechniques;FoodPreservation;FoodStorage;ForagingGroups;Geometry;HerbalKnowledge;IrrigationEngineering;KilnEfficiency;KnowledgeSharing;Masonry;Mathematics;Measurement;Mining;Mining_Copper;Mining_Iron;Mining_Tin;NaturalPhilosophy;NeolithicSettlement;OrePurification;OrganizedDefense;OrganizedWatch;PermanentArchitecture;Pottery;Quarry;RecordKeeping;Smithing;SmithingRevolution;Smithing_Bronze;Smithing_Copper;Smithing_Iron;Smithing_Tin;Stargazing;StoneCutting;StoneTools;Surveying;TextileCraft;TreeCultivate;VillageCrafts;VillageOrganization;WaterManagement;Woodworking;WrittenRecords"
1434,Medieval,"Bronze=13853;Clay=166931.88;Cloth=24810.53;Coal=27163.62;Copper=4655.66;CopperOre=243806.75;Iron=11474;IronOre=3482.4;PlantFiber=338079.72;Pottery=231682.86;StoneBrick=284443.64;StoneChunk=129272.09;Tin=8649;TinOre=5082.8;WoodLog=1194730.44","BronzeFoundry=3;CharcoalKiln=3;ClayPit=3;CoalMine=3;CopperMine=3;CopperSmelter=3;CouncilHall=3;FiberGatheringCamp=3;IronMine=3;IronSmelter=3;KnowledgeCircle=3;Lumberyard=3;MeetingGround=3;PotteryKiln=3;Quarry=3;ScribeHut=3;StoneCuttingWorkshop=3;TinMine=3;TinSmelter=3;WeavingWorkshop=3","Agriculture;AnimalFodder;AnimalHusbandry;Arithmetic;BronzeImplements;Calendar;CharcoalMaking;ClayExtraction;CoalMining;ControlledFire;CouncilGovernance;CropRotation;FeudalAdministration;FishingTechniques;FoodPreservation;FoodStorage;ForagingGroups;Geometry;HerbalKnowledge;IrrigationEngineering;KilnEfficiency;KnowledgeSharing;Masonry;Mathematics;Measurement;Mining;Mining_Copper;Mining_Iron;Mining_Tin;NaturalPhilosophy;NeolithicSettlement;OrePurification;OrganizedDefense;OrganizedWatch;PermanentArchitecture;Pottery;Quarry;RecordKeeping;Smithing;SmithingRevolution;Smithing_Bronze;Smithing_Copper;Smithing_Iron;Smithing_Tin;Stargazing;StoneCutting;StoneTools;Surveying;TextileCraft;TreeCultivate;VillageCrafts;VillageOrganization;WaterManagement;Woodworking;WrittenRecords"
1435,Medieval,"Bronze=14051;Clay=167021.88;Cloth=24990.53;Coal=27240.12;Copper=4634.06;CopperOre=243833.75;Iron=11632.4;IronOre=3468;PlantFiber=338169.72;Pottery=231880.86;StoneBrick=284659.64;StoneChunk=129362.09;Tin=8717.4;TinOre=5068.4;WoodLog=1195294.44","BronzeFoundry=3;CharcoalKiln=3;ClayPit=3;CoalMine=3;CopperMine=3;CopperSmelter=3;CouncilHall=3;FiberGatheringCamp=3;IronMine=3;IronSmelter=3;KnowledgeCircle=3;Lumberyard=3;MeetingGround=3;PotteryKiln=3;Quarry=3;ScribeHut=3;StoneCuttingWorkshop=3;TinMine=3;TinSmelter=3;WeavingWorkshop=3","Agriculture;AnimalFodder;AnimalHusbandry;Arithmetic;BronzeImplements;Calendar;CharcoalMaking;ClayExtraction;CoalMining;ControlledFire;CouncilGovernance;CropRotation;FeudalAdministration;FishingTechniques;FoodPreservation;FoodStorage;ForagingGroups;Geometry;HerbalKnowledge;IrrigationEngineering;KilnEfficiency;KnowledgeSharing;Masonry;Mathematics;Measurement;Mining;Mining_Copper;Mining_Iron;Mining_Tin;NaturalPhilosophy;NeolithicSettlement;OrePurification;OrganizedDefense;OrganizedWatch;PermanentArchitecture;Pottery;Quarry;RecordKeeping;Smithing;SmithingRevolution;Smithing_Bronze;Smithing_Copper;Smithing_Iron;Smithing_Tin;Stargazing;StoneCutting;StoneTools;Surveying;TextileCraft;TreeCultivate;VillageCrafts;VillageOrganization;WaterManagement;Woodworking;WrittenRecords"
1436,Medieval,"Bronze=14249;Clay=167111.88;Cloth=25170.53;Coal=27316.62;Copper=4612.46;CopperOre=243860.75;Iron=11790.8;IronOre=3453.6;PlantFiber=338259.72;Pottery=232078.86;StoneBrick=284875.64;StoneChunk=129452.09;Tin=8785.8;TinOre=5054;WoodLog=1195858.44","BronzeFoundry=3;CharcoalKiln=3;ClayPit=3;CoalMine=3;CopperMine=3;CopperSmelter=3;CouncilHall=3;FiberGatheringCamp=3;IronMine=3;IronSmelter=3;KnowledgeCircle=3;Lumberyard=3;MeetingGround=3;PotteryKiln=3;Quarry=3;ScribeHut=3;StoneCuttingWorkshop=3;TinMine=3;TinSmelter=3;WeavingWorkshop=3","Agriculture;AnimalFodder;AnimalHusbandry;Arithmetic;BronzeImplements;Calendar;CharcoalMaking;ClayExtraction;CoalMining;ControlledFire;CouncilGovernance;CropRotation;FeudalAdministration;FishingTechniques;FoodPreservation;FoodStorage;ForagingGroups;Geometry;HerbalKnowledge;IrrigationEngineering;KilnEfficiency;KnowledgeSharing;Masonry;Mathematics;Measurement;Mining;Mining_Copper;Mining_Iron;Mining_Tin;NaturalPhilosophy;NeolithicSettlement;OrePurification;OrganizedDefense;OrganizedWatch;PermanentArchitecture;Pottery;Quarry;RecordKeeping;Smithing;SmithingRevolution;Smithing_Bronze;Smithing_Copper;Smithing_Iron;Smithing_Tin;Stargazing;StoneCutting;StoneTools;Surveying;TextileCraft;TreeCultivate;VillageCrafts;VillageOrganization;WaterManagement;Woodworking;WrittenRecords"
1437,Medieval,"Bronze=14447;Clay=167201.88;Cloth=25350.53;Coal=27393.12;Copper=4590.86;CopperOre=243887.75;Iron=11949.2;IronOre=3439.2;PlantFiber=338349.72;Pottery=232276.86;StoneBrick=285091.64;StoneChunk=129542.09;Tin=8854.2;TinOre=5039.6;WoodLog=1196422.44","BronzeFoundry=3;CharcoalKiln=3;ClayPit=3;CoalMine=3;CopperMine=3;CopperSmelter=3;CouncilHall=3;FiberGatheringCamp=3;IronMine=3;IronSmelter=3;KnowledgeCircle=3;Lumberyard=3;MeetingGround=3;PotteryKiln=3;Quarry=3;ScribeHut=3;StoneCuttingWorkshop=3;TinMine=3;TinSmelter=3;WeavingWorkshop=3","Agriculture;AnimalFodder;AnimalHusbandry;Arithmetic;BronzeImplements;Calendar;CharcoalMaking;ClayExtraction;CoalMining;ControlledFire;CouncilGovernance;CropRotation;FeudalAdministration;FishingTechniques;FoodPreservation;FoodStorage;ForagingGroups;Geometry;HerbalKnowledge;IrrigationEngineering;KilnEfficiency;KnowledgeSharing;Masonry;Mathematics;Measurement;Mining;Mining_Copper;Mining_Iron;Mining_Tin;NaturalPhilosophy;NeolithicSettlement;OrePurification;OrganizedDefense;OrganizedWatch;PermanentArchitecture;Pottery;Quarry;RecordKeeping;Smithing;SmithingRevolution;Smithing_Bronze;Smithing_Copper;Smithing_Iron;Smithing_Tin;Stargazing;StoneCutting;StoneTools;Surveying;TextileCraft;TreeCultivate;VillageCrafts;VillageOrganization;WaterManagement;Woodworking;WrittenRecords"
1438,Medieval,"Bronze=14645;Clay=167291.88;Cloth=25530.53;Coal=27469.62;Copper=4569.26;CopperOre=243914.75;Iron=12107.6;IronOre=3424.8;PlantFiber=338439.72;Pottery=232474.86;StoneBrick=285307.64;StoneChunk=129632.09;Tin=8922.6;TinOre=5025.2;WoodLog=1196986.44","BronzeFoundry=3;CharcoalKiln=3;ClayPit=3;CoalMine=3;CopperMine=3;CopperSmelter=3;CouncilHall=3;FiberGatheringCamp=3;IronMine=3;IronSmelter=3;KnowledgeCircle=3;Lumberyard=3;MeetingGround=3;PotteryKiln=3;Quarry=3;ScribeHut=3;StoneCuttingWorkshop=3;TinMine=3;TinSmelter=3;WeavingWorkshop=3","Agriculture;AnimalFodder;AnimalHusbandry;Arithmetic;BronzeImplements;Calendar;CharcoalMaking;ClayExtraction;CoalMining;ControlledFire;CouncilGovernance;CropRotation;FeudalAdministration;FishingTechniques;FoodPreservation;FoodStorage;ForagingGroups;Geometry;HerbalKnowledge;IrrigationEngineering;KilnEfficiency;KnowledgeSharing;Masonry;Mathematics;Measurement;Mining;Mining_Copper;Mining_Iron;Mining_Tin;NaturalPhilosophy;NeolithicSettlement;OrePurification;OrganizedDefense;OrganizedWatch;PermanentArchitecture;Pottery;Quarry;RecordKeeping;Smithing;SmithingRevolution;Smithing_Bronze;Smithing_Copper;Smithing_Iron;Smithing_Tin;Stargazing;StoneCutting;StoneTools;Surveying;TextileCraft;TreeCultivate;VillageCrafts;VillageOrganization;WaterManagement;Woodworking;WrittenRecords"
1439,Medieval,"Bronze=14843;Clay=167381.88;Cloth=25710.53;Coal=27546.12;Copper=4547.66;CopperOre=243941.75;Iron=12266;IronOre=3410.4;PlantFiber=338529.72;Pottery=232672.86;StoneBrick=285523.64;StoneChunk=129722.09;Tin=8991;TinOre=5010.8;WoodLog=1197550.44","BronzeFoundry=3;CharcoalKiln=3;ClayPit=3;CoalMine=3;CopperMine=3;CopperSmelter=3;CouncilHall=3;FiberGatheringCamp=3;IronMine=3;IronSmelter=3;KnowledgeCircle=3;Lumberyard=3;MeetingGround=3;PotteryKiln=3;Quarry=3;ScribeHut=3;StoneCuttingWorkshop=3;TinMine=3;TinSmelter=3;WeavingWorkshop=3","Agriculture;AnimalFodder;AnimalHusbandry;Arithmetic;BronzeImplements;Calendar;CharcoalMaking;ClayExtraction;CoalMining;ControlledFire;CouncilGovernance;CropRotation;FeudalAdministration;FishingTechniques;FoodPreservation;FoodStorage;ForagingGroups;Geometry;HerbalKnowledge;IrrigationEngineering;KilnEfficiency;KnowledgeSharing;Masonry;Mathematics;Measurement;Mining;Mining_Copper;Mining_Iron;Mining_Tin;NaturalPhilosophy;NeolithicSettlement;OrePurification;OrganizedDefense;OrganizedWatch;PermanentArchitecture;Pottery;Quarry;RecordKeeping;Smithing;SmithingRevolution;Smithing_Bronze;Smithing_Copper;Smithing_Iron;Smithing_Tin;Stargazing;StoneCutting;StoneTools;Surveying;TextileCraft;TreeCultivate;VillageCrafts;VillageOrganization;WaterManagement;Woodworking;WrittenRecords"
