Minute,TechLevel,ResearchPower,Population,PopulationGrowthMultiplier,PopulationGrowthPerMinute,TotalProductivity,UsedProductivity,AvailableProductivity,ProductivityUtilization,TerritoryUsed,TerritoryTotal,ActiveResearch,Resources,Buildings,ResearchCompleted
0,Animal,1,0,1,0,0,0,0,0,0,500,"ControlledFire","WoodLog=1","",""
1,Animal,1,0,1,0,0,0,0,0,0,500,"ControlledFire","WoodLog=41","",""
2,Animal,1,0,1,0,0,0,0,0,0,500,"Quarry","WoodLog=0","","ControlledFire"
3,Animal,1,0,1,0,0,0,0,0,0,500,"Quarry","WoodLog=0","","ControlledFire"
4,Animal,1,0,1,0,0,0,0,0,0,500,"Quarry","WoodLog=0","","ControlledFire"
5,Animal,1,0,1,0,0,0,0,0,0,500,"Quarry","WoodLog=0","","ControlledFire"
6,Animal,1,0,1,0,0,0,0,0,0,500,"Quarry","WoodLog=0","","ControlledFire"
7,Animal,1,0,1,0,0,0,0,0,0,500,"Quarry","WoodLog=1","","ControlledFire"
8,Animal,1,0,1,0,0,0,0,0,0,500,"Quarry","WoodLog=61","","ControlledFire"
9,Animal,1,0,1,1,0,0,0,0,3,500,"AnimalHusbandry","WoodLog=0","WoodHouse=1","ControlledFire;Quarry"
10,Animal,1,1,1,0.8,2,0,2,0,3,500,"AnimalHusbandry","WoodLog=21","WoodHouse=1","ControlledFire;Quarry"
11,Animal,1,2,1,1.2,4,0,4,0,3,500,"AnimalHusbandry","WoodLog=81","WoodHouse=1","ControlledFire;Quarry"
12,Animal,1,4,1,2.4,8,0,8,0,6,500,"AnimalHusbandry","WoodLog=46.6","WoodHouse=2","ControlledFire;Quarry"
13,Animal,1,6,1,2.4,12,0,12,0,6,500,"AnimalHusbandry","WoodLog=106.6","WoodHouse=2","ControlledFire;Quarry"
14,Animal,1,10,1,3.333,20,0,20,0,9,500,"ClayExtraction","WoodLog=15.21","WoodHouse=3","AnimalHusbandry;ControlledFire;Quarry"
15,Animal,1,13,1,1.733,26,0,26,0,9,500,"ClayExtraction","WoodLog=75.21","WoodHouse=3","AnimalHusbandry;ControlledFire;Quarry"
16,Animal,1,14,1,0.417,28,0,28,0,12,500,"ClayExtraction","WoodLog=3.77","WoodHouse=4","AnimalHusbandry;ControlledFire;Quarry"
17,Animal,1,15,1,1.563,30,0,30,0,12,500,"ClayExtraction","WoodLog=63.77","WoodHouse=4","AnimalHusbandry;ControlledFire;Quarry"
18,Animal,1,17,1,0.938,34,4,30,0.118,16,500,"Agriculture","Clay=5.62;WoodLog=15.77","ClayPit=1;WoodHouse=4","AnimalHusbandry;ClayExtraction;ControlledFire;Quarry"
19,Animal,1,18,1,0.625,36,4,32,0.111,16,500,"Agriculture","Clay=38.58;WoodLog=75.77","ClayPit=1;WoodHouse=4","AnimalHusbandry;ClayExtraction;ControlledFire;Quarry"
20,Animal,1,18,1,0.625,36,8,28,0.222,20,500,"Agriculture","Clay=90.67;WoodLog=44.57","ClayPit=2;WoodHouse=4","AnimalHusbandry;ClayExtraction;ControlledFire;Quarry"
21,Animal,1,19,1,0.313,38,12,26,0.316,24,500,"Agriculture","Clay=151.63;WoodLog=0.6","ClayPit=3;WoodHouse=4","AnimalHusbandry;ClayExtraction;ControlledFire;Quarry"
22,Animal,1,19,1,0.313,38,12,26,0.316,24,500,"Agriculture","Clay=240.45;WoodLog=60.6","ClayPit=3;WoodHouse=4","AnimalHusbandry;ClayExtraction;ControlledFire;Quarry"
23,Animal,1,19,1.2,0.375,38,18,20,0.474,31,500,"HerbalKnowledge","Clay=289.26;PlantFiber=0;WoodLog=10.6","ClayPit=3;Farm=1;FiberGatheringCamp=1;WoodHouse=4","Agriculture;AnimalHusbandry;ClayExtraction;ControlledFire;Quarry"
24,Animal,1,20,1.2,0,40,21,19,0.525,35,500,"HerbalKnowledge","Clay=499.96;PlantFiber=0;WoodLog=13.6","ClayPit=3;Farm=2;FiberGatheringCamp=1;WoodHouse=4","Agriculture;AnimalHusbandry;ClayExtraction;ControlledFire;Quarry"
25,Animal,1,20,1.2,0,40,24,16,0.6,38,500,"HerbalKnowledge","Clay=769.96;PlantFiber=65.17;WoodLog=5.2","ClayPit=3;Farm=2;FiberGatheringCamp=2;WoodHouse=4","Agriculture;AnimalHusbandry;ClayExtraction;ControlledFire;Quarry"
26,Animal,1,20,1.2,0,40,27,13,0.675,42,500,"HerbalKnowledge","Clay=1039.96;PlantFiber=245.17;WoodLog=0.22","ClayPit=3;Farm=3;FiberGatheringCamp=2;WoodHouse=4","Agriculture;AnimalHusbandry;ClayExtraction;ControlledFire;Quarry"
27,Animal,1,20,1.2,0,40,27,13,0.675,42,500,"HerbalKnowledge","Clay=1309.96;PlantFiber=425.17;WoodLog=60.22","ClayPit=3;Farm=3;FiberGatheringCamp=2;WoodHouse=4","Agriculture;AnimalHusbandry;ClayExtraction;ControlledFire;Quarry"
28,Animal,1,20,1.2,0,40,30,10,0.75,45,500,"HerbalKnowledge","Clay=1579.96;PlantFiber=665.17;WoodLog=42.24","ClayPit=3;Farm=3;FiberGatheringCamp=3;WoodHouse=4","Agriculture;AnimalHusbandry;ClayExtraction;ControlledFire;Quarry"
29,Animal,1,20,1.2,0,40,34,6,0.85,50,500,"HerbalKnowledge","Clay=1849.96;PlantFiber=935.17;WoodLog=2.24","ClayPit=3;Farm=3;FiberGatheringCamp=3;Pasture=1;WoodHouse=4","Agriculture;AnimalHusbandry;ClayExtraction;ControlledFire;Quarry"
30,Animal,1,20,1.2,0,40,34,6,0.85,50,500,"HerbalKnowledge","Clay=2119.96;PlantFiber=1205.17;WoodLog=62.24","ClayPit=3;Farm=3;FiberGatheringCamp=3;Pasture=1;WoodHouse=4","Agriculture;AnimalHusbandry;ClayExtraction;ControlledFire;Quarry"
31,Animal,1,20,1.2,0,40,38,2,0.95,55,500,"HerbalKnowledge","Clay=2389.96;PlantFiber=1475.17;WoodLog=7.24","ClayPit=3;Farm=3;FiberGatheringCamp=3;Pasture=2;WoodHouse=4","Agriculture;AnimalHusbandry;ClayExtraction;ControlledFire;Quarry"
32,Animal,1,20,1.2,0,40,38,2,0.95,55,500,"HerbalKnowledge","Clay=2659.96;PlantFiber=1745.17;WoodLog=67.24","ClayPit=3;Farm=3;FiberGatheringCamp=3;Pasture=2;WoodHouse=4","Agriculture;AnimalHusbandry;ClayExtraction;ControlledFire;Quarry"
33,Animal,1,20,1.2,0,40,38,2,0.95,55,500,"HerbalKnowledge","Clay=2929.96;PlantFiber=2015.17;WoodLog=127.24","ClayPit=3;Farm=3;FiberGatheringCamp=3;Pasture=2;WoodHouse=4","Agriculture;AnimalHusbandry;ClayExtraction;ControlledFire;Quarry"
34,Animal,1,22,1.2,3.168,44,38,6,0.864,58,500,"HerbalKnowledge","Clay=3199.96;PlantFiber=2285.17;WoodLog=32.14","ClayPit=3;Farm=3;FiberGatheringCamp=3;Pasture=2;WoodHouse=5","Agriculture;AnimalHusbandry;ClayExtraction;ControlledFire;Quarry"
35,Animal,1,24,1.2,1.152,48,38,10,0.792,58,500,"HerbalKnowledge","Clay=3469.96;PlantFiber=2555.17;WoodLog=92.14","ClayPit=3;Farm=3;FiberGatheringCamp=3;Pasture=2;WoodHouse=5","Agriculture;AnimalHusbandry;ClayExtraction;ControlledFire;Quarry"
36,Animal,1,25,1.2,0,50,42,8,0.84,63,500,"HerbalKnowledge","Clay=3739.96;PlantFiber=2825.17;WoodLog=19.89","ClayPit=3;Farm=3;FiberGatheringCamp=3;Pasture=3;WoodHouse=5","Agriculture;AnimalHusbandry;ClayExtraction;ControlledFire;Quarry"
37,Animal,1,25,1.2,0,50,42,8,0.84,63,500,"HerbalKnowledge","Clay=4009.96;PlantFiber=3095.17;WoodLog=79.89","ClayPit=3;Farm=3;FiberGatheringCamp=3;Pasture=3;WoodHouse=5","Agriculture;AnimalHusbandry;ClayExtraction;ControlledFire;Quarry"
38,Animal,1,25,1.2,0,50,42,8,0.84,63,500,"HerbalKnowledge","Clay=4279.96;PlantFiber=3365.17;WoodLog=139.89","ClayPit=3;Farm=3;FiberGatheringCamp=3;Pasture=3;WoodHouse=5","Agriculture;AnimalHusbandry;ClayExtraction;ControlledFire;Quarry"
39,Animal,1,25,1.2,0,54,44,10,0.815,65,500,"KnowledgeSharing","Clay=4509.96;PlantFiber=3555.17;WoodLog=79.89","ClayPit=3;Farm=3;FiberGatheringCamp=3;HealerHut=1;Pasture=3;WoodHouse=5","Agriculture;AnimalHusbandry;ClayExtraction;ControlledFire;HerbalKnowledge;Quarry"
40,Animal,1,25,1.2,0,54,44,10,0.815,65,500,"KnowledgeSharing","Clay=4779.96;PlantFiber=3825.17;WoodLog=139.89","ClayPit=3;Farm=3;FiberGatheringCamp=3;HealerHut=1;Pasture=3;WoodHouse=5","Agriculture;AnimalHusbandry;ClayExtraction;ControlledFire;HerbalKnowledge;Quarry"
41,Animal,1,25,1.2,0,58,46,12,0.793,67,500,"KnowledgeSharing","Clay=5002.76;PlantFiber=4000.77;WoodLog=58.29","ClayPit=3;Farm=3;FiberGatheringCamp=3;HealerHut=2;Pasture=3;WoodHouse=5","Agriculture;AnimalHusbandry;ClayExtraction;ControlledFire;HerbalKnowledge;Quarry"
42,Animal,1,25,1.2,0,58,46,12,0.793,67,500,"KnowledgeSharing","Clay=5272.76;PlantFiber=4270.77;WoodLog=118.29","ClayPit=3;Farm=3;FiberGatheringCamp=3;HealerHut=2;Pasture=3;WoodHouse=5","Agriculture;AnimalHusbandry;ClayExtraction;ControlledFire;HerbalKnowledge;Quarry"
43,Animal,1,25,1.2,0,62,48,14,0.774,69,500,"KnowledgeSharing","Clay=5487.07;PlantFiber=4429.38;WoodLog=11.2","ClayPit=3;Farm=3;FiberGatheringCamp=3;HealerHut=3;Pasture=3;WoodHouse=5","Agriculture;AnimalHusbandry;ClayExtraction;ControlledFire;HerbalKnowledge;Quarry"
44,Animal,1,25,1.2,0,62,48,14,0.774,69,500,"KnowledgeSharing","Clay=5757.07;PlantFiber=4699.38;WoodLog=71.2","ClayPit=3;Farm=3;FiberGatheringCamp=3;HealerHut=3;Pasture=3;WoodHouse=5","Agriculture;AnimalHusbandry;ClayExtraction;ControlledFire;HerbalKnowledge;Quarry"
45,Animal,1,25,1.2,0,62,48,14,0.774,69,500,"KnowledgeSharing","Clay=6027.07;PlantFiber=4969.38;WoodLog=131.2","ClayPit=3;Farm=3;FiberGatheringCamp=3;HealerHut=3;Pasture=3;WoodHouse=5","Agriculture;AnimalHusbandry;ClayExtraction;ControlledFire;HerbalKnowledge;Quarry"
46,Animal,1,25,1.2,0,62,48,14,0.774,72,500,"KnowledgeSharing","Clay=6297.07;PlantFiber=5239.38;WoodLog=8.18","ClayPit=3;Farm=3;FiberGatheringCamp=3;HealerHut=3;Pasture=3;WoodHouse=6","Agriculture;AnimalHusbandry;ClayExtraction;ControlledFire;HerbalKnowledge;Quarry"
47,Animal,1,28,1.2,2.24,68,48,20,0.706,72,500,"KnowledgeSharing","Clay=6567.07;PlantFiber=5509.38;WoodLog=68.18","ClayPit=3;Farm=3;FiberGatheringCamp=3;HealerHut=3;Pasture=3;WoodHouse=6","Agriculture;AnimalHusbandry;ClayExtraction;ControlledFire;HerbalKnowledge;Quarry"
48,Animal,1,29,1.2,1.16,70,48,22,0.686,72,500,"KnowledgeSharing","Clay=6837.07;PlantFiber=5779.38;WoodLog=128.18","ClayPit=3;Farm=3;FiberGatheringCamp=3;HealerHut=3;Pasture=3;WoodHouse=6","Agriculture;AnimalHusbandry;ClayExtraction;ControlledFire;HerbalKnowledge;Quarry"
49,Animal,1,30,1.2,0,72,48,24,0.667,72,500,"KnowledgeSharing","Clay=7107.07;PlantFiber=6049.38;WoodLog=188.18","ClayPit=3;Farm=3;FiberGatheringCamp=3;HealerHut=3;Pasture=3;WoodHouse=6","Agriculture;AnimalHusbandry;ClayExtraction;ControlledFire;HerbalKnowledge;Quarry"
50,Animal,1,30,1.2,0,76,50,26,0.658,74,500,"KnowledgeSharing","Clay=7311.35;PlantFiber=6187.93;WoodLog=51.02","ClayPit=3;Farm=3;FiberGatheringCamp=3;HealerHut=4;Pasture=3;WoodHouse=6","Agriculture;AnimalHusbandry;ClayExtraction;ControlledFire;HerbalKnowledge;Quarry"
51,Animal,1,30,1.2,0,76,50,26,0.658,74,500,"KnowledgeSharing","Clay=7581.35;PlantFiber=6457.93;WoodLog=111.02","ClayPit=3;Farm=3;FiberGatheringCamp=3;HealerHut=4;Pasture=3;WoodHouse=6","Agriculture;AnimalHusbandry;ClayExtraction;ControlledFire;HerbalKnowledge;Quarry"
52,Animal,1,30,1.2,0,76,50,26,0.658,74,500,"KnowledgeSharing","Clay=7851.35;PlantFiber=6727.93;WoodLog=171.02","ClayPit=3;Farm=3;FiberGatheringCamp=3;HealerHut=4;Pasture=3;WoodHouse=6","Agriculture;AnimalHusbandry;ClayExtraction;ControlledFire;HerbalKnowledge;Quarry"
53,Animal,1,30,1.2,5.143,76,50,26,0.658,77,500,"KnowledgeSharing","Clay=8121.35;PlantFiber=6997.93;WoodLog=15.05","ClayPit=3;Farm=3;FiberGatheringCamp=3;HealerHut=4;Pasture=3;WoodHouse=7","Agriculture;AnimalHusbandry;ClayExtraction;ControlledFire;HerbalKnowledge;Quarry"
54,Animal,1,33,1.2,2.263,82,50,32,0.61,77,500,"KnowledgeSharing","Clay=8391.35;PlantFiber=7267.93;WoodLog=75.05","ClayPit=3;Farm=3;FiberGatheringCamp=3;HealerHut=4;Pasture=3;WoodHouse=7","Agriculture;AnimalHusbandry;ClayExtraction;ControlledFire;HerbalKnowledge;Quarry"
55,Animal,1,35,1.2,0,86,50,36,0.581,77,500,"KnowledgeSharing","Clay=8661.35;PlantFiber=7537.93;WoodLog=135.05","ClayPit=3;Farm=3;FiberGatheringCamp=3;HealerHut=4;Pasture=3;WoodHouse=7","Agriculture;AnimalHusbandry;ClayExtraction;ControlledFire;HerbalKnowledge;Quarry"
56,Animal,1,35,1.2,0,86,50,36,0.581,77,500,"KnowledgeSharing","Clay=8931.35;PlantFiber=7807.93;WoodLog=195.05","ClayPit=3;Farm=3;FiberGatheringCamp=3;HealerHut=4;Pasture=3;WoodHouse=7","Agriculture;AnimalHusbandry;ClayExtraction;ControlledFire;HerbalKnowledge;Quarry"
57,Animal,1,35,1.2,0,90,52,38,0.578,79,500,"KnowledgeSharing","Clay=9123.8;PlantFiber=7922.83;WoodLog=22.4","ClayPit=3;Farm=3;FiberGatheringCamp=3;HealerHut=5;Pasture=3;WoodHouse=7","Agriculture;AnimalHusbandry;ClayExtraction;ControlledFire;HerbalKnowledge;Quarry"
58,Animal,1,35,1.2,0,90,52,38,0.578,79,500,"KnowledgeSharing","Clay=9393.8;PlantFiber=8192.83;WoodLog=82.4","ClayPit=3;Farm=3;FiberGatheringCamp=3;HealerHut=5;Pasture=3;WoodHouse=7","Agriculture;AnimalHusbandry;ClayExtraction;ControlledFire;HerbalKnowledge;Quarry"
59,Animal,1.15,35,1.2,0,90,52,38,0.578,79,500,"","Clay=9663.8;PlantFiber=8462.83;WoodLog=142.4","ClayPit=3;Farm=3;FiberGatheringCamp=3;HealerHut=5;Pasture=3;WoodHouse=7","Agriculture;AnimalHusbandry;ClayExtraction;ControlledFire;HerbalKnowledge;KnowledgeSharing;Quarry"
60,Animal,1.15,35,1.2,0,90,52,38,0.578,79,500,"","Clay=9933.8;PlantFiber=8732.83;WoodLog=202.4","ClayPit=3;Farm=3;FiberGatheringCamp=3;HealerHut=5;Pasture=3;WoodHouse=7","Agriculture;AnimalHusbandry;ClayExtraction;ControlledFire;HerbalKnowledge;KnowledgeSharing;Quarry"
61,Animal,1.15,35,1.2,0,90,52,38,0.578,82,500,"","Clay=10203.8;PlantFiber=9002.83;WoodLog=7.56","ClayPit=3;Farm=3;FiberGatheringCamp=3;HealerHut=5;Pasture=3;WoodHouse=8","Agriculture;AnimalHusbandry;ClayExtraction;ControlledFire;HerbalKnowledge;KnowledgeSharing;Quarry"
62,Animal,1.15,38,1.2,2.28,96,52,44,0.542,82,500,"","Clay=10473.8;PlantFiber=9272.83;WoodLog=67.56","ClayPit=3;Farm=3;FiberGatheringCamp=3;HealerHut=5;Pasture=3;WoodHouse=8","Agriculture;AnimalHusbandry;ClayExtraction;ControlledFire;HerbalKnowledge;KnowledgeSharing;Quarry"
63,Animal,1.15,40,1.2,0,100,52,48,0.52,82,500,"","Clay=10743.8;PlantFiber=9542.83;WoodLog=127.56","ClayPit=3;Farm=3;FiberGatheringCamp=3;HealerHut=5;Pasture=3;WoodHouse=8","Agriculture;AnimalHusbandry;ClayExtraction;ControlledFire;HerbalKnowledge;KnowledgeSharing;Quarry"
64,Animal,1.15,40,1.2,0,100,52,48,0.52,82,500,"","Clay=11013.8;PlantFiber=9812.83;WoodLog=187.56","ClayPit=3;Farm=3;FiberGatheringCamp=3;HealerHut=5;Pasture=3;WoodHouse=8","Agriculture;AnimalHusbandry;ClayExtraction;ControlledFire;HerbalKnowledge;KnowledgeSharing;Quarry"
65,Animal,1.15,40,1.2,0,100,52,48,0.52,82,500,"","Clay=11283.8;PlantFiber=10082.83;WoodLog=247.56","ClayPit=3;Farm=3;FiberGatheringCamp=3;HealerHut=5;Pasture=3;WoodHouse=8","Agriculture;AnimalHusbandry;ClayExtraction;ControlledFire;HerbalKnowledge;KnowledgeSharing;Quarry"
66,Animal,1.15,40,1.2,0,104,54,50,0.519,84,500,"","Clay=11462.29;PlantFiber=10169.81;WoodLog=33.03","ClayPit=3;Farm=3;FiberGatheringCamp=3;HealerHut=6;Pasture=3;WoodHouse=8","Agriculture;AnimalHusbandry;ClayExtraction;ControlledFire;HerbalKnowledge;KnowledgeSharing;Quarry"
67,Animal,1.15,40,1.2,0,104,54,50,0.519,84,500,"","Clay=11732.29;PlantFiber=10439.81;WoodLog=93.03","ClayPit=3;Farm=3;FiberGatheringCamp=3;HealerHut=6;Pasture=3;WoodHouse=8","Agriculture;AnimalHusbandry;ClayExtraction;ControlledFire;HerbalKnowledge;KnowledgeSharing;Quarry"
68,Animal,1.15,40,1.2,0,104,54,50,0.519,84,500,"","Clay=12002.29;PlantFiber=10709.81;WoodLog=153.03","ClayPit=3;Farm=3;FiberGatheringCamp=3;HealerHut=6;Pasture=3;WoodHouse=8","Agriculture;AnimalHusbandry;ClayExtraction;ControlledFire;HerbalKnowledge;KnowledgeSharing;Quarry"
69,Animal,1.15,40,1.2,0,104,54,50,0.519,84,500,"","Clay=12272.29;PlantFiber=10979.81;WoodLog=213.03","ClayPit=3;Farm=3;FiberGatheringCamp=3;HealerHut=6;Pasture=3;WoodHouse=8","Agriculture;AnimalHusbandry;ClayExtraction;ControlledFire;HerbalKnowledge;KnowledgeSharing;Quarry"
70,Animal,1.15,40,1.2,0,104,54,50,0.519,84,500,"","Clay=12542.29;PlantFiber=11249.81;WoodLog=273.03","ClayPit=3;Farm=3;FiberGatheringCamp=3;HealerHut=6;Pasture=3;WoodHouse=8","Agriculture;AnimalHusbandry;ClayExtraction;ControlledFire;HerbalKnowledge;KnowledgeSharing;Quarry"
71,Animal,1.15,42,1.2,3.36,108,54,54,0.5,87,500,"","Clay=12812.29;PlantFiber=11519.81;WoodLog=32.32","ClayPit=3;Farm=3;FiberGatheringCamp=3;HealerHut=6;Pasture=3;WoodHouse=9","Agriculture;AnimalHusbandry;ClayExtraction;ControlledFire;HerbalKnowledge;KnowledgeSharing;Quarry"
72,Animal,1.15,44,1.2,1.173,112,54,58,0.482,87,500,"","Clay=13082.29;PlantFiber=11789.81;WoodLog=92.32","ClayPit=3;Farm=3;FiberGatheringCamp=3;HealerHut=6;Pasture=3;WoodHouse=9","Agriculture;AnimalHusbandry;ClayExtraction;ControlledFire;HerbalKnowledge;KnowledgeSharing;Quarry"
73,Animal,1.15,45,1.2,0,114,54,60,0.474,87,500,"","Clay=13352.29;PlantFiber=12059.81;WoodLog=152.32","ClayPit=3;Farm=3;FiberGatheringCamp=3;HealerHut=6;Pasture=3;WoodHouse=9","Agriculture;AnimalHusbandry;ClayExtraction;ControlledFire;HerbalKnowledge;KnowledgeSharing;Quarry"
74,Animal,1.15,45,1.2,0,114,54,60,0.474,87,500,"","Clay=13622.29;PlantFiber=12329.81;WoodLog=212.32","ClayPit=3;Farm=3;FiberGatheringCamp=3;HealerHut=6;Pasture=3;WoodHouse=9","Agriculture;AnimalHusbandry;ClayExtraction;ControlledFire;HerbalKnowledge;KnowledgeSharing;Quarry"
75,Animal,1.15,45,1.2,0,114,54,60,0.474,87,500,"","Clay=13892.29;PlantFiber=12599.81;WoodLog=272.32","ClayPit=3;Farm=3;FiberGatheringCamp=3;HealerHut=6;Pasture=3;WoodHouse=9","Agriculture;AnimalHusbandry;ClayExtraction;ControlledFire;HerbalKnowledge;KnowledgeSharing;Quarry"
76,Animal,1.15,45,1.2,0,118,56,62,0.475,89,500,"","Clay=14054.3;PlantFiber=12653.85;WoodLog=8.38","ClayPit=3;Farm=3;FiberGatheringCamp=3;HealerHut=7;Pasture=3;WoodHouse=9","Agriculture;AnimalHusbandry;ClayExtraction;ControlledFire;HerbalKnowledge;KnowledgeSharing;Quarry"
77,Animal,1.15,45,1.2,0,118,56,62,0.475,89,500,"","Clay=14324.3;PlantFiber=12923.85;WoodLog=68.38","ClayPit=3;Farm=3;FiberGatheringCamp=3;HealerHut=7;Pasture=3;WoodHouse=9","Agriculture;AnimalHusbandry;ClayExtraction;ControlledFire;HerbalKnowledge;KnowledgeSharing;Quarry"
78,Animal,1.15,45,1.2,0,118,56,62,0.475,89,500,"","Clay=14594.3;PlantFiber=13193.85;WoodLog=128.38","ClayPit=3;Farm=3;FiberGatheringCamp=3;HealerHut=7;Pasture=3;WoodHouse=9","Agriculture;AnimalHusbandry;ClayExtraction;ControlledFire;HerbalKnowledge;KnowledgeSharing;Quarry"
79,Animal,1.15,45,1.2,0,118,56,62,0.475,89,500,"","Clay=14864.3;PlantFiber=13463.85;WoodLog=188.38","ClayPit=3;Farm=3;FiberGatheringCamp=3;HealerHut=7;Pasture=3;WoodHouse=9","Agriculture;AnimalHusbandry;ClayExtraction;ControlledFire;HerbalKnowledge;KnowledgeSharing;Quarry"
80,Animal,1.15,45,1.2,0,118,56,62,0.475,89,500,"","Clay=15134.3;PlantFiber=13733.85;WoodLog=248.38","ClayPit=3;Farm=3;FiberGatheringCamp=3;HealerHut=7;Pasture=3;WoodHouse=9","Agriculture;AnimalHusbandry;ClayExtraction;ControlledFire;HerbalKnowledge;KnowledgeSharing;Quarry"
81,Animal,1.15,45,1.2,0,118,56,62,0.475,89,500,"","Clay=15404.3;PlantFiber=14003.85;WoodLog=308.38","ClayPit=3;Farm=3;FiberGatheringCamp=3;HealerHut=7;Pasture=3;WoodHouse=9","Agriculture;AnimalHusbandry;ClayExtraction;ControlledFire;HerbalKnowledge;KnowledgeSharing;Quarry"
82,Animal,1.15,45,1.2,5.4,118,56,62,0.475,92,500,"","Clay=15674.3;PlantFiber=14273.85;WoodLog=13.54","ClayPit=3;Farm=3;FiberGatheringCamp=3;HealerHut=7;Pasture=3;WoodHouse=10","Agriculture;AnimalHusbandry;ClayExtraction;ControlledFire;HerbalKnowledge;KnowledgeSharing;Quarry"
83,Animal,1.15,49,1.2,1.176,126,56,70,0.444,92,500,"","Clay=15944.3;PlantFiber=14543.85;WoodLog=73.54","ClayPit=3;Farm=3;FiberGatheringCamp=3;HealerHut=7;Pasture=3;WoodHouse=10","Agriculture;AnimalHusbandry;ClayExtraction;ControlledFire;HerbalKnowledge;KnowledgeSharing;Quarry"
84,Animal,1.15,50,1.2,0,128,56,72,0.438,92,500,"","Clay=16214.3;PlantFiber=14813.85;WoodLog=133.54","ClayPit=3;Farm=3;FiberGatheringCamp=3;HealerHut=7;Pasture=3;WoodHouse=10","Agriculture;AnimalHusbandry;ClayExtraction;ControlledFire;HerbalKnowledge;KnowledgeSharing;Quarry"
85,Animal,1.15,50,1.2,0,128,56,72,0.438,92,500,"","Clay=16484.3;PlantFiber=15083.85;WoodLog=193.54","ClayPit=3;Farm=3;FiberGatheringCamp=3;HealerHut=7;Pasture=3;WoodHouse=10","Agriculture;AnimalHusbandry;ClayExtraction;ControlledFire;HerbalKnowledge;KnowledgeSharing;Quarry"
86,Animal,1.15,50,1.2,0,128,56,72,0.438,92,500,"","Clay=16754.3;PlantFiber=15353.85;WoodLog=253.54","ClayPit=3;Farm=3;FiberGatheringCamp=3;HealerHut=7;Pasture=3;WoodHouse=10","Agriculture;AnimalHusbandry;ClayExtraction;ControlledFire;HerbalKnowledge;KnowledgeSharing;Quarry"
87,Animal,1.15,50,1.2,0,128,56,72,0.438,92,500,"","Clay=17024.3;PlantFiber=15623.85;WoodLog=313.54","ClayPit=3;Farm=3;FiberGatheringCamp=3;HealerHut=7;Pasture=3;WoodHouse=10","Agriculture;AnimalHusbandry;ClayExtraction;ControlledFire;HerbalKnowledge;KnowledgeSharing;Quarry"
88,Animal,1.15,50,1.2,0,128,56,72,0.438,92,500,"","Clay=17294.3;PlantFiber=15893.85;WoodLog=373.54","ClayPit=3;Farm=3;FiberGatheringCamp=3;HealerHut=7;Pasture=3;WoodHouse=10","Agriculture;AnimalHusbandry;ClayExtraction;ControlledFire;HerbalKnowledge;KnowledgeSharing;Quarry"
89,Animal,1.15,50,1.2,0,132,58,74,0.439,94,500,"","Clay=17436.88;PlantFiber=15909.01;WoodLog=51.28","ClayPit=3;Farm=3;FiberGatheringCamp=3;HealerHut=8;Pasture=3;WoodHouse=10","Agriculture;AnimalHusbandry;ClayExtraction;ControlledFire;HerbalKnowledge;KnowledgeSharing;Quarry"
90,Animal,1.15,50,1.2,0,132,58,74,0.439,94,500,"","Clay=17706.88;PlantFiber=16179.01;WoodLog=111.28","ClayPit=3;Farm=3;FiberGatheringCamp=3;HealerHut=8;Pasture=3;WoodHouse=10","Agriculture;AnimalHusbandry;ClayExtraction;ControlledFire;HerbalKnowledge;KnowledgeSharing;Quarry"
91,Animal,1.15,50,1.2,0,132,58,74,0.439,94,500,"","Clay=17976.88;PlantFiber=16449.01;WoodLog=171.28","ClayPit=3;Farm=3;FiberGatheringCamp=3;HealerHut=8;Pasture=3;WoodHouse=10","Agriculture;AnimalHusbandry;ClayExtraction;ControlledFire;HerbalKnowledge;KnowledgeSharing;Quarry"
92,Animal,1.15,50,1.2,0,132,58,74,0.439,94,500,"","Clay=18246.88;PlantFiber=16719.01;WoodLog=231.28","ClayPit=3;Farm=3;FiberGatheringCamp=3;HealerHut=8;Pasture=3;WoodHouse=10","Agriculture;AnimalHusbandry;ClayExtraction;ControlledFire;HerbalKnowledge;KnowledgeSharing;Quarry"
93,Animal,1.15,50,1.2,0,132,58,74,0.439,94,500,"","Clay=18516.88;PlantFiber=16989.01;WoodLog=291.28","ClayPit=3;Farm=3;FiberGatheringCamp=3;HealerHut=8;Pasture=3;WoodHouse=10","Agriculture;AnimalHusbandry;ClayExtraction;ControlledFire;HerbalKnowledge;KnowledgeSharing;Quarry"
94,Animal,1.15,50,1.2,0,132,58,74,0.439,94,500,"","Clay=18786.88;PlantFiber=17259.01;WoodLog=351.28","ClayPit=3;Farm=3;FiberGatheringCamp=3;HealerHut=8;Pasture=3;WoodHouse=10","Agriculture;AnimalHusbandry;ClayExtraction;ControlledFire;HerbalKnowledge;KnowledgeSharing;Quarry"
95,Animal,1.15,50,1.2,0,132,58,74,0.439,94,500,"","Clay=19056.88;PlantFiber=17529.01;WoodLog=411.28","ClayPit=3;Farm=3;FiberGatheringCamp=3;HealerHut=8;Pasture=3;WoodHouse=10","Agriculture;AnimalHusbandry;ClayExtraction;ControlledFire;HerbalKnowledge;KnowledgeSharing;Quarry"
96,Animal,1.15,53,1.2,2.313,138,58,80,0.42,97,500,"","Clay=19326.88;PlantFiber=17799.01;WoodLog=52.57","ClayPit=3;Farm=3;FiberGatheringCamp=3;HealerHut=8;Pasture=3;WoodHouse=11","Agriculture;AnimalHusbandry;ClayExtraction;ControlledFire;HerbalKnowledge;KnowledgeSharing;Quarry"
97,Animal,1.15,54,1.2,1.178,140,58,82,0.414,97,500,"","Clay=19596.88;PlantFiber=18069.01;WoodLog=112.57","ClayPit=3;Farm=3;FiberGatheringCamp=3;HealerHut=8;Pasture=3;WoodHouse=11","Agriculture;AnimalHusbandry;ClayExtraction;ControlledFire;HerbalKnowledge;KnowledgeSharing;Quarry"
98,Animal,1.15,55,1.2,0,142,58,84,0.408,97,500,"","Clay=19853.65;PlantFiber=18325.78;WoodLog=172.57","ClayPit=3;Farm=3;FiberGatheringCamp=3;HealerHut=8;Pasture=3;WoodHouse=11","Agriculture;AnimalHusbandry;ClayExtraction;ControlledFire;HerbalKnowledge;KnowledgeSharing;Quarry"
99,Animal,1.15,55,1.2,0,142,58,84,0.408,97,500,"","Clay=20099.52;PlantFiber=18571.65;WoodLog=232.57","ClayPit=3;Farm=3;FiberGatheringCamp=3;HealerHut=8;Pasture=3;WoodHouse=11","Agriculture;AnimalHusbandry;ClayExtraction;ControlledFire;HerbalKnowledge;KnowledgeSharing;Quarry"
100,Animal,1.15,55,1.2,0,142,58,84,0.408,97,500,"","Clay=20345.4;PlantFiber=18817.52;WoodLog=292.57","ClayPit=3;Farm=3;FiberGatheringCamp=3;HealerHut=8;Pasture=3;WoodHouse=11","Agriculture;AnimalHusbandry;ClayExtraction;ControlledFire;HerbalKnowledge;KnowledgeSharing;Quarry"
101,Animal,1.15,55,1.2,0,142,58,84,0.408,97,500,"","Clay=20591.27;PlantFiber=19063.39;WoodLog=352.57","ClayPit=3;Farm=3;FiberGatheringCamp=3;HealerHut=8;Pasture=3;WoodHouse=11","Agriculture;AnimalHusbandry;ClayExtraction;ControlledFire;HerbalKnowledge;KnowledgeSharing;Quarry"
102,Animal,1.15,55,1.2,0,142,58,84,0.408,97,500,"","Clay=20837.14;PlantFiber=19309.27;WoodLog=412.57","ClayPit=3;Farm=3;FiberGatheringCamp=3;HealerHut=8;Pasture=3;WoodHouse=11","Agriculture;AnimalHusbandry;ClayExtraction;ControlledFire;HerbalKnowledge;KnowledgeSharing;Quarry"
103,Animal,1.15,55,1.2,0,146,60,86,0.411,99,500,"","Clay=20932.66;PlantFiber=19254.43;WoodLog=21.51","ClayPit=3;Farm=3;FiberGatheringCamp=3;HealerHut=9;Pasture=3;WoodHouse=11","Agriculture;AnimalHusbandry;ClayExtraction;ControlledFire;HerbalKnowledge;KnowledgeSharing;Quarry"
104,Animal,1.15,55,1.2,0,146,60,86,0.411,99,500,"","Clay=21178.53;PlantFiber=19500.3;WoodLog=81.51","ClayPit=3;Farm=3;FiberGatheringCamp=3;HealerHut=9;Pasture=3;WoodHouse=11","Agriculture;AnimalHusbandry;ClayExtraction;ControlledFire;HerbalKnowledge;KnowledgeSharing;Quarry"
105,Animal,1.15,55,1.2,0,146,60,86,0.411,99,500,"","Clay=21424.4;PlantFiber=19746.17;WoodLog=141.51","ClayPit=3;Farm=3;FiberGatheringCamp=3;HealerHut=9;Pasture=3;WoodHouse=11","Agriculture;AnimalHusbandry;ClayExtraction;ControlledFire;HerbalKnowledge;KnowledgeSharing;Quarry"
106,Animal,1.15,55,1.2,0,146,60,86,0.411,99,500,"","Clay=21670.28;PlantFiber=19992.05;WoodLog=201.51","ClayPit=3;Farm=3;FiberGatheringCamp=3;HealerHut=9;Pasture=3;WoodHouse=11","Agriculture;AnimalHusbandry;ClayExtraction;ControlledFire;HerbalKnowledge;KnowledgeSharing;Quarry"
107,Animal,1.15,55,1.2,0,146,60,86,0.411,99,500,"","Clay=21916.15;PlantFiber=20237.92;WoodLog=261.51","ClayPit=3;Farm=3;FiberGatheringCamp=3;HealerHut=9;Pasture=3;WoodHouse=11","Agriculture;AnimalHusbandry;ClayExtraction;ControlledFire;HerbalKnowledge;KnowledgeSharing;Quarry"
108,Animal,1.15,55,1.2,0,146,60,86,0.411,99,500,"","Clay=22162.02;PlantFiber=20483.79;WoodLog=321.51","ClayPit=3;Farm=3;FiberGatheringCamp=3;HealerHut=9;Pasture=3;WoodHouse=11","Agriculture;AnimalHusbandry;ClayExtraction;ControlledFire;HerbalKnowledge;KnowledgeSharing;Quarry"
109,Animal,1.15,55,1.2,0,146,60,86,0.411,99,500,"","Clay=22407.89;PlantFiber=20729.66;WoodLog=381.51","ClayPit=3;Farm=3;FiberGatheringCamp=3;HealerHut=9;Pasture=3;WoodHouse=11","Agriculture;AnimalHusbandry;ClayExtraction;ControlledFire;HerbalKnowledge;KnowledgeSharing;Quarry"
110,Animal,1.15,55,1.2,0,146,60,86,0.411,99,500,"","Clay=22653.77;PlantFiber=20975.54;WoodLog=441.51","ClayPit=3;Farm=3;FiberGatheringCamp=3;HealerHut=9;Pasture=3;WoodHouse=11","Agriculture;AnimalHusbandry;ClayExtraction;ControlledFire;HerbalKnowledge;KnowledgeSharing;Quarry"
111,Animal,1.15,55,1.2,0,146,60,86,0.411,102,500,"","Clay=22899.64;PlantFiber=21221.41;WoodLog=7.44","ClayPit=3;Farm=3;FiberGatheringCamp=3;HealerHut=9;Pasture=3;WoodHouse=12","Agriculture;AnimalHusbandry;ClayExtraction;ControlledFire;HerbalKnowledge;KnowledgeSharing;Quarry"
112,Animal,1.15,58,1.2,2.01,152,60,92,0.395,102,500,"","Clay=23139.2;PlantFiber=21460.97;WoodLog=67.44","ClayPit=3;Farm=3;FiberGatheringCamp=3;HealerHut=9;Pasture=3;WoodHouse=12","Agriculture;AnimalHusbandry;ClayExtraction;ControlledFire;HerbalKnowledge;KnowledgeSharing;Quarry"
113,Animal,1.15,59,1.2,1.006,154,60,94,0.39,102,500,"","Clay=23370.45;PlantFiber=21692.22;WoodLog=127.44","ClayPit=3;Farm=3;FiberGatheringCamp=3;HealerHut=9;Pasture=3;WoodHouse=12","Agriculture;AnimalHusbandry;ClayExtraction;ControlledFire;HerbalKnowledge;KnowledgeSharing;Quarry"
114,Animal,1.15,60,1.2,0,156,60,96,0.385,102,500,"","Clay=23598;PlantFiber=21919.77;WoodLog=187.44","ClayPit=3;Farm=3;FiberGatheringCamp=3;HealerHut=9;Pasture=3;WoodHouse=12","Agriculture;AnimalHusbandry;ClayExtraction;ControlledFire;HerbalKnowledge;KnowledgeSharing;Quarry"
115,Animal,1.15,60,1.2,0,156,60,96,0.385,102,500,"","Clay=23824.59;PlantFiber=22146.36;WoodLog=247.44","ClayPit=3;Farm=3;FiberGatheringCamp=3;HealerHut=9;Pasture=3;WoodHouse=12","Agriculture;AnimalHusbandry;ClayExtraction;ControlledFire;HerbalKnowledge;KnowledgeSharing;Quarry"
116,Animal,1.15,60,1.2,0,156,60,96,0.385,102,500,"","Clay=24051.18;PlantFiber=22372.95;WoodLog=307.44","ClayPit=3;Farm=3;FiberGatheringCamp=3;HealerHut=9;Pasture=3;WoodHouse=12","Agriculture;AnimalHusbandry;ClayExtraction;ControlledFire;HerbalKnowledge;KnowledgeSharing;Quarry"
117,Animal,1.15,60,1.2,0,156,60,96,0.385,102,500,"","Clay=24277.77;PlantFiber=22599.54;WoodLog=367.44","ClayPit=3;Farm=3;FiberGatheringCamp=3;HealerHut=9;Pasture=3;WoodHouse=12","Agriculture;AnimalHusbandry;ClayExtraction;ControlledFire;HerbalKnowledge;KnowledgeSharing;Quarry"
118,Animal,1.15,60,1.2,0,156,60,96,0.385,102,500,"","Clay=24504.36;PlantFiber=22826.12;WoodLog=427.44","ClayPit=3;Farm=3;FiberGatheringCamp=3;HealerHut=9;Pasture=3;WoodHouse=12","Agriculture;AnimalHusbandry;ClayExtraction;ControlledFire;HerbalKnowledge;KnowledgeSharing;Quarry"
119,Animal,1.15,60,1.2,0,156,60,96,0.385,102,500,"","Clay=24730.94;PlantFiber=23052.71;WoodLog=487.44","ClayPit=3;Farm=3;FiberGatheringCamp=3;HealerHut=9;Pasture=3;WoodHouse=12","Agriculture;AnimalHusbandry;ClayExtraction;ControlledFire;HerbalKnowledge;KnowledgeSharing;Quarry"
120,Animal,1.15,60,1.2,0,160,62,98,0.388,104,500,"","Clay=24780.11;PlantFiber=22924.46;WoodLog=15.18","ClayPit=3;Farm=3;FiberGatheringCamp=3;HealerHut=10;Pasture=3;WoodHouse=12","Agriculture;AnimalHusbandry;ClayExtraction;ControlledFire;HerbalKnowledge;KnowledgeSharing;Quarry"
121,Animal,1.15,60,1.2,0,160,62,98,0.388,104,500,"","Clay=25006.7;PlantFiber=23151.05;WoodLog=75.18","ClayPit=3;Farm=3;FiberGatheringCamp=3;HealerHut=10;Pasture=3;WoodHouse=12","Agriculture;AnimalHusbandry;ClayExtraction;ControlledFire;HerbalKnowledge;KnowledgeSharing;Quarry"
122,Animal,1.15,60,1.2,0,160,62,98,0.388,104,500,"","Clay=25233.29;PlantFiber=23377.64;WoodLog=135.18","ClayPit=3;Farm=3;FiberGatheringCamp=3;HealerHut=10;Pasture=3;WoodHouse=12","Agriculture;AnimalHusbandry;ClayExtraction;ControlledFire;HerbalKnowledge;KnowledgeSharing;Quarry"
123,Animal,1.15,60,1.2,0,160,62,98,0.388,104,500,"","Clay=25459.88;PlantFiber=23604.23;WoodLog=195.18","ClayPit=3;Farm=3;FiberGatheringCamp=3;HealerHut=10;Pasture=3;WoodHouse=12","Agriculture;AnimalHusbandry;ClayExtraction;ControlledFire;HerbalKnowledge;KnowledgeSharing;Quarry"
124,Animal,1.15,60,1.2,0,160,62,98,0.388,104,500,"","Clay=25686.47;PlantFiber=23830.82;WoodLog=255.18","ClayPit=3;Farm=3;FiberGatheringCamp=3;HealerHut=10;Pasture=3;WoodHouse=12","Agriculture;AnimalHusbandry;ClayExtraction;ControlledFire;HerbalKnowledge;KnowledgeSharing;Quarry"
125,Animal,1.15,60,1.2,0,160,62,98,0.388,104,500,"","Clay=25913.05;PlantFiber=24057.41;WoodLog=315.18","ClayPit=3;Farm=3;FiberGatheringCamp=3;HealerHut=10;Pasture=3;WoodHouse=12","Agriculture;AnimalHusbandry;ClayExtraction;ControlledFire;HerbalKnowledge;KnowledgeSharing;Quarry"
126,Animal,1.15,60,1.2,0,160,62,98,0.388,104,500,"","Clay=26139.64;PlantFiber=24283.99;WoodLog=375.18","ClayPit=3;Farm=3;FiberGatheringCamp=3;HealerHut=10;Pasture=3;WoodHouse=12","Agriculture;AnimalHusbandry;ClayExtraction;ControlledFire;HerbalKnowledge;KnowledgeSharing;Quarry"
127,Animal,1.15,60,1.2,0,160,62,98,0.388,104,500,"","Clay=26366.23;PlantFiber=24510.58;WoodLog=435.18","ClayPit=3;Farm=3;FiberGatheringCamp=3;HealerHut=10;Pasture=3;WoodHouse=12","Agriculture;AnimalHusbandry;ClayExtraction;ControlledFire;HerbalKnowledge;KnowledgeSharing;Quarry"
128,Animal,1.15,60,1.2,0,160,62,98,0.388,104,500,"","Clay=26592.82;PlantFiber=24737.17;WoodLog=495.18","ClayPit=3;Farm=3;FiberGatheringCamp=3;HealerHut=10;Pasture=3;WoodHouse=12","Agriculture;AnimalHusbandry;ClayExtraction;ControlledFire;HerbalKnowledge;KnowledgeSharing;Quarry"
129,Animal,1.15,60,1.2,0,160,62,98,0.388,104,500,"","Clay=26819.41;PlantFiber=24963.76;WoodLog=555.18","ClayPit=3;Farm=3;FiberGatheringCamp=3;HealerHut=10;Pasture=3;WoodHouse=12","Agriculture;AnimalHusbandry;ClayExtraction;ControlledFire;HerbalKnowledge;KnowledgeSharing;Quarry"
130,Animal,1.15,62,1.2,2.837,164,62,102,0.378,107,500,"","Clay=27045;PlantFiber=25189.36;WoodLog=32.18","ClayPit=3;Farm=3;FiberGatheringCamp=3;HealerHut=10;Pasture=3;WoodHouse=13","Agriculture;AnimalHusbandry;ClayExtraction;ControlledFire;HerbalKnowledge;KnowledgeSharing;Quarry"
131,Animal,1.15,64,1.2,0.933,168,62,106,0.369,107,500,"","Clay=27262.14;PlantFiber=25406.49;WoodLog=92.18","ClayPit=3;Farm=3;FiberGatheringCamp=3;HealerHut=10;Pasture=3;WoodHouse=13","Agriculture;AnimalHusbandry;ClayExtraction;ControlledFire;HerbalKnowledge;KnowledgeSharing;Quarry"
132,Animal,1.15,65,1.2,0,170,62,108,0.365,107,500,"","Clay=27475.19;PlantFiber=25619.54;WoodLog=152.18","ClayPit=3;Farm=3;FiberGatheringCamp=3;HealerHut=10;Pasture=3;WoodHouse=13","Agriculture;AnimalHusbandry;ClayExtraction;ControlledFire;HerbalKnowledge;KnowledgeSharing;Quarry"
133,Animal,1.15,65,1.2,0,170,62,108,0.365,107,500,"","Clay=27685.3;PlantFiber=25829.65;WoodLog=212.18","ClayPit=3;Farm=3;FiberGatheringCamp=3;HealerHut=10;Pasture=3;WoodHouse=13","Agriculture;AnimalHusbandry;ClayExtraction;ControlledFire;HerbalKnowledge;KnowledgeSharing;Quarry"
134,Animal,1.15,65,1.2,0,170,62,108,0.365,107,500,"","Clay=27895.41;PlantFiber=26039.76;WoodLog=272.18","ClayPit=3;Farm=3;FiberGatheringCamp=3;HealerHut=10;Pasture=3;WoodHouse=13","Agriculture;AnimalHusbandry;ClayExtraction;ControlledFire;HerbalKnowledge;KnowledgeSharing;Quarry"
135,Animal,1.15,65,1.2,0,170,62,108,0.365,107,500,"","Clay=28105.52;PlantFiber=26249.87;WoodLog=332.18","ClayPit=3;Farm=3;FiberGatheringCamp=3;HealerHut=10;Pasture=3;WoodHouse=13","Agriculture;AnimalHusbandry;ClayExtraction;ControlledFire;HerbalKnowledge;KnowledgeSharing;Quarry"
136,Animal,1.15,65,1.2,0,170,62,108,0.365,107,500,"","Clay=28315.63;PlantFiber=26459.98;WoodLog=392.18","ClayPit=3;Farm=3;FiberGatheringCamp=3;HealerHut=10;Pasture=3;WoodHouse=13","Agriculture;AnimalHusbandry;ClayExtraction;ControlledFire;HerbalKnowledge;KnowledgeSharing;Quarry"
137,Animal,1.15,65,1.2,0,170,62,108,0.365,107,500,"","Clay=28525.74;PlantFiber=26670.09;WoodLog=452.18","ClayPit=3;Farm=3;FiberGatheringCamp=3;HealerHut=10;Pasture=3;WoodHouse=13","Agriculture;AnimalHusbandry;ClayExtraction;ControlledFire;HerbalKnowledge;KnowledgeSharing;Quarry"
138,Animal,1.15,65,1.2,0,170,62,108,0.365,107,500,"","Clay=28735.84;PlantFiber=26880.2;WoodLog=512.18","ClayPit=3;Farm=3;FiberGatheringCamp=3;HealerHut=10;Pasture=3;WoodHouse=13","Agriculture;AnimalHusbandry;ClayExtraction;ControlledFire;HerbalKnowledge;KnowledgeSharing;Quarry"
139,Animal,1.15,65,1.2,0,170,62,108,0.365,107,500,"","Clay=28945.95;PlantFiber=27090.31;WoodLog=572.18","ClayPit=3;Farm=3;FiberGatheringCamp=3;HealerHut=10;Pasture=3;WoodHouse=13","Agriculture;AnimalHusbandry;ClayExtraction;ControlledFire;HerbalKnowledge;KnowledgeSharing;Quarry"
140,Animal,1.15,65,1.2,0,170,62,108,0.365,107,500,"","Clay=29156.06;PlantFiber=27300.41;WoodLog=632.18","ClayPit=3;Farm=3;FiberGatheringCamp=3;HealerHut=10;Pasture=3;WoodHouse=13","Agriculture;AnimalHusbandry;ClayExtraction;ControlledFire;HerbalKnowledge;KnowledgeSharing;Quarry"
141,Animal,1.15,65,1.2,0,170,62,108,0.365,110,500,"","Clay=29366.17;PlantFiber=27510.52;WoodLog=4.23","ClayPit=3;Farm=3;FiberGatheringCamp=3;HealerHut=10;Pasture=3;WoodHouse=14","Agriculture;AnimalHusbandry;ClayExtraction;ControlledFire;HerbalKnowledge;KnowledgeSharing;Quarry"
142,Animal,1.15,68,1.2,1.738,176,62,114,0.352,110,500,"","Clay=29572.32;PlantFiber=27716.67;WoodLog=64.23","ClayPit=3;Farm=3;FiberGatheringCamp=3;HealerHut=10;Pasture=3;WoodHouse=14","Agriculture;AnimalHusbandry;ClayExtraction;ControlledFire;HerbalKnowledge;KnowledgeSharing;Quarry"
143,Animal,1.15,69,1.2,0.87,178,62,116,0.348,110,500,"","Clay=29772.22;PlantFiber=27916.57;WoodLog=124.23","ClayPit=3;Farm=3;FiberGatheringCamp=3;HealerHut=10;Pasture=3;WoodHouse=14","Agriculture;AnimalHusbandry;ClayExtraction;ControlledFire;HerbalKnowledge;KnowledgeSharing;Quarry"
144,Animal,1.15,70,1.2,0,180,62,118,0.344,110,500,"","Clay=29969.74;PlantFiber=28114.09;WoodLog=184.23","ClayPit=3;Farm=3;FiberGatheringCamp=3;HealerHut=10;Pasture=3;WoodHouse=14","Agriculture;AnimalHusbandry;ClayExtraction;ControlledFire;HerbalKnowledge;KnowledgeSharing;Quarry"
145,Animal,1.15,70,1.2,0,180,62,118,0.344,110,500,"","Clay=30165.6;PlantFiber=28309.96;WoodLog=244.23","ClayPit=3;Farm=3;FiberGatheringCamp=3;HealerHut=10;Pasture=3;WoodHouse=14","Agriculture;AnimalHusbandry;ClayExtraction;ControlledFire;HerbalKnowledge;KnowledgeSharing;Quarry"
146,Animal,1.15,70,1.2,0,180,62,118,0.344,110,500,"","Clay=30361.47;PlantFiber=28505.82;WoodLog=304.23","ClayPit=3;Farm=3;FiberGatheringCamp=3;HealerHut=10;Pasture=3;WoodHouse=14","Agriculture;AnimalHusbandry;ClayExtraction;ControlledFire;HerbalKnowledge;KnowledgeSharing;Quarry"
147,Animal,1.15,70,1.2,0,180,62,118,0.344,110,500,"","Clay=30557.33;PlantFiber=28701.68;WoodLog=364.23","ClayPit=3;Farm=3;FiberGatheringCamp=3;HealerHut=10;Pasture=3;WoodHouse=14","Agriculture;AnimalHusbandry;ClayExtraction;ControlledFire;HerbalKnowledge;KnowledgeSharing;Quarry"
148,Animal,1.15,70,1.2,0,180,62,118,0.344,110,500,"","Clay=30753.2;PlantFiber=28897.55;WoodLog=424.23","ClayPit=3;Farm=3;FiberGatheringCamp=3;HealerHut=10;Pasture=3;WoodHouse=14","Agriculture;AnimalHusbandry;ClayExtraction;ControlledFire;HerbalKnowledge;KnowledgeSharing;Quarry"
149,Animal,1.15,70,1.2,0,180,62,118,0.344,110,500,"","Clay=30949.06;PlantFiber=29093.41;WoodLog=484.23","ClayPit=3;Farm=3;FiberGatheringCamp=3;HealerHut=10;Pasture=3;WoodHouse=14","Agriculture;AnimalHusbandry;ClayExtraction;ControlledFire;HerbalKnowledge;KnowledgeSharing;Quarry"
150,Animal,1.15,70,1.2,0,180,62,118,0.344,110,500,"","Clay=31144.93;PlantFiber=29289.28;WoodLog=544.23","ClayPit=3;Farm=3;FiberGatheringCamp=3;HealerHut=10;Pasture=3;WoodHouse=14","Agriculture;AnimalHusbandry;ClayExtraction;ControlledFire;HerbalKnowledge;KnowledgeSharing;Quarry"
151,Animal,1.15,70,1.2,0,180,62,118,0.344,110,500,"","Clay=31340.79;PlantFiber=29485.14;WoodLog=604.23","ClayPit=3;Farm=3;FiberGatheringCamp=3;HealerHut=10;Pasture=3;WoodHouse=14","Agriculture;AnimalHusbandry;ClayExtraction;ControlledFire;HerbalKnowledge;KnowledgeSharing;Quarry"
152,Animal,1.15,70,1.2,0,180,62,118,0.344,110,500,"","Clay=31536.66;PlantFiber=29681.01;WoodLog=664.23","ClayPit=3;Farm=3;FiberGatheringCamp=3;HealerHut=10;Pasture=3;WoodHouse=14","Agriculture;AnimalHusbandry;ClayExtraction;ControlledFire;HerbalKnowledge;KnowledgeSharing;Quarry"
153,Animal,1.15,70,1.2,0,180,62,118,0.344,110,500,"","Clay=31732.52;PlantFiber=29876.87;WoodLog=724.23","ClayPit=3;Farm=3;FiberGatheringCamp=3;HealerHut=10;Pasture=3;WoodHouse=14","Agriculture;AnimalHusbandry;ClayExtraction;ControlledFire;HerbalKnowledge;KnowledgeSharing;Quarry"
154,Animal,1.15,70,1.2,0,180,62,118,0.344,110,500,"","Clay=31928.38;PlantFiber=30072.74;WoodLog=784.23","ClayPit=3;Farm=3;FiberGatheringCamp=3;HealerHut=10;Pasture=3;WoodHouse=14","Agriculture;AnimalHusbandry;ClayExtraction;ControlledFire;HerbalKnowledge;KnowledgeSharing;Quarry"
155,Animal,1.15,71,1.2,3.252,182,62,120,0.341,113,500,"","Clay=32123.59;PlantFiber=30267.94;WoodLog=32.45","ClayPit=3;Farm=3;FiberGatheringCamp=3;HealerHut=10;Pasture=3;WoodHouse=15","Agriculture;AnimalHusbandry;ClayExtraction;ControlledFire;HerbalKnowledge;KnowledgeSharing;Quarry"
156,Animal,1.15,73,1.2,1.628,186,62,124,0.333,113,500,"","Clay=32313.13;PlantFiber=30457.48;WoodLog=92.45","ClayPit=3;Farm=3;FiberGatheringCamp=3;HealerHut=10;Pasture=3;WoodHouse=15","Agriculture;AnimalHusbandry;ClayExtraction;ControlledFire;HerbalKnowledge;KnowledgeSharing;Quarry"
157,Animal,1.15,74,1.2,0.815,188,62,126,0.33,113,500,"","Clay=32499.12;PlantFiber=30643.47;WoodLog=152.45","ClayPit=3;Farm=3;FiberGatheringCamp=3;HealerHut=10;Pasture=3;WoodHouse=15","Agriculture;AnimalHusbandry;ClayExtraction;ControlledFire;HerbalKnowledge;KnowledgeSharing;Quarry"
158,Animal,1.15,75,1.2,0,190,62,128,0.326,113,500,"","Clay=32683.22;PlantFiber=30827.57;WoodLog=212.45","ClayPit=3;Farm=3;FiberGatheringCamp=3;HealerHut=10;Pasture=3;WoodHouse=15","Agriculture;AnimalHusbandry;ClayExtraction;ControlledFire;HerbalKnowledge;KnowledgeSharing;Quarry"
159,Animal,1.15,75,1.2,0,190,62,128,0.326,113,500,"","Clay=32866.65;PlantFiber=31011;WoodLog=272.45","ClayPit=3;Farm=3;FiberGatheringCamp=3;HealerHut=10;Pasture=3;WoodHouse=15","Agriculture;AnimalHusbandry;ClayExtraction;ControlledFire;HerbalKnowledge;KnowledgeSharing;Quarry"
160,Animal,1.15,75,1.2,0,190,62,128,0.326,113,500,"","Clay=33050.08;PlantFiber=31194.43;WoodLog=332.45","ClayPit=3;Farm=3;FiberGatheringCamp=3;HealerHut=10;Pasture=3;WoodHouse=15","Agriculture;AnimalHusbandry;ClayExtraction;ControlledFire;HerbalKnowledge;KnowledgeSharing;Quarry"
161,Animal,1.15,75,1.2,0,190,62,128,0.326,113,500,"","Clay=33233.5;PlantFiber=31377.86;WoodLog=392.45","ClayPit=3;Farm=3;FiberGatheringCamp=3;HealerHut=10;Pasture=3;WoodHouse=15","Agriculture;AnimalHusbandry;ClayExtraction;ControlledFire;HerbalKnowledge;KnowledgeSharing;Quarry"
162,Animal,1.15,75,1.2,0,190,62,128,0.326,113,500,"","Clay=33416.93;PlantFiber=31561.28;WoodLog=452.45","ClayPit=3;Farm=3;FiberGatheringCamp=3;HealerHut=10;Pasture=3;WoodHouse=15","Agriculture;AnimalHusbandry;ClayExtraction;ControlledFire;HerbalKnowledge;KnowledgeSharing;Quarry"
163,Animal,1.15,75,1.2,0,190,62,128,0.326,113,500,"","Clay=33600.36;PlantFiber=31744.71;WoodLog=512.45","ClayPit=3;Farm=3;FiberGatheringCamp=3;HealerHut=10;Pasture=3;WoodHouse=15","Agriculture;AnimalHusbandry;ClayExtraction;ControlledFire;HerbalKnowledge;KnowledgeSharing;Quarry"
164,Animal,1.15,75,1.2,0,190,62,128,0.326,113,500,"","Clay=33783.79;PlantFiber=31928.14;WoodLog=572.45","ClayPit=3;Farm=3;FiberGatheringCamp=3;HealerHut=10;Pasture=3;WoodHouse=15","Agriculture;AnimalHusbandry;ClayExtraction;ControlledFire;HerbalKnowledge;KnowledgeSharing;Quarry"
165,Animal,1.15,75,1.2,0,190,62,128,0.326,113,500,"","Clay=33967.22;PlantFiber=32111.57;WoodLog=632.45","ClayPit=3;Farm=3;FiberGatheringCamp=3;HealerHut=10;Pasture=3;WoodHouse=15","Agriculture;AnimalHusbandry;ClayExtraction;ControlledFire;HerbalKnowledge;KnowledgeSharing;Quarry"
166,Animal,1.15,75,1.2,0,190,62,128,0.326,113,500,"","Clay=34150.65;PlantFiber=32295;WoodLog=692.45","ClayPit=3;Farm=3;FiberGatheringCamp=3;HealerHut=10;Pasture=3;WoodHouse=15","Agriculture;AnimalHusbandry;ClayExtraction;ControlledFire;HerbalKnowledge;KnowledgeSharing;Quarry"
167,Animal,1.15,75,1.2,0,190,62,128,0.326,113,500,"","Clay=34334.08;PlantFiber=32478.43;WoodLog=752.45","ClayPit=3;Farm=3;FiberGatheringCamp=3;HealerHut=10;Pasture=3;WoodHouse=15","Agriculture;AnimalHusbandry;ClayExtraction;ControlledFire;HerbalKnowledge;KnowledgeSharing;Quarry"
168,Animal,1.15,75,1.2,0,190,62,128,0.326,113,500,"","Clay=34517.5;PlantFiber=32661.86;WoodLog=812.45","ClayPit=3;Farm=3;FiberGatheringCamp=3;HealerHut=10;Pasture=3;WoodHouse=15","Agriculture;AnimalHusbandry;ClayExtraction;ControlledFire;HerbalKnowledge;KnowledgeSharing;Quarry"
169,Animal,1.15,75,1.2,0,190,62,128,0.326,113,500,"","Clay=34700.93;PlantFiber=32845.28;WoodLog=872.45","ClayPit=3;Farm=3;FiberGatheringCamp=3;HealerHut=10;Pasture=3;WoodHouse=15","Agriculture;AnimalHusbandry;ClayExtraction;ControlledFire;HerbalKnowledge;KnowledgeSharing;Quarry"
170,Animal,1.15,75,1.2,0,190,62,128,0.326,113,500,"","Clay=34884.36;PlantFiber=33028.71;WoodLog=932.45","ClayPit=3;Farm=3;FiberGatheringCamp=3;HealerHut=10;Pasture=3;WoodHouse=15","Agriculture;AnimalHusbandry;ClayExtraction;ControlledFire;HerbalKnowledge;KnowledgeSharing;Quarry"
171,Animal,1.15,76,1.2,3.059,192,62,130,0.323,116,500,"","Clay=35067.25;PlantFiber=33211.6;WoodLog=34.55","ClayPit=3;Farm=3;FiberGatheringCamp=3;HealerHut=10;Pasture=3;WoodHouse=16","Agriculture;AnimalHusbandry;ClayExtraction;ControlledFire;HerbalKnowledge;KnowledgeSharing;Quarry"
172,Animal,1.15,78,1.2,1.531,196,62,134,0.316,116,500,"","Clay=35245.34;PlantFiber=33389.69;WoodLog=94.55","ClayPit=3;Farm=3;FiberGatheringCamp=3;HealerHut=10;Pasture=3;WoodHouse=16","Agriculture;AnimalHusbandry;ClayExtraction;ControlledFire;HerbalKnowledge;KnowledgeSharing;Quarry"
173,Animal,1.15,79,1.2,0.766,198,62,136,0.313,116,500,"","Clay=35420.26;PlantFiber=33564.61;WoodLog=154.55","ClayPit=3;Farm=3;FiberGatheringCamp=3;HealerHut=10;Pasture=3;WoodHouse=16","Agriculture;AnimalHusbandry;ClayExtraction;ControlledFire;HerbalKnowledge;KnowledgeSharing;Quarry"
174,Animal,1.15,80,1.2,0,200,62,138,0.31,116,500,"","Clay=35593.74;PlantFiber=33738.1;WoodLog=214.55","ClayPit=3;Farm=3;FiberGatheringCamp=3;HealerHut=10;Pasture=3;WoodHouse=16","Agriculture;AnimalHusbandry;ClayExtraction;ControlledFire;HerbalKnowledge;KnowledgeSharing;Quarry"
175,Animal,1.15,80,1.2,0,200,62,138,0.31,116,500,"","Clay=35766.22;PlantFiber=33910.57;WoodLog=274.55","ClayPit=3;Farm=3;FiberGatheringCamp=3;HealerHut=10;Pasture=3;WoodHouse=16","Agriculture;AnimalHusbandry;ClayExtraction;ControlledFire;HerbalKnowledge;KnowledgeSharing;Quarry"
176,Animal,1.15,80,1.2,0,200,62,138,0.31,116,500,"","Clay=35938.7;PlantFiber=34083.05;WoodLog=334.55","ClayPit=3;Farm=3;FiberGatheringCamp=3;HealerHut=10;Pasture=3;WoodHouse=16","Agriculture;AnimalHusbandry;ClayExtraction;ControlledFire;HerbalKnowledge;KnowledgeSharing;Quarry"
177,Animal,1.15,80,1.2,0,200,62,138,0.31,116,500,"","Clay=36111.18;PlantFiber=34255.53;WoodLog=394.55","ClayPit=3;Farm=3;FiberGatheringCamp=3;HealerHut=10;Pasture=3;WoodHouse=16","Agriculture;AnimalHusbandry;ClayExtraction;ControlledFire;HerbalKnowledge;KnowledgeSharing;Quarry"
178,Animal,1.15,80,1.2,0,200,62,138,0.31,116,500,"","Clay=36283.65;PlantFiber=34428.01;WoodLog=454.55","ClayPit=3;Farm=3;FiberGatheringCamp=3;HealerHut=10;Pasture=3;WoodHouse=16","Agriculture;AnimalHusbandry;ClayExtraction;ControlledFire;HerbalKnowledge;KnowledgeSharing;Quarry"
179,Animal,1.15,80,1.2,0,200,62,138,0.31,116,500,"","Clay=36456.13;PlantFiber=34600.48;WoodLog=514.55","ClayPit=3;Farm=3;FiberGatheringCamp=3;HealerHut=10;Pasture=3;WoodHouse=16","Agriculture;AnimalHusbandry;ClayExtraction;ControlledFire;HerbalKnowledge;KnowledgeSharing;Quarry"
180,Animal,1.15,80,1.2,0,200,62,138,0.31,116,500,"","Clay=36628.61;PlantFiber=34772.96;WoodLog=574.55","ClayPit=3;Farm=3;FiberGatheringCamp=3;HealerHut=10;Pasture=3;WoodHouse=16","Agriculture;AnimalHusbandry;ClayExtraction;ControlledFire;HerbalKnowledge;KnowledgeSharing;Quarry"
181,Animal,1.15,80,1.2,0,200,62,138,0.31,116,500,"","Clay=36801.09;PlantFiber=34945.44;WoodLog=634.55","ClayPit=3;Farm=3;FiberGatheringCamp=3;HealerHut=10;Pasture=3;WoodHouse=16","Agriculture;AnimalHusbandry;ClayExtraction;ControlledFire;HerbalKnowledge;KnowledgeSharing;Quarry"
182,Animal,1.15,80,1.2,0,200,62,138,0.31,116,500,"","Clay=36973.57;PlantFiber=35117.92;WoodLog=694.55","ClayPit=3;Farm=3;FiberGatheringCamp=3;HealerHut=10;Pasture=3;WoodHouse=16","Agriculture;AnimalHusbandry;ClayExtraction;ControlledFire;HerbalKnowledge;KnowledgeSharing;Quarry"
183,Animal,1.15,80,1.2,0,200,62,138,0.31,116,500,"","Clay=37146.04;PlantFiber=35290.39;WoodLog=754.55","ClayPit=3;Farm=3;FiberGatheringCamp=3;HealerHut=10;Pasture=3;WoodHouse=16","Agriculture;AnimalHusbandry;ClayExtraction;ControlledFire;HerbalKnowledge;KnowledgeSharing;Quarry"
184,Animal,1.15,80,1.2,0,200,62,138,0.31,116,500,"","Clay=37318.52;PlantFiber=35462.87;WoodLog=814.55","ClayPit=3;Farm=3;FiberGatheringCamp=3;HealerHut=10;Pasture=3;WoodHouse=16","Agriculture;AnimalHusbandry;ClayExtraction;ControlledFire;HerbalKnowledge;KnowledgeSharing;Quarry"
185,Animal,1.15,80,1.2,0,200,62,138,0.31,116,500,"","Clay=37491;PlantFiber=35635.35;WoodLog=874.55","ClayPit=3;Farm=3;FiberGatheringCamp=3;HealerHut=10;Pasture=3;WoodHouse=16","Agriculture;AnimalHusbandry;ClayExtraction;ControlledFire;HerbalKnowledge;KnowledgeSharing;Quarry"
186,Animal,1.15,80,1.2,0,200,62,138,0.31,116,500,"","Clay=37663.48;PlantFiber=35807.83;WoodLog=934.55","ClayPit=3;Farm=3;FiberGatheringCamp=3;HealerHut=10;Pasture=3;WoodHouse=16","Agriculture;AnimalHusbandry;ClayExtraction;ControlledFire;HerbalKnowledge;KnowledgeSharing;Quarry"
187,Animal,1.15,80,1.2,0,200,62,138,0.31,116,500,"","Clay=37835.95;PlantFiber=35980.3;WoodLog=994.55","ClayPit=3;Farm=3;FiberGatheringCamp=3;HealerHut=10;Pasture=3;WoodHouse=16","Agriculture;AnimalHusbandry;ClayExtraction;ControlledFire;HerbalKnowledge;KnowledgeSharing;Quarry"
188,Animal,1.15,80,1.2,0,200,62,138,0.31,116,500,"","Clay=38008.43;PlantFiber=36152.78;WoodLog=1054.55","ClayPit=3;Farm=3;FiberGatheringCamp=3;HealerHut=10;Pasture=3;WoodHouse=16","Agriculture;AnimalHusbandry;ClayExtraction;ControlledFire;HerbalKnowledge;KnowledgeSharing;Quarry"
189,Animal,1.15,80,1.2,0,200,62,138,0.31,116,500,"","Clay=38180.91;PlantFiber=36325.26;WoodLog=1114.55","ClayPit=3;Farm=3;FiberGatheringCamp=3;HealerHut=10;Pasture=3;WoodHouse=16","Agriculture;AnimalHusbandry;ClayExtraction;ControlledFire;HerbalKnowledge;KnowledgeSharing;Quarry"
190,Animal,1.15,82,1.2,2.167,204,62,142,0.304,119,500,"","Clay=38352.54;PlantFiber=36496.89;WoodLog=44.23","ClayPit=3;Farm=3;FiberGatheringCamp=3;HealerHut=10;Pasture=3;WoodHouse=17","Agriculture;AnimalHusbandry;ClayExtraction;ControlledFire;HerbalKnowledge;KnowledgeSharing;Quarry"
191,Animal,1.15,83,1.2,1.445,206,62,144,0.301,119,500,"","Clay=38519.86;PlantFiber=36664.21;WoodLog=104.23","ClayPit=3;Farm=3;FiberGatheringCamp=3;HealerHut=10;Pasture=3;WoodHouse=17","Agriculture;AnimalHusbandry;ClayExtraction;ControlledFire;HerbalKnowledge;KnowledgeSharing;Quarry"
192,Animal,1.15,84,1.2,0.723,208,62,146,0.298,119,500,"","Clay=38684.7;PlantFiber=36829.05;WoodLog=164.23","ClayPit=3;Farm=3;FiberGatheringCamp=3;HealerHut=10;Pasture=3;WoodHouse=17","Agriculture;AnimalHusbandry;ClayExtraction;ControlledFire;HerbalKnowledge;KnowledgeSharing;Quarry"
193,Animal,1.15,85,1.2,0,210,62,148,0.295,119,500,"","Clay=38848.36;PlantFiber=36992.71;WoodLog=224.23","ClayPit=3;Farm=3;FiberGatheringCamp=3;HealerHut=10;Pasture=3;WoodHouse=17","Agriculture;AnimalHusbandry;ClayExtraction;ControlledFire;HerbalKnowledge;KnowledgeSharing;Quarry"
194,Animal,1.15,85,1.2,0,210,62,148,0.295,119,500,"","Clay=39011.12;PlantFiber=37155.47;WoodLog=284.23","ClayPit=3;Farm=3;FiberGatheringCamp=3;HealerHut=10;Pasture=3;WoodHouse=17","Agriculture;AnimalHusbandry;ClayExtraction;ControlledFire;HerbalKnowledge;KnowledgeSharing;Quarry"
195,Animal,1.15,85,1.2,0,210,62,148,0.295,119,500,"","Clay=39173.88;PlantFiber=37318.23;WoodLog=344.23","ClayPit=3;Farm=3;FiberGatheringCamp=3;HealerHut=10;Pasture=3;WoodHouse=17","Agriculture;AnimalHusbandry;ClayExtraction;ControlledFire;HerbalKnowledge;KnowledgeSharing;Quarry"
196,Animal,1.15,85,1.2,0,210,62,148,0.295,119,500,"","Clay=39336.64;PlantFiber=37480.99;WoodLog=404.23","ClayPit=3;Farm=3;FiberGatheringCamp=3;HealerHut=10;Pasture=3;WoodHouse=17","Agriculture;AnimalHusbandry;ClayExtraction;ControlledFire;HerbalKnowledge;KnowledgeSharing;Quarry"
197,Animal,1.15,85,1.2,0,210,62,148,0.295,119,500,"","Clay=39499.4;PlantFiber=37643.75;WoodLog=464.23","ClayPit=3;Farm=3;FiberGatheringCamp=3;HealerHut=10;Pasture=3;WoodHouse=17","Agriculture;AnimalHusbandry;ClayExtraction;ControlledFire;HerbalKnowledge;KnowledgeSharing;Quarry"
198,Animal,1.15,85,1.2,0,210,62,148,0.295,119,500,"","Clay=39662.16;PlantFiber=37806.51;WoodLog=524.23","ClayPit=3;Farm=3;FiberGatheringCamp=3;HealerHut=10;Pasture=3;WoodHouse=17","Agriculture;AnimalHusbandry;ClayExtraction;ControlledFire;HerbalKnowledge;KnowledgeSharing;Quarry"
199,Animal,1.15,85,1.2,0,210,62,148,0.295,119,500,"","Clay=39824.92;PlantFiber=37969.27;WoodLog=584.23","ClayPit=3;Farm=3;FiberGatheringCamp=3;HealerHut=10;Pasture=3;WoodHouse=17","Agriculture;AnimalHusbandry;ClayExtraction;ControlledFire;HerbalKnowledge;KnowledgeSharing;Quarry"
200,Animal,1.15,85,1.2,0,210,62,148,0.295,119,500,"","Clay=39987.68;PlantFiber=38132.03;WoodLog=644.23","ClayPit=3;Farm=3;FiberGatheringCamp=3;HealerHut=10;Pasture=3;WoodHouse=17","Agriculture;AnimalHusbandry;ClayExtraction;ControlledFire;HerbalKnowledge;KnowledgeSharing;Quarry"
201,Animal,1.15,85,1.2,0,210,62,148,0.295,119,500,"","Clay=40150.44;PlantFiber=38294.79;WoodLog=704.23","ClayPit=3;Farm=3;FiberGatheringCamp=3;HealerHut=10;Pasture=3;WoodHouse=17","Agriculture;AnimalHusbandry;ClayExtraction;ControlledFire;HerbalKnowledge;KnowledgeSharing;Quarry"
202,Animal,1.15,85,1.2,0,210,62,148,0.295,119,500,"","Clay=40313.2;PlantFiber=38457.55;WoodLog=764.23","ClayPit=3;Farm=3;FiberGatheringCamp=3;HealerHut=10;Pasture=3;WoodHouse=17","Agriculture;AnimalHusbandry;ClayExtraction;ControlledFire;HerbalKnowledge;KnowledgeSharing;Quarry"
203,Animal,1.15,85,1.2,0,210,62,148,0.295,119,500,"","Clay=40475.96;PlantFiber=38620.31;WoodLog=824.23","ClayPit=3;Farm=3;FiberGatheringCamp=3;HealerHut=10;Pasture=3;WoodHouse=17","Agriculture;AnimalHusbandry;ClayExtraction;ControlledFire;HerbalKnowledge;KnowledgeSharing;Quarry"
204,Animal,1.15,85,1.2,0,210,62,148,0.295,119,500,"","Clay=40638.72;PlantFiber=38783.07;WoodLog=884.23","ClayPit=3;Farm=3;FiberGatheringCamp=3;HealerHut=10;Pasture=3;WoodHouse=17","Agriculture;AnimalHusbandry;ClayExtraction;ControlledFire;HerbalKnowledge;KnowledgeSharing;Quarry"
205,Animal,1.15,85,1.2,0,210,62,148,0.295,119,500,"","Clay=40801.48;PlantFiber=38945.83;WoodLog=944.23","ClayPit=3;Farm=3;FiberGatheringCamp=3;HealerHut=10;Pasture=3;WoodHouse=17","Agriculture;AnimalHusbandry;ClayExtraction;ControlledFire;HerbalKnowledge;KnowledgeSharing;Quarry"
206,Animal,1.15,85,1.2,0,210,62,148,0.295,119,500,"","Clay=40964.24;PlantFiber=39108.59;WoodLog=1004.23","ClayPit=3;Farm=3;FiberGatheringCamp=3;HealerHut=10;Pasture=3;WoodHouse=17","Agriculture;AnimalHusbandry;ClayExtraction;ControlledFire;HerbalKnowledge;KnowledgeSharing;Quarry"
207,Animal,1.15,85,1.2,0,210,62,148,0.295,119,500,"","Clay=41127;PlantFiber=39271.35;WoodLog=1064.23","ClayPit=3;Farm=3;FiberGatheringCamp=3;HealerHut=10;Pasture=3;WoodHouse=17","Agriculture;AnimalHusbandry;ClayExtraction;ControlledFire;HerbalKnowledge;KnowledgeSharing;Quarry"
208,Animal,1.15,85,1.2,0,210,62,148,0.295,119,500,"","Clay=41289.76;PlantFiber=39434.12;WoodLog=1124.23","ClayPit=3;Farm=3;FiberGatheringCamp=3;HealerHut=10;Pasture=3;WoodHouse=17","Agriculture;AnimalHusbandry;ClayExtraction;ControlledFire;HerbalKnowledge;KnowledgeSharing;Quarry"
209,Animal,1.15,85,1.2,0,210,62,148,0.295,119,500,"","Clay=41452.52;PlantFiber=39596.88;WoodLog=1184.23","ClayPit=3;Farm=3;FiberGatheringCamp=3;HealerHut=10;Pasture=3;WoodHouse=17","Agriculture;AnimalHusbandry;ClayExtraction;ControlledFire;HerbalKnowledge;KnowledgeSharing;Quarry"
210,Animal,1.15,85,1.2,0,210,62,148,0.295,119,500,"","Clay=41615.29;PlantFiber=39759.64;WoodLog=1244.23","ClayPit=3;Farm=3;FiberGatheringCamp=3;HealerHut=10;Pasture=3;WoodHouse=17","Agriculture;AnimalHusbandry;ClayExtraction;ControlledFire;HerbalKnowledge;KnowledgeSharing;Quarry"
211,Animal,1.15,85,1.2,0,210,62,148,0.295,119,500,"","Clay=41778.05;PlantFiber=39922.4;WoodLog=1304.23","ClayPit=3;Farm=3;FiberGatheringCamp=3;HealerHut=10;Pasture=3;WoodHouse=17","Agriculture;AnimalHusbandry;ClayExtraction;ControlledFire;HerbalKnowledge;KnowledgeSharing;Quarry"
212,Animal,1.15,86,1.2,2.734,212,62,150,0.292,122,500,"","Clay=41940.44;PlantFiber=40084.79;WoodLog=30.45","ClayPit=3;Farm=3;FiberGatheringCamp=3;HealerHut=10;Pasture=3;WoodHouse=18","Agriculture;AnimalHusbandry;ClayExtraction;ControlledFire;HerbalKnowledge;KnowledgeSharing;Quarry"
213,Animal,1.15,88,1.2,1.368,216,62,154,0.287,122,500,"","Clay=42099.31;PlantFiber=40243.66;WoodLog=90.45","ClayPit=3;Farm=3;FiberGatheringCamp=3;HealerHut=10;Pasture=3;WoodHouse=18","Agriculture;AnimalHusbandry;ClayExtraction;ControlledFire;HerbalKnowledge;KnowledgeSharing;Quarry"
214,Animal,1.15,89,1.2,0.684,218,62,156,0.284,122,500,"","Clay=42255.7;PlantFiber=40400.05;WoodLog=150.45","ClayPit=3;Farm=3;FiberGatheringCamp=3;HealerHut=10;Pasture=3;WoodHouse=18","Agriculture;AnimalHusbandry;ClayExtraction;ControlledFire;HerbalKnowledge;KnowledgeSharing;Quarry"
215,Animal,1.15,90,1.2,0,220,62,158,0.282,122,500,"","Clay=42411.13;PlantFiber=40555.49;WoodLog=210.45","ClayPit=3;Farm=3;FiberGatheringCamp=3;HealerHut=10;Pasture=3;WoodHouse=18","Agriculture;AnimalHusbandry;ClayExtraction;ControlledFire;HerbalKnowledge;KnowledgeSharing;Quarry"
216,Animal,1.15,90,1.2,0,220,62,158,0.282,122,500,"","Clay=42565.21;PlantFiber=40709.57;WoodLog=270.45","ClayPit=3;Farm=3;FiberGatheringCamp=3;HealerHut=10;Pasture=3;WoodHouse=18","Agriculture;AnimalHusbandry;ClayExtraction;ControlledFire;HerbalKnowledge;KnowledgeSharing;Quarry"
217,Animal,1.15,90,1.2,0,220,62,158,0.282,122,500,"","Clay=42719.29;PlantFiber=40863.65;WoodLog=330.45","ClayPit=3;Farm=3;FiberGatheringCamp=3;HealerHut=10;Pasture=3;WoodHouse=18","Agriculture;AnimalHusbandry;ClayExtraction;ControlledFire;HerbalKnowledge;KnowledgeSharing;Quarry"
218,Animal,1.15,90,1.2,0,220,62,158,0.282,122,500,"","Clay=42873.37;PlantFiber=41017.73;WoodLog=390.45","ClayPit=3;Farm=3;FiberGatheringCamp=3;HealerHut=10;Pasture=3;WoodHouse=18","Agriculture;AnimalHusbandry;ClayExtraction;ControlledFire;HerbalKnowledge;KnowledgeSharing;Quarry"
219,Animal,1.15,90,1.2,0,220,62,158,0.282,122,500,"","Clay=43027.45;PlantFiber=41171.81;WoodLog=450.45","ClayPit=3;Farm=3;FiberGatheringCamp=3;HealerHut=10;Pasture=3;WoodHouse=18","Agriculture;AnimalHusbandry;ClayExtraction;ControlledFire;HerbalKnowledge;KnowledgeSharing;Quarry"
220,Animal,1.15,90,1.2,0,220,62,158,0.282,122,500,"","Clay=43181.53;PlantFiber=41325.89;WoodLog=510.45","ClayPit=3;Farm=3;FiberGatheringCamp=3;HealerHut=10;Pasture=3;WoodHouse=18","Agriculture;AnimalHusbandry;ClayExtraction;ControlledFire;HerbalKnowledge;KnowledgeSharing;Quarry"
221,Animal,1.15,90,1.2,0,220,62,158,0.282,122,500,"","Clay=43335.61;PlantFiber=41479.97;WoodLog=570.45","ClayPit=3;Farm=3;FiberGatheringCamp=3;HealerHut=10;Pasture=3;WoodHouse=18","Agriculture;AnimalHusbandry;ClayExtraction;ControlledFire;HerbalKnowledge;KnowledgeSharing;Quarry"
222,Animal,1.15,90,1.2,0,220,62,158,0.282,122,500,"","Clay=43489.69;PlantFiber=41634.05;WoodLog=630.45","ClayPit=3;Farm=3;FiberGatheringCamp=3;HealerHut=10;Pasture=3;WoodHouse=18","Agriculture;AnimalHusbandry;ClayExtraction;ControlledFire;HerbalKnowledge;KnowledgeSharing;Quarry"
223,Animal,1.15,90,1.2,0,220,62,158,0.282,122,500,"","Clay=43643.77;PlantFiber=41788.13;WoodLog=690.45","ClayPit=3;Farm=3;FiberGatheringCamp=3;HealerHut=10;Pasture=3;WoodHouse=18","Agriculture;AnimalHusbandry;ClayExtraction;ControlledFire;HerbalKnowledge;KnowledgeSharing;Quarry"
224,Animal,1.15,90,1.2,0,220,62,158,0.282,122,500,"","Clay=43797.85;PlantFiber=41942.21;WoodLog=750.45","ClayPit=3;Farm=3;FiberGatheringCamp=3;HealerHut=10;Pasture=3;WoodHouse=18","Agriculture;AnimalHusbandry;ClayExtraction;ControlledFire;HerbalKnowledge;KnowledgeSharing;Quarry"
225,Animal,1.15,90,1.2,0,220,62,158,0.282,122,500,"","Clay=43951.93;PlantFiber=42096.29;WoodLog=810.45","ClayPit=3;Farm=3;FiberGatheringCamp=3;HealerHut=10;Pasture=3;WoodHouse=18","Agriculture;AnimalHusbandry;ClayExtraction;ControlledFire;HerbalKnowledge;KnowledgeSharing;Quarry"
226,Animal,1.15,90,1.2,0,220,62,158,0.282,122,500,"","Clay=44106.01;PlantFiber=42250.37;WoodLog=870.45","ClayPit=3;Farm=3;FiberGatheringCamp=3;HealerHut=10;Pasture=3;WoodHouse=18","Agriculture;AnimalHusbandry;ClayExtraction;ControlledFire;HerbalKnowledge;KnowledgeSharing;Quarry"
227,Animal,1.15,90,1.2,0,220,62,158,0.282,122,500,"","Clay=44260.09;PlantFiber=42404.45;WoodLog=930.45","ClayPit=3;Farm=3;FiberGatheringCamp=3;HealerHut=10;Pasture=3;WoodHouse=18","Agriculture;AnimalHusbandry;ClayExtraction;ControlledFire;HerbalKnowledge;KnowledgeSharing;Quarry"
228,Animal,1.15,90,1.2,0,220,62,158,0.282,122,500,"","Clay=44414.17;PlantFiber=42558.53;WoodLog=990.45","ClayPit=3;Farm=3;FiberGatheringCamp=3;HealerHut=10;Pasture=3;WoodHouse=18","Agriculture;AnimalHusbandry;ClayExtraction;ControlledFire;HerbalKnowledge;KnowledgeSharing;Quarry"
229,Animal,1.15,90,1.2,0,220,62,158,0.282,122,500,"","Clay=44568.25;PlantFiber=42712.61;WoodLog=1050.45","ClayPit=3;Farm=3;FiberGatheringCamp=3;HealerHut=10;Pasture=3;WoodHouse=18","Agriculture;AnimalHusbandry;ClayExtraction;ControlledFire;HerbalKnowledge;KnowledgeSharing;Quarry"
230,Animal,1.15,90,1.2,0,220,62,158,0.282,122,500,"","Clay=44722.33;PlantFiber=42866.69;WoodLog=1110.45","ClayPit=3;Farm=3;FiberGatheringCamp=3;HealerHut=10;Pasture=3;WoodHouse=18","Agriculture;AnimalHusbandry;ClayExtraction;ControlledFire;HerbalKnowledge;KnowledgeSharing;Quarry"
231,Animal,1.15,90,1.2,0,220,62,158,0.282,122,500,"","Clay=44876.41;PlantFiber=43020.77;WoodLog=1170.45","ClayPit=3;Farm=3;FiberGatheringCamp=3;HealerHut=10;Pasture=3;WoodHouse=18","Agriculture;AnimalHusbandry;ClayExtraction;ControlledFire;HerbalKnowledge;KnowledgeSharing;Quarry"
232,Animal,1.15,90,1.2,0,220,62,158,0.282,122,500,"","Clay=45030.49;PlantFiber=43174.85;WoodLog=1230.45","ClayPit=3;Farm=3;FiberGatheringCamp=3;HealerHut=10;Pasture=3;WoodHouse=18","Agriculture;AnimalHusbandry;ClayExtraction;ControlledFire;HerbalKnowledge;KnowledgeSharing;Quarry"
233,Animal,1.15,90,1.2,0,220,62,158,0.282,122,500,"","Clay=45184.57;PlantFiber=43328.93;WoodLog=1290.45","ClayPit=3;Farm=3;FiberGatheringCamp=3;HealerHut=10;Pasture=3;WoodHouse=18","Agriculture;AnimalHusbandry;ClayExtraction;ControlledFire;HerbalKnowledge;KnowledgeSharing;Quarry"
234,Animal,1.15,90,1.2,0,220,62,158,0.282,122,500,"","Clay=45338.65;PlantFiber=43483.01;WoodLog=1350.45","ClayPit=3;Farm=3;FiberGatheringCamp=3;HealerHut=10;Pasture=3;WoodHouse=18","Agriculture;AnimalHusbandry;ClayExtraction;ControlledFire;HerbalKnowledge;KnowledgeSharing;Quarry"
235,Animal,1.15,90,1.2,0,220,62,158,0.282,122,500,"","Clay=45492.73;PlantFiber=43637.09;WoodLog=1410.45","ClayPit=3;Farm=3;FiberGatheringCamp=3;HealerHut=10;Pasture=3;WoodHouse=18","Agriculture;AnimalHusbandry;ClayExtraction;ControlledFire;HerbalKnowledge;KnowledgeSharing;Quarry"
236,Animal,1.15,90,1.2,0,220,62,158,0.282,122,500,"","Clay=45646.81;PlantFiber=43791.17;WoodLog=1470.45","ClayPit=3;Farm=3;FiberGatheringCamp=3;HealerHut=10;Pasture=3;WoodHouse=18","Agriculture;AnimalHusbandry;ClayExtraction;ControlledFire;HerbalKnowledge;KnowledgeSharing;Quarry"
237,Animal,1.15,90,1.2,0,220,62,158,0.282,122,500,"","Clay=45800.89;PlantFiber=43945.25;WoodLog=1530.45","ClayPit=3;Farm=3;FiberGatheringCamp=3;HealerHut=10;Pasture=3;WoodHouse=18","Agriculture;AnimalHusbandry;ClayExtraction;ControlledFire;HerbalKnowledge;KnowledgeSharing;Quarry"
238,Animal,1.15,90,1.2,3.244,220,62,158,0.282,125,500,"","Clay=45954.97;PlantFiber=44099.33;WoodLog=16.59","ClayPit=3;Farm=3;FiberGatheringCamp=3;HealerHut=10;Pasture=3;WoodHouse=19","Agriculture;AnimalHusbandry;ClayExtraction;ControlledFire;HerbalKnowledge;KnowledgeSharing;Quarry"
239,Animal,1.15,92,1.2,1.948,224,62,162,0.277,125,500,"","Clay=46106.93;PlantFiber=44251.28;WoodLog=76.59","ClayPit=3;Farm=3;FiberGatheringCamp=3;HealerHut=10;Pasture=3;WoodHouse=19","Agriculture;AnimalHusbandry;ClayExtraction;ControlledFire;HerbalKnowledge;KnowledgeSharing;Quarry"
240,Animal,1.15,94,1.2,0.65,228,62,166,0.272,125,500,"","Clay=46256;PlantFiber=44400.35;WoodLog=136.59","ClayPit=3;Farm=3;FiberGatheringCamp=3;HealerHut=10;Pasture=3;WoodHouse=19","Agriculture;AnimalHusbandry;ClayExtraction;ControlledFire;HerbalKnowledge;KnowledgeSharing;Quarry"
241,Animal,1.15,94,1.2,0.65,228,62,166,0.272,125,500,"","Clay=46403.78;PlantFiber=44548.13;WoodLog=196.59","ClayPit=3;Farm=3;FiberGatheringCamp=3;HealerHut=10;Pasture=3;WoodHouse=19","Agriculture;AnimalHusbandry;ClayExtraction;ControlledFire;HerbalKnowledge;KnowledgeSharing;Quarry"
242,Animal,1.15,95,1.2,0,230,62,168,0.27,125,500,"","Clay=46550.58;PlantFiber=44694.93;WoodLog=256.59","ClayPit=3;Farm=3;FiberGatheringCamp=3;HealerHut=10;Pasture=3;WoodHouse=19","Agriculture;AnimalHusbandry;ClayExtraction;ControlledFire;HerbalKnowledge;KnowledgeSharing;Quarry"
243,Animal,1.15,95,1.2,0,230,62,168,0.27,125,500,"","Clay=46696.86;PlantFiber=44841.21;WoodLog=316.59","ClayPit=3;Farm=3;FiberGatheringCamp=3;HealerHut=10;Pasture=3;WoodHouse=19","Agriculture;AnimalHusbandry;ClayExtraction;ControlledFire;HerbalKnowledge;KnowledgeSharing;Quarry"
244,Animal,1.15,95,1.2,0,230,62,168,0.27,125,500,"","Clay=46843.14;PlantFiber=44987.49;WoodLog=376.59","ClayPit=3;Farm=3;FiberGatheringCamp=3;HealerHut=10;Pasture=3;WoodHouse=19","Agriculture;AnimalHusbandry;ClayExtraction;ControlledFire;HerbalKnowledge;KnowledgeSharing;Quarry"
245,Animal,1.15,95,1.2,0,230,62,168,0.27,125,500,"","Clay=46989.42;PlantFiber=45133.77;WoodLog=436.59","ClayPit=3;Farm=3;FiberGatheringCamp=3;HealerHut=10;Pasture=3;WoodHouse=19","Agriculture;AnimalHusbandry;ClayExtraction;ControlledFire;HerbalKnowledge;KnowledgeSharing;Quarry"
246,Animal,1.15,95,1.2,0,230,62,168,0.27,125,500,"","Clay=47135.69;PlantFiber=45280.05;WoodLog=496.59","ClayPit=3;Farm=3;FiberGatheringCamp=3;HealerHut=10;Pasture=3;WoodHouse=19","Agriculture;AnimalHusbandry;ClayExtraction;ControlledFire;HerbalKnowledge;KnowledgeSharing;Quarry"
247,Animal,1.15,95,1.2,0,230,62,168,0.27,125,500,"","Clay=47281.97;PlantFiber=45426.32;WoodLog=556.59","ClayPit=3;Farm=3;FiberGatheringCamp=3;HealerHut=10;Pasture=3;WoodHouse=19","Agriculture;AnimalHusbandry;ClayExtraction;ControlledFire;HerbalKnowledge;KnowledgeSharing;Quarry"
248,Animal,1.15,95,1.2,0,230,62,168,0.27,125,500,"","Clay=47428.25;PlantFiber=45572.6;WoodLog=616.59","ClayPit=3;Farm=3;FiberGatheringCamp=3;HealerHut=10;Pasture=3;WoodHouse=19","Agriculture;AnimalHusbandry;ClayExtraction;ControlledFire;HerbalKnowledge;KnowledgeSharing;Quarry"
249,Animal,1.15,95,1.2,0,230,62,168,0.27,125,500,"","Clay=47574.53;PlantFiber=45718.88;WoodLog=676.59","ClayPit=3;Farm=3;FiberGatheringCamp=3;HealerHut=10;Pasture=3;WoodHouse=19","Agriculture;AnimalHusbandry;ClayExtraction;ControlledFire;HerbalKnowledge;KnowledgeSharing;Quarry"
250,Animal,1.15,95,1.2,0,230,62,168,0.27,125,500,"","Clay=47720.81;PlantFiber=45865.16;WoodLog=736.59","ClayPit=3;Farm=3;FiberGatheringCamp=3;HealerHut=10;Pasture=3;WoodHouse=19","Agriculture;AnimalHusbandry;ClayExtraction;ControlledFire;HerbalKnowledge;KnowledgeSharing;Quarry"
251,Animal,1.15,95,1.2,0,230,62,168,0.27,125,500,"","Clay=47867.09;PlantFiber=46011.44;WoodLog=796.59","ClayPit=3;Farm=3;FiberGatheringCamp=3;HealerHut=10;Pasture=3;WoodHouse=19","Agriculture;AnimalHusbandry;ClayExtraction;ControlledFire;HerbalKnowledge;KnowledgeSharing;Quarry"
252,Animal,1.15,95,1.2,0,230,62,168,0.27,125,500,"","Clay=48013.37;PlantFiber=46157.72;WoodLog=856.59","ClayPit=3;Farm=3;FiberGatheringCamp=3;HealerHut=10;Pasture=3;WoodHouse=19","Agriculture;AnimalHusbandry;ClayExtraction;ControlledFire;HerbalKnowledge;KnowledgeSharing;Quarry"
253,Animal,1.15,95,1.2,0,230,62,168,0.27,125,500,"","Clay=48159.64;PlantFiber=46304;WoodLog=916.59","ClayPit=3;Farm=3;FiberGatheringCamp=3;HealerHut=10;Pasture=3;WoodHouse=19","Agriculture;AnimalHusbandry;ClayExtraction;ControlledFire;HerbalKnowledge;KnowledgeSharing;Quarry"
254,Animal,1.15,95,1.2,0,230,62,168,0.27,125,500,"","Clay=48305.92;PlantFiber=46450.27;WoodLog=976.59","ClayPit=3;Farm=3;FiberGatheringCamp=3;HealerHut=10;Pasture=3;WoodHouse=19","Agriculture;AnimalHusbandry;ClayExtraction;ControlledFire;HerbalKnowledge;KnowledgeSharing;Quarry"
255,Animal,1.15,95,1.2,0,230,62,168,0.27,125,500,"","Clay=48452.2;PlantFiber=46596.55;WoodLog=1036.59","ClayPit=3;Farm=3;FiberGatheringCamp=3;HealerHut=10;Pasture=3;WoodHouse=19","Agriculture;AnimalHusbandry;ClayExtraction;ControlledFire;HerbalKnowledge;KnowledgeSharing;Quarry"
256,Animal,1.15,95,1.2,0,230,62,168,0.27,125,500,"","Clay=48598.48;PlantFiber=46742.83;WoodLog=1096.59","ClayPit=3;Farm=3;FiberGatheringCamp=3;HealerHut=10;Pasture=3;WoodHouse=19","Agriculture;AnimalHusbandry;ClayExtraction;ControlledFire;HerbalKnowledge;KnowledgeSharing;Quarry"
257,Animal,1.15,95,1.2,0,230,62,168,0.27,125,500,"","Clay=48744.76;PlantFiber=46889.11;WoodLog=1156.59","ClayPit=3;Farm=3;FiberGatheringCamp=3;HealerHut=10;Pasture=3;WoodHouse=19","Agriculture;AnimalHusbandry;ClayExtraction;ControlledFire;HerbalKnowledge;KnowledgeSharing;Quarry"
258,Animal,1.15,95,1.2,0,230,62,168,0.27,125,500,"","Clay=48891.04;PlantFiber=47035.39;WoodLog=1216.59","ClayPit=3;Farm=3;FiberGatheringCamp=3;HealerHut=10;Pasture=3;WoodHouse=19","Agriculture;AnimalHusbandry;ClayExtraction;ControlledFire;HerbalKnowledge;KnowledgeSharing;Quarry"
259,Animal,1.15,95,1.2,0,230,62,168,0.27,125,500,"","Clay=49037.32;PlantFiber=47181.67;WoodLog=1276.59","ClayPit=3;Farm=3;FiberGatheringCamp=3;HealerHut=10;Pasture=3;WoodHouse=19","Agriculture;AnimalHusbandry;ClayExtraction;ControlledFire;HerbalKnowledge;KnowledgeSharing;Quarry"
260,Animal,1.15,95,1.2,0,230,62,168,0.27,125,500,"","Clay=49183.59;PlantFiber=47327.94;WoodLog=1336.59","ClayPit=3;Farm=3;FiberGatheringCamp=3;HealerHut=10;Pasture=3;WoodHouse=19","Agriculture;AnimalHusbandry;ClayExtraction;ControlledFire;HerbalKnowledge;KnowledgeSharing;Quarry"
261,Animal,1.15,95,1.2,0,230,62,168,0.27,125,500,"","Clay=49329.87;PlantFiber=47474.22;WoodLog=1396.59","ClayPit=3;Farm=3;FiberGatheringCamp=3;HealerHut=10;Pasture=3;WoodHouse=19","Agriculture;AnimalHusbandry;ClayExtraction;ControlledFire;HerbalKnowledge;KnowledgeSharing;Quarry"
262,Animal,1.15,95,1.2,0,230,62,168,0.27,125,500,"","Clay=49476.15;PlantFiber=47620.5;WoodLog=1456.59","ClayPit=3;Farm=3;FiberGatheringCamp=3;HealerHut=10;Pasture=3;WoodHouse=19","Agriculture;AnimalHusbandry;ClayExtraction;ControlledFire;HerbalKnowledge;KnowledgeSharing;Quarry"
263,Animal,1.15,95,1.2,0,230,62,168,0.27,125,500,"","Clay=49622.43;PlantFiber=47766.78;WoodLog=1516.59","ClayPit=3;Farm=3;FiberGatheringCamp=3;HealerHut=10;Pasture=3;WoodHouse=19","Agriculture;AnimalHusbandry;ClayExtraction;ControlledFire;HerbalKnowledge;KnowledgeSharing;Quarry"
264,Animal,1.15,95,1.2,0,230,62,168,0.27,125,500,"","Clay=49768.71;PlantFiber=47913.06;WoodLog=1576.59","ClayPit=3;Farm=3;FiberGatheringCamp=3;HealerHut=10;Pasture=3;WoodHouse=19","Agriculture;AnimalHusbandry;ClayExtraction;ControlledFire;HerbalKnowledge;KnowledgeSharing;Quarry"
265,Animal,1.15,95,1.2,0,230,62,168,0.27,125,500,"","Clay=49914.99;PlantFiber=48059.34;WoodLog=1636.59","ClayPit=3;Farm=3;FiberGatheringCamp=3;HealerHut=10;Pasture=3;WoodHouse=19","Agriculture;AnimalHusbandry;ClayExtraction;ControlledFire;HerbalKnowledge;KnowledgeSharing;Quarry"
266,Animal,1.15,95,1.2,0,230,62,168,0.27,125,500,"","Clay=50061.26;PlantFiber=48205.62;WoodLog=1696.59","ClayPit=3;Farm=3;FiberGatheringCamp=3;HealerHut=10;Pasture=3;WoodHouse=19","Agriculture;AnimalHusbandry;ClayExtraction;ControlledFire;HerbalKnowledge;KnowledgeSharing;Quarry"
267,Animal,1.15,95,1.2,0,230,62,168,0.27,125,500,"","Clay=50207.54;PlantFiber=48351.89;WoodLog=1756.59","ClayPit=3;Farm=3;FiberGatheringCamp=3;HealerHut=10;Pasture=3;WoodHouse=19","Agriculture;AnimalHusbandry;ClayExtraction;ControlledFire;HerbalKnowledge;KnowledgeSharing;Quarry"
268,Animal,1.15,95,1.2,0,230,62,168,0.27,125,500,"","Clay=50353.82;PlantFiber=48498.17;WoodLog=1816.59","ClayPit=3;Farm=3;FiberGatheringCamp=3;HealerHut=10;Pasture=3;WoodHouse=19","Agriculture;AnimalHusbandry;ClayExtraction;ControlledFire;HerbalKnowledge;KnowledgeSharing;Quarry"
269,Animal,1.15,95,1.2,3.088,230,62,168,0.27,128,500,"","Clay=50500.1;PlantFiber=48644.45;WoodLog=19.43","ClayPit=3;Farm=3;FiberGatheringCamp=3;HealerHut=10;Pasture=3;WoodHouse=20","Agriculture;AnimalHusbandry;ClayExtraction;ControlledFire;HerbalKnowledge;KnowledgeSharing;Quarry"
270,Animal,1.15,97,1.2,1.854,234,62,172,0.265,128,500,"","Clay=50644.53;PlantFiber=48788.88;WoodLog=79.43","ClayPit=3;Farm=3;FiberGatheringCamp=3;HealerHut=10;Pasture=3;WoodHouse=20","Agriculture;AnimalHusbandry;ClayExtraction;ControlledFire;HerbalKnowledge;KnowledgeSharing;Quarry"
271,Animal,1.15,99,1.2,0.619,238,62,176,0.261,128,500,"","Clay=50786.52;PlantFiber=48930.88;WoodLog=139.43","ClayPit=3;Farm=3;FiberGatheringCamp=3;HealerHut=10;Pasture=3;WoodHouse=20","Agriculture;AnimalHusbandry;ClayExtraction;ControlledFire;HerbalKnowledge;KnowledgeSharing;Quarry"
272,Animal,1.15,99,1.2,0.619,238,62,176,0.261,128,500,"","Clay=50927.11;PlantFiber=49071.46;WoodLog=199.43","ClayPit=3;Farm=3;FiberGatheringCamp=3;HealerHut=10;Pasture=3;WoodHouse=20","Agriculture;AnimalHusbandry;ClayExtraction;ControlledFire;HerbalKnowledge;KnowledgeSharing;Quarry"
273,Animal,1.15,100,1.2,0,240,62,178,0.258,128,500,"","Clay=51067.04;PlantFiber=49211.39;WoodLog=259.43","ClayPit=3;Farm=3;FiberGatheringCamp=3;HealerHut=10;Pasture=3;WoodHouse=20","Agriculture;AnimalHusbandry;ClayExtraction;ControlledFire;HerbalKnowledge;KnowledgeSharing;Quarry"
274,Animal,1.15,100,1.2,0,240,62,178,0.258,128,500,"","Clay=51206.27;PlantFiber=49350.62;WoodLog=319.43","ClayPit=3;Farm=3;FiberGatheringCamp=3;HealerHut=10;Pasture=3;WoodHouse=20","Agriculture;AnimalHusbandry;ClayExtraction;ControlledFire;HerbalKnowledge;KnowledgeSharing;Quarry"
275,Animal,1.15,100,1.2,0,240,62,178,0.258,128,500,"","Clay=51345.5;PlantFiber=49489.85;WoodLog=379.43","ClayPit=3;Farm=3;FiberGatheringCamp=3;HealerHut=10;Pasture=3;WoodHouse=20","Agriculture;AnimalHusbandry;ClayExtraction;ControlledFire;HerbalKnowledge;KnowledgeSharing;Quarry"
276,Animal,1.15,100,1.2,0,240,62,178,0.258,128,500,"","Clay=51484.72;PlantFiber=49629.08;WoodLog=439.43","ClayPit=3;Farm=3;FiberGatheringCamp=3;HealerHut=10;Pasture=3;WoodHouse=20","Agriculture;AnimalHusbandry;ClayExtraction;ControlledFire;HerbalKnowledge;KnowledgeSharing;Quarry"
277,Animal,1.15,100,1.2,0,240,62,178,0.258,128,500,"","Clay=51623.95;PlantFiber=49768.3;WoodLog=499.43","ClayPit=3;Farm=3;FiberGatheringCamp=3;HealerHut=10;Pasture=3;WoodHouse=20","Agriculture;AnimalHusbandry;ClayExtraction;ControlledFire;HerbalKnowledge;KnowledgeSharing;Quarry"
278,Animal,1.15,100,1.2,0,240,62,178,0.258,128,500,"","Clay=51763.18;PlantFiber=49907.53;WoodLog=559.43","ClayPit=3;Farm=3;FiberGatheringCamp=3;HealerHut=10;Pasture=3;WoodHouse=20","Agriculture;AnimalHusbandry;ClayExtraction;ControlledFire;HerbalKnowledge;KnowledgeSharing;Quarry"
279,Animal,1.15,100,1.2,0,240,62,178,0.258,128,500,"","Clay=51902.41;PlantFiber=50046.76;WoodLog=619.43","ClayPit=3;Farm=3;FiberGatheringCamp=3;HealerHut=10;Pasture=3;WoodHouse=20","Agriculture;AnimalHusbandry;ClayExtraction;ControlledFire;HerbalKnowledge;KnowledgeSharing;Quarry"
280,Animal,1.15,100,1.2,0,240,62,178,0.258,128,500,"","Clay=52041.64;PlantFiber=50185.99;WoodLog=679.43","ClayPit=3;Farm=3;FiberGatheringCamp=3;HealerHut=10;Pasture=3;WoodHouse=20","Agriculture;AnimalHusbandry;ClayExtraction;ControlledFire;HerbalKnowledge;KnowledgeSharing;Quarry"
281,Animal,1.15,100,1.2,0,240,62,178,0.258,128,500,"","Clay=52180.87;PlantFiber=50325.22;WoodLog=739.43","ClayPit=3;Farm=3;FiberGatheringCamp=3;HealerHut=10;Pasture=3;WoodHouse=20","Agriculture;AnimalHusbandry;ClayExtraction;ControlledFire;HerbalKnowledge;KnowledgeSharing;Quarry"
282,Animal,1.15,100,1.2,0,240,62,178,0.258,128,500,"","Clay=52320.1;PlantFiber=50464.45;WoodLog=799.43","ClayPit=3;Farm=3;FiberGatheringCamp=3;HealerHut=10;Pasture=3;WoodHouse=20","Agriculture;AnimalHusbandry;ClayExtraction;ControlledFire;HerbalKnowledge;KnowledgeSharing;Quarry"
283,Animal,1.15,100,1.2,0,240,62,178,0.258,128,500,"","Clay=52459.33;PlantFiber=50603.68;WoodLog=859.43","ClayPit=3;Farm=3;FiberGatheringCamp=3;HealerHut=10;Pasture=3;WoodHouse=20","Agriculture;AnimalHusbandry;ClayExtraction;ControlledFire;HerbalKnowledge;KnowledgeSharing;Quarry"
284,Animal,1.15,100,1.2,0,240,62,178,0.258,128,500,"","Clay=52598.56;PlantFiber=50742.91;WoodLog=919.43","ClayPit=3;Farm=3;FiberGatheringCamp=3;HealerHut=10;Pasture=3;WoodHouse=20","Agriculture;AnimalHusbandry;ClayExtraction;ControlledFire;HerbalKnowledge;KnowledgeSharing;Quarry"
285,Animal,1.15,100,1.2,0,240,62,178,0.258,128,500,"","Clay=52737.78;PlantFiber=50882.14;WoodLog=979.43","ClayPit=3;Farm=3;FiberGatheringCamp=3;HealerHut=10;Pasture=3;WoodHouse=20","Agriculture;AnimalHusbandry;ClayExtraction;ControlledFire;HerbalKnowledge;KnowledgeSharing;Quarry"
286,Animal,1.15,100,1.2,0,240,62,178,0.258,128,500,"","Clay=52877.01;PlantFiber=51021.36;WoodLog=1039.43","ClayPit=3;Farm=3;FiberGatheringCamp=3;HealerHut=10;Pasture=3;WoodHouse=20","Agriculture;AnimalHusbandry;ClayExtraction;ControlledFire;HerbalKnowledge;KnowledgeSharing;Quarry"
287,Animal,1.15,100,1.2,0,240,62,178,0.258,128,500,"","Clay=53016.24;PlantFiber=51160.59;WoodLog=1099.43","ClayPit=3;Farm=3;FiberGatheringCamp=3;HealerHut=10;Pasture=3;WoodHouse=20","Agriculture;AnimalHusbandry;ClayExtraction;ControlledFire;HerbalKnowledge;KnowledgeSharing;Quarry"
288,Animal,1.15,100,1.2,0,240,62,178,0.258,128,500,"","Clay=53155.47;PlantFiber=51299.82;WoodLog=1159.43","ClayPit=3;Farm=3;FiberGatheringCamp=3;HealerHut=10;Pasture=3;WoodHouse=20","Agriculture;AnimalHusbandry;ClayExtraction;ControlledFire;HerbalKnowledge;KnowledgeSharing;Quarry"
289,Animal,1.15,100,1.2,0,240,62,178,0.258,128,500,"","Clay=53294.7;PlantFiber=51439.05;WoodLog=1219.43","ClayPit=3;Farm=3;FiberGatheringCamp=3;HealerHut=10;Pasture=3;WoodHouse=20","Agriculture;AnimalHusbandry;ClayExtraction;ControlledFire;HerbalKnowledge;KnowledgeSharing;Quarry"
290,Animal,1.15,100,1.2,0,240,62,178,0.258,128,500,"","Clay=53433.93;PlantFiber=51578.28;WoodLog=1279.43","ClayPit=3;Farm=3;FiberGatheringCamp=3;HealerHut=10;Pasture=3;WoodHouse=20","Agriculture;AnimalHusbandry;ClayExtraction;ControlledFire;HerbalKnowledge;KnowledgeSharing;Quarry"
291,Animal,1.15,100,1.2,0,240,62,178,0.258,128,500,"","Clay=53573.16;PlantFiber=51717.51;WoodLog=1339.43","ClayPit=3;Farm=3;FiberGatheringCamp=3;HealerHut=10;Pasture=3;WoodHouse=20","Agriculture;AnimalHusbandry;ClayExtraction;ControlledFire;HerbalKnowledge;KnowledgeSharing;Quarry"
292,Animal,1.15,100,1.2,0,240,62,178,0.258,128,500,"","Clay=53712.39;PlantFiber=51856.74;WoodLog=1399.43","ClayPit=3;Farm=3;FiberGatheringCamp=3;HealerHut=10;Pasture=3;WoodHouse=20","Agriculture;AnimalHusbandry;ClayExtraction;ControlledFire;HerbalKnowledge;KnowledgeSharing;Quarry"
293,Animal,1.15,100,1.2,0,240,62,178,0.258,128,500,"","Clay=53851.62;PlantFiber=51995.97;WoodLog=1459.43","ClayPit=3;Farm=3;FiberGatheringCamp=3;HealerHut=10;Pasture=3;WoodHouse=20","Agriculture;AnimalHusbandry;ClayExtraction;ControlledFire;HerbalKnowledge;KnowledgeSharing;Quarry"
294,Animal,1.15,100,1.2,0,240,62,178,0.258,128,500,"","Clay=53990.85;PlantFiber=52135.2;WoodLog=1519.43","ClayPit=3;Farm=3;FiberGatheringCamp=3;HealerHut=10;Pasture=3;WoodHouse=20","Agriculture;AnimalHusbandry;ClayExtraction;ControlledFire;HerbalKnowledge;KnowledgeSharing;Quarry"
295,Animal,1.15,100,1.2,0,240,62,178,0.258,128,500,"","Clay=54130.07;PlantFiber=52274.43;WoodLog=1579.43","ClayPit=3;Farm=3;FiberGatheringCamp=3;HealerHut=10;Pasture=3;WoodHouse=20","Agriculture;AnimalHusbandry;ClayExtraction;ControlledFire;HerbalKnowledge;KnowledgeSharing;Quarry"
296,Animal,1.15,100,1.2,0,240,62,178,0.258,128,500,"","Clay=54269.3;PlantFiber=52413.65;WoodLog=1639.43","ClayPit=3;Farm=3;FiberGatheringCamp=3;HealerHut=10;Pasture=3;WoodHouse=20","Agriculture;AnimalHusbandry;ClayExtraction;ControlledFire;HerbalKnowledge;KnowledgeSharing;Quarry"
297,Animal,1.15,100,1.2,0,240,62,178,0.258,128,500,"","Clay=54408.53;PlantFiber=52552.88;WoodLog=1699.43","ClayPit=3;Farm=3;FiberGatheringCamp=3;HealerHut=10;Pasture=3;WoodHouse=20","Agriculture;AnimalHusbandry;ClayExtraction;ControlledFire;HerbalKnowledge;KnowledgeSharing;Quarry"
298,Animal,1.15,100,1.2,0,240,62,178,0.258,128,500,"","Clay=54547.76;PlantFiber=52692.11;WoodLog=1759.43","ClayPit=3;Farm=3;FiberGatheringCamp=3;HealerHut=10;Pasture=3;WoodHouse=20","Agriculture;AnimalHusbandry;ClayExtraction;ControlledFire;HerbalKnowledge;KnowledgeSharing;Quarry"
299,Animal,1.15,100,1.2,0,240,62,178,0.258,128,500,"","Clay=54686.99;PlantFiber=52831.34;WoodLog=1819.43","ClayPit=3;Farm=3;FiberGatheringCamp=3;HealerHut=10;Pasture=3;WoodHouse=20","Agriculture;AnimalHusbandry;ClayExtraction;ControlledFire;HerbalKnowledge;KnowledgeSharing;Quarry"
300,Animal,1.15,100,1.2,0,240,62,178,0.258,128,500,"","Clay=54826.22;PlantFiber=52970.57;WoodLog=1879.43","ClayPit=3;Farm=3;FiberGatheringCamp=3;HealerHut=10;Pasture=3;WoodHouse=20","Agriculture;AnimalHusbandry;ClayExtraction;ControlledFire;HerbalKnowledge;KnowledgeSharing;Quarry"
301,Animal,1.15,100,1.2,0,240,62,178,0.258,128,500,"","Clay=54965.45;PlantFiber=53109.8;WoodLog=1939.43","ClayPit=3;Farm=3;FiberGatheringCamp=3;HealerHut=10;Pasture=3;WoodHouse=20","Agriculture;AnimalHusbandry;ClayExtraction;ControlledFire;HerbalKnowledge;KnowledgeSharing;Quarry"
302,Animal,1.15,100,1.2,0,240,62,178,0.258,128,500,"","Clay=55104.68;PlantFiber=53249.03;WoodLog=1999.43","ClayPit=3;Farm=3;FiberGatheringCamp=3;HealerHut=10;Pasture=3;WoodHouse=20","Agriculture;AnimalHusbandry;ClayExtraction;ControlledFire;HerbalKnowledge;KnowledgeSharing;Quarry"
303,Animal,1.15,100,1.2,0,240,62,178,0.258,128,500,"","Clay=55243.91;PlantFiber=53388.26;WoodLog=2059.43","ClayPit=3;Farm=3;FiberGatheringCamp=3;HealerHut=10;Pasture=3;WoodHouse=20","Agriculture;AnimalHusbandry;ClayExtraction;ControlledFire;HerbalKnowledge;KnowledgeSharing;Quarry"
304,Animal,1.15,100,1.2,0,240,62,178,0.258,128,500,"","Clay=55383.13;PlantFiber=53527.49;WoodLog=2119.43","ClayPit=3;Farm=3;FiberGatheringCamp=3;HealerHut=10;Pasture=3;WoodHouse=20","Agriculture;AnimalHusbandry;ClayExtraction;ControlledFire;HerbalKnowledge;KnowledgeSharing;Quarry"
305,Animal,1.15,100,1.2,0,240,62,178,0.258,128,500,"","Clay=55522.36;PlantFiber=53666.71;WoodLog=2179.43","ClayPit=3;Farm=3;FiberGatheringCamp=3;HealerHut=10;Pasture=3;WoodHouse=20","Agriculture;AnimalHusbandry;ClayExtraction;ControlledFire;HerbalKnowledge;KnowledgeSharing;Quarry"
306,Animal,1.15,100,1.2,0,240,62,178,0.258,128,500,"","Clay=55661.59;PlantFiber=53805.94;WoodLog=2239.43","ClayPit=3;Farm=3;FiberGatheringCamp=3;HealerHut=10;Pasture=3;WoodHouse=20","Agriculture;AnimalHusbandry;ClayExtraction;ControlledFire;HerbalKnowledge;KnowledgeSharing;Quarry"
307,Animal,1.15,100,1.2,0,240,62,178,0.258,128,500,"","Clay=55800.82;PlantFiber=53945.17;WoodLog=2299.43","ClayPit=3;Farm=3;FiberGatheringCamp=3;HealerHut=10;Pasture=3;WoodHouse=20","Agriculture;AnimalHusbandry;ClayExtraction;ControlledFire;HerbalKnowledge;KnowledgeSharing;Quarry"
308,Animal,1.15,100,1.2,0,240,62,178,0.258,128,500,"","Clay=55940.05;PlantFiber=54084.4;WoodLog=2359.43","ClayPit=3;Farm=3;FiberGatheringCamp=3;HealerHut=10;Pasture=3;WoodHouse=20","Agriculture;AnimalHusbandry;ClayExtraction;ControlledFire;HerbalKnowledge;KnowledgeSharing;Quarry"
309,Animal,1.15,100,1.2,0,240,62,178,0.258,128,500,"","Clay=56079.28;PlantFiber=54223.63;WoodLog=2419.43","ClayPit=3;Farm=3;FiberGatheringCamp=3;HealerHut=10;Pasture=3;WoodHouse=20","Agriculture;AnimalHusbandry;ClayExtraction;ControlledFire;HerbalKnowledge;KnowledgeSharing;Quarry"
310,Animal,1.15,100,1.2,0,240,62,178,0.258,128,500,"","Clay=56218.51;PlantFiber=54362.86;WoodLog=2479.43","ClayPit=3;Farm=3;FiberGatheringCamp=3;HealerHut=10;Pasture=3;WoodHouse=20","Agriculture;AnimalHusbandry;ClayExtraction;ControlledFire;HerbalKnowledge;KnowledgeSharing;Quarry"
311,Animal,1.15,100,1.2,0,240,62,178,0.258,128,500,"","Clay=56357.74;PlantFiber=54502.09;WoodLog=2539.43","ClayPit=3;Farm=3;FiberGatheringCamp=3;HealerHut=10;Pasture=3;WoodHouse=20","Agriculture;AnimalHusbandry;ClayExtraction;ControlledFire;HerbalKnowledge;KnowledgeSharing;Quarry"
312,Animal,1.15,100,1.2,0,240,62,178,0.258,128,500,"","Clay=56496.97;PlantFiber=54641.32;WoodLog=2599.43","ClayPit=3;Farm=3;FiberGatheringCamp=3;HealerHut=10;Pasture=3;WoodHouse=20","Agriculture;AnimalHusbandry;ClayExtraction;ControlledFire;HerbalKnowledge;KnowledgeSharing;Quarry"
313,Animal,1.15,100,1.2,0,240,62,178,0.258,128,500,"","Clay=56636.19;PlantFiber=54780.55;WoodLog=2659.43","ClayPit=3;Farm=3;FiberGatheringCamp=3;HealerHut=10;Pasture=3;WoodHouse=20","Agriculture;AnimalHusbandry;ClayExtraction;ControlledFire;HerbalKnowledge;KnowledgeSharing;Quarry"
314,Animal,1.15,100,1.2,0,240,62,178,0.258,128,500,"","Clay=56775.42;PlantFiber=54919.77;WoodLog=2719.43","ClayPit=3;Farm=3;FiberGatheringCamp=3;HealerHut=10;Pasture=3;WoodHouse=20","Agriculture;AnimalHusbandry;ClayExtraction;ControlledFire;HerbalKnowledge;KnowledgeSharing;Quarry"
315,Animal,1.15,100,1.2,0,240,62,178,0.258,128,500,"","Clay=56914.65;PlantFiber=55059;WoodLog=2779.43","ClayPit=3;Farm=3;FiberGatheringCamp=3;HealerHut=10;Pasture=3;WoodHouse=20","Agriculture;AnimalHusbandry;ClayExtraction;ControlledFire;HerbalKnowledge;KnowledgeSharing;Quarry"
316,Animal,1.15,100,1.2,0,240,62,178,0.258,128,500,"","Clay=57053.88;PlantFiber=55198.23;WoodLog=2839.43","ClayPit=3;Farm=3;FiberGatheringCamp=3;HealerHut=10;Pasture=3;WoodHouse=20","Agriculture;AnimalHusbandry;ClayExtraction;ControlledFire;HerbalKnowledge;KnowledgeSharing;Quarry"
317,Animal,1.15,100,1.2,0,240,62,178,0.258,128,500,"","Clay=57193.11;PlantFiber=55337.46;WoodLog=2899.43","ClayPit=3;Farm=3;FiberGatheringCamp=3;HealerHut=10;Pasture=3;WoodHouse=20","Agriculture;AnimalHusbandry;ClayExtraction;ControlledFire;HerbalKnowledge;KnowledgeSharing;Quarry"
318,Animal,1.15,100,1.2,0,240,62,178,0.258,128,500,"","Clay=57332.34;PlantFiber=55476.69;WoodLog=2959.43","ClayPit=3;Farm=3;FiberGatheringCamp=3;HealerHut=10;Pasture=3;WoodHouse=20","Agriculture;AnimalHusbandry;ClayExtraction;ControlledFire;HerbalKnowledge;KnowledgeSharing;Quarry"
319,Animal,1.15,100,1.2,0,240,62,178,0.258,128,500,"","Clay=57471.57;PlantFiber=55615.92;WoodLog=3019.43","ClayPit=3;Farm=3;FiberGatheringCamp=3;HealerHut=10;Pasture=3;WoodHouse=20","Agriculture;AnimalHusbandry;ClayExtraction;ControlledFire;HerbalKnowledge;KnowledgeSharing;Quarry"
320,Animal,1.15,100,1.2,0,240,62,178,0.258,128,500,"","Clay=57610.8;PlantFiber=55755.15;WoodLog=3079.43","ClayPit=3;Farm=3;FiberGatheringCamp=3;HealerHut=10;Pasture=3;WoodHouse=20","Agriculture;AnimalHusbandry;ClayExtraction;ControlledFire;HerbalKnowledge;KnowledgeSharing;Quarry"
321,Animal,1.15,100,1.2,0,240,62,178,0.258,128,500,"","Clay=57750.03;PlantFiber=55894.38;WoodLog=3139.43","ClayPit=3;Farm=3;FiberGatheringCamp=3;HealerHut=10;Pasture=3;WoodHouse=20","Agriculture;AnimalHusbandry;ClayExtraction;ControlledFire;HerbalKnowledge;KnowledgeSharing;Quarry"
322,Animal,1.15,100,1.2,0,240,62,178,0.258,128,500,"","Clay=57889.25;PlantFiber=56033.61;WoodLog=3199.43","ClayPit=3;Farm=3;FiberGatheringCamp=3;HealerHut=10;Pasture=3;WoodHouse=20","Agriculture;AnimalHusbandry;ClayExtraction;ControlledFire;HerbalKnowledge;KnowledgeSharing;Quarry"
323,Animal,1.15,100,1.2,0,240,62,178,0.258,128,500,"","Clay=58028.48;PlantFiber=56172.83;WoodLog=3259.43","ClayPit=3;Farm=3;FiberGatheringCamp=3;HealerHut=10;Pasture=3;WoodHouse=20","Agriculture;AnimalHusbandry;ClayExtraction;ControlledFire;HerbalKnowledge;KnowledgeSharing;Quarry"
324,Animal,1.15,100,1.2,0,240,62,178,0.258,128,500,"","Clay=58167.71;PlantFiber=56312.06;WoodLog=3319.43","ClayPit=3;Farm=3;FiberGatheringCamp=3;HealerHut=10;Pasture=3;WoodHouse=20","Agriculture;AnimalHusbandry;ClayExtraction;ControlledFire;HerbalKnowledge;KnowledgeSharing;Quarry"
325,Animal,1.15,100,1.2,0,240,62,178,0.258,128,500,"","Clay=58306.94;PlantFiber=56451.29;WoodLog=3379.43","ClayPit=3;Farm=3;FiberGatheringCamp=3;HealerHut=10;Pasture=3;WoodHouse=20","Agriculture;AnimalHusbandry;ClayExtraction;ControlledFire;HerbalKnowledge;KnowledgeSharing;Quarry"
326,Animal,1.15,100,1.2,0,240,62,178,0.258,128,500,"","Clay=58446.17;PlantFiber=56590.52;WoodLog=3439.43","ClayPit=3;Farm=3;FiberGatheringCamp=3;HealerHut=10;Pasture=3;WoodHouse=20","Agriculture;AnimalHusbandry;ClayExtraction;ControlledFire;HerbalKnowledge;KnowledgeSharing;Quarry"
327,Animal,1.15,100,1.2,0,240,62,178,0.258,128,500,"","Clay=58585.4;PlantFiber=56729.75;WoodLog=3499.43","ClayPit=3;Farm=3;FiberGatheringCamp=3;HealerHut=10;Pasture=3;WoodHouse=20","Agriculture;AnimalHusbandry;ClayExtraction;ControlledFire;HerbalKnowledge;KnowledgeSharing;Quarry"
328,Animal,1.15,100,1.2,0,240,62,178,0.258,128,500,"","Clay=58724.63;PlantFiber=56868.98;WoodLog=3559.43","ClayPit=3;Farm=3;FiberGatheringCamp=3;HealerHut=10;Pasture=3;WoodHouse=20","Agriculture;AnimalHusbandry;ClayExtraction;ControlledFire;HerbalKnowledge;KnowledgeSharing;Quarry"
329,Animal,1.15,100,1.2,0,240,62,178,0.258,128,500,"","Clay=58863.86;PlantFiber=57008.21;WoodLog=3619.43","ClayPit=3;Farm=3;FiberGatheringCamp=3;HealerHut=10;Pasture=3;WoodHouse=20","Agriculture;AnimalHusbandry;ClayExtraction;ControlledFire;HerbalKnowledge;KnowledgeSharing;Quarry"
330,Animal,1.15,100,1.2,0,240,62,178,0.258,128,500,"","Clay=59003.09;PlantFiber=57147.44;WoodLog=3679.43","ClayPit=3;Farm=3;FiberGatheringCamp=3;HealerHut=10;Pasture=3;WoodHouse=20","Agriculture;AnimalHusbandry;ClayExtraction;ControlledFire;HerbalKnowledge;KnowledgeSharing;Quarry"
331,Animal,1.15,100,1.2,0,240,62,178,0.258,128,500,"","Clay=59142.31;PlantFiber=57286.67;WoodLog=3739.43","ClayPit=3;Farm=3;FiberGatheringCamp=3;HealerHut=10;Pasture=3;WoodHouse=20","Agriculture;AnimalHusbandry;ClayExtraction;ControlledFire;HerbalKnowledge;KnowledgeSharing;Quarry"
332,Animal,1.15,100,1.2,0,240,62,178,0.258,128,500,"","Clay=59281.54;PlantFiber=57425.9;WoodLog=3799.43","ClayPit=3;Farm=3;FiberGatheringCamp=3;HealerHut=10;Pasture=3;WoodHouse=20","Agriculture;AnimalHusbandry;ClayExtraction;ControlledFire;HerbalKnowledge;KnowledgeSharing;Quarry"
333,Animal,1.15,100,1.2,0,240,62,178,0.258,128,500,"","Clay=59420.77;PlantFiber=57565.12;WoodLog=3859.43","ClayPit=3;Farm=3;FiberGatheringCamp=3;HealerHut=10;Pasture=3;WoodHouse=20","Agriculture;AnimalHusbandry;ClayExtraction;ControlledFire;HerbalKnowledge;KnowledgeSharing;Quarry"
334,Animal,1.15,100,1.2,0,240,62,178,0.258,128,500,"","Clay=59560;PlantFiber=57704.35;WoodLog=3919.43","ClayPit=3;Farm=3;FiberGatheringCamp=3;HealerHut=10;Pasture=3;WoodHouse=20","Agriculture;AnimalHusbandry;ClayExtraction;ControlledFire;HerbalKnowledge;KnowledgeSharing;Quarry"
335,Animal,1.15,100,1.2,0,240,62,178,0.258,128,500,"","Clay=59699.23;PlantFiber=57843.58;WoodLog=3979.43","ClayPit=3;Farm=3;FiberGatheringCamp=3;HealerHut=10;Pasture=3;WoodHouse=20","Agriculture;AnimalHusbandry;ClayExtraction;ControlledFire;HerbalKnowledge;KnowledgeSharing;Quarry"
336,Animal,1.15,100,1.2,0,240,62,178,0.258,128,500,"","Clay=59838.46;PlantFiber=57982.81;WoodLog=4039.43","ClayPit=3;Farm=3;FiberGatheringCamp=3;HealerHut=10;Pasture=3;WoodHouse=20","Agriculture;AnimalHusbandry;ClayExtraction;ControlledFire;HerbalKnowledge;KnowledgeSharing;Quarry"
337,Animal,1.15,100,1.2,0,240,62,178,0.258,128,500,"","Clay=59977.69;PlantFiber=58122.04;WoodLog=4099.43","ClayPit=3;Farm=3;FiberGatheringCamp=3;HealerHut=10;Pasture=3;WoodHouse=20","Agriculture;AnimalHusbandry;ClayExtraction;ControlledFire;HerbalKnowledge;KnowledgeSharing;Quarry"
338,Animal,1.15,100,1.2,0,240,62,178,0.258,128,500,"","Clay=60116.92;PlantFiber=58261.27;WoodLog=4159.43","ClayPit=3;Farm=3;FiberGatheringCamp=3;HealerHut=10;Pasture=3;WoodHouse=20","Agriculture;AnimalHusbandry;ClayExtraction;ControlledFire;HerbalKnowledge;KnowledgeSharing;Quarry"
339,Animal,1.15,100,1.2,0,240,62,178,0.258,128,500,"","Clay=60256.15;PlantFiber=58400.5;WoodLog=4219.43","ClayPit=3;Farm=3;FiberGatheringCamp=3;HealerHut=10;Pasture=3;WoodHouse=20","Agriculture;AnimalHusbandry;ClayExtraction;ControlledFire;HerbalKnowledge;KnowledgeSharing;Quarry"
340,Animal,1.15,100,1.2,0,240,62,178,0.258,128,500,"","Clay=60395.38;PlantFiber=58539.73;WoodLog=4279.43","ClayPit=3;Farm=3;FiberGatheringCamp=3;HealerHut=10;Pasture=3;WoodHouse=20","Agriculture;AnimalHusbandry;ClayExtraction;ControlledFire;HerbalKnowledge;KnowledgeSharing;Quarry"
341,Animal,1.15,100,1.2,0,240,62,178,0.258,128,500,"","Clay=60534.6;PlantFiber=58678.96;WoodLog=4339.43","ClayPit=3;Farm=3;FiberGatheringCamp=3;HealerHut=10;Pasture=3;WoodHouse=20","Agriculture;AnimalHusbandry;ClayExtraction;ControlledFire;HerbalKnowledge;KnowledgeSharing;Quarry"
342,Animal,1.15,100,1.2,0,240,62,178,0.258,128,500,"","Clay=60673.83;PlantFiber=58818.18;WoodLog=4399.43","ClayPit=3;Farm=3;FiberGatheringCamp=3;HealerHut=10;Pasture=3;WoodHouse=20","Agriculture;AnimalHusbandry;ClayExtraction;ControlledFire;HerbalKnowledge;KnowledgeSharing;Quarry"
343,Animal,1.15,100,1.2,0,240,62,178,0.258,128,500,"","Clay=60813.06;PlantFiber=58957.41;WoodLog=4459.43","ClayPit=3;Farm=3;FiberGatheringCamp=3;HealerHut=10;Pasture=3;WoodHouse=20","Agriculture;AnimalHusbandry;ClayExtraction;ControlledFire;HerbalKnowledge;KnowledgeSharing;Quarry"
344,Animal,1.15,100,1.2,0,240,62,178,0.258,128,500,"","Clay=60952.29;PlantFiber=59096.64;WoodLog=4519.43","ClayPit=3;Farm=3;FiberGatheringCamp=3;HealerHut=10;Pasture=3;WoodHouse=20","Agriculture;AnimalHusbandry;ClayExtraction;ControlledFire;HerbalKnowledge;KnowledgeSharing;Quarry"
345,Animal,1.15,100,1.2,0,240,62,178,0.258,128,500,"","Clay=61091.52;PlantFiber=59235.87;WoodLog=4579.43","ClayPit=3;Farm=3;FiberGatheringCamp=3;HealerHut=10;Pasture=3;WoodHouse=20","Agriculture;AnimalHusbandry;ClayExtraction;ControlledFire;HerbalKnowledge;KnowledgeSharing;Quarry"
346,Animal,1.15,100,1.2,0,240,62,178,0.258,128,500,"","Clay=61230.75;PlantFiber=59375.1;WoodLog=4639.43","ClayPit=3;Farm=3;FiberGatheringCamp=3;HealerHut=10;Pasture=3;WoodHouse=20","Agriculture;AnimalHusbandry;ClayExtraction;ControlledFire;HerbalKnowledge;KnowledgeSharing;Quarry"
347,Animal,1.15,100,1.2,0,240,62,178,0.258,128,500,"","Clay=61369.98;PlantFiber=59514.33;WoodLog=4699.43","ClayPit=3;Farm=3;FiberGatheringCamp=3;HealerHut=10;Pasture=3;WoodHouse=20","Agriculture;AnimalHusbandry;ClayExtraction;ControlledFire;HerbalKnowledge;KnowledgeSharing;Quarry"
348,Animal,1.15,100,1.2,0,240,62,178,0.258,128,500,"","Clay=61509.21;PlantFiber=59653.56;WoodLog=4759.43","ClayPit=3;Farm=3;FiberGatheringCamp=3;HealerHut=10;Pasture=3;WoodHouse=20","Agriculture;AnimalHusbandry;ClayExtraction;ControlledFire;HerbalKnowledge;KnowledgeSharing;Quarry"
349,Animal,1.15,100,1.2,0,240,62,178,0.258,128,500,"","Clay=61648.44;PlantFiber=59792.79;WoodLog=4819.43","ClayPit=3;Farm=3;FiberGatheringCamp=3;HealerHut=10;Pasture=3;WoodHouse=20","Agriculture;AnimalHusbandry;ClayExtraction;ControlledFire;HerbalKnowledge;KnowledgeSharing;Quarry"
350,Animal,1.15,100,1.2,0,240,62,178,0.258,128,500,"","Clay=61787.66;PlantFiber=59932.02;WoodLog=4879.43","ClayPit=3;Farm=3;FiberGatheringCamp=3;HealerHut=10;Pasture=3;WoodHouse=20","Agriculture;AnimalHusbandry;ClayExtraction;ControlledFire;HerbalKnowledge;KnowledgeSharing;Quarry"
351,Animal,1.15,100,1.2,0,240,62,178,0.258,128,500,"","Clay=61926.89;PlantFiber=60071.24;WoodLog=4939.43","ClayPit=3;Farm=3;FiberGatheringCamp=3;HealerHut=10;Pasture=3;WoodHouse=20","Agriculture;AnimalHusbandry;ClayExtraction;ControlledFire;HerbalKnowledge;KnowledgeSharing;Quarry"
352,Animal,1.15,100,1.2,0,240,62,178,0.258,128,500,"","Clay=62066.12;PlantFiber=60210.47;WoodLog=4999.43","ClayPit=3;Farm=3;FiberGatheringCamp=3;HealerHut=10;Pasture=3;WoodHouse=20","Agriculture;AnimalHusbandry;ClayExtraction;ControlledFire;HerbalKnowledge;KnowledgeSharing;Quarry"
353,Animal,1.15,100,1.2,0,240,62,178,0.258,128,500,"","Clay=62205.35;PlantFiber=60349.7;WoodLog=5059.43","ClayPit=3;Farm=3;FiberGatheringCamp=3;HealerHut=10;Pasture=3;WoodHouse=20","Agriculture;AnimalHusbandry;ClayExtraction;ControlledFire;HerbalKnowledge;KnowledgeSharing;Quarry"
354,Animal,1.15,100,1.2,0,240,62,178,0.258,128,500,"","Clay=62344.58;PlantFiber=60488.93;WoodLog=5119.43","ClayPit=3;Farm=3;FiberGatheringCamp=3;HealerHut=10;Pasture=3;WoodHouse=20","Agriculture;AnimalHusbandry;ClayExtraction;ControlledFire;HerbalKnowledge;KnowledgeSharing;Quarry"
355,Animal,1.15,100,1.2,0,240,62,178,0.258,128,500,"","Clay=62483.81;PlantFiber=60628.16;WoodLog=5179.43","ClayPit=3;Farm=3;FiberGatheringCamp=3;HealerHut=10;Pasture=3;WoodHouse=20","Agriculture;AnimalHusbandry;ClayExtraction;ControlledFire;HerbalKnowledge;KnowledgeSharing;Quarry"
356,Animal,1.15,100,1.2,0,240,62,178,0.258,128,500,"","Clay=62623.04;PlantFiber=60767.39;WoodLog=5239.43","ClayPit=3;Farm=3;FiberGatheringCamp=3;HealerHut=10;Pasture=3;WoodHouse=20","Agriculture;AnimalHusbandry;ClayExtraction;ControlledFire;HerbalKnowledge;KnowledgeSharing;Quarry"
357,Animal,1.15,100,1.2,0,240,62,178,0.258,128,500,"","Clay=62762.27;PlantFiber=60906.62;WoodLog=5299.43","ClayPit=3;Farm=3;FiberGatheringCamp=3;HealerHut=10;Pasture=3;WoodHouse=20","Agriculture;AnimalHusbandry;ClayExtraction;ControlledFire;HerbalKnowledge;KnowledgeSharing;Quarry"
358,Animal,1.15,100,1.2,0,240,62,178,0.258,128,500,"","Clay=62901.5;PlantFiber=61045.85;WoodLog=5359.43","ClayPit=3;Farm=3;FiberGatheringCamp=3;HealerHut=10;Pasture=3;WoodHouse=20","Agriculture;AnimalHusbandry;ClayExtraction;ControlledFire;HerbalKnowledge;KnowledgeSharing;Quarry"
359,Animal,1.15,100,1.2,0,240,62,178,0.258,128,500,"","Clay=63040.72;PlantFiber=61185.08;WoodLog=5419.43","ClayPit=3;Farm=3;FiberGatheringCamp=3;HealerHut=10;Pasture=3;WoodHouse=20","Agriculture;AnimalHusbandry;ClayExtraction;ControlledFire;HerbalKnowledge;KnowledgeSharing;Quarry"
360,Animal,1.15,100,1.2,0,240,62,178,0.258,128,500,"","Clay=63179.95;PlantFiber=61324.3;WoodLog=5479.43","ClayPit=3;Farm=3;FiberGatheringCamp=3;HealerHut=10;Pasture=3;WoodHouse=20","Agriculture;AnimalHusbandry;ClayExtraction;ControlledFire;HerbalKnowledge;KnowledgeSharing;Quarry"
361,Animal,1.15,100,1.2,0,240,62,178,0.258,128,500,"","Clay=63319.18;PlantFiber=61463.53;WoodLog=5539.43","ClayPit=3;Farm=3;FiberGatheringCamp=3;HealerHut=10;Pasture=3;WoodHouse=20","Agriculture;AnimalHusbandry;ClayExtraction;ControlledFire;HerbalKnowledge;KnowledgeSharing;Quarry"
362,Animal,1.15,100,1.2,0,240,62,178,0.258,128,500,"","Clay=63458.41;PlantFiber=61602.76;WoodLog=5599.43","ClayPit=3;Farm=3;FiberGatheringCamp=3;HealerHut=10;Pasture=3;WoodHouse=20","Agriculture;AnimalHusbandry;ClayExtraction;ControlledFire;HerbalKnowledge;KnowledgeSharing;Quarry"
363,Animal,1.15,100,1.2,0,240,62,178,0.258,128,500,"","Clay=63597.64;PlantFiber=61741.99;WoodLog=5659.43","ClayPit=3;Farm=3;FiberGatheringCamp=3;HealerHut=10;Pasture=3;WoodHouse=20","Agriculture;AnimalHusbandry;ClayExtraction;ControlledFire;HerbalKnowledge;KnowledgeSharing;Quarry"
364,Animal,1.15,100,1.2,0,240,62,178,0.258,128,500,"","Clay=63736.87;PlantFiber=61881.22;WoodLog=5719.43","ClayPit=3;Farm=3;FiberGatheringCamp=3;HealerHut=10;Pasture=3;WoodHouse=20","Agriculture;AnimalHusbandry;ClayExtraction;ControlledFire;HerbalKnowledge;KnowledgeSharing;Quarry"
365,Animal,1.15,100,1.2,0,240,62,178,0.258,128,500,"","Clay=63876.1;PlantFiber=62020.45;WoodLog=5779.43","ClayPit=3;Farm=3;FiberGatheringCamp=3;HealerHut=10;Pasture=3;WoodHouse=20","Agriculture;AnimalHusbandry;ClayExtraction;ControlledFire;HerbalKnowledge;KnowledgeSharing;Quarry"
366,Animal,1.15,100,1.2,0,240,62,178,0.258,128,500,"","Clay=64015.33;PlantFiber=62159.68;WoodLog=5839.43","ClayPit=3;Farm=3;FiberGatheringCamp=3;HealerHut=10;Pasture=3;WoodHouse=20","Agriculture;AnimalHusbandry;ClayExtraction;ControlledFire;HerbalKnowledge;KnowledgeSharing;Quarry"
367,Animal,1.15,100,1.2,0,240,62,178,0.258,128,500,"","Clay=64154.56;PlantFiber=62298.91;WoodLog=5899.43","ClayPit=3;Farm=3;FiberGatheringCamp=3;HealerHut=10;Pasture=3;WoodHouse=20","Agriculture;AnimalHusbandry;ClayExtraction;ControlledFire;HerbalKnowledge;KnowledgeSharing;Quarry"
368,Animal,1.15,100,1.2,0,240,62,178,0.258,128,500,"","Clay=64293.78;PlantFiber=62438.14;WoodLog=5959.43","ClayPit=3;Farm=3;FiberGatheringCamp=3;HealerHut=10;Pasture=3;WoodHouse=20","Agriculture;AnimalHusbandry;ClayExtraction;ControlledFire;HerbalKnowledge;KnowledgeSharing;Quarry"
369,Animal,1.15,100,1.2,0,240,62,178,0.258,128,500,"","Clay=64433.01;PlantFiber=62577.36;WoodLog=6019.43","ClayPit=3;Farm=3;FiberGatheringCamp=3;HealerHut=10;Pasture=3;WoodHouse=20","Agriculture;AnimalHusbandry;ClayExtraction;ControlledFire;HerbalKnowledge;KnowledgeSharing;Quarry"
370,Animal,1.15,100,1.2,0,240,62,178,0.258,128,500,"","Clay=64572.24;PlantFiber=62716.59;WoodLog=6079.43","ClayPit=3;Farm=3;FiberGatheringCamp=3;HealerHut=10;Pasture=3;WoodHouse=20","Agriculture;AnimalHusbandry;ClayExtraction;ControlledFire;HerbalKnowledge;KnowledgeSharing;Quarry"
371,Animal,1.15,100,1.2,0,240,62,178,0.258,128,500,"","Clay=64711.47;PlantFiber=62855.82;WoodLog=6139.43","ClayPit=3;Farm=3;FiberGatheringCamp=3;HealerHut=10;Pasture=3;WoodHouse=20","Agriculture;AnimalHusbandry;ClayExtraction;ControlledFire;HerbalKnowledge;KnowledgeSharing;Quarry"
372,Animal,1.15,100,1.2,0,240,62,178,0.258,128,500,"","Clay=64850.7;PlantFiber=62995.05;WoodLog=6199.43","ClayPit=3;Farm=3;FiberGatheringCamp=3;HealerHut=10;Pasture=3;WoodHouse=20","Agriculture;AnimalHusbandry;ClayExtraction;ControlledFire;HerbalKnowledge;KnowledgeSharing;Quarry"
373,Animal,1.15,100,1.2,0,240,62,178,0.258,128,500,"","Clay=64989.93;PlantFiber=63134.28;WoodLog=6259.43","ClayPit=3;Farm=3;FiberGatheringCamp=3;HealerHut=10;Pasture=3;WoodHouse=20","Agriculture;AnimalHusbandry;ClayExtraction;ControlledFire;HerbalKnowledge;KnowledgeSharing;Quarry"
374,Animal,1.15,100,1.2,0,240,62,178,0.258,128,500,"","Clay=65129.16;PlantFiber=63273.51;WoodLog=6319.43","ClayPit=3;Farm=3;FiberGatheringCamp=3;HealerHut=10;Pasture=3;WoodHouse=20","Agriculture;AnimalHusbandry;ClayExtraction;ControlledFire;HerbalKnowledge;KnowledgeSharing;Quarry"
375,Animal,1.15,100,1.2,0,240,62,178,0.258,128,500,"","Clay=65268.39;PlantFiber=63412.74;WoodLog=6379.43","ClayPit=3;Farm=3;FiberGatheringCamp=3;HealerHut=10;Pasture=3;WoodHouse=20","Agriculture;AnimalHusbandry;ClayExtraction;ControlledFire;HerbalKnowledge;KnowledgeSharing;Quarry"
376,Animal,1.15,100,1.2,0,240,62,178,0.258,128,500,"","Clay=65407.62;PlantFiber=63551.97;WoodLog=6439.43","ClayPit=3;Farm=3;FiberGatheringCamp=3;HealerHut=10;Pasture=3;WoodHouse=20","Agriculture;AnimalHusbandry;ClayExtraction;ControlledFire;HerbalKnowledge;KnowledgeSharing;Quarry"
377,Animal,1.15,100,1.2,0,240,62,178,0.258,128,500,"","Clay=65546.85;PlantFiber=63691.2;WoodLog=6499.43","ClayPit=3;Farm=3;FiberGatheringCamp=3;HealerHut=10;Pasture=3;WoodHouse=20","Agriculture;AnimalHusbandry;ClayExtraction;ControlledFire;HerbalKnowledge;KnowledgeSharing;Quarry"
378,Animal,1.15,100,1.2,0,240,62,178,0.258,128,500,"","Clay=65686.07;PlantFiber=63830.43;WoodLog=6559.43","ClayPit=3;Farm=3;FiberGatheringCamp=3;HealerHut=10;Pasture=3;WoodHouse=20","Agriculture;AnimalHusbandry;ClayExtraction;ControlledFire;HerbalKnowledge;KnowledgeSharing;Quarry"
379,Animal,1.15,100,1.2,0,240,62,178,0.258,128,500,"","Clay=65825.3;PlantFiber=63969.65;WoodLog=6619.43","ClayPit=3;Farm=3;FiberGatheringCamp=3;HealerHut=10;Pasture=3;WoodHouse=20","Agriculture;AnimalHusbandry;ClayExtraction;ControlledFire;HerbalKnowledge;KnowledgeSharing;Quarry"
380,Animal,1.15,100,1.2,0,240,62,178,0.258,128,500,"","Clay=65964.53;PlantFiber=64108.88;WoodLog=6679.43","ClayPit=3;Farm=3;FiberGatheringCamp=3;HealerHut=10;Pasture=3;WoodHouse=20","Agriculture;AnimalHusbandry;ClayExtraction;ControlledFire;HerbalKnowledge;KnowledgeSharing;Quarry"
381,Animal,1.15,100,1.2,0,240,62,178,0.258,128,500,"","Clay=66103.76;PlantFiber=64248.11;WoodLog=6739.43","ClayPit=3;Farm=3;FiberGatheringCamp=3;HealerHut=10;Pasture=3;WoodHouse=20","Agriculture;AnimalHusbandry;ClayExtraction;ControlledFire;HerbalKnowledge;KnowledgeSharing;Quarry"
382,Animal,1.15,100,1.2,0,240,62,178,0.258,128,500,"","Clay=66242.99;PlantFiber=64387.34;WoodLog=6799.43","ClayPit=3;Farm=3;FiberGatheringCamp=3;HealerHut=10;Pasture=3;WoodHouse=20","Agriculture;AnimalHusbandry;ClayExtraction;ControlledFire;HerbalKnowledge;KnowledgeSharing;Quarry"
383,Animal,1.15,100,1.2,0,240,62,178,0.258,128,500,"","Clay=66382.22;PlantFiber=64526.57;WoodLog=6859.43","ClayPit=3;Farm=3;FiberGatheringCamp=3;HealerHut=10;Pasture=3;WoodHouse=20","Agriculture;AnimalHusbandry;ClayExtraction;ControlledFire;HerbalKnowledge;KnowledgeSharing;Quarry"
384,Animal,1.15,100,1.2,0,240,62,178,0.258,128,500,"","Clay=66521.45;PlantFiber=64665.8;WoodLog=6919.43","ClayPit=3;Farm=3;FiberGatheringCamp=3;HealerHut=10;Pasture=3;WoodHouse=20","Agriculture;AnimalHusbandry;ClayExtraction;ControlledFire;HerbalKnowledge;KnowledgeSharing;Quarry"
385,Animal,1.15,100,1.2,0,240,62,178,0.258,128,500,"","Clay=66660.68;PlantFiber=64805.03;WoodLog=6979.43","ClayPit=3;Farm=3;FiberGatheringCamp=3;HealerHut=10;Pasture=3;WoodHouse=20","Agriculture;AnimalHusbandry;ClayExtraction;ControlledFire;HerbalKnowledge;KnowledgeSharing;Quarry"
386,Animal,1.15,100,1.2,0,240,62,178,0.258,128,500,"","Clay=66799.91;PlantFiber=64944.26;WoodLog=7039.43","ClayPit=3;Farm=3;FiberGatheringCamp=3;HealerHut=10;Pasture=3;WoodHouse=20","Agriculture;AnimalHusbandry;ClayExtraction;ControlledFire;HerbalKnowledge;KnowledgeSharing;Quarry"
387,Animal,1.15,100,1.2,0,240,62,178,0.258,128,500,"","Clay=66939.13;PlantFiber=65083.49;WoodLog=7099.43","ClayPit=3;Farm=3;FiberGatheringCamp=3;HealerHut=10;Pasture=3;WoodHouse=20","Agriculture;AnimalHusbandry;ClayExtraction;ControlledFire;HerbalKnowledge;KnowledgeSharing;Quarry"
388,Animal,1.15,100,1.2,0,240,62,178,0.258,128,500,"","Clay=67078.36;PlantFiber=65222.71;WoodLog=7159.43","ClayPit=3;Farm=3;FiberGatheringCamp=3;HealerHut=10;Pasture=3;WoodHouse=20","Agriculture;AnimalHusbandry;ClayExtraction;ControlledFire;HerbalKnowledge;KnowledgeSharing;Quarry"
389,Animal,1.15,100,1.2,0,240,62,178,0.258,128,500,"","Clay=67217.59;PlantFiber=65361.94;WoodLog=7219.43","ClayPit=3;Farm=3;FiberGatheringCamp=3;HealerHut=10;Pasture=3;WoodHouse=20","Agriculture;AnimalHusbandry;ClayExtraction;ControlledFire;HerbalKnowledge;KnowledgeSharing;Quarry"
390,Animal,1.15,100,1.2,0,240,62,178,0.258,128,500,"","Clay=67356.82;PlantFiber=65501.17;WoodLog=7279.43","ClayPit=3;Farm=3;FiberGatheringCamp=3;HealerHut=10;Pasture=3;WoodHouse=20","Agriculture;AnimalHusbandry;ClayExtraction;ControlledFire;HerbalKnowledge;KnowledgeSharing;Quarry"
391,Animal,1.15,100,1.2,0,240,62,178,0.258,128,500,"","Clay=67496.05;PlantFiber=65640.4;WoodLog=7339.43","ClayPit=3;Farm=3;FiberGatheringCamp=3;HealerHut=10;Pasture=3;WoodHouse=20","Agriculture;AnimalHusbandry;ClayExtraction;ControlledFire;HerbalKnowledge;KnowledgeSharing;Quarry"
392,Animal,1.15,100,1.2,0,240,62,178,0.258,128,500,"","Clay=67635.28;PlantFiber=65779.63;WoodLog=7399.43","ClayPit=3;Farm=3;FiberGatheringCamp=3;HealerHut=10;Pasture=3;WoodHouse=20","Agriculture;AnimalHusbandry;ClayExtraction;ControlledFire;HerbalKnowledge;KnowledgeSharing;Quarry"
393,Animal,1.15,100,1.2,0,240,62,178,0.258,128,500,"","Clay=67774.51;PlantFiber=65918.86;WoodLog=7459.43","ClayPit=3;Farm=3;FiberGatheringCamp=3;HealerHut=10;Pasture=3;WoodHouse=20","Agriculture;AnimalHusbandry;ClayExtraction;ControlledFire;HerbalKnowledge;KnowledgeSharing;Quarry"
394,Animal,1.15,100,1.2,0,240,62,178,0.258,128,500,"","Clay=67913.74;PlantFiber=66058.09;WoodLog=7519.43","ClayPit=3;Farm=3;FiberGatheringCamp=3;HealerHut=10;Pasture=3;WoodHouse=20","Agriculture;AnimalHusbandry;ClayExtraction;ControlledFire;HerbalKnowledge;KnowledgeSharing;Quarry"
395,Animal,1.15,100,1.2,0,240,62,178,0.258,128,500,"","Clay=68052.97;PlantFiber=66197.32;WoodLog=7579.43","ClayPit=3;Farm=3;FiberGatheringCamp=3;HealerHut=10;Pasture=3;WoodHouse=20","Agriculture;AnimalHusbandry;ClayExtraction;ControlledFire;HerbalKnowledge;KnowledgeSharing;Quarry"
396,Animal,1.15,100,1.2,0,240,62,178,0.258,128,500,"","Clay=68192.19;PlantFiber=66336.55;WoodLog=7639.43","ClayPit=3;Farm=3;FiberGatheringCamp=3;HealerHut=10;Pasture=3;WoodHouse=20","Agriculture;AnimalHusbandry;ClayExtraction;ControlledFire;HerbalKnowledge;KnowledgeSharing;Quarry"
397,Animal,1.15,100,1.2,0,240,62,178,0.258,128,500,"","Clay=68331.42;PlantFiber=66475.77;WoodLog=7699.43","ClayPit=3;Farm=3;FiberGatheringCamp=3;HealerHut=10;Pasture=3;WoodHouse=20","Agriculture;AnimalHusbandry;ClayExtraction;ControlledFire;HerbalKnowledge;KnowledgeSharing;Quarry"
398,Animal,1.15,100,1.2,0,240,62,178,0.258,128,500,"","Clay=68470.65;PlantFiber=66615;WoodLog=7759.43","ClayPit=3;Farm=3;FiberGatheringCamp=3;HealerHut=10;Pasture=3;WoodHouse=20","Agriculture;AnimalHusbandry;ClayExtraction;ControlledFire;HerbalKnowledge;KnowledgeSharing;Quarry"
399,Animal,1.15,100,1.2,0,240,62,178,0.258,128,500,"","Clay=68609.88;PlantFiber=66754.23;WoodLog=7819.43","ClayPit=3;Farm=3;FiberGatheringCamp=3;HealerHut=10;Pasture=3;WoodHouse=20","Agriculture;AnimalHusbandry;ClayExtraction;ControlledFire;HerbalKnowledge;KnowledgeSharing;Quarry"
400,Animal,1.15,100,1.2,0,240,62,178,0.258,128,500,"","Clay=68749.11;PlantFiber=66893.46;WoodLog=7879.43","ClayPit=3;Farm=3;FiberGatheringCamp=3;HealerHut=10;Pasture=3;WoodHouse=20","Agriculture;AnimalHusbandry;ClayExtraction;ControlledFire;HerbalKnowledge;KnowledgeSharing;Quarry"
401,Animal,1.15,100,1.2,0,240,62,178,0.258,128,500,"","Clay=68888.34;PlantFiber=67032.69;WoodLog=7939.43","ClayPit=3;Farm=3;FiberGatheringCamp=3;HealerHut=10;Pasture=3;WoodHouse=20","Agriculture;AnimalHusbandry;ClayExtraction;ControlledFire;HerbalKnowledge;KnowledgeSharing;Quarry"
402,Animal,1.15,100,1.2,0,240,62,178,0.258,128,500,"","Clay=69027.57;PlantFiber=67171.92;WoodLog=7999.43","ClayPit=3;Farm=3;FiberGatheringCamp=3;HealerHut=10;Pasture=3;WoodHouse=20","Agriculture;AnimalHusbandry;ClayExtraction;ControlledFire;HerbalKnowledge;KnowledgeSharing;Quarry"
403,Animal,1.15,100,1.2,0,240,62,178,0.258,128,500,"","Clay=69166.8;PlantFiber=67311.15;WoodLog=8059.43","ClayPit=3;Farm=3;FiberGatheringCamp=3;HealerHut=10;Pasture=3;WoodHouse=20","Agriculture;AnimalHusbandry;ClayExtraction;ControlledFire;HerbalKnowledge;KnowledgeSharing;Quarry"
404,Animal,1.15,100,1.2,0,240,62,178,0.258,128,500,"","Clay=69306.03;PlantFiber=67450.38;WoodLog=8119.43","ClayPit=3;Farm=3;FiberGatheringCamp=3;HealerHut=10;Pasture=3;WoodHouse=20","Agriculture;AnimalHusbandry;ClayExtraction;ControlledFire;HerbalKnowledge;KnowledgeSharing;Quarry"
405,Animal,1.15,100,1.2,0,240,62,178,0.258,128,500,"","Clay=69445.25;PlantFiber=67589.61;WoodLog=8179.43","ClayPit=3;Farm=3;FiberGatheringCamp=3;HealerHut=10;Pasture=3;WoodHouse=20","Agriculture;AnimalHusbandry;ClayExtraction;ControlledFire;HerbalKnowledge;KnowledgeSharing;Quarry"
406,Animal,1.15,100,1.2,0,240,62,178,0.258,128,500,"","Clay=69584.48;PlantFiber=67728.83;WoodLog=8239.43","ClayPit=3;Farm=3;FiberGatheringCamp=3;HealerHut=10;Pasture=3;WoodHouse=20","Agriculture;AnimalHusbandry;ClayExtraction;ControlledFire;HerbalKnowledge;KnowledgeSharing;Quarry"
407,Animal,1.15,100,1.2,0,240,62,178,0.258,128,500,"","Clay=69723.71;PlantFiber=67868.06;WoodLog=8299.43","ClayPit=3;Farm=3;FiberGatheringCamp=3;HealerHut=10;Pasture=3;WoodHouse=20","Agriculture;AnimalHusbandry;ClayExtraction;ControlledFire;HerbalKnowledge;KnowledgeSharing;Quarry"
408,Animal,1.15,100,1.2,0,240,62,178,0.258,128,500,"","Clay=69862.94;PlantFiber=68007.29;WoodLog=8359.43","ClayPit=3;Farm=3;FiberGatheringCamp=3;HealerHut=10;Pasture=3;WoodHouse=20","Agriculture;AnimalHusbandry;ClayExtraction;ControlledFire;HerbalKnowledge;KnowledgeSharing;Quarry"
409,Animal,1.15,100,1.2,0,240,62,178,0.258,128,500,"","Clay=70002.17;PlantFiber=68146.52;WoodLog=8419.43","ClayPit=3;Farm=3;FiberGatheringCamp=3;HealerHut=10;Pasture=3;WoodHouse=20","Agriculture;AnimalHusbandry;ClayExtraction;ControlledFire;HerbalKnowledge;KnowledgeSharing;Quarry"
410,Animal,1.15,100,1.2,0,240,62,178,0.258,128,500,"","Clay=70141.4;PlantFiber=68285.75;WoodLog=8479.43","ClayPit=3;Farm=3;FiberGatheringCamp=3;HealerHut=10;Pasture=3;WoodHouse=20","Agriculture;AnimalHusbandry;ClayExtraction;ControlledFire;HerbalKnowledge;KnowledgeSharing;Quarry"
411,Animal,1.15,100,1.2,0,240,62,178,0.258,128,500,"","Clay=70280.63;PlantFiber=68424.98;WoodLog=8539.43","ClayPit=3;Farm=3;FiberGatheringCamp=3;HealerHut=10;Pasture=3;WoodHouse=20","Agriculture;AnimalHusbandry;ClayExtraction;ControlledFire;HerbalKnowledge;KnowledgeSharing;Quarry"
412,Animal,1.15,100,1.2,0,240,62,178,0.258,128,500,"","Clay=70419.86;PlantFiber=68564.21;WoodLog=8599.43","ClayPit=3;Farm=3;FiberGatheringCamp=3;HealerHut=10;Pasture=3;WoodHouse=20","Agriculture;AnimalHusbandry;ClayExtraction;ControlledFire;HerbalKnowledge;KnowledgeSharing;Quarry"
413,Animal,1.15,100,1.2,0,240,62,178,0.258,128,500,"","Clay=70559.09;PlantFiber=68703.44;WoodLog=8659.43","ClayPit=3;Farm=3;FiberGatheringCamp=3;HealerHut=10;Pasture=3;WoodHouse=20","Agriculture;AnimalHusbandry;ClayExtraction;ControlledFire;HerbalKnowledge;KnowledgeSharing;Quarry"
414,Animal,1.15,100,1.2,0,240,62,178,0.258,128,500,"","Clay=70698.31;PlantFiber=68842.67;WoodLog=8719.43","ClayPit=3;Farm=3;FiberGatheringCamp=3;HealerHut=10;Pasture=3;WoodHouse=20","Agriculture;AnimalHusbandry;ClayExtraction;ControlledFire;HerbalKnowledge;KnowledgeSharing;Quarry"
415,Animal,1.15,100,1.2,0,240,62,178,0.258,128,500,"","Clay=70837.54;PlantFiber=68981.9;WoodLog=8779.43","ClayPit=3;Farm=3;FiberGatheringCamp=3;HealerHut=10;Pasture=3;WoodHouse=20","Agriculture;AnimalHusbandry;ClayExtraction;ControlledFire;HerbalKnowledge;KnowledgeSharing;Quarry"
416,Animal,1.15,100,1.2,0,240,62,178,0.258,128,500,"","Clay=70976.77;PlantFiber=69121.12;WoodLog=8839.43","ClayPit=3;Farm=3;FiberGatheringCamp=3;HealerHut=10;Pasture=3;WoodHouse=20","Agriculture;AnimalHusbandry;ClayExtraction;ControlledFire;HerbalKnowledge;KnowledgeSharing;Quarry"
417,Animal,1.15,100,1.2,0,240,62,178,0.258,128,500,"","Clay=71116;PlantFiber=69260.35;WoodLog=8899.43","ClayPit=3;Farm=3;FiberGatheringCamp=3;HealerHut=10;Pasture=3;WoodHouse=20","Agriculture;AnimalHusbandry;ClayExtraction;ControlledFire;HerbalKnowledge;KnowledgeSharing;Quarry"
418,Animal,1.15,100,1.2,0,240,62,178,0.258,128,500,"","Clay=71255.23;PlantFiber=69399.58;WoodLog=8959.43","ClayPit=3;Farm=3;FiberGatheringCamp=3;HealerHut=10;Pasture=3;WoodHouse=20","Agriculture;AnimalHusbandry;ClayExtraction;ControlledFire;HerbalKnowledge;KnowledgeSharing;Quarry"
419,Animal,1.15,100,1.2,0,240,62,178,0.258,128,500,"","Clay=71394.46;PlantFiber=69538.81;WoodLog=9019.43","ClayPit=3;Farm=3;FiberGatheringCamp=3;HealerHut=10;Pasture=3;WoodHouse=20","Agriculture;AnimalHusbandry;ClayExtraction;ControlledFire;HerbalKnowledge;KnowledgeSharing;Quarry"
420,Animal,1.15,100,1.2,0,240,62,178,0.258,128,500,"","Clay=71533.69;PlantFiber=69678.04;WoodLog=9079.43","ClayPit=3;Farm=3;FiberGatheringCamp=3;HealerHut=10;Pasture=3;WoodHouse=20","Agriculture;AnimalHusbandry;ClayExtraction;ControlledFire;HerbalKnowledge;KnowledgeSharing;Quarry"
421,Animal,1.15,100,1.2,0,240,62,178,0.258,128,500,"","Clay=71672.92;PlantFiber=69817.27;WoodLog=9139.43","ClayPit=3;Farm=3;FiberGatheringCamp=3;HealerHut=10;Pasture=3;WoodHouse=20","Agriculture;AnimalHusbandry;ClayExtraction;ControlledFire;HerbalKnowledge;KnowledgeSharing;Quarry"
422,Animal,1.15,100,1.2,0,240,62,178,0.258,128,500,"","Clay=71812.15;PlantFiber=69956.5;WoodLog=9199.43","ClayPit=3;Farm=3;FiberGatheringCamp=3;HealerHut=10;Pasture=3;WoodHouse=20","Agriculture;AnimalHusbandry;ClayExtraction;ControlledFire;HerbalKnowledge;KnowledgeSharing;Quarry"
423,Animal,1.15,100,1.2,0,240,62,178,0.258,128,500,"","Clay=71951.38;PlantFiber=70095.73;WoodLog=9259.43","ClayPit=3;Farm=3;FiberGatheringCamp=3;HealerHut=10;Pasture=3;WoodHouse=20","Agriculture;AnimalHusbandry;ClayExtraction;ControlledFire;HerbalKnowledge;KnowledgeSharing;Quarry"
424,Animal,1.15,100,1.2,0,240,62,178,0.258,128,500,"","Clay=72090.6;PlantFiber=70234.96;WoodLog=9319.43","ClayPit=3;Farm=3;FiberGatheringCamp=3;HealerHut=10;Pasture=3;WoodHouse=20","Agriculture;AnimalHusbandry;ClayExtraction;ControlledFire;HerbalKnowledge;KnowledgeSharing;Quarry"
425,Animal,1.15,100,1.2,0,240,62,178,0.258,128,500,"","Clay=72229.83;PlantFiber=70374.18;WoodLog=9379.43","ClayPit=3;Farm=3;FiberGatheringCamp=3;HealerHut=10;Pasture=3;WoodHouse=20","Agriculture;AnimalHusbandry;ClayExtraction;ControlledFire;HerbalKnowledge;KnowledgeSharing;Quarry"
426,Animal,1.15,100,1.2,0,240,62,178,0.258,128,500,"","Clay=72369.06;PlantFiber=70513.41;WoodLog=9439.43","ClayPit=3;Farm=3;FiberGatheringCamp=3;HealerHut=10;Pasture=3;WoodHouse=20","Agriculture;AnimalHusbandry;ClayExtraction;ControlledFire;HerbalKnowledge;KnowledgeSharing;Quarry"
427,Animal,1.15,100,1.2,0,240,62,178,0.258,128,500,"","Clay=72508.29;PlantFiber=70652.64;WoodLog=9499.43","ClayPit=3;Farm=3;FiberGatheringCamp=3;HealerHut=10;Pasture=3;WoodHouse=20","Agriculture;AnimalHusbandry;ClayExtraction;ControlledFire;HerbalKnowledge;KnowledgeSharing;Quarry"
428,Animal,1.15,100,1.2,0,240,62,178,0.258,128,500,"","Clay=72647.52;PlantFiber=70791.87;WoodLog=9559.43","ClayPit=3;Farm=3;FiberGatheringCamp=3;HealerHut=10;Pasture=3;WoodHouse=20","Agriculture;AnimalHusbandry;ClayExtraction;ControlledFire;HerbalKnowledge;KnowledgeSharing;Quarry"
429,Animal,1.15,100,1.2,0,240,62,178,0.258,128,500,"","Clay=72786.75;PlantFiber=70931.1;WoodLog=9619.43","ClayPit=3;Farm=3;FiberGatheringCamp=3;HealerHut=10;Pasture=3;WoodHouse=20","Agriculture;AnimalHusbandry;ClayExtraction;ControlledFire;HerbalKnowledge;KnowledgeSharing;Quarry"
430,Animal,1.15,100,1.2,0,240,62,178,0.258,128,500,"","Clay=72925.98;PlantFiber=71070.33;WoodLog=9679.43","ClayPit=3;Farm=3;FiberGatheringCamp=3;HealerHut=10;Pasture=3;WoodHouse=20","Agriculture;AnimalHusbandry;ClayExtraction;ControlledFire;HerbalKnowledge;KnowledgeSharing;Quarry"
431,Animal,1.15,100,1.2,0,240,62,178,0.258,128,500,"","Clay=73065.21;PlantFiber=71209.56;WoodLog=9739.43","ClayPit=3;Farm=3;FiberGatheringCamp=3;HealerHut=10;Pasture=3;WoodHouse=20","Agriculture;AnimalHusbandry;ClayExtraction;ControlledFire;HerbalKnowledge;KnowledgeSharing;Quarry"
432,Animal,1.15,100,1.2,0,240,62,178,0.258,128,500,"","Clay=73204.44;PlantFiber=71348.79;WoodLog=9799.43","ClayPit=3;Farm=3;FiberGatheringCamp=3;HealerHut=10;Pasture=3;WoodHouse=20","Agriculture;AnimalHusbandry;ClayExtraction;ControlledFire;HerbalKnowledge;KnowledgeSharing;Quarry"
433,Animal,1.15,100,1.2,0,240,62,178,0.258,128,500,"","Clay=73343.66;PlantFiber=71488.02;WoodLog=9859.43","ClayPit=3;Farm=3;FiberGatheringCamp=3;HealerHut=10;Pasture=3;WoodHouse=20","Agriculture;AnimalHusbandry;ClayExtraction;ControlledFire;HerbalKnowledge;KnowledgeSharing;Quarry"
434,Animal,1.15,100,1.2,0,240,62,178,0.258,128,500,"","Clay=73482.89;PlantFiber=71627.24;WoodLog=9919.43","ClayPit=3;Farm=3;FiberGatheringCamp=3;HealerHut=10;Pasture=3;WoodHouse=20","Agriculture;AnimalHusbandry;ClayExtraction;ControlledFire;HerbalKnowledge;KnowledgeSharing;Quarry"
435,Animal,1.15,100,1.2,0,240,62,178,0.258,128,500,"","Clay=73622.12;PlantFiber=71766.47;WoodLog=9979.43","ClayPit=3;Farm=3;FiberGatheringCamp=3;HealerHut=10;Pasture=3;WoodHouse=20","Agriculture;AnimalHusbandry;ClayExtraction;ControlledFire;HerbalKnowledge;KnowledgeSharing;Quarry"
436,Animal,1.15,100,1.2,0,240,62,178,0.258,128,500,"","Clay=73761.35;PlantFiber=71905.7;WoodLog=10039.43","ClayPit=3;Farm=3;FiberGatheringCamp=3;HealerHut=10;Pasture=3;WoodHouse=20","Agriculture;AnimalHusbandry;ClayExtraction;ControlledFire;HerbalKnowledge;KnowledgeSharing;Quarry"
437,Animal,1.15,100,1.2,0,240,62,178,0.258,128,500,"","Clay=73900.58;PlantFiber=72044.93;WoodLog=10099.43","ClayPit=3;Farm=3;FiberGatheringCamp=3;HealerHut=10;Pasture=3;WoodHouse=20","Agriculture;AnimalHusbandry;ClayExtraction;ControlledFire;HerbalKnowledge;KnowledgeSharing;Quarry"
438,Animal,1.15,100,1.2,0,240,62,178,0.258,128,500,"","Clay=74039.81;PlantFiber=72184.16;WoodLog=10159.43","ClayPit=3;Farm=3;FiberGatheringCamp=3;HealerHut=10;Pasture=3;WoodHouse=20","Agriculture;AnimalHusbandry;ClayExtraction;ControlledFire;HerbalKnowledge;KnowledgeSharing;Quarry"
439,Animal,1.15,100,1.2,0,240,62,178,0.258,128,500,"","Clay=74179.04;PlantFiber=72323.39;WoodLog=10219.43","ClayPit=3;Farm=3;FiberGatheringCamp=3;HealerHut=10;Pasture=3;WoodHouse=20","Agriculture;AnimalHusbandry;ClayExtraction;ControlledFire;HerbalKnowledge;KnowledgeSharing;Quarry"
440,Animal,1.15,100,1.2,0,240,62,178,0.258,128,500,"","Clay=74318.27;PlantFiber=72462.62;WoodLog=10279.43","ClayPit=3;Farm=3;FiberGatheringCamp=3;HealerHut=10;Pasture=3;WoodHouse=20","Agriculture;AnimalHusbandry;ClayExtraction;ControlledFire;HerbalKnowledge;KnowledgeSharing;Quarry"
441,Animal,1.15,100,1.2,0,240,62,178,0.258,128,500,"","Clay=74457.5;PlantFiber=72601.85;WoodLog=10339.43","ClayPit=3;Farm=3;FiberGatheringCamp=3;HealerHut=10;Pasture=3;WoodHouse=20","Agriculture;AnimalHusbandry;ClayExtraction;ControlledFire;HerbalKnowledge;KnowledgeSharing;Quarry"
442,Animal,1.15,100,1.2,0,240,62,178,0.258,128,500,"","Clay=74596.72;PlantFiber=72741.08;WoodLog=10399.43","ClayPit=3;Farm=3;FiberGatheringCamp=3;HealerHut=10;Pasture=3;WoodHouse=20","Agriculture;AnimalHusbandry;ClayExtraction;ControlledFire;HerbalKnowledge;KnowledgeSharing;Quarry"
443,Animal,1.15,100,1.2,0,240,62,178,0.258,128,500,"","Clay=74735.95;PlantFiber=72880.3;WoodLog=10459.43","ClayPit=3;Farm=3;FiberGatheringCamp=3;HealerHut=10;Pasture=3;WoodHouse=20","Agriculture;AnimalHusbandry;ClayExtraction;ControlledFire;HerbalKnowledge;KnowledgeSharing;Quarry"
444,Animal,1.15,100,1.2,0,240,62,178,0.258,128,500,"","Clay=74875.18;PlantFiber=73019.53;WoodLog=10519.43","ClayPit=3;Farm=3;FiberGatheringCamp=3;HealerHut=10;Pasture=3;WoodHouse=20","Agriculture;AnimalHusbandry;ClayExtraction;ControlledFire;HerbalKnowledge;KnowledgeSharing;Quarry"
445,Animal,1.15,100,1.2,0,240,62,178,0.258,128,500,"","Clay=75014.41;PlantFiber=73158.76;WoodLog=10579.43","ClayPit=3;Farm=3;FiberGatheringCamp=3;HealerHut=10;Pasture=3;WoodHouse=20","Agriculture;AnimalHusbandry;ClayExtraction;ControlledFire;HerbalKnowledge;KnowledgeSharing;Quarry"
446,Animal,1.15,100,1.2,0,240,62,178,0.258,128,500,"","Clay=75153.64;PlantFiber=73297.99;WoodLog=10639.43","ClayPit=3;Farm=3;FiberGatheringCamp=3;HealerHut=10;Pasture=3;WoodHouse=20","Agriculture;AnimalHusbandry;ClayExtraction;ControlledFire;HerbalKnowledge;KnowledgeSharing;Quarry"
447,Animal,1.15,100,1.2,0,240,62,178,0.258,128,500,"","Clay=75292.87;PlantFiber=73437.22;WoodLog=10699.43","ClayPit=3;Farm=3;FiberGatheringCamp=3;HealerHut=10;Pasture=3;WoodHouse=20","Agriculture;AnimalHusbandry;ClayExtraction;ControlledFire;HerbalKnowledge;KnowledgeSharing;Quarry"
448,Animal,1.15,100,1.2,0,240,62,178,0.258,128,500,"","Clay=75432.1;PlantFiber=73576.45;WoodLog=10759.43","ClayPit=3;Farm=3;FiberGatheringCamp=3;HealerHut=10;Pasture=3;WoodHouse=20","Agriculture;AnimalHusbandry;ClayExtraction;ControlledFire;HerbalKnowledge;KnowledgeSharing;Quarry"
449,Animal,1.15,100,1.2,0,240,62,178,0.258,128,500,"","Clay=75571.33;PlantFiber=73715.68;WoodLog=10819.43","ClayPit=3;Farm=3;FiberGatheringCamp=3;HealerHut=10;Pasture=3;WoodHouse=20","Agriculture;AnimalHusbandry;ClayExtraction;ControlledFire;HerbalKnowledge;KnowledgeSharing;Quarry"
450,Animal,1.15,100,1.2,0,240,62,178,0.258,128,500,"","Clay=75710.56;PlantFiber=73854.91;WoodLog=10879.43","ClayPit=3;Farm=3;FiberGatheringCamp=3;HealerHut=10;Pasture=3;WoodHouse=20","Agriculture;AnimalHusbandry;ClayExtraction;ControlledFire;HerbalKnowledge;KnowledgeSharing;Quarry"
451,Animal,1.15,100,1.2,0,240,62,178,0.258,128,500,"","Clay=75849.78;PlantFiber=73994.14;WoodLog=10939.43","ClayPit=3;Farm=3;FiberGatheringCamp=3;HealerHut=10;Pasture=3;WoodHouse=20","Agriculture;AnimalHusbandry;ClayExtraction;ControlledFire;HerbalKnowledge;KnowledgeSharing;Quarry"
452,Animal,1.15,100,1.2,0,240,62,178,0.258,128,500,"","Clay=75989.01;PlantFiber=74133.36;WoodLog=10999.43","ClayPit=3;Farm=3;FiberGatheringCamp=3;HealerHut=10;Pasture=3;WoodHouse=20","Agriculture;AnimalHusbandry;ClayExtraction;ControlledFire;HerbalKnowledge;KnowledgeSharing;Quarry"
453,Animal,1.15,100,1.2,0,240,62,178,0.258,128,500,"","Clay=76128.24;PlantFiber=74272.59;WoodLog=11059.43","ClayPit=3;Farm=3;FiberGatheringCamp=3;HealerHut=10;Pasture=3;WoodHouse=20","Agriculture;AnimalHusbandry;ClayExtraction;ControlledFire;HerbalKnowledge;KnowledgeSharing;Quarry"
454,Animal,1.15,100,1.2,0,240,62,178,0.258,128,500,"","Clay=76267.47;PlantFiber=74411.82;WoodLog=11119.43","ClayPit=3;Farm=3;FiberGatheringCamp=3;HealerHut=10;Pasture=3;WoodHouse=20","Agriculture;AnimalHusbandry;ClayExtraction;ControlledFire;HerbalKnowledge;KnowledgeSharing;Quarry"
455,Animal,1.15,100,1.2,0,240,62,178,0.258,128,500,"","Clay=76406.7;PlantFiber=74551.05;WoodLog=11179.43","ClayPit=3;Farm=3;FiberGatheringCamp=3;HealerHut=10;Pasture=3;WoodHouse=20","Agriculture;AnimalHusbandry;ClayExtraction;ControlledFire;HerbalKnowledge;KnowledgeSharing;Quarry"
456,Animal,1.15,100,1.2,0,240,62,178,0.258,128,500,"","Clay=76545.93;PlantFiber=74690.28;WoodLog=11239.43","ClayPit=3;Farm=3;FiberGatheringCamp=3;HealerHut=10;Pasture=3;WoodHouse=20","Agriculture;AnimalHusbandry;ClayExtraction;ControlledFire;HerbalKnowledge;KnowledgeSharing;Quarry"
457,Animal,1.15,100,1.2,0,240,62,178,0.258,128,500,"","Clay=76685.16;PlantFiber=74829.51;WoodLog=11299.43","ClayPit=3;Farm=3;FiberGatheringCamp=3;HealerHut=10;Pasture=3;WoodHouse=20","Agriculture;AnimalHusbandry;ClayExtraction;ControlledFire;HerbalKnowledge;KnowledgeSharing;Quarry"
458,Animal,1.15,100,1.2,0,240,62,178,0.258,128,500,"","Clay=76824.39;PlantFiber=74968.74;WoodLog=11359.43","ClayPit=3;Farm=3;FiberGatheringCamp=3;HealerHut=10;Pasture=3;WoodHouse=20","Agriculture;AnimalHusbandry;ClayExtraction;ControlledFire;HerbalKnowledge;KnowledgeSharing;Quarry"
459,Animal,1.15,100,1.2,0,240,62,178,0.258,128,500,"","Clay=76963.62;PlantFiber=75107.97;WoodLog=11419.43","ClayPit=3;Farm=3;FiberGatheringCamp=3;HealerHut=10;Pasture=3;WoodHouse=20","Agriculture;AnimalHusbandry;ClayExtraction;ControlledFire;HerbalKnowledge;KnowledgeSharing;Quarry"
460,Animal,1.15,100,1.2,0,240,62,178,0.258,128,500,"","Clay=77102.85;PlantFiber=75247.2;WoodLog=11479.43","ClayPit=3;Farm=3;FiberGatheringCamp=3;HealerHut=10;Pasture=3;WoodHouse=20","Agriculture;AnimalHusbandry;ClayExtraction;ControlledFire;HerbalKnowledge;KnowledgeSharing;Quarry"
461,Animal,1.15,100,1.2,0,240,62,178,0.258,128,500,"","Clay=77242.07;PlantFiber=75386.43;WoodLog=11539.43","ClayPit=3;Farm=3;FiberGatheringCamp=3;HealerHut=10;Pasture=3;WoodHouse=20","Agriculture;AnimalHusbandry;ClayExtraction;ControlledFire;HerbalKnowledge;KnowledgeSharing;Quarry"
462,Animal,1.15,100,1.2,0,240,62,178,0.258,128,500,"","Clay=77381.3;PlantFiber=75525.65;WoodLog=11599.43","ClayPit=3;Farm=3;FiberGatheringCamp=3;HealerHut=10;Pasture=3;WoodHouse=20","Agriculture;AnimalHusbandry;ClayExtraction;ControlledFire;HerbalKnowledge;KnowledgeSharing;Quarry"
463,Animal,1.15,100,1.2,0,240,62,178,0.258,128,500,"","Clay=77520.53;PlantFiber=75664.88;WoodLog=11659.43","ClayPit=3;Farm=3;FiberGatheringCamp=3;HealerHut=10;Pasture=3;WoodHouse=20","Agriculture;AnimalHusbandry;ClayExtraction;ControlledFire;HerbalKnowledge;KnowledgeSharing;Quarry"
464,Animal,1.15,100,1.2,0,240,62,178,0.258,128,500,"","Clay=77659.76;PlantFiber=75804.11;WoodLog=11719.43","ClayPit=3;Farm=3;FiberGatheringCamp=3;HealerHut=10;Pasture=3;WoodHouse=20","Agriculture;AnimalHusbandry;ClayExtraction;ControlledFire;HerbalKnowledge;KnowledgeSharing;Quarry"
465,Animal,1.15,100,1.2,0,240,62,178,0.258,128,500,"","Clay=77798.99;PlantFiber=75943.34;WoodLog=11779.43","ClayPit=3;Farm=3;FiberGatheringCamp=3;HealerHut=10;Pasture=3;WoodHouse=20","Agriculture;AnimalHusbandry;ClayExtraction;ControlledFire;HerbalKnowledge;KnowledgeSharing;Quarry"
466,Animal,1.15,100,1.2,0,240,62,178,0.258,128,500,"","Clay=77938.22;PlantFiber=76082.57;WoodLog=11839.43","ClayPit=3;Farm=3;FiberGatheringCamp=3;HealerHut=10;Pasture=3;WoodHouse=20","Agriculture;AnimalHusbandry;ClayExtraction;ControlledFire;HerbalKnowledge;KnowledgeSharing;Quarry"
467,Animal,1.15,100,1.2,0,240,62,178,0.258,128,500,"","Clay=78077.45;PlantFiber=76221.8;WoodLog=11899.43","ClayPit=3;Farm=3;FiberGatheringCamp=3;HealerHut=10;Pasture=3;WoodHouse=20","Agriculture;AnimalHusbandry;ClayExtraction;ControlledFire;HerbalKnowledge;KnowledgeSharing;Quarry"
468,Animal,1.15,100,1.2,0,240,62,178,0.258,128,500,"","Clay=78216.68;PlantFiber=76361.03;WoodLog=11959.43","ClayPit=3;Farm=3;FiberGatheringCamp=3;HealerHut=10;Pasture=3;WoodHouse=20","Agriculture;AnimalHusbandry;ClayExtraction;ControlledFire;HerbalKnowledge;KnowledgeSharing;Quarry"
469,Animal,1.15,100,1.2,0,240,62,178,0.258,128,500,"","Clay=78355.91;PlantFiber=76500.26;WoodLog=12019.43","ClayPit=3;Farm=3;FiberGatheringCamp=3;HealerHut=10;Pasture=3;WoodHouse=20","Agriculture;AnimalHusbandry;ClayExtraction;ControlledFire;HerbalKnowledge;KnowledgeSharing;Quarry"
470,Animal,1.15,100,1.2,0,240,62,178,0.258,128,500,"","Clay=78495.13;PlantFiber=76639.49;WoodLog=12079.43","ClayPit=3;Farm=3;FiberGatheringCamp=3;HealerHut=10;Pasture=3;WoodHouse=20","Agriculture;AnimalHusbandry;ClayExtraction;ControlledFire;HerbalKnowledge;KnowledgeSharing;Quarry"
471,Animal,1.15,100,1.2,0,240,62,178,0.258,128,500,"","Clay=78634.36;PlantFiber=76778.71;WoodLog=12139.43","ClayPit=3;Farm=3;FiberGatheringCamp=3;HealerHut=10;Pasture=3;WoodHouse=20","Agriculture;AnimalHusbandry;ClayExtraction;ControlledFire;HerbalKnowledge;KnowledgeSharing;Quarry"
472,Animal,1.15,100,1.2,0,240,62,178,0.258,128,500,"","Clay=78773.59;PlantFiber=76917.94;WoodLog=12199.43","ClayPit=3;Farm=3;FiberGatheringCamp=3;HealerHut=10;Pasture=3;WoodHouse=20","Agriculture;AnimalHusbandry;ClayExtraction;ControlledFire;HerbalKnowledge;KnowledgeSharing;Quarry"
473,Animal,1.15,100,1.2,0,240,62,178,0.258,128,500,"","Clay=78912.82;PlantFiber=77057.17;WoodLog=12259.43","ClayPit=3;Farm=3;FiberGatheringCamp=3;HealerHut=10;Pasture=3;WoodHouse=20","Agriculture;AnimalHusbandry;ClayExtraction;ControlledFire;HerbalKnowledge;KnowledgeSharing;Quarry"
474,Animal,1.15,100,1.2,0,240,62,178,0.258,128,500,"","Clay=79052.05;PlantFiber=77196.4;WoodLog=12319.43","ClayPit=3;Farm=3;FiberGatheringCamp=3;HealerHut=10;Pasture=3;WoodHouse=20","Agriculture;AnimalHusbandry;ClayExtraction;ControlledFire;HerbalKnowledge;KnowledgeSharing;Quarry"
475,Animal,1.15,100,1.2,0,240,62,178,0.258,128,500,"","Clay=79191.28;PlantFiber=77335.63;WoodLog=12379.43","ClayPit=3;Farm=3;FiberGatheringCamp=3;HealerHut=10;Pasture=3;WoodHouse=20","Agriculture;AnimalHusbandry;ClayExtraction;ControlledFire;HerbalKnowledge;KnowledgeSharing;Quarry"
476,Animal,1.15,100,1.2,0,240,62,178,0.258,128,500,"","Clay=79330.51;PlantFiber=77474.86;WoodLog=12439.43","ClayPit=3;Farm=3;FiberGatheringCamp=3;HealerHut=10;Pasture=3;WoodHouse=20","Agriculture;AnimalHusbandry;ClayExtraction;ControlledFire;HerbalKnowledge;KnowledgeSharing;Quarry"
477,Animal,1.15,100,1.2,0,240,62,178,0.258,128,500,"","Clay=79469.74;PlantFiber=77614.09;WoodLog=12499.43","ClayPit=3;Farm=3;FiberGatheringCamp=3;HealerHut=10;Pasture=3;WoodHouse=20","Agriculture;AnimalHusbandry;ClayExtraction;ControlledFire;HerbalKnowledge;KnowledgeSharing;Quarry"
478,Animal,1.15,100,1.2,0,240,62,178,0.258,128,500,"","Clay=79608.97;PlantFiber=77753.32;WoodLog=12559.43","ClayPit=3;Farm=3;FiberGatheringCamp=3;HealerHut=10;Pasture=3;WoodHouse=20","Agriculture;AnimalHusbandry;ClayExtraction;ControlledFire;HerbalKnowledge;KnowledgeSharing;Quarry"
479,Animal,1.15,100,1.2,0,240,62,178,0.258,128,500,"","Clay=79748.19;PlantFiber=77892.55;WoodLog=12619.43","ClayPit=3;Farm=3;FiberGatheringCamp=3;HealerHut=10;Pasture=3;WoodHouse=20","Agriculture;AnimalHusbandry;ClayExtraction;ControlledFire;HerbalKnowledge;KnowledgeSharing;Quarry"
480,Animal,1.15,100,1.2,0,240,62,178,0.258,128,500,"","Clay=79887.42;PlantFiber=78031.77;WoodLog=12679.43","ClayPit=3;Farm=3;FiberGatheringCamp=3;HealerHut=10;Pasture=3;WoodHouse=20","Agriculture;AnimalHusbandry;ClayExtraction;ControlledFire;HerbalKnowledge;KnowledgeSharing;Quarry"
481,Animal,1.15,100,1.2,0,240,62,178,0.258,128,500,"","Clay=80026.65;PlantFiber=78171;WoodLog=12739.43","ClayPit=3;Farm=3;FiberGatheringCamp=3;HealerHut=10;Pasture=3;WoodHouse=20","Agriculture;AnimalHusbandry;ClayExtraction;ControlledFire;HerbalKnowledge;KnowledgeSharing;Quarry"
482,Animal,1.15,100,1.2,0,240,62,178,0.258,128,500,"","Clay=80165.88;PlantFiber=78310.23;WoodLog=12799.43","ClayPit=3;Farm=3;FiberGatheringCamp=3;HealerHut=10;Pasture=3;WoodHouse=20","Agriculture;AnimalHusbandry;ClayExtraction;ControlledFire;HerbalKnowledge;KnowledgeSharing;Quarry"
483,Animal,1.15,100,1.2,0,240,62,178,0.258,128,500,"","Clay=80305.11;PlantFiber=78449.46;WoodLog=12859.43","ClayPit=3;Farm=3;FiberGatheringCamp=3;HealerHut=10;Pasture=3;WoodHouse=20","Agriculture;AnimalHusbandry;ClayExtraction;ControlledFire;HerbalKnowledge;KnowledgeSharing;Quarry"
484,Animal,1.15,100,1.2,0,240,62,178,0.258,128,500,"","Clay=80444.34;PlantFiber=78588.69;WoodLog=12919.43","ClayPit=3;Farm=3;FiberGatheringCamp=3;HealerHut=10;Pasture=3;WoodHouse=20","Agriculture;AnimalHusbandry;ClayExtraction;ControlledFire;HerbalKnowledge;KnowledgeSharing;Quarry"
485,Animal,1.15,100,1.2,0,240,62,178,0.258,128,500,"","Clay=80583.57;PlantFiber=78727.92;WoodLog=12979.43","ClayPit=3;Farm=3;FiberGatheringCamp=3;HealerHut=10;Pasture=3;WoodHouse=20","Agriculture;AnimalHusbandry;ClayExtraction;ControlledFire;HerbalKnowledge;KnowledgeSharing;Quarry"
486,Animal,1.15,100,1.2,0,240,62,178,0.258,128,500,"","Clay=80722.8;PlantFiber=78867.15;WoodLog=13039.43","ClayPit=3;Farm=3;FiberGatheringCamp=3;HealerHut=10;Pasture=3;WoodHouse=20","Agriculture;AnimalHusbandry;ClayExtraction;ControlledFire;HerbalKnowledge;KnowledgeSharing;Quarry"
487,Animal,1.15,100,1.2,0,240,62,178,0.258,128,500,"","Clay=80862.03;PlantFiber=79006.38;WoodLog=13099.43","ClayPit=3;Farm=3;FiberGatheringCamp=3;HealerHut=10;Pasture=3;WoodHouse=20","Agriculture;AnimalHusbandry;ClayExtraction;ControlledFire;HerbalKnowledge;KnowledgeSharing;Quarry"
488,Animal,1.15,100,1.2,0,240,62,178,0.258,128,500,"","Clay=81001.25;PlantFiber=79145.61;WoodLog=13159.43","ClayPit=3;Farm=3;FiberGatheringCamp=3;HealerHut=10;Pasture=3;WoodHouse=20","Agriculture;AnimalHusbandry;ClayExtraction;ControlledFire;HerbalKnowledge;KnowledgeSharing;Quarry"
489,Animal,1.15,100,1.2,0,240,62,178,0.258,128,500,"","Clay=81140.48;PlantFiber=79284.83;WoodLog=13219.43","ClayPit=3;Farm=3;FiberGatheringCamp=3;HealerHut=10;Pasture=3;WoodHouse=20","Agriculture;AnimalHusbandry;ClayExtraction;ControlledFire;HerbalKnowledge;KnowledgeSharing;Quarry"
490,Animal,1.15,100,1.2,0,240,62,178,0.258,128,500,"","Clay=81279.71;PlantFiber=79424.06;WoodLog=13279.43","ClayPit=3;Farm=3;FiberGatheringCamp=3;HealerHut=10;Pasture=3;WoodHouse=20","Agriculture;AnimalHusbandry;ClayExtraction;ControlledFire;HerbalKnowledge;KnowledgeSharing;Quarry"
491,Animal,1.15,100,1.2,0,240,62,178,0.258,128,500,"","Clay=81418.94;PlantFiber=79563.29;WoodLog=13339.43","ClayPit=3;Farm=3;FiberGatheringCamp=3;HealerHut=10;Pasture=3;WoodHouse=20","Agriculture;AnimalHusbandry;ClayExtraction;ControlledFire;HerbalKnowledge;KnowledgeSharing;Quarry"
492,Animal,1.15,100,1.2,0,240,62,178,0.258,128,500,"","Clay=81558.17;PlantFiber=79702.52;WoodLog=13399.43","ClayPit=3;Farm=3;FiberGatheringCamp=3;HealerHut=10;Pasture=3;WoodHouse=20","Agriculture;AnimalHusbandry;ClayExtraction;ControlledFire;HerbalKnowledge;KnowledgeSharing;Quarry"
493,Animal,1.15,100,1.2,0,240,62,178,0.258,128,500,"","Clay=81697.4;PlantFiber=79841.75;WoodLog=13459.43","ClayPit=3;Farm=3;FiberGatheringCamp=3;HealerHut=10;Pasture=3;WoodHouse=20","Agriculture;AnimalHusbandry;ClayExtraction;ControlledFire;HerbalKnowledge;KnowledgeSharing;Quarry"
494,Animal,1.15,100,1.2,0,240,62,178,0.258,128,500,"","Clay=81836.63;PlantFiber=79980.98;WoodLog=13519.43","ClayPit=3;Farm=3;FiberGatheringCamp=3;HealerHut=10;Pasture=3;WoodHouse=20","Agriculture;AnimalHusbandry;ClayExtraction;ControlledFire;HerbalKnowledge;KnowledgeSharing;Quarry"
495,Animal,1.15,100,1.2,0,240,62,178,0.258,128,500,"","Clay=81975.86;PlantFiber=80120.21;WoodLog=13579.43","ClayPit=3;Farm=3;FiberGatheringCamp=3;HealerHut=10;Pasture=3;WoodHouse=20","Agriculture;AnimalHusbandry;ClayExtraction;ControlledFire;HerbalKnowledge;KnowledgeSharing;Quarry"
496,Animal,1.15,100,1.2,0,240,62,178,0.258,128,500,"","Clay=82115.09;PlantFiber=80259.44;WoodLog=13639.43","ClayPit=3;Farm=3;FiberGatheringCamp=3;HealerHut=10;Pasture=3;WoodHouse=20","Agriculture;AnimalHusbandry;ClayExtraction;ControlledFire;HerbalKnowledge;KnowledgeSharing;Quarry"
497,Animal,1.15,100,1.2,0,240,62,178,0.258,128,500,"","Clay=82254.31;PlantFiber=80398.67;WoodLog=13699.43","ClayPit=3;Farm=3;FiberGatheringCamp=3;HealerHut=10;Pasture=3;WoodHouse=20","Agriculture;AnimalHusbandry;ClayExtraction;ControlledFire;HerbalKnowledge;KnowledgeSharing;Quarry"
498,Animal,1.15,100,1.2,0,240,62,178,0.258,128,500,"","Clay=82393.54;PlantFiber=80537.9;WoodLog=13759.43","ClayPit=3;Farm=3;FiberGatheringCamp=3;HealerHut=10;Pasture=3;WoodHouse=20","Agriculture;AnimalHusbandry;ClayExtraction;ControlledFire;HerbalKnowledge;KnowledgeSharing;Quarry"
499,Animal,1.15,100,1.2,0,240,62,178,0.258,128,500,"","Clay=82532.77;PlantFiber=80677.12;WoodLog=13819.43","ClayPit=3;Farm=3;FiberGatheringCamp=3;HealerHut=10;Pasture=3;WoodHouse=20","Agriculture;AnimalHusbandry;ClayExtraction;ControlledFire;HerbalKnowledge;KnowledgeSharing;Quarry"
500,Animal,1.15,100,1.2,0,240,62,178,0.258,128,500,"","Clay=82672;PlantFiber=80816.35;WoodLog=13879.43","ClayPit=3;Farm=3;FiberGatheringCamp=3;HealerHut=10;Pasture=3;WoodHouse=20","Agriculture;AnimalHusbandry;ClayExtraction;ControlledFire;HerbalKnowledge;KnowledgeSharing;Quarry"
501,Animal,1.15,100,1.2,0,240,62,178,0.258,128,500,"","Clay=82811.23;PlantFiber=80955.58;WoodLog=13939.43","ClayPit=3;Farm=3;FiberGatheringCamp=3;HealerHut=10;Pasture=3;WoodHouse=20","Agriculture;AnimalHusbandry;ClayExtraction;ControlledFire;HerbalKnowledge;KnowledgeSharing;Quarry"
502,Animal,1.15,100,1.2,0,240,62,178,0.258,128,500,"","Clay=82950.46;PlantFiber=81094.81;WoodLog=13999.43","ClayPit=3;Farm=3;FiberGatheringCamp=3;HealerHut=10;Pasture=3;WoodHouse=20","Agriculture;AnimalHusbandry;ClayExtraction;ControlledFire;HerbalKnowledge;KnowledgeSharing;Quarry"
503,Animal,1.15,100,1.2,0,240,62,178,0.258,128,500,"","Clay=83089.69;PlantFiber=81234.04;WoodLog=14059.43","ClayPit=3;Farm=3;FiberGatheringCamp=3;HealerHut=10;Pasture=3;WoodHouse=20","Agriculture;AnimalHusbandry;ClayExtraction;ControlledFire;HerbalKnowledge;KnowledgeSharing;Quarry"
504,Animal,1.15,100,1.2,0,240,62,178,0.258,128,500,"","Clay=83228.92;PlantFiber=81373.27;WoodLog=14119.43","ClayPit=3;Farm=3;FiberGatheringCamp=3;HealerHut=10;Pasture=3;WoodHouse=20","Agriculture;AnimalHusbandry;ClayExtraction;ControlledFire;HerbalKnowledge;KnowledgeSharing;Quarry"
505,Animal,1.15,100,1.2,0,240,62,178,0.258,128,500,"","Clay=83368.15;PlantFiber=81512.5;WoodLog=14179.43","ClayPit=3;Farm=3;FiberGatheringCamp=3;HealerHut=10;Pasture=3;WoodHouse=20","Agriculture;AnimalHusbandry;ClayExtraction;ControlledFire;HerbalKnowledge;KnowledgeSharing;Quarry"
506,Animal,1.15,100,1.2,0,240,62,178,0.258,128,500,"","Clay=83507.38;PlantFiber=81651.73;WoodLog=14239.43","ClayPit=3;Farm=3;FiberGatheringCamp=3;HealerHut=10;Pasture=3;WoodHouse=20","Agriculture;AnimalHusbandry;ClayExtraction;ControlledFire;HerbalKnowledge;KnowledgeSharing;Quarry"
507,Animal,1.15,100,1.2,0,240,62,178,0.258,128,500,"","Clay=83646.6;PlantFiber=81790.96;WoodLog=14299.43","ClayPit=3;Farm=3;FiberGatheringCamp=3;HealerHut=10;Pasture=3;WoodHouse=20","Agriculture;AnimalHusbandry;ClayExtraction;ControlledFire;HerbalKnowledge;KnowledgeSharing;Quarry"
508,Animal,1.15,100,1.2,0,240,62,178,0.258,128,500,"","Clay=83785.83;PlantFiber=81930.18;WoodLog=14359.43","ClayPit=3;Farm=3;FiberGatheringCamp=3;HealerHut=10;Pasture=3;WoodHouse=20","Agriculture;AnimalHusbandry;ClayExtraction;ControlledFire;HerbalKnowledge;KnowledgeSharing;Quarry"
509,Animal,1.15,100,1.2,0,240,62,178,0.258,128,500,"","Clay=83925.06;PlantFiber=82069.41;WoodLog=14419.43","ClayPit=3;Farm=3;FiberGatheringCamp=3;HealerHut=10;Pasture=3;WoodHouse=20","Agriculture;AnimalHusbandry;ClayExtraction;ControlledFire;HerbalKnowledge;KnowledgeSharing;Quarry"
510,Animal,1.15,100,1.2,0,240,62,178,0.258,128,500,"","Clay=84064.29;PlantFiber=82208.64;WoodLog=14479.43","ClayPit=3;Farm=3;FiberGatheringCamp=3;HealerHut=10;Pasture=3;WoodHouse=20","Agriculture;AnimalHusbandry;ClayExtraction;ControlledFire;HerbalKnowledge;KnowledgeSharing;Quarry"
511,Animal,1.15,100,1.2,0,240,62,178,0.258,128,500,"","Clay=84203.52;PlantFiber=82347.87;WoodLog=14539.43","ClayPit=3;Farm=3;FiberGatheringCamp=3;HealerHut=10;Pasture=3;WoodHouse=20","Agriculture;AnimalHusbandry;ClayExtraction;ControlledFire;HerbalKnowledge;KnowledgeSharing;Quarry"
512,Animal,1.15,100,1.2,0,240,62,178,0.258,128,500,"","Clay=84342.75;PlantFiber=82487.1;WoodLog=14599.43","ClayPit=3;Farm=3;FiberGatheringCamp=3;HealerHut=10;Pasture=3;WoodHouse=20","Agriculture;AnimalHusbandry;ClayExtraction;ControlledFire;HerbalKnowledge;KnowledgeSharing;Quarry"
513,Animal,1.15,100,1.2,0,240,62,178,0.258,128,500,"","Clay=84481.98;PlantFiber=82626.33;WoodLog=14659.43","ClayPit=3;Farm=3;FiberGatheringCamp=3;HealerHut=10;Pasture=3;WoodHouse=20","Agriculture;AnimalHusbandry;ClayExtraction;ControlledFire;HerbalKnowledge;KnowledgeSharing;Quarry"
514,Animal,1.15,100,1.2,0,240,62,178,0.258,128,500,"","Clay=84621.21;PlantFiber=82765.56;WoodLog=14719.43","ClayPit=3;Farm=3;FiberGatheringCamp=3;HealerHut=10;Pasture=3;WoodHouse=20","Agriculture;AnimalHusbandry;ClayExtraction;ControlledFire;HerbalKnowledge;KnowledgeSharing;Quarry"
515,Animal,1.15,100,1.2,0,240,62,178,0.258,128,500,"","Clay=84760.44;PlantFiber=82904.79;WoodLog=14779.43","ClayPit=3;Farm=3;FiberGatheringCamp=3;HealerHut=10;Pasture=3;WoodHouse=20","Agriculture;AnimalHusbandry;ClayExtraction;ControlledFire;HerbalKnowledge;KnowledgeSharing;Quarry"
516,Animal,1.15,100,1.2,0,240,62,178,0.258,128,500,"","Clay=84899.66;PlantFiber=83044.02;WoodLog=14839.43","ClayPit=3;Farm=3;FiberGatheringCamp=3;HealerHut=10;Pasture=3;WoodHouse=20","Agriculture;AnimalHusbandry;ClayExtraction;ControlledFire;HerbalKnowledge;KnowledgeSharing;Quarry"
517,Animal,1.15,100,1.2,0,240,62,178,0.258,128,500,"","Clay=85038.89;PlantFiber=83183.24;WoodLog=14899.43","ClayPit=3;Farm=3;FiberGatheringCamp=3;HealerHut=10;Pasture=3;WoodHouse=20","Agriculture;AnimalHusbandry;ClayExtraction;ControlledFire;HerbalKnowledge;KnowledgeSharing;Quarry"
518,Animal,1.15,100,1.2,0,240,62,178,0.258,128,500,"","Clay=85178.12;PlantFiber=83322.47;WoodLog=14959.43","ClayPit=3;Farm=3;FiberGatheringCamp=3;HealerHut=10;Pasture=3;WoodHouse=20","Agriculture;AnimalHusbandry;ClayExtraction;ControlledFire;HerbalKnowledge;KnowledgeSharing;Quarry"
519,Animal,1.15,100,1.2,0,240,62,178,0.258,128,500,"","Clay=85317.35;PlantFiber=83461.7;WoodLog=15019.43","ClayPit=3;Farm=3;FiberGatheringCamp=3;HealerHut=10;Pasture=3;WoodHouse=20","Agriculture;AnimalHusbandry;ClayExtraction;ControlledFire;HerbalKnowledge;KnowledgeSharing;Quarry"
520,Animal,1.15,100,1.2,0,240,62,178,0.258,128,500,"","Clay=85456.58;PlantFiber=83600.93;WoodLog=15079.43","ClayPit=3;Farm=3;FiberGatheringCamp=3;HealerHut=10;Pasture=3;WoodHouse=20","Agriculture;AnimalHusbandry;ClayExtraction;ControlledFire;HerbalKnowledge;KnowledgeSharing;Quarry"
521,Animal,1.15,100,1.2,0,240,62,178,0.258,128,500,"","Clay=85595.81;PlantFiber=83740.16;WoodLog=15139.43","ClayPit=3;Farm=3;FiberGatheringCamp=3;HealerHut=10;Pasture=3;WoodHouse=20","Agriculture;AnimalHusbandry;ClayExtraction;ControlledFire;HerbalKnowledge;KnowledgeSharing;Quarry"
522,Animal,1.15,100,1.2,0,240,62,178,0.258,128,500,"","Clay=85735.04;PlantFiber=83879.39;WoodLog=15199.43","ClayPit=3;Farm=3;FiberGatheringCamp=3;HealerHut=10;Pasture=3;WoodHouse=20","Agriculture;AnimalHusbandry;ClayExtraction;ControlledFire;HerbalKnowledge;KnowledgeSharing;Quarry"
523,Animal,1.15,100,1.2,0,240,62,178,0.258,128,500,"","Clay=85874.27;PlantFiber=84018.62;WoodLog=15259.43","ClayPit=3;Farm=3;FiberGatheringCamp=3;HealerHut=10;Pasture=3;WoodHouse=20","Agriculture;AnimalHusbandry;ClayExtraction;ControlledFire;HerbalKnowledge;KnowledgeSharing;Quarry"
524,Animal,1.15,100,1.2,0,240,62,178,0.258,128,500,"","Clay=86013.5;PlantFiber=84157.85;WoodLog=15319.43","ClayPit=3;Farm=3;FiberGatheringCamp=3;HealerHut=10;Pasture=3;WoodHouse=20","Agriculture;AnimalHusbandry;ClayExtraction;ControlledFire;HerbalKnowledge;KnowledgeSharing;Quarry"
525,Animal,1.15,100,1.2,0,240,62,178,0.258,128,500,"","Clay=86152.72;PlantFiber=84297.08;WoodLog=15379.43","ClayPit=3;Farm=3;FiberGatheringCamp=3;HealerHut=10;Pasture=3;WoodHouse=20","Agriculture;AnimalHusbandry;ClayExtraction;ControlledFire;HerbalKnowledge;KnowledgeSharing;Quarry"
526,Animal,1.15,100,1.2,0,240,62,178,0.258,128,500,"","Clay=86291.95;PlantFiber=84436.3;WoodLog=15439.43","ClayPit=3;Farm=3;FiberGatheringCamp=3;HealerHut=10;Pasture=3;WoodHouse=20","Agriculture;AnimalHusbandry;ClayExtraction;ControlledFire;HerbalKnowledge;KnowledgeSharing;Quarry"
527,Animal,1.15,100,1.2,0,240,62,178,0.258,128,500,"","Clay=86431.18;PlantFiber=84575.53;WoodLog=15499.43","ClayPit=3;Farm=3;FiberGatheringCamp=3;HealerHut=10;Pasture=3;WoodHouse=20","Agriculture;AnimalHusbandry;ClayExtraction;ControlledFire;HerbalKnowledge;KnowledgeSharing;Quarry"
528,Animal,1.15,100,1.2,0,240,62,178,0.258,128,500,"","Clay=86570.41;PlantFiber=84714.76;WoodLog=15559.43","ClayPit=3;Farm=3;FiberGatheringCamp=3;HealerHut=10;Pasture=3;WoodHouse=20","Agriculture;AnimalHusbandry;ClayExtraction;ControlledFire;HerbalKnowledge;KnowledgeSharing;Quarry"
529,Animal,1.15,100,1.2,0,240,62,178,0.258,128,500,"","Clay=86709.64;PlantFiber=84853.99;WoodLog=15619.43","ClayPit=3;Farm=3;FiberGatheringCamp=3;HealerHut=10;Pasture=3;WoodHouse=20","Agriculture;AnimalHusbandry;ClayExtraction;ControlledFire;HerbalKnowledge;KnowledgeSharing;Quarry"
530,Animal,1.15,100,1.2,0,240,62,178,0.258,128,500,"","Clay=86848.87;PlantFiber=84993.22;WoodLog=15679.43","ClayPit=3;Farm=3;FiberGatheringCamp=3;HealerHut=10;Pasture=3;WoodHouse=20","Agriculture;AnimalHusbandry;ClayExtraction;ControlledFire;HerbalKnowledge;KnowledgeSharing;Quarry"
531,Animal,1.15,100,1.2,0,240,62,178,0.258,128,500,"","Clay=86988.1;PlantFiber=85132.45;WoodLog=15739.43","ClayPit=3;Farm=3;FiberGatheringCamp=3;HealerHut=10;Pasture=3;WoodHouse=20","Agriculture;AnimalHusbandry;ClayExtraction;ControlledFire;HerbalKnowledge;KnowledgeSharing;Quarry"
532,Animal,1.15,100,1.2,0,240,62,178,0.258,128,500,"","Clay=87127.33;PlantFiber=85271.68;WoodLog=15799.43","ClayPit=3;Farm=3;FiberGatheringCamp=3;HealerHut=10;Pasture=3;WoodHouse=20","Agriculture;AnimalHusbandry;ClayExtraction;ControlledFire;HerbalKnowledge;KnowledgeSharing;Quarry"
533,Animal,1.15,100,1.2,0,240,62,178,0.258,128,500,"","Clay=87266.56;PlantFiber=85410.91;WoodLog=15859.43","ClayPit=3;Farm=3;FiberGatheringCamp=3;HealerHut=10;Pasture=3;WoodHouse=20","Agriculture;AnimalHusbandry;ClayExtraction;ControlledFire;HerbalKnowledge;KnowledgeSharing;Quarry"
534,Animal,1.15,100,1.2,0,240,62,178,0.258,128,500,"","Clay=87405.78;PlantFiber=85550.14;WoodLog=15919.43","ClayPit=3;Farm=3;FiberGatheringCamp=3;HealerHut=10;Pasture=3;WoodHouse=20","Agriculture;AnimalHusbandry;ClayExtraction;ControlledFire;HerbalKnowledge;KnowledgeSharing;Quarry"
535,Animal,1.15,100,1.2,0,240,62,178,0.258,128,500,"","Clay=87545.01;PlantFiber=85689.36;WoodLog=15979.43","ClayPit=3;Farm=3;FiberGatheringCamp=3;HealerHut=10;Pasture=3;WoodHouse=20","Agriculture;AnimalHusbandry;ClayExtraction;ControlledFire;HerbalKnowledge;KnowledgeSharing;Quarry"
536,Animal,1.15,100,1.2,0,240,62,178,0.258,128,500,"","Clay=87684.24;PlantFiber=85828.59;WoodLog=16039.43","ClayPit=3;Farm=3;FiberGatheringCamp=3;HealerHut=10;Pasture=3;WoodHouse=20","Agriculture;AnimalHusbandry;ClayExtraction;ControlledFire;HerbalKnowledge;KnowledgeSharing;Quarry"
537,Animal,1.15,100,1.2,0,240,62,178,0.258,128,500,"","Clay=87823.47;PlantFiber=85967.82;WoodLog=16099.43","ClayPit=3;Farm=3;FiberGatheringCamp=3;HealerHut=10;Pasture=3;WoodHouse=20","Agriculture;AnimalHusbandry;ClayExtraction;ControlledFire;HerbalKnowledge;KnowledgeSharing;Quarry"
538,Animal,1.15,100,1.2,0,240,62,178,0.258,128,500,"","Clay=87962.7;PlantFiber=86107.05;WoodLog=16159.43","ClayPit=3;Farm=3;FiberGatheringCamp=3;HealerHut=10;Pasture=3;WoodHouse=20","Agriculture;AnimalHusbandry;ClayExtraction;ControlledFire;HerbalKnowledge;KnowledgeSharing;Quarry"
539,Animal,1.15,100,1.2,0,240,62,178,0.258,128,500,"","Clay=88101.93;PlantFiber=86246.28;WoodLog=16219.43","ClayPit=3;Farm=3;FiberGatheringCamp=3;HealerHut=10;Pasture=3;WoodHouse=20","Agriculture;AnimalHusbandry;ClayExtraction;ControlledFire;HerbalKnowledge;KnowledgeSharing;Quarry"
540,Animal,1.15,100,1.2,0,240,62,178,0.258,128,500,"","Clay=88241.16;PlantFiber=86385.51;WoodLog=16279.43","ClayPit=3;Farm=3;FiberGatheringCamp=3;HealerHut=10;Pasture=3;WoodHouse=20","Agriculture;AnimalHusbandry;ClayExtraction;ControlledFire;HerbalKnowledge;KnowledgeSharing;Quarry"
541,Animal,1.15,100,1.2,0,240,62,178,0.258,128,500,"","Clay=88380.39;PlantFiber=86524.74;WoodLog=16339.43","ClayPit=3;Farm=3;FiberGatheringCamp=3;HealerHut=10;Pasture=3;WoodHouse=20","Agriculture;AnimalHusbandry;ClayExtraction;ControlledFire;HerbalKnowledge;KnowledgeSharing;Quarry"
542,Animal,1.15,100,1.2,0,240,62,178,0.258,128,500,"","Clay=88519.62;PlantFiber=86663.97;WoodLog=16399.43","ClayPit=3;Farm=3;FiberGatheringCamp=3;HealerHut=10;Pasture=3;WoodHouse=20","Agriculture;AnimalHusbandry;ClayExtraction;ControlledFire;HerbalKnowledge;KnowledgeSharing;Quarry"
543,Animal,1.15,100,1.2,0,240,62,178,0.258,128,500,"","Clay=88658.85;PlantFiber=86803.2;WoodLog=16459.43","ClayPit=3;Farm=3;FiberGatheringCamp=3;HealerHut=10;Pasture=3;WoodHouse=20","Agriculture;AnimalHusbandry;ClayExtraction;ControlledFire;HerbalKnowledge;KnowledgeSharing;Quarry"
544,Animal,1.15,100,1.2,0,240,62,178,0.258,128,500,"","Clay=88798.07;PlantFiber=86942.43;WoodLog=16519.43","ClayPit=3;Farm=3;FiberGatheringCamp=3;HealerHut=10;Pasture=3;WoodHouse=20","Agriculture;AnimalHusbandry;ClayExtraction;ControlledFire;HerbalKnowledge;KnowledgeSharing;Quarry"
545,Animal,1.15,100,1.2,0,240,62,178,0.258,128,500,"","Clay=88937.3;PlantFiber=87081.65;WoodLog=16579.43","ClayPit=3;Farm=3;FiberGatheringCamp=3;HealerHut=10;Pasture=3;WoodHouse=20","Agriculture;AnimalHusbandry;ClayExtraction;ControlledFire;HerbalKnowledge;KnowledgeSharing;Quarry"
546,Animal,1.15,100,1.2,0,240,62,178,0.258,128,500,"","Clay=89076.53;PlantFiber=87220.88;WoodLog=16639.43","ClayPit=3;Farm=3;FiberGatheringCamp=3;HealerHut=10;Pasture=3;WoodHouse=20","Agriculture;AnimalHusbandry;ClayExtraction;ControlledFire;HerbalKnowledge;KnowledgeSharing;Quarry"
547,Animal,1.15,100,1.2,0,240,62,178,0.258,128,500,"","Clay=89215.76;PlantFiber=87360.11;WoodLog=16699.43","ClayPit=3;Farm=3;FiberGatheringCamp=3;HealerHut=10;Pasture=3;WoodHouse=20","Agriculture;AnimalHusbandry;ClayExtraction;ControlledFire;HerbalKnowledge;KnowledgeSharing;Quarry"
548,Animal,1.15,100,1.2,0,240,62,178,0.258,128,500,"","Clay=89354.99;PlantFiber=87499.34;WoodLog=16759.43","ClayPit=3;Farm=3;FiberGatheringCamp=3;HealerHut=10;Pasture=3;WoodHouse=20","Agriculture;AnimalHusbandry;ClayExtraction;ControlledFire;HerbalKnowledge;KnowledgeSharing;Quarry"
549,Animal,1.15,100,1.2,0,240,62,178,0.258,128,500,"","Clay=89494.22;PlantFiber=87638.57;WoodLog=16819.43","ClayPit=3;Farm=3;FiberGatheringCamp=3;HealerHut=10;Pasture=3;WoodHouse=20","Agriculture;AnimalHusbandry;ClayExtraction;ControlledFire;HerbalKnowledge;KnowledgeSharing;Quarry"
550,Animal,1.15,100,1.2,0,240,62,178,0.258,128,500,"","Clay=89633.45;PlantFiber=87777.8;WoodLog=16879.43","ClayPit=3;Farm=3;FiberGatheringCamp=3;HealerHut=10;Pasture=3;WoodHouse=20","Agriculture;AnimalHusbandry;ClayExtraction;ControlledFire;HerbalKnowledge;KnowledgeSharing;Quarry"
551,Animal,1.15,100,1.2,0,240,62,178,0.258,128,500,"","Clay=89772.68;PlantFiber=87917.03;WoodLog=16939.43","ClayPit=3;Farm=3;FiberGatheringCamp=3;HealerHut=10;Pasture=3;WoodHouse=20","Agriculture;AnimalHusbandry;ClayExtraction;ControlledFire;HerbalKnowledge;KnowledgeSharing;Quarry"
552,Animal,1.15,100,1.2,0,240,62,178,0.258,128,500,"","Clay=89911.91;PlantFiber=88056.26;WoodLog=16999.43","ClayPit=3;Farm=3;FiberGatheringCamp=3;HealerHut=10;Pasture=3;WoodHouse=20","Agriculture;AnimalHusbandry;ClayExtraction;ControlledFire;HerbalKnowledge;KnowledgeSharing;Quarry"
553,Animal,1.15,100,1.2,0,240,62,178,0.258,128,500,"","Clay=90051.13;PlantFiber=88195.49;WoodLog=17059.43","ClayPit=3;Farm=3;FiberGatheringCamp=3;HealerHut=10;Pasture=3;WoodHouse=20","Agriculture;AnimalHusbandry;ClayExtraction;ControlledFire;HerbalKnowledge;KnowledgeSharing;Quarry"
554,Animal,1.15,100,1.2,0,240,62,178,0.258,128,500,"","Clay=90190.36;PlantFiber=88334.71;WoodLog=17119.43","ClayPit=3;Farm=3;FiberGatheringCamp=3;HealerHut=10;Pasture=3;WoodHouse=20","Agriculture;AnimalHusbandry;ClayExtraction;ControlledFire;HerbalKnowledge;KnowledgeSharing;Quarry"
555,Animal,1.15,100,1.2,0,240,62,178,0.258,128,500,"","Clay=90329.59;PlantFiber=88473.94;WoodLog=17179.43","ClayPit=3;Farm=3;FiberGatheringCamp=3;HealerHut=10;Pasture=3;WoodHouse=20","Agriculture;AnimalHusbandry;ClayExtraction;ControlledFire;HerbalKnowledge;KnowledgeSharing;Quarry"
556,Animal,1.15,100,1.2,0,240,62,178,0.258,128,500,"","Clay=90468.82;PlantFiber=88613.17;WoodLog=17239.43","ClayPit=3;Farm=3;FiberGatheringCamp=3;HealerHut=10;Pasture=3;WoodHouse=20","Agriculture;AnimalHusbandry;ClayExtraction;ControlledFire;HerbalKnowledge;KnowledgeSharing;Quarry"
557,Animal,1.15,100,1.2,0,240,62,178,0.258,128,500,"","Clay=90608.05;PlantFiber=88752.4;WoodLog=17299.43","ClayPit=3;Farm=3;FiberGatheringCamp=3;HealerHut=10;Pasture=3;WoodHouse=20","Agriculture;AnimalHusbandry;ClayExtraction;ControlledFire;HerbalKnowledge;KnowledgeSharing;Quarry"
558,Animal,1.15,100,1.2,0,240,62,178,0.258,128,500,"","Clay=90747.28;PlantFiber=88891.63;WoodLog=17359.43","ClayPit=3;Farm=3;FiberGatheringCamp=3;HealerHut=10;Pasture=3;WoodHouse=20","Agriculture;AnimalHusbandry;ClayExtraction;ControlledFire;HerbalKnowledge;KnowledgeSharing;Quarry"
559,Animal,1.15,100,1.2,0,240,62,178,0.258,128,500,"","Clay=90886.51;PlantFiber=89030.86;WoodLog=17419.43","ClayPit=3;Farm=3;FiberGatheringCamp=3;HealerHut=10;Pasture=3;WoodHouse=20","Agriculture;AnimalHusbandry;ClayExtraction;ControlledFire;HerbalKnowledge;KnowledgeSharing;Quarry"
560,Animal,1.15,100,1.2,0,240,62,178,0.258,128,500,"","Clay=91025.74;PlantFiber=89170.09;WoodLog=17479.43","ClayPit=3;Farm=3;FiberGatheringCamp=3;HealerHut=10;Pasture=3;WoodHouse=20","Agriculture;AnimalHusbandry;ClayExtraction;ControlledFire;HerbalKnowledge;KnowledgeSharing;Quarry"
561,Animal,1.15,100,1.2,0,240,62,178,0.258,128,500,"","Clay=91164.97;PlantFiber=89309.32;WoodLog=17539.43","ClayPit=3;Farm=3;FiberGatheringCamp=3;HealerHut=10;Pasture=3;WoodHouse=20","Agriculture;AnimalHusbandry;ClayExtraction;ControlledFire;HerbalKnowledge;KnowledgeSharing;Quarry"
562,Animal,1.15,100,1.2,0,240,62,178,0.258,128,500,"","Clay=91304.19;PlantFiber=89448.55;WoodLog=17599.43","ClayPit=3;Farm=3;FiberGatheringCamp=3;HealerHut=10;Pasture=3;WoodHouse=20","Agriculture;AnimalHusbandry;ClayExtraction;ControlledFire;HerbalKnowledge;KnowledgeSharing;Quarry"
563,Animal,1.15,100,1.2,0,240,62,178,0.258,128,500,"","Clay=91443.42;PlantFiber=89587.77;WoodLog=17659.43","ClayPit=3;Farm=3;FiberGatheringCamp=3;HealerHut=10;Pasture=3;WoodHouse=20","Agriculture;AnimalHusbandry;ClayExtraction;ControlledFire;HerbalKnowledge;KnowledgeSharing;Quarry"
564,Animal,1.15,100,1.2,0,240,62,178,0.258,128,500,"","Clay=91582.65;PlantFiber=89727;WoodLog=17719.43","ClayPit=3;Farm=3;FiberGatheringCamp=3;HealerHut=10;Pasture=3;WoodHouse=20","Agriculture;AnimalHusbandry;ClayExtraction;ControlledFire;HerbalKnowledge;KnowledgeSharing;Quarry"
565,Animal,1.15,100,1.2,0,240,62,178,0.258,128,500,"","Clay=91721.88;PlantFiber=89866.23;WoodLog=17779.43","ClayPit=3;Farm=3;FiberGatheringCamp=3;HealerHut=10;Pasture=3;WoodHouse=20","Agriculture;AnimalHusbandry;ClayExtraction;ControlledFire;HerbalKnowledge;KnowledgeSharing;Quarry"
566,Animal,1.15,100,1.2,0,240,62,178,0.258,128,500,"","Clay=91861.11;PlantFiber=90005.46;WoodLog=17839.43","ClayPit=3;Farm=3;FiberGatheringCamp=3;HealerHut=10;Pasture=3;WoodHouse=20","Agriculture;AnimalHusbandry;ClayExtraction;ControlledFire;HerbalKnowledge;KnowledgeSharing;Quarry"
567,Animal,1.15,100,1.2,0,240,62,178,0.258,128,500,"","Clay=92000.34;PlantFiber=90144.69;WoodLog=17899.43","ClayPit=3;Farm=3;FiberGatheringCamp=3;HealerHut=10;Pasture=3;WoodHouse=20","Agriculture;AnimalHusbandry;ClayExtraction;ControlledFire;HerbalKnowledge;KnowledgeSharing;Quarry"
568,Animal,1.15,100,1.2,0,240,62,178,0.258,128,500,"","Clay=92139.57;PlantFiber=90283.92;WoodLog=17959.43","ClayPit=3;Farm=3;FiberGatheringCamp=3;HealerHut=10;Pasture=3;WoodHouse=20","Agriculture;AnimalHusbandry;ClayExtraction;ControlledFire;HerbalKnowledge;KnowledgeSharing;Quarry"
569,Animal,1.15,100,1.2,0,240,62,178,0.258,128,500,"","Clay=92278.8;PlantFiber=90423.15;WoodLog=18019.43","ClayPit=3;Farm=3;FiberGatheringCamp=3;HealerHut=10;Pasture=3;WoodHouse=20","Agriculture;AnimalHusbandry;ClayExtraction;ControlledFire;HerbalKnowledge;KnowledgeSharing;Quarry"
570,Animal,1.15,100,1.2,0,240,62,178,0.258,128,500,"","Clay=92418.03;PlantFiber=90562.38;WoodLog=18079.43","ClayPit=3;Farm=3;FiberGatheringCamp=3;HealerHut=10;Pasture=3;WoodHouse=20","Agriculture;AnimalHusbandry;ClayExtraction;ControlledFire;HerbalKnowledge;KnowledgeSharing;Quarry"
571,Animal,1.15,100,1.2,0,240,62,178,0.258,128,500,"","Clay=92557.25;PlantFiber=90701.61;WoodLog=18139.43","ClayPit=3;Farm=3;FiberGatheringCamp=3;HealerHut=10;Pasture=3;WoodHouse=20","Agriculture;AnimalHusbandry;ClayExtraction;ControlledFire;HerbalKnowledge;KnowledgeSharing;Quarry"
572,Animal,1.15,100,1.2,0,240,62,178,0.258,128,500,"","Clay=92696.48;PlantFiber=90840.83;WoodLog=18199.43","ClayPit=3;Farm=3;FiberGatheringCamp=3;HealerHut=10;Pasture=3;WoodHouse=20","Agriculture;AnimalHusbandry;ClayExtraction;ControlledFire;HerbalKnowledge;KnowledgeSharing;Quarry"
573,Animal,1.15,100,1.2,0,240,62,178,0.258,128,500,"","Clay=92835.71;PlantFiber=90980.06;WoodLog=18259.43","ClayPit=3;Farm=3;FiberGatheringCamp=3;HealerHut=10;Pasture=3;WoodHouse=20","Agriculture;AnimalHusbandry;ClayExtraction;ControlledFire;HerbalKnowledge;KnowledgeSharing;Quarry"
574,Animal,1.15,100,1.2,0,240,62,178,0.258,128,500,"","Clay=92974.94;PlantFiber=91119.29;WoodLog=18319.43","ClayPit=3;Farm=3;FiberGatheringCamp=3;HealerHut=10;Pasture=3;WoodHouse=20","Agriculture;AnimalHusbandry;ClayExtraction;ControlledFire;HerbalKnowledge;KnowledgeSharing;Quarry"
575,Animal,1.15,100,1.2,0,240,62,178,0.258,128,500,"","Clay=93114.17;PlantFiber=91258.52;WoodLog=18379.43","ClayPit=3;Farm=3;FiberGatheringCamp=3;HealerHut=10;Pasture=3;WoodHouse=20","Agriculture;AnimalHusbandry;ClayExtraction;ControlledFire;HerbalKnowledge;KnowledgeSharing;Quarry"
576,Animal,1.15,100,1.2,0,240,62,178,0.258,128,500,"","Clay=93253.4;PlantFiber=91397.75;WoodLog=18439.43","ClayPit=3;Farm=3;FiberGatheringCamp=3;HealerHut=10;Pasture=3;WoodHouse=20","Agriculture;AnimalHusbandry;ClayExtraction;ControlledFire;HerbalKnowledge;KnowledgeSharing;Quarry"
577,Animal,1.15,100,1.2,0,240,62,178,0.258,128,500,"","Clay=93392.63;PlantFiber=91536.98;WoodLog=18499.43","ClayPit=3;Farm=3;FiberGatheringCamp=3;HealerHut=10;Pasture=3;WoodHouse=20","Agriculture;AnimalHusbandry;ClayExtraction;ControlledFire;HerbalKnowledge;KnowledgeSharing;Quarry"
578,Animal,1.15,100,1.2,0,240,62,178,0.258,128,500,"","Clay=93531.86;PlantFiber=91676.21;WoodLog=18559.43","ClayPit=3;Farm=3;FiberGatheringCamp=3;HealerHut=10;Pasture=3;WoodHouse=20","Agriculture;AnimalHusbandry;ClayExtraction;ControlledFire;HerbalKnowledge;KnowledgeSharing;Quarry"
579,Animal,1.15,100,1.2,0,240,62,178,0.258,128,500,"","Clay=93671.09;PlantFiber=91815.44;WoodLog=18619.43","ClayPit=3;Farm=3;FiberGatheringCamp=3;HealerHut=10;Pasture=3;WoodHouse=20","Agriculture;AnimalHusbandry;ClayExtraction;ControlledFire;HerbalKnowledge;KnowledgeSharing;Quarry"
580,Animal,1.15,100,1.2,0,240,62,178,0.258,128,500,"","Clay=93810.31;PlantFiber=91954.67;WoodLog=18679.43","ClayPit=3;Farm=3;FiberGatheringCamp=3;HealerHut=10;Pasture=3;WoodHouse=20","Agriculture;AnimalHusbandry;ClayExtraction;ControlledFire;HerbalKnowledge;KnowledgeSharing;Quarry"
581,Animal,1.15,100,1.2,0,240,62,178,0.258,128,500,"","Clay=93949.54;PlantFiber=92093.9;WoodLog=18739.43","ClayPit=3;Farm=3;FiberGatheringCamp=3;HealerHut=10;Pasture=3;WoodHouse=20","Agriculture;AnimalHusbandry;ClayExtraction;ControlledFire;HerbalKnowledge;KnowledgeSharing;Quarry"
582,Animal,1.15,100,1.2,0,240,62,178,0.258,128,500,"","Clay=94088.77;PlantFiber=92233.12;WoodLog=18799.43","ClayPit=3;Farm=3;FiberGatheringCamp=3;HealerHut=10;Pasture=3;WoodHouse=20","Agriculture;AnimalHusbandry;ClayExtraction;ControlledFire;HerbalKnowledge;KnowledgeSharing;Quarry"
583,Animal,1.15,100,1.2,0,240,62,178,0.258,128,500,"","Clay=94228;PlantFiber=92372.35;WoodLog=18859.43","ClayPit=3;Farm=3;FiberGatheringCamp=3;HealerHut=10;Pasture=3;WoodHouse=20","Agriculture;AnimalHusbandry;ClayExtraction;ControlledFire;HerbalKnowledge;KnowledgeSharing;Quarry"
584,Animal,1.15,100,1.2,0,240,62,178,0.258,128,500,"","Clay=94367.23;PlantFiber=92511.58;WoodLog=18919.43","ClayPit=3;Farm=3;FiberGatheringCamp=3;HealerHut=10;Pasture=3;WoodHouse=20","Agriculture;AnimalHusbandry;ClayExtraction;ControlledFire;HerbalKnowledge;KnowledgeSharing;Quarry"
585,Animal,1.15,100,1.2,0,240,62,178,0.258,128,500,"","Clay=94506.46;PlantFiber=92650.81;WoodLog=18979.43","ClayPit=3;Farm=3;FiberGatheringCamp=3;HealerHut=10;Pasture=3;WoodHouse=20","Agriculture;AnimalHusbandry;ClayExtraction;ControlledFire;HerbalKnowledge;KnowledgeSharing;Quarry"
586,Animal,1.15,100,1.2,0,240,62,178,0.258,128,500,"","Clay=94645.69;PlantFiber=92790.04;WoodLog=19039.43","ClayPit=3;Farm=3;FiberGatheringCamp=3;HealerHut=10;Pasture=3;WoodHouse=20","Agriculture;AnimalHusbandry;ClayExtraction;ControlledFire;HerbalKnowledge;KnowledgeSharing;Quarry"
587,Animal,1.15,100,1.2,0,240,62,178,0.258,128,500,"","Clay=94784.92;PlantFiber=92929.27;WoodLog=19099.43","ClayPit=3;Farm=3;FiberGatheringCamp=3;HealerHut=10;Pasture=3;WoodHouse=20","Agriculture;AnimalHusbandry;ClayExtraction;ControlledFire;HerbalKnowledge;KnowledgeSharing;Quarry"
588,Animal,1.15,100,1.2,0,240,62,178,0.258,128,500,"","Clay=94924.15;PlantFiber=93068.5;WoodLog=19159.43","ClayPit=3;Farm=3;FiberGatheringCamp=3;HealerHut=10;Pasture=3;WoodHouse=20","Agriculture;AnimalHusbandry;ClayExtraction;ControlledFire;HerbalKnowledge;KnowledgeSharing;Quarry"
589,Animal,1.15,100,1.2,0,240,62,178,0.258,128,500,"","Clay=95063.38;PlantFiber=93207.73;WoodLog=19219.43","ClayPit=3;Farm=3;FiberGatheringCamp=3;HealerHut=10;Pasture=3;WoodHouse=20","Agriculture;AnimalHusbandry;ClayExtraction;ControlledFire;HerbalKnowledge;KnowledgeSharing;Quarry"
590,Animal,1.15,100,1.2,0,240,62,178,0.258,128,500,"","Clay=95202.6;PlantFiber=93346.96;WoodLog=19279.43","ClayPit=3;Farm=3;FiberGatheringCamp=3;HealerHut=10;Pasture=3;WoodHouse=20","Agriculture;AnimalHusbandry;ClayExtraction;ControlledFire;HerbalKnowledge;KnowledgeSharing;Quarry"
591,Animal,1.15,100,1.2,0,240,62,178,0.258,128,500,"","Clay=95341.83;PlantFiber=93486.18;WoodLog=19339.43","ClayPit=3;Farm=3;FiberGatheringCamp=3;HealerHut=10;Pasture=3;WoodHouse=20","Agriculture;AnimalHusbandry;ClayExtraction;ControlledFire;HerbalKnowledge;KnowledgeSharing;Quarry"
592,Animal,1.15,100,1.2,0,240,62,178,0.258,128,500,"","Clay=95481.06;PlantFiber=93625.41;WoodLog=19399.43","ClayPit=3;Farm=3;FiberGatheringCamp=3;HealerHut=10;Pasture=3;WoodHouse=20","Agriculture;AnimalHusbandry;ClayExtraction;ControlledFire;HerbalKnowledge;KnowledgeSharing;Quarry"
593,Animal,1.15,100,1.2,0,240,62,178,0.258,128,500,"","Clay=95620.29;PlantFiber=93764.64;WoodLog=19459.43","ClayPit=3;Farm=3;FiberGatheringCamp=3;HealerHut=10;Pasture=3;WoodHouse=20","Agriculture;AnimalHusbandry;ClayExtraction;ControlledFire;HerbalKnowledge;KnowledgeSharing;Quarry"
594,Animal,1.15,100,1.2,0,240,62,178,0.258,128,500,"","Clay=95759.52;PlantFiber=93903.87;WoodLog=19519.43","ClayPit=3;Farm=3;FiberGatheringCamp=3;HealerHut=10;Pasture=3;WoodHouse=20","Agriculture;AnimalHusbandry;ClayExtraction;ControlledFire;HerbalKnowledge;KnowledgeSharing;Quarry"
595,Animal,1.15,100,1.2,0,240,62,178,0.258,128,500,"","Clay=95898.75;PlantFiber=94043.1;WoodLog=19579.43","ClayPit=3;Farm=3;FiberGatheringCamp=3;HealerHut=10;Pasture=3;WoodHouse=20","Agriculture;AnimalHusbandry;ClayExtraction;ControlledFire;HerbalKnowledge;KnowledgeSharing;Quarry"
596,Animal,1.15,100,1.2,0,240,62,178,0.258,128,500,"","Clay=96037.98;PlantFiber=94182.33;WoodLog=19639.43","ClayPit=3;Farm=3;FiberGatheringCamp=3;HealerHut=10;Pasture=3;WoodHouse=20","Agriculture;AnimalHusbandry;ClayExtraction;ControlledFire;HerbalKnowledge;KnowledgeSharing;Quarry"
597,Animal,1.15,100,1.2,0,240,62,178,0.258,128,500,"","Clay=96177.21;PlantFiber=94321.56;WoodLog=19699.43","ClayPit=3;Farm=3;FiberGatheringCamp=3;HealerHut=10;Pasture=3;WoodHouse=20","Agriculture;AnimalHusbandry;ClayExtraction;ControlledFire;HerbalKnowledge;KnowledgeSharing;Quarry"
598,Animal,1.15,100,1.2,0,240,62,178,0.258,128,500,"","Clay=96316.44;PlantFiber=94460.79;WoodLog=19759.43","ClayPit=3;Farm=3;FiberGatheringCamp=3;HealerHut=10;Pasture=3;WoodHouse=20","Agriculture;AnimalHusbandry;ClayExtraction;ControlledFire;HerbalKnowledge;KnowledgeSharing;Quarry"
599,Animal,1.15,100,1.2,0,240,62,178,0.258,128,500,"","Clay=96455.66;PlantFiber=94600.02;WoodLog=19819.43","ClayPit=3;Farm=3;FiberGatheringCamp=3;HealerHut=10;Pasture=3;WoodHouse=20","Agriculture;AnimalHusbandry;ClayExtraction;ControlledFire;HerbalKnowledge;KnowledgeSharing;Quarry"
600,Animal,1.15,100,1.2,0,240,62,178,0.258,128,500,"","Clay=96594.89;PlantFiber=94739.24;WoodLog=19879.43","ClayPit=3;Farm=3;FiberGatheringCamp=3;HealerHut=10;Pasture=3;WoodHouse=20","Agriculture;AnimalHusbandry;ClayExtraction;ControlledFire;HerbalKnowledge;KnowledgeSharing;Quarry"
601,Animal,1.15,100,1.2,0,240,62,178,0.258,128,500,"","Clay=96734.12;PlantFiber=94878.47;WoodLog=19939.43","ClayPit=3;Farm=3;FiberGatheringCamp=3;HealerHut=10;Pasture=3;WoodHouse=20","Agriculture;AnimalHusbandry;ClayExtraction;ControlledFire;HerbalKnowledge;KnowledgeSharing;Quarry"
602,Animal,1.15,100,1.2,0,240,62,178,0.258,128,500,"","Clay=96873.35;PlantFiber=95017.7;WoodLog=19999.43","ClayPit=3;Farm=3;FiberGatheringCamp=3;HealerHut=10;Pasture=3;WoodHouse=20","Agriculture;AnimalHusbandry;ClayExtraction;ControlledFire;HerbalKnowledge;KnowledgeSharing;Quarry"
603,Animal,1.15,100,1.2,0,240,62,178,0.258,128,500,"","Clay=97012.58;PlantFiber=95156.93;WoodLog=20059.43","ClayPit=3;Farm=3;FiberGatheringCamp=3;HealerHut=10;Pasture=3;WoodHouse=20","Agriculture;AnimalHusbandry;ClayExtraction;ControlledFire;HerbalKnowledge;KnowledgeSharing;Quarry"
604,Animal,1.15,100,1.2,0,240,62,178,0.258,128,500,"","Clay=97151.81;PlantFiber=95296.16;WoodLog=20119.43","ClayPit=3;Farm=3;FiberGatheringCamp=3;HealerHut=10;Pasture=3;WoodHouse=20","Agriculture;AnimalHusbandry;ClayExtraction;ControlledFire;HerbalKnowledge;KnowledgeSharing;Quarry"
605,Animal,1.15,100,1.2,0,240,62,178,0.258,128,500,"","Clay=97291.04;PlantFiber=95435.39;WoodLog=20179.43","ClayPit=3;Farm=3;FiberGatheringCamp=3;HealerHut=10;Pasture=3;WoodHouse=20","Agriculture;AnimalHusbandry;ClayExtraction;ControlledFire;HerbalKnowledge;KnowledgeSharing;Quarry"
606,Animal,1.15,100,1.2,0,240,62,178,0.258,128,500,"","Clay=97430.27;PlantFiber=95574.62;WoodLog=20239.43","ClayPit=3;Farm=3;FiberGatheringCamp=3;HealerHut=10;Pasture=3;WoodHouse=20","Agriculture;AnimalHusbandry;ClayExtraction;ControlledFire;HerbalKnowledge;KnowledgeSharing;Quarry"
607,Animal,1.15,100,1.2,0,240,62,178,0.258,128,500,"","Clay=97569.5;PlantFiber=95713.85;WoodLog=20299.43","ClayPit=3;Farm=3;FiberGatheringCamp=3;HealerHut=10;Pasture=3;WoodHouse=20","Agriculture;AnimalHusbandry;ClayExtraction;ControlledFire;HerbalKnowledge;KnowledgeSharing;Quarry"
608,Animal,1.15,100,1.2,0,240,62,178,0.258,128,500,"","Clay=97708.72;PlantFiber=95853.08;WoodLog=20359.43","ClayPit=3;Farm=3;FiberGatheringCamp=3;HealerHut=10;Pasture=3;WoodHouse=20","Agriculture;AnimalHusbandry;ClayExtraction;ControlledFire;HerbalKnowledge;KnowledgeSharing;Quarry"
609,Animal,1.15,100,1.2,0,240,62,178,0.258,128,500,"","Clay=97847.95;PlantFiber=95992.3;WoodLog=20419.43","ClayPit=3;Farm=3;FiberGatheringCamp=3;HealerHut=10;Pasture=3;WoodHouse=20","Agriculture;AnimalHusbandry;ClayExtraction;ControlledFire;HerbalKnowledge;KnowledgeSharing;Quarry"
610,Animal,1.15,100,1.2,0,240,62,178,0.258,128,500,"","Clay=97987.18;PlantFiber=96131.53;WoodLog=20479.43","ClayPit=3;Farm=3;FiberGatheringCamp=3;HealerHut=10;Pasture=3;WoodHouse=20","Agriculture;AnimalHusbandry;ClayExtraction;ControlledFire;HerbalKnowledge;KnowledgeSharing;Quarry"
611,Animal,1.15,100,1.2,0,240,62,178,0.258,128,500,"","Clay=98126.41;PlantFiber=96270.76;WoodLog=20539.43","ClayPit=3;Farm=3;FiberGatheringCamp=3;HealerHut=10;Pasture=3;WoodHouse=20","Agriculture;AnimalHusbandry;ClayExtraction;ControlledFire;HerbalKnowledge;KnowledgeSharing;Quarry"
612,Animal,1.15,100,1.2,0,240,62,178,0.258,128,500,"","Clay=98265.64;PlantFiber=96409.99;WoodLog=20599.43","ClayPit=3;Farm=3;FiberGatheringCamp=3;HealerHut=10;Pasture=3;WoodHouse=20","Agriculture;AnimalHusbandry;ClayExtraction;ControlledFire;HerbalKnowledge;KnowledgeSharing;Quarry"
613,Animal,1.15,100,1.2,0,240,62,178,0.258,128,500,"","Clay=98404.87;PlantFiber=96549.22;WoodLog=20659.43","ClayPit=3;Farm=3;FiberGatheringCamp=3;HealerHut=10;Pasture=3;WoodHouse=20","Agriculture;AnimalHusbandry;ClayExtraction;ControlledFire;HerbalKnowledge;KnowledgeSharing;Quarry"
614,Animal,1.15,100,1.2,0,240,62,178,0.258,128,500,"","Clay=98544.1;PlantFiber=96688.45;WoodLog=20719.43","ClayPit=3;Farm=3;FiberGatheringCamp=3;HealerHut=10;Pasture=3;WoodHouse=20","Agriculture;AnimalHusbandry;ClayExtraction;ControlledFire;HerbalKnowledge;KnowledgeSharing;Quarry"
615,Animal,1.15,100,1.2,0,240,62,178,0.258,128,500,"","Clay=98683.33;PlantFiber=96827.68;WoodLog=20779.43","ClayPit=3;Farm=3;FiberGatheringCamp=3;HealerHut=10;Pasture=3;WoodHouse=20","Agriculture;AnimalHusbandry;ClayExtraction;ControlledFire;HerbalKnowledge;KnowledgeSharing;Quarry"
616,Animal,1.15,100,1.2,0,240,62,178,0.258,128,500,"","Clay=98822.56;PlantFiber=96966.91;WoodLog=20839.43","ClayPit=3;Farm=3;FiberGatheringCamp=3;HealerHut=10;Pasture=3;WoodHouse=20","Agriculture;AnimalHusbandry;ClayExtraction;ControlledFire;HerbalKnowledge;KnowledgeSharing;Quarry"
617,Animal,1.15,100,1.2,0,240,62,178,0.258,128,500,"","Clay=98961.78;PlantFiber=97106.14;WoodLog=20899.43","ClayPit=3;Farm=3;FiberGatheringCamp=3;HealerHut=10;Pasture=3;WoodHouse=20","Agriculture;AnimalHusbandry;ClayExtraction;ControlledFire;HerbalKnowledge;KnowledgeSharing;Quarry"
618,Animal,1.15,100,1.2,0,240,62,178,0.258,128,500,"","Clay=99101.01;PlantFiber=97245.36;WoodLog=20959.43","ClayPit=3;Farm=3;FiberGatheringCamp=3;HealerHut=10;Pasture=3;WoodHouse=20","Agriculture;AnimalHusbandry;ClayExtraction;ControlledFire;HerbalKnowledge;KnowledgeSharing;Quarry"
619,Animal,1.15,100,1.2,0,240,62,178,0.258,128,500,"","Clay=99240.24;PlantFiber=97384.59;WoodLog=21019.43","ClayPit=3;Farm=3;FiberGatheringCamp=3;HealerHut=10;Pasture=3;WoodHouse=20","Agriculture;AnimalHusbandry;ClayExtraction;ControlledFire;HerbalKnowledge;KnowledgeSharing;Quarry"
620,Animal,1.15,100,1.2,0,240,62,178,0.258,128,500,"","Clay=99379.47;PlantFiber=97523.82;WoodLog=21079.43","ClayPit=3;Farm=3;FiberGatheringCamp=3;HealerHut=10;Pasture=3;WoodHouse=20","Agriculture;AnimalHusbandry;ClayExtraction;ControlledFire;HerbalKnowledge;KnowledgeSharing;Quarry"
621,Animal,1.15,100,1.2,0,240,62,178,0.258,128,500,"","Clay=99518.7;PlantFiber=97663.05;WoodLog=21139.43","ClayPit=3;Farm=3;FiberGatheringCamp=3;HealerHut=10;Pasture=3;WoodHouse=20","Agriculture;AnimalHusbandry;ClayExtraction;ControlledFire;HerbalKnowledge;KnowledgeSharing;Quarry"
622,Animal,1.15,100,1.2,0,240,62,178,0.258,128,500,"","Clay=99657.93;PlantFiber=97802.28;WoodLog=21199.43","ClayPit=3;Farm=3;FiberGatheringCamp=3;HealerHut=10;Pasture=3;WoodHouse=20","Agriculture;AnimalHusbandry;ClayExtraction;ControlledFire;HerbalKnowledge;KnowledgeSharing;Quarry"
623,Animal,1.15,100,1.2,0,240,62,178,0.258,128,500,"","Clay=99797.16;PlantFiber=97941.51;WoodLog=21259.43","ClayPit=3;Farm=3;FiberGatheringCamp=3;HealerHut=10;Pasture=3;WoodHouse=20","Agriculture;AnimalHusbandry;ClayExtraction;ControlledFire;HerbalKnowledge;KnowledgeSharing;Quarry"
624,Animal,1.15,100,1.2,0,240,62,178,0.258,128,500,"","Clay=99936.39;PlantFiber=98080.74;WoodLog=21319.43","ClayPit=3;Farm=3;FiberGatheringCamp=3;HealerHut=10;Pasture=3;WoodHouse=20","Agriculture;AnimalHusbandry;ClayExtraction;ControlledFire;HerbalKnowledge;KnowledgeSharing;Quarry"
625,Animal,1.15,100,1.2,0,240,62,178,0.258,128,500,"","Clay=100075.62;PlantFiber=98219.97;WoodLog=21379.43","ClayPit=3;Farm=3;FiberGatheringCamp=3;HealerHut=10;Pasture=3;WoodHouse=20","Agriculture;AnimalHusbandry;ClayExtraction;ControlledFire;HerbalKnowledge;KnowledgeSharing;Quarry"
626,Animal,1.15,100,1.2,0,240,62,178,0.258,128,500,"","Clay=100214.85;PlantFiber=98359.2;WoodLog=21439.43","ClayPit=3;Farm=3;FiberGatheringCamp=3;HealerHut=10;Pasture=3;WoodHouse=20","Agriculture;AnimalHusbandry;ClayExtraction;ControlledFire;HerbalKnowledge;KnowledgeSharing;Quarry"
627,Animal,1.15,100,1.2,0,240,62,178,0.258,128,500,"","Clay=100354.07;PlantFiber=98498.43;WoodLog=21499.43","ClayPit=3;Farm=3;FiberGatheringCamp=3;HealerHut=10;Pasture=3;WoodHouse=20","Agriculture;AnimalHusbandry;ClayExtraction;ControlledFire;HerbalKnowledge;KnowledgeSharing;Quarry"
628,Animal,1.15,100,1.2,0,240,62,178,0.258,128,500,"","Clay=100493.3;PlantFiber=98637.65;WoodLog=21559.43","ClayPit=3;Farm=3;FiberGatheringCamp=3;HealerHut=10;Pasture=3;WoodHouse=20","Agriculture;AnimalHusbandry;ClayExtraction;ControlledFire;HerbalKnowledge;KnowledgeSharing;Quarry"
629,Animal,1.15,100,1.2,0,240,62,178,0.258,128,500,"","Clay=100632.53;PlantFiber=98776.88;WoodLog=21619.43","ClayPit=3;Farm=3;FiberGatheringCamp=3;HealerHut=10;Pasture=3;WoodHouse=20","Agriculture;AnimalHusbandry;ClayExtraction;ControlledFire;HerbalKnowledge;KnowledgeSharing;Quarry"
630,Animal,1.15,100,1.2,0,240,62,178,0.258,128,500,"","Clay=100771.76;PlantFiber=98916.11;WoodLog=21679.43","ClayPit=3;Farm=3;FiberGatheringCamp=3;HealerHut=10;Pasture=3;WoodHouse=20","Agriculture;AnimalHusbandry;ClayExtraction;ControlledFire;HerbalKnowledge;KnowledgeSharing;Quarry"
631,Animal,1.15,100,1.2,0,240,62,178,0.258,128,500,"","Clay=100910.99;PlantFiber=99055.34;WoodLog=21739.43","ClayPit=3;Farm=3;FiberGatheringCamp=3;HealerHut=10;Pasture=3;WoodHouse=20","Agriculture;AnimalHusbandry;ClayExtraction;ControlledFire;HerbalKnowledge;KnowledgeSharing;Quarry"
632,Animal,1.15,100,1.2,0,240,62,178,0.258,128,500,"","Clay=101050.22;PlantFiber=99194.57;WoodLog=21799.43","ClayPit=3;Farm=3;FiberGatheringCamp=3;HealerHut=10;Pasture=3;WoodHouse=20","Agriculture;AnimalHusbandry;ClayExtraction;ControlledFire;HerbalKnowledge;KnowledgeSharing;Quarry"
633,Animal,1.15,100,1.2,0,240,62,178,0.258,128,500,"","Clay=101189.45;PlantFiber=99333.8;WoodLog=21859.43","ClayPit=3;Farm=3;FiberGatheringCamp=3;HealerHut=10;Pasture=3;WoodHouse=20","Agriculture;AnimalHusbandry;ClayExtraction;ControlledFire;HerbalKnowledge;KnowledgeSharing;Quarry"
634,Animal,1.15,100,1.2,0,240,62,178,0.258,128,500,"","Clay=101328.68;PlantFiber=99473.03;WoodLog=21919.43","ClayPit=3;Farm=3;FiberGatheringCamp=3;HealerHut=10;Pasture=3;WoodHouse=20","Agriculture;AnimalHusbandry;ClayExtraction;ControlledFire;HerbalKnowledge;KnowledgeSharing;Quarry"
635,Animal,1.15,100,1.2,0,240,62,178,0.258,128,500,"","Clay=101467.91;PlantFiber=99612.26;WoodLog=21979.43","ClayPit=3;Farm=3;FiberGatheringCamp=3;HealerHut=10;Pasture=3;WoodHouse=20","Agriculture;AnimalHusbandry;ClayExtraction;ControlledFire;HerbalKnowledge;KnowledgeSharing;Quarry"
636,Animal,1.15,100,1.2,0,240,62,178,0.258,128,500,"","Clay=101607.13;PlantFiber=99751.49;WoodLog=22039.43","ClayPit=3;Farm=3;FiberGatheringCamp=3;HealerHut=10;Pasture=3;WoodHouse=20","Agriculture;AnimalHusbandry;ClayExtraction;ControlledFire;HerbalKnowledge;KnowledgeSharing;Quarry"
637,Animal,1.15,100,1.2,0,240,62,178,0.258,128,500,"","Clay=101746.36;PlantFiber=99890.71;WoodLog=22099.43","ClayPit=3;Farm=3;FiberGatheringCamp=3;HealerHut=10;Pasture=3;WoodHouse=20","Agriculture;AnimalHusbandry;ClayExtraction;ControlledFire;HerbalKnowledge;KnowledgeSharing;Quarry"
638,Animal,1.15,100,1.2,0,240,62,178,0.258,128,500,"","Clay=101885.59;PlantFiber=100029.94;WoodLog=22159.43","ClayPit=3;Farm=3;FiberGatheringCamp=3;HealerHut=10;Pasture=3;WoodHouse=20","Agriculture;AnimalHusbandry;ClayExtraction;ControlledFire;HerbalKnowledge;KnowledgeSharing;Quarry"
639,Animal,1.15,100,1.2,0,240,62,178,0.258,128,500,"","Clay=102024.82;PlantFiber=100169.17;WoodLog=22219.43","ClayPit=3;Farm=3;FiberGatheringCamp=3;HealerHut=10;Pasture=3;WoodHouse=20","Agriculture;AnimalHusbandry;ClayExtraction;ControlledFire;HerbalKnowledge;KnowledgeSharing;Quarry"
640,Animal,1.15,100,1.2,0,240,62,178,0.258,128,500,"","Clay=102164.05;PlantFiber=100308.4;WoodLog=22279.43","ClayPit=3;Farm=3;FiberGatheringCamp=3;HealerHut=10;Pasture=3;WoodHouse=20","Agriculture;AnimalHusbandry;ClayExtraction;ControlledFire;HerbalKnowledge;KnowledgeSharing;Quarry"
641,Animal,1.15,100,1.2,0,240,62,178,0.258,128,500,"","Clay=102303.28;PlantFiber=100447.63;WoodLog=22339.43","ClayPit=3;Farm=3;FiberGatheringCamp=3;HealerHut=10;Pasture=3;WoodHouse=20","Agriculture;AnimalHusbandry;ClayExtraction;ControlledFire;HerbalKnowledge;KnowledgeSharing;Quarry"
642,Animal,1.15,100,1.2,0,240,62,178,0.258,128,500,"","Clay=102442.51;PlantFiber=100586.86;WoodLog=22399.43","ClayPit=3;Farm=3;FiberGatheringCamp=3;HealerHut=10;Pasture=3;WoodHouse=20","Agriculture;AnimalHusbandry;ClayExtraction;ControlledFire;HerbalKnowledge;KnowledgeSharing;Quarry"
643,Animal,1.15,100,1.2,0,240,62,178,0.258,128,500,"","Clay=102581.74;PlantFiber=100726.09;WoodLog=22459.43","ClayPit=3;Farm=3;FiberGatheringCamp=3;HealerHut=10;Pasture=3;WoodHouse=20","Agriculture;AnimalHusbandry;ClayExtraction;ControlledFire;HerbalKnowledge;KnowledgeSharing;Quarry"
644,Animal,1.15,100,1.2,0,240,62,178,0.258,128,500,"","Clay=102720.97;PlantFiber=100865.32;WoodLog=22519.43","ClayPit=3;Farm=3;FiberGatheringCamp=3;HealerHut=10;Pasture=3;WoodHouse=20","Agriculture;AnimalHusbandry;ClayExtraction;ControlledFire;HerbalKnowledge;KnowledgeSharing;Quarry"
645,Animal,1.15,100,1.2,0,240,62,178,0.258,128,500,"","Clay=102860.19;PlantFiber=101004.55;WoodLog=22579.43","ClayPit=3;Farm=3;FiberGatheringCamp=3;HealerHut=10;Pasture=3;WoodHouse=20","Agriculture;AnimalHusbandry;ClayExtraction;ControlledFire;HerbalKnowledge;KnowledgeSharing;Quarry"
646,Animal,1.15,100,1.2,0,240,62,178,0.258,128,500,"","Clay=102999.42;PlantFiber=101143.77;WoodLog=22639.43","ClayPit=3;Farm=3;FiberGatheringCamp=3;HealerHut=10;Pasture=3;WoodHouse=20","Agriculture;AnimalHusbandry;ClayExtraction;ControlledFire;HerbalKnowledge;KnowledgeSharing;Quarry"
647,Animal,1.15,100,1.2,0,240,62,178,0.258,128,500,"","Clay=103138.65;PlantFiber=101283;WoodLog=22699.43","ClayPit=3;Farm=3;FiberGatheringCamp=3;HealerHut=10;Pasture=3;WoodHouse=20","Agriculture;AnimalHusbandry;ClayExtraction;ControlledFire;HerbalKnowledge;KnowledgeSharing;Quarry"
648,Animal,1.15,100,1.2,0,240,62,178,0.258,128,500,"","Clay=103277.88;PlantFiber=101422.23;WoodLog=22759.43","ClayPit=3;Farm=3;FiberGatheringCamp=3;HealerHut=10;Pasture=3;WoodHouse=20","Agriculture;AnimalHusbandry;ClayExtraction;ControlledFire;HerbalKnowledge;KnowledgeSharing;Quarry"
649,Animal,1.15,100,1.2,0,240,62,178,0.258,128,500,"","Clay=103417.11;PlantFiber=101561.46;WoodLog=22819.43","ClayPit=3;Farm=3;FiberGatheringCamp=3;HealerHut=10;Pasture=3;WoodHouse=20","Agriculture;AnimalHusbandry;ClayExtraction;ControlledFire;HerbalKnowledge;KnowledgeSharing;Quarry"
650,Animal,1.15,100,1.2,0,240,62,178,0.258,128,500,"","Clay=103556.34;PlantFiber=101700.69;WoodLog=22879.43","ClayPit=3;Farm=3;FiberGatheringCamp=3;HealerHut=10;Pasture=3;WoodHouse=20","Agriculture;AnimalHusbandry;ClayExtraction;ControlledFire;HerbalKnowledge;KnowledgeSharing;Quarry"
651,Animal,1.15,100,1.2,0,240,62,178,0.258,128,500,"","Clay=103695.57;PlantFiber=101839.92;WoodLog=22939.43","ClayPit=3;Farm=3;FiberGatheringCamp=3;HealerHut=10;Pasture=3;WoodHouse=20","Agriculture;AnimalHusbandry;ClayExtraction;ControlledFire;HerbalKnowledge;KnowledgeSharing;Quarry"
652,Animal,1.15,100,1.2,0,240,62,178,0.258,128,500,"","Clay=103834.8;PlantFiber=101979.15;WoodLog=22999.43","ClayPit=3;Farm=3;FiberGatheringCamp=3;HealerHut=10;Pasture=3;WoodHouse=20","Agriculture;AnimalHusbandry;ClayExtraction;ControlledFire;HerbalKnowledge;KnowledgeSharing;Quarry"
653,Animal,1.15,100,1.2,0,240,62,178,0.258,128,500,"","Clay=103974.03;PlantFiber=102118.38;WoodLog=23059.43","ClayPit=3;Farm=3;FiberGatheringCamp=3;HealerHut=10;Pasture=3;WoodHouse=20","Agriculture;AnimalHusbandry;ClayExtraction;ControlledFire;HerbalKnowledge;KnowledgeSharing;Quarry"
654,Animal,1.15,100,1.2,0,240,62,178,0.258,128,500,"","Clay=104113.25;PlantFiber=102257.61;WoodLog=23119.43","ClayPit=3;Farm=3;FiberGatheringCamp=3;HealerHut=10;Pasture=3;WoodHouse=20","Agriculture;AnimalHusbandry;ClayExtraction;ControlledFire;HerbalKnowledge;KnowledgeSharing;Quarry"
655,Animal,1.15,100,1.2,0,240,62,178,0.258,128,500,"","Clay=104252.48;PlantFiber=102396.83;WoodLog=23179.43","ClayPit=3;Farm=3;FiberGatheringCamp=3;HealerHut=10;Pasture=3;WoodHouse=20","Agriculture;AnimalHusbandry;ClayExtraction;ControlledFire;HerbalKnowledge;KnowledgeSharing;Quarry"
656,Animal,1.15,100,1.2,0,240,62,178,0.258,128,500,"","Clay=104391.71;PlantFiber=102536.06;WoodLog=23239.43","ClayPit=3;Farm=3;FiberGatheringCamp=3;HealerHut=10;Pasture=3;WoodHouse=20","Agriculture;AnimalHusbandry;ClayExtraction;ControlledFire;HerbalKnowledge;KnowledgeSharing;Quarry"
657,Animal,1.15,100,1.2,0,240,62,178,0.258,128,500,"","Clay=104530.94;PlantFiber=102675.29;WoodLog=23299.43","ClayPit=3;Farm=3;FiberGatheringCamp=3;HealerHut=10;Pasture=3;WoodHouse=20","Agriculture;AnimalHusbandry;ClayExtraction;ControlledFire;HerbalKnowledge;KnowledgeSharing;Quarry"
658,Animal,1.15,100,1.2,0,240,62,178,0.258,128,500,"","Clay=104670.17;PlantFiber=102814.52;WoodLog=23359.43","ClayPit=3;Farm=3;FiberGatheringCamp=3;HealerHut=10;Pasture=3;WoodHouse=20","Agriculture;AnimalHusbandry;ClayExtraction;ControlledFire;HerbalKnowledge;KnowledgeSharing;Quarry"
659,Animal,1.15,100,1.2,0,240,62,178,0.258,128,500,"","Clay=104809.4;PlantFiber=102953.75;WoodLog=23419.43","ClayPit=3;Farm=3;FiberGatheringCamp=3;HealerHut=10;Pasture=3;WoodHouse=20","Agriculture;AnimalHusbandry;ClayExtraction;ControlledFire;HerbalKnowledge;KnowledgeSharing;Quarry"
660,Animal,1.15,100,1.2,0,240,62,178,0.258,128,500,"","Clay=104948.63;PlantFiber=103092.98;WoodLog=23479.43","ClayPit=3;Farm=3;FiberGatheringCamp=3;HealerHut=10;Pasture=3;WoodHouse=20","Agriculture;AnimalHusbandry;ClayExtraction;ControlledFire;HerbalKnowledge;KnowledgeSharing;Quarry"
661,Animal,1.15,100,1.2,0,240,62,178,0.258,128,500,"","Clay=105087.86;PlantFiber=103232.21;WoodLog=23539.43","ClayPit=3;Farm=3;FiberGatheringCamp=3;HealerHut=10;Pasture=3;WoodHouse=20","Agriculture;AnimalHusbandry;ClayExtraction;ControlledFire;HerbalKnowledge;KnowledgeSharing;Quarry"
662,Animal,1.15,100,1.2,0,240,62,178,0.258,128,500,"","Clay=105227.09;PlantFiber=103371.44;WoodLog=23599.43","ClayPit=3;Farm=3;FiberGatheringCamp=3;HealerHut=10;Pasture=3;WoodHouse=20","Agriculture;AnimalHusbandry;ClayExtraction;ControlledFire;HerbalKnowledge;KnowledgeSharing;Quarry"
663,Animal,1.15,100,1.2,0,240,62,178,0.258,128,500,"","Clay=105366.31;PlantFiber=103510.67;WoodLog=23659.43","ClayPit=3;Farm=3;FiberGatheringCamp=3;HealerHut=10;Pasture=3;WoodHouse=20","Agriculture;AnimalHusbandry;ClayExtraction;ControlledFire;HerbalKnowledge;KnowledgeSharing;Quarry"
664,Animal,1.15,100,1.2,0,240,62,178,0.258,128,500,"","Clay=105505.54;PlantFiber=103649.9;WoodLog=23719.43","ClayPit=3;Farm=3;FiberGatheringCamp=3;HealerHut=10;Pasture=3;WoodHouse=20","Agriculture;AnimalHusbandry;ClayExtraction;ControlledFire;HerbalKnowledge;KnowledgeSharing;Quarry"
665,Animal,1.15,100,1.2,0,240,62,178,0.258,128,500,"","Clay=105644.77;PlantFiber=103789.12;WoodLog=23779.43","ClayPit=3;Farm=3;FiberGatheringCamp=3;HealerHut=10;Pasture=3;WoodHouse=20","Agriculture;AnimalHusbandry;ClayExtraction;ControlledFire;HerbalKnowledge;KnowledgeSharing;Quarry"
666,Animal,1.15,100,1.2,0,240,62,178,0.258,128,500,"","Clay=105784;PlantFiber=103928.35;WoodLog=23839.43","ClayPit=3;Farm=3;FiberGatheringCamp=3;HealerHut=10;Pasture=3;WoodHouse=20","Agriculture;AnimalHusbandry;ClayExtraction;ControlledFire;HerbalKnowledge;KnowledgeSharing;Quarry"
667,Animal,1.15,100,1.2,0,240,62,178,0.258,128,500,"","Clay=105923.23;PlantFiber=104067.58;WoodLog=23899.43","ClayPit=3;Farm=3;FiberGatheringCamp=3;HealerHut=10;Pasture=3;WoodHouse=20","Agriculture;AnimalHusbandry;ClayExtraction;ControlledFire;HerbalKnowledge;KnowledgeSharing;Quarry"
668,Animal,1.15,100,1.2,0,240,62,178,0.258,128,500,"","Clay=106062.46;PlantFiber=104206.81;WoodLog=23959.43","ClayPit=3;Farm=3;FiberGatheringCamp=3;HealerHut=10;Pasture=3;WoodHouse=20","Agriculture;AnimalHusbandry;ClayExtraction;ControlledFire;HerbalKnowledge;KnowledgeSharing;Quarry"
669,Animal,1.15,100,1.2,0,240,62,178,0.258,128,500,"","Clay=106201.69;PlantFiber=104346.04;WoodLog=24019.43","ClayPit=3;Farm=3;FiberGatheringCamp=3;HealerHut=10;Pasture=3;WoodHouse=20","Agriculture;AnimalHusbandry;ClayExtraction;ControlledFire;HerbalKnowledge;KnowledgeSharing;Quarry"
670,Animal,1.15,100,1.2,0,240,62,178,0.258,128,500,"","Clay=106340.92;PlantFiber=104485.27;WoodLog=24079.43","ClayPit=3;Farm=3;FiberGatheringCamp=3;HealerHut=10;Pasture=3;WoodHouse=20","Agriculture;AnimalHusbandry;ClayExtraction;ControlledFire;HerbalKnowledge;KnowledgeSharing;Quarry"
671,Animal,1.15,100,1.2,0,240,62,178,0.258,128,500,"","Clay=106480.15;PlantFiber=104624.5;WoodLog=24139.43","ClayPit=3;Farm=3;FiberGatheringCamp=3;HealerHut=10;Pasture=3;WoodHouse=20","Agriculture;AnimalHusbandry;ClayExtraction;ControlledFire;HerbalKnowledge;KnowledgeSharing;Quarry"
672,Animal,1.15,100,1.2,0,240,62,178,0.258,128,500,"","Clay=106619.38;PlantFiber=104763.73;WoodLog=24199.43","ClayPit=3;Farm=3;FiberGatheringCamp=3;HealerHut=10;Pasture=3;WoodHouse=20","Agriculture;AnimalHusbandry;ClayExtraction;ControlledFire;HerbalKnowledge;KnowledgeSharing;Quarry"
673,Animal,1.15,100,1.2,0,240,62,178,0.258,128,500,"","Clay=106758.6;PlantFiber=104902.96;WoodLog=24259.43","ClayPit=3;Farm=3;FiberGatheringCamp=3;HealerHut=10;Pasture=3;WoodHouse=20","Agriculture;AnimalHusbandry;ClayExtraction;ControlledFire;HerbalKnowledge;KnowledgeSharing;Quarry"
674,Animal,1.15,100,1.2,0,240,62,178,0.258,128,500,"","Clay=106897.83;PlantFiber=105042.18;WoodLog=24319.43","ClayPit=3;Farm=3;FiberGatheringCamp=3;HealerHut=10;Pasture=3;WoodHouse=20","Agriculture;AnimalHusbandry;ClayExtraction;ControlledFire;HerbalKnowledge;KnowledgeSharing;Quarry"
675,Animal,1.15,100,1.2,0,240,62,178,0.258,128,500,"","Clay=107037.06;PlantFiber=105181.41;WoodLog=24379.43","ClayPit=3;Farm=3;FiberGatheringCamp=3;HealerHut=10;Pasture=3;WoodHouse=20","Agriculture;AnimalHusbandry;ClayExtraction;ControlledFire;HerbalKnowledge;KnowledgeSharing;Quarry"
676,Animal,1.15,100,1.2,0,240,62,178,0.258,128,500,"","Clay=107176.29;PlantFiber=105320.64;WoodLog=24439.43","ClayPit=3;Farm=3;FiberGatheringCamp=3;HealerHut=10;Pasture=3;WoodHouse=20","Agriculture;AnimalHusbandry;ClayExtraction;ControlledFire;HerbalKnowledge;KnowledgeSharing;Quarry"
677,Animal,1.15,100,1.2,0,240,62,178,0.258,128,500,"","Clay=107315.52;PlantFiber=105459.87;WoodLog=24499.43","ClayPit=3;Farm=3;FiberGatheringCamp=3;HealerHut=10;Pasture=3;WoodHouse=20","Agriculture;AnimalHusbandry;ClayExtraction;ControlledFire;HerbalKnowledge;KnowledgeSharing;Quarry"
678,Animal,1.15,100,1.2,0,240,62,178,0.258,128,500,"","Clay=107454.75;PlantFiber=105599.1;WoodLog=24559.43","ClayPit=3;Farm=3;FiberGatheringCamp=3;HealerHut=10;Pasture=3;WoodHouse=20","Agriculture;AnimalHusbandry;ClayExtraction;ControlledFire;HerbalKnowledge;KnowledgeSharing;Quarry"
679,Animal,1.15,100,1.2,0,240,62,178,0.258,128,500,"","Clay=107593.98;PlantFiber=105738.33;WoodLog=24619.43","ClayPit=3;Farm=3;FiberGatheringCamp=3;HealerHut=10;Pasture=3;WoodHouse=20","Agriculture;AnimalHusbandry;ClayExtraction;ControlledFire;HerbalKnowledge;KnowledgeSharing;Quarry"
680,Animal,1.15,100,1.2,0,240,62,178,0.258,128,500,"","Clay=107733.21;PlantFiber=105877.56;WoodLog=24679.43","ClayPit=3;Farm=3;FiberGatheringCamp=3;HealerHut=10;Pasture=3;WoodHouse=20","Agriculture;AnimalHusbandry;ClayExtraction;ControlledFire;HerbalKnowledge;KnowledgeSharing;Quarry"
681,Animal,1.15,100,1.2,0,240,62,178,0.258,128,500,"","Clay=107872.44;PlantFiber=106016.79;WoodLog=24739.43","ClayPit=3;Farm=3;FiberGatheringCamp=3;HealerHut=10;Pasture=3;WoodHouse=20","Agriculture;AnimalHusbandry;ClayExtraction;ControlledFire;HerbalKnowledge;KnowledgeSharing;Quarry"
682,Animal,1.15,100,1.2,0,240,62,178,0.258,128,500,"","Clay=108011.66;PlantFiber=106156.02;WoodLog=24799.43","ClayPit=3;Farm=3;FiberGatheringCamp=3;HealerHut=10;Pasture=3;WoodHouse=20","Agriculture;AnimalHusbandry;ClayExtraction;ControlledFire;HerbalKnowledge;KnowledgeSharing;Quarry"
683,Animal,1.15,100,1.2,0,240,62,178,0.258,128,500,"","Clay=108150.89;PlantFiber=106295.24;WoodLog=24859.43","ClayPit=3;Farm=3;FiberGatheringCamp=3;HealerHut=10;Pasture=3;WoodHouse=20","Agriculture;AnimalHusbandry;ClayExtraction;ControlledFire;HerbalKnowledge;KnowledgeSharing;Quarry"
684,Animal,1.15,100,1.2,0,240,62,178,0.258,128,500,"","Clay=108290.12;PlantFiber=106434.47;WoodLog=24919.43","ClayPit=3;Farm=3;FiberGatheringCamp=3;HealerHut=10;Pasture=3;WoodHouse=20","Agriculture;AnimalHusbandry;ClayExtraction;ControlledFire;HerbalKnowledge;KnowledgeSharing;Quarry"
685,Animal,1.15,100,1.2,0,240,62,178,0.258,128,500,"","Clay=108429.35;PlantFiber=106573.7;WoodLog=24979.43","ClayPit=3;Farm=3;FiberGatheringCamp=3;HealerHut=10;Pasture=3;WoodHouse=20","Agriculture;AnimalHusbandry;ClayExtraction;ControlledFire;HerbalKnowledge;KnowledgeSharing;Quarry"
686,Animal,1.15,100,1.2,0,240,62,178,0.258,128,500,"","Clay=108568.58;PlantFiber=106712.93;WoodLog=25039.43","ClayPit=3;Farm=3;FiberGatheringCamp=3;HealerHut=10;Pasture=3;WoodHouse=20","Agriculture;AnimalHusbandry;ClayExtraction;ControlledFire;HerbalKnowledge;KnowledgeSharing;Quarry"
687,Animal,1.15,100,1.2,0,240,62,178,0.258,128,500,"","Clay=108707.81;PlantFiber=106852.16;WoodLog=25099.43","ClayPit=3;Farm=3;FiberGatheringCamp=3;HealerHut=10;Pasture=3;WoodHouse=20","Agriculture;AnimalHusbandry;ClayExtraction;ControlledFire;HerbalKnowledge;KnowledgeSharing;Quarry"
688,Animal,1.15,100,1.2,0,240,62,178,0.258,128,500,"","Clay=108847.04;PlantFiber=106991.39;WoodLog=25159.43","ClayPit=3;Farm=3;FiberGatheringCamp=3;HealerHut=10;Pasture=3;WoodHouse=20","Agriculture;AnimalHusbandry;ClayExtraction;ControlledFire;HerbalKnowledge;KnowledgeSharing;Quarry"
689,Animal,1.15,100,1.2,0,240,62,178,0.258,128,500,"","Clay=108986.27;PlantFiber=107130.62;WoodLog=25219.43","ClayPit=3;Farm=3;FiberGatheringCamp=3;HealerHut=10;Pasture=3;WoodHouse=20","Agriculture;AnimalHusbandry;ClayExtraction;ControlledFire;HerbalKnowledge;KnowledgeSharing;Quarry"
690,Animal,1.15,100,1.2,0,240,62,178,0.258,128,500,"","Clay=109125.5;PlantFiber=107269.85;WoodLog=25279.43","ClayPit=3;Farm=3;FiberGatheringCamp=3;HealerHut=10;Pasture=3;WoodHouse=20","Agriculture;AnimalHusbandry;ClayExtraction;ControlledFire;HerbalKnowledge;KnowledgeSharing;Quarry"
691,Animal,1.15,100,1.2,0,240,62,178,0.258,128,500,"","Clay=109264.72;PlantFiber=107409.08;WoodLog=25339.43","ClayPit=3;Farm=3;FiberGatheringCamp=3;HealerHut=10;Pasture=3;WoodHouse=20","Agriculture;AnimalHusbandry;ClayExtraction;ControlledFire;HerbalKnowledge;KnowledgeSharing;Quarry"
692,Animal,1.15,100,1.2,0,240,62,178,0.258,128,500,"","Clay=109403.95;PlantFiber=107548.3;WoodLog=25399.43","ClayPit=3;Farm=3;FiberGatheringCamp=3;HealerHut=10;Pasture=3;WoodHouse=20","Agriculture;AnimalHusbandry;ClayExtraction;ControlledFire;HerbalKnowledge;KnowledgeSharing;Quarry"
693,Animal,1.15,100,1.2,0,240,62,178,0.258,128,500,"","Clay=109543.18;PlantFiber=107687.53;WoodLog=25459.43","ClayPit=3;Farm=3;FiberGatheringCamp=3;HealerHut=10;Pasture=3;WoodHouse=20","Agriculture;AnimalHusbandry;ClayExtraction;ControlledFire;HerbalKnowledge;KnowledgeSharing;Quarry"
694,Animal,1.15,100,1.2,0,240,62,178,0.258,128,500,"","Clay=109682.41;PlantFiber=107826.76;WoodLog=25519.43","ClayPit=3;Farm=3;FiberGatheringCamp=3;HealerHut=10;Pasture=3;WoodHouse=20","Agriculture;AnimalHusbandry;ClayExtraction;ControlledFire;HerbalKnowledge;KnowledgeSharing;Quarry"
695,Animal,1.15,100,1.2,0,240,62,178,0.258,128,500,"","Clay=109821.64;PlantFiber=107965.99;WoodLog=25579.43","ClayPit=3;Farm=3;FiberGatheringCamp=3;HealerHut=10;Pasture=3;WoodHouse=20","Agriculture;AnimalHusbandry;ClayExtraction;ControlledFire;HerbalKnowledge;KnowledgeSharing;Quarry"
696,Animal,1.15,100,1.2,0,240,62,178,0.258,128,500,"","Clay=109960.87;PlantFiber=108105.22;WoodLog=25639.43","ClayPit=3;Farm=3;FiberGatheringCamp=3;HealerHut=10;Pasture=3;WoodHouse=20","Agriculture;AnimalHusbandry;ClayExtraction;ControlledFire;HerbalKnowledge;KnowledgeSharing;Quarry"
697,Animal,1.15,100,1.2,0,240,62,178,0.258,128,500,"","Clay=110100.1;PlantFiber=108244.45;WoodLog=25699.43","ClayPit=3;Farm=3;FiberGatheringCamp=3;HealerHut=10;Pasture=3;WoodHouse=20","Agriculture;AnimalHusbandry;ClayExtraction;ControlledFire;HerbalKnowledge;KnowledgeSharing;Quarry"
698,Animal,1.15,100,1.2,0,240,62,178,0.258,128,500,"","Clay=110239.33;PlantFiber=108383.68;WoodLog=25759.43","ClayPit=3;Farm=3;FiberGatheringCamp=3;HealerHut=10;Pasture=3;WoodHouse=20","Agriculture;AnimalHusbandry;ClayExtraction;ControlledFire;HerbalKnowledge;KnowledgeSharing;Quarry"
699,Animal,1.15,100,1.2,0,240,62,178,0.258,128,500,"","Clay=110378.56;PlantFiber=108522.91;WoodLog=25819.43","ClayPit=3;Farm=3;FiberGatheringCamp=3;HealerHut=10;Pasture=3;WoodHouse=20","Agriculture;AnimalHusbandry;ClayExtraction;ControlledFire;HerbalKnowledge;KnowledgeSharing;Quarry"
700,Animal,1.15,100,1.2,0,240,62,178,0.258,128,500,"","Clay=110517.78;PlantFiber=108662.14;WoodLog=25879.43","ClayPit=3;Farm=3;FiberGatheringCamp=3;HealerHut=10;Pasture=3;WoodHouse=20","Agriculture;AnimalHusbandry;ClayExtraction;ControlledFire;HerbalKnowledge;KnowledgeSharing;Quarry"
701,Animal,1.15,100,1.2,0,240,62,178,0.258,128,500,"","Clay=110657.01;PlantFiber=108801.36;WoodLog=25939.43","ClayPit=3;Farm=3;FiberGatheringCamp=3;HealerHut=10;Pasture=3;WoodHouse=20","Agriculture;AnimalHusbandry;ClayExtraction;ControlledFire;HerbalKnowledge;KnowledgeSharing;Quarry"
702,Animal,1.15,100,1.2,0,240,62,178,0.258,128,500,"","Clay=110796.24;PlantFiber=108940.59;WoodLog=25999.43","ClayPit=3;Farm=3;FiberGatheringCamp=3;HealerHut=10;Pasture=3;WoodHouse=20","Agriculture;AnimalHusbandry;ClayExtraction;ControlledFire;HerbalKnowledge;KnowledgeSharing;Quarry"
703,Animal,1.15,100,1.2,0,240,62,178,0.258,128,500,"","Clay=110935.47;PlantFiber=109079.82;WoodLog=26059.43","ClayPit=3;Farm=3;FiberGatheringCamp=3;HealerHut=10;Pasture=3;WoodHouse=20","Agriculture;AnimalHusbandry;ClayExtraction;ControlledFire;HerbalKnowledge;KnowledgeSharing;Quarry"
704,Animal,1.15,100,1.2,0,240,62,178,0.258,128,500,"","Clay=111074.7;PlantFiber=109219.05;WoodLog=26119.43","ClayPit=3;Farm=3;FiberGatheringCamp=3;HealerHut=10;Pasture=3;WoodHouse=20","Agriculture;AnimalHusbandry;ClayExtraction;ControlledFire;HerbalKnowledge;KnowledgeSharing;Quarry"
705,Animal,1.15,100,1.2,0,240,62,178,0.258,128,500,"","Clay=111213.93;PlantFiber=109358.28;WoodLog=26179.43","ClayPit=3;Farm=3;FiberGatheringCamp=3;HealerHut=10;Pasture=3;WoodHouse=20","Agriculture;AnimalHusbandry;ClayExtraction;ControlledFire;HerbalKnowledge;KnowledgeSharing;Quarry"
706,Animal,1.15,100,1.2,0,240,62,178,0.258,128,500,"","Clay=111353.16;PlantFiber=109497.51;WoodLog=26239.43","ClayPit=3;Farm=3;FiberGatheringCamp=3;HealerHut=10;Pasture=3;WoodHouse=20","Agriculture;AnimalHusbandry;ClayExtraction;ControlledFire;HerbalKnowledge;KnowledgeSharing;Quarry"
707,Animal,1.15,100,1.2,0,240,62,178,0.258,128,500,"","Clay=111492.39;PlantFiber=109636.74;WoodLog=26299.43","ClayPit=3;Farm=3;FiberGatheringCamp=3;HealerHut=10;Pasture=3;WoodHouse=20","Agriculture;AnimalHusbandry;ClayExtraction;ControlledFire;HerbalKnowledge;KnowledgeSharing;Quarry"
708,Animal,1.15,100,1.2,0,240,62,178,0.258,128,500,"","Clay=111631.62;PlantFiber=109775.97;WoodLog=26359.43","ClayPit=3;Farm=3;FiberGatheringCamp=3;HealerHut=10;Pasture=3;WoodHouse=20","Agriculture;AnimalHusbandry;ClayExtraction;ControlledFire;HerbalKnowledge;KnowledgeSharing;Quarry"
709,Animal,1.15,100,1.2,0,240,62,178,0.258,128,500,"","Clay=111770.85;PlantFiber=109915.2;WoodLog=26419.43","ClayPit=3;Farm=3;FiberGatheringCamp=3;HealerHut=10;Pasture=3;WoodHouse=20","Agriculture;AnimalHusbandry;ClayExtraction;ControlledFire;HerbalKnowledge;KnowledgeSharing;Quarry"
710,Animal,1.15,100,1.2,0,240,62,178,0.258,128,500,"","Clay=111910.07;PlantFiber=110054.43;WoodLog=26479.43","ClayPit=3;Farm=3;FiberGatheringCamp=3;HealerHut=10;Pasture=3;WoodHouse=20","Agriculture;AnimalHusbandry;ClayExtraction;ControlledFire;HerbalKnowledge;KnowledgeSharing;Quarry"
711,Animal,1.15,100,1.2,0,240,62,178,0.258,128,500,"","Clay=112049.3;PlantFiber=110193.65;WoodLog=26539.43","ClayPit=3;Farm=3;FiberGatheringCamp=3;HealerHut=10;Pasture=3;WoodHouse=20","Agriculture;AnimalHusbandry;ClayExtraction;ControlledFire;HerbalKnowledge;KnowledgeSharing;Quarry"
712,Animal,1.15,100,1.2,0,240,62,178,0.258,128,500,"","Clay=112188.53;PlantFiber=110332.88;WoodLog=26599.43","ClayPit=3;Farm=3;FiberGatheringCamp=3;HealerHut=10;Pasture=3;WoodHouse=20","Agriculture;AnimalHusbandry;ClayExtraction;ControlledFire;HerbalKnowledge;KnowledgeSharing;Quarry"
713,Animal,1.15,100,1.2,0,240,62,178,0.258,128,500,"","Clay=112327.76;PlantFiber=110472.11;WoodLog=26659.43","ClayPit=3;Farm=3;FiberGatheringCamp=3;HealerHut=10;Pasture=3;WoodHouse=20","Agriculture;AnimalHusbandry;ClayExtraction;ControlledFire;HerbalKnowledge;KnowledgeSharing;Quarry"
714,Animal,1.15,100,1.2,0,240,62,178,0.258,128,500,"","Clay=112466.99;PlantFiber=110611.34;WoodLog=26719.43","ClayPit=3;Farm=3;FiberGatheringCamp=3;HealerHut=10;Pasture=3;WoodHouse=20","Agriculture;AnimalHusbandry;ClayExtraction;ControlledFire;HerbalKnowledge;KnowledgeSharing;Quarry"
715,Animal,1.15,100,1.2,0,240,62,178,0.258,128,500,"","Clay=112606.22;PlantFiber=110750.57;WoodLog=26779.43","ClayPit=3;Farm=3;FiberGatheringCamp=3;HealerHut=10;Pasture=3;WoodHouse=20","Agriculture;AnimalHusbandry;ClayExtraction;ControlledFire;HerbalKnowledge;KnowledgeSharing;Quarry"
716,Animal,1.15,100,1.2,0,240,62,178,0.258,128,500,"","Clay=112745.45;PlantFiber=110889.8;WoodLog=26839.43","ClayPit=3;Farm=3;FiberGatheringCamp=3;HealerHut=10;Pasture=3;WoodHouse=20","Agriculture;AnimalHusbandry;ClayExtraction;ControlledFire;HerbalKnowledge;KnowledgeSharing;Quarry"
717,Animal,1.15,100,1.2,0,240,62,178,0.258,128,500,"","Clay=112884.68;PlantFiber=111029.03;WoodLog=26899.43","ClayPit=3;Farm=3;FiberGatheringCamp=3;HealerHut=10;Pasture=3;WoodHouse=20","Agriculture;AnimalHusbandry;ClayExtraction;ControlledFire;HerbalKnowledge;KnowledgeSharing;Quarry"
718,Animal,1.15,100,1.2,0,240,62,178,0.258,128,500,"","Clay=113023.91;PlantFiber=111168.26;WoodLog=26959.43","ClayPit=3;Farm=3;FiberGatheringCamp=3;HealerHut=10;Pasture=3;WoodHouse=20","Agriculture;AnimalHusbandry;ClayExtraction;ControlledFire;HerbalKnowledge;KnowledgeSharing;Quarry"
719,Animal,1.15,100,1.2,0,240,62,178,0.258,128,500,"","Clay=113163.13;PlantFiber=111307.49;WoodLog=27019.43","ClayPit=3;Farm=3;FiberGatheringCamp=3;HealerHut=10;Pasture=3;WoodHouse=20","Agriculture;AnimalHusbandry;ClayExtraction;ControlledFire;HerbalKnowledge;KnowledgeSharing;Quarry"
720,Animal,1.15,100,1.2,0,240,62,178,0.258,128,500,"","Clay=113302.36;PlantFiber=111446.71;WoodLog=27079.43","ClayPit=3;Farm=3;FiberGatheringCamp=3;HealerHut=10;Pasture=3;WoodHouse=20","Agriculture;AnimalHusbandry;ClayExtraction;ControlledFire;HerbalKnowledge;KnowledgeSharing;Quarry"
721,Animal,1.15,100,1.2,0,240,62,178,0.258,128,500,"","Clay=113441.59;PlantFiber=111585.94;WoodLog=27139.43","ClayPit=3;Farm=3;FiberGatheringCamp=3;HealerHut=10;Pasture=3;WoodHouse=20","Agriculture;AnimalHusbandry;ClayExtraction;ControlledFire;HerbalKnowledge;KnowledgeSharing;Quarry"
722,Animal,1.15,100,1.2,0,240,62,178,0.258,128,500,"","Clay=113580.82;PlantFiber=111725.17;WoodLog=27199.43","ClayPit=3;Farm=3;FiberGatheringCamp=3;HealerHut=10;Pasture=3;WoodHouse=20","Agriculture;AnimalHusbandry;ClayExtraction;ControlledFire;HerbalKnowledge;KnowledgeSharing;Quarry"
723,Animal,1.15,100,1.2,0,240,62,178,0.258,128,500,"","Clay=113720.05;PlantFiber=111864.4;WoodLog=27259.43","ClayPit=3;Farm=3;FiberGatheringCamp=3;HealerHut=10;Pasture=3;WoodHouse=20","Agriculture;AnimalHusbandry;ClayExtraction;ControlledFire;HerbalKnowledge;KnowledgeSharing;Quarry"
724,Animal,1.15,100,1.2,0,240,62,178,0.258,128,500,"","Clay=113859.28;PlantFiber=112003.63;WoodLog=27319.43","ClayPit=3;Farm=3;FiberGatheringCamp=3;HealerHut=10;Pasture=3;WoodHouse=20","Agriculture;AnimalHusbandry;ClayExtraction;ControlledFire;HerbalKnowledge;KnowledgeSharing;Quarry"
725,Animal,1.15,100,1.2,0,240,62,178,0.258,128,500,"","Clay=113998.51;PlantFiber=112142.86;WoodLog=27379.43","ClayPit=3;Farm=3;FiberGatheringCamp=3;HealerHut=10;Pasture=3;WoodHouse=20","Agriculture;AnimalHusbandry;ClayExtraction;ControlledFire;HerbalKnowledge;KnowledgeSharing;Quarry"
726,Animal,1.15,100,1.2,0,240,62,178,0.258,128,500,"","Clay=114137.74;PlantFiber=112282.09;WoodLog=27439.43","ClayPit=3;Farm=3;FiberGatheringCamp=3;HealerHut=10;Pasture=3;WoodHouse=20","Agriculture;AnimalHusbandry;ClayExtraction;ControlledFire;HerbalKnowledge;KnowledgeSharing;Quarry"
727,Animal,1.15,100,1.2,0,240,62,178,0.258,128,500,"","Clay=114276.97;PlantFiber=112421.32;WoodLog=27499.43","ClayPit=3;Farm=3;FiberGatheringCamp=3;HealerHut=10;Pasture=3;WoodHouse=20","Agriculture;AnimalHusbandry;ClayExtraction;ControlledFire;HerbalKnowledge;KnowledgeSharing;Quarry"
728,Animal,1.15,100,1.2,0,240,62,178,0.258,128,500,"","Clay=114416.19;PlantFiber=112560.55;WoodLog=27559.43","ClayPit=3;Farm=3;FiberGatheringCamp=3;HealerHut=10;Pasture=3;WoodHouse=20","Agriculture;AnimalHusbandry;ClayExtraction;ControlledFire;HerbalKnowledge;KnowledgeSharing;Quarry"
729,Animal,1.15,100,1.2,0,240,62,178,0.258,128,500,"","Clay=114555.42;PlantFiber=112699.77;WoodLog=27619.43","ClayPit=3;Farm=3;FiberGatheringCamp=3;HealerHut=10;Pasture=3;WoodHouse=20","Agriculture;AnimalHusbandry;ClayExtraction;ControlledFire;HerbalKnowledge;KnowledgeSharing;Quarry"
730,Animal,1.15,100,1.2,0,240,62,178,0.258,128,500,"","Clay=114694.65;PlantFiber=112839;WoodLog=27679.43","ClayPit=3;Farm=3;FiberGatheringCamp=3;HealerHut=10;Pasture=3;WoodHouse=20","Agriculture;AnimalHusbandry;ClayExtraction;ControlledFire;HerbalKnowledge;KnowledgeSharing;Quarry"
731,Animal,1.15,100,1.2,0,240,62,178,0.258,128,500,"","Clay=114833.88;PlantFiber=112978.23;WoodLog=27739.43","ClayPit=3;Farm=3;FiberGatheringCamp=3;HealerHut=10;Pasture=3;WoodHouse=20","Agriculture;AnimalHusbandry;ClayExtraction;ControlledFire;HerbalKnowledge;KnowledgeSharing;Quarry"
732,Animal,1.15,100,1.2,0,240,62,178,0.258,128,500,"","Clay=114973.11;PlantFiber=113117.46;WoodLog=27799.43","ClayPit=3;Farm=3;FiberGatheringCamp=3;HealerHut=10;Pasture=3;WoodHouse=20","Agriculture;AnimalHusbandry;ClayExtraction;ControlledFire;HerbalKnowledge;KnowledgeSharing;Quarry"
733,Animal,1.15,100,1.2,0,240,62,178,0.258,128,500,"","Clay=115112.34;PlantFiber=113256.69;WoodLog=27859.43","ClayPit=3;Farm=3;FiberGatheringCamp=3;HealerHut=10;Pasture=3;WoodHouse=20","Agriculture;AnimalHusbandry;ClayExtraction;ControlledFire;HerbalKnowledge;KnowledgeSharing;Quarry"
734,Animal,1.15,100,1.2,0,240,62,178,0.258,128,500,"","Clay=115251.57;PlantFiber=113395.92;WoodLog=27919.43","ClayPit=3;Farm=3;FiberGatheringCamp=3;HealerHut=10;Pasture=3;WoodHouse=20","Agriculture;AnimalHusbandry;ClayExtraction;ControlledFire;HerbalKnowledge;KnowledgeSharing;Quarry"
735,Animal,1.15,100,1.2,0,240,62,178,0.258,128,500,"","Clay=115390.8;PlantFiber=113535.15;WoodLog=27979.43","ClayPit=3;Farm=3;FiberGatheringCamp=3;HealerHut=10;Pasture=3;WoodHouse=20","Agriculture;AnimalHusbandry;ClayExtraction;ControlledFire;HerbalKnowledge;KnowledgeSharing;Quarry"
736,Animal,1.15,100,1.2,0,240,62,178,0.258,128,500,"","Clay=115530.03;PlantFiber=113674.38;WoodLog=28039.43","ClayPit=3;Farm=3;FiberGatheringCamp=3;HealerHut=10;Pasture=3;WoodHouse=20","Agriculture;AnimalHusbandry;ClayExtraction;ControlledFire;HerbalKnowledge;KnowledgeSharing;Quarry"
737,Animal,1.15,100,1.2,0,240,62,178,0.258,128,500,"","Clay=115669.25;PlantFiber=113813.61;WoodLog=28099.43","ClayPit=3;Farm=3;FiberGatheringCamp=3;HealerHut=10;Pasture=3;WoodHouse=20","Agriculture;AnimalHusbandry;ClayExtraction;ControlledFire;HerbalKnowledge;KnowledgeSharing;Quarry"
738,Animal,1.15,100,1.2,0,240,62,178,0.258,128,500,"","Clay=115808.48;PlantFiber=113952.83;WoodLog=28159.43","ClayPit=3;Farm=3;FiberGatheringCamp=3;HealerHut=10;Pasture=3;WoodHouse=20","Agriculture;AnimalHusbandry;ClayExtraction;ControlledFire;HerbalKnowledge;KnowledgeSharing;Quarry"
739,Animal,1.15,100,1.2,0,240,62,178,0.258,128,500,"","Clay=115947.71;PlantFiber=114092.06;WoodLog=28219.43","ClayPit=3;Farm=3;FiberGatheringCamp=3;HealerHut=10;Pasture=3;WoodHouse=20","Agriculture;AnimalHusbandry;ClayExtraction;ControlledFire;HerbalKnowledge;KnowledgeSharing;Quarry"
740,Animal,1.15,100,1.2,0,240,62,178,0.258,128,500,"","Clay=116086.94;PlantFiber=114231.29;WoodLog=28279.43","ClayPit=3;Farm=3;FiberGatheringCamp=3;HealerHut=10;Pasture=3;WoodHouse=20","Agriculture;AnimalHusbandry;ClayExtraction;ControlledFire;HerbalKnowledge;KnowledgeSharing;Quarry"
741,Animal,1.15,100,1.2,0,240,62,178,0.258,128,500,"","Clay=116226.17;PlantFiber=114370.52;WoodLog=28339.43","ClayPit=3;Farm=3;FiberGatheringCamp=3;HealerHut=10;Pasture=3;WoodHouse=20","Agriculture;AnimalHusbandry;ClayExtraction;ControlledFire;HerbalKnowledge;KnowledgeSharing;Quarry"
742,Animal,1.15,100,1.2,0,240,62,178,0.258,128,500,"","Clay=116365.4;PlantFiber=114509.75;WoodLog=28399.43","ClayPit=3;Farm=3;FiberGatheringCamp=3;HealerHut=10;Pasture=3;WoodHouse=20","Agriculture;AnimalHusbandry;ClayExtraction;ControlledFire;HerbalKnowledge;KnowledgeSharing;Quarry"
743,Animal,1.15,100,1.2,0,240,62,178,0.258,128,500,"","Clay=116504.63;PlantFiber=114648.98;WoodLog=28459.43","ClayPit=3;Farm=3;FiberGatheringCamp=3;HealerHut=10;Pasture=3;WoodHouse=20","Agriculture;AnimalHusbandry;ClayExtraction;ControlledFire;HerbalKnowledge;KnowledgeSharing;Quarry"
744,Animal,1.15,100,1.2,0,240,62,178,0.258,128,500,"","Clay=116643.86;PlantFiber=114788.21;WoodLog=28519.43","ClayPit=3;Farm=3;FiberGatheringCamp=3;HealerHut=10;Pasture=3;WoodHouse=20","Agriculture;AnimalHusbandry;ClayExtraction;ControlledFire;HerbalKnowledge;KnowledgeSharing;Quarry"
745,Animal,1.15,100,1.2,0,240,62,178,0.258,128,500,"","Clay=116783.09;PlantFiber=114927.44;WoodLog=28579.43","ClayPit=3;Farm=3;FiberGatheringCamp=3;HealerHut=10;Pasture=3;WoodHouse=20","Agriculture;AnimalHusbandry;ClayExtraction;ControlledFire;HerbalKnowledge;KnowledgeSharing;Quarry"
746,Animal,1.15,100,1.2,0,240,62,178,0.258,128,500,"","Clay=116922.31;PlantFiber=115066.67;WoodLog=28639.43","ClayPit=3;Farm=3;FiberGatheringCamp=3;HealerHut=10;Pasture=3;WoodHouse=20","Agriculture;AnimalHusbandry;ClayExtraction;ControlledFire;HerbalKnowledge;KnowledgeSharing;Quarry"
747,Animal,1.15,100,1.2,0,240,62,178,0.258,128,500,"","Clay=117061.54;PlantFiber=115205.9;WoodLog=28699.43","ClayPit=3;Farm=3;FiberGatheringCamp=3;HealerHut=10;Pasture=3;WoodHouse=20","Agriculture;AnimalHusbandry;ClayExtraction;ControlledFire;HerbalKnowledge;KnowledgeSharing;Quarry"
748,Animal,1.15,100,1.2,0,240,62,178,0.258,128,500,"","Clay=117200.77;PlantFiber=115345.12;WoodLog=28759.43","ClayPit=3;Farm=3;FiberGatheringCamp=3;HealerHut=10;Pasture=3;WoodHouse=20","Agriculture;AnimalHusbandry;ClayExtraction;ControlledFire;HerbalKnowledge;KnowledgeSharing;Quarry"
749,Animal,1.15,100,1.2,0,240,62,178,0.258,128,500,"","Clay=117340;PlantFiber=115484.35;WoodLog=28819.43","ClayPit=3;Farm=3;FiberGatheringCamp=3;HealerHut=10;Pasture=3;WoodHouse=20","Agriculture;AnimalHusbandry;ClayExtraction;ControlledFire;HerbalKnowledge;KnowledgeSharing;Quarry"
750,Animal,1.15,100,1.2,0,240,62,178,0.258,128,500,"","Clay=117479.23;PlantFiber=115623.58;WoodLog=28879.43","ClayPit=3;Farm=3;FiberGatheringCamp=3;HealerHut=10;Pasture=3;WoodHouse=20","Agriculture;AnimalHusbandry;ClayExtraction;ControlledFire;HerbalKnowledge;KnowledgeSharing;Quarry"
751,Animal,1.15,100,1.2,0,240,62,178,0.258,128,500,"","Clay=117618.46;PlantFiber=115762.81;WoodLog=28939.43","ClayPit=3;Farm=3;FiberGatheringCamp=3;HealerHut=10;Pasture=3;WoodHouse=20","Agriculture;AnimalHusbandry;ClayExtraction;ControlledFire;HerbalKnowledge;KnowledgeSharing;Quarry"
752,Animal,1.15,100,1.2,0,240,62,178,0.258,128,500,"","Clay=117757.69;PlantFiber=115902.04;WoodLog=28999.43","ClayPit=3;Farm=3;FiberGatheringCamp=3;HealerHut=10;Pasture=3;WoodHouse=20","Agriculture;AnimalHusbandry;ClayExtraction;ControlledFire;HerbalKnowledge;KnowledgeSharing;Quarry"
753,Animal,1.15,100,1.2,0,240,62,178,0.258,128,500,"","Clay=117896.92;PlantFiber=116041.27;WoodLog=29059.43","ClayPit=3;Farm=3;FiberGatheringCamp=3;HealerHut=10;Pasture=3;WoodHouse=20","Agriculture;AnimalHusbandry;ClayExtraction;ControlledFire;HerbalKnowledge;KnowledgeSharing;Quarry"
754,Animal,1.15,100,1.2,0,240,62,178,0.258,128,500,"","Clay=118036.15;PlantFiber=116180.5;WoodLog=29119.43","ClayPit=3;Farm=3;FiberGatheringCamp=3;HealerHut=10;Pasture=3;WoodHouse=20","Agriculture;AnimalHusbandry;ClayExtraction;ControlledFire;HerbalKnowledge;KnowledgeSharing;Quarry"
755,Animal,1.15,100,1.2,0,240,62,178,0.258,128,500,"","Clay=118175.38;PlantFiber=116319.73;WoodLog=29179.43","ClayPit=3;Farm=3;FiberGatheringCamp=3;HealerHut=10;Pasture=3;WoodHouse=20","Agriculture;AnimalHusbandry;ClayExtraction;ControlledFire;HerbalKnowledge;KnowledgeSharing;Quarry"
756,Animal,1.15,100,1.2,0,240,62,178,0.258,128,500,"","Clay=118314.6;PlantFiber=116458.96;WoodLog=29239.43","ClayPit=3;Farm=3;FiberGatheringCamp=3;HealerHut=10;Pasture=3;WoodHouse=20","Agriculture;AnimalHusbandry;ClayExtraction;ControlledFire;HerbalKnowledge;KnowledgeSharing;Quarry"
757,Animal,1.15,100,1.2,0,240,62,178,0.258,128,500,"","Clay=118453.83;PlantFiber=116598.18;WoodLog=29299.43","ClayPit=3;Farm=3;FiberGatheringCamp=3;HealerHut=10;Pasture=3;WoodHouse=20","Agriculture;AnimalHusbandry;ClayExtraction;ControlledFire;HerbalKnowledge;KnowledgeSharing;Quarry"
758,Animal,1.15,100,1.2,0,240,62,178,0.258,128,500,"","Clay=118593.06;PlantFiber=116737.41;WoodLog=29359.43","ClayPit=3;Farm=3;FiberGatheringCamp=3;HealerHut=10;Pasture=3;WoodHouse=20","Agriculture;AnimalHusbandry;ClayExtraction;ControlledFire;HerbalKnowledge;KnowledgeSharing;Quarry"
759,Animal,1.15,100,1.2,0,240,62,178,0.258,128,500,"","Clay=118732.29;PlantFiber=116876.64;WoodLog=29419.43","ClayPit=3;Farm=3;FiberGatheringCamp=3;HealerHut=10;Pasture=3;WoodHouse=20","Agriculture;AnimalHusbandry;ClayExtraction;ControlledFire;HerbalKnowledge;KnowledgeSharing;Quarry"
760,Animal,1.15,100,1.2,0,240,62,178,0.258,128,500,"","Clay=118871.52;PlantFiber=117015.87;WoodLog=29479.43","ClayPit=3;Farm=3;FiberGatheringCamp=3;HealerHut=10;Pasture=3;WoodHouse=20","Agriculture;AnimalHusbandry;ClayExtraction;ControlledFire;HerbalKnowledge;KnowledgeSharing;Quarry"
761,Animal,1.15,100,1.2,0,240,62,178,0.258,128,500,"","Clay=119010.75;PlantFiber=117155.1;WoodLog=29539.43","ClayPit=3;Farm=3;FiberGatheringCamp=3;HealerHut=10;Pasture=3;WoodHouse=20","Agriculture;AnimalHusbandry;ClayExtraction;ControlledFire;HerbalKnowledge;KnowledgeSharing;Quarry"
762,Animal,1.15,100,1.2,0,240,62,178,0.258,128,500,"","Clay=119149.98;PlantFiber=117294.33;WoodLog=29599.43","ClayPit=3;Farm=3;FiberGatheringCamp=3;HealerHut=10;Pasture=3;WoodHouse=20","Agriculture;AnimalHusbandry;ClayExtraction;ControlledFire;HerbalKnowledge;KnowledgeSharing;Quarry"
763,Animal,1.15,100,1.2,0,240,62,178,0.258,128,500,"","Clay=119289.21;PlantFiber=117433.56;WoodLog=29659.43","ClayPit=3;Farm=3;FiberGatheringCamp=3;HealerHut=10;Pasture=3;WoodHouse=20","Agriculture;AnimalHusbandry;ClayExtraction;ControlledFire;HerbalKnowledge;KnowledgeSharing;Quarry"
764,Animal,1.15,100,1.2,0,240,62,178,0.258,128,500,"","Clay=119428.44;PlantFiber=117572.79;WoodLog=29719.43","ClayPit=3;Farm=3;FiberGatheringCamp=3;HealerHut=10;Pasture=3;WoodHouse=20","Agriculture;AnimalHusbandry;ClayExtraction;ControlledFire;HerbalKnowledge;KnowledgeSharing;Quarry"
765,Animal,1.15,100,1.2,0,240,62,178,0.258,128,500,"","Clay=119567.66;PlantFiber=117712.02;WoodLog=29779.43","ClayPit=3;Farm=3;FiberGatheringCamp=3;HealerHut=10;Pasture=3;WoodHouse=20","Agriculture;AnimalHusbandry;ClayExtraction;ControlledFire;HerbalKnowledge;KnowledgeSharing;Quarry"
766,Animal,1.15,100,1.2,0,240,62,178,0.258,128,500,"","Clay=119706.89;PlantFiber=117851.24;WoodLog=29839.43","ClayPit=3;Farm=3;FiberGatheringCamp=3;HealerHut=10;Pasture=3;WoodHouse=20","Agriculture;AnimalHusbandry;ClayExtraction;ControlledFire;HerbalKnowledge;KnowledgeSharing;Quarry"
767,Animal,1.15,100,1.2,0,240,62,178,0.258,128,500,"","Clay=119846.12;PlantFiber=117990.47;WoodLog=29899.43","ClayPit=3;Farm=3;FiberGatheringCamp=3;HealerHut=10;Pasture=3;WoodHouse=20","Agriculture;AnimalHusbandry;ClayExtraction;ControlledFire;HerbalKnowledge;KnowledgeSharing;Quarry"
768,Animal,1.15,100,1.2,0,240,62,178,0.258,128,500,"","Clay=119985.35;PlantFiber=118129.7;WoodLog=29959.43","ClayPit=3;Farm=3;FiberGatheringCamp=3;HealerHut=10;Pasture=3;WoodHouse=20","Agriculture;AnimalHusbandry;ClayExtraction;ControlledFire;HerbalKnowledge;KnowledgeSharing;Quarry"
769,Animal,1.15,100,1.2,0,240,62,178,0.258,128,500,"","Clay=120124.58;PlantFiber=118268.93;WoodLog=30019.43","ClayPit=3;Farm=3;FiberGatheringCamp=3;HealerHut=10;Pasture=3;WoodHouse=20","Agriculture;AnimalHusbandry;ClayExtraction;ControlledFire;HerbalKnowledge;KnowledgeSharing;Quarry"
770,Animal,1.15,100,1.2,0,240,62,178,0.258,128,500,"","Clay=120263.81;PlantFiber=118408.16;WoodLog=30079.43","ClayPit=3;Farm=3;FiberGatheringCamp=3;HealerHut=10;Pasture=3;WoodHouse=20","Agriculture;AnimalHusbandry;ClayExtraction;ControlledFire;HerbalKnowledge;KnowledgeSharing;Quarry"
771,Animal,1.15,100,1.2,0,240,62,178,0.258,128,500,"","Clay=120403.04;PlantFiber=118547.39;WoodLog=30139.43","ClayPit=3;Farm=3;FiberGatheringCamp=3;HealerHut=10;Pasture=3;WoodHouse=20","Agriculture;AnimalHusbandry;ClayExtraction;ControlledFire;HerbalKnowledge;KnowledgeSharing;Quarry"
772,Animal,1.15,100,1.2,0,240,62,178,0.258,128,500,"","Clay=120542.27;PlantFiber=118686.62;WoodLog=30199.43","ClayPit=3;Farm=3;FiberGatheringCamp=3;HealerHut=10;Pasture=3;WoodHouse=20","Agriculture;AnimalHusbandry;ClayExtraction;ControlledFire;HerbalKnowledge;KnowledgeSharing;Quarry"
773,Animal,1.15,100,1.2,0,240,62,178,0.258,128,500,"","Clay=120681.5;PlantFiber=118825.85;WoodLog=30259.43","ClayPit=3;Farm=3;FiberGatheringCamp=3;HealerHut=10;Pasture=3;WoodHouse=20","Agriculture;AnimalHusbandry;ClayExtraction;ControlledFire;HerbalKnowledge;KnowledgeSharing;Quarry"
774,Animal,1.15,100,1.2,0,240,62,178,0.258,128,500,"","Clay=120820.72;PlantFiber=118965.08;WoodLog=30319.43","ClayPit=3;Farm=3;FiberGatheringCamp=3;HealerHut=10;Pasture=3;WoodHouse=20","Agriculture;AnimalHusbandry;ClayExtraction;ControlledFire;HerbalKnowledge;KnowledgeSharing;Quarry"
775,Animal,1.15,100,1.2,0,240,62,178,0.258,128,500,"","Clay=120959.95;PlantFiber=119104.3;WoodLog=30379.43","ClayPit=3;Farm=3;FiberGatheringCamp=3;HealerHut=10;Pasture=3;WoodHouse=20","Agriculture;AnimalHusbandry;ClayExtraction;ControlledFire;HerbalKnowledge;KnowledgeSharing;Quarry"
776,Animal,1.15,100,1.2,0,240,62,178,0.258,128,500,"","Clay=121099.18;PlantFiber=119243.53;WoodLog=30439.43","ClayPit=3;Farm=3;FiberGatheringCamp=3;HealerHut=10;Pasture=3;WoodHouse=20","Agriculture;AnimalHusbandry;ClayExtraction;ControlledFire;HerbalKnowledge;KnowledgeSharing;Quarry"
777,Animal,1.15,100,1.2,0,240,62,178,0.258,128,500,"","Clay=121238.41;PlantFiber=119382.76;WoodLog=30499.43","ClayPit=3;Farm=3;FiberGatheringCamp=3;HealerHut=10;Pasture=3;WoodHouse=20","Agriculture;AnimalHusbandry;ClayExtraction;ControlledFire;HerbalKnowledge;KnowledgeSharing;Quarry"
778,Animal,1.15,100,1.2,0,240,62,178,0.258,128,500,"","Clay=121377.64;PlantFiber=119521.99;WoodLog=30559.43","ClayPit=3;Farm=3;FiberGatheringCamp=3;HealerHut=10;Pasture=3;WoodHouse=20","Agriculture;AnimalHusbandry;ClayExtraction;ControlledFire;HerbalKnowledge;KnowledgeSharing;Quarry"
779,Animal,1.15,100,1.2,0,240,62,178,0.258,128,500,"","Clay=121516.87;PlantFiber=119661.22;WoodLog=30619.43","ClayPit=3;Farm=3;FiberGatheringCamp=3;HealerHut=10;Pasture=3;WoodHouse=20","Agriculture;AnimalHusbandry;ClayExtraction;ControlledFire;HerbalKnowledge;KnowledgeSharing;Quarry"
780,Animal,1.15,100,1.2,0,240,62,178,0.258,128,500,"","Clay=121656.1;PlantFiber=119800.45;WoodLog=30679.43","ClayPit=3;Farm=3;FiberGatheringCamp=3;HealerHut=10;Pasture=3;WoodHouse=20","Agriculture;AnimalHusbandry;ClayExtraction;ControlledFire;HerbalKnowledge;KnowledgeSharing;Quarry"
781,Animal,1.15,100,1.2,0,240,62,178,0.258,128,500,"","Clay=121795.33;PlantFiber=119939.68;WoodLog=30739.43","ClayPit=3;Farm=3;FiberGatheringCamp=3;HealerHut=10;Pasture=3;WoodHouse=20","Agriculture;AnimalHusbandry;ClayExtraction;ControlledFire;HerbalKnowledge;KnowledgeSharing;Quarry"
782,Animal,1.15,100,1.2,0,240,62,178,0.258,128,500,"","Clay=121934.56;PlantFiber=120078.91;WoodLog=30799.43","ClayPit=3;Farm=3;FiberGatheringCamp=3;HealerHut=10;Pasture=3;WoodHouse=20","Agriculture;AnimalHusbandry;ClayExtraction;ControlledFire;HerbalKnowledge;KnowledgeSharing;Quarry"
783,Animal,1.15,100,1.2,0,240,62,178,0.258,128,500,"","Clay=122073.78;PlantFiber=120218.14;WoodLog=30859.43","ClayPit=3;Farm=3;FiberGatheringCamp=3;HealerHut=10;Pasture=3;WoodHouse=20","Agriculture;AnimalHusbandry;ClayExtraction;ControlledFire;HerbalKnowledge;KnowledgeSharing;Quarry"
784,Animal,1.15,100,1.2,0,240,62,178,0.258,128,500,"","Clay=122213.01;PlantFiber=120357.36;WoodLog=30919.43","ClayPit=3;Farm=3;FiberGatheringCamp=3;HealerHut=10;Pasture=3;WoodHouse=20","Agriculture;AnimalHusbandry;ClayExtraction;ControlledFire;HerbalKnowledge;KnowledgeSharing;Quarry"
785,Animal,1.15,100,1.2,0,240,62,178,0.258,128,500,"","Clay=122352.24;PlantFiber=120496.59;WoodLog=30979.43","ClayPit=3;Farm=3;FiberGatheringCamp=3;HealerHut=10;Pasture=3;WoodHouse=20","Agriculture;AnimalHusbandry;ClayExtraction;ControlledFire;HerbalKnowledge;KnowledgeSharing;Quarry"
786,Animal,1.15,100,1.2,0,240,62,178,0.258,128,500,"","Clay=122491.47;PlantFiber=120635.82;WoodLog=31039.43","ClayPit=3;Farm=3;FiberGatheringCamp=3;HealerHut=10;Pasture=3;WoodHouse=20","Agriculture;AnimalHusbandry;ClayExtraction;ControlledFire;HerbalKnowledge;KnowledgeSharing;Quarry"
787,Animal,1.15,100,1.2,0,240,62,178,0.258,128,500,"","Clay=122630.7;PlantFiber=120775.05;WoodLog=31099.43","ClayPit=3;Farm=3;FiberGatheringCamp=3;HealerHut=10;Pasture=3;WoodHouse=20","Agriculture;AnimalHusbandry;ClayExtraction;ControlledFire;HerbalKnowledge;KnowledgeSharing;Quarry"
788,Animal,1.15,100,1.2,0,240,62,178,0.258,128,500,"","Clay=122769.93;PlantFiber=120914.28;WoodLog=31159.43","ClayPit=3;Farm=3;FiberGatheringCamp=3;HealerHut=10;Pasture=3;WoodHouse=20","Agriculture;AnimalHusbandry;ClayExtraction;ControlledFire;HerbalKnowledge;KnowledgeSharing;Quarry"
789,Animal,1.15,100,1.2,0,240,62,178,0.258,128,500,"","Clay=122909.16;PlantFiber=121053.51;WoodLog=31219.43","ClayPit=3;Farm=3;FiberGatheringCamp=3;HealerHut=10;Pasture=3;WoodHouse=20","Agriculture;AnimalHusbandry;ClayExtraction;ControlledFire;HerbalKnowledge;KnowledgeSharing;Quarry"
790,Animal,1.15,100,1.2,0,240,62,178,0.258,128,500,"","Clay=123048.39;PlantFiber=121192.74;WoodLog=31279.43","ClayPit=3;Farm=3;FiberGatheringCamp=3;HealerHut=10;Pasture=3;WoodHouse=20","Agriculture;AnimalHusbandry;ClayExtraction;ControlledFire;HerbalKnowledge;KnowledgeSharing;Quarry"
791,Animal,1.15,100,1.2,0,240,62,178,0.258,128,500,"","Clay=123187.62;PlantFiber=121331.97;WoodLog=31339.43","ClayPit=3;Farm=3;FiberGatheringCamp=3;HealerHut=10;Pasture=3;WoodHouse=20","Agriculture;AnimalHusbandry;ClayExtraction;ControlledFire;HerbalKnowledge;KnowledgeSharing;Quarry"
792,Animal,1.15,100,1.2,0,240,62,178,0.258,128,500,"","Clay=123326.85;PlantFiber=121471.2;WoodLog=31399.43","ClayPit=3;Farm=3;FiberGatheringCamp=3;HealerHut=10;Pasture=3;WoodHouse=20","Agriculture;AnimalHusbandry;ClayExtraction;ControlledFire;HerbalKnowledge;KnowledgeSharing;Quarry"
793,Animal,1.15,100,1.2,0,240,62,178,0.258,128,500,"","Clay=123466.07;PlantFiber=121610.43;WoodLog=31459.43","ClayPit=3;Farm=3;FiberGatheringCamp=3;HealerHut=10;Pasture=3;WoodHouse=20","Agriculture;AnimalHusbandry;ClayExtraction;ControlledFire;HerbalKnowledge;KnowledgeSharing;Quarry"
794,Animal,1.15,100,1.2,0,240,62,178,0.258,128,500,"","Clay=123605.3;PlantFiber=121749.65;WoodLog=31519.43","ClayPit=3;Farm=3;FiberGatheringCamp=3;HealerHut=10;Pasture=3;WoodHouse=20","Agriculture;AnimalHusbandry;ClayExtraction;ControlledFire;HerbalKnowledge;KnowledgeSharing;Quarry"
795,Animal,1.15,100,1.2,0,240,62,178,0.258,128,500,"","Clay=123744.53;PlantFiber=121888.88;WoodLog=31579.43","ClayPit=3;Farm=3;FiberGatheringCamp=3;HealerHut=10;Pasture=3;WoodHouse=20","Agriculture;AnimalHusbandry;ClayExtraction;ControlledFire;HerbalKnowledge;KnowledgeSharing;Quarry"
796,Animal,1.15,100,1.2,0,240,62,178,0.258,128,500,"","Clay=123883.76;PlantFiber=122028.11;WoodLog=31639.43","ClayPit=3;Farm=3;FiberGatheringCamp=3;HealerHut=10;Pasture=3;WoodHouse=20","Agriculture;AnimalHusbandry;ClayExtraction;ControlledFire;HerbalKnowledge;KnowledgeSharing;Quarry"
797,Animal,1.15,100,1.2,0,240,62,178,0.258,128,500,"","Clay=124022.99;PlantFiber=122167.34;WoodLog=31699.43","ClayPit=3;Farm=3;FiberGatheringCamp=3;HealerHut=10;Pasture=3;WoodHouse=20","Agriculture;AnimalHusbandry;ClayExtraction;ControlledFire;HerbalKnowledge;KnowledgeSharing;Quarry"
798,Animal,1.15,100,1.2,0,240,62,178,0.258,128,500,"","Clay=124162.22;PlantFiber=122306.57;WoodLog=31759.43","ClayPit=3;Farm=3;FiberGatheringCamp=3;HealerHut=10;Pasture=3;WoodHouse=20","Agriculture;AnimalHusbandry;ClayExtraction;ControlledFire;HerbalKnowledge;KnowledgeSharing;Quarry"
799,Animal,1.15,100,1.2,0,240,62,178,0.258,128,500,"","Clay=124301.45;PlantFiber=122445.8;WoodLog=31819.43","ClayPit=3;Farm=3;FiberGatheringCamp=3;HealerHut=10;Pasture=3;WoodHouse=20","Agriculture;AnimalHusbandry;ClayExtraction;ControlledFire;HerbalKnowledge;KnowledgeSharing;Quarry"
800,Animal,1.15,100,1.2,0,240,62,178,0.258,128,500,"","Clay=124440.68;PlantFiber=122585.03;WoodLog=31879.43","ClayPit=3;Farm=3;FiberGatheringCamp=3;HealerHut=10;Pasture=3;WoodHouse=20","Agriculture;AnimalHusbandry;ClayExtraction;ControlledFire;HerbalKnowledge;KnowledgeSharing;Quarry"
801,Animal,1.15,100,1.2,0,240,62,178,0.258,128,500,"","Clay=124579.91;PlantFiber=122724.26;WoodLog=31939.43","ClayPit=3;Farm=3;FiberGatheringCamp=3;HealerHut=10;Pasture=3;WoodHouse=20","Agriculture;AnimalHusbandry;ClayExtraction;ControlledFire;HerbalKnowledge;KnowledgeSharing;Quarry"
802,Animal,1.15,100,1.2,0,240,62,178,0.258,128,500,"","Clay=124719.13;PlantFiber=122863.49;WoodLog=31999.43","ClayPit=3;Farm=3;FiberGatheringCamp=3;HealerHut=10;Pasture=3;WoodHouse=20","Agriculture;AnimalHusbandry;ClayExtraction;ControlledFire;HerbalKnowledge;KnowledgeSharing;Quarry"
803,Animal,1.15,100,1.2,0,240,62,178,0.258,128,500,"","Clay=124858.36;PlantFiber=123002.71;WoodLog=32059.43","ClayPit=3;Farm=3;FiberGatheringCamp=3;HealerHut=10;Pasture=3;WoodHouse=20","Agriculture;AnimalHusbandry;ClayExtraction;ControlledFire;HerbalKnowledge;KnowledgeSharing;Quarry"
804,Animal,1.15,100,1.2,0,240,62,178,0.258,128,500,"","Clay=124997.59;PlantFiber=123141.94;WoodLog=32119.43","ClayPit=3;Farm=3;FiberGatheringCamp=3;HealerHut=10;Pasture=3;WoodHouse=20","Agriculture;AnimalHusbandry;ClayExtraction;ControlledFire;HerbalKnowledge;KnowledgeSharing;Quarry"
805,Animal,1.15,100,1.2,0,240,62,178,0.258,128,500,"","Clay=125136.82;PlantFiber=123281.17;WoodLog=32179.43","ClayPit=3;Farm=3;FiberGatheringCamp=3;HealerHut=10;Pasture=3;WoodHouse=20","Agriculture;AnimalHusbandry;ClayExtraction;ControlledFire;HerbalKnowledge;KnowledgeSharing;Quarry"
806,Animal,1.15,100,1.2,0,240,62,178,0.258,128,500,"","Clay=125276.05;PlantFiber=123420.4;WoodLog=32239.43","ClayPit=3;Farm=3;FiberGatheringCamp=3;HealerHut=10;Pasture=3;WoodHouse=20","Agriculture;AnimalHusbandry;ClayExtraction;ControlledFire;HerbalKnowledge;KnowledgeSharing;Quarry"
807,Animal,1.15,100,1.2,0,240,62,178,0.258,128,500,"","Clay=125415.28;PlantFiber=123559.63;WoodLog=32299.43","ClayPit=3;Farm=3;FiberGatheringCamp=3;HealerHut=10;Pasture=3;WoodHouse=20","Agriculture;AnimalHusbandry;ClayExtraction;ControlledFire;HerbalKnowledge;KnowledgeSharing;Quarry"
808,Animal,1.15,100,1.2,0,240,62,178,0.258,128,500,"","Clay=125554.51;PlantFiber=123698.86;WoodLog=32359.43","ClayPit=3;Farm=3;FiberGatheringCamp=3;HealerHut=10;Pasture=3;WoodHouse=20","Agriculture;AnimalHusbandry;ClayExtraction;ControlledFire;HerbalKnowledge;KnowledgeSharing;Quarry"
809,Animal,1.15,100,1.2,0,240,62,178,0.258,128,500,"","Clay=125693.74;PlantFiber=123838.09;WoodLog=32419.43","ClayPit=3;Farm=3;FiberGatheringCamp=3;HealerHut=10;Pasture=3;WoodHouse=20","Agriculture;AnimalHusbandry;ClayExtraction;ControlledFire;HerbalKnowledge;KnowledgeSharing;Quarry"
810,Animal,1.15,100,1.2,0,240,62,178,0.258,128,500,"","Clay=125832.97;PlantFiber=123977.32;WoodLog=32479.43","ClayPit=3;Farm=3;FiberGatheringCamp=3;HealerHut=10;Pasture=3;WoodHouse=20","Agriculture;AnimalHusbandry;ClayExtraction;ControlledFire;HerbalKnowledge;KnowledgeSharing;Quarry"
811,Animal,1.15,100,1.2,0,240,62,178,0.258,128,500,"","Clay=125972.19;PlantFiber=124116.55;WoodLog=32539.43","ClayPit=3;Farm=3;FiberGatheringCamp=3;HealerHut=10;Pasture=3;WoodHouse=20","Agriculture;AnimalHusbandry;ClayExtraction;ControlledFire;HerbalKnowledge;KnowledgeSharing;Quarry"
812,Animal,1.15,100,1.2,0,240,62,178,0.258,128,500,"","Clay=126111.42;PlantFiber=124255.77;WoodLog=32599.43","ClayPit=3;Farm=3;FiberGatheringCamp=3;HealerHut=10;Pasture=3;WoodHouse=20","Agriculture;AnimalHusbandry;ClayExtraction;ControlledFire;HerbalKnowledge;KnowledgeSharing;Quarry"
813,Animal,1.15,100,1.2,0,240,62,178,0.258,128,500,"","Clay=126250.65;PlantFiber=124395;WoodLog=32659.43","ClayPit=3;Farm=3;FiberGatheringCamp=3;HealerHut=10;Pasture=3;WoodHouse=20","Agriculture;AnimalHusbandry;ClayExtraction;ControlledFire;HerbalKnowledge;KnowledgeSharing;Quarry"
814,Animal,1.15,100,1.2,0,240,62,178,0.258,128,500,"","Clay=126389.88;PlantFiber=124534.23;WoodLog=32719.43","ClayPit=3;Farm=3;FiberGatheringCamp=3;HealerHut=10;Pasture=3;WoodHouse=20","Agriculture;AnimalHusbandry;ClayExtraction;ControlledFire;HerbalKnowledge;KnowledgeSharing;Quarry"
815,Animal,1.15,100,1.2,0,240,62,178,0.258,128,500,"","Clay=126529.11;PlantFiber=124673.46;WoodLog=32779.43","ClayPit=3;Farm=3;FiberGatheringCamp=3;HealerHut=10;Pasture=3;WoodHouse=20","Agriculture;AnimalHusbandry;ClayExtraction;ControlledFire;HerbalKnowledge;KnowledgeSharing;Quarry"
816,Animal,1.15,100,1.2,0,240,62,178,0.258,128,500,"","Clay=126668.34;PlantFiber=124812.69;WoodLog=32839.43","ClayPit=3;Farm=3;FiberGatheringCamp=3;HealerHut=10;Pasture=3;WoodHouse=20","Agriculture;AnimalHusbandry;ClayExtraction;ControlledFire;HerbalKnowledge;KnowledgeSharing;Quarry"
817,Animal,1.15,100,1.2,0,240,62,178,0.258,128,500,"","Clay=126807.57;PlantFiber=124951.92;WoodLog=32899.43","ClayPit=3;Farm=3;FiberGatheringCamp=3;HealerHut=10;Pasture=3;WoodHouse=20","Agriculture;AnimalHusbandry;ClayExtraction;ControlledFire;HerbalKnowledge;KnowledgeSharing;Quarry"
818,Animal,1.15,100,1.2,0,240,62,178,0.258,128,500,"","Clay=126946.8;PlantFiber=125091.15;WoodLog=32959.43","ClayPit=3;Farm=3;FiberGatheringCamp=3;HealerHut=10;Pasture=3;WoodHouse=20","Agriculture;AnimalHusbandry;ClayExtraction;ControlledFire;HerbalKnowledge;KnowledgeSharing;Quarry"
819,Animal,1.15,100,1.2,0,240,62,178,0.258,128,500,"","Clay=127086.03;PlantFiber=125230.38;WoodLog=33019.43","ClayPit=3;Farm=3;FiberGatheringCamp=3;HealerHut=10;Pasture=3;WoodHouse=20","Agriculture;AnimalHusbandry;ClayExtraction;ControlledFire;HerbalKnowledge;KnowledgeSharing;Quarry"
820,Animal,1.15,100,1.2,0,240,62,178,0.258,128,500,"","Clay=127225.25;PlantFiber=125369.61;WoodLog=33079.43","ClayPit=3;Farm=3;FiberGatheringCamp=3;HealerHut=10;Pasture=3;WoodHouse=20","Agriculture;AnimalHusbandry;ClayExtraction;ControlledFire;HerbalKnowledge;KnowledgeSharing;Quarry"
821,Animal,1.15,100,1.2,0,240,62,178,0.258,128,500,"","Clay=127364.48;PlantFiber=125508.83;WoodLog=33139.43","ClayPit=3;Farm=3;FiberGatheringCamp=3;HealerHut=10;Pasture=3;WoodHouse=20","Agriculture;AnimalHusbandry;ClayExtraction;ControlledFire;HerbalKnowledge;KnowledgeSharing;Quarry"
822,Animal,1.15,100,1.2,0,240,62,178,0.258,128,500,"","Clay=127503.71;PlantFiber=125648.06;WoodLog=33199.43","ClayPit=3;Farm=3;FiberGatheringCamp=3;HealerHut=10;Pasture=3;WoodHouse=20","Agriculture;AnimalHusbandry;ClayExtraction;ControlledFire;HerbalKnowledge;KnowledgeSharing;Quarry"
823,Animal,1.15,100,1.2,0,240,62,178,0.258,128,500,"","Clay=127642.94;PlantFiber=125787.29;WoodLog=33259.43","ClayPit=3;Farm=3;FiberGatheringCamp=3;HealerHut=10;Pasture=3;WoodHouse=20","Agriculture;AnimalHusbandry;ClayExtraction;ControlledFire;HerbalKnowledge;KnowledgeSharing;Quarry"
824,Animal,1.15,100,1.2,0,240,62,178,0.258,128,500,"","Clay=127782.17;PlantFiber=125926.52;WoodLog=33319.43","ClayPit=3;Farm=3;FiberGatheringCamp=3;HealerHut=10;Pasture=3;WoodHouse=20","Agriculture;AnimalHusbandry;ClayExtraction;ControlledFire;HerbalKnowledge;KnowledgeSharing;Quarry"
825,Animal,1.15,100,1.2,0,240,62,178,0.258,128,500,"","Clay=127921.4;PlantFiber=126065.75;WoodLog=33379.43","ClayPit=3;Farm=3;FiberGatheringCamp=3;HealerHut=10;Pasture=3;WoodHouse=20","Agriculture;AnimalHusbandry;ClayExtraction;ControlledFire;HerbalKnowledge;KnowledgeSharing;Quarry"
826,Animal,1.15,100,1.2,0,240,62,178,0.258,128,500,"","Clay=128060.63;PlantFiber=126204.98;WoodLog=33439.43","ClayPit=3;Farm=3;FiberGatheringCamp=3;HealerHut=10;Pasture=3;WoodHouse=20","Agriculture;AnimalHusbandry;ClayExtraction;ControlledFire;HerbalKnowledge;KnowledgeSharing;Quarry"
827,Animal,1.15,100,1.2,0,240,62,178,0.258,128,500,"","Clay=128199.86;PlantFiber=126344.21;WoodLog=33499.43","ClayPit=3;Farm=3;FiberGatheringCamp=3;HealerHut=10;Pasture=3;WoodHouse=20","Agriculture;AnimalHusbandry;ClayExtraction;ControlledFire;HerbalKnowledge;KnowledgeSharing;Quarry"
828,Animal,1.15,100,1.2,0,240,62,178,0.258,128,500,"","Clay=128339.09;PlantFiber=126483.44;WoodLog=33559.43","ClayPit=3;Farm=3;FiberGatheringCamp=3;HealerHut=10;Pasture=3;WoodHouse=20","Agriculture;AnimalHusbandry;ClayExtraction;ControlledFire;HerbalKnowledge;KnowledgeSharing;Quarry"
829,Animal,1.15,100,1.2,0,240,62,178,0.258,128,500,"","Clay=128478.31;PlantFiber=126622.67;WoodLog=33619.43","ClayPit=3;Farm=3;FiberGatheringCamp=3;HealerHut=10;Pasture=3;WoodHouse=20","Agriculture;AnimalHusbandry;ClayExtraction;ControlledFire;HerbalKnowledge;KnowledgeSharing;Quarry"
830,Animal,1.15,100,1.2,0,240,62,178,0.258,128,500,"","Clay=128617.54;PlantFiber=126761.9;WoodLog=33679.43","ClayPit=3;Farm=3;FiberGatheringCamp=3;HealerHut=10;Pasture=3;WoodHouse=20","Agriculture;AnimalHusbandry;ClayExtraction;ControlledFire;HerbalKnowledge;KnowledgeSharing;Quarry"
831,Animal,1.15,100,1.2,0,240,62,178,0.258,128,500,"","Clay=128756.77;PlantFiber=126901.12;WoodLog=33739.43","ClayPit=3;Farm=3;FiberGatheringCamp=3;HealerHut=10;Pasture=3;WoodHouse=20","Agriculture;AnimalHusbandry;ClayExtraction;ControlledFire;HerbalKnowledge;KnowledgeSharing;Quarry"
832,Animal,1.15,100,1.2,0,240,62,178,0.258,128,500,"","Clay=128896;PlantFiber=127040.35;WoodLog=33799.43","ClayPit=3;Farm=3;FiberGatheringCamp=3;HealerHut=10;Pasture=3;WoodHouse=20","Agriculture;AnimalHusbandry;ClayExtraction;ControlledFire;HerbalKnowledge;KnowledgeSharing;Quarry"
833,Animal,1.15,100,1.2,0,240,62,178,0.258,128,500,"","Clay=129035.23;PlantFiber=127179.58;WoodLog=33859.43","ClayPit=3;Farm=3;FiberGatheringCamp=3;HealerHut=10;Pasture=3;WoodHouse=20","Agriculture;AnimalHusbandry;ClayExtraction;ControlledFire;HerbalKnowledge;KnowledgeSharing;Quarry"
834,Animal,1.15,100,1.2,0,240,62,178,0.258,128,500,"","Clay=129174.46;PlantFiber=127318.81;WoodLog=33919.43","ClayPit=3;Farm=3;FiberGatheringCamp=3;HealerHut=10;Pasture=3;WoodHouse=20","Agriculture;AnimalHusbandry;ClayExtraction;ControlledFire;HerbalKnowledge;KnowledgeSharing;Quarry"
835,Animal,1.15,100,1.2,0,240,62,178,0.258,128,500,"","Clay=129313.69;PlantFiber=127458.04;WoodLog=33979.43","ClayPit=3;Farm=3;FiberGatheringCamp=3;HealerHut=10;Pasture=3;WoodHouse=20","Agriculture;AnimalHusbandry;ClayExtraction;ControlledFire;HerbalKnowledge;KnowledgeSharing;Quarry"
836,Animal,1.15,100,1.2,0,240,62,178,0.258,128,500,"","Clay=129452.92;PlantFiber=127597.27;WoodLog=34039.43","ClayPit=3;Farm=3;FiberGatheringCamp=3;HealerHut=10;Pasture=3;WoodHouse=20","Agriculture;AnimalHusbandry;ClayExtraction;ControlledFire;HerbalKnowledge;KnowledgeSharing;Quarry"
837,Animal,1.15,100,1.2,0,240,62,178,0.258,128,500,"","Clay=129592.15;PlantFiber=127736.5;WoodLog=34099.43","ClayPit=3;Farm=3;FiberGatheringCamp=3;HealerHut=10;Pasture=3;WoodHouse=20","Agriculture;AnimalHusbandry;ClayExtraction;ControlledFire;HerbalKnowledge;KnowledgeSharing;Quarry"
838,Animal,1.15,100,1.2,0,240,62,178,0.258,128,500,"","Clay=129731.38;PlantFiber=127875.73;WoodLog=34159.43","ClayPit=3;Farm=3;FiberGatheringCamp=3;HealerHut=10;Pasture=3;WoodHouse=20","Agriculture;AnimalHusbandry;ClayExtraction;ControlledFire;HerbalKnowledge;KnowledgeSharing;Quarry"
839,Animal,1.15,100,1.2,0,240,62,178,0.258,128,500,"","Clay=129870.6;PlantFiber=128014.96;WoodLog=34219.43","ClayPit=3;Farm=3;FiberGatheringCamp=3;HealerHut=10;Pasture=3;WoodHouse=20","Agriculture;AnimalHusbandry;ClayExtraction;ControlledFire;HerbalKnowledge;KnowledgeSharing;Quarry"
840,Animal,1.15,100,1.2,0,240,62,178,0.258,128,500,"","Clay=130009.83;PlantFiber=128154.18;WoodLog=34279.43","ClayPit=3;Farm=3;FiberGatheringCamp=3;HealerHut=10;Pasture=3;WoodHouse=20","Agriculture;AnimalHusbandry;ClayExtraction;ControlledFire;HerbalKnowledge;KnowledgeSharing;Quarry"
841,Animal,1.15,100,1.2,0,240,62,178,0.258,128,500,"","Clay=130149.06;PlantFiber=128293.41;WoodLog=34339.43","ClayPit=3;Farm=3;FiberGatheringCamp=3;HealerHut=10;Pasture=3;WoodHouse=20","Agriculture;AnimalHusbandry;ClayExtraction;ControlledFire;HerbalKnowledge;KnowledgeSharing;Quarry"
842,Animal,1.15,100,1.2,0,240,62,178,0.258,128,500,"","Clay=130288.29;PlantFiber=128432.64;WoodLog=34399.43","ClayPit=3;Farm=3;FiberGatheringCamp=3;HealerHut=10;Pasture=3;WoodHouse=20","Agriculture;AnimalHusbandry;ClayExtraction;ControlledFire;HerbalKnowledge;KnowledgeSharing;Quarry"
843,Animal,1.15,100,1.2,0,240,62,178,0.258,128,500,"","Clay=130427.52;PlantFiber=128571.87;WoodLog=34459.43","ClayPit=3;Farm=3;FiberGatheringCamp=3;HealerHut=10;Pasture=3;WoodHouse=20","Agriculture;AnimalHusbandry;ClayExtraction;ControlledFire;HerbalKnowledge;KnowledgeSharing;Quarry"
844,Animal,1.15,100,1.2,0,240,62,178,0.258,128,500,"","Clay=130566.75;PlantFiber=128711.1;WoodLog=34519.43","ClayPit=3;Farm=3;FiberGatheringCamp=3;HealerHut=10;Pasture=3;WoodHouse=20","Agriculture;AnimalHusbandry;ClayExtraction;ControlledFire;HerbalKnowledge;KnowledgeSharing;Quarry"
845,Animal,1.15,100,1.2,0,240,62,178,0.258,128,500,"","Clay=130705.98;PlantFiber=128850.33;WoodLog=34579.43","ClayPit=3;Farm=3;FiberGatheringCamp=3;HealerHut=10;Pasture=3;WoodHouse=20","Agriculture;AnimalHusbandry;ClayExtraction;ControlledFire;HerbalKnowledge;KnowledgeSharing;Quarry"
846,Animal,1.15,100,1.2,0,240,62,178,0.258,128,500,"","Clay=130845.21;PlantFiber=128989.56;WoodLog=34639.43","ClayPit=3;Farm=3;FiberGatheringCamp=3;HealerHut=10;Pasture=3;WoodHouse=20","Agriculture;AnimalHusbandry;ClayExtraction;ControlledFire;HerbalKnowledge;KnowledgeSharing;Quarry"
847,Animal,1.15,100,1.2,0,240,62,178,0.258,128,500,"","Clay=130984.44;PlantFiber=129128.79;WoodLog=34699.43","ClayPit=3;Farm=3;FiberGatheringCamp=3;HealerHut=10;Pasture=3;WoodHouse=20","Agriculture;AnimalHusbandry;ClayExtraction;ControlledFire;HerbalKnowledge;KnowledgeSharing;Quarry"
848,Animal,1.15,100,1.2,0,240,62,178,0.258,128,500,"","Clay=131123.66;PlantFiber=129268.02;WoodLog=34759.43","ClayPit=3;Farm=3;FiberGatheringCamp=3;HealerHut=10;Pasture=3;WoodHouse=20","Agriculture;AnimalHusbandry;ClayExtraction;ControlledFire;HerbalKnowledge;KnowledgeSharing;Quarry"
849,Animal,1.15,100,1.2,0,240,62,178,0.258,128,500,"","Clay=131262.89;PlantFiber=129407.24;WoodLog=34819.43","ClayPit=3;Farm=3;FiberGatheringCamp=3;HealerHut=10;Pasture=3;WoodHouse=20","Agriculture;AnimalHusbandry;ClayExtraction;ControlledFire;HerbalKnowledge;KnowledgeSharing;Quarry"
850,Animal,1.15,100,1.2,0,240,62,178,0.258,128,500,"","Clay=131402.12;PlantFiber=129546.47;WoodLog=34879.43","ClayPit=3;Farm=3;FiberGatheringCamp=3;HealerHut=10;Pasture=3;WoodHouse=20","Agriculture;AnimalHusbandry;ClayExtraction;ControlledFire;HerbalKnowledge;KnowledgeSharing;Quarry"
851,Animal,1.15,100,1.2,0,240,62,178,0.258,128,500,"","Clay=131541.35;PlantFiber=129685.7;WoodLog=34939.43","ClayPit=3;Farm=3;FiberGatheringCamp=3;HealerHut=10;Pasture=3;WoodHouse=20","Agriculture;AnimalHusbandry;ClayExtraction;ControlledFire;HerbalKnowledge;KnowledgeSharing;Quarry"
852,Animal,1.15,100,1.2,0,240,62,178,0.258,128,500,"","Clay=131680.58;PlantFiber=129824.93;WoodLog=34999.43","ClayPit=3;Farm=3;FiberGatheringCamp=3;HealerHut=10;Pasture=3;WoodHouse=20","Agriculture;AnimalHusbandry;ClayExtraction;ControlledFire;HerbalKnowledge;KnowledgeSharing;Quarry"
853,Animal,1.15,100,1.2,0,240,62,178,0.258,128,500,"","Clay=131819.81;PlantFiber=129964.16;WoodLog=35059.43","ClayPit=3;Farm=3;FiberGatheringCamp=3;HealerHut=10;Pasture=3;WoodHouse=20","Agriculture;AnimalHusbandry;ClayExtraction;ControlledFire;HerbalKnowledge;KnowledgeSharing;Quarry"
854,Animal,1.15,100,1.2,0,240,62,178,0.258,128,500,"","Clay=131959.04;PlantFiber=130103.39;WoodLog=35119.43","ClayPit=3;Farm=3;FiberGatheringCamp=3;HealerHut=10;Pasture=3;WoodHouse=20","Agriculture;AnimalHusbandry;ClayExtraction;ControlledFire;HerbalKnowledge;KnowledgeSharing;Quarry"
855,Animal,1.15,100,1.2,0,240,62,178,0.258,128,500,"","Clay=132098.27;PlantFiber=130242.62;WoodLog=35179.43","ClayPit=3;Farm=3;FiberGatheringCamp=3;HealerHut=10;Pasture=3;WoodHouse=20","Agriculture;AnimalHusbandry;ClayExtraction;ControlledFire;HerbalKnowledge;KnowledgeSharing;Quarry"
856,Animal,1.15,100,1.2,0,240,62,178,0.258,128,500,"","Clay=132237.5;PlantFiber=130381.85;WoodLog=35239.43","ClayPit=3;Farm=3;FiberGatheringCamp=3;HealerHut=10;Pasture=3;WoodHouse=20","Agriculture;AnimalHusbandry;ClayExtraction;ControlledFire;HerbalKnowledge;KnowledgeSharing;Quarry"
857,Animal,1.15,100,1.2,0,240,62,178,0.258,128,500,"","Clay=132376.72;PlantFiber=130521.08;WoodLog=35299.43","ClayPit=3;Farm=3;FiberGatheringCamp=3;HealerHut=10;Pasture=3;WoodHouse=20","Agriculture;AnimalHusbandry;ClayExtraction;ControlledFire;HerbalKnowledge;KnowledgeSharing;Quarry"
858,Animal,1.15,100,1.2,0,240,62,178,0.258,128,500,"","Clay=132515.95;PlantFiber=130660.3;WoodLog=35359.43","ClayPit=3;Farm=3;FiberGatheringCamp=3;HealerHut=10;Pasture=3;WoodHouse=20","Agriculture;AnimalHusbandry;ClayExtraction;ControlledFire;HerbalKnowledge;KnowledgeSharing;Quarry"
859,Animal,1.15,100,1.2,0,240,62,178,0.258,128,500,"","Clay=132655.18;PlantFiber=130799.53;WoodLog=35419.43","ClayPit=3;Farm=3;FiberGatheringCamp=3;HealerHut=10;Pasture=3;WoodHouse=20","Agriculture;AnimalHusbandry;ClayExtraction;ControlledFire;HerbalKnowledge;KnowledgeSharing;Quarry"
860,Animal,1.15,100,1.2,0,240,62,178,0.258,128,500,"","Clay=132794.41;PlantFiber=130938.76;WoodLog=35479.43","ClayPit=3;Farm=3;FiberGatheringCamp=3;HealerHut=10;Pasture=3;WoodHouse=20","Agriculture;AnimalHusbandry;ClayExtraction;ControlledFire;HerbalKnowledge;KnowledgeSharing;Quarry"
861,Animal,1.15,100,1.2,0,240,62,178,0.258,128,500,"","Clay=132933.64;PlantFiber=131077.99;WoodLog=35539.43","ClayPit=3;Farm=3;FiberGatheringCamp=3;HealerHut=10;Pasture=3;WoodHouse=20","Agriculture;AnimalHusbandry;ClayExtraction;ControlledFire;HerbalKnowledge;KnowledgeSharing;Quarry"
862,Animal,1.15,100,1.2,0,240,62,178,0.258,128,500,"","Clay=133072.87;PlantFiber=131217.22;WoodLog=35599.43","ClayPit=3;Farm=3;FiberGatheringCamp=3;HealerHut=10;Pasture=3;WoodHouse=20","Agriculture;AnimalHusbandry;ClayExtraction;ControlledFire;HerbalKnowledge;KnowledgeSharing;Quarry"
863,Animal,1.15,100,1.2,0,240,62,178,0.258,128,500,"","Clay=133212.1;PlantFiber=131356.45;WoodLog=35659.43","ClayPit=3;Farm=3;FiberGatheringCamp=3;HealerHut=10;Pasture=3;WoodHouse=20","Agriculture;AnimalHusbandry;ClayExtraction;ControlledFire;HerbalKnowledge;KnowledgeSharing;Quarry"
864,Animal,1.15,100,1.2,0,240,62,178,0.258,128,500,"","Clay=133351.33;PlantFiber=131495.68;WoodLog=35719.43","ClayPit=3;Farm=3;FiberGatheringCamp=3;HealerHut=10;Pasture=3;WoodHouse=20","Agriculture;AnimalHusbandry;ClayExtraction;ControlledFire;HerbalKnowledge;KnowledgeSharing;Quarry"
865,Animal,1.15,100,1.2,0,240,62,178,0.258,128,500,"","Clay=133490.56;PlantFiber=131634.91;WoodLog=35779.43","ClayPit=3;Farm=3;FiberGatheringCamp=3;HealerHut=10;Pasture=3;WoodHouse=20","Agriculture;AnimalHusbandry;ClayExtraction;ControlledFire;HerbalKnowledge;KnowledgeSharing;Quarry"
866,Animal,1.15,100,1.2,0,240,62,178,0.258,128,500,"","Clay=133629.78;PlantFiber=131774.14;WoodLog=35839.43","ClayPit=3;Farm=3;FiberGatheringCamp=3;HealerHut=10;Pasture=3;WoodHouse=20","Agriculture;AnimalHusbandry;ClayExtraction;ControlledFire;HerbalKnowledge;KnowledgeSharing;Quarry"
867,Animal,1.15,100,1.2,0,240,62,178,0.258,128,500,"","Clay=133769.01;PlantFiber=131913.36;WoodLog=35899.43","ClayPit=3;Farm=3;FiberGatheringCamp=3;HealerHut=10;Pasture=3;WoodHouse=20","Agriculture;AnimalHusbandry;ClayExtraction;ControlledFire;HerbalKnowledge;KnowledgeSharing;Quarry"
868,Animal,1.15,100,1.2,0,240,62,178,0.258,128,500,"","Clay=133908.24;PlantFiber=132052.59;WoodLog=35959.43","ClayPit=3;Farm=3;FiberGatheringCamp=3;HealerHut=10;Pasture=3;WoodHouse=20","Agriculture;AnimalHusbandry;ClayExtraction;ControlledFire;HerbalKnowledge;KnowledgeSharing;Quarry"
869,Animal,1.15,100,1.2,0,240,62,178,0.258,128,500,"","Clay=134047.47;PlantFiber=132191.82;WoodLog=36019.43","ClayPit=3;Farm=3;FiberGatheringCamp=3;HealerHut=10;Pasture=3;WoodHouse=20","Agriculture;AnimalHusbandry;ClayExtraction;ControlledFire;HerbalKnowledge;KnowledgeSharing;Quarry"
870,Animal,1.15,100,1.2,0,240,62,178,0.258,128,500,"","Clay=134186.7;PlantFiber=132331.05;WoodLog=36079.43","ClayPit=3;Farm=3;FiberGatheringCamp=3;HealerHut=10;Pasture=3;WoodHouse=20","Agriculture;AnimalHusbandry;ClayExtraction;ControlledFire;HerbalKnowledge;KnowledgeSharing;Quarry"
871,Animal,1.15,100,1.2,0,240,62,178,0.258,128,500,"","Clay=134325.93;PlantFiber=132470.28;WoodLog=36139.43","ClayPit=3;Farm=3;FiberGatheringCamp=3;HealerHut=10;Pasture=3;WoodHouse=20","Agriculture;AnimalHusbandry;ClayExtraction;ControlledFire;HerbalKnowledge;KnowledgeSharing;Quarry"
872,Animal,1.15,100,1.2,0,240,62,178,0.258,128,500,"","Clay=134465.16;PlantFiber=132609.51;WoodLog=36199.43","ClayPit=3;Farm=3;FiberGatheringCamp=3;HealerHut=10;Pasture=3;WoodHouse=20","Agriculture;AnimalHusbandry;ClayExtraction;ControlledFire;HerbalKnowledge;KnowledgeSharing;Quarry"
873,Animal,1.15,100,1.2,0,240,62,178,0.258,128,500,"","Clay=134604.39;PlantFiber=132748.74;WoodLog=36259.43","ClayPit=3;Farm=3;FiberGatheringCamp=3;HealerHut=10;Pasture=3;WoodHouse=20","Agriculture;AnimalHusbandry;ClayExtraction;ControlledFire;HerbalKnowledge;KnowledgeSharing;Quarry"
874,Animal,1.15,100,1.2,0,240,62,178,0.258,128,500,"","Clay=134743.62;PlantFiber=132887.97;WoodLog=36319.43","ClayPit=3;Farm=3;FiberGatheringCamp=3;HealerHut=10;Pasture=3;WoodHouse=20","Agriculture;AnimalHusbandry;ClayExtraction;ControlledFire;HerbalKnowledge;KnowledgeSharing;Quarry"
875,Animal,1.15,100,1.2,0,240,62,178,0.258,128,500,"","Clay=134882.85;PlantFiber=133027.2;WoodLog=36379.43","ClayPit=3;Farm=3;FiberGatheringCamp=3;HealerHut=10;Pasture=3;WoodHouse=20","Agriculture;AnimalHusbandry;ClayExtraction;ControlledFire;HerbalKnowledge;KnowledgeSharing;Quarry"
876,Animal,1.15,100,1.2,0,240,62,178,0.258,128,500,"","Clay=135022.07;PlantFiber=133166.43;WoodLog=36439.43","ClayPit=3;Farm=3;FiberGatheringCamp=3;HealerHut=10;Pasture=3;WoodHouse=20","Agriculture;AnimalHusbandry;ClayExtraction;ControlledFire;HerbalKnowledge;KnowledgeSharing;Quarry"
877,Animal,1.15,100,1.2,0,240,62,178,0.258,128,500,"","Clay=135161.3;PlantFiber=133305.65;WoodLog=36499.43","ClayPit=3;Farm=3;FiberGatheringCamp=3;HealerHut=10;Pasture=3;WoodHouse=20","Agriculture;AnimalHusbandry;ClayExtraction;ControlledFire;HerbalKnowledge;KnowledgeSharing;Quarry"
878,Animal,1.15,100,1.2,0,240,62,178,0.258,128,500,"","Clay=135300.53;PlantFiber=133444.88;WoodLog=36559.43","ClayPit=3;Farm=3;FiberGatheringCamp=3;HealerHut=10;Pasture=3;WoodHouse=20","Agriculture;AnimalHusbandry;ClayExtraction;ControlledFire;HerbalKnowledge;KnowledgeSharing;Quarry"
879,Animal,1.15,100,1.2,0,240,62,178,0.258,128,500,"","Clay=135439.76;PlantFiber=133584.11;WoodLog=36619.43","ClayPit=3;Farm=3;FiberGatheringCamp=3;HealerHut=10;Pasture=3;WoodHouse=20","Agriculture;AnimalHusbandry;ClayExtraction;ControlledFire;HerbalKnowledge;KnowledgeSharing;Quarry"
880,Animal,1.15,100,1.2,0,240,62,178,0.258,128,500,"","Clay=135578.99;PlantFiber=133723.34;WoodLog=36679.43","ClayPit=3;Farm=3;FiberGatheringCamp=3;HealerHut=10;Pasture=3;WoodHouse=20","Agriculture;AnimalHusbandry;ClayExtraction;ControlledFire;HerbalKnowledge;KnowledgeSharing;Quarry"
881,Animal,1.15,100,1.2,0,240,62,178,0.258,128,500,"","Clay=135718.22;PlantFiber=133862.57;WoodLog=36739.43","ClayPit=3;Farm=3;FiberGatheringCamp=3;HealerHut=10;Pasture=3;WoodHouse=20","Agriculture;AnimalHusbandry;ClayExtraction;ControlledFire;HerbalKnowledge;KnowledgeSharing;Quarry"
882,Animal,1.15,100,1.2,0,240,62,178,0.258,128,500,"","Clay=135857.45;PlantFiber=134001.8;WoodLog=36799.43","ClayPit=3;Farm=3;FiberGatheringCamp=3;HealerHut=10;Pasture=3;WoodHouse=20","Agriculture;AnimalHusbandry;ClayExtraction;ControlledFire;HerbalKnowledge;KnowledgeSharing;Quarry"
883,Animal,1.15,100,1.2,0,240,62,178,0.258,128,500,"","Clay=135996.68;PlantFiber=134141.03;WoodLog=36859.43","ClayPit=3;Farm=3;FiberGatheringCamp=3;HealerHut=10;Pasture=3;WoodHouse=20","Agriculture;AnimalHusbandry;ClayExtraction;ControlledFire;HerbalKnowledge;KnowledgeSharing;Quarry"
884,Animal,1.15,100,1.2,0,240,62,178,0.258,128,500,"","Clay=136135.91;PlantFiber=134280.26;WoodLog=36919.43","ClayPit=3;Farm=3;FiberGatheringCamp=3;HealerHut=10;Pasture=3;WoodHouse=20","Agriculture;AnimalHusbandry;ClayExtraction;ControlledFire;HerbalKnowledge;KnowledgeSharing;Quarry"
885,Animal,1.15,100,1.2,0,240,62,178,0.258,128,500,"","Clay=136275.13;PlantFiber=134419.49;WoodLog=36979.43","ClayPit=3;Farm=3;FiberGatheringCamp=3;HealerHut=10;Pasture=3;WoodHouse=20","Agriculture;AnimalHusbandry;ClayExtraction;ControlledFire;HerbalKnowledge;KnowledgeSharing;Quarry"
886,Animal,1.15,100,1.2,0,240,62,178,0.258,128,500,"","Clay=136414.36;PlantFiber=134558.71;WoodLog=37039.43","ClayPit=3;Farm=3;FiberGatheringCamp=3;HealerHut=10;Pasture=3;WoodHouse=20","Agriculture;AnimalHusbandry;ClayExtraction;ControlledFire;HerbalKnowledge;KnowledgeSharing;Quarry"
887,Animal,1.15,100,1.2,0,240,62,178,0.258,128,500,"","Clay=136553.59;PlantFiber=134697.94;WoodLog=37099.43","ClayPit=3;Farm=3;FiberGatheringCamp=3;HealerHut=10;Pasture=3;WoodHouse=20","Agriculture;AnimalHusbandry;ClayExtraction;ControlledFire;HerbalKnowledge;KnowledgeSharing;Quarry"
888,Animal,1.15,100,1.2,0,240,62,178,0.258,128,500,"","Clay=136692.82;PlantFiber=134837.17;WoodLog=37159.43","ClayPit=3;Farm=3;FiberGatheringCamp=3;HealerHut=10;Pasture=3;WoodHouse=20","Agriculture;AnimalHusbandry;ClayExtraction;ControlledFire;HerbalKnowledge;KnowledgeSharing;Quarry"
889,Animal,1.15,100,1.2,0,240,62,178,0.258,128,500,"","Clay=136832.05;PlantFiber=134976.4;WoodLog=37219.43","ClayPit=3;Farm=3;FiberGatheringCamp=3;HealerHut=10;Pasture=3;WoodHouse=20","Agriculture;AnimalHusbandry;ClayExtraction;ControlledFire;HerbalKnowledge;KnowledgeSharing;Quarry"
890,Animal,1.15,100,1.2,0,240,62,178,0.258,128,500,"","Clay=136971.28;PlantFiber=135115.63;WoodLog=37279.43","ClayPit=3;Farm=3;FiberGatheringCamp=3;HealerHut=10;Pasture=3;WoodHouse=20","Agriculture;AnimalHusbandry;ClayExtraction;ControlledFire;HerbalKnowledge;KnowledgeSharing;Quarry"
891,Animal,1.15,100,1.2,0,240,62,178,0.258,128,500,"","Clay=137110.51;PlantFiber=135254.86;WoodLog=37339.43","ClayPit=3;Farm=3;FiberGatheringCamp=3;HealerHut=10;Pasture=3;WoodHouse=20","Agriculture;AnimalHusbandry;ClayExtraction;ControlledFire;HerbalKnowledge;KnowledgeSharing;Quarry"
892,Animal,1.15,100,1.2,0,240,62,178,0.258,128,500,"","Clay=137249.74;PlantFiber=135394.09;WoodLog=37399.43","ClayPit=3;Farm=3;FiberGatheringCamp=3;HealerHut=10;Pasture=3;WoodHouse=20","Agriculture;AnimalHusbandry;ClayExtraction;ControlledFire;HerbalKnowledge;KnowledgeSharing;Quarry"
893,Animal,1.15,100,1.2,0,240,62,178,0.258,128,500,"","Clay=137388.97;PlantFiber=135533.32;WoodLog=37459.43","ClayPit=3;Farm=3;FiberGatheringCamp=3;HealerHut=10;Pasture=3;WoodHouse=20","Agriculture;AnimalHusbandry;ClayExtraction;ControlledFire;HerbalKnowledge;KnowledgeSharing;Quarry"
894,Animal,1.15,100,1.2,0,240,62,178,0.258,128,500,"","Clay=137528.19;PlantFiber=135672.55;WoodLog=37519.43","ClayPit=3;Farm=3;FiberGatheringCamp=3;HealerHut=10;Pasture=3;WoodHouse=20","Agriculture;AnimalHusbandry;ClayExtraction;ControlledFire;HerbalKnowledge;KnowledgeSharing;Quarry"
895,Animal,1.15,100,1.2,0,240,62,178,0.258,128,500,"","Clay=137667.42;PlantFiber=135811.77;WoodLog=37579.43","ClayPit=3;Farm=3;FiberGatheringCamp=3;HealerHut=10;Pasture=3;WoodHouse=20","Agriculture;AnimalHusbandry;ClayExtraction;ControlledFire;HerbalKnowledge;KnowledgeSharing;Quarry"
896,Animal,1.15,100,1.2,0,240,62,178,0.258,128,500,"","Clay=137806.65;PlantFiber=135951;WoodLog=37639.43","ClayPit=3;Farm=3;FiberGatheringCamp=3;HealerHut=10;Pasture=3;WoodHouse=20","Agriculture;AnimalHusbandry;ClayExtraction;ControlledFire;HerbalKnowledge;KnowledgeSharing;Quarry"
897,Animal,1.15,100,1.2,0,240,62,178,0.258,128,500,"","Clay=137945.88;PlantFiber=136090.23;WoodLog=37699.43","ClayPit=3;Farm=3;FiberGatheringCamp=3;HealerHut=10;Pasture=3;WoodHouse=20","Agriculture;AnimalHusbandry;ClayExtraction;ControlledFire;HerbalKnowledge;KnowledgeSharing;Quarry"
898,Animal,1.15,100,1.2,0,240,62,178,0.258,128,500,"","Clay=138085.11;PlantFiber=136229.46;WoodLog=37759.43","ClayPit=3;Farm=3;FiberGatheringCamp=3;HealerHut=10;Pasture=3;WoodHouse=20","Agriculture;AnimalHusbandry;ClayExtraction;ControlledFire;HerbalKnowledge;KnowledgeSharing;Quarry"
899,Animal,1.15,100,1.2,0,240,62,178,0.258,128,500,"","Clay=138224.34;PlantFiber=136368.69;WoodLog=37819.43","ClayPit=3;Farm=3;FiberGatheringCamp=3;HealerHut=10;Pasture=3;WoodHouse=20","Agriculture;AnimalHusbandry;ClayExtraction;ControlledFire;HerbalKnowledge;KnowledgeSharing;Quarry"
900,Animal,1.15,100,1.2,0,240,62,178,0.258,128,500,"","Clay=138363.57;PlantFiber=136507.92;WoodLog=37879.43","ClayPit=3;Farm=3;FiberGatheringCamp=3;HealerHut=10;Pasture=3;WoodHouse=20","Agriculture;AnimalHusbandry;ClayExtraction;ControlledFire;HerbalKnowledge;KnowledgeSharing;Quarry"
901,Animal,1.15,100,1.2,0,240,62,178,0.258,128,500,"","Clay=138502.8;PlantFiber=136647.15;WoodLog=37939.43","ClayPit=3;Farm=3;FiberGatheringCamp=3;HealerHut=10;Pasture=3;WoodHouse=20","Agriculture;AnimalHusbandry;ClayExtraction;ControlledFire;HerbalKnowledge;KnowledgeSharing;Quarry"
902,Animal,1.15,100,1.2,0,240,62,178,0.258,128,500,"","Clay=138642.03;PlantFiber=136786.38;WoodLog=37999.43","ClayPit=3;Farm=3;FiberGatheringCamp=3;HealerHut=10;Pasture=3;WoodHouse=20","Agriculture;AnimalHusbandry;ClayExtraction;ControlledFire;HerbalKnowledge;KnowledgeSharing;Quarry"
903,Animal,1.15,100,1.2,0,240,62,178,0.258,128,500,"","Clay=138781.25;PlantFiber=136925.61;WoodLog=38059.43","ClayPit=3;Farm=3;FiberGatheringCamp=3;HealerHut=10;Pasture=3;WoodHouse=20","Agriculture;AnimalHusbandry;ClayExtraction;ControlledFire;HerbalKnowledge;KnowledgeSharing;Quarry"
904,Animal,1.15,100,1.2,0,240,62,178,0.258,128,500,"","Clay=138920.48;PlantFiber=137064.83;WoodLog=38119.43","ClayPit=3;Farm=3;FiberGatheringCamp=3;HealerHut=10;Pasture=3;WoodHouse=20","Agriculture;AnimalHusbandry;ClayExtraction;ControlledFire;HerbalKnowledge;KnowledgeSharing;Quarry"
905,Animal,1.15,100,1.2,0,240,62,178,0.258,128,500,"","Clay=139059.71;PlantFiber=137204.06;WoodLog=38179.43","ClayPit=3;Farm=3;FiberGatheringCamp=3;HealerHut=10;Pasture=3;WoodHouse=20","Agriculture;AnimalHusbandry;ClayExtraction;ControlledFire;HerbalKnowledge;KnowledgeSharing;Quarry"
906,Animal,1.15,100,1.2,0,240,62,178,0.258,128,500,"","Clay=139198.94;PlantFiber=137343.29;WoodLog=38239.43","ClayPit=3;Farm=3;FiberGatheringCamp=3;HealerHut=10;Pasture=3;WoodHouse=20","Agriculture;AnimalHusbandry;ClayExtraction;ControlledFire;HerbalKnowledge;KnowledgeSharing;Quarry"
907,Animal,1.15,100,1.2,0,240,62,178,0.258,128,500,"","Clay=139338.17;PlantFiber=137482.52;WoodLog=38299.43","ClayPit=3;Farm=3;FiberGatheringCamp=3;HealerHut=10;Pasture=3;WoodHouse=20","Agriculture;AnimalHusbandry;ClayExtraction;ControlledFire;HerbalKnowledge;KnowledgeSharing;Quarry"
908,Animal,1.15,100,1.2,0,240,62,178,0.258,128,500,"","Clay=139477.4;PlantFiber=137621.75;WoodLog=38359.43","ClayPit=3;Farm=3;FiberGatheringCamp=3;HealerHut=10;Pasture=3;WoodHouse=20","Agriculture;AnimalHusbandry;ClayExtraction;ControlledFire;HerbalKnowledge;KnowledgeSharing;Quarry"
909,Animal,1.15,100,1.2,0,240,62,178,0.258,128,500,"","Clay=139616.63;PlantFiber=137760.98;WoodLog=38419.43","ClayPit=3;Farm=3;FiberGatheringCamp=3;HealerHut=10;Pasture=3;WoodHouse=20","Agriculture;AnimalHusbandry;ClayExtraction;ControlledFire;HerbalKnowledge;KnowledgeSharing;Quarry"
910,Animal,1.15,100,1.2,0,240,62,178,0.258,128,500,"","Clay=139755.86;PlantFiber=137900.21;WoodLog=38479.43","ClayPit=3;Farm=3;FiberGatheringCamp=3;HealerHut=10;Pasture=3;WoodHouse=20","Agriculture;AnimalHusbandry;ClayExtraction;ControlledFire;HerbalKnowledge;KnowledgeSharing;Quarry"
911,Animal,1.15,100,1.2,0,240,62,178,0.258,128,500,"","Clay=139895.09;PlantFiber=138039.44;WoodLog=38539.43","ClayPit=3;Farm=3;FiberGatheringCamp=3;HealerHut=10;Pasture=3;WoodHouse=20","Agriculture;AnimalHusbandry;ClayExtraction;ControlledFire;HerbalKnowledge;KnowledgeSharing;Quarry"
912,Animal,1.15,100,1.2,0,240,62,178,0.258,128,500,"","Clay=140034.31;PlantFiber=138178.67;WoodLog=38599.43","ClayPit=3;Farm=3;FiberGatheringCamp=3;HealerHut=10;Pasture=3;WoodHouse=20","Agriculture;AnimalHusbandry;ClayExtraction;ControlledFire;HerbalKnowledge;KnowledgeSharing;Quarry"
913,Animal,1.15,100,1.2,0,240,62,178,0.258,128,500,"","Clay=140173.54;PlantFiber=138317.9;WoodLog=38659.43","ClayPit=3;Farm=3;FiberGatheringCamp=3;HealerHut=10;Pasture=3;WoodHouse=20","Agriculture;AnimalHusbandry;ClayExtraction;ControlledFire;HerbalKnowledge;KnowledgeSharing;Quarry"
914,Animal,1.15,100,1.2,0,240,62,178,0.258,128,500,"","Clay=140312.77;PlantFiber=138457.12;WoodLog=38719.43","ClayPit=3;Farm=3;FiberGatheringCamp=3;HealerHut=10;Pasture=3;WoodHouse=20","Agriculture;AnimalHusbandry;ClayExtraction;ControlledFire;HerbalKnowledge;KnowledgeSharing;Quarry"
915,Animal,1.15,100,1.2,0,240,62,178,0.258,128,500,"","Clay=140452;PlantFiber=138596.35;WoodLog=38779.43","ClayPit=3;Farm=3;FiberGatheringCamp=3;HealerHut=10;Pasture=3;WoodHouse=20","Agriculture;AnimalHusbandry;ClayExtraction;ControlledFire;HerbalKnowledge;KnowledgeSharing;Quarry"
916,Animal,1.15,100,1.2,0,240,62,178,0.258,128,500,"","Clay=140591.23;PlantFiber=138735.58;WoodLog=38839.43","ClayPit=3;Farm=3;FiberGatheringCamp=3;HealerHut=10;Pasture=3;WoodHouse=20","Agriculture;AnimalHusbandry;ClayExtraction;ControlledFire;HerbalKnowledge;KnowledgeSharing;Quarry"
917,Animal,1.15,100,1.2,0,240,62,178,0.258,128,500,"","Clay=140730.46;PlantFiber=138874.81;WoodLog=38899.43","ClayPit=3;Farm=3;FiberGatheringCamp=3;HealerHut=10;Pasture=3;WoodHouse=20","Agriculture;AnimalHusbandry;ClayExtraction;ControlledFire;HerbalKnowledge;KnowledgeSharing;Quarry"
918,Animal,1.15,100,1.2,0,240,62,178,0.258,128,500,"","Clay=140869.69;PlantFiber=139014.04;WoodLog=38959.43","ClayPit=3;Farm=3;FiberGatheringCamp=3;HealerHut=10;Pasture=3;WoodHouse=20","Agriculture;AnimalHusbandry;ClayExtraction;ControlledFire;HerbalKnowledge;KnowledgeSharing;Quarry"
919,Animal,1.15,100,1.2,0,240,62,178,0.258,128,500,"","Clay=141008.92;PlantFiber=139153.27;WoodLog=39019.43","ClayPit=3;Farm=3;FiberGatheringCamp=3;HealerHut=10;Pasture=3;WoodHouse=20","Agriculture;AnimalHusbandry;ClayExtraction;ControlledFire;HerbalKnowledge;KnowledgeSharing;Quarry"
920,Animal,1.15,100,1.2,0,240,62,178,0.258,128,500,"","Clay=141148.15;PlantFiber=139292.5;WoodLog=39079.43","ClayPit=3;Farm=3;FiberGatheringCamp=3;HealerHut=10;Pasture=3;WoodHouse=20","Agriculture;AnimalHusbandry;ClayExtraction;ControlledFire;HerbalKnowledge;KnowledgeSharing;Quarry"
921,Animal,1.15,100,1.2,0,240,62,178,0.258,128,500,"","Clay=141287.38;PlantFiber=139431.73;WoodLog=39139.43","ClayPit=3;Farm=3;FiberGatheringCamp=3;HealerHut=10;Pasture=3;WoodHouse=20","Agriculture;AnimalHusbandry;ClayExtraction;ControlledFire;HerbalKnowledge;KnowledgeSharing;Quarry"
922,Animal,1.15,100,1.2,0,240,62,178,0.258,128,500,"","Clay=141426.6;PlantFiber=139570.96;WoodLog=39199.43","ClayPit=3;Farm=3;FiberGatheringCamp=3;HealerHut=10;Pasture=3;WoodHouse=20","Agriculture;AnimalHusbandry;ClayExtraction;ControlledFire;HerbalKnowledge;KnowledgeSharing;Quarry"
923,Animal,1.15,100,1.2,0,240,62,178,0.258,128,500,"","Clay=141565.83;PlantFiber=139710.18;WoodLog=39259.43","ClayPit=3;Farm=3;FiberGatheringCamp=3;HealerHut=10;Pasture=3;WoodHouse=20","Agriculture;AnimalHusbandry;ClayExtraction;ControlledFire;HerbalKnowledge;KnowledgeSharing;Quarry"
924,Animal,1.15,100,1.2,0,240,62,178,0.258,128,500,"","Clay=141705.06;PlantFiber=139849.41;WoodLog=39319.43","ClayPit=3;Farm=3;FiberGatheringCamp=3;HealerHut=10;Pasture=3;WoodHouse=20","Agriculture;AnimalHusbandry;ClayExtraction;ControlledFire;HerbalKnowledge;KnowledgeSharing;Quarry"
925,Animal,1.15,100,1.2,0,240,62,178,0.258,128,500,"","Clay=141844.29;PlantFiber=139988.64;WoodLog=39379.43","ClayPit=3;Farm=3;FiberGatheringCamp=3;HealerHut=10;Pasture=3;WoodHouse=20","Agriculture;AnimalHusbandry;ClayExtraction;ControlledFire;HerbalKnowledge;KnowledgeSharing;Quarry"
926,Animal,1.15,100,1.2,0,240,62,178,0.258,128,500,"","Clay=141983.52;PlantFiber=140127.87;WoodLog=39439.43","ClayPit=3;Farm=3;FiberGatheringCamp=3;HealerHut=10;Pasture=3;WoodHouse=20","Agriculture;AnimalHusbandry;ClayExtraction;ControlledFire;HerbalKnowledge;KnowledgeSharing;Quarry"
927,Animal,1.15,100,1.2,0,240,62,178,0.258,128,500,"","Clay=142122.75;PlantFiber=140267.1;WoodLog=39499.43","ClayPit=3;Farm=3;FiberGatheringCamp=3;HealerHut=10;Pasture=3;WoodHouse=20","Agriculture;AnimalHusbandry;ClayExtraction;ControlledFire;HerbalKnowledge;KnowledgeSharing;Quarry"
928,Animal,1.15,100,1.2,0,240,62,178,0.258,128,500,"","Clay=142261.98;PlantFiber=140406.33;WoodLog=39559.43","ClayPit=3;Farm=3;FiberGatheringCamp=3;HealerHut=10;Pasture=3;WoodHouse=20","Agriculture;AnimalHusbandry;ClayExtraction;ControlledFire;HerbalKnowledge;KnowledgeSharing;Quarry"
929,Animal,1.15,100,1.2,0,240,62,178,0.258,128,500,"","Clay=142401.21;PlantFiber=140545.56;WoodLog=39619.43","ClayPit=3;Farm=3;FiberGatheringCamp=3;HealerHut=10;Pasture=3;WoodHouse=20","Agriculture;AnimalHusbandry;ClayExtraction;ControlledFire;HerbalKnowledge;KnowledgeSharing;Quarry"
930,Animal,1.15,100,1.2,0,240,62,178,0.258,128,500,"","Clay=142540.44;PlantFiber=140684.79;WoodLog=39679.43","ClayPit=3;Farm=3;FiberGatheringCamp=3;HealerHut=10;Pasture=3;WoodHouse=20","Agriculture;AnimalHusbandry;ClayExtraction;ControlledFire;HerbalKnowledge;KnowledgeSharing;Quarry"
931,Animal,1.15,100,1.2,0,240,62,178,0.258,128,500,"","Clay=142679.66;PlantFiber=140824.02;WoodLog=39739.43","ClayPit=3;Farm=3;FiberGatheringCamp=3;HealerHut=10;Pasture=3;WoodHouse=20","Agriculture;AnimalHusbandry;ClayExtraction;ControlledFire;HerbalKnowledge;KnowledgeSharing;Quarry"
932,Animal,1.15,100,1.2,0,240,62,178,0.258,128,500,"","Clay=142818.89;PlantFiber=140963.24;WoodLog=39799.43","ClayPit=3;Farm=3;FiberGatheringCamp=3;HealerHut=10;Pasture=3;WoodHouse=20","Agriculture;AnimalHusbandry;ClayExtraction;ControlledFire;HerbalKnowledge;KnowledgeSharing;Quarry"
933,Animal,1.15,100,1.2,0,240,62,178,0.258,128,500,"","Clay=142958.12;PlantFiber=141102.47;WoodLog=39859.43","ClayPit=3;Farm=3;FiberGatheringCamp=3;HealerHut=10;Pasture=3;WoodHouse=20","Agriculture;AnimalHusbandry;ClayExtraction;ControlledFire;HerbalKnowledge;KnowledgeSharing;Quarry"
934,Animal,1.15,100,1.2,0,240,62,178,0.258,128,500,"","Clay=143097.35;PlantFiber=141241.7;WoodLog=39919.43","ClayPit=3;Farm=3;FiberGatheringCamp=3;HealerHut=10;Pasture=3;WoodHouse=20","Agriculture;AnimalHusbandry;ClayExtraction;ControlledFire;HerbalKnowledge;KnowledgeSharing;Quarry"
935,Animal,1.15,100,1.2,0,240,62,178,0.258,128,500,"","Clay=143236.58;PlantFiber=141380.93;WoodLog=39979.43","ClayPit=3;Farm=3;FiberGatheringCamp=3;HealerHut=10;Pasture=3;WoodHouse=20","Agriculture;AnimalHusbandry;ClayExtraction;ControlledFire;HerbalKnowledge;KnowledgeSharing;Quarry"
936,Animal,1.15,100,1.2,0,240,62,178,0.258,128,500,"","Clay=143375.81;PlantFiber=141520.16;WoodLog=40039.43","ClayPit=3;Farm=3;FiberGatheringCamp=3;HealerHut=10;Pasture=3;WoodHouse=20","Agriculture;AnimalHusbandry;ClayExtraction;ControlledFire;HerbalKnowledge;KnowledgeSharing;Quarry"
937,Animal,1.15,100,1.2,0,240,62,178,0.258,128,500,"","Clay=143515.04;PlantFiber=141659.39;WoodLog=40099.43","ClayPit=3;Farm=3;FiberGatheringCamp=3;HealerHut=10;Pasture=3;WoodHouse=20","Agriculture;AnimalHusbandry;ClayExtraction;ControlledFire;HerbalKnowledge;KnowledgeSharing;Quarry"
938,Animal,1.15,100,1.2,0,240,62,178,0.258,128,500,"","Clay=143654.27;PlantFiber=141798.62;WoodLog=40159.43","ClayPit=3;Farm=3;FiberGatheringCamp=3;HealerHut=10;Pasture=3;WoodHouse=20","Agriculture;AnimalHusbandry;ClayExtraction;ControlledFire;HerbalKnowledge;KnowledgeSharing;Quarry"
939,Animal,1.15,100,1.2,0,240,62,178,0.258,128,500,"","Clay=143793.5;PlantFiber=141937.85;WoodLog=40219.43","ClayPit=3;Farm=3;FiberGatheringCamp=3;HealerHut=10;Pasture=3;WoodHouse=20","Agriculture;AnimalHusbandry;ClayExtraction;ControlledFire;HerbalKnowledge;KnowledgeSharing;Quarry"
940,Animal,1.15,100,1.2,0,240,62,178,0.258,128,500,"","Clay=143932.72;PlantFiber=142077.08;WoodLog=40279.43","ClayPit=3;Farm=3;FiberGatheringCamp=3;HealerHut=10;Pasture=3;WoodHouse=20","Agriculture;AnimalHusbandry;ClayExtraction;ControlledFire;HerbalKnowledge;KnowledgeSharing;Quarry"
941,Animal,1.15,100,1.2,0,240,62,178,0.258,128,500,"","Clay=144071.95;PlantFiber=142216.3;WoodLog=40339.43","ClayPit=3;Farm=3;FiberGatheringCamp=3;HealerHut=10;Pasture=3;WoodHouse=20","Agriculture;AnimalHusbandry;ClayExtraction;ControlledFire;HerbalKnowledge;KnowledgeSharing;Quarry"
942,Animal,1.15,100,1.2,0,240,62,178,0.258,128,500,"","Clay=144211.18;PlantFiber=142355.53;WoodLog=40399.43","ClayPit=3;Farm=3;FiberGatheringCamp=3;HealerHut=10;Pasture=3;WoodHouse=20","Agriculture;AnimalHusbandry;ClayExtraction;ControlledFire;HerbalKnowledge;KnowledgeSharing;Quarry"
943,Animal,1.15,100,1.2,0,240,62,178,0.258,128,500,"","Clay=144350.41;PlantFiber=142494.76;WoodLog=40459.43","ClayPit=3;Farm=3;FiberGatheringCamp=3;HealerHut=10;Pasture=3;WoodHouse=20","Agriculture;AnimalHusbandry;ClayExtraction;ControlledFire;HerbalKnowledge;KnowledgeSharing;Quarry"
944,Animal,1.15,100,1.2,0,240,62,178,0.258,128,500,"","Clay=144489.64;PlantFiber=142633.99;WoodLog=40519.43","ClayPit=3;Farm=3;FiberGatheringCamp=3;HealerHut=10;Pasture=3;WoodHouse=20","Agriculture;AnimalHusbandry;ClayExtraction;ControlledFire;HerbalKnowledge;KnowledgeSharing;Quarry"
945,Animal,1.15,100,1.2,0,240,62,178,0.258,128,500,"","Clay=144628.87;PlantFiber=142773.22;WoodLog=40579.43","ClayPit=3;Farm=3;FiberGatheringCamp=3;HealerHut=10;Pasture=3;WoodHouse=20","Agriculture;AnimalHusbandry;ClayExtraction;ControlledFire;HerbalKnowledge;KnowledgeSharing;Quarry"
946,Animal,1.15,100,1.2,0,240,62,178,0.258,128,500,"","Clay=144768.1;PlantFiber=142912.45;WoodLog=40639.43","ClayPit=3;Farm=3;FiberGatheringCamp=3;HealerHut=10;Pasture=3;WoodHouse=20","Agriculture;AnimalHusbandry;ClayExtraction;ControlledFire;HerbalKnowledge;KnowledgeSharing;Quarry"
947,Animal,1.15,100,1.2,0,240,62,178,0.258,128,500,"","Clay=144907.33;PlantFiber=143051.68;WoodLog=40699.43","ClayPit=3;Farm=3;FiberGatheringCamp=3;HealerHut=10;Pasture=3;WoodHouse=20","Agriculture;AnimalHusbandry;ClayExtraction;ControlledFire;HerbalKnowledge;KnowledgeSharing;Quarry"
948,Animal,1.15,100,1.2,0,240,62,178,0.258,128,500,"","Clay=145046.56;PlantFiber=143190.91;WoodLog=40759.43","ClayPit=3;Farm=3;FiberGatheringCamp=3;HealerHut=10;Pasture=3;WoodHouse=20","Agriculture;AnimalHusbandry;ClayExtraction;ControlledFire;HerbalKnowledge;KnowledgeSharing;Quarry"
949,Animal,1.15,100,1.2,0,240,62,178,0.258,128,500,"","Clay=145185.78;PlantFiber=143330.14;WoodLog=40819.43","ClayPit=3;Farm=3;FiberGatheringCamp=3;HealerHut=10;Pasture=3;WoodHouse=20","Agriculture;AnimalHusbandry;ClayExtraction;ControlledFire;HerbalKnowledge;KnowledgeSharing;Quarry"
950,Animal,1.15,100,1.2,0,240,62,178,0.258,128,500,"","Clay=145325.01;PlantFiber=143469.36;WoodLog=40879.43","ClayPit=3;Farm=3;FiberGatheringCamp=3;HealerHut=10;Pasture=3;WoodHouse=20","Agriculture;AnimalHusbandry;ClayExtraction;ControlledFire;HerbalKnowledge;KnowledgeSharing;Quarry"
951,Animal,1.15,100,1.2,0,240,62,178,0.258,128,500,"","Clay=145464.24;PlantFiber=143608.59;WoodLog=40939.43","ClayPit=3;Farm=3;FiberGatheringCamp=3;HealerHut=10;Pasture=3;WoodHouse=20","Agriculture;AnimalHusbandry;ClayExtraction;ControlledFire;HerbalKnowledge;KnowledgeSharing;Quarry"
952,Animal,1.15,100,1.2,0,240,62,178,0.258,128,500,"","Clay=145603.47;PlantFiber=143747.82;WoodLog=40999.43","ClayPit=3;Farm=3;FiberGatheringCamp=3;HealerHut=10;Pasture=3;WoodHouse=20","Agriculture;AnimalHusbandry;ClayExtraction;ControlledFire;HerbalKnowledge;KnowledgeSharing;Quarry"
953,Animal,1.15,100,1.2,0,240,62,178,0.258,128,500,"","Clay=145742.7;PlantFiber=143887.05;WoodLog=41059.43","ClayPit=3;Farm=3;FiberGatheringCamp=3;HealerHut=10;Pasture=3;WoodHouse=20","Agriculture;AnimalHusbandry;ClayExtraction;ControlledFire;HerbalKnowledge;KnowledgeSharing;Quarry"
954,Animal,1.15,100,1.2,0,240,62,178,0.258,128,500,"","Clay=145881.93;PlantFiber=144026.28;WoodLog=41119.43","ClayPit=3;Farm=3;FiberGatheringCamp=3;HealerHut=10;Pasture=3;WoodHouse=20","Agriculture;AnimalHusbandry;ClayExtraction;ControlledFire;HerbalKnowledge;KnowledgeSharing;Quarry"
955,Animal,1.15,100,1.2,0,240,62,178,0.258,128,500,"","Clay=146021.16;PlantFiber=144165.51;WoodLog=41179.43","ClayPit=3;Farm=3;FiberGatheringCamp=3;HealerHut=10;Pasture=3;WoodHouse=20","Agriculture;AnimalHusbandry;ClayExtraction;ControlledFire;HerbalKnowledge;KnowledgeSharing;Quarry"
956,Animal,1.15,100,1.2,0,240,62,178,0.258,128,500,"","Clay=146160.39;PlantFiber=144304.74;WoodLog=41239.43","ClayPit=3;Farm=3;FiberGatheringCamp=3;HealerHut=10;Pasture=3;WoodHouse=20","Agriculture;AnimalHusbandry;ClayExtraction;ControlledFire;HerbalKnowledge;KnowledgeSharing;Quarry"
957,Animal,1.15,100,1.2,0,240,62,178,0.258,128,500,"","Clay=146299.62;PlantFiber=144443.97;WoodLog=41299.43","ClayPit=3;Farm=3;FiberGatheringCamp=3;HealerHut=10;Pasture=3;WoodHouse=20","Agriculture;AnimalHusbandry;ClayExtraction;ControlledFire;HerbalKnowledge;KnowledgeSharing;Quarry"
958,Animal,1.15,100,1.2,0,240,62,178,0.258,128,500,"","Clay=146438.85;PlantFiber=144583.2;WoodLog=41359.43","ClayPit=3;Farm=3;FiberGatheringCamp=3;HealerHut=10;Pasture=3;WoodHouse=20","Agriculture;AnimalHusbandry;ClayExtraction;ControlledFire;HerbalKnowledge;KnowledgeSharing;Quarry"
959,Animal,1.15,100,1.2,0,240,62,178,0.258,128,500,"","Clay=146578.07;PlantFiber=144722.43;WoodLog=41419.43","ClayPit=3;Farm=3;FiberGatheringCamp=3;HealerHut=10;Pasture=3;WoodHouse=20","Agriculture;AnimalHusbandry;ClayExtraction;ControlledFire;HerbalKnowledge;KnowledgeSharing;Quarry"
960,Animal,1.15,100,1.2,0,240,62,178,0.258,128,500,"","Clay=146717.3;PlantFiber=144861.65;WoodLog=41479.43","ClayPit=3;Farm=3;FiberGatheringCamp=3;HealerHut=10;Pasture=3;WoodHouse=20","Agriculture;AnimalHusbandry;ClayExtraction;ControlledFire;HerbalKnowledge;KnowledgeSharing;Quarry"
961,Animal,1.15,100,1.2,0,240,62,178,0.258,128,500,"","Clay=146856.53;PlantFiber=145000.88;WoodLog=41539.43","ClayPit=3;Farm=3;FiberGatheringCamp=3;HealerHut=10;Pasture=3;WoodHouse=20","Agriculture;AnimalHusbandry;ClayExtraction;ControlledFire;HerbalKnowledge;KnowledgeSharing;Quarry"
962,Animal,1.15,100,1.2,0,240,62,178,0.258,128,500,"","Clay=146995.76;PlantFiber=145140.11;WoodLog=41599.43","ClayPit=3;Farm=3;FiberGatheringCamp=3;HealerHut=10;Pasture=3;WoodHouse=20","Agriculture;AnimalHusbandry;ClayExtraction;ControlledFire;HerbalKnowledge;KnowledgeSharing;Quarry"
963,Animal,1.15,100,1.2,0,240,62,178,0.258,128,500,"","Clay=147134.99;PlantFiber=145279.34;WoodLog=41659.43","ClayPit=3;Farm=3;FiberGatheringCamp=3;HealerHut=10;Pasture=3;WoodHouse=20","Agriculture;AnimalHusbandry;ClayExtraction;ControlledFire;HerbalKnowledge;KnowledgeSharing;Quarry"
964,Animal,1.15,100,1.2,0,240,62,178,0.258,128,500,"","Clay=147274.22;PlantFiber=145418.57;WoodLog=41719.43","ClayPit=3;Farm=3;FiberGatheringCamp=3;HealerHut=10;Pasture=3;WoodHouse=20","Agriculture;AnimalHusbandry;ClayExtraction;ControlledFire;HerbalKnowledge;KnowledgeSharing;Quarry"
965,Animal,1.15,100,1.2,0,240,62,178,0.258,128,500,"","Clay=147413.45;PlantFiber=145557.8;WoodLog=41779.43","ClayPit=3;Farm=3;FiberGatheringCamp=3;HealerHut=10;Pasture=3;WoodHouse=20","Agriculture;AnimalHusbandry;ClayExtraction;ControlledFire;HerbalKnowledge;KnowledgeSharing;Quarry"
966,Animal,1.15,100,1.2,0,240,62,178,0.258,128,500,"","Clay=147552.68;PlantFiber=145697.03;WoodLog=41839.43","ClayPit=3;Farm=3;FiberGatheringCamp=3;HealerHut=10;Pasture=3;WoodHouse=20","Agriculture;AnimalHusbandry;ClayExtraction;ControlledFire;HerbalKnowledge;KnowledgeSharing;Quarry"
967,Animal,1.15,100,1.2,0,240,62,178,0.258,128,500,"","Clay=147691.91;PlantFiber=145836.26;WoodLog=41899.43","ClayPit=3;Farm=3;FiberGatheringCamp=3;HealerHut=10;Pasture=3;WoodHouse=20","Agriculture;AnimalHusbandry;ClayExtraction;ControlledFire;HerbalKnowledge;KnowledgeSharing;Quarry"
968,Animal,1.15,100,1.2,0,240,62,178,0.258,128,500,"","Clay=147831.13;PlantFiber=145975.49;WoodLog=41959.43","ClayPit=3;Farm=3;FiberGatheringCamp=3;HealerHut=10;Pasture=3;WoodHouse=20","Agriculture;AnimalHusbandry;ClayExtraction;ControlledFire;HerbalKnowledge;KnowledgeSharing;Quarry"
969,Animal,1.15,100,1.2,0,240,62,178,0.258,128,500,"","Clay=147970.36;PlantFiber=146114.71;WoodLog=42019.43","ClayPit=3;Farm=3;FiberGatheringCamp=3;HealerHut=10;Pasture=3;WoodHouse=20","Agriculture;AnimalHusbandry;ClayExtraction;ControlledFire;HerbalKnowledge;KnowledgeSharing;Quarry"
970,Animal,1.15,100,1.2,0,240,62,178,0.258,128,500,"","Clay=148109.59;PlantFiber=146253.94;WoodLog=42079.43","ClayPit=3;Farm=3;FiberGatheringCamp=3;HealerHut=10;Pasture=3;WoodHouse=20","Agriculture;AnimalHusbandry;ClayExtraction;ControlledFire;HerbalKnowledge;KnowledgeSharing;Quarry"
971,Animal,1.15,100,1.2,0,240,62,178,0.258,128,500,"","Clay=148248.82;PlantFiber=146393.17;WoodLog=42139.43","ClayPit=3;Farm=3;FiberGatheringCamp=3;HealerHut=10;Pasture=3;WoodHouse=20","Agriculture;AnimalHusbandry;ClayExtraction;ControlledFire;HerbalKnowledge;KnowledgeSharing;Quarry"
972,Animal,1.15,100,1.2,0,240,62,178,0.258,128,500,"","Clay=148388.05;PlantFiber=146532.4;WoodLog=42199.43","ClayPit=3;Farm=3;FiberGatheringCamp=3;HealerHut=10;Pasture=3;WoodHouse=20","Agriculture;AnimalHusbandry;ClayExtraction;ControlledFire;HerbalKnowledge;KnowledgeSharing;Quarry"
973,Animal,1.15,100,1.2,0,240,62,178,0.258,128,500,"","Clay=148527.28;PlantFiber=146671.63;WoodLog=42259.43","ClayPit=3;Farm=3;FiberGatheringCamp=3;HealerHut=10;Pasture=3;WoodHouse=20","Agriculture;AnimalHusbandry;ClayExtraction;ControlledFire;HerbalKnowledge;KnowledgeSharing;Quarry"
974,Animal,1.15,100,1.2,0,240,62,178,0.258,128,500,"","Clay=148666.51;PlantFiber=146810.86;WoodLog=42319.43","ClayPit=3;Farm=3;FiberGatheringCamp=3;HealerHut=10;Pasture=3;WoodHouse=20","Agriculture;AnimalHusbandry;ClayExtraction;ControlledFire;HerbalKnowledge;KnowledgeSharing;Quarry"
975,Animal,1.15,100,1.2,0,240,62,178,0.258,128,500,"","Clay=148805.74;PlantFiber=146950.09;WoodLog=42379.43","ClayPit=3;Farm=3;FiberGatheringCamp=3;HealerHut=10;Pasture=3;WoodHouse=20","Agriculture;AnimalHusbandry;ClayExtraction;ControlledFire;HerbalKnowledge;KnowledgeSharing;Quarry"
976,Animal,1.15,100,1.2,0,240,62,178,0.258,128,500,"","Clay=148944.97;PlantFiber=147089.32;WoodLog=42439.43","ClayPit=3;Farm=3;FiberGatheringCamp=3;HealerHut=10;Pasture=3;WoodHouse=20","Agriculture;AnimalHusbandry;ClayExtraction;ControlledFire;HerbalKnowledge;KnowledgeSharing;Quarry"
977,Animal,1.15,100,1.2,0,240,62,178,0.258,128,500,"","Clay=149084.19;PlantFiber=147228.55;WoodLog=42499.43","ClayPit=3;Farm=3;FiberGatheringCamp=3;HealerHut=10;Pasture=3;WoodHouse=20","Agriculture;AnimalHusbandry;ClayExtraction;ControlledFire;HerbalKnowledge;KnowledgeSharing;Quarry"
978,Animal,1.15,100,1.2,0,240,62,178,0.258,128,500,"","Clay=149223.42;PlantFiber=147367.77;WoodLog=42559.43","ClayPit=3;Farm=3;FiberGatheringCamp=3;HealerHut=10;Pasture=3;WoodHouse=20","Agriculture;AnimalHusbandry;ClayExtraction;ControlledFire;HerbalKnowledge;KnowledgeSharing;Quarry"
979,Animal,1.15,100,1.2,0,240,62,178,0.258,128,500,"","Clay=149362.65;PlantFiber=147507;WoodLog=42619.43","ClayPit=3;Farm=3;FiberGatheringCamp=3;HealerHut=10;Pasture=3;WoodHouse=20","Agriculture;AnimalHusbandry;ClayExtraction;ControlledFire;HerbalKnowledge;KnowledgeSharing;Quarry"
980,Animal,1.15,100,1.2,0,240,62,178,0.258,128,500,"","Clay=149501.88;PlantFiber=147646.23;WoodLog=42679.43","ClayPit=3;Farm=3;FiberGatheringCamp=3;HealerHut=10;Pasture=3;WoodHouse=20","Agriculture;AnimalHusbandry;ClayExtraction;ControlledFire;HerbalKnowledge;KnowledgeSharing;Quarry"
981,Animal,1.15,100,1.2,0,240,62,178,0.258,128,500,"","Clay=149641.11;PlantFiber=147785.46;WoodLog=42739.43","ClayPit=3;Farm=3;FiberGatheringCamp=3;HealerHut=10;Pasture=3;WoodHouse=20","Agriculture;AnimalHusbandry;ClayExtraction;ControlledFire;HerbalKnowledge;KnowledgeSharing;Quarry"
982,Animal,1.15,100,1.2,0,240,62,178,0.258,128,500,"","Clay=149780.34;PlantFiber=147924.69;WoodLog=42799.43","ClayPit=3;Farm=3;FiberGatheringCamp=3;HealerHut=10;Pasture=3;WoodHouse=20","Agriculture;AnimalHusbandry;ClayExtraction;ControlledFire;HerbalKnowledge;KnowledgeSharing;Quarry"
983,Animal,1.15,100,1.2,0,240,62,178,0.258,128,500,"","Clay=149919.57;PlantFiber=148063.92;WoodLog=42859.43","ClayPit=3;Farm=3;FiberGatheringCamp=3;HealerHut=10;Pasture=3;WoodHouse=20","Agriculture;AnimalHusbandry;ClayExtraction;ControlledFire;HerbalKnowledge;KnowledgeSharing;Quarry"
984,Animal,1.15,100,1.2,0,240,62,178,0.258,128,500,"","Clay=150058.8;PlantFiber=148203.15;WoodLog=42919.43","ClayPit=3;Farm=3;FiberGatheringCamp=3;HealerHut=10;Pasture=3;WoodHouse=20","Agriculture;AnimalHusbandry;ClayExtraction;ControlledFire;HerbalKnowledge;KnowledgeSharing;Quarry"
985,Animal,1.15,100,1.2,0,240,62,178,0.258,128,500,"","Clay=150198.03;PlantFiber=148342.38;WoodLog=42979.43","ClayPit=3;Farm=3;FiberGatheringCamp=3;HealerHut=10;Pasture=3;WoodHouse=20","Agriculture;AnimalHusbandry;ClayExtraction;ControlledFire;HerbalKnowledge;KnowledgeSharing;Quarry"
986,Animal,1.15,100,1.2,0,240,62,178,0.258,128,500,"","Clay=150337.25;PlantFiber=148481.61;WoodLog=43039.43","ClayPit=3;Farm=3;FiberGatheringCamp=3;HealerHut=10;Pasture=3;WoodHouse=20","Agriculture;AnimalHusbandry;ClayExtraction;ControlledFire;HerbalKnowledge;KnowledgeSharing;Quarry"
987,Animal,1.15,100,1.2,0,240,62,178,0.258,128,500,"","Clay=150476.48;PlantFiber=148620.83;WoodLog=43099.43","ClayPit=3;Farm=3;FiberGatheringCamp=3;HealerHut=10;Pasture=3;WoodHouse=20","Agriculture;AnimalHusbandry;ClayExtraction;ControlledFire;HerbalKnowledge;KnowledgeSharing;Quarry"
988,Animal,1.15,100,1.2,0,240,62,178,0.258,128,500,"","Clay=150615.71;PlantFiber=148760.06;WoodLog=43159.43","ClayPit=3;Farm=3;FiberGatheringCamp=3;HealerHut=10;Pasture=3;WoodHouse=20","Agriculture;AnimalHusbandry;ClayExtraction;ControlledFire;HerbalKnowledge;KnowledgeSharing;Quarry"
989,Animal,1.15,100,1.2,0,240,62,178,0.258,128,500,"","Clay=150754.94;PlantFiber=148899.29;WoodLog=43219.43","ClayPit=3;Farm=3;FiberGatheringCamp=3;HealerHut=10;Pasture=3;WoodHouse=20","Agriculture;AnimalHusbandry;ClayExtraction;ControlledFire;HerbalKnowledge;KnowledgeSharing;Quarry"
990,Animal,1.15,100,1.2,0,240,62,178,0.258,128,500,"","Clay=150894.17;PlantFiber=149038.52;WoodLog=43279.43","ClayPit=3;Farm=3;FiberGatheringCamp=3;HealerHut=10;Pasture=3;WoodHouse=20","Agriculture;AnimalHusbandry;ClayExtraction;ControlledFire;HerbalKnowledge;KnowledgeSharing;Quarry"
991,Animal,1.15,100,1.2,0,240,62,178,0.258,128,500,"","Clay=151033.4;PlantFiber=149177.75;WoodLog=43339.43","ClayPit=3;Farm=3;FiberGatheringCamp=3;HealerHut=10;Pasture=3;WoodHouse=20","Agriculture;AnimalHusbandry;ClayExtraction;ControlledFire;HerbalKnowledge;KnowledgeSharing;Quarry"
992,Animal,1.15,100,1.2,0,240,62,178,0.258,128,500,"","Clay=151172.63;PlantFiber=149316.98;WoodLog=43399.43","ClayPit=3;Farm=3;FiberGatheringCamp=3;HealerHut=10;Pasture=3;WoodHouse=20","Agriculture;AnimalHusbandry;ClayExtraction;ControlledFire;HerbalKnowledge;KnowledgeSharing;Quarry"
993,Animal,1.15,100,1.2,0,240,62,178,0.258,128,500,"","Clay=151311.86;PlantFiber=149456.21;WoodLog=43459.43","ClayPit=3;Farm=3;FiberGatheringCamp=3;HealerHut=10;Pasture=3;WoodHouse=20","Agriculture;AnimalHusbandry;ClayExtraction;ControlledFire;HerbalKnowledge;KnowledgeSharing;Quarry"
994,Animal,1.15,100,1.2,0,240,62,178,0.258,128,500,"","Clay=151451.09;PlantFiber=149595.44;WoodLog=43519.43","ClayPit=3;Farm=3;FiberGatheringCamp=3;HealerHut=10;Pasture=3;WoodHouse=20","Agriculture;AnimalHusbandry;ClayExtraction;ControlledFire;HerbalKnowledge;KnowledgeSharing;Quarry"
995,Animal,1.15,100,1.2,0,240,62,178,0.258,128,500,"","Clay=151590.31;PlantFiber=149734.67;WoodLog=43579.43","ClayPit=3;Farm=3;FiberGatheringCamp=3;HealerHut=10;Pasture=3;WoodHouse=20","Agriculture;AnimalHusbandry;ClayExtraction;ControlledFire;HerbalKnowledge;KnowledgeSharing;Quarry"
996,Animal,1.15,100,1.2,0,240,62,178,0.258,128,500,"","Clay=151729.54;PlantFiber=149873.9;WoodLog=43639.43","ClayPit=3;Farm=3;FiberGatheringCamp=3;HealerHut=10;Pasture=3;WoodHouse=20","Agriculture;AnimalHusbandry;ClayExtraction;ControlledFire;HerbalKnowledge;KnowledgeSharing;Quarry"
997,Animal,1.15,100,1.2,0,240,62,178,0.258,128,500,"","Clay=151868.77;PlantFiber=150013.12;WoodLog=43699.43","ClayPit=3;Farm=3;FiberGatheringCamp=3;HealerHut=10;Pasture=3;WoodHouse=20","Agriculture;AnimalHusbandry;ClayExtraction;ControlledFire;HerbalKnowledge;KnowledgeSharing;Quarry"
998,Animal,1.15,100,1.2,0,240,62,178,0.258,128,500,"","Clay=152008;PlantFiber=150152.35;WoodLog=43759.43","ClayPit=3;Farm=3;FiberGatheringCamp=3;HealerHut=10;Pasture=3;WoodHouse=20","Agriculture;AnimalHusbandry;ClayExtraction;ControlledFire;HerbalKnowledge;KnowledgeSharing;Quarry"
999,Animal,1.15,100,1.2,0,240,62,178,0.258,128,500,"","Clay=152147.23;PlantFiber=150291.58;WoodLog=43819.43","ClayPit=3;Farm=3;FiberGatheringCamp=3;HealerHut=10;Pasture=3;WoodHouse=20","Agriculture;AnimalHusbandry;ClayExtraction;ControlledFire;HerbalKnowledge;KnowledgeSharing;Quarry"
1000,Animal,1.15,100,1.2,0,240,62,178,0.258,128,500,"","Clay=152286.46;PlantFiber=150430.81;WoodLog=43879.43","ClayPit=3;Farm=3;FiberGatheringCamp=3;HealerHut=10;Pasture=3;WoodHouse=20","Agriculture;AnimalHusbandry;ClayExtraction;ControlledFire;HerbalKnowledge;KnowledgeSharing;Quarry"
1001,Animal,1.15,100,1.2,0,240,62,178,0.258,128,500,"","Clay=152425.69;PlantFiber=150570.04;WoodLog=43939.43","ClayPit=3;Farm=3;FiberGatheringCamp=3;HealerHut=10;Pasture=3;WoodHouse=20","Agriculture;AnimalHusbandry;ClayExtraction;ControlledFire;HerbalKnowledge;KnowledgeSharing;Quarry"
1002,Animal,1.15,100,1.2,0,240,62,178,0.258,128,500,"","Clay=152564.92;PlantFiber=150709.27;WoodLog=43999.43","ClayPit=3;Farm=3;FiberGatheringCamp=3;HealerHut=10;Pasture=3;WoodHouse=20","Agriculture;AnimalHusbandry;ClayExtraction;ControlledFire;HerbalKnowledge;KnowledgeSharing;Quarry"
1003,Animal,1.15,100,1.2,0,240,62,178,0.258,128,500,"","Clay=152704.15;PlantFiber=150848.5;WoodLog=44059.43","ClayPit=3;Farm=3;FiberGatheringCamp=3;HealerHut=10;Pasture=3;WoodHouse=20","Agriculture;AnimalHusbandry;ClayExtraction;ControlledFire;HerbalKnowledge;KnowledgeSharing;Quarry"
1004,Animal,1.15,100,1.2,0,240,62,178,0.258,128,500,"","Clay=152843.38;PlantFiber=150987.73;WoodLog=44119.43","ClayPit=3;Farm=3;FiberGatheringCamp=3;HealerHut=10;Pasture=3;WoodHouse=20","Agriculture;AnimalHusbandry;ClayExtraction;ControlledFire;HerbalKnowledge;KnowledgeSharing;Quarry"
1005,Animal,1.15,100,1.2,0,240,62,178,0.258,128,500,"","Clay=152982.6;PlantFiber=151126.96;WoodLog=44179.43","ClayPit=3;Farm=3;FiberGatheringCamp=3;HealerHut=10;Pasture=3;WoodHouse=20","Agriculture;AnimalHusbandry;ClayExtraction;ControlledFire;HerbalKnowledge;KnowledgeSharing;Quarry"
1006,Animal,1.15,100,1.2,0,240,62,178,0.258,128,500,"","Clay=153121.83;PlantFiber=151266.18;WoodLog=44239.43","ClayPit=3;Farm=3;FiberGatheringCamp=3;HealerHut=10;Pasture=3;WoodHouse=20","Agriculture;AnimalHusbandry;ClayExtraction;ControlledFire;HerbalKnowledge;KnowledgeSharing;Quarry"
1007,Animal,1.15,100,1.2,0,240,62,178,0.258,128,500,"","Clay=153261.06;PlantFiber=151405.41;WoodLog=44299.43","ClayPit=3;Farm=3;FiberGatheringCamp=3;HealerHut=10;Pasture=3;WoodHouse=20","Agriculture;AnimalHusbandry;ClayExtraction;ControlledFire;HerbalKnowledge;KnowledgeSharing;Quarry"
1008,Animal,1.15,100,1.2,0,240,62,178,0.258,128,500,"","Clay=153400.29;PlantFiber=151544.64;WoodLog=44359.43","ClayPit=3;Farm=3;FiberGatheringCamp=3;HealerHut=10;Pasture=3;WoodHouse=20","Agriculture;AnimalHusbandry;ClayExtraction;ControlledFire;HerbalKnowledge;KnowledgeSharing;Quarry"
1009,Animal,1.15,100,1.2,0,240,62,178,0.258,128,500,"","Clay=153539.52;PlantFiber=151683.87;WoodLog=44419.43","ClayPit=3;Farm=3;FiberGatheringCamp=3;HealerHut=10;Pasture=3;WoodHouse=20","Agriculture;AnimalHusbandry;ClayExtraction;ControlledFire;HerbalKnowledge;KnowledgeSharing;Quarry"
1010,Animal,1.15,100,1.2,0,240,62,178,0.258,128,500,"","Clay=153678.75;PlantFiber=151823.1;WoodLog=44479.43","ClayPit=3;Farm=3;FiberGatheringCamp=3;HealerHut=10;Pasture=3;WoodHouse=20","Agriculture;AnimalHusbandry;ClayExtraction;ControlledFire;HerbalKnowledge;KnowledgeSharing;Quarry"
1011,Animal,1.15,100,1.2,0,240,62,178,0.258,128,500,"","Clay=153817.98;PlantFiber=151962.33;WoodLog=44539.43","ClayPit=3;Farm=3;FiberGatheringCamp=3;HealerHut=10;Pasture=3;WoodHouse=20","Agriculture;AnimalHusbandry;ClayExtraction;ControlledFire;HerbalKnowledge;KnowledgeSharing;Quarry"
1012,Animal,1.15,100,1.2,0,240,62,178,0.258,128,500,"","Clay=153957.21;PlantFiber=152101.56;WoodLog=44599.43","ClayPit=3;Farm=3;FiberGatheringCamp=3;HealerHut=10;Pasture=3;WoodHouse=20","Agriculture;AnimalHusbandry;ClayExtraction;ControlledFire;HerbalKnowledge;KnowledgeSharing;Quarry"
1013,Animal,1.15,100,1.2,0,240,62,178,0.258,128,500,"","Clay=154096.44;PlantFiber=152240.79;WoodLog=44659.43","ClayPit=3;Farm=3;FiberGatheringCamp=3;HealerHut=10;Pasture=3;WoodHouse=20","Agriculture;AnimalHusbandry;ClayExtraction;ControlledFire;HerbalKnowledge;KnowledgeSharing;Quarry"
1014,Animal,1.15,100,1.2,0,240,62,178,0.258,128,500,"","Clay=154235.66;PlantFiber=152380.02;WoodLog=44719.43","ClayPit=3;Farm=3;FiberGatheringCamp=3;HealerHut=10;Pasture=3;WoodHouse=20","Agriculture;AnimalHusbandry;ClayExtraction;ControlledFire;HerbalKnowledge;KnowledgeSharing;Quarry"
1015,Animal,1.15,100,1.2,0,240,62,178,0.258,128,500,"","Clay=154374.89;PlantFiber=152519.24;WoodLog=44779.43","ClayPit=3;Farm=3;FiberGatheringCamp=3;HealerHut=10;Pasture=3;WoodHouse=20","Agriculture;AnimalHusbandry;ClayExtraction;ControlledFire;HerbalKnowledge;KnowledgeSharing;Quarry"
1016,Animal,1.15,100,1.2,0,240,62,178,0.258,128,500,"","Clay=154514.12;PlantFiber=152658.47;WoodLog=44839.43","ClayPit=3;Farm=3;FiberGatheringCamp=3;HealerHut=10;Pasture=3;WoodHouse=20","Agriculture;AnimalHusbandry;ClayExtraction;ControlledFire;HerbalKnowledge;KnowledgeSharing;Quarry"
1017,Animal,1.15,100,1.2,0,240,62,178,0.258,128,500,"","Clay=154653.35;PlantFiber=152797.7;WoodLog=44899.43","ClayPit=3;Farm=3;FiberGatheringCamp=3;HealerHut=10;Pasture=3;WoodHouse=20","Agriculture;AnimalHusbandry;ClayExtraction;ControlledFire;HerbalKnowledge;KnowledgeSharing;Quarry"
1018,Animal,1.15,100,1.2,0,240,62,178,0.258,128,500,"","Clay=154792.58;PlantFiber=152936.93;WoodLog=44959.43","ClayPit=3;Farm=3;FiberGatheringCamp=3;HealerHut=10;Pasture=3;WoodHouse=20","Agriculture;AnimalHusbandry;ClayExtraction;ControlledFire;HerbalKnowledge;KnowledgeSharing;Quarry"
1019,Animal,1.15,100,1.2,0,240,62,178,0.258,128,500,"","Clay=154931.81;PlantFiber=153076.16;WoodLog=45019.43","ClayPit=3;Farm=3;FiberGatheringCamp=3;HealerHut=10;Pasture=3;WoodHouse=20","Agriculture;AnimalHusbandry;ClayExtraction;ControlledFire;HerbalKnowledge;KnowledgeSharing;Quarry"
1020,Animal,1.15,100,1.2,0,240,62,178,0.258,128,500,"","Clay=155071.04;PlantFiber=153215.39;WoodLog=45079.43","ClayPit=3;Farm=3;FiberGatheringCamp=3;HealerHut=10;Pasture=3;WoodHouse=20","Agriculture;AnimalHusbandry;ClayExtraction;ControlledFire;HerbalKnowledge;KnowledgeSharing;Quarry"
1021,Animal,1.15,100,1.2,0,240,62,178,0.258,128,500,"","Clay=155210.27;PlantFiber=153354.62;WoodLog=45139.43","ClayPit=3;Farm=3;FiberGatheringCamp=3;HealerHut=10;Pasture=3;WoodHouse=20","Agriculture;AnimalHusbandry;ClayExtraction;ControlledFire;HerbalKnowledge;KnowledgeSharing;Quarry"
1022,Animal,1.15,100,1.2,0,240,62,178,0.258,128,500,"","Clay=155349.5;PlantFiber=153493.85;WoodLog=45199.43","ClayPit=3;Farm=3;FiberGatheringCamp=3;HealerHut=10;Pasture=3;WoodHouse=20","Agriculture;AnimalHusbandry;ClayExtraction;ControlledFire;HerbalKnowledge;KnowledgeSharing;Quarry"
1023,Animal,1.15,100,1.2,0,240,62,178,0.258,128,500,"","Clay=155488.72;PlantFiber=153633.08;WoodLog=45259.43","ClayPit=3;Farm=3;FiberGatheringCamp=3;HealerHut=10;Pasture=3;WoodHouse=20","Agriculture;AnimalHusbandry;ClayExtraction;ControlledFire;HerbalKnowledge;KnowledgeSharing;Quarry"
1024,Animal,1.15,100,1.2,0,240,62,178,0.258,128,500,"","Clay=155627.95;PlantFiber=153772.3;WoodLog=45319.43","ClayPit=3;Farm=3;FiberGatheringCamp=3;HealerHut=10;Pasture=3;WoodHouse=20","Agriculture;AnimalHusbandry;ClayExtraction;ControlledFire;HerbalKnowledge;KnowledgeSharing;Quarry"
1025,Animal,1.15,100,1.2,0,240,62,178,0.258,128,500,"","Clay=155767.18;PlantFiber=153911.53;WoodLog=45379.43","ClayPit=3;Farm=3;FiberGatheringCamp=3;HealerHut=10;Pasture=3;WoodHouse=20","Agriculture;AnimalHusbandry;ClayExtraction;ControlledFire;HerbalKnowledge;KnowledgeSharing;Quarry"
1026,Animal,1.15,100,1.2,0,240,62,178,0.258,128,500,"","Clay=155906.41;PlantFiber=154050.76;WoodLog=45439.43","ClayPit=3;Farm=3;FiberGatheringCamp=3;HealerHut=10;Pasture=3;WoodHouse=20","Agriculture;AnimalHusbandry;ClayExtraction;ControlledFire;HerbalKnowledge;KnowledgeSharing;Quarry"
1027,Animal,1.15,100,1.2,0,240,62,178,0.258,128,500,"","Clay=156045.64;PlantFiber=154189.99;WoodLog=45499.43","ClayPit=3;Farm=3;FiberGatheringCamp=3;HealerHut=10;Pasture=3;WoodHouse=20","Agriculture;AnimalHusbandry;ClayExtraction;ControlledFire;HerbalKnowledge;KnowledgeSharing;Quarry"
1028,Animal,1.15,100,1.2,0,240,62,178,0.258,128,500,"","Clay=156184.87;PlantFiber=154329.22;WoodLog=45559.43","ClayPit=3;Farm=3;FiberGatheringCamp=3;HealerHut=10;Pasture=3;WoodHouse=20","Agriculture;AnimalHusbandry;ClayExtraction;ControlledFire;HerbalKnowledge;KnowledgeSharing;Quarry"
1029,Animal,1.15,100,1.2,0,240,62,178,0.258,128,500,"","Clay=156324.1;PlantFiber=154468.45;WoodLog=45619.43","ClayPit=3;Farm=3;FiberGatheringCamp=3;HealerHut=10;Pasture=3;WoodHouse=20","Agriculture;AnimalHusbandry;ClayExtraction;ControlledFire;HerbalKnowledge;KnowledgeSharing;Quarry"
1030,Animal,1.15,100,1.2,0,240,62,178,0.258,128,500,"","Clay=156463.33;PlantFiber=154607.68;WoodLog=45679.43","ClayPit=3;Farm=3;FiberGatheringCamp=3;HealerHut=10;Pasture=3;WoodHouse=20","Agriculture;AnimalHusbandry;ClayExtraction;ControlledFire;HerbalKnowledge;KnowledgeSharing;Quarry"
1031,Animal,1.15,100,1.2,0,240,62,178,0.258,128,500,"","Clay=156602.56;PlantFiber=154746.91;WoodLog=45739.43","ClayPit=3;Farm=3;FiberGatheringCamp=3;HealerHut=10;Pasture=3;WoodHouse=20","Agriculture;AnimalHusbandry;ClayExtraction;ControlledFire;HerbalKnowledge;KnowledgeSharing;Quarry"
1032,Animal,1.15,100,1.2,0,240,62,178,0.258,128,500,"","Clay=156741.78;PlantFiber=154886.14;WoodLog=45799.43","ClayPit=3;Farm=3;FiberGatheringCamp=3;HealerHut=10;Pasture=3;WoodHouse=20","Agriculture;AnimalHusbandry;ClayExtraction;ControlledFire;HerbalKnowledge;KnowledgeSharing;Quarry"
1033,Animal,1.15,100,1.2,0,240,62,178,0.258,128,500,"","Clay=156881.01;PlantFiber=155025.36;WoodLog=45859.43","ClayPit=3;Farm=3;FiberGatheringCamp=3;HealerHut=10;Pasture=3;WoodHouse=20","Agriculture;AnimalHusbandry;ClayExtraction;ControlledFire;HerbalKnowledge;KnowledgeSharing;Quarry"
1034,Animal,1.15,100,1.2,0,240,62,178,0.258,128,500,"","Clay=157020.24;PlantFiber=155164.59;WoodLog=45919.43","ClayPit=3;Farm=3;FiberGatheringCamp=3;HealerHut=10;Pasture=3;WoodHouse=20","Agriculture;AnimalHusbandry;ClayExtraction;ControlledFire;HerbalKnowledge;KnowledgeSharing;Quarry"
1035,Animal,1.15,100,1.2,0,240,62,178,0.258,128,500,"","Clay=157159.47;PlantFiber=155303.82;WoodLog=45979.43","ClayPit=3;Farm=3;FiberGatheringCamp=3;HealerHut=10;Pasture=3;WoodHouse=20","Agriculture;AnimalHusbandry;ClayExtraction;ControlledFire;HerbalKnowledge;KnowledgeSharing;Quarry"
1036,Animal,1.15,100,1.2,0,240,62,178,0.258,128,500,"","Clay=157298.7;PlantFiber=155443.05;WoodLog=46039.43","ClayPit=3;Farm=3;FiberGatheringCamp=3;HealerHut=10;Pasture=3;WoodHouse=20","Agriculture;AnimalHusbandry;ClayExtraction;ControlledFire;HerbalKnowledge;KnowledgeSharing;Quarry"
1037,Animal,1.15,100,1.2,0,240,62,178,0.258,128,500,"","Clay=157437.93;PlantFiber=155582.28;WoodLog=46099.43","ClayPit=3;Farm=3;FiberGatheringCamp=3;HealerHut=10;Pasture=3;WoodHouse=20","Agriculture;AnimalHusbandry;ClayExtraction;ControlledFire;HerbalKnowledge;KnowledgeSharing;Quarry"
1038,Animal,1.15,100,1.2,0,240,62,178,0.258,128,500,"","Clay=157577.16;PlantFiber=155721.51;WoodLog=46159.43","ClayPit=3;Farm=3;FiberGatheringCamp=3;HealerHut=10;Pasture=3;WoodHouse=20","Agriculture;AnimalHusbandry;ClayExtraction;ControlledFire;HerbalKnowledge;KnowledgeSharing;Quarry"
1039,Animal,1.15,100,1.2,0,240,62,178,0.258,128,500,"","Clay=157716.39;PlantFiber=155860.74;WoodLog=46219.43","ClayPit=3;Farm=3;FiberGatheringCamp=3;HealerHut=10;Pasture=3;WoodHouse=20","Agriculture;AnimalHusbandry;ClayExtraction;ControlledFire;HerbalKnowledge;KnowledgeSharing;Quarry"
1040,Animal,1.15,100,1.2,0,240,62,178,0.258,128,500,"","Clay=157855.62;PlantFiber=155999.97;WoodLog=46279.43","ClayPit=3;Farm=3;FiberGatheringCamp=3;HealerHut=10;Pasture=3;WoodHouse=20","Agriculture;AnimalHusbandry;ClayExtraction;ControlledFire;HerbalKnowledge;KnowledgeSharing;Quarry"
1041,Animal,1.15,100,1.2,0,240,62,178,0.258,128,500,"","Clay=157994.85;PlantFiber=156139.2;WoodLog=46339.43","ClayPit=3;Farm=3;FiberGatheringCamp=3;HealerHut=10;Pasture=3;WoodHouse=20","Agriculture;AnimalHusbandry;ClayExtraction;ControlledFire;HerbalKnowledge;KnowledgeSharing;Quarry"
1042,Animal,1.15,100,1.2,0,240,62,178,0.258,128,500,"","Clay=158134.07;PlantFiber=156278.43;WoodLog=46399.43","ClayPit=3;Farm=3;FiberGatheringCamp=3;HealerHut=10;Pasture=3;WoodHouse=20","Agriculture;AnimalHusbandry;ClayExtraction;ControlledFire;HerbalKnowledge;KnowledgeSharing;Quarry"
1043,Animal,1.15,100,1.2,0,240,62,178,0.258,128,500,"","Clay=158273.3;PlantFiber=156417.65;WoodLog=46459.43","ClayPit=3;Farm=3;FiberGatheringCamp=3;HealerHut=10;Pasture=3;WoodHouse=20","Agriculture;AnimalHusbandry;ClayExtraction;ControlledFire;HerbalKnowledge;KnowledgeSharing;Quarry"
1044,Animal,1.15,100,1.2,0,240,62,178,0.258,128,500,"","Clay=158412.53;PlantFiber=156556.88;WoodLog=46519.43","ClayPit=3;Farm=3;FiberGatheringCamp=3;HealerHut=10;Pasture=3;WoodHouse=20","Agriculture;AnimalHusbandry;ClayExtraction;ControlledFire;HerbalKnowledge;KnowledgeSharing;Quarry"
1045,Animal,1.15,100,1.2,0,240,62,178,0.258,128,500,"","Clay=158551.76;PlantFiber=156696.11;WoodLog=46579.43","ClayPit=3;Farm=3;FiberGatheringCamp=3;HealerHut=10;Pasture=3;WoodHouse=20","Agriculture;AnimalHusbandry;ClayExtraction;ControlledFire;HerbalKnowledge;KnowledgeSharing;Quarry"
1046,Animal,1.15,100,1.2,0,240,62,178,0.258,128,500,"","Clay=158690.99;PlantFiber=156835.34;WoodLog=46639.43","ClayPit=3;Farm=3;FiberGatheringCamp=3;HealerHut=10;Pasture=3;WoodHouse=20","Agriculture;AnimalHusbandry;ClayExtraction;ControlledFire;HerbalKnowledge;KnowledgeSharing;Quarry"
1047,Animal,1.15,100,1.2,0,240,62,178,0.258,128,500,"","Clay=158830.22;PlantFiber=156974.57;WoodLog=46699.43","ClayPit=3;Farm=3;FiberGatheringCamp=3;HealerHut=10;Pasture=3;WoodHouse=20","Agriculture;AnimalHusbandry;ClayExtraction;ControlledFire;HerbalKnowledge;KnowledgeSharing;Quarry"
1048,Animal,1.15,100,1.2,0,240,62,178,0.258,128,500,"","Clay=158969.45;PlantFiber=157113.8;WoodLog=46759.43","ClayPit=3;Farm=3;FiberGatheringCamp=3;HealerHut=10;Pasture=3;WoodHouse=20","Agriculture;AnimalHusbandry;ClayExtraction;ControlledFire;HerbalKnowledge;KnowledgeSharing;Quarry"
1049,Animal,1.15,100,1.2,0,240,62,178,0.258,128,500,"","Clay=159108.68;PlantFiber=157253.03;WoodLog=46819.43","ClayPit=3;Farm=3;FiberGatheringCamp=3;HealerHut=10;Pasture=3;WoodHouse=20","Agriculture;AnimalHusbandry;ClayExtraction;ControlledFire;HerbalKnowledge;KnowledgeSharing;Quarry"
1050,Animal,1.15,100,1.2,0,240,62,178,0.258,128,500,"","Clay=159247.91;PlantFiber=157392.26;WoodLog=46879.43","ClayPit=3;Farm=3;FiberGatheringCamp=3;HealerHut=10;Pasture=3;WoodHouse=20","Agriculture;AnimalHusbandry;ClayExtraction;ControlledFire;HerbalKnowledge;KnowledgeSharing;Quarry"
1051,Animal,1.15,100,1.2,0,240,62,178,0.258,128,500,"","Clay=159387.13;PlantFiber=157531.49;WoodLog=46939.43","ClayPit=3;Farm=3;FiberGatheringCamp=3;HealerHut=10;Pasture=3;WoodHouse=20","Agriculture;AnimalHusbandry;ClayExtraction;ControlledFire;HerbalKnowledge;KnowledgeSharing;Quarry"
1052,Animal,1.15,100,1.2,0,240,62,178,0.258,128,500,"","Clay=159526.36;PlantFiber=157670.71;WoodLog=46999.43","ClayPit=3;Farm=3;FiberGatheringCamp=3;HealerHut=10;Pasture=3;WoodHouse=20","Agriculture;AnimalHusbandry;ClayExtraction;ControlledFire;HerbalKnowledge;KnowledgeSharing;Quarry"
1053,Animal,1.15,100,1.2,0,240,62,178,0.258,128,500,"","Clay=159665.59;PlantFiber=157809.94;WoodLog=47059.43","ClayPit=3;Farm=3;FiberGatheringCamp=3;HealerHut=10;Pasture=3;WoodHouse=20","Agriculture;AnimalHusbandry;ClayExtraction;ControlledFire;HerbalKnowledge;KnowledgeSharing;Quarry"
1054,Animal,1.15,100,1.2,0,240,62,178,0.258,128,500,"","Clay=159804.82;PlantFiber=157949.17;WoodLog=47119.43","ClayPit=3;Farm=3;FiberGatheringCamp=3;HealerHut=10;Pasture=3;WoodHouse=20","Agriculture;AnimalHusbandry;ClayExtraction;ControlledFire;HerbalKnowledge;KnowledgeSharing;Quarry"
1055,Animal,1.15,100,1.2,0,240,62,178,0.258,128,500,"","Clay=159944.05;PlantFiber=158088.4;WoodLog=47179.43","ClayPit=3;Farm=3;FiberGatheringCamp=3;HealerHut=10;Pasture=3;WoodHouse=20","Agriculture;AnimalHusbandry;ClayExtraction;ControlledFire;HerbalKnowledge;KnowledgeSharing;Quarry"
1056,Animal,1.15,100,1.2,0,240,62,178,0.258,128,500,"","Clay=160083.28;PlantFiber=158227.63;WoodLog=47239.43","ClayPit=3;Farm=3;FiberGatheringCamp=3;HealerHut=10;Pasture=3;WoodHouse=20","Agriculture;AnimalHusbandry;ClayExtraction;ControlledFire;HerbalKnowledge;KnowledgeSharing;Quarry"
1057,Animal,1.15,100,1.2,0,240,62,178,0.258,128,500,"","Clay=160222.51;PlantFiber=158366.86;WoodLog=47299.43","ClayPit=3;Farm=3;FiberGatheringCamp=3;HealerHut=10;Pasture=3;WoodHouse=20","Agriculture;AnimalHusbandry;ClayExtraction;ControlledFire;HerbalKnowledge;KnowledgeSharing;Quarry"
1058,Animal,1.15,100,1.2,0,240,62,178,0.258,128,500,"","Clay=160361.74;PlantFiber=158506.09;WoodLog=47359.43","ClayPit=3;Farm=3;FiberGatheringCamp=3;HealerHut=10;Pasture=3;WoodHouse=20","Agriculture;AnimalHusbandry;ClayExtraction;ControlledFire;HerbalKnowledge;KnowledgeSharing;Quarry"
1059,Animal,1.15,100,1.2,0,240,62,178,0.258,128,500,"","Clay=160500.97;PlantFiber=158645.32;WoodLog=47419.43","ClayPit=3;Farm=3;FiberGatheringCamp=3;HealerHut=10;Pasture=3;WoodHouse=20","Agriculture;AnimalHusbandry;ClayExtraction;ControlledFire;HerbalKnowledge;KnowledgeSharing;Quarry"
1060,Animal,1.15,100,1.2,0,240,62,178,0.258,128,500,"","Clay=160640.19;PlantFiber=158784.55;WoodLog=47479.43","ClayPit=3;Farm=3;FiberGatheringCamp=3;HealerHut=10;Pasture=3;WoodHouse=20","Agriculture;AnimalHusbandry;ClayExtraction;ControlledFire;HerbalKnowledge;KnowledgeSharing;Quarry"
1061,Animal,1.15,100,1.2,0,240,62,178,0.258,128,500,"","Clay=160779.42;PlantFiber=158923.77;WoodLog=47539.43","ClayPit=3;Farm=3;FiberGatheringCamp=3;HealerHut=10;Pasture=3;WoodHouse=20","Agriculture;AnimalHusbandry;ClayExtraction;ControlledFire;HerbalKnowledge;KnowledgeSharing;Quarry"
1062,Animal,1.15,100,1.2,0,240,62,178,0.258,128,500,"","Clay=160918.65;PlantFiber=159063;WoodLog=47599.43","ClayPit=3;Farm=3;FiberGatheringCamp=3;HealerHut=10;Pasture=3;WoodHouse=20","Agriculture;AnimalHusbandry;ClayExtraction;ControlledFire;HerbalKnowledge;KnowledgeSharing;Quarry"
1063,Animal,1.15,100,1.2,0,240,62,178,0.258,128,500,"","Clay=161057.88;PlantFiber=159202.23;WoodLog=47659.43","ClayPit=3;Farm=3;FiberGatheringCamp=3;HealerHut=10;Pasture=3;WoodHouse=20","Agriculture;AnimalHusbandry;ClayExtraction;ControlledFire;HerbalKnowledge;KnowledgeSharing;Quarry"
1064,Animal,1.15,100,1.2,0,240,62,178,0.258,128,500,"","Clay=161197.11;PlantFiber=159341.46;WoodLog=47719.43","ClayPit=3;Farm=3;FiberGatheringCamp=3;HealerHut=10;Pasture=3;WoodHouse=20","Agriculture;AnimalHusbandry;ClayExtraction;ControlledFire;HerbalKnowledge;KnowledgeSharing;Quarry"
1065,Animal,1.15,100,1.2,0,240,62,178,0.258,128,500,"","Clay=161336.34;PlantFiber=159480.69;WoodLog=47779.43","ClayPit=3;Farm=3;FiberGatheringCamp=3;HealerHut=10;Pasture=3;WoodHouse=20","Agriculture;AnimalHusbandry;ClayExtraction;ControlledFire;HerbalKnowledge;KnowledgeSharing;Quarry"
1066,Animal,1.15,100,1.2,0,240,62,178,0.258,128,500,"","Clay=161475.57;PlantFiber=159619.92;WoodLog=47839.43","ClayPit=3;Farm=3;FiberGatheringCamp=3;HealerHut=10;Pasture=3;WoodHouse=20","Agriculture;AnimalHusbandry;ClayExtraction;ControlledFire;HerbalKnowledge;KnowledgeSharing;Quarry"
1067,Animal,1.15,100,1.2,0,240,62,178,0.258,128,500,"","Clay=161614.8;PlantFiber=159759.15;WoodLog=47899.43","ClayPit=3;Farm=3;FiberGatheringCamp=3;HealerHut=10;Pasture=3;WoodHouse=20","Agriculture;AnimalHusbandry;ClayExtraction;ControlledFire;HerbalKnowledge;KnowledgeSharing;Quarry"
1068,Animal,1.15,100,1.2,0,240,62,178,0.258,128,500,"","Clay=161754.03;PlantFiber=159898.38;WoodLog=47959.43","ClayPit=3;Farm=3;FiberGatheringCamp=3;HealerHut=10;Pasture=3;WoodHouse=20","Agriculture;AnimalHusbandry;ClayExtraction;ControlledFire;HerbalKnowledge;KnowledgeSharing;Quarry"
1069,Animal,1.15,100,1.2,0,240,62,178,0.258,128,500,"","Clay=161893.25;PlantFiber=160037.61;WoodLog=48019.43","ClayPit=3;Farm=3;FiberGatheringCamp=3;HealerHut=10;Pasture=3;WoodHouse=20","Agriculture;AnimalHusbandry;ClayExtraction;ControlledFire;HerbalKnowledge;KnowledgeSharing;Quarry"
1070,Animal,1.15,100,1.2,0,240,62,178,0.258,128,500,"","Clay=162032.48;PlantFiber=160176.83;WoodLog=48079.43","ClayPit=3;Farm=3;FiberGatheringCamp=3;HealerHut=10;Pasture=3;WoodHouse=20","Agriculture;AnimalHusbandry;ClayExtraction;ControlledFire;HerbalKnowledge;KnowledgeSharing;Quarry"
1071,Animal,1.15,100,1.2,0,240,62,178,0.258,128,500,"","Clay=162171.71;PlantFiber=160316.06;WoodLog=48139.43","ClayPit=3;Farm=3;FiberGatheringCamp=3;HealerHut=10;Pasture=3;WoodHouse=20","Agriculture;AnimalHusbandry;ClayExtraction;ControlledFire;HerbalKnowledge;KnowledgeSharing;Quarry"
1072,Animal,1.15,100,1.2,0,240,62,178,0.258,128,500,"","Clay=162310.94;PlantFiber=160455.29;WoodLog=48199.43","ClayPit=3;Farm=3;FiberGatheringCamp=3;HealerHut=10;Pasture=3;WoodHouse=20","Agriculture;AnimalHusbandry;ClayExtraction;ControlledFire;HerbalKnowledge;KnowledgeSharing;Quarry"
1073,Animal,1.15,100,1.2,0,240,62,178,0.258,128,500,"","Clay=162450.17;PlantFiber=160594.52;WoodLog=48259.43","ClayPit=3;Farm=3;FiberGatheringCamp=3;HealerHut=10;Pasture=3;WoodHouse=20","Agriculture;AnimalHusbandry;ClayExtraction;ControlledFire;HerbalKnowledge;KnowledgeSharing;Quarry"
1074,Animal,1.15,100,1.2,0,240,62,178,0.258,128,500,"","Clay=162589.4;PlantFiber=160733.75;WoodLog=48319.43","ClayPit=3;Farm=3;FiberGatheringCamp=3;HealerHut=10;Pasture=3;WoodHouse=20","Agriculture;AnimalHusbandry;ClayExtraction;ControlledFire;HerbalKnowledge;KnowledgeSharing;Quarry"
1075,Animal,1.15,100,1.2,0,240,62,178,0.258,128,500,"","Clay=162728.63;PlantFiber=160872.98;WoodLog=48379.43","ClayPit=3;Farm=3;FiberGatheringCamp=3;HealerHut=10;Pasture=3;WoodHouse=20","Agriculture;AnimalHusbandry;ClayExtraction;ControlledFire;HerbalKnowledge;KnowledgeSharing;Quarry"
1076,Animal,1.15,100,1.2,0,240,62,178,0.258,128,500,"","Clay=162867.86;PlantFiber=161012.21;WoodLog=48439.43","ClayPit=3;Farm=3;FiberGatheringCamp=3;HealerHut=10;Pasture=3;WoodHouse=20","Agriculture;AnimalHusbandry;ClayExtraction;ControlledFire;HerbalKnowledge;KnowledgeSharing;Quarry"
1077,Animal,1.15,100,1.2,0,240,62,178,0.258,128,500,"","Clay=163007.09;PlantFiber=161151.44;WoodLog=48499.43","ClayPit=3;Farm=3;FiberGatheringCamp=3;HealerHut=10;Pasture=3;WoodHouse=20","Agriculture;AnimalHusbandry;ClayExtraction;ControlledFire;HerbalKnowledge;KnowledgeSharing;Quarry"
1078,Animal,1.15,100,1.2,0,240,62,178,0.258,128,500,"","Clay=163146.31;PlantFiber=161290.67;WoodLog=48559.43","ClayPit=3;Farm=3;FiberGatheringCamp=3;HealerHut=10;Pasture=3;WoodHouse=20","Agriculture;AnimalHusbandry;ClayExtraction;ControlledFire;HerbalKnowledge;KnowledgeSharing;Quarry"
1079,Animal,1.15,100,1.2,0,240,62,178,0.258,128,500,"","Clay=163285.54;PlantFiber=161429.9;WoodLog=48619.43","ClayPit=3;Farm=3;FiberGatheringCamp=3;HealerHut=10;Pasture=3;WoodHouse=20","Agriculture;AnimalHusbandry;ClayExtraction;ControlledFire;HerbalKnowledge;KnowledgeSharing;Quarry"
1080,Animal,1.15,100,1.2,0,240,62,178,0.258,128,500,"","Clay=163424.77;PlantFiber=161569.12;WoodLog=48679.43","ClayPit=3;Farm=3;FiberGatheringCamp=3;HealerHut=10;Pasture=3;WoodHouse=20","Agriculture;AnimalHusbandry;ClayExtraction;ControlledFire;HerbalKnowledge;KnowledgeSharing;Quarry"
1081,Animal,1.15,100,1.2,0,240,62,178,0.258,128,500,"","Clay=163564;PlantFiber=161708.35;WoodLog=48739.43","ClayPit=3;Farm=3;FiberGatheringCamp=3;HealerHut=10;Pasture=3;WoodHouse=20","Agriculture;AnimalHusbandry;ClayExtraction;ControlledFire;HerbalKnowledge;KnowledgeSharing;Quarry"
1082,Animal,1.15,100,1.2,0,240,62,178,0.258,128,500,"","Clay=163703.23;PlantFiber=161847.58;WoodLog=48799.43","ClayPit=3;Farm=3;FiberGatheringCamp=3;HealerHut=10;Pasture=3;WoodHouse=20","Agriculture;AnimalHusbandry;ClayExtraction;ControlledFire;HerbalKnowledge;KnowledgeSharing;Quarry"
1083,Animal,1.15,100,1.2,0,240,62,178,0.258,128,500,"","Clay=163842.46;PlantFiber=161986.81;WoodLog=48859.43","ClayPit=3;Farm=3;FiberGatheringCamp=3;HealerHut=10;Pasture=3;WoodHouse=20","Agriculture;AnimalHusbandry;ClayExtraction;ControlledFire;HerbalKnowledge;KnowledgeSharing;Quarry"
1084,Animal,1.15,100,1.2,0,240,62,178,0.258,128,500,"","Clay=163981.69;PlantFiber=162126.04;WoodLog=48919.43","ClayPit=3;Farm=3;FiberGatheringCamp=3;HealerHut=10;Pasture=3;WoodHouse=20","Agriculture;AnimalHusbandry;ClayExtraction;ControlledFire;HerbalKnowledge;KnowledgeSharing;Quarry"
1085,Animal,1.15,100,1.2,0,240,62,178,0.258,128,500,"","Clay=164120.92;PlantFiber=162265.27;WoodLog=48979.43","ClayPit=3;Farm=3;FiberGatheringCamp=3;HealerHut=10;Pasture=3;WoodHouse=20","Agriculture;AnimalHusbandry;ClayExtraction;ControlledFire;HerbalKnowledge;KnowledgeSharing;Quarry"
1086,Animal,1.15,100,1.2,0,240,62,178,0.258,128,500,"","Clay=164260.15;PlantFiber=162404.5;WoodLog=49039.43","ClayPit=3;Farm=3;FiberGatheringCamp=3;HealerHut=10;Pasture=3;WoodHouse=20","Agriculture;AnimalHusbandry;ClayExtraction;ControlledFire;HerbalKnowledge;KnowledgeSharing;Quarry"
1087,Animal,1.15,100,1.2,0,240,62,178,0.258,128,500,"","Clay=164399.38;PlantFiber=162543.73;WoodLog=49099.43","ClayPit=3;Farm=3;FiberGatheringCamp=3;HealerHut=10;Pasture=3;WoodHouse=20","Agriculture;AnimalHusbandry;ClayExtraction;ControlledFire;HerbalKnowledge;KnowledgeSharing;Quarry"
1088,Animal,1.15,100,1.2,0,240,62,178,0.258,128,500,"","Clay=164538.6;PlantFiber=162682.96;WoodLog=49159.43","ClayPit=3;Farm=3;FiberGatheringCamp=3;HealerHut=10;Pasture=3;WoodHouse=20","Agriculture;AnimalHusbandry;ClayExtraction;ControlledFire;HerbalKnowledge;KnowledgeSharing;Quarry"
1089,Animal,1.15,100,1.2,0,240,62,178,0.258,128,500,"","Clay=164677.83;PlantFiber=162822.18;WoodLog=49219.43","ClayPit=3;Farm=3;FiberGatheringCamp=3;HealerHut=10;Pasture=3;WoodHouse=20","Agriculture;AnimalHusbandry;ClayExtraction;ControlledFire;HerbalKnowledge;KnowledgeSharing;Quarry"
1090,Animal,1.15,100,1.2,0,240,62,178,0.258,128,500,"","Clay=164817.06;PlantFiber=162961.41;WoodLog=49279.43","ClayPit=3;Farm=3;FiberGatheringCamp=3;HealerHut=10;Pasture=3;WoodHouse=20","Agriculture;AnimalHusbandry;ClayExtraction;ControlledFire;HerbalKnowledge;KnowledgeSharing;Quarry"
1091,Animal,1.15,100,1.2,0,240,62,178,0.258,128,500,"","Clay=164956.29;PlantFiber=163100.64;WoodLog=49339.43","ClayPit=3;Farm=3;FiberGatheringCamp=3;HealerHut=10;Pasture=3;WoodHouse=20","Agriculture;AnimalHusbandry;ClayExtraction;ControlledFire;HerbalKnowledge;KnowledgeSharing;Quarry"
1092,Animal,1.15,100,1.2,0,240,62,178,0.258,128,500,"","Clay=165095.52;PlantFiber=163239.87;WoodLog=49399.43","ClayPit=3;Farm=3;FiberGatheringCamp=3;HealerHut=10;Pasture=3;WoodHouse=20","Agriculture;AnimalHusbandry;ClayExtraction;ControlledFire;HerbalKnowledge;KnowledgeSharing;Quarry"
1093,Animal,1.15,100,1.2,0,240,62,178,0.258,128,500,"","Clay=165234.75;PlantFiber=163379.1;WoodLog=49459.43","ClayPit=3;Farm=3;FiberGatheringCamp=3;HealerHut=10;Pasture=3;WoodHouse=20","Agriculture;AnimalHusbandry;ClayExtraction;ControlledFire;HerbalKnowledge;KnowledgeSharing;Quarry"
1094,Animal,1.15,100,1.2,0,240,62,178,0.258,128,500,"","Clay=165373.98;PlantFiber=163518.33;WoodLog=49519.43","ClayPit=3;Farm=3;FiberGatheringCamp=3;HealerHut=10;Pasture=3;WoodHouse=20","Agriculture;AnimalHusbandry;ClayExtraction;ControlledFire;HerbalKnowledge;KnowledgeSharing;Quarry"
1095,Animal,1.15,100,1.2,0,240,62,178,0.258,128,500,"","Clay=165513.21;PlantFiber=163657.56;WoodLog=49579.43","ClayPit=3;Farm=3;FiberGatheringCamp=3;HealerHut=10;Pasture=3;WoodHouse=20","Agriculture;AnimalHusbandry;ClayExtraction;ControlledFire;HerbalKnowledge;KnowledgeSharing;Quarry"
1096,Animal,1.15,100,1.2,0,240,62,178,0.258,128,500,"","Clay=165652.44;PlantFiber=163796.79;WoodLog=49639.43","ClayPit=3;Farm=3;FiberGatheringCamp=3;HealerHut=10;Pasture=3;WoodHouse=20","Agriculture;AnimalHusbandry;ClayExtraction;ControlledFire;HerbalKnowledge;KnowledgeSharing;Quarry"
1097,Animal,1.15,100,1.2,0,240,62,178,0.258,128,500,"","Clay=165791.66;PlantFiber=163936.02;WoodLog=49699.43","ClayPit=3;Farm=3;FiberGatheringCamp=3;HealerHut=10;Pasture=3;WoodHouse=20","Agriculture;AnimalHusbandry;ClayExtraction;ControlledFire;HerbalKnowledge;KnowledgeSharing;Quarry"
1098,Animal,1.15,100,1.2,0,240,62,178,0.258,128,500,"","Clay=165930.89;PlantFiber=164075.24;WoodLog=49759.43","ClayPit=3;Farm=3;FiberGatheringCamp=3;HealerHut=10;Pasture=3;WoodHouse=20","Agriculture;AnimalHusbandry;ClayExtraction;ControlledFire;HerbalKnowledge;KnowledgeSharing;Quarry"
1099,Animal,1.15,100,1.2,0,240,62,178,0.258,128,500,"","Clay=166070.12;PlantFiber=164214.47;WoodLog=49819.43","ClayPit=3;Farm=3;FiberGatheringCamp=3;HealerHut=10;Pasture=3;WoodHouse=20","Agriculture;AnimalHusbandry;ClayExtraction;ControlledFire;HerbalKnowledge;KnowledgeSharing;Quarry"
1100,Animal,1.15,100,1.2,0,240,62,178,0.258,128,500,"","Clay=166209.35;PlantFiber=164353.7;WoodLog=49879.43","ClayPit=3;Farm=3;FiberGatheringCamp=3;HealerHut=10;Pasture=3;WoodHouse=20","Agriculture;AnimalHusbandry;ClayExtraction;ControlledFire;HerbalKnowledge;KnowledgeSharing;Quarry"
1101,Animal,1.15,100,1.2,0,240,62,178,0.258,128,500,"","Clay=166348.58;PlantFiber=164492.93;WoodLog=49939.43","ClayPit=3;Farm=3;FiberGatheringCamp=3;HealerHut=10;Pasture=3;WoodHouse=20","Agriculture;AnimalHusbandry;ClayExtraction;ControlledFire;HerbalKnowledge;KnowledgeSharing;Quarry"
1102,Animal,1.15,100,1.2,0,240,62,178,0.258,128,500,"","Clay=166487.81;PlantFiber=164632.16;WoodLog=49999.43","ClayPit=3;Farm=3;FiberGatheringCamp=3;HealerHut=10;Pasture=3;WoodHouse=20","Agriculture;AnimalHusbandry;ClayExtraction;ControlledFire;HerbalKnowledge;KnowledgeSharing;Quarry"
1103,Animal,1.15,100,1.2,0,240,62,178,0.258,128,500,"","Clay=166627.04;PlantFiber=164771.39;WoodLog=50059.43","ClayPit=3;Farm=3;FiberGatheringCamp=3;HealerHut=10;Pasture=3;WoodHouse=20","Agriculture;AnimalHusbandry;ClayExtraction;ControlledFire;HerbalKnowledge;KnowledgeSharing;Quarry"
1104,Animal,1.15,100,1.2,0,240,62,178,0.258,128,500,"","Clay=166766.27;PlantFiber=164910.62;WoodLog=50119.43","ClayPit=3;Farm=3;FiberGatheringCamp=3;HealerHut=10;Pasture=3;WoodHouse=20","Agriculture;AnimalHusbandry;ClayExtraction;ControlledFire;HerbalKnowledge;KnowledgeSharing;Quarry"
1105,Animal,1.15,100,1.2,0,240,62,178,0.258,128,500,"","Clay=166905.5;PlantFiber=165049.85;WoodLog=50179.43","ClayPit=3;Farm=3;FiberGatheringCamp=3;HealerHut=10;Pasture=3;WoodHouse=20","Agriculture;AnimalHusbandry;ClayExtraction;ControlledFire;HerbalKnowledge;KnowledgeSharing;Quarry"
1106,Animal,1.15,100,1.2,0,240,62,178,0.258,128,500,"","Clay=167044.72;PlantFiber=165189.08;WoodLog=50239.43","ClayPit=3;Farm=3;FiberGatheringCamp=3;HealerHut=10;Pasture=3;WoodHouse=20","Agriculture;AnimalHusbandry;ClayExtraction;ControlledFire;HerbalKnowledge;KnowledgeSharing;Quarry"
1107,Animal,1.15,100,1.2,0,240,62,178,0.258,128,500,"","Clay=167183.95;PlantFiber=165328.3;WoodLog=50299.43","ClayPit=3;Farm=3;FiberGatheringCamp=3;HealerHut=10;Pasture=3;WoodHouse=20","Agriculture;AnimalHusbandry;ClayExtraction;ControlledFire;HerbalKnowledge;KnowledgeSharing;Quarry"
1108,Animal,1.15,100,1.2,0,240,62,178,0.258,128,500,"","Clay=167323.18;PlantFiber=165467.53;WoodLog=50359.43","ClayPit=3;Farm=3;FiberGatheringCamp=3;HealerHut=10;Pasture=3;WoodHouse=20","Agriculture;AnimalHusbandry;ClayExtraction;ControlledFire;HerbalKnowledge;KnowledgeSharing;Quarry"
1109,Animal,1.15,100,1.2,0,240,62,178,0.258,128,500,"","Clay=167462.41;PlantFiber=165606.76;WoodLog=50419.43","ClayPit=3;Farm=3;FiberGatheringCamp=3;HealerHut=10;Pasture=3;WoodHouse=20","Agriculture;AnimalHusbandry;ClayExtraction;ControlledFire;HerbalKnowledge;KnowledgeSharing;Quarry"
1110,Animal,1.15,100,1.2,0,240,62,178,0.258,128,500,"","Clay=167601.64;PlantFiber=165745.99;WoodLog=50479.43","ClayPit=3;Farm=3;FiberGatheringCamp=3;HealerHut=10;Pasture=3;WoodHouse=20","Agriculture;AnimalHusbandry;ClayExtraction;ControlledFire;HerbalKnowledge;KnowledgeSharing;Quarry"
1111,Animal,1.15,100,1.2,0,240,62,178,0.258,128,500,"","Clay=167740.87;PlantFiber=165885.22;WoodLog=50539.43","ClayPit=3;Farm=3;FiberGatheringCamp=3;HealerHut=10;Pasture=3;WoodHouse=20","Agriculture;AnimalHusbandry;ClayExtraction;ControlledFire;HerbalKnowledge;KnowledgeSharing;Quarry"
1112,Animal,1.15,100,1.2,0,240,62,178,0.258,128,500,"","Clay=167880.1;PlantFiber=166024.45;WoodLog=50599.43","ClayPit=3;Farm=3;FiberGatheringCamp=3;HealerHut=10;Pasture=3;WoodHouse=20","Agriculture;AnimalHusbandry;ClayExtraction;ControlledFire;HerbalKnowledge;KnowledgeSharing;Quarry"
1113,Animal,1.15,100,1.2,0,240,62,178,0.258,128,500,"","Clay=168019.33;PlantFiber=166163.68;WoodLog=50659.43","ClayPit=3;Farm=3;FiberGatheringCamp=3;HealerHut=10;Pasture=3;WoodHouse=20","Agriculture;AnimalHusbandry;ClayExtraction;ControlledFire;HerbalKnowledge;KnowledgeSharing;Quarry"
1114,Animal,1.15,100,1.2,0,240,62,178,0.258,128,500,"","Clay=168158.56;PlantFiber=166302.91;WoodLog=50719.43","ClayPit=3;Farm=3;FiberGatheringCamp=3;HealerHut=10;Pasture=3;WoodHouse=20","Agriculture;AnimalHusbandry;ClayExtraction;ControlledFire;HerbalKnowledge;KnowledgeSharing;Quarry"
1115,Animal,1.15,100,1.2,0,240,62,178,0.258,128,500,"","Clay=168297.78;PlantFiber=166442.14;WoodLog=50779.43","ClayPit=3;Farm=3;FiberGatheringCamp=3;HealerHut=10;Pasture=3;WoodHouse=20","Agriculture;AnimalHusbandry;ClayExtraction;ControlledFire;HerbalKnowledge;KnowledgeSharing;Quarry"
1116,Animal,1.15,100,1.2,0,240,62,178,0.258,128,500,"","Clay=168437.01;PlantFiber=166581.36;WoodLog=50839.43","ClayPit=3;Farm=3;FiberGatheringCamp=3;HealerHut=10;Pasture=3;WoodHouse=20","Agriculture;AnimalHusbandry;ClayExtraction;ControlledFire;HerbalKnowledge;KnowledgeSharing;Quarry"
1117,Animal,1.15,100,1.2,0,240,62,178,0.258,128,500,"","Clay=168576.24;PlantFiber=166720.59;WoodLog=50899.43","ClayPit=3;Farm=3;FiberGatheringCamp=3;HealerHut=10;Pasture=3;WoodHouse=20","Agriculture;AnimalHusbandry;ClayExtraction;ControlledFire;HerbalKnowledge;KnowledgeSharing;Quarry"
1118,Animal,1.15,100,1.2,0,240,62,178,0.258,128,500,"","Clay=168715.47;PlantFiber=166859.82;WoodLog=50959.43","ClayPit=3;Farm=3;FiberGatheringCamp=3;HealerHut=10;Pasture=3;WoodHouse=20","Agriculture;AnimalHusbandry;ClayExtraction;ControlledFire;HerbalKnowledge;KnowledgeSharing;Quarry"
1119,Animal,1.15,100,1.2,0,240,62,178,0.258,128,500,"","Clay=168854.7;PlantFiber=166999.05;WoodLog=51019.43","ClayPit=3;Farm=3;FiberGatheringCamp=3;HealerHut=10;Pasture=3;WoodHouse=20","Agriculture;AnimalHusbandry;ClayExtraction;ControlledFire;HerbalKnowledge;KnowledgeSharing;Quarry"
1120,Animal,1.15,100,1.2,0,240,62,178,0.258,128,500,"","Clay=168993.93;PlantFiber=167138.28;WoodLog=51079.43","ClayPit=3;Farm=3;FiberGatheringCamp=3;HealerHut=10;Pasture=3;WoodHouse=20","Agriculture;AnimalHusbandry;ClayExtraction;ControlledFire;HerbalKnowledge;KnowledgeSharing;Quarry"
1121,Animal,1.15,100,1.2,0,240,62,178,0.258,128,500,"","Clay=169133.16;PlantFiber=167277.51;WoodLog=51139.43","ClayPit=3;Farm=3;FiberGatheringCamp=3;HealerHut=10;Pasture=3;WoodHouse=20","Agriculture;AnimalHusbandry;ClayExtraction;ControlledFire;HerbalKnowledge;KnowledgeSharing;Quarry"
1122,Animal,1.15,100,1.2,0,240,62,178,0.258,128,500,"","Clay=169272.39;PlantFiber=167416.74;WoodLog=51199.43","ClayPit=3;Farm=3;FiberGatheringCamp=3;HealerHut=10;Pasture=3;WoodHouse=20","Agriculture;AnimalHusbandry;ClayExtraction;ControlledFire;HerbalKnowledge;KnowledgeSharing;Quarry"
1123,Animal,1.15,100,1.2,0,240,62,178,0.258,128,500,"","Clay=169411.62;PlantFiber=167555.97;WoodLog=51259.43","ClayPit=3;Farm=3;FiberGatheringCamp=3;HealerHut=10;Pasture=3;WoodHouse=20","Agriculture;AnimalHusbandry;ClayExtraction;ControlledFire;HerbalKnowledge;KnowledgeSharing;Quarry"
1124,Animal,1.15,100,1.2,0,240,62,178,0.258,128,500,"","Clay=169550.85;PlantFiber=167695.2;WoodLog=51319.43","ClayPit=3;Farm=3;FiberGatheringCamp=3;HealerHut=10;Pasture=3;WoodHouse=20","Agriculture;AnimalHusbandry;ClayExtraction;ControlledFire;HerbalKnowledge;KnowledgeSharing;Quarry"
1125,Animal,1.15,100,1.2,0,240,62,178,0.258,128,500,"","Clay=169690.07;PlantFiber=167834.43;WoodLog=51379.43","ClayPit=3;Farm=3;FiberGatheringCamp=3;HealerHut=10;Pasture=3;WoodHouse=20","Agriculture;AnimalHusbandry;ClayExtraction;ControlledFire;HerbalKnowledge;KnowledgeSharing;Quarry"
1126,Animal,1.15,100,1.2,0,240,62,178,0.258,128,500,"","Clay=169829.3;PlantFiber=167973.65;WoodLog=51439.43","ClayPit=3;Farm=3;FiberGatheringCamp=3;HealerHut=10;Pasture=3;WoodHouse=20","Agriculture;AnimalHusbandry;ClayExtraction;ControlledFire;HerbalKnowledge;KnowledgeSharing;Quarry"
1127,Animal,1.15,100,1.2,0,240,62,178,0.258,128,500,"","Clay=169968.53;PlantFiber=168112.88;WoodLog=51499.43","ClayPit=3;Farm=3;FiberGatheringCamp=3;HealerHut=10;Pasture=3;WoodHouse=20","Agriculture;AnimalHusbandry;ClayExtraction;ControlledFire;HerbalKnowledge;KnowledgeSharing;Quarry"
1128,Animal,1.15,100,1.2,0,240,62,178,0.258,128,500,"","Clay=170107.76;PlantFiber=168252.11;WoodLog=51559.43","ClayPit=3;Farm=3;FiberGatheringCamp=3;HealerHut=10;Pasture=3;WoodHouse=20","Agriculture;AnimalHusbandry;ClayExtraction;ControlledFire;HerbalKnowledge;KnowledgeSharing;Quarry"
1129,Animal,1.15,100,1.2,0,240,62,178,0.258,128,500,"","Clay=170246.99;PlantFiber=168391.34;WoodLog=51619.43","ClayPit=3;Farm=3;FiberGatheringCamp=3;HealerHut=10;Pasture=3;WoodHouse=20","Agriculture;AnimalHusbandry;ClayExtraction;ControlledFire;HerbalKnowledge;KnowledgeSharing;Quarry"
1130,Animal,1.15,100,1.2,0,240,62,178,0.258,128,500,"","Clay=170386.22;PlantFiber=168530.57;WoodLog=51679.43","ClayPit=3;Farm=3;FiberGatheringCamp=3;HealerHut=10;Pasture=3;WoodHouse=20","Agriculture;AnimalHusbandry;ClayExtraction;ControlledFire;HerbalKnowledge;KnowledgeSharing;Quarry"
1131,Animal,1.15,100,1.2,0,240,62,178,0.258,128,500,"","Clay=170525.45;PlantFiber=168669.8;WoodLog=51739.43","ClayPit=3;Farm=3;FiberGatheringCamp=3;HealerHut=10;Pasture=3;WoodHouse=20","Agriculture;AnimalHusbandry;ClayExtraction;ControlledFire;HerbalKnowledge;KnowledgeSharing;Quarry"
1132,Animal,1.15,100,1.2,0,240,62,178,0.258,128,500,"","Clay=170664.68;PlantFiber=168809.03;WoodLog=51799.43","ClayPit=3;Farm=3;FiberGatheringCamp=3;HealerHut=10;Pasture=3;WoodHouse=20","Agriculture;AnimalHusbandry;ClayExtraction;ControlledFire;HerbalKnowledge;KnowledgeSharing;Quarry"
1133,Animal,1.15,100,1.2,0,240,62,178,0.258,128,500,"","Clay=170803.91;PlantFiber=168948.26;WoodLog=51859.43","ClayPit=3;Farm=3;FiberGatheringCamp=3;HealerHut=10;Pasture=3;WoodHouse=20","Agriculture;AnimalHusbandry;ClayExtraction;ControlledFire;HerbalKnowledge;KnowledgeSharing;Quarry"
1134,Animal,1.15,100,1.2,0,240,62,178,0.258,128,500,"","Clay=170943.13;PlantFiber=169087.49;WoodLog=51919.43","ClayPit=3;Farm=3;FiberGatheringCamp=3;HealerHut=10;Pasture=3;WoodHouse=20","Agriculture;AnimalHusbandry;ClayExtraction;ControlledFire;HerbalKnowledge;KnowledgeSharing;Quarry"
1135,Animal,1.15,100,1.2,0,240,62,178,0.258,128,500,"","Clay=171082.36;PlantFiber=169226.71;WoodLog=51979.43","ClayPit=3;Farm=3;FiberGatheringCamp=3;HealerHut=10;Pasture=3;WoodHouse=20","Agriculture;AnimalHusbandry;ClayExtraction;ControlledFire;HerbalKnowledge;KnowledgeSharing;Quarry"
1136,Animal,1.15,100,1.2,0,240,62,178,0.258,128,500,"","Clay=171221.59;PlantFiber=169365.94;WoodLog=52039.43","ClayPit=3;Farm=3;FiberGatheringCamp=3;HealerHut=10;Pasture=3;WoodHouse=20","Agriculture;AnimalHusbandry;ClayExtraction;ControlledFire;HerbalKnowledge;KnowledgeSharing;Quarry"
1137,Animal,1.15,100,1.2,0,240,62,178,0.258,128,500,"","Clay=171360.82;PlantFiber=169505.17;WoodLog=52099.43","ClayPit=3;Farm=3;FiberGatheringCamp=3;HealerHut=10;Pasture=3;WoodHouse=20","Agriculture;AnimalHusbandry;ClayExtraction;ControlledFire;HerbalKnowledge;KnowledgeSharing;Quarry"
1138,Animal,1.15,100,1.2,0,240,62,178,0.258,128,500,"","Clay=171500.05;PlantFiber=169644.4;WoodLog=52159.43","ClayPit=3;Farm=3;FiberGatheringCamp=3;HealerHut=10;Pasture=3;WoodHouse=20","Agriculture;AnimalHusbandry;ClayExtraction;ControlledFire;HerbalKnowledge;KnowledgeSharing;Quarry"
1139,Animal,1.15,100,1.2,0,240,62,178,0.258,128,500,"","Clay=171639.28;PlantFiber=169783.63;WoodLog=52219.43","ClayPit=3;Farm=3;FiberGatheringCamp=3;HealerHut=10;Pasture=3;WoodHouse=20","Agriculture;AnimalHusbandry;ClayExtraction;ControlledFire;HerbalKnowledge;KnowledgeSharing;Quarry"
1140,Animal,1.15,100,1.2,0,240,62,178,0.258,128,500,"","Clay=171778.51;PlantFiber=169922.86;WoodLog=52279.43","ClayPit=3;Farm=3;FiberGatheringCamp=3;HealerHut=10;Pasture=3;WoodHouse=20","Agriculture;AnimalHusbandry;ClayExtraction;ControlledFire;HerbalKnowledge;KnowledgeSharing;Quarry"
1141,Animal,1.15,100,1.2,0,240,62,178,0.258,128,500,"","Clay=171917.74;PlantFiber=170062.09;WoodLog=52339.43","ClayPit=3;Farm=3;FiberGatheringCamp=3;HealerHut=10;Pasture=3;WoodHouse=20","Agriculture;AnimalHusbandry;ClayExtraction;ControlledFire;HerbalKnowledge;KnowledgeSharing;Quarry"
1142,Animal,1.15,100,1.2,0,240,62,178,0.258,128,500,"","Clay=172056.97;PlantFiber=170201.32;WoodLog=52399.43","ClayPit=3;Farm=3;FiberGatheringCamp=3;HealerHut=10;Pasture=3;WoodHouse=20","Agriculture;AnimalHusbandry;ClayExtraction;ControlledFire;HerbalKnowledge;KnowledgeSharing;Quarry"
1143,Animal,1.15,100,1.2,0,240,62,178,0.258,128,500,"","Clay=172196.19;PlantFiber=170340.55;WoodLog=52459.43","ClayPit=3;Farm=3;FiberGatheringCamp=3;HealerHut=10;Pasture=3;WoodHouse=20","Agriculture;AnimalHusbandry;ClayExtraction;ControlledFire;HerbalKnowledge;KnowledgeSharing;Quarry"
1144,Animal,1.15,100,1.2,0,240,62,178,0.258,128,500,"","Clay=172335.42;PlantFiber=170479.77;WoodLog=52519.43","ClayPit=3;Farm=3;FiberGatheringCamp=3;HealerHut=10;Pasture=3;WoodHouse=20","Agriculture;AnimalHusbandry;ClayExtraction;ControlledFire;HerbalKnowledge;KnowledgeSharing;Quarry"
1145,Animal,1.15,100,1.2,0,240,62,178,0.258,128,500,"","Clay=172474.65;PlantFiber=170619;WoodLog=52579.43","ClayPit=3;Farm=3;FiberGatheringCamp=3;HealerHut=10;Pasture=3;WoodHouse=20","Agriculture;AnimalHusbandry;ClayExtraction;ControlledFire;HerbalKnowledge;KnowledgeSharing;Quarry"
1146,Animal,1.15,100,1.2,0,240,62,178,0.258,128,500,"","Clay=172613.88;PlantFiber=170758.23;WoodLog=52639.43","ClayPit=3;Farm=3;FiberGatheringCamp=3;HealerHut=10;Pasture=3;WoodHouse=20","Agriculture;AnimalHusbandry;ClayExtraction;ControlledFire;HerbalKnowledge;KnowledgeSharing;Quarry"
1147,Animal,1.15,100,1.2,0,240,62,178,0.258,128,500,"","Clay=172753.11;PlantFiber=170897.46;WoodLog=52699.43","ClayPit=3;Farm=3;FiberGatheringCamp=3;HealerHut=10;Pasture=3;WoodHouse=20","Agriculture;AnimalHusbandry;ClayExtraction;ControlledFire;HerbalKnowledge;KnowledgeSharing;Quarry"
1148,Animal,1.15,100,1.2,0,240,62,178,0.258,128,500,"","Clay=172892.34;PlantFiber=171036.69;WoodLog=52759.43","ClayPit=3;Farm=3;FiberGatheringCamp=3;HealerHut=10;Pasture=3;WoodHouse=20","Agriculture;AnimalHusbandry;ClayExtraction;ControlledFire;HerbalKnowledge;KnowledgeSharing;Quarry"
1149,Animal,1.15,100,1.2,0,240,62,178,0.258,128,500,"","Clay=173031.57;PlantFiber=171175.92;WoodLog=52819.43","ClayPit=3;Farm=3;FiberGatheringCamp=3;HealerHut=10;Pasture=3;WoodHouse=20","Agriculture;AnimalHusbandry;ClayExtraction;ControlledFire;HerbalKnowledge;KnowledgeSharing;Quarry"
1150,Animal,1.15,100,1.2,0,240,62,178,0.258,128,500,"","Clay=173170.8;PlantFiber=171315.15;WoodLog=52879.43","ClayPit=3;Farm=3;FiberGatheringCamp=3;HealerHut=10;Pasture=3;WoodHouse=20","Agriculture;AnimalHusbandry;ClayExtraction;ControlledFire;HerbalKnowledge;KnowledgeSharing;Quarry"
1151,Animal,1.15,100,1.2,0,240,62,178,0.258,128,500,"","Clay=173310.03;PlantFiber=171454.38;WoodLog=52939.43","ClayPit=3;Farm=3;FiberGatheringCamp=3;HealerHut=10;Pasture=3;WoodHouse=20","Agriculture;AnimalHusbandry;ClayExtraction;ControlledFire;HerbalKnowledge;KnowledgeSharing;Quarry"
1152,Animal,1.15,100,1.2,0,240,62,178,0.258,128,500,"","Clay=173449.25;PlantFiber=171593.61;WoodLog=52999.43","ClayPit=3;Farm=3;FiberGatheringCamp=3;HealerHut=10;Pasture=3;WoodHouse=20","Agriculture;AnimalHusbandry;ClayExtraction;ControlledFire;HerbalKnowledge;KnowledgeSharing;Quarry"
1153,Animal,1.15,100,1.2,0,240,62,178,0.258,128,500,"","Clay=173588.48;PlantFiber=171732.83;WoodLog=53059.43","ClayPit=3;Farm=3;FiberGatheringCamp=3;HealerHut=10;Pasture=3;WoodHouse=20","Agriculture;AnimalHusbandry;ClayExtraction;ControlledFire;HerbalKnowledge;KnowledgeSharing;Quarry"
1154,Animal,1.15,100,1.2,0,240,62,178,0.258,128,500,"","Clay=173727.71;PlantFiber=171872.06;WoodLog=53119.43","ClayPit=3;Farm=3;FiberGatheringCamp=3;HealerHut=10;Pasture=3;WoodHouse=20","Agriculture;AnimalHusbandry;ClayExtraction;ControlledFire;HerbalKnowledge;KnowledgeSharing;Quarry"
1155,Animal,1.15,100,1.2,0,240,62,178,0.258,128,500,"","Clay=173866.94;PlantFiber=172011.29;WoodLog=53179.43","ClayPit=3;Farm=3;FiberGatheringCamp=3;HealerHut=10;Pasture=3;WoodHouse=20","Agriculture;AnimalHusbandry;ClayExtraction;ControlledFire;HerbalKnowledge;KnowledgeSharing;Quarry"
1156,Animal,1.15,100,1.2,0,240,62,178,0.258,128,500,"","Clay=174006.17;PlantFiber=172150.52;WoodLog=53239.43","ClayPit=3;Farm=3;FiberGatheringCamp=3;HealerHut=10;Pasture=3;WoodHouse=20","Agriculture;AnimalHusbandry;ClayExtraction;ControlledFire;HerbalKnowledge;KnowledgeSharing;Quarry"
1157,Animal,1.15,100,1.2,0,240,62,178,0.258,128,500,"","Clay=174145.4;PlantFiber=172289.75;WoodLog=53299.43","ClayPit=3;Farm=3;FiberGatheringCamp=3;HealerHut=10;Pasture=3;WoodHouse=20","Agriculture;AnimalHusbandry;ClayExtraction;ControlledFire;HerbalKnowledge;KnowledgeSharing;Quarry"
1158,Animal,1.15,100,1.2,0,240,62,178,0.258,128,500,"","Clay=174284.63;PlantFiber=172428.98;WoodLog=53359.43","ClayPit=3;Farm=3;FiberGatheringCamp=3;HealerHut=10;Pasture=3;WoodHouse=20","Agriculture;AnimalHusbandry;ClayExtraction;ControlledFire;HerbalKnowledge;KnowledgeSharing;Quarry"
1159,Animal,1.15,100,1.2,0,240,62,178,0.258,128,500,"","Clay=174423.86;PlantFiber=172568.21;WoodLog=53419.43","ClayPit=3;Farm=3;FiberGatheringCamp=3;HealerHut=10;Pasture=3;WoodHouse=20","Agriculture;AnimalHusbandry;ClayExtraction;ControlledFire;HerbalKnowledge;KnowledgeSharing;Quarry"
1160,Animal,1.15,100,1.2,0,240,62,178,0.258,128,500,"","Clay=174563.09;PlantFiber=172707.44;WoodLog=53479.43","ClayPit=3;Farm=3;FiberGatheringCamp=3;HealerHut=10;Pasture=3;WoodHouse=20","Agriculture;AnimalHusbandry;ClayExtraction;ControlledFire;HerbalKnowledge;KnowledgeSharing;Quarry"
1161,Animal,1.15,100,1.2,0,240,62,178,0.258,128,500,"","Clay=174702.31;PlantFiber=172846.67;WoodLog=53539.43","ClayPit=3;Farm=3;FiberGatheringCamp=3;HealerHut=10;Pasture=3;WoodHouse=20","Agriculture;AnimalHusbandry;ClayExtraction;ControlledFire;HerbalKnowledge;KnowledgeSharing;Quarry"
1162,Animal,1.15,100,1.2,0,240,62,178,0.258,128,500,"","Clay=174841.54;PlantFiber=172985.9;WoodLog=53599.43","ClayPit=3;Farm=3;FiberGatheringCamp=3;HealerHut=10;Pasture=3;WoodHouse=20","Agriculture;AnimalHusbandry;ClayExtraction;ControlledFire;HerbalKnowledge;KnowledgeSharing;Quarry"
1163,Animal,1.15,100,1.2,0,240,62,178,0.258,128,500,"","Clay=174980.77;PlantFiber=173125.12;WoodLog=53659.43","ClayPit=3;Farm=3;FiberGatheringCamp=3;HealerHut=10;Pasture=3;WoodHouse=20","Agriculture;AnimalHusbandry;ClayExtraction;ControlledFire;HerbalKnowledge;KnowledgeSharing;Quarry"
1164,Animal,1.15,100,1.2,0,240,62,178,0.258,128,500,"","Clay=175120;PlantFiber=173264.35;WoodLog=53719.43","ClayPit=3;Farm=3;FiberGatheringCamp=3;HealerHut=10;Pasture=3;WoodHouse=20","Agriculture;AnimalHusbandry;ClayExtraction;ControlledFire;HerbalKnowledge;KnowledgeSharing;Quarry"
1165,Animal,1.15,100,1.2,0,240,62,178,0.258,128,500,"","Clay=175259.23;PlantFiber=173403.58;WoodLog=53779.43","ClayPit=3;Farm=3;FiberGatheringCamp=3;HealerHut=10;Pasture=3;WoodHouse=20","Agriculture;AnimalHusbandry;ClayExtraction;ControlledFire;HerbalKnowledge;KnowledgeSharing;Quarry"
1166,Animal,1.15,100,1.2,0,240,62,178,0.258,128,500,"","Clay=175398.46;PlantFiber=173542.81;WoodLog=53839.43","ClayPit=3;Farm=3;FiberGatheringCamp=3;HealerHut=10;Pasture=3;WoodHouse=20","Agriculture;AnimalHusbandry;ClayExtraction;ControlledFire;HerbalKnowledge;KnowledgeSharing;Quarry"
1167,Animal,1.15,100,1.2,0,240,62,178,0.258,128,500,"","Clay=175537.69;PlantFiber=173682.04;WoodLog=53899.43","ClayPit=3;Farm=3;FiberGatheringCamp=3;HealerHut=10;Pasture=3;WoodHouse=20","Agriculture;AnimalHusbandry;ClayExtraction;ControlledFire;HerbalKnowledge;KnowledgeSharing;Quarry"
1168,Animal,1.15,100,1.2,0,240,62,178,0.258,128,500,"","Clay=175676.92;PlantFiber=173821.27;WoodLog=53959.43","ClayPit=3;Farm=3;FiberGatheringCamp=3;HealerHut=10;Pasture=3;WoodHouse=20","Agriculture;AnimalHusbandry;ClayExtraction;ControlledFire;HerbalKnowledge;KnowledgeSharing;Quarry"
1169,Animal,1.15,100,1.2,0,240,62,178,0.258,128,500,"","Clay=175816.15;PlantFiber=173960.5;WoodLog=54019.43","ClayPit=3;Farm=3;FiberGatheringCamp=3;HealerHut=10;Pasture=3;WoodHouse=20","Agriculture;AnimalHusbandry;ClayExtraction;ControlledFire;HerbalKnowledge;KnowledgeSharing;Quarry"
1170,Animal,1.15,100,1.2,0,240,62,178,0.258,128,500,"","Clay=175955.38;PlantFiber=174099.73;WoodLog=54079.43","ClayPit=3;Farm=3;FiberGatheringCamp=3;HealerHut=10;Pasture=3;WoodHouse=20","Agriculture;AnimalHusbandry;ClayExtraction;ControlledFire;HerbalKnowledge;KnowledgeSharing;Quarry"
1171,Animal,1.15,100,1.2,0,240,62,178,0.258,128,500,"","Clay=176094.6;PlantFiber=174238.96;WoodLog=54139.43","ClayPit=3;Farm=3;FiberGatheringCamp=3;HealerHut=10;Pasture=3;WoodHouse=20","Agriculture;AnimalHusbandry;ClayExtraction;ControlledFire;HerbalKnowledge;KnowledgeSharing;Quarry"
1172,Animal,1.15,100,1.2,0,240,62,178,0.258,128,500,"","Clay=176233.83;PlantFiber=174378.18;WoodLog=54199.43","ClayPit=3;Farm=3;FiberGatheringCamp=3;HealerHut=10;Pasture=3;WoodHouse=20","Agriculture;AnimalHusbandry;ClayExtraction;ControlledFire;HerbalKnowledge;KnowledgeSharing;Quarry"
1173,Animal,1.15,100,1.2,0,240,62,178,0.258,128,500,"","Clay=176373.06;PlantFiber=174517.41;WoodLog=54259.43","ClayPit=3;Farm=3;FiberGatheringCamp=3;HealerHut=10;Pasture=3;WoodHouse=20","Agriculture;AnimalHusbandry;ClayExtraction;ControlledFire;HerbalKnowledge;KnowledgeSharing;Quarry"
1174,Animal,1.15,100,1.2,0,240,62,178,0.258,128,500,"","Clay=176512.29;PlantFiber=174656.64;WoodLog=54319.43","ClayPit=3;Farm=3;FiberGatheringCamp=3;HealerHut=10;Pasture=3;WoodHouse=20","Agriculture;AnimalHusbandry;ClayExtraction;ControlledFire;HerbalKnowledge;KnowledgeSharing;Quarry"
1175,Animal,1.15,100,1.2,0,240,62,178,0.258,128,500,"","Clay=176651.52;PlantFiber=174795.87;WoodLog=54379.43","ClayPit=3;Farm=3;FiberGatheringCamp=3;HealerHut=10;Pasture=3;WoodHouse=20","Agriculture;AnimalHusbandry;ClayExtraction;ControlledFire;HerbalKnowledge;KnowledgeSharing;Quarry"
1176,Animal,1.15,100,1.2,0,240,62,178,0.258,128,500,"","Clay=176790.75;PlantFiber=174935.1;WoodLog=54439.43","ClayPit=3;Farm=3;FiberGatheringCamp=3;HealerHut=10;Pasture=3;WoodHouse=20","Agriculture;AnimalHusbandry;ClayExtraction;ControlledFire;HerbalKnowledge;KnowledgeSharing;Quarry"
1177,Animal,1.15,100,1.2,0,240,62,178,0.258,128,500,"","Clay=176929.98;PlantFiber=175074.33;WoodLog=54499.43","ClayPit=3;Farm=3;FiberGatheringCamp=3;HealerHut=10;Pasture=3;WoodHouse=20","Agriculture;AnimalHusbandry;ClayExtraction;ControlledFire;HerbalKnowledge;KnowledgeSharing;Quarry"
1178,Animal,1.15,100,1.2,0,240,62,178,0.258,128,500,"","Clay=177069.21;PlantFiber=175213.56;WoodLog=54559.43","ClayPit=3;Farm=3;FiberGatheringCamp=3;HealerHut=10;Pasture=3;WoodHouse=20","Agriculture;AnimalHusbandry;ClayExtraction;ControlledFire;HerbalKnowledge;KnowledgeSharing;Quarry"
1179,Animal,1.15,100,1.2,0,240,62,178,0.258,128,500,"","Clay=177208.44;PlantFiber=175352.79;WoodLog=54619.43","ClayPit=3;Farm=3;FiberGatheringCamp=3;HealerHut=10;Pasture=3;WoodHouse=20","Agriculture;AnimalHusbandry;ClayExtraction;ControlledFire;HerbalKnowledge;KnowledgeSharing;Quarry"
1180,Animal,1.15,100,1.2,0,240,62,178,0.258,128,500,"","Clay=177347.66;PlantFiber=175492.02;WoodLog=54679.43","ClayPit=3;Farm=3;FiberGatheringCamp=3;HealerHut=10;Pasture=3;WoodHouse=20","Agriculture;AnimalHusbandry;ClayExtraction;ControlledFire;HerbalKnowledge;KnowledgeSharing;Quarry"
1181,Animal,1.15,100,1.2,0,240,62,178,0.258,128,500,"","Clay=177486.89;PlantFiber=175631.24;WoodLog=54739.43","ClayPit=3;Farm=3;FiberGatheringCamp=3;HealerHut=10;Pasture=3;WoodHouse=20","Agriculture;AnimalHusbandry;ClayExtraction;ControlledFire;HerbalKnowledge;KnowledgeSharing;Quarry"
1182,Animal,1.15,100,1.2,0,240,62,178,0.258,128,500,"","Clay=177626.12;PlantFiber=175770.47;WoodLog=54799.43","ClayPit=3;Farm=3;FiberGatheringCamp=3;HealerHut=10;Pasture=3;WoodHouse=20","Agriculture;AnimalHusbandry;ClayExtraction;ControlledFire;HerbalKnowledge;KnowledgeSharing;Quarry"
1183,Animal,1.15,100,1.2,0,240,62,178,0.258,128,500,"","Clay=177765.35;PlantFiber=175909.7;WoodLog=54859.43","ClayPit=3;Farm=3;FiberGatheringCamp=3;HealerHut=10;Pasture=3;WoodHouse=20","Agriculture;AnimalHusbandry;ClayExtraction;ControlledFire;HerbalKnowledge;KnowledgeSharing;Quarry"
1184,Animal,1.15,100,1.2,0,240,62,178,0.258,128,500,"","Clay=177904.58;PlantFiber=176048.93;WoodLog=54919.43","ClayPit=3;Farm=3;FiberGatheringCamp=3;HealerHut=10;Pasture=3;WoodHouse=20","Agriculture;AnimalHusbandry;ClayExtraction;ControlledFire;HerbalKnowledge;KnowledgeSharing;Quarry"
1185,Animal,1.15,100,1.2,0,240,62,178,0.258,128,500,"","Clay=178043.81;PlantFiber=176188.16;WoodLog=54979.43","ClayPit=3;Farm=3;FiberGatheringCamp=3;HealerHut=10;Pasture=3;WoodHouse=20","Agriculture;AnimalHusbandry;ClayExtraction;ControlledFire;HerbalKnowledge;KnowledgeSharing;Quarry"
1186,Animal,1.15,100,1.2,0,240,62,178,0.258,128,500,"","Clay=178183.04;PlantFiber=176327.39;WoodLog=55039.43","ClayPit=3;Farm=3;FiberGatheringCamp=3;HealerHut=10;Pasture=3;WoodHouse=20","Agriculture;AnimalHusbandry;ClayExtraction;ControlledFire;HerbalKnowledge;KnowledgeSharing;Quarry"
1187,Animal,1.15,100,1.2,0,240,62,178,0.258,128,500,"","Clay=178322.27;PlantFiber=176466.62;WoodLog=55099.43","ClayPit=3;Farm=3;FiberGatheringCamp=3;HealerHut=10;Pasture=3;WoodHouse=20","Agriculture;AnimalHusbandry;ClayExtraction;ControlledFire;HerbalKnowledge;KnowledgeSharing;Quarry"
1188,Animal,1.15,100,1.2,0,240,62,178,0.258,128,500,"","Clay=178461.5;PlantFiber=176605.85;WoodLog=55159.43","ClayPit=3;Farm=3;FiberGatheringCamp=3;HealerHut=10;Pasture=3;WoodHouse=20","Agriculture;AnimalHusbandry;ClayExtraction;ControlledFire;HerbalKnowledge;KnowledgeSharing;Quarry"
1189,Animal,1.15,100,1.2,0,240,62,178,0.258,128,500,"","Clay=178600.72;PlantFiber=176745.08;WoodLog=55219.43","ClayPit=3;Farm=3;FiberGatheringCamp=3;HealerHut=10;Pasture=3;WoodHouse=20","Agriculture;AnimalHusbandry;ClayExtraction;ControlledFire;HerbalKnowledge;KnowledgeSharing;Quarry"
1190,Animal,1.15,100,1.2,0,240,62,178,0.258,128,500,"","Clay=178739.95;PlantFiber=176884.3;WoodLog=55279.43","ClayPit=3;Farm=3;FiberGatheringCamp=3;HealerHut=10;Pasture=3;WoodHouse=20","Agriculture;AnimalHusbandry;ClayExtraction;ControlledFire;HerbalKnowledge;KnowledgeSharing;Quarry"
1191,Animal,1.15,100,1.2,0,240,62,178,0.258,128,500,"","Clay=178879.18;PlantFiber=177023.53;WoodLog=55339.43","ClayPit=3;Farm=3;FiberGatheringCamp=3;HealerHut=10;Pasture=3;WoodHouse=20","Agriculture;AnimalHusbandry;ClayExtraction;ControlledFire;HerbalKnowledge;KnowledgeSharing;Quarry"
1192,Animal,1.15,100,1.2,0,240,62,178,0.258,128,500,"","Clay=179018.41;PlantFiber=177162.76;WoodLog=55399.43","ClayPit=3;Farm=3;FiberGatheringCamp=3;HealerHut=10;Pasture=3;WoodHouse=20","Agriculture;AnimalHusbandry;ClayExtraction;ControlledFire;HerbalKnowledge;KnowledgeSharing;Quarry"
1193,Animal,1.15,100,1.2,0,240,62,178,0.258,128,500,"","Clay=179157.64;PlantFiber=177301.99;WoodLog=55459.43","ClayPit=3;Farm=3;FiberGatheringCamp=3;HealerHut=10;Pasture=3;WoodHouse=20","Agriculture;AnimalHusbandry;ClayExtraction;ControlledFire;HerbalKnowledge;KnowledgeSharing;Quarry"
1194,Animal,1.15,100,1.2,0,240,62,178,0.258,128,500,"","Clay=179296.87;PlantFiber=177441.22;WoodLog=55519.43","ClayPit=3;Farm=3;FiberGatheringCamp=3;HealerHut=10;Pasture=3;WoodHouse=20","Agriculture;AnimalHusbandry;ClayExtraction;ControlledFire;HerbalKnowledge;KnowledgeSharing;Quarry"
1195,Animal,1.15,100,1.2,0,240,62,178,0.258,128,500,"","Clay=179436.1;PlantFiber=177580.45;WoodLog=55579.43","ClayPit=3;Farm=3;FiberGatheringCamp=3;HealerHut=10;Pasture=3;WoodHouse=20","Agriculture;AnimalHusbandry;ClayExtraction;ControlledFire;HerbalKnowledge;KnowledgeSharing;Quarry"
1196,Animal,1.15,100,1.2,0,240,62,178,0.258,128,500,"","Clay=179575.33;PlantFiber=177719.68;WoodLog=55639.43","ClayPit=3;Farm=3;FiberGatheringCamp=3;HealerHut=10;Pasture=3;WoodHouse=20","Agriculture;AnimalHusbandry;ClayExtraction;ControlledFire;HerbalKnowledge;KnowledgeSharing;Quarry"
1197,Animal,1.15,100,1.2,0,240,62,178,0.258,128,500,"","Clay=179714.56;PlantFiber=177858.91;WoodLog=55699.43","ClayPit=3;Farm=3;FiberGatheringCamp=3;HealerHut=10;Pasture=3;WoodHouse=20","Agriculture;AnimalHusbandry;ClayExtraction;ControlledFire;HerbalKnowledge;KnowledgeSharing;Quarry"
1198,Animal,1.15,100,1.2,0,240,62,178,0.258,128,500,"","Clay=179853.78;PlantFiber=177998.14;WoodLog=55759.43","ClayPit=3;Farm=3;FiberGatheringCamp=3;HealerHut=10;Pasture=3;WoodHouse=20","Agriculture;AnimalHusbandry;ClayExtraction;ControlledFire;HerbalKnowledge;KnowledgeSharing;Quarry"
1199,Animal,1.15,100,1.2,0,240,62,178,0.258,128,500,"","Clay=179993.01;PlantFiber=178137.36;WoodLog=55819.43","ClayPit=3;Farm=3;FiberGatheringCamp=3;HealerHut=10;Pasture=3;WoodHouse=20","Agriculture;AnimalHusbandry;ClayExtraction;ControlledFire;HerbalKnowledge;KnowledgeSharing;Quarry"
1200,Animal,1.15,100,1.2,0,240,62,178,0.258,128,500,"","Clay=180132.24;PlantFiber=178276.59;WoodLog=55879.43","ClayPit=3;Farm=3;FiberGatheringCamp=3;HealerHut=10;Pasture=3;WoodHouse=20","Agriculture;AnimalHusbandry;ClayExtraction;ControlledFire;HerbalKnowledge;KnowledgeSharing;Quarry"
1201,Animal,1.15,100,1.2,0,240,62,178,0.258,128,500,"","Clay=180271.47;PlantFiber=178415.82;WoodLog=55939.43","ClayPit=3;Farm=3;FiberGatheringCamp=3;HealerHut=10;Pasture=3;WoodHouse=20","Agriculture;AnimalHusbandry;ClayExtraction;ControlledFire;HerbalKnowledge;KnowledgeSharing;Quarry"
1202,Animal,1.15,100,1.2,0,240,62,178,0.258,128,500,"","Clay=180410.7;PlantFiber=178555.05;WoodLog=55999.43","ClayPit=3;Farm=3;FiberGatheringCamp=3;HealerHut=10;Pasture=3;WoodHouse=20","Agriculture;AnimalHusbandry;ClayExtraction;ControlledFire;HerbalKnowledge;KnowledgeSharing;Quarry"
1203,Animal,1.15,100,1.2,0,240,62,178,0.258,128,500,"","Clay=180549.93;PlantFiber=178694.28;WoodLog=56059.43","ClayPit=3;Farm=3;FiberGatheringCamp=3;HealerHut=10;Pasture=3;WoodHouse=20","Agriculture;AnimalHusbandry;ClayExtraction;ControlledFire;HerbalKnowledge;KnowledgeSharing;Quarry"
1204,Animal,1.15,100,1.2,0,240,62,178,0.258,128,500,"","Clay=180689.16;PlantFiber=178833.51;WoodLog=56119.43","ClayPit=3;Farm=3;FiberGatheringCamp=3;HealerHut=10;Pasture=3;WoodHouse=20","Agriculture;AnimalHusbandry;ClayExtraction;ControlledFire;HerbalKnowledge;KnowledgeSharing;Quarry"
1205,Animal,1.15,100,1.2,0,240,62,178,0.258,128,500,"","Clay=180828.39;PlantFiber=178972.74;WoodLog=56179.43","ClayPit=3;Farm=3;FiberGatheringCamp=3;HealerHut=10;Pasture=3;WoodHouse=20","Agriculture;AnimalHusbandry;ClayExtraction;ControlledFire;HerbalKnowledge;KnowledgeSharing;Quarry"
1206,Animal,1.15,100,1.2,0,240,62,178,0.258,128,500,"","Clay=180967.62;PlantFiber=179111.97;WoodLog=56239.43","ClayPit=3;Farm=3;FiberGatheringCamp=3;HealerHut=10;Pasture=3;WoodHouse=20","Agriculture;AnimalHusbandry;ClayExtraction;ControlledFire;HerbalKnowledge;KnowledgeSharing;Quarry"
1207,Animal,1.15,100,1.2,0,240,62,178,0.258,128,500,"","Clay=181106.85;PlantFiber=179251.2;WoodLog=56299.43","ClayPit=3;Farm=3;FiberGatheringCamp=3;HealerHut=10;Pasture=3;WoodHouse=20","Agriculture;AnimalHusbandry;ClayExtraction;ControlledFire;HerbalKnowledge;KnowledgeSharing;Quarry"
1208,Animal,1.15,100,1.2,0,240,62,178,0.258,128,500,"","Clay=181246.07;PlantFiber=179390.43;WoodLog=56359.43","ClayPit=3;Farm=3;FiberGatheringCamp=3;HealerHut=10;Pasture=3;WoodHouse=20","Agriculture;AnimalHusbandry;ClayExtraction;ControlledFire;HerbalKnowledge;KnowledgeSharing;Quarry"
1209,Animal,1.15,100,1.2,0,240,62,178,0.258,128,500,"","Clay=181385.3;PlantFiber=179529.65;WoodLog=56419.43","ClayPit=3;Farm=3;FiberGatheringCamp=3;HealerHut=10;Pasture=3;WoodHouse=20","Agriculture;AnimalHusbandry;ClayExtraction;ControlledFire;HerbalKnowledge;KnowledgeSharing;Quarry"
1210,Animal,1.15,100,1.2,0,240,62,178,0.258,128,500,"","Clay=181524.53;PlantFiber=179668.88;WoodLog=56479.43","ClayPit=3;Farm=3;FiberGatheringCamp=3;HealerHut=10;Pasture=3;WoodHouse=20","Agriculture;AnimalHusbandry;ClayExtraction;ControlledFire;HerbalKnowledge;KnowledgeSharing;Quarry"
1211,Animal,1.15,100,1.2,0,240,62,178,0.258,128,500,"","Clay=181663.76;PlantFiber=179808.11;WoodLog=56539.43","ClayPit=3;Farm=3;FiberGatheringCamp=3;HealerHut=10;Pasture=3;WoodHouse=20","Agriculture;AnimalHusbandry;ClayExtraction;ControlledFire;HerbalKnowledge;KnowledgeSharing;Quarry"
1212,Animal,1.15,100,1.2,0,240,62,178,0.258,128,500,"","Clay=181802.99;PlantFiber=179947.34;WoodLog=56599.43","ClayPit=3;Farm=3;FiberGatheringCamp=3;HealerHut=10;Pasture=3;WoodHouse=20","Agriculture;AnimalHusbandry;ClayExtraction;ControlledFire;HerbalKnowledge;KnowledgeSharing;Quarry"
1213,Animal,1.15,100,1.2,0,240,62,178,0.258,128,500,"","Clay=181942.22;PlantFiber=180086.57;WoodLog=56659.43","ClayPit=3;Farm=3;FiberGatheringCamp=3;HealerHut=10;Pasture=3;WoodHouse=20","Agriculture;AnimalHusbandry;ClayExtraction;ControlledFire;HerbalKnowledge;KnowledgeSharing;Quarry"
1214,Animal,1.15,100,1.2,0,240,62,178,0.258,128,500,"","Clay=182081.45;PlantFiber=180225.8;WoodLog=56719.43","ClayPit=3;Farm=3;FiberGatheringCamp=3;HealerHut=10;Pasture=3;WoodHouse=20","Agriculture;AnimalHusbandry;ClayExtraction;ControlledFire;HerbalKnowledge;KnowledgeSharing;Quarry"
1215,Animal,1.15,100,1.2,0,240,62,178,0.258,128,500,"","Clay=182220.68;PlantFiber=180365.03;WoodLog=56779.43","ClayPit=3;Farm=3;FiberGatheringCamp=3;HealerHut=10;Pasture=3;WoodHouse=20","Agriculture;AnimalHusbandry;ClayExtraction;ControlledFire;HerbalKnowledge;KnowledgeSharing;Quarry"
1216,Animal,1.15,100,1.2,0,240,62,178,0.258,128,500,"","Clay=182359.91;PlantFiber=180504.26;WoodLog=56839.43","ClayPit=3;Farm=3;FiberGatheringCamp=3;HealerHut=10;Pasture=3;WoodHouse=20","Agriculture;AnimalHusbandry;ClayExtraction;ControlledFire;HerbalKnowledge;KnowledgeSharing;Quarry"
1217,Animal,1.15,100,1.2,0,240,62,178,0.258,128,500,"","Clay=182499.13;PlantFiber=180643.49;WoodLog=56899.43","ClayPit=3;Farm=3;FiberGatheringCamp=3;HealerHut=10;Pasture=3;WoodHouse=20","Agriculture;AnimalHusbandry;ClayExtraction;ControlledFire;HerbalKnowledge;KnowledgeSharing;Quarry"
1218,Animal,1.15,100,1.2,0,240,62,178,0.258,128,500,"","Clay=182638.36;PlantFiber=180782.71;WoodLog=56959.43","ClayPit=3;Farm=3;FiberGatheringCamp=3;HealerHut=10;Pasture=3;WoodHouse=20","Agriculture;AnimalHusbandry;ClayExtraction;ControlledFire;HerbalKnowledge;KnowledgeSharing;Quarry"
1219,Animal,1.15,100,1.2,0,240,62,178,0.258,128,500,"","Clay=182777.59;PlantFiber=180921.94;WoodLog=57019.43","ClayPit=3;Farm=3;FiberGatheringCamp=3;HealerHut=10;Pasture=3;WoodHouse=20","Agriculture;AnimalHusbandry;ClayExtraction;ControlledFire;HerbalKnowledge;KnowledgeSharing;Quarry"
1220,Animal,1.15,100,1.2,0,240,62,178,0.258,128,500,"","Clay=182916.82;PlantFiber=181061.17;WoodLog=57079.43","ClayPit=3;Farm=3;FiberGatheringCamp=3;HealerHut=10;Pasture=3;WoodHouse=20","Agriculture;AnimalHusbandry;ClayExtraction;ControlledFire;HerbalKnowledge;KnowledgeSharing;Quarry"
1221,Animal,1.15,100,1.2,0,240,62,178,0.258,128,500,"","Clay=183056.05;PlantFiber=181200.4;WoodLog=57139.43","ClayPit=3;Farm=3;FiberGatheringCamp=3;HealerHut=10;Pasture=3;WoodHouse=20","Agriculture;AnimalHusbandry;ClayExtraction;ControlledFire;HerbalKnowledge;KnowledgeSharing;Quarry"
1222,Animal,1.15,100,1.2,0,240,62,178,0.258,128,500,"","Clay=183195.28;PlantFiber=181339.63;WoodLog=57199.43","ClayPit=3;Farm=3;FiberGatheringCamp=3;HealerHut=10;Pasture=3;WoodHouse=20","Agriculture;AnimalHusbandry;ClayExtraction;ControlledFire;HerbalKnowledge;KnowledgeSharing;Quarry"
1223,Animal,1.15,100,1.2,0,240,62,178,0.258,128,500,"","Clay=183334.51;PlantFiber=181478.86;WoodLog=57259.43","ClayPit=3;Farm=3;FiberGatheringCamp=3;HealerHut=10;Pasture=3;WoodHouse=20","Agriculture;AnimalHusbandry;ClayExtraction;ControlledFire;HerbalKnowledge;KnowledgeSharing;Quarry"
1224,Animal,1.15,100,1.2,0,240,62,178,0.258,128,500,"","Clay=183473.74;PlantFiber=181618.09;WoodLog=57319.43","ClayPit=3;Farm=3;FiberGatheringCamp=3;HealerHut=10;Pasture=3;WoodHouse=20","Agriculture;AnimalHusbandry;ClayExtraction;ControlledFire;HerbalKnowledge;KnowledgeSharing;Quarry"
1225,Animal,1.15,100,1.2,0,240,62,178,0.258,128,500,"","Clay=183612.97;PlantFiber=181757.32;WoodLog=57379.43","ClayPit=3;Farm=3;FiberGatheringCamp=3;HealerHut=10;Pasture=3;WoodHouse=20","Agriculture;AnimalHusbandry;ClayExtraction;ControlledFire;HerbalKnowledge;KnowledgeSharing;Quarry"
1226,Animal,1.15,100,1.2,0,240,62,178,0.258,128,500,"","Clay=183752.19;PlantFiber=181896.55;WoodLog=57439.43","ClayPit=3;Farm=3;FiberGatheringCamp=3;HealerHut=10;Pasture=3;WoodHouse=20","Agriculture;AnimalHusbandry;ClayExtraction;ControlledFire;HerbalKnowledge;KnowledgeSharing;Quarry"
1227,Animal,1.15,100,1.2,0,240,62,178,0.258,128,500,"","Clay=183891.42;PlantFiber=182035.77;WoodLog=57499.43","ClayPit=3;Farm=3;FiberGatheringCamp=3;HealerHut=10;Pasture=3;WoodHouse=20","Agriculture;AnimalHusbandry;ClayExtraction;ControlledFire;HerbalKnowledge;KnowledgeSharing;Quarry"
1228,Animal,1.15,100,1.2,0,240,62,178,0.258,128,500,"","Clay=184030.65;PlantFiber=182175;WoodLog=57559.43","ClayPit=3;Farm=3;FiberGatheringCamp=3;HealerHut=10;Pasture=3;WoodHouse=20","Agriculture;AnimalHusbandry;ClayExtraction;ControlledFire;HerbalKnowledge;KnowledgeSharing;Quarry"
1229,Animal,1.15,100,1.2,0,240,62,178,0.258,128,500,"","Clay=184169.88;PlantFiber=182314.23;WoodLog=57619.43","ClayPit=3;Farm=3;FiberGatheringCamp=3;HealerHut=10;Pasture=3;WoodHouse=20","Agriculture;AnimalHusbandry;ClayExtraction;ControlledFire;HerbalKnowledge;KnowledgeSharing;Quarry"
1230,Animal,1.15,100,1.2,0,240,62,178,0.258,128,500,"","Clay=184309.11;PlantFiber=182453.46;WoodLog=57679.43","ClayPit=3;Farm=3;FiberGatheringCamp=3;HealerHut=10;Pasture=3;WoodHouse=20","Agriculture;AnimalHusbandry;ClayExtraction;ControlledFire;HerbalKnowledge;KnowledgeSharing;Quarry"
1231,Animal,1.15,100,1.2,0,240,62,178,0.258,128,500,"","Clay=184448.34;PlantFiber=182592.69;WoodLog=57739.43","ClayPit=3;Farm=3;FiberGatheringCamp=3;HealerHut=10;Pasture=3;WoodHouse=20","Agriculture;AnimalHusbandry;ClayExtraction;ControlledFire;HerbalKnowledge;KnowledgeSharing;Quarry"
1232,Animal,1.15,100,1.2,0,240,62,178,0.258,128,500,"","Clay=184587.57;PlantFiber=182731.92;WoodLog=57799.43","ClayPit=3;Farm=3;FiberGatheringCamp=3;HealerHut=10;Pasture=3;WoodHouse=20","Agriculture;AnimalHusbandry;ClayExtraction;ControlledFire;HerbalKnowledge;KnowledgeSharing;Quarry"
1233,Animal,1.15,100,1.2,0,240,62,178,0.258,128,500,"","Clay=184726.8;PlantFiber=182871.15;WoodLog=57859.43","ClayPit=3;Farm=3;FiberGatheringCamp=3;HealerHut=10;Pasture=3;WoodHouse=20","Agriculture;AnimalHusbandry;ClayExtraction;ControlledFire;HerbalKnowledge;KnowledgeSharing;Quarry"
1234,Animal,1.15,100,1.2,0,240,62,178,0.258,128,500,"","Clay=184866.03;PlantFiber=183010.38;WoodLog=57919.43","ClayPit=3;Farm=3;FiberGatheringCamp=3;HealerHut=10;Pasture=3;WoodHouse=20","Agriculture;AnimalHusbandry;ClayExtraction;ControlledFire;HerbalKnowledge;KnowledgeSharing;Quarry"
1235,Animal,1.15,100,1.2,0,240,62,178,0.258,128,500,"","Clay=185005.25;PlantFiber=183149.61;WoodLog=57979.43","ClayPit=3;Farm=3;FiberGatheringCamp=3;HealerHut=10;Pasture=3;WoodHouse=20","Agriculture;AnimalHusbandry;ClayExtraction;ControlledFire;HerbalKnowledge;KnowledgeSharing;Quarry"
1236,Animal,1.15,100,1.2,0,240,62,178,0.258,128,500,"","Clay=185144.48;PlantFiber=183288.83;WoodLog=58039.43","ClayPit=3;Farm=3;FiberGatheringCamp=3;HealerHut=10;Pasture=3;WoodHouse=20","Agriculture;AnimalHusbandry;ClayExtraction;ControlledFire;HerbalKnowledge;KnowledgeSharing;Quarry"
1237,Animal,1.15,100,1.2,0,240,62,178,0.258,128,500,"","Clay=185283.71;PlantFiber=183428.06;WoodLog=58099.43","ClayPit=3;Farm=3;FiberGatheringCamp=3;HealerHut=10;Pasture=3;WoodHouse=20","Agriculture;AnimalHusbandry;ClayExtraction;ControlledFire;HerbalKnowledge;KnowledgeSharing;Quarry"
1238,Animal,1.15,100,1.2,0,240,62,178,0.258,128,500,"","Clay=185422.94;PlantFiber=183567.29;WoodLog=58159.43","ClayPit=3;Farm=3;FiberGatheringCamp=3;HealerHut=10;Pasture=3;WoodHouse=20","Agriculture;AnimalHusbandry;ClayExtraction;ControlledFire;HerbalKnowledge;KnowledgeSharing;Quarry"
1239,Animal,1.15,100,1.2,0,240,62,178,0.258,128,500,"","Clay=185562.17;PlantFiber=183706.52;WoodLog=58219.43","ClayPit=3;Farm=3;FiberGatheringCamp=3;HealerHut=10;Pasture=3;WoodHouse=20","Agriculture;AnimalHusbandry;ClayExtraction;ControlledFire;HerbalKnowledge;KnowledgeSharing;Quarry"
1240,Animal,1.15,100,1.2,0,240,62,178,0.258,128,500,"","Clay=185701.4;PlantFiber=183845.75;WoodLog=58279.43","ClayPit=3;Farm=3;FiberGatheringCamp=3;HealerHut=10;Pasture=3;WoodHouse=20","Agriculture;AnimalHusbandry;ClayExtraction;ControlledFire;HerbalKnowledge;KnowledgeSharing;Quarry"
1241,Animal,1.15,100,1.2,0,240,62,178,0.258,128,500,"","Clay=185840.63;PlantFiber=183984.98;WoodLog=58339.43","ClayPit=3;Farm=3;FiberGatheringCamp=3;HealerHut=10;Pasture=3;WoodHouse=20","Agriculture;AnimalHusbandry;ClayExtraction;ControlledFire;HerbalKnowledge;KnowledgeSharing;Quarry"
1242,Animal,1.15,100,1.2,0,240,62,178,0.258,128,500,"","Clay=185979.86;PlantFiber=184124.21;WoodLog=58399.43","ClayPit=3;Farm=3;FiberGatheringCamp=3;HealerHut=10;Pasture=3;WoodHouse=20","Agriculture;AnimalHusbandry;ClayExtraction;ControlledFire;HerbalKnowledge;KnowledgeSharing;Quarry"
1243,Animal,1.15,100,1.2,0,240,62,178,0.258,128,500,"","Clay=186119.09;PlantFiber=184263.44;WoodLog=58459.43","ClayPit=3;Farm=3;FiberGatheringCamp=3;HealerHut=10;Pasture=3;WoodHouse=20","Agriculture;AnimalHusbandry;ClayExtraction;ControlledFire;HerbalKnowledge;KnowledgeSharing;Quarry"
1244,Animal,1.15,100,1.2,0,240,62,178,0.258,128,500,"","Clay=186258.31;PlantFiber=184402.67;WoodLog=58519.43","ClayPit=3;Farm=3;FiberGatheringCamp=3;HealerHut=10;Pasture=3;WoodHouse=20","Agriculture;AnimalHusbandry;ClayExtraction;ControlledFire;HerbalKnowledge;KnowledgeSharing;Quarry"
1245,Animal,1.15,100,1.2,0,240,62,178,0.258,128,500,"","Clay=186397.54;PlantFiber=184541.9;WoodLog=58579.43","ClayPit=3;Farm=3;FiberGatheringCamp=3;HealerHut=10;Pasture=3;WoodHouse=20","Agriculture;AnimalHusbandry;ClayExtraction;ControlledFire;HerbalKnowledge;KnowledgeSharing;Quarry"
1246,Animal,1.15,100,1.2,0,240,62,178,0.258,128,500,"","Clay=186536.77;PlantFiber=184681.12;WoodLog=58639.43","ClayPit=3;Farm=3;FiberGatheringCamp=3;HealerHut=10;Pasture=3;WoodHouse=20","Agriculture;AnimalHusbandry;ClayExtraction;ControlledFire;HerbalKnowledge;KnowledgeSharing;Quarry"
1247,Animal,1.15,100,1.2,0,240,62,178,0.258,128,500,"","Clay=186676;PlantFiber=184820.35;WoodLog=58699.43","ClayPit=3;Farm=3;FiberGatheringCamp=3;HealerHut=10;Pasture=3;WoodHouse=20","Agriculture;AnimalHusbandry;ClayExtraction;ControlledFire;HerbalKnowledge;KnowledgeSharing;Quarry"
1248,Animal,1.15,100,1.2,0,240,62,178,0.258,128,500,"","Clay=186815.23;PlantFiber=184959.58;WoodLog=58759.43","ClayPit=3;Farm=3;FiberGatheringCamp=3;HealerHut=10;Pasture=3;WoodHouse=20","Agriculture;AnimalHusbandry;ClayExtraction;ControlledFire;HerbalKnowledge;KnowledgeSharing;Quarry"
1249,Animal,1.15,100,1.2,0,240,62,178,0.258,128,500,"","Clay=186954.46;PlantFiber=185098.81;WoodLog=58819.43","ClayPit=3;Farm=3;FiberGatheringCamp=3;HealerHut=10;Pasture=3;WoodHouse=20","Agriculture;AnimalHusbandry;ClayExtraction;ControlledFire;HerbalKnowledge;KnowledgeSharing;Quarry"
1250,Animal,1.15,100,1.2,0,240,62,178,0.258,128,500,"","Clay=187093.69;PlantFiber=185238.04;WoodLog=58879.43","ClayPit=3;Farm=3;FiberGatheringCamp=3;HealerHut=10;Pasture=3;WoodHouse=20","Agriculture;AnimalHusbandry;ClayExtraction;ControlledFire;HerbalKnowledge;KnowledgeSharing;Quarry"
1251,Animal,1.15,100,1.2,0,240,62,178,0.258,128,500,"","Clay=187232.92;PlantFiber=185377.27;WoodLog=58939.43","ClayPit=3;Farm=3;FiberGatheringCamp=3;HealerHut=10;Pasture=3;WoodHouse=20","Agriculture;AnimalHusbandry;ClayExtraction;ControlledFire;HerbalKnowledge;KnowledgeSharing;Quarry"
1252,Animal,1.15,100,1.2,0,240,62,178,0.258,128,500,"","Clay=187372.15;PlantFiber=185516.5;WoodLog=58999.43","ClayPit=3;Farm=3;FiberGatheringCamp=3;HealerHut=10;Pasture=3;WoodHouse=20","Agriculture;AnimalHusbandry;ClayExtraction;ControlledFire;HerbalKnowledge;KnowledgeSharing;Quarry"
1253,Animal,1.15,100,1.2,0,240,62,178,0.258,128,500,"","Clay=187511.38;PlantFiber=185655.73;WoodLog=59059.43","ClayPit=3;Farm=3;FiberGatheringCamp=3;HealerHut=10;Pasture=3;WoodHouse=20","Agriculture;AnimalHusbandry;ClayExtraction;ControlledFire;HerbalKnowledge;KnowledgeSharing;Quarry"
1254,Animal,1.15,100,1.2,0,240,62,178,0.258,128,500,"","Clay=187650.6;PlantFiber=185794.96;WoodLog=59119.43","ClayPit=3;Farm=3;FiberGatheringCamp=3;HealerHut=10;Pasture=3;WoodHouse=20","Agriculture;AnimalHusbandry;ClayExtraction;ControlledFire;HerbalKnowledge;KnowledgeSharing;Quarry"
1255,Animal,1.15,100,1.2,0,240,62,178,0.258,128,500,"","Clay=187789.83;PlantFiber=185934.18;WoodLog=59179.43","ClayPit=3;Farm=3;FiberGatheringCamp=3;HealerHut=10;Pasture=3;WoodHouse=20","Agriculture;AnimalHusbandry;ClayExtraction;ControlledFire;HerbalKnowledge;KnowledgeSharing;Quarry"
1256,Animal,1.15,100,1.2,0,240,62,178,0.258,128,500,"","Clay=187929.06;PlantFiber=186073.41;WoodLog=59239.43","ClayPit=3;Farm=3;FiberGatheringCamp=3;HealerHut=10;Pasture=3;WoodHouse=20","Agriculture;AnimalHusbandry;ClayExtraction;ControlledFire;HerbalKnowledge;KnowledgeSharing;Quarry"
1257,Animal,1.15,100,1.2,0,240,62,178,0.258,128,500,"","Clay=188068.29;PlantFiber=186212.64;WoodLog=59299.43","ClayPit=3;Farm=3;FiberGatheringCamp=3;HealerHut=10;Pasture=3;WoodHouse=20","Agriculture;AnimalHusbandry;ClayExtraction;ControlledFire;HerbalKnowledge;KnowledgeSharing;Quarry"
1258,Animal,1.15,100,1.2,0,240,62,178,0.258,128,500,"","Clay=188207.52;PlantFiber=186351.87;WoodLog=59359.43","ClayPit=3;Farm=3;FiberGatheringCamp=3;HealerHut=10;Pasture=3;WoodHouse=20","Agriculture;AnimalHusbandry;ClayExtraction;ControlledFire;HerbalKnowledge;KnowledgeSharing;Quarry"
1259,Animal,1.15,100,1.2,0,240,62,178,0.258,128,500,"","Clay=188346.75;PlantFiber=186491.1;WoodLog=59419.43","ClayPit=3;Farm=3;FiberGatheringCamp=3;HealerHut=10;Pasture=3;WoodHouse=20","Agriculture;AnimalHusbandry;ClayExtraction;ControlledFire;HerbalKnowledge;KnowledgeSharing;Quarry"
1260,Animal,1.15,100,1.2,0,240,62,178,0.258,128,500,"","Clay=188485.98;PlantFiber=186630.33;WoodLog=59479.43","ClayPit=3;Farm=3;FiberGatheringCamp=3;HealerHut=10;Pasture=3;WoodHouse=20","Agriculture;AnimalHusbandry;ClayExtraction;ControlledFire;HerbalKnowledge;KnowledgeSharing;Quarry"
1261,Animal,1.15,100,1.2,0,240,62,178,0.258,128,500,"","Clay=188625.21;PlantFiber=186769.56;WoodLog=59539.43","ClayPit=3;Farm=3;FiberGatheringCamp=3;HealerHut=10;Pasture=3;WoodHouse=20","Agriculture;AnimalHusbandry;ClayExtraction;ControlledFire;HerbalKnowledge;KnowledgeSharing;Quarry"
1262,Animal,1.15,100,1.2,0,240,62,178,0.258,128,500,"","Clay=188764.44;PlantFiber=186908.79;WoodLog=59599.43","ClayPit=3;Farm=3;FiberGatheringCamp=3;HealerHut=10;Pasture=3;WoodHouse=20","Agriculture;AnimalHusbandry;ClayExtraction;ControlledFire;HerbalKnowledge;KnowledgeSharing;Quarry"
1263,Animal,1.15,100,1.2,0,240,62,178,0.258,128,500,"","Clay=188903.66;PlantFiber=187048.02;WoodLog=59659.43","ClayPit=3;Farm=3;FiberGatheringCamp=3;HealerHut=10;Pasture=3;WoodHouse=20","Agriculture;AnimalHusbandry;ClayExtraction;ControlledFire;HerbalKnowledge;KnowledgeSharing;Quarry"
1264,Animal,1.15,100,1.2,0,240,62,178,0.258,128,500,"","Clay=189042.89;PlantFiber=187187.24;WoodLog=59719.43","ClayPit=3;Farm=3;FiberGatheringCamp=3;HealerHut=10;Pasture=3;WoodHouse=20","Agriculture;AnimalHusbandry;ClayExtraction;ControlledFire;HerbalKnowledge;KnowledgeSharing;Quarry"
1265,Animal,1.15,100,1.2,0,240,62,178,0.258,128,500,"","Clay=189182.12;PlantFiber=187326.47;WoodLog=59779.43","ClayPit=3;Farm=3;FiberGatheringCamp=3;HealerHut=10;Pasture=3;WoodHouse=20","Agriculture;AnimalHusbandry;ClayExtraction;ControlledFire;HerbalKnowledge;KnowledgeSharing;Quarry"
1266,Animal,1.15,100,1.2,0,240,62,178,0.258,128,500,"","Clay=189321.35;PlantFiber=187465.7;WoodLog=59839.43","ClayPit=3;Farm=3;FiberGatheringCamp=3;HealerHut=10;Pasture=3;WoodHouse=20","Agriculture;AnimalHusbandry;ClayExtraction;ControlledFire;HerbalKnowledge;KnowledgeSharing;Quarry"
1267,Animal,1.15,100,1.2,0,240,62,178,0.258,128,500,"","Clay=189460.58;PlantFiber=187604.93;WoodLog=59899.43","ClayPit=3;Farm=3;FiberGatheringCamp=3;HealerHut=10;Pasture=3;WoodHouse=20","Agriculture;AnimalHusbandry;ClayExtraction;ControlledFire;HerbalKnowledge;KnowledgeSharing;Quarry"
1268,Animal,1.15,100,1.2,0,240,62,178,0.258,128,500,"","Clay=189599.81;PlantFiber=187744.16;WoodLog=59959.43","ClayPit=3;Farm=3;FiberGatheringCamp=3;HealerHut=10;Pasture=3;WoodHouse=20","Agriculture;AnimalHusbandry;ClayExtraction;ControlledFire;HerbalKnowledge;KnowledgeSharing;Quarry"
1269,Animal,1.15,100,1.2,0,240,62,178,0.258,128,500,"","Clay=189739.04;PlantFiber=187883.39;WoodLog=60019.43","ClayPit=3;Farm=3;FiberGatheringCamp=3;HealerHut=10;Pasture=3;WoodHouse=20","Agriculture;AnimalHusbandry;ClayExtraction;ControlledFire;HerbalKnowledge;KnowledgeSharing;Quarry"
1270,Animal,1.15,100,1.2,0,240,62,178,0.258,128,500,"","Clay=189878.27;PlantFiber=188022.62;WoodLog=60079.43","ClayPit=3;Farm=3;FiberGatheringCamp=3;HealerHut=10;Pasture=3;WoodHouse=20","Agriculture;AnimalHusbandry;ClayExtraction;ControlledFire;HerbalKnowledge;KnowledgeSharing;Quarry"
1271,Animal,1.15,100,1.2,0,240,62,178,0.258,128,500,"","Clay=190017.5;PlantFiber=188161.85;WoodLog=60139.43","ClayPit=3;Farm=3;FiberGatheringCamp=3;HealerHut=10;Pasture=3;WoodHouse=20","Agriculture;AnimalHusbandry;ClayExtraction;ControlledFire;HerbalKnowledge;KnowledgeSharing;Quarry"
1272,Animal,1.15,100,1.2,0,240,62,178,0.258,128,500,"","Clay=190156.72;PlantFiber=188301.08;WoodLog=60199.43","ClayPit=3;Farm=3;FiberGatheringCamp=3;HealerHut=10;Pasture=3;WoodHouse=20","Agriculture;AnimalHusbandry;ClayExtraction;ControlledFire;HerbalKnowledge;KnowledgeSharing;Quarry"
1273,Animal,1.15,100,1.2,0,240,62,178,0.258,128,500,"","Clay=190295.95;PlantFiber=188440.3;WoodLog=60259.43","ClayPit=3;Farm=3;FiberGatheringCamp=3;HealerHut=10;Pasture=3;WoodHouse=20","Agriculture;AnimalHusbandry;ClayExtraction;ControlledFire;HerbalKnowledge;KnowledgeSharing;Quarry"
1274,Animal,1.15,100,1.2,0,240,62,178,0.258,128,500,"","Clay=190435.18;PlantFiber=188579.53;WoodLog=60319.43","ClayPit=3;Farm=3;FiberGatheringCamp=3;HealerHut=10;Pasture=3;WoodHouse=20","Agriculture;AnimalHusbandry;ClayExtraction;ControlledFire;HerbalKnowledge;KnowledgeSharing;Quarry"
1275,Animal,1.15,100,1.2,0,240,62,178,0.258,128,500,"","Clay=190574.41;PlantFiber=188718.76;WoodLog=60379.43","ClayPit=3;Farm=3;FiberGatheringCamp=3;HealerHut=10;Pasture=3;WoodHouse=20","Agriculture;AnimalHusbandry;ClayExtraction;ControlledFire;HerbalKnowledge;KnowledgeSharing;Quarry"
1276,Animal,1.15,100,1.2,0,240,62,178,0.258,128,500,"","Clay=190713.64;PlantFiber=188857.99;WoodLog=60439.43","ClayPit=3;Farm=3;FiberGatheringCamp=3;HealerHut=10;Pasture=3;WoodHouse=20","Agriculture;AnimalHusbandry;ClayExtraction;ControlledFire;HerbalKnowledge;KnowledgeSharing;Quarry"
1277,Animal,1.15,100,1.2,0,240,62,178,0.258,128,500,"","Clay=190852.87;PlantFiber=188997.22;WoodLog=60499.43","ClayPit=3;Farm=3;FiberGatheringCamp=3;HealerHut=10;Pasture=3;WoodHouse=20","Agriculture;AnimalHusbandry;ClayExtraction;ControlledFire;HerbalKnowledge;KnowledgeSharing;Quarry"
1278,Animal,1.15,100,1.2,0,240,62,178,0.258,128,500,"","Clay=190992.1;PlantFiber=189136.45;WoodLog=60559.43","ClayPit=3;Farm=3;FiberGatheringCamp=3;HealerHut=10;Pasture=3;WoodHouse=20","Agriculture;AnimalHusbandry;ClayExtraction;ControlledFire;HerbalKnowledge;KnowledgeSharing;Quarry"
1279,Animal,1.15,100,1.2,0,240,62,178,0.258,128,500,"","Clay=191131.33;PlantFiber=189275.68;WoodLog=60619.43","ClayPit=3;Farm=3;FiberGatheringCamp=3;HealerHut=10;Pasture=3;WoodHouse=20","Agriculture;AnimalHusbandry;ClayExtraction;ControlledFire;HerbalKnowledge;KnowledgeSharing;Quarry"
1280,Animal,1.15,100,1.2,0,240,62,178,0.258,128,500,"","Clay=191270.56;PlantFiber=189414.91;WoodLog=60679.43","ClayPit=3;Farm=3;FiberGatheringCamp=3;HealerHut=10;Pasture=3;WoodHouse=20","Agriculture;AnimalHusbandry;ClayExtraction;ControlledFire;HerbalKnowledge;KnowledgeSharing;Quarry"
1281,Animal,1.15,100,1.2,0,240,62,178,0.258,128,500,"","Clay=191409.78;PlantFiber=189554.14;WoodLog=60739.43","ClayPit=3;Farm=3;FiberGatheringCamp=3;HealerHut=10;Pasture=3;WoodHouse=20","Agriculture;AnimalHusbandry;ClayExtraction;ControlledFire;HerbalKnowledge;KnowledgeSharing;Quarry"
1282,Animal,1.15,100,1.2,0,240,62,178,0.258,128,500,"","Clay=191549.01;PlantFiber=189693.36;WoodLog=60799.43","ClayPit=3;Farm=3;FiberGatheringCamp=3;HealerHut=10;Pasture=3;WoodHouse=20","Agriculture;AnimalHusbandry;ClayExtraction;ControlledFire;HerbalKnowledge;KnowledgeSharing;Quarry"
1283,Animal,1.15,100,1.2,0,240,62,178,0.258,128,500,"","Clay=191688.24;PlantFiber=189832.59;WoodLog=60859.43","ClayPit=3;Farm=3;FiberGatheringCamp=3;HealerHut=10;Pasture=3;WoodHouse=20","Agriculture;AnimalHusbandry;ClayExtraction;ControlledFire;HerbalKnowledge;KnowledgeSharing;Quarry"
1284,Animal,1.15,100,1.2,0,240,62,178,0.258,128,500,"","Clay=191827.47;PlantFiber=189971.82;WoodLog=60919.43","ClayPit=3;Farm=3;FiberGatheringCamp=3;HealerHut=10;Pasture=3;WoodHouse=20","Agriculture;AnimalHusbandry;ClayExtraction;ControlledFire;HerbalKnowledge;KnowledgeSharing;Quarry"
1285,Animal,1.15,100,1.2,0,240,62,178,0.258,128,500,"","Clay=191966.7;PlantFiber=190111.05;WoodLog=60979.43","ClayPit=3;Farm=3;FiberGatheringCamp=3;HealerHut=10;Pasture=3;WoodHouse=20","Agriculture;AnimalHusbandry;ClayExtraction;ControlledFire;HerbalKnowledge;KnowledgeSharing;Quarry"
1286,Animal,1.15,100,1.2,0,240,62,178,0.258,128,500,"","Clay=192105.93;PlantFiber=190250.28;WoodLog=61039.43","ClayPit=3;Farm=3;FiberGatheringCamp=3;HealerHut=10;Pasture=3;WoodHouse=20","Agriculture;AnimalHusbandry;ClayExtraction;ControlledFire;HerbalKnowledge;KnowledgeSharing;Quarry"
1287,Animal,1.15,100,1.2,0,240,62,178,0.258,128,500,"","Clay=192245.16;PlantFiber=190389.51;WoodLog=61099.43","ClayPit=3;Farm=3;FiberGatheringCamp=3;HealerHut=10;Pasture=3;WoodHouse=20","Agriculture;AnimalHusbandry;ClayExtraction;ControlledFire;HerbalKnowledge;KnowledgeSharing;Quarry"
1288,Animal,1.15,100,1.2,0,240,62,178,0.258,128,500,"","Clay=192384.39;PlantFiber=190528.74;WoodLog=61159.43","ClayPit=3;Farm=3;FiberGatheringCamp=3;HealerHut=10;Pasture=3;WoodHouse=20","Agriculture;AnimalHusbandry;ClayExtraction;ControlledFire;HerbalKnowledge;KnowledgeSharing;Quarry"
1289,Animal,1.15,100,1.2,0,240,62,178,0.258,128,500,"","Clay=192523.62;PlantFiber=190667.97;WoodLog=61219.43","ClayPit=3;Farm=3;FiberGatheringCamp=3;HealerHut=10;Pasture=3;WoodHouse=20","Agriculture;AnimalHusbandry;ClayExtraction;ControlledFire;HerbalKnowledge;KnowledgeSharing;Quarry"
1290,Animal,1.15,100,1.2,0,240,62,178,0.258,128,500,"","Clay=192662.85;PlantFiber=190807.2;WoodLog=61279.43","ClayPit=3;Farm=3;FiberGatheringCamp=3;HealerHut=10;Pasture=3;WoodHouse=20","Agriculture;AnimalHusbandry;ClayExtraction;ControlledFire;HerbalKnowledge;KnowledgeSharing;Quarry"
1291,Animal,1.15,100,1.2,0,240,62,178,0.258,128,500,"","Clay=192802.07;PlantFiber=190946.43;WoodLog=61339.43","ClayPit=3;Farm=3;FiberGatheringCamp=3;HealerHut=10;Pasture=3;WoodHouse=20","Agriculture;AnimalHusbandry;ClayExtraction;ControlledFire;HerbalKnowledge;KnowledgeSharing;Quarry"
1292,Animal,1.15,100,1.2,0,240,62,178,0.258,128,500,"","Clay=192941.3;PlantFiber=191085.65;WoodLog=61399.43","ClayPit=3;Farm=3;FiberGatheringCamp=3;HealerHut=10;Pasture=3;WoodHouse=20","Agriculture;AnimalHusbandry;ClayExtraction;ControlledFire;HerbalKnowledge;KnowledgeSharing;Quarry"
1293,Animal,1.15,100,1.2,0,240,62,178,0.258,128,500,"","Clay=193080.53;PlantFiber=191224.88;WoodLog=61459.43","ClayPit=3;Farm=3;FiberGatheringCamp=3;HealerHut=10;Pasture=3;WoodHouse=20","Agriculture;AnimalHusbandry;ClayExtraction;ControlledFire;HerbalKnowledge;KnowledgeSharing;Quarry"
1294,Animal,1.15,100,1.2,0,240,62,178,0.258,128,500,"","Clay=193219.76;PlantFiber=191364.11;WoodLog=61519.43","ClayPit=3;Farm=3;FiberGatheringCamp=3;HealerHut=10;Pasture=3;WoodHouse=20","Agriculture;AnimalHusbandry;ClayExtraction;ControlledFire;HerbalKnowledge;KnowledgeSharing;Quarry"
1295,Animal,1.15,100,1.2,0,240,62,178,0.258,128,500,"","Clay=193358.99;PlantFiber=191503.34;WoodLog=61579.43","ClayPit=3;Farm=3;FiberGatheringCamp=3;HealerHut=10;Pasture=3;WoodHouse=20","Agriculture;AnimalHusbandry;ClayExtraction;ControlledFire;HerbalKnowledge;KnowledgeSharing;Quarry"
1296,Animal,1.15,100,1.2,0,240,62,178,0.258,128,500,"","Clay=193498.22;PlantFiber=191642.57;WoodLog=61639.43","ClayPit=3;Farm=3;FiberGatheringCamp=3;HealerHut=10;Pasture=3;WoodHouse=20","Agriculture;AnimalHusbandry;ClayExtraction;ControlledFire;HerbalKnowledge;KnowledgeSharing;Quarry"
1297,Animal,1.15,100,1.2,0,240,62,178,0.258,128,500,"","Clay=193637.45;PlantFiber=191781.8;WoodLog=61699.43","ClayPit=3;Farm=3;FiberGatheringCamp=3;HealerHut=10;Pasture=3;WoodHouse=20","Agriculture;AnimalHusbandry;ClayExtraction;ControlledFire;HerbalKnowledge;KnowledgeSharing;Quarry"
1298,Animal,1.15,100,1.2,0,240,62,178,0.258,128,500,"","Clay=193776.68;PlantFiber=191921.03;WoodLog=61759.43","ClayPit=3;Farm=3;FiberGatheringCamp=3;HealerHut=10;Pasture=3;WoodHouse=20","Agriculture;AnimalHusbandry;ClayExtraction;ControlledFire;HerbalKnowledge;KnowledgeSharing;Quarry"
1299,Animal,1.15,100,1.2,0,240,62,178,0.258,128,500,"","Clay=193915.91;PlantFiber=192060.26;WoodLog=61819.43","ClayPit=3;Farm=3;FiberGatheringCamp=3;HealerHut=10;Pasture=3;WoodHouse=20","Agriculture;AnimalHusbandry;ClayExtraction;ControlledFire;HerbalKnowledge;KnowledgeSharing;Quarry"
1300,Animal,1.15,100,1.2,0,240,62,178,0.258,128,500,"","Clay=194055.13;PlantFiber=192199.49;WoodLog=61879.43","ClayPit=3;Farm=3;FiberGatheringCamp=3;HealerHut=10;Pasture=3;WoodHouse=20","Agriculture;AnimalHusbandry;ClayExtraction;ControlledFire;HerbalKnowledge;KnowledgeSharing;Quarry"
1301,Animal,1.15,100,1.2,0,240,62,178,0.258,128,500,"","Clay=194194.36;PlantFiber=192338.71;WoodLog=61939.43","ClayPit=3;Farm=3;FiberGatheringCamp=3;HealerHut=10;Pasture=3;WoodHouse=20","Agriculture;AnimalHusbandry;ClayExtraction;ControlledFire;HerbalKnowledge;KnowledgeSharing;Quarry"
1302,Animal,1.15,100,1.2,0,240,62,178,0.258,128,500,"","Clay=194333.59;PlantFiber=192477.94;WoodLog=61999.43","ClayPit=3;Farm=3;FiberGatheringCamp=3;HealerHut=10;Pasture=3;WoodHouse=20","Agriculture;AnimalHusbandry;ClayExtraction;ControlledFire;HerbalKnowledge;KnowledgeSharing;Quarry"
1303,Animal,1.15,100,1.2,0,240,62,178,0.258,128,500,"","Clay=194472.82;PlantFiber=192617.17;WoodLog=62059.43","ClayPit=3;Farm=3;FiberGatheringCamp=3;HealerHut=10;Pasture=3;WoodHouse=20","Agriculture;AnimalHusbandry;ClayExtraction;ControlledFire;HerbalKnowledge;KnowledgeSharing;Quarry"
1304,Animal,1.15,100,1.2,0,240,62,178,0.258,128,500,"","Clay=194612.05;PlantFiber=192756.4;WoodLog=62119.43","ClayPit=3;Farm=3;FiberGatheringCamp=3;HealerHut=10;Pasture=3;WoodHouse=20","Agriculture;AnimalHusbandry;ClayExtraction;ControlledFire;HerbalKnowledge;KnowledgeSharing;Quarry"
1305,Animal,1.15,100,1.2,0,240,62,178,0.258,128,500,"","Clay=194751.28;PlantFiber=192895.63;WoodLog=62179.43","ClayPit=3;Farm=3;FiberGatheringCamp=3;HealerHut=10;Pasture=3;WoodHouse=20","Agriculture;AnimalHusbandry;ClayExtraction;ControlledFire;HerbalKnowledge;KnowledgeSharing;Quarry"
1306,Animal,1.15,100,1.2,0,240,62,178,0.258,128,500,"","Clay=194890.51;PlantFiber=193034.86;WoodLog=62239.43","ClayPit=3;Farm=3;FiberGatheringCamp=3;HealerHut=10;Pasture=3;WoodHouse=20","Agriculture;AnimalHusbandry;ClayExtraction;ControlledFire;HerbalKnowledge;KnowledgeSharing;Quarry"
1307,Animal,1.15,100,1.2,0,240,62,178,0.258,128,500,"","Clay=195029.74;PlantFiber=193174.09;WoodLog=62299.43","ClayPit=3;Farm=3;FiberGatheringCamp=3;HealerHut=10;Pasture=3;WoodHouse=20","Agriculture;AnimalHusbandry;ClayExtraction;ControlledFire;HerbalKnowledge;KnowledgeSharing;Quarry"
1308,Animal,1.15,100,1.2,0,240,62,178,0.258,128,500,"","Clay=195168.97;PlantFiber=193313.32;WoodLog=62359.43","ClayPit=3;Farm=3;FiberGatheringCamp=3;HealerHut=10;Pasture=3;WoodHouse=20","Agriculture;AnimalHusbandry;ClayExtraction;ControlledFire;HerbalKnowledge;KnowledgeSharing;Quarry"
1309,Animal,1.15,100,1.2,0,240,62,178,0.258,128,500,"","Clay=195308.19;PlantFiber=193452.55;WoodLog=62419.43","ClayPit=3;Farm=3;FiberGatheringCamp=3;HealerHut=10;Pasture=3;WoodHouse=20","Agriculture;AnimalHusbandry;ClayExtraction;ControlledFire;HerbalKnowledge;KnowledgeSharing;Quarry"
1310,Animal,1.15,100,1.2,0,240,62,178,0.258,128,500,"","Clay=195447.42;PlantFiber=193591.77;WoodLog=62479.43","ClayPit=3;Farm=3;FiberGatheringCamp=3;HealerHut=10;Pasture=3;WoodHouse=20","Agriculture;AnimalHusbandry;ClayExtraction;ControlledFire;HerbalKnowledge;KnowledgeSharing;Quarry"
1311,Animal,1.15,100,1.2,0,240,62,178,0.258,128,500,"","Clay=195586.65;PlantFiber=193731;WoodLog=62539.43","ClayPit=3;Farm=3;FiberGatheringCamp=3;HealerHut=10;Pasture=3;WoodHouse=20","Agriculture;AnimalHusbandry;ClayExtraction;ControlledFire;HerbalKnowledge;KnowledgeSharing;Quarry"
1312,Animal,1.15,100,1.2,0,240,62,178,0.258,128,500,"","Clay=195725.88;PlantFiber=193870.23;WoodLog=62599.43","ClayPit=3;Farm=3;FiberGatheringCamp=3;HealerHut=10;Pasture=3;WoodHouse=20","Agriculture;AnimalHusbandry;ClayExtraction;ControlledFire;HerbalKnowledge;KnowledgeSharing;Quarry"
1313,Animal,1.15,100,1.2,0,240,62,178,0.258,128,500,"","Clay=195865.11;PlantFiber=194009.46;WoodLog=62659.43","ClayPit=3;Farm=3;FiberGatheringCamp=3;HealerHut=10;Pasture=3;WoodHouse=20","Agriculture;AnimalHusbandry;ClayExtraction;ControlledFire;HerbalKnowledge;KnowledgeSharing;Quarry"
1314,Animal,1.15,100,1.2,0,240,62,178,0.258,128,500,"","Clay=196004.34;PlantFiber=194148.69;WoodLog=62719.43","ClayPit=3;Farm=3;FiberGatheringCamp=3;HealerHut=10;Pasture=3;WoodHouse=20","Agriculture;AnimalHusbandry;ClayExtraction;ControlledFire;HerbalKnowledge;KnowledgeSharing;Quarry"
1315,Animal,1.15,100,1.2,0,240,62,178,0.258,128,500,"","Clay=196143.57;PlantFiber=194287.92;WoodLog=62779.43","ClayPit=3;Farm=3;FiberGatheringCamp=3;HealerHut=10;Pasture=3;WoodHouse=20","Agriculture;AnimalHusbandry;ClayExtraction;ControlledFire;HerbalKnowledge;KnowledgeSharing;Quarry"
1316,Animal,1.15,100,1.2,0,240,62,178,0.258,128,500,"","Clay=196282.8;PlantFiber=194427.15;WoodLog=62839.43","ClayPit=3;Farm=3;FiberGatheringCamp=3;HealerHut=10;Pasture=3;WoodHouse=20","Agriculture;AnimalHusbandry;ClayExtraction;ControlledFire;HerbalKnowledge;KnowledgeSharing;Quarry"
1317,Animal,1.15,100,1.2,0,240,62,178,0.258,128,500,"","Clay=196422.03;PlantFiber=194566.38;WoodLog=62899.43","ClayPit=3;Farm=3;FiberGatheringCamp=3;HealerHut=10;Pasture=3;WoodHouse=20","Agriculture;AnimalHusbandry;ClayExtraction;ControlledFire;HerbalKnowledge;KnowledgeSharing;Quarry"
1318,Animal,1.15,100,1.2,0,240,62,178,0.258,128,500,"","Clay=196561.25;PlantFiber=194705.61;WoodLog=62959.43","ClayPit=3;Farm=3;FiberGatheringCamp=3;HealerHut=10;Pasture=3;WoodHouse=20","Agriculture;AnimalHusbandry;ClayExtraction;ControlledFire;HerbalKnowledge;KnowledgeSharing;Quarry"
1319,Animal,1.15,100,1.2,0,240,62,178,0.258,128,500,"","Clay=196700.48;PlantFiber=194844.83;WoodLog=63019.43","ClayPit=3;Farm=3;FiberGatheringCamp=3;HealerHut=10;Pasture=3;WoodHouse=20","Agriculture;AnimalHusbandry;ClayExtraction;ControlledFire;HerbalKnowledge;KnowledgeSharing;Quarry"
1320,Animal,1.15,100,1.2,0,240,62,178,0.258,128,500,"","Clay=196839.71;PlantFiber=194984.06;WoodLog=63079.43","ClayPit=3;Farm=3;FiberGatheringCamp=3;HealerHut=10;Pasture=3;WoodHouse=20","Agriculture;AnimalHusbandry;ClayExtraction;ControlledFire;HerbalKnowledge;KnowledgeSharing;Quarry"
1321,Animal,1.15,100,1.2,0,240,62,178,0.258,128,500,"","Clay=196978.94;PlantFiber=195123.29;WoodLog=63139.43","ClayPit=3;Farm=3;FiberGatheringCamp=3;HealerHut=10;Pasture=3;WoodHouse=20","Agriculture;AnimalHusbandry;ClayExtraction;ControlledFire;HerbalKnowledge;KnowledgeSharing;Quarry"
1322,Animal,1.15,100,1.2,0,240,62,178,0.258,128,500,"","Clay=197118.17;PlantFiber=195262.52;WoodLog=63199.43","ClayPit=3;Farm=3;FiberGatheringCamp=3;HealerHut=10;Pasture=3;WoodHouse=20","Agriculture;AnimalHusbandry;ClayExtraction;ControlledFire;HerbalKnowledge;KnowledgeSharing;Quarry"
1323,Animal,1.15,100,1.2,0,240,62,178,0.258,128,500,"","Clay=197257.4;PlantFiber=195401.75;WoodLog=63259.43","ClayPit=3;Farm=3;FiberGatheringCamp=3;HealerHut=10;Pasture=3;WoodHouse=20","Agriculture;AnimalHusbandry;ClayExtraction;ControlledFire;HerbalKnowledge;KnowledgeSharing;Quarry"
1324,Animal,1.15,100,1.2,0,240,62,178,0.258,128,500,"","Clay=197396.63;PlantFiber=195540.98;WoodLog=63319.43","ClayPit=3;Farm=3;FiberGatheringCamp=3;HealerHut=10;Pasture=3;WoodHouse=20","Agriculture;AnimalHusbandry;ClayExtraction;ControlledFire;HerbalKnowledge;KnowledgeSharing;Quarry"
1325,Animal,1.15,100,1.2,0,240,62,178,0.258,128,500,"","Clay=197535.86;PlantFiber=195680.21;WoodLog=63379.43","ClayPit=3;Farm=3;FiberGatheringCamp=3;HealerHut=10;Pasture=3;WoodHouse=20","Agriculture;AnimalHusbandry;ClayExtraction;ControlledFire;HerbalKnowledge;KnowledgeSharing;Quarry"
1326,Animal,1.15,100,1.2,0,240,62,178,0.258,128,500,"","Clay=197675.09;PlantFiber=195819.44;WoodLog=63439.43","ClayPit=3;Farm=3;FiberGatheringCamp=3;HealerHut=10;Pasture=3;WoodHouse=20","Agriculture;AnimalHusbandry;ClayExtraction;ControlledFire;HerbalKnowledge;KnowledgeSharing;Quarry"
1327,Animal,1.15,100,1.2,0,240,62,178,0.258,128,500,"","Clay=197814.31;PlantFiber=195958.67;WoodLog=63499.43","ClayPit=3;Farm=3;FiberGatheringCamp=3;HealerHut=10;Pasture=3;WoodHouse=20","Agriculture;AnimalHusbandry;ClayExtraction;ControlledFire;HerbalKnowledge;KnowledgeSharing;Quarry"
1328,Animal,1.15,100,1.2,0,240,62,178,0.258,128,500,"","Clay=197953.54;PlantFiber=196097.9;WoodLog=63559.43","ClayPit=3;Farm=3;FiberGatheringCamp=3;HealerHut=10;Pasture=3;WoodHouse=20","Agriculture;AnimalHusbandry;ClayExtraction;ControlledFire;HerbalKnowledge;KnowledgeSharing;Quarry"
1329,Animal,1.15,100,1.2,0,240,62,178,0.258,128,500,"","Clay=198092.77;PlantFiber=196237.12;WoodLog=63619.43","ClayPit=3;Farm=3;FiberGatheringCamp=3;HealerHut=10;Pasture=3;WoodHouse=20","Agriculture;AnimalHusbandry;ClayExtraction;ControlledFire;HerbalKnowledge;KnowledgeSharing;Quarry"
1330,Animal,1.15,100,1.2,0,240,62,178,0.258,128,500,"","Clay=198232;PlantFiber=196376.35;WoodLog=63679.43","ClayPit=3;Farm=3;FiberGatheringCamp=3;HealerHut=10;Pasture=3;WoodHouse=20","Agriculture;AnimalHusbandry;ClayExtraction;ControlledFire;HerbalKnowledge;KnowledgeSharing;Quarry"
1331,Animal,1.15,100,1.2,0,240,62,178,0.258,128,500,"","Clay=198371.23;PlantFiber=196515.58;WoodLog=63739.43","ClayPit=3;Farm=3;FiberGatheringCamp=3;HealerHut=10;Pasture=3;WoodHouse=20","Agriculture;AnimalHusbandry;ClayExtraction;ControlledFire;HerbalKnowledge;KnowledgeSharing;Quarry"
1332,Animal,1.15,100,1.2,0,240,62,178,0.258,128,500,"","Clay=198510.46;PlantFiber=196654.81;WoodLog=63799.43","ClayPit=3;Farm=3;FiberGatheringCamp=3;HealerHut=10;Pasture=3;WoodHouse=20","Agriculture;AnimalHusbandry;ClayExtraction;ControlledFire;HerbalKnowledge;KnowledgeSharing;Quarry"
1333,Animal,1.15,100,1.2,0,240,62,178,0.258,128,500,"","Clay=198649.69;PlantFiber=196794.04;WoodLog=63859.43","ClayPit=3;Farm=3;FiberGatheringCamp=3;HealerHut=10;Pasture=3;WoodHouse=20","Agriculture;AnimalHusbandry;ClayExtraction;ControlledFire;HerbalKnowledge;KnowledgeSharing;Quarry"
1334,Animal,1.15,100,1.2,0,240,62,178,0.258,128,500,"","Clay=198788.92;PlantFiber=196933.27;WoodLog=63919.43","ClayPit=3;Farm=3;FiberGatheringCamp=3;HealerHut=10;Pasture=3;WoodHouse=20","Agriculture;AnimalHusbandry;ClayExtraction;ControlledFire;HerbalKnowledge;KnowledgeSharing;Quarry"
1335,Animal,1.15,100,1.2,0,240,62,178,0.258,128,500,"","Clay=198928.15;PlantFiber=197072.5;WoodLog=63979.43","ClayPit=3;Farm=3;FiberGatheringCamp=3;HealerHut=10;Pasture=3;WoodHouse=20","Agriculture;AnimalHusbandry;ClayExtraction;ControlledFire;HerbalKnowledge;KnowledgeSharing;Quarry"
1336,Animal,1.15,100,1.2,0,240,62,178,0.258,128,500,"","Clay=199067.38;PlantFiber=197211.73;WoodLog=64039.43","ClayPit=3;Farm=3;FiberGatheringCamp=3;HealerHut=10;Pasture=3;WoodHouse=20","Agriculture;AnimalHusbandry;ClayExtraction;ControlledFire;HerbalKnowledge;KnowledgeSharing;Quarry"
1337,Animal,1.15,100,1.2,0,240,62,178,0.258,128,500,"","Clay=199206.6;PlantFiber=197350.96;WoodLog=64099.43","ClayPit=3;Farm=3;FiberGatheringCamp=3;HealerHut=10;Pasture=3;WoodHouse=20","Agriculture;AnimalHusbandry;ClayExtraction;ControlledFire;HerbalKnowledge;KnowledgeSharing;Quarry"
1338,Animal,1.15,100,1.2,0,240,62,178,0.258,128,500,"","Clay=199345.83;PlantFiber=197490.18;WoodLog=64159.43","ClayPit=3;Farm=3;FiberGatheringCamp=3;HealerHut=10;Pasture=3;WoodHouse=20","Agriculture;AnimalHusbandry;ClayExtraction;ControlledFire;HerbalKnowledge;KnowledgeSharing;Quarry"
1339,Animal,1.15,100,1.2,0,240,62,178,0.258,128,500,"","Clay=199485.06;PlantFiber=197629.41;WoodLog=64219.43","ClayPit=3;Farm=3;FiberGatheringCamp=3;HealerHut=10;Pasture=3;WoodHouse=20","Agriculture;AnimalHusbandry;ClayExtraction;ControlledFire;HerbalKnowledge;KnowledgeSharing;Quarry"
1340,Animal,1.15,100,1.2,0,240,62,178,0.258,128,500,"","Clay=199624.29;PlantFiber=197768.64;WoodLog=64279.43","ClayPit=3;Farm=3;FiberGatheringCamp=3;HealerHut=10;Pasture=3;WoodHouse=20","Agriculture;AnimalHusbandry;ClayExtraction;ControlledFire;HerbalKnowledge;KnowledgeSharing;Quarry"
1341,Animal,1.15,100,1.2,0,240,62,178,0.258,128,500,"","Clay=199763.52;PlantFiber=197907.87;WoodLog=64339.43","ClayPit=3;Farm=3;FiberGatheringCamp=3;HealerHut=10;Pasture=3;WoodHouse=20","Agriculture;AnimalHusbandry;ClayExtraction;ControlledFire;HerbalKnowledge;KnowledgeSharing;Quarry"
1342,Animal,1.15,100,1.2,0,240,62,178,0.258,128,500,"","Clay=199902.75;PlantFiber=198047.1;WoodLog=64399.43","ClayPit=3;Farm=3;FiberGatheringCamp=3;HealerHut=10;Pasture=3;WoodHouse=20","Agriculture;AnimalHusbandry;ClayExtraction;ControlledFire;HerbalKnowledge;KnowledgeSharing;Quarry"
1343,Animal,1.15,100,1.2,0,240,62,178,0.258,128,500,"","Clay=200041.98;PlantFiber=198186.33;WoodLog=64459.43","ClayPit=3;Farm=3;FiberGatheringCamp=3;HealerHut=10;Pasture=3;WoodHouse=20","Agriculture;AnimalHusbandry;ClayExtraction;ControlledFire;HerbalKnowledge;KnowledgeSharing;Quarry"
1344,Animal,1.15,100,1.2,0,240,62,178,0.258,128,500,"","Clay=200181.21;PlantFiber=198325.56;WoodLog=64519.43","ClayPit=3;Farm=3;FiberGatheringCamp=3;HealerHut=10;Pasture=3;WoodHouse=20","Agriculture;AnimalHusbandry;ClayExtraction;ControlledFire;HerbalKnowledge;KnowledgeSharing;Quarry"
1345,Animal,1.15,100,1.2,0,240,62,178,0.258,128,500,"","Clay=200320.44;PlantFiber=198464.79;WoodLog=64579.43","ClayPit=3;Farm=3;FiberGatheringCamp=3;HealerHut=10;Pasture=3;WoodHouse=20","Agriculture;AnimalHusbandry;ClayExtraction;ControlledFire;HerbalKnowledge;KnowledgeSharing;Quarry"
1346,Animal,1.15,100,1.2,0,240,62,178,0.258,128,500,"","Clay=200459.66;PlantFiber=198604.02;WoodLog=64639.43","ClayPit=3;Farm=3;FiberGatheringCamp=3;HealerHut=10;Pasture=3;WoodHouse=20","Agriculture;AnimalHusbandry;ClayExtraction;ControlledFire;HerbalKnowledge;KnowledgeSharing;Quarry"
1347,Animal,1.15,100,1.2,0,240,62,178,0.258,128,500,"","Clay=200598.89;PlantFiber=198743.24;WoodLog=64699.43","ClayPit=3;Farm=3;FiberGatheringCamp=3;HealerHut=10;Pasture=3;WoodHouse=20","Agriculture;AnimalHusbandry;ClayExtraction;ControlledFire;HerbalKnowledge;KnowledgeSharing;Quarry"
1348,Animal,1.15,100,1.2,0,240,62,178,0.258,128,500,"","Clay=200738.12;PlantFiber=198882.47;WoodLog=64759.43","ClayPit=3;Farm=3;FiberGatheringCamp=3;HealerHut=10;Pasture=3;WoodHouse=20","Agriculture;AnimalHusbandry;ClayExtraction;ControlledFire;HerbalKnowledge;KnowledgeSharing;Quarry"
1349,Animal,1.15,100,1.2,0,240,62,178,0.258,128,500,"","Clay=200877.35;PlantFiber=199021.7;WoodLog=64819.43","ClayPit=3;Farm=3;FiberGatheringCamp=3;HealerHut=10;Pasture=3;WoodHouse=20","Agriculture;AnimalHusbandry;ClayExtraction;ControlledFire;HerbalKnowledge;KnowledgeSharing;Quarry"
1350,Animal,1.15,100,1.2,0,240,62,178,0.258,128,500,"","Clay=201016.58;PlantFiber=199160.93;WoodLog=64879.43","ClayPit=3;Farm=3;FiberGatheringCamp=3;HealerHut=10;Pasture=3;WoodHouse=20","Agriculture;AnimalHusbandry;ClayExtraction;ControlledFire;HerbalKnowledge;KnowledgeSharing;Quarry"
1351,Animal,1.15,100,1.2,0,240,62,178,0.258,128,500,"","Clay=201155.81;PlantFiber=199300.16;WoodLog=64939.43","ClayPit=3;Farm=3;FiberGatheringCamp=3;HealerHut=10;Pasture=3;WoodHouse=20","Agriculture;AnimalHusbandry;ClayExtraction;ControlledFire;HerbalKnowledge;KnowledgeSharing;Quarry"
1352,Animal,1.15,100,1.2,0,240,62,178,0.258,128,500,"","Clay=201295.04;PlantFiber=199439.39;WoodLog=64999.43","ClayPit=3;Farm=3;FiberGatheringCamp=3;HealerHut=10;Pasture=3;WoodHouse=20","Agriculture;AnimalHusbandry;ClayExtraction;ControlledFire;HerbalKnowledge;KnowledgeSharing;Quarry"
1353,Animal,1.15,100,1.2,0,240,62,178,0.258,128,500,"","Clay=201434.27;PlantFiber=199578.62;WoodLog=65059.43","ClayPit=3;Farm=3;FiberGatheringCamp=3;HealerHut=10;Pasture=3;WoodHouse=20","Agriculture;AnimalHusbandry;ClayExtraction;ControlledFire;HerbalKnowledge;KnowledgeSharing;Quarry"
1354,Animal,1.15,100,1.2,0,240,62,178,0.258,128,500,"","Clay=201573.5;PlantFiber=199717.85;WoodLog=65119.43","ClayPit=3;Farm=3;FiberGatheringCamp=3;HealerHut=10;Pasture=3;WoodHouse=20","Agriculture;AnimalHusbandry;ClayExtraction;ControlledFire;HerbalKnowledge;KnowledgeSharing;Quarry"
1355,Animal,1.15,100,1.2,0,240,62,178,0.258,128,500,"","Clay=201712.72;PlantFiber=199857.08;WoodLog=65179.43","ClayPit=3;Farm=3;FiberGatheringCamp=3;HealerHut=10;Pasture=3;WoodHouse=20","Agriculture;AnimalHusbandry;ClayExtraction;ControlledFire;HerbalKnowledge;KnowledgeSharing;Quarry"
1356,Animal,1.15,100,1.2,0,240,62,178,0.258,128,500,"","Clay=201851.95;PlantFiber=199996.3;WoodLog=65239.43","ClayPit=3;Farm=3;FiberGatheringCamp=3;HealerHut=10;Pasture=3;WoodHouse=20","Agriculture;AnimalHusbandry;ClayExtraction;ControlledFire;HerbalKnowledge;KnowledgeSharing;Quarry"
1357,Animal,1.15,100,1.2,0,240,62,178,0.258,128,500,"","Clay=201991.18;PlantFiber=200135.53;WoodLog=65299.43","ClayPit=3;Farm=3;FiberGatheringCamp=3;HealerHut=10;Pasture=3;WoodHouse=20","Agriculture;AnimalHusbandry;ClayExtraction;ControlledFire;HerbalKnowledge;KnowledgeSharing;Quarry"
1358,Animal,1.15,100,1.2,0,240,62,178,0.258,128,500,"","Clay=202130.41;PlantFiber=200274.76;WoodLog=65359.43","ClayPit=3;Farm=3;FiberGatheringCamp=3;HealerHut=10;Pasture=3;WoodHouse=20","Agriculture;AnimalHusbandry;ClayExtraction;ControlledFire;HerbalKnowledge;KnowledgeSharing;Quarry"
1359,Animal,1.15,100,1.2,0,240,62,178,0.258,128,500,"","Clay=202269.64;PlantFiber=200413.99;WoodLog=65419.43","ClayPit=3;Farm=3;FiberGatheringCamp=3;HealerHut=10;Pasture=3;WoodHouse=20","Agriculture;AnimalHusbandry;ClayExtraction;ControlledFire;HerbalKnowledge;KnowledgeSharing;Quarry"
1360,Animal,1.15,100,1.2,0,240,62,178,0.258,128,500,"","Clay=202408.87;PlantFiber=200553.22;WoodLog=65479.43","ClayPit=3;Farm=3;FiberGatheringCamp=3;HealerHut=10;Pasture=3;WoodHouse=20","Agriculture;AnimalHusbandry;ClayExtraction;ControlledFire;HerbalKnowledge;KnowledgeSharing;Quarry"
1361,Animal,1.15,100,1.2,0,240,62,178,0.258,128,500,"","Clay=202548.1;PlantFiber=200692.45;WoodLog=65539.43","ClayPit=3;Farm=3;FiberGatheringCamp=3;HealerHut=10;Pasture=3;WoodHouse=20","Agriculture;AnimalHusbandry;ClayExtraction;ControlledFire;HerbalKnowledge;KnowledgeSharing;Quarry"
1362,Animal,1.15,100,1.2,0,240,62,178,0.258,128,500,"","Clay=202687.33;PlantFiber=200831.68;WoodLog=65599.43","ClayPit=3;Farm=3;FiberGatheringCamp=3;HealerHut=10;Pasture=3;WoodHouse=20","Agriculture;AnimalHusbandry;ClayExtraction;ControlledFire;HerbalKnowledge;KnowledgeSharing;Quarry"
1363,Animal,1.15,100,1.2,0,240,62,178,0.258,128,500,"","Clay=202826.56;PlantFiber=200970.91;WoodLog=65659.43","ClayPit=3;Farm=3;FiberGatheringCamp=3;HealerHut=10;Pasture=3;WoodHouse=20","Agriculture;AnimalHusbandry;ClayExtraction;ControlledFire;HerbalKnowledge;KnowledgeSharing;Quarry"
1364,Animal,1.15,100,1.2,0,240,62,178,0.258,128,500,"","Clay=202965.78;PlantFiber=201110.14;WoodLog=65719.43","ClayPit=3;Farm=3;FiberGatheringCamp=3;HealerHut=10;Pasture=3;WoodHouse=20","Agriculture;AnimalHusbandry;ClayExtraction;ControlledFire;HerbalKnowledge;KnowledgeSharing;Quarry"
1365,Animal,1.15,100,1.2,0,240,62,178,0.258,128,500,"","Clay=203105.01;PlantFiber=201249.36;WoodLog=65779.43","ClayPit=3;Farm=3;FiberGatheringCamp=3;HealerHut=10;Pasture=3;WoodHouse=20","Agriculture;AnimalHusbandry;ClayExtraction;ControlledFire;HerbalKnowledge;KnowledgeSharing;Quarry"
1366,Animal,1.15,100,1.2,0,240,62,178,0.258,128,500,"","Clay=203244.24;PlantFiber=201388.59;WoodLog=65839.43","ClayPit=3;Farm=3;FiberGatheringCamp=3;HealerHut=10;Pasture=3;WoodHouse=20","Agriculture;AnimalHusbandry;ClayExtraction;ControlledFire;HerbalKnowledge;KnowledgeSharing;Quarry"
1367,Animal,1.15,100,1.2,0,240,62,178,0.258,128,500,"","Clay=203383.47;PlantFiber=201527.82;WoodLog=65899.43","ClayPit=3;Farm=3;FiberGatheringCamp=3;HealerHut=10;Pasture=3;WoodHouse=20","Agriculture;AnimalHusbandry;ClayExtraction;ControlledFire;HerbalKnowledge;KnowledgeSharing;Quarry"
1368,Animal,1.15,100,1.2,0,240,62,178,0.258,128,500,"","Clay=203522.7;PlantFiber=201667.05;WoodLog=65959.43","ClayPit=3;Farm=3;FiberGatheringCamp=3;HealerHut=10;Pasture=3;WoodHouse=20","Agriculture;AnimalHusbandry;ClayExtraction;ControlledFire;HerbalKnowledge;KnowledgeSharing;Quarry"
1369,Animal,1.15,100,1.2,0,240,62,178,0.258,128,500,"","Clay=203661.93;PlantFiber=201806.28;WoodLog=66019.43","ClayPit=3;Farm=3;FiberGatheringCamp=3;HealerHut=10;Pasture=3;WoodHouse=20","Agriculture;AnimalHusbandry;ClayExtraction;ControlledFire;HerbalKnowledge;KnowledgeSharing;Quarry"
1370,Animal,1.15,100,1.2,0,240,62,178,0.258,128,500,"","Clay=203801.16;PlantFiber=201945.51;WoodLog=66079.43","ClayPit=3;Farm=3;FiberGatheringCamp=3;HealerHut=10;Pasture=3;WoodHouse=20","Agriculture;AnimalHusbandry;ClayExtraction;ControlledFire;HerbalKnowledge;KnowledgeSharing;Quarry"
1371,Animal,1.15,100,1.2,0,240,62,178,0.258,128,500,"","Clay=203940.39;PlantFiber=202084.74;WoodLog=66139.43","ClayPit=3;Farm=3;FiberGatheringCamp=3;HealerHut=10;Pasture=3;WoodHouse=20","Agriculture;AnimalHusbandry;ClayExtraction;ControlledFire;HerbalKnowledge;KnowledgeSharing;Quarry"
1372,Animal,1.15,100,1.2,0,240,62,178,0.258,128,500,"","Clay=204079.62;PlantFiber=202223.97;WoodLog=66199.43","ClayPit=3;Farm=3;FiberGatheringCamp=3;HealerHut=10;Pasture=3;WoodHouse=20","Agriculture;AnimalHusbandry;ClayExtraction;ControlledFire;HerbalKnowledge;KnowledgeSharing;Quarry"
1373,Animal,1.15,100,1.2,0,240,62,178,0.258,128,500,"","Clay=204218.85;PlantFiber=202363.2;WoodLog=66259.43","ClayPit=3;Farm=3;FiberGatheringCamp=3;HealerHut=10;Pasture=3;WoodHouse=20","Agriculture;AnimalHusbandry;ClayExtraction;ControlledFire;HerbalKnowledge;KnowledgeSharing;Quarry"
1374,Animal,1.15,100,1.2,0,240,62,178,0.258,128,500,"","Clay=204358.07;PlantFiber=202502.43;WoodLog=66319.43","ClayPit=3;Farm=3;FiberGatheringCamp=3;HealerHut=10;Pasture=3;WoodHouse=20","Agriculture;AnimalHusbandry;ClayExtraction;ControlledFire;HerbalKnowledge;KnowledgeSharing;Quarry"
1375,Animal,1.15,100,1.2,0,240,62,178,0.258,128,500,"","Clay=204497.3;PlantFiber=202641.65;WoodLog=66379.43","ClayPit=3;Farm=3;FiberGatheringCamp=3;HealerHut=10;Pasture=3;WoodHouse=20","Agriculture;AnimalHusbandry;ClayExtraction;ControlledFire;HerbalKnowledge;KnowledgeSharing;Quarry"
1376,Animal,1.15,100,1.2,0,240,62,178,0.258,128,500,"","Clay=204636.53;PlantFiber=202780.88;WoodLog=66439.43","ClayPit=3;Farm=3;FiberGatheringCamp=3;HealerHut=10;Pasture=3;WoodHouse=20","Agriculture;AnimalHusbandry;ClayExtraction;ControlledFire;HerbalKnowledge;KnowledgeSharing;Quarry"
1377,Animal,1.15,100,1.2,0,240,62,178,0.258,128,500,"","Clay=204775.76;PlantFiber=202920.11;WoodLog=66499.43","ClayPit=3;Farm=3;FiberGatheringCamp=3;HealerHut=10;Pasture=3;WoodHouse=20","Agriculture;AnimalHusbandry;ClayExtraction;ControlledFire;HerbalKnowledge;KnowledgeSharing;Quarry"
1378,Animal,1.15,100,1.2,0,240,62,178,0.258,128,500,"","Clay=204914.99;PlantFiber=203059.34;WoodLog=66559.43","ClayPit=3;Farm=3;FiberGatheringCamp=3;HealerHut=10;Pasture=3;WoodHouse=20","Agriculture;AnimalHusbandry;ClayExtraction;ControlledFire;HerbalKnowledge;KnowledgeSharing;Quarry"
1379,Animal,1.15,100,1.2,0,240,62,178,0.258,128,500,"","Clay=205054.22;PlantFiber=203198.57;WoodLog=66619.43","ClayPit=3;Farm=3;FiberGatheringCamp=3;HealerHut=10;Pasture=3;WoodHouse=20","Agriculture;AnimalHusbandry;ClayExtraction;ControlledFire;HerbalKnowledge;KnowledgeSharing;Quarry"
1380,Animal,1.15,100,1.2,0,240,62,178,0.258,128,500,"","Clay=205193.45;PlantFiber=203337.8;WoodLog=66679.43","ClayPit=3;Farm=3;FiberGatheringCamp=3;HealerHut=10;Pasture=3;WoodHouse=20","Agriculture;AnimalHusbandry;ClayExtraction;ControlledFire;HerbalKnowledge;KnowledgeSharing;Quarry"
1381,Animal,1.15,100,1.2,0,240,62,178,0.258,128,500,"","Clay=205332.68;PlantFiber=203477.03;WoodLog=66739.43","ClayPit=3;Farm=3;FiberGatheringCamp=3;HealerHut=10;Pasture=3;WoodHouse=20","Agriculture;AnimalHusbandry;ClayExtraction;ControlledFire;HerbalKnowledge;KnowledgeSharing;Quarry"
1382,Animal,1.15,100,1.2,0,240,62,178,0.258,128,500,"","Clay=205471.91;PlantFiber=203616.26;WoodLog=66799.43","ClayPit=3;Farm=3;FiberGatheringCamp=3;HealerHut=10;Pasture=3;WoodHouse=20","Agriculture;AnimalHusbandry;ClayExtraction;ControlledFire;HerbalKnowledge;KnowledgeSharing;Quarry"
1383,Animal,1.15,100,1.2,0,240,62,178,0.258,128,500,"","Clay=205611.13;PlantFiber=203755.49;WoodLog=66859.43","ClayPit=3;Farm=3;FiberGatheringCamp=3;HealerHut=10;Pasture=3;WoodHouse=20","Agriculture;AnimalHusbandry;ClayExtraction;ControlledFire;HerbalKnowledge;KnowledgeSharing;Quarry"
1384,Animal,1.15,100,1.2,0,240,62,178,0.258,128,500,"","Clay=205750.36;PlantFiber=203894.71;WoodLog=66919.43","ClayPit=3;Farm=3;FiberGatheringCamp=3;HealerHut=10;Pasture=3;WoodHouse=20","Agriculture;AnimalHusbandry;ClayExtraction;ControlledFire;HerbalKnowledge;KnowledgeSharing;Quarry"
1385,Animal,1.15,100,1.2,0,240,62,178,0.258,128,500,"","Clay=205889.59;PlantFiber=204033.94;WoodLog=66979.43","ClayPit=3;Farm=3;FiberGatheringCamp=3;HealerHut=10;Pasture=3;WoodHouse=20","Agriculture;AnimalHusbandry;ClayExtraction;ControlledFire;HerbalKnowledge;KnowledgeSharing;Quarry"
1386,Animal,1.15,100,1.2,0,240,62,178,0.258,128,500,"","Clay=206028.82;PlantFiber=204173.17;WoodLog=67039.43","ClayPit=3;Farm=3;FiberGatheringCamp=3;HealerHut=10;Pasture=3;WoodHouse=20","Agriculture;AnimalHusbandry;ClayExtraction;ControlledFire;HerbalKnowledge;KnowledgeSharing;Quarry"
1387,Animal,1.15,100,1.2,0,240,62,178,0.258,128,500,"","Clay=206168.05;PlantFiber=204312.4;WoodLog=67099.43","ClayPit=3;Farm=3;FiberGatheringCamp=3;HealerHut=10;Pasture=3;WoodHouse=20","Agriculture;AnimalHusbandry;ClayExtraction;ControlledFire;HerbalKnowledge;KnowledgeSharing;Quarry"
1388,Animal,1.15,100,1.2,0,240,62,178,0.258,128,500,"","Clay=206307.28;PlantFiber=204451.63;WoodLog=67159.43","ClayPit=3;Farm=3;FiberGatheringCamp=3;HealerHut=10;Pasture=3;WoodHouse=20","Agriculture;AnimalHusbandry;ClayExtraction;ControlledFire;HerbalKnowledge;KnowledgeSharing;Quarry"
1389,Animal,1.15,100,1.2,0,240,62,178,0.258,128,500,"","Clay=206446.51;PlantFiber=204590.86;WoodLog=67219.43","ClayPit=3;Farm=3;FiberGatheringCamp=3;HealerHut=10;Pasture=3;WoodHouse=20","Agriculture;AnimalHusbandry;ClayExtraction;ControlledFire;HerbalKnowledge;KnowledgeSharing;Quarry"
1390,Animal,1.15,100,1.2,0,240,62,178,0.258,128,500,"","Clay=206585.74;PlantFiber=204730.09;WoodLog=67279.43","ClayPit=3;Farm=3;FiberGatheringCamp=3;HealerHut=10;Pasture=3;WoodHouse=20","Agriculture;AnimalHusbandry;ClayExtraction;ControlledFire;HerbalKnowledge;KnowledgeSharing;Quarry"
1391,Animal,1.15,100,1.2,0,240,62,178,0.258,128,500,"","Clay=206724.97;PlantFiber=204869.32;WoodLog=67339.43","ClayPit=3;Farm=3;FiberGatheringCamp=3;HealerHut=10;Pasture=3;WoodHouse=20","Agriculture;AnimalHusbandry;ClayExtraction;ControlledFire;HerbalKnowledge;KnowledgeSharing;Quarry"
1392,Animal,1.15,100,1.2,0,240,62,178,0.258,128,500,"","Clay=206864.19;PlantFiber=205008.55;WoodLog=67399.43","ClayPit=3;Farm=3;FiberGatheringCamp=3;HealerHut=10;Pasture=3;WoodHouse=20","Agriculture;AnimalHusbandry;ClayExtraction;ControlledFire;HerbalKnowledge;KnowledgeSharing;Quarry"
1393,Animal,1.15,100,1.2,0,240,62,178,0.258,128,500,"","Clay=207003.42;PlantFiber=205147.77;WoodLog=67459.43","ClayPit=3;Farm=3;FiberGatheringCamp=3;HealerHut=10;Pasture=3;WoodHouse=20","Agriculture;AnimalHusbandry;ClayExtraction;ControlledFire;HerbalKnowledge;KnowledgeSharing;Quarry"
1394,Animal,1.15,100,1.2,0,240,62,178,0.258,128,500,"","Clay=207142.65;PlantFiber=205287;WoodLog=67519.43","ClayPit=3;Farm=3;FiberGatheringCamp=3;HealerHut=10;Pasture=3;WoodHouse=20","Agriculture;AnimalHusbandry;ClayExtraction;ControlledFire;HerbalKnowledge;KnowledgeSharing;Quarry"
1395,Animal,1.15,100,1.2,0,240,62,178,0.258,128,500,"","Clay=207281.88;PlantFiber=205426.23;WoodLog=67579.43","ClayPit=3;Farm=3;FiberGatheringCamp=3;HealerHut=10;Pasture=3;WoodHouse=20","Agriculture;AnimalHusbandry;ClayExtraction;ControlledFire;HerbalKnowledge;KnowledgeSharing;Quarry"
1396,Animal,1.15,100,1.2,0,240,62,178,0.258,128,500,"","Clay=207421.11;PlantFiber=205565.46;WoodLog=67639.43","ClayPit=3;Farm=3;FiberGatheringCamp=3;HealerHut=10;Pasture=3;WoodHouse=20","Agriculture;AnimalHusbandry;ClayExtraction;ControlledFire;HerbalKnowledge;KnowledgeSharing;Quarry"
1397,Animal,1.15,100,1.2,0,240,62,178,0.258,128,500,"","Clay=207560.34;PlantFiber=205704.69;WoodLog=67699.43","ClayPit=3;Farm=3;FiberGatheringCamp=3;HealerHut=10;Pasture=3;WoodHouse=20","Agriculture;AnimalHusbandry;ClayExtraction;ControlledFire;HerbalKnowledge;KnowledgeSharing;Quarry"
1398,Animal,1.15,100,1.2,0,240,62,178,0.258,128,500,"","Clay=207699.57;PlantFiber=205843.92;WoodLog=67759.43","ClayPit=3;Farm=3;FiberGatheringCamp=3;HealerHut=10;Pasture=3;WoodHouse=20","Agriculture;AnimalHusbandry;ClayExtraction;ControlledFire;HerbalKnowledge;KnowledgeSharing;Quarry"
1399,Animal,1.15,100,1.2,0,240,62,178,0.258,128,500,"","Clay=207838.8;PlantFiber=205983.15;WoodLog=67819.43","ClayPit=3;Farm=3;FiberGatheringCamp=3;HealerHut=10;Pasture=3;WoodHouse=20","Agriculture;AnimalHusbandry;ClayExtraction;ControlledFire;HerbalKnowledge;KnowledgeSharing;Quarry"
1400,Animal,1.15,100,1.2,0,240,62,178,0.258,128,500,"","Clay=207978.03;PlantFiber=206122.38;WoodLog=67879.43","ClayPit=3;Farm=3;FiberGatheringCamp=3;HealerHut=10;Pasture=3;WoodHouse=20","Agriculture;AnimalHusbandry;ClayExtraction;ControlledFire;HerbalKnowledge;KnowledgeSharing;Quarry"
1401,Animal,1.15,100,1.2,0,240,62,178,0.258,128,500,"","Clay=208117.25;PlantFiber=206261.61;WoodLog=67939.43","ClayPit=3;Farm=3;FiberGatheringCamp=3;HealerHut=10;Pasture=3;WoodHouse=20","Agriculture;AnimalHusbandry;ClayExtraction;ControlledFire;HerbalKnowledge;KnowledgeSharing;Quarry"
1402,Animal,1.15,100,1.2,0,240,62,178,0.258,128,500,"","Clay=208256.48;PlantFiber=206400.83;WoodLog=67999.43","ClayPit=3;Farm=3;FiberGatheringCamp=3;HealerHut=10;Pasture=3;WoodHouse=20","Agriculture;AnimalHusbandry;ClayExtraction;ControlledFire;HerbalKnowledge;KnowledgeSharing;Quarry"
1403,Animal,1.15,100,1.2,0,240,62,178,0.258,128,500,"","Clay=208395.71;PlantFiber=206540.06;WoodLog=68059.43","ClayPit=3;Farm=3;FiberGatheringCamp=3;HealerHut=10;Pasture=3;WoodHouse=20","Agriculture;AnimalHusbandry;ClayExtraction;ControlledFire;HerbalKnowledge;KnowledgeSharing;Quarry"
1404,Animal,1.15,100,1.2,0,240,62,178,0.258,128,500,"","Clay=208534.94;PlantFiber=206679.29;WoodLog=68119.43","ClayPit=3;Farm=3;FiberGatheringCamp=3;HealerHut=10;Pasture=3;WoodHouse=20","Agriculture;AnimalHusbandry;ClayExtraction;ControlledFire;HerbalKnowledge;KnowledgeSharing;Quarry"
1405,Animal,1.15,100,1.2,0,240,62,178,0.258,128,500,"","Clay=208674.17;PlantFiber=206818.52;WoodLog=68179.43","ClayPit=3;Farm=3;FiberGatheringCamp=3;HealerHut=10;Pasture=3;WoodHouse=20","Agriculture;AnimalHusbandry;ClayExtraction;ControlledFire;HerbalKnowledge;KnowledgeSharing;Quarry"
1406,Animal,1.15,100,1.2,0,240,62,178,0.258,128,500,"","Clay=208813.4;PlantFiber=206957.75;WoodLog=68239.43","ClayPit=3;Farm=3;FiberGatheringCamp=3;HealerHut=10;Pasture=3;WoodHouse=20","Agriculture;AnimalHusbandry;ClayExtraction;ControlledFire;HerbalKnowledge;KnowledgeSharing;Quarry"
1407,Animal,1.15,100,1.2,0,240,62,178,0.258,128,500,"","Clay=208952.63;PlantFiber=207096.98;WoodLog=68299.43","ClayPit=3;Farm=3;FiberGatheringCamp=3;HealerHut=10;Pasture=3;WoodHouse=20","Agriculture;AnimalHusbandry;ClayExtraction;ControlledFire;HerbalKnowledge;KnowledgeSharing;Quarry"
1408,Animal,1.15,100,1.2,0,240,62,178,0.258,128,500,"","Clay=209091.86;PlantFiber=207236.21;WoodLog=68359.43","ClayPit=3;Farm=3;FiberGatheringCamp=3;HealerHut=10;Pasture=3;WoodHouse=20","Agriculture;AnimalHusbandry;ClayExtraction;ControlledFire;HerbalKnowledge;KnowledgeSharing;Quarry"
1409,Animal,1.15,100,1.2,0,240,62,178,0.258,128,500,"","Clay=209231.09;PlantFiber=207375.44;WoodLog=68419.43","ClayPit=3;Farm=3;FiberGatheringCamp=3;HealerHut=10;Pasture=3;WoodHouse=20","Agriculture;AnimalHusbandry;ClayExtraction;ControlledFire;HerbalKnowledge;KnowledgeSharing;Quarry"
1410,Animal,1.15,100,1.2,0,240,62,178,0.258,128,500,"","Clay=209370.31;PlantFiber=207514.67;WoodLog=68479.43","ClayPit=3;Farm=3;FiberGatheringCamp=3;HealerHut=10;Pasture=3;WoodHouse=20","Agriculture;AnimalHusbandry;ClayExtraction;ControlledFire;HerbalKnowledge;KnowledgeSharing;Quarry"
1411,Animal,1.15,100,1.2,0,240,62,178,0.258,128,500,"","Clay=209509.54;PlantFiber=207653.9;WoodLog=68539.43","ClayPit=3;Farm=3;FiberGatheringCamp=3;HealerHut=10;Pasture=3;WoodHouse=20","Agriculture;AnimalHusbandry;ClayExtraction;ControlledFire;HerbalKnowledge;KnowledgeSharing;Quarry"
1412,Animal,1.15,100,1.2,0,240,62,178,0.258,128,500,"","Clay=209648.77;PlantFiber=207793.12;WoodLog=68599.43","ClayPit=3;Farm=3;FiberGatheringCamp=3;HealerHut=10;Pasture=3;WoodHouse=20","Agriculture;AnimalHusbandry;ClayExtraction;ControlledFire;HerbalKnowledge;KnowledgeSharing;Quarry"
1413,Animal,1.15,100,1.2,0,240,62,178,0.258,128,500,"","Clay=209788;PlantFiber=207932.35;WoodLog=68659.43","ClayPit=3;Farm=3;FiberGatheringCamp=3;HealerHut=10;Pasture=3;WoodHouse=20","Agriculture;AnimalHusbandry;ClayExtraction;ControlledFire;HerbalKnowledge;KnowledgeSharing;Quarry"
1414,Animal,1.15,100,1.2,0,240,62,178,0.258,128,500,"","Clay=209927.23;PlantFiber=208071.58;WoodLog=68719.43","ClayPit=3;Farm=3;FiberGatheringCamp=3;HealerHut=10;Pasture=3;WoodHouse=20","Agriculture;AnimalHusbandry;ClayExtraction;ControlledFire;HerbalKnowledge;KnowledgeSharing;Quarry"
1415,Animal,1.15,100,1.2,0,240,62,178,0.258,128,500,"","Clay=210066.46;PlantFiber=208210.81;WoodLog=68779.43","ClayPit=3;Farm=3;FiberGatheringCamp=3;HealerHut=10;Pasture=3;WoodHouse=20","Agriculture;AnimalHusbandry;ClayExtraction;ControlledFire;HerbalKnowledge;KnowledgeSharing;Quarry"
1416,Animal,1.15,100,1.2,0,240,62,178,0.258,128,500,"","Clay=210205.69;PlantFiber=208350.04;WoodLog=68839.43","ClayPit=3;Farm=3;FiberGatheringCamp=3;HealerHut=10;Pasture=3;WoodHouse=20","Agriculture;AnimalHusbandry;ClayExtraction;ControlledFire;HerbalKnowledge;KnowledgeSharing;Quarry"
1417,Animal,1.15,100,1.2,0,240,62,178,0.258,128,500,"","Clay=210344.92;PlantFiber=208489.27;WoodLog=68899.43","ClayPit=3;Farm=3;FiberGatheringCamp=3;HealerHut=10;Pasture=3;WoodHouse=20","Agriculture;AnimalHusbandry;ClayExtraction;ControlledFire;HerbalKnowledge;KnowledgeSharing;Quarry"
1418,Animal,1.15,100,1.2,0,240,62,178,0.258,128,500,"","Clay=210484.15;PlantFiber=208628.5;WoodLog=68959.43","ClayPit=3;Farm=3;FiberGatheringCamp=3;HealerHut=10;Pasture=3;WoodHouse=20","Agriculture;AnimalHusbandry;ClayExtraction;ControlledFire;HerbalKnowledge;KnowledgeSharing;Quarry"
1419,Animal,1.15,100,1.2,0,240,62,178,0.258,128,500,"","Clay=210623.38;PlantFiber=208767.73;WoodLog=69019.43","ClayPit=3;Farm=3;FiberGatheringCamp=3;HealerHut=10;Pasture=3;WoodHouse=20","Agriculture;AnimalHusbandry;ClayExtraction;ControlledFire;HerbalKnowledge;KnowledgeSharing;Quarry"
1420,Animal,1.15,100,1.2,0,240,62,178,0.258,128,500,"","Clay=210762.6;PlantFiber=208906.96;WoodLog=69079.43","ClayPit=3;Farm=3;FiberGatheringCamp=3;HealerHut=10;Pasture=3;WoodHouse=20","Agriculture;AnimalHusbandry;ClayExtraction;ControlledFire;HerbalKnowledge;KnowledgeSharing;Quarry"
1421,Animal,1.15,100,1.2,0,240,62,178,0.258,128,500,"","Clay=210901.83;PlantFiber=209046.18;WoodLog=69139.43","ClayPit=3;Farm=3;FiberGatheringCamp=3;HealerHut=10;Pasture=3;WoodHouse=20","Agriculture;AnimalHusbandry;ClayExtraction;ControlledFire;HerbalKnowledge;KnowledgeSharing;Quarry"
1422,Animal,1.15,100,1.2,0,240,62,178,0.258,128,500,"","Clay=211041.06;PlantFiber=209185.41;WoodLog=69199.43","ClayPit=3;Farm=3;FiberGatheringCamp=3;HealerHut=10;Pasture=3;WoodHouse=20","Agriculture;AnimalHusbandry;ClayExtraction;ControlledFire;HerbalKnowledge;KnowledgeSharing;Quarry"
1423,Animal,1.15,100,1.2,0,240,62,178,0.258,128,500,"","Clay=211180.29;PlantFiber=209324.64;WoodLog=69259.43","ClayPit=3;Farm=3;FiberGatheringCamp=3;HealerHut=10;Pasture=3;WoodHouse=20","Agriculture;AnimalHusbandry;ClayExtraction;ControlledFire;HerbalKnowledge;KnowledgeSharing;Quarry"
1424,Animal,1.15,100,1.2,0,240,62,178,0.258,128,500,"","Clay=211319.52;PlantFiber=209463.87;WoodLog=69319.43","ClayPit=3;Farm=3;FiberGatheringCamp=3;HealerHut=10;Pasture=3;WoodHouse=20","Agriculture;AnimalHusbandry;ClayExtraction;ControlledFire;HerbalKnowledge;KnowledgeSharing;Quarry"
1425,Animal,1.15,100,1.2,0,240,62,178,0.258,128,500,"","Clay=211458.75;PlantFiber=209603.1;WoodLog=69379.43","ClayPit=3;Farm=3;FiberGatheringCamp=3;HealerHut=10;Pasture=3;WoodHouse=20","Agriculture;AnimalHusbandry;ClayExtraction;ControlledFire;HerbalKnowledge;KnowledgeSharing;Quarry"
1426,Animal,1.15,100,1.2,0,240,62,178,0.258,128,500,"","Clay=211597.98;PlantFiber=209742.33;WoodLog=69439.43","ClayPit=3;Farm=3;FiberGatheringCamp=3;HealerHut=10;Pasture=3;WoodHouse=20","Agriculture;AnimalHusbandry;ClayExtraction;ControlledFire;HerbalKnowledge;KnowledgeSharing;Quarry"
1427,Animal,1.15,100,1.2,0,240,62,178,0.258,128,500,"","Clay=211737.21;PlantFiber=209881.56;WoodLog=69499.43","ClayPit=3;Farm=3;FiberGatheringCamp=3;HealerHut=10;Pasture=3;WoodHouse=20","Agriculture;AnimalHusbandry;ClayExtraction;ControlledFire;HerbalKnowledge;KnowledgeSharing;Quarry"
1428,Animal,1.15,100,1.2,0,240,62,178,0.258,128,500,"","Clay=211876.44;PlantFiber=210020.79;WoodLog=69559.43","ClayPit=3;Farm=3;FiberGatheringCamp=3;HealerHut=10;Pasture=3;WoodHouse=20","Agriculture;AnimalHusbandry;ClayExtraction;ControlledFire;HerbalKnowledge;KnowledgeSharing;Quarry"
1429,Animal,1.15,100,1.2,0,240,62,178,0.258,128,500,"","Clay=212015.66;PlantFiber=210160.02;WoodLog=69619.43","ClayPit=3;Farm=3;FiberGatheringCamp=3;HealerHut=10;Pasture=3;WoodHouse=20","Agriculture;AnimalHusbandry;ClayExtraction;ControlledFire;HerbalKnowledge;KnowledgeSharing;Quarry"
1430,Animal,1.15,100,1.2,0,240,62,178,0.258,128,500,"","Clay=212154.89;PlantFiber=210299.24;WoodLog=69679.43","ClayPit=3;Farm=3;FiberGatheringCamp=3;HealerHut=10;Pasture=3;WoodHouse=20","Agriculture;AnimalHusbandry;ClayExtraction;ControlledFire;HerbalKnowledge;KnowledgeSharing;Quarry"
1431,Animal,1.15,100,1.2,0,240,62,178,0.258,128,500,"","Clay=212294.12;PlantFiber=210438.47;WoodLog=69739.43","ClayPit=3;Farm=3;FiberGatheringCamp=3;HealerHut=10;Pasture=3;WoodHouse=20","Agriculture;AnimalHusbandry;ClayExtraction;ControlledFire;HerbalKnowledge;KnowledgeSharing;Quarry"
1432,Animal,1.15,100,1.2,0,240,62,178,0.258,128,500,"","Clay=212433.35;PlantFiber=210577.7;WoodLog=69799.43","ClayPit=3;Farm=3;FiberGatheringCamp=3;HealerHut=10;Pasture=3;WoodHouse=20","Agriculture;AnimalHusbandry;ClayExtraction;ControlledFire;HerbalKnowledge;KnowledgeSharing;Quarry"
1433,Animal,1.15,100,1.2,0,240,62,178,0.258,128,500,"","Clay=212572.58;PlantFiber=210716.93;WoodLog=69859.43","ClayPit=3;Farm=3;FiberGatheringCamp=3;HealerHut=10;Pasture=3;WoodHouse=20","Agriculture;AnimalHusbandry;ClayExtraction;ControlledFire;HerbalKnowledge;KnowledgeSharing;Quarry"
1434,Animal,1.15,100,1.2,0,240,62,178,0.258,128,500,"","Clay=212711.81;PlantFiber=210856.16;WoodLog=69919.43","ClayPit=3;Farm=3;FiberGatheringCamp=3;HealerHut=10;Pasture=3;WoodHouse=20","Agriculture;AnimalHusbandry;ClayExtraction;ControlledFire;HerbalKnowledge;KnowledgeSharing;Quarry"
1435,Animal,1.15,100,1.2,0,240,62,178,0.258,128,500,"","Clay=212851.04;PlantFiber=210995.39;WoodLog=69979.43","ClayPit=3;Farm=3;FiberGatheringCamp=3;HealerHut=10;Pasture=3;WoodHouse=20","Agriculture;AnimalHusbandry;ClayExtraction;ControlledFire;HerbalKnowledge;KnowledgeSharing;Quarry"
1436,Animal,1.15,100,1.2,0,240,62,178,0.258,128,500,"","Clay=212990.27;PlantFiber=211134.62;WoodLog=70039.43","ClayPit=3;Farm=3;FiberGatheringCamp=3;HealerHut=10;Pasture=3;WoodHouse=20","Agriculture;AnimalHusbandry;ClayExtraction;ControlledFire;HerbalKnowledge;KnowledgeSharing;Quarry"
1437,Animal,1.15,100,1.2,0,240,62,178,0.258,128,500,"","Clay=213129.5;PlantFiber=211273.85;WoodLog=70099.43","ClayPit=3;Farm=3;FiberGatheringCamp=3;HealerHut=10;Pasture=3;WoodHouse=20","Agriculture;AnimalHusbandry;ClayExtraction;ControlledFire;HerbalKnowledge;KnowledgeSharing;Quarry"
1438,Animal,1.15,100,1.2,0,240,62,178,0.258,128,500,"","Clay=213268.72;PlantFiber=211413.08;WoodLog=70159.43","ClayPit=3;Farm=3;FiberGatheringCamp=3;HealerHut=10;Pasture=3;WoodHouse=20","Agriculture;AnimalHusbandry;ClayExtraction;ControlledFire;HerbalKnowledge;KnowledgeSharing;Quarry"
1439,Animal,1.15,100,1.2,0,240,62,178,0.258,128,500,"","Clay=213407.95;PlantFiber=211552.3;WoodLog=70219.43","ClayPit=3;Farm=3;FiberGatheringCamp=3;HealerHut=10;Pasture=3;WoodHouse=20","Agriculture;AnimalHusbandry;ClayExtraction;ControlledFire;HerbalKnowledge;KnowledgeSharing;Quarry"
1440,Animal,1.15,100,1.2,0,240,62,178,0.258,128,500,"","Clay=213547.18;PlantFiber=211691.53;WoodLog=70279.43","ClayPit=3;Farm=3;FiberGatheringCamp=3;HealerHut=10;Pasture=3;WoodHouse=20","Agriculture;AnimalHusbandry;ClayExtraction;ControlledFire;HerbalKnowledge;KnowledgeSharing;Quarry"
