FirstSeconds,LastSeconds,Route,Subsystem,Outcome,Candidate,RepeatCount,Reason
0,32902,Normal,"Workshop","Blocked","",656,"industrial-workshop system is locked"
0,90,Normal,"Building","Waiting","",3,"productivity or territory is insufficient"
0,0,Normal,"Research","Selected","Agriculture",1,"score=240.275"
1,26,Normal,"Research","Waiting","Agriculture",26,"complete resource cost is not yet affordable"
27,27,Normal,"Research","Paid","Agriculture",1,"complete resource cost paid atomically"
88,88,Normal,"Research","Completed","Agriculture",1,"elapsed=88s"
135,135,Normal,"Building","Constructed","WoodHouse",1,"score=145; count=1"
180,180,Normal,"Building","Waiting","",1,"productivity or territory is insufficient"
180,180,Normal,"Research","Selected","ControlledFire",1,"score=153.662"
181,181,Normal,"Research","Paid","ControlledFire",1,"complete resource cost paid atomically"
193,193,Normal,"Research","Completed","ControlledFire",1,"elapsed=13s"
225,225,Normal,"Building","Constructed","WoodHouse",1,"score=25; count=2"
270,270,Normal,"Building","Waiting","",1,"productivity or territory is insufficient"
315,315,Normal,"Building","Constructed","Farm",1,"score=360; count=1"
360,360,Normal,"Building","Constructed","FiberGatheringCamp",1,"score=270; count=1"
360,360,Normal,"Research","Selected","ClayExtraction",1,"score=146.437"
361,371,Normal,"Research","Waiting","ClayExtraction",11,"complete resource cost is not yet affordable"
372,372,Normal,"Research","Paid","ClayExtraction",1,"complete resource cost paid atomically"
405,405,Normal,"Building","Waiting","",1,"productivity or territory is insufficient"
426,426,Normal,"Research","Completed","ClayExtraction",1,"elapsed=66s"
450,450,Normal,"Building","Constructed","Farm",1,"score=240; count=2"
495,495,Normal,"Building","Constructed","Farm",1,"score=240; count=3"
540,540,Normal,"Building","Waiting","",1,"productivity or territory is insufficient"
540,540,Normal,"Research","Selected","Quarry",1,"score=70.05"
541,1512,Normal,"Research","Waiting","Quarry",972,"complete resource cost is not yet affordable"
585,585,Normal,"Building","Constructed","ClayPit",1,"score=270; count=1"
630,630,Normal,"Building","Waiting","",1,"productivity or territory is insufficient"
675,675,Normal,"Building","Constructed","ClayPit",1,"score=150; count=2"
720,765,Normal,"Building","Waiting","",2,"productivity or territory is insufficient"
810,810,Normal,"Building","Constructed","WoodHouse",1,"score=25; count=3"
855,855,Normal,"Building","Constructed","FiberGatheringCamp",1,"score=150; count=2"
900,900,Normal,"Building","Waiting","",1,"productivity or territory is insufficient"
945,945,Normal,"Building","Constructed","FiberGatheringCamp",1,"score=150; count=3"
990,990,Normal,"Building","Waiting","",1,"productivity or territory is insufficient"
1035,1035,Normal,"Building","Constructed","ClayPit",1,"score=150; count=3"
1080,1125,Normal,"Building","Waiting","",2,"productivity or territory is insufficient"
1170,1170,Normal,"Building","Constructed","WoodHouse",1,"score=25; count=4"
1215,1305,Normal,"Building","Waiting","",3,"productivity or territory is insufficient"
1350,1350,Normal,"Building","Constructed","WoodHouse",1,"score=25; count=5"
1395,1620,Normal,"Building","Waiting","",6,"productivity or territory is insufficient"
1513,1513,Normal,"Research","Paid","Quarry",1,"complete resource cost paid atomically"
1540,1540,Normal,"Research","Completed","Quarry",1,"elapsed=1000s"
1540,1540,Normal,"Research","Selected","StoneTools",1,"score=185.859"
1541,1677,Normal,"Research","Waiting","StoneTools",137,"complete resource cost is not yet affordable"
1665,1665,Normal,"Building","Constructed","Quarry",1,"score=320; count=1"
1678,1678,Normal,"Research","Paid","StoneTools",1,"complete resource cost paid atomically"
1710,1755,Normal,"Building","Waiting","",2,"productivity or territory is insufficient"
1800,1800,Normal,"Building","Constructed","Quarry",1,"score=200; count=2"
1840,1840,Normal,"Research","Completed","StoneTools",1,"elapsed=300s"
1840,1840,Normal,"Research","Selected","Mining",1,"score=165.937"
1841,2507,Normal,"Research","Waiting","Mining",667,"complete resource cost is not yet affordable"
1845,1890,Normal,"Building","Waiting","",2,"productivity or territory is insufficient"
1935,1935,Normal,"Building","Constructed","StoneCuttingWorkshop",1,"score=200; count=1"
1980,2025,Normal,"Building","Waiting","",2,"productivity or territory is insufficient"
2070,2070,Normal,"Building","Constructed","WoodHouse",1,"score=25; count=6"
2115,2160,Normal,"Building","Waiting","",2,"productivity or territory is insufficient"
2205,2205,Normal,"Building","Constructed","StoneCuttingWorkshop",1,"score=80; count=2"
2250,2295,Normal,"Building","Waiting","",2,"productivity or territory is insufficient"
2340,2340,Normal,"Building","Constructed","Quarry",1,"score=200; count=3"
2385,2700,Normal,"Building","Waiting","",8,"productivity or territory is insufficient"
2508,2508,Normal,"Research","Paid","Mining",1,"complete resource cost paid atomically"
2745,2745,Normal,"Building","Constructed","WoodHouse",1,"score=25; count=7"
2790,2835,Normal,"Building","Waiting","",2,"productivity or territory is insufficient"
2880,2880,Normal,"Building","Constructed","StoneCuttingWorkshop",1,"score=80; count=3"
2925,3150,Normal,"Building","Waiting","",6,"productivity or territory is insufficient"
2937,2937,Normal,"Research","Completed","Mining",1,"elapsed=1097s"
2937,2937,Normal,"Research","Selected","Woodworking",1,"score=73.503"
2938,2938,Normal,"Research","Paid","Woodworking",1,"complete resource cost paid atomically"
3195,3195,Normal,"Building","Constructed","WoodHouse",1,"score=25; count=8"
3204,3204,Normal,"Research","Completed","Woodworking",1,"elapsed=267s"
3204,3204,Normal,"Research","Selected","KnowledgeSharing",1,"score=58.05"
3205,3205,Normal,"Research","Paid","KnowledgeSharing",1,"complete resource cost paid atomically"
3240,3285,Normal,"Building","Waiting","",2,"productivity or territory is insufficient"
3330,3330,Normal,"Building","Constructed","Lumberyard",1,"score=620; count=1"
3375,3375,Normal,"Building","Constructed","Lumberyard",1,"score=500; count=2"
3420,3420,Normal,"Building","Constructed","Lumberyard",1,"score=500; count=3"
3465,3465,Normal,"Building","Constructed","WoodHouse",1,"score=25; count=9"
3501,3501,Normal,"Research","Completed","KnowledgeSharing",1,"elapsed=297s"
3501,3501,Normal,"Research","Selected","HerbalKnowledge",1,"score=9.847"
3502,3502,Normal,"Research","Paid","HerbalKnowledge",1,"complete resource cost paid atomically"
3510,3510,Normal,"Building","Constructed","WoodHouse",1,"score=25; count=10"
3555,3555,Normal,"Building","Constructed","WoodHouse",1,"score=25; count=11"
3600,3600,Normal,"Building","Constructed","WoodHouse",1,"score=25; count=12"
3645,3645,Normal,"Building","Constructed","WoodHouse",1,"score=25; count=13"
3689,3689,Normal,"Research","Completed","HerbalKnowledge",1,"elapsed=188s"
3689,3689,Normal,"Research","Selected","AnimalHusbandry",1,"score=-13.563"
3690,3690,Normal,"Research","Paid","AnimalHusbandry",1,"complete resource cost paid atomically"
3690,3690,Normal,"Building","Constructed","WoodHouse",1,"score=25; count=14"
3735,3735,Normal,"Building","Constructed","WoodHouse",1,"score=25; count=15"
3742,3742,Normal,"Research","Completed","AnimalHusbandry",1,"elapsed=53s"
3780,3780,Normal,"Building","Constructed","WoodHouse",1,"score=25; count=16"
3825,3825,Normal,"Building","Constructed","WoodHouse",1,"score=25; count=17"
3869,3869,Normal,"Research","Selected","NeolithicSettlement",1,"score=301.551"
3870,3870,Normal,"Research","Paid","NeolithicSettlement",1,"complete resource cost paid atomically"
3870,3870,Normal,"Building","Constructed","WoodHouse",1,"score=25; count=18"
3915,3915,Normal,"Building","Constructed","WoodHouse",1,"score=25; count=19"
3960,3960,Normal,"Building","Waiting","",1,"no strategy candidate"
4005,4005,Normal,"Building","Constructed","WoodHouse",1,"score=25; count=20"
4050,4365,Normal,"Building","Waiting","",8,"no strategy candidate"
4399,4399,Normal,"Research","Completed","NeolithicSettlement",1,"elapsed=530s"
4399,4399,Normal,"Research","Selected","CeramicFiring",1,"score=215.937"
4400,4647,Normal,"Research","Waiting","CeramicFiring",248,"complete resource cost is not yet affordable"
4410,4410,Normal,"Building","Constructed","KnowledgeCircle",1,"score=220; count=1"
4455,4455,Normal,"Building","Constructed","KnowledgeCircle",1,"score=100; count=2"
4500,4500,Normal,"Building","Constructed","KnowledgeCircle",1,"score=100; count=3"
4545,4545,Normal,"Building","Constructed","MetalMine",1,"score=380; count=1"
4590,4590,Normal,"Building","Constructed","CoalMine",1,"score=270; count=1"
4635,4635,Normal,"Building","Constructed","MetalMine",1,"score=260; count=2"
4648,4648,Normal,"Research","Paid","CeramicFiring",1,"complete resource cost paid atomically"
4680,4680,Normal,"Building","Constructed","MetalMine",1,"score=260; count=3"
4725,4725,Normal,"Building","Constructed","CoalMine",1,"score=150; count=2"
4770,4770,Normal,"Building","Constructed","CoalMine",1,"score=150; count=3"
4815,4860,Normal,"Building","Waiting","",2,"productivity or territory is insufficient"
4875,4875,Normal,"Research","Completed","CeramicFiring",1,"elapsed=476s"
4875,4875,Normal,"Research","Selected","TextileCraft",1,"score=136.551"
4876,4876,Normal,"Research","Paid","TextileCraft",1,"complete resource cost paid atomically"
4905,4905,Normal,"Building","Constructed","CeramicKiln",1,"score=208; count=1"
4950,4950,Normal,"Building","Constructed","CeramicKiln",1,"score=88; count=2"
4995,4995,Normal,"Building","Constructed","CeramicKiln",1,"score=88; count=3"
5040,5040,Normal,"Building","Waiting","",1,"productivity or territory is insufficient"
5078,5078,Normal,"Research","Completed","TextileCraft",1,"elapsed=203s"
5078,5078,Normal,"Research","Selected","CharcoalMaking",1,"score=49.662"
5079,5079,Normal,"Research","Paid","CharcoalMaking",1,"complete resource cost paid atomically"
5085,5085,Normal,"Building","Constructed","WeavingWorkshop",1,"score=210; count=1"
5130,5130,Normal,"Building","Constructed","WeavingWorkshop",1,"score=90; count=2"
5175,5175,Normal,"Building","Constructed","WeavingWorkshop",1,"score=90; count=3"
5220,5805,Normal,"Building","Waiting","",14,"productivity or territory is insufficient"
5837,5837,Normal,"Research","Completed","CharcoalMaking",1,"elapsed=759s"
5837,5837,Normal,"Research","Selected","Mathematics",1,"score=-23.765"
5838,5838,Normal,"Research","Paid","Mathematics",1,"complete resource cost paid atomically"
5850,5850,Normal,"Building","Constructed","CharcoalKiln",1,"score=180; count=1"
5895,5895,Normal,"Building","Constructed","CharcoalKiln",1,"score=60; count=2"
5940,5940,Normal,"Building","Constructed","CharcoalKiln",1,"score=60; count=3"
5985,7065,Normal,"Building","Waiting","",25,"productivity or territory is insufficient"
6160,6160,Normal,"Research","Completed","Mathematics",1,"elapsed=323s"
6160,6160,Normal,"Research","Selected","Calendar",1,"score=-9.345"
6161,6161,Normal,"Research","Paid","Calendar",1,"complete resource cost paid atomically"
6439,6439,Normal,"Research","Completed","Calendar",1,"elapsed=279s"
6439,6439,Normal,"Research","Selected","WrittenRecords",1,"score=144.245"
6440,6440,Normal,"Research","Paid","WrittenRecords",1,"complete resource cost paid atomically"
7069,7069,Normal,"Research","Completed","WrittenRecords",1,"elapsed=630s"
7069,7069,Normal,"Research","Selected","FoodPreservation",1,"score=55.937"
7070,7070,Normal,"Research","Paid","FoodPreservation",1,"complete resource cost paid atomically"
7110,7200,Normal,"Building","Upgraded","KnowledgeCircle->ScribeHut",3,"eligible upgrade chain selected"
7216,7216,Normal,"Research","Completed","FoodPreservation",1,"elapsed=147s"
7245,7245,Normal,"Building","Constructed","Smokehouse",1,"score=195; count=1"
7249,7249,Normal,"Research","Selected","NaturalPhilosophy",1,"score=-11.366"
7250,7250,Normal,"Research","Paid","NaturalPhilosophy",1,"complete resource cost paid atomically"
7290,7290,Normal,"Building","Constructed","Smokehouse",1,"score=75; count=2"
7335,7335,Normal,"Building","Constructed","Smokehouse",1,"score=75; count=3"
7380,8235,Normal,"Building","Waiting","",20,"productivity or territory is insufficient"
7390,7390,Normal,"Research","Completed","NaturalPhilosophy",1,"elapsed=141s"
7429,7429,Normal,"Research","Selected","VillageOrganization",1,"score=-25.109"
7430,7430,Normal,"Research","Paid","VillageOrganization",1,"complete resource cost paid atomically"
7533,7533,Normal,"Research","Completed","VillageOrganization",1,"elapsed=104s"
7609,7609,Normal,"Research","Selected","OrganizedDefense",1,"score=-25.563"
7610,7610,Normal,"Research","Paid","OrganizedDefense",1,"complete resource cost paid atomically"
7723,7723,Normal,"Research","Completed","OrganizedDefense",1,"elapsed=114s"
7789,7789,Normal,"Research","Selected","Measurement",1,"score=-27.062"
7790,7790,Normal,"Research","Paid","Measurement",1,"complete resource cost paid atomically"
7890,7890,Normal,"Research","Completed","Measurement",1,"elapsed=101s"
7969,7969,Normal,"Research","Selected","Masonry",1,"score=62.847"
7970,7970,Normal,"Research","Paid","Masonry",1,"complete resource cost paid atomically"
8237,8237,Normal,"Research","Completed","Masonry",1,"elapsed=268s"
8237,8237,Normal,"Research","Selected","IrrigationEngineering",1,"score=61.272"
8238,8238,Normal,"Research","Paid","IrrigationEngineering",1,"complete resource cost paid atomically"
8280,8595,Normal,"Building","Upgraded","WoodHouse->StoneHouse",8,"eligible upgrade chain selected"
8599,8599,Normal,"Research","Completed","IrrigationEngineering",1,"elapsed=362s"
8599,8599,Normal,"Research","Selected","Smithing_Copper",1,"score=59.887"
8600,8600,Normal,"Research","Paid","Smithing_Copper",1,"complete resource cost paid atomically"
8640,8730,Normal,"Building","Upgraded","Farm->IrrigationWorks",3,"eligible upgrade chain selected"
8775,9180,Normal,"Building","Upgraded","WoodHouse->StoneHouse",10,"eligible upgrade chain selected"
9073,9073,Normal,"Research","Completed","Smithing_Copper",1,"elapsed=474s"
9073,9073,Normal,"Research","Selected","FoodStorage",1,"score=51.521"
9074,9074,Normal,"Research","Paid","FoodStorage",1,"complete resource cost paid atomically"
9207,9207,Normal,"Research","Completed","FoodStorage",1,"elapsed=134s"
9225,9315,Normal,"Building","Upgraded","Smokehouse->Granary",3,"eligible upgrade chain selected"
9253,9253,Normal,"Research","Selected","CropRotation",1,"score=-19.367"
9254,9254,Normal,"Research","Paid","CropRotation",1,"complete resource cost paid atomically"
9360,9405,Normal,"Building","Upgraded","WoodHouse->StoneHouse",2,"eligible upgrade chain selected"
9450,9450,Normal,"Building","Constructed","MetalSmelter",1,"score=375; count=1"
9495,9495,Normal,"Building","Constructed","MetalSmelter",1,"score=255; count=2"
9540,9540,Normal,"Building","Constructed","MetalSmelter",1,"score=255; count=3"
9585,14412,Normal,"Building","Waiting","",107,"productivity or territory is insufficient"
9673,9673,Normal,"Research","Completed","CropRotation",1,"elapsed=420s"
9673,9673,Normal,"Research","Selected","AnimalFodder",1,"score=-31.141"
9674,9674,Normal,"Research","Paid","AnimalFodder",1,"complete resource cost paid atomically"
9900,9900,Normal,"Research","Completed","AnimalFodder",1,"elapsed=227s"
9900,9900,Normal,"Research","Selected","VillageCrafts",1,"score=-33.95"
9901,9901,Normal,"Research","Paid","VillageCrafts",1,"complete resource cost paid atomically"
10284,10284,Normal,"Research","Completed","VillageCrafts",1,"elapsed=384s"
10284,10284,Normal,"Research","Selected","CouncilGovernance",1,"score=-34.754"
10285,10285,Normal,"Research","Paid","CouncilGovernance",1,"complete resource cost paid atomically"
10732,10732,Normal,"Research","Completed","CouncilGovernance",1,"elapsed=448s"
10732,10732,Normal,"Research","Selected","Smithing_Bronze",1,"score=-36.867"
10733,10733,Normal,"Research","Paid","Smithing_Bronze",1,"complete resource cost paid atomically"
11382,11382,Normal,"Research","Completed","Smithing_Bronze",1,"elapsed=650s"
11382,11382,Normal,"Research","Selected","OrganizedWatch",1,"score=-35.765"
11383,11383,Normal,"Research","Paid","OrganizedWatch",1,"complete resource cost paid atomically"
11909,11909,Normal,"Research","Completed","OrganizedWatch",1,"elapsed=527s"
11909,11909,Normal,"Research","Selected","Smithing_Iron",1,"score=-36.345"
11910,11910,Normal,"Research","Paid","Smithing_Iron",1,"complete resource cost paid atomically"
12492,12492,Normal,"Research","Completed","Smithing_Iron",1,"elapsed=583s"
12492,12492,Normal,"Research","Selected","FeudalAdministration",1,"score=-63.725"
12493,12493,Normal,"Research","Paid","FeudalAdministration",1,"complete resource cost paid atomically"
13871,13871,Normal,"Research","Completed","FeudalAdministration",1,"elapsed=1379s"
13871,13871,Normal,"Research","Selected","Steelmaking",1,"score=88.895"
13872,13872,Normal,"Research","Paid","Steelmaking",1,"complete resource cost paid atomically"
14422,14422,Normal,"Research","Completed","Steelmaking",1,"elapsed=551s"
14422,14422,Normal,"Research","Selected","MechanicalEngineering",1,"score=-19.522"
14432,14592,Normal,"Research","Waiting","MechanicalEngineering",17,"complete resource cost is not yet affordable"
14462,14462,Normal,"Building","Constructed","SteelForge",1,"score=200; count=1"
14512,14512,Normal,"Building","Constructed","SteelForge",1,"score=80; count=2"
14562,14562,Normal,"Building","Constructed","SteelForge",1,"score=80; count=3"
14602,14602,Normal,"Research","Paid","MechanicalEngineering",1,"complete resource cost paid atomically"
14612,31062,Normal,"Building","Waiting","",330,"productivity or territory is insufficient"
15012,15012,Normal,"Research","Completed","MechanicalEngineering",1,"elapsed=590s"
15012,15012,Normal,"Research","Selected","Industrialization",1,"score=593.684"
15022,15022,Normal,"Research","Paid","Industrialization",1,"complete resource cost paid atomically"
31092,31092,Normal,"Research","Completed","Industrialization",1,"elapsed=16080s"
31092,31092,Normal,"Research","Selected","IndustrialWorkshop",1,"score=955.549"
31102,31102,Normal,"Research","Paid","IndustrialWorkshop",1,"complete resource cost paid atomically"
31702,31702,Normal,"Building","Waiting","",1,"productivity or territory is insufficient [CokeOven:candidate=False;constructible=True;affordable=False;available=False;owned=0;upgradeTo=IndustrialCarbonizationRetort;research=SteamPower|Coking;workshop=;productivity=1106.84;territory=2010]"
32302,32302,Normal,"Building","Waiting","",1,"productivity or territory is insufficient [CokeOven:candidate=False;constructible=True;affordable=False;available=False;owned=0;upgradeTo=IndustrialCarbonizationRetort;research=SteamPower|Coking;workshop=;productivity=1104.48;territory=2010]"
32902,34102,Normal,"Building","Waiting","",3,"productivity or territory is insufficient [CokeOven:candidate=False;constructible=True;affordable=False;available=False;owned=0;upgradeTo=IndustrialCarbonizationRetort;research=SteamPower|Coking;workshop=;productivity=1102.12;territory=2010]"
33502,33502,Normal,"Research","Completed","IndustrialWorkshop",1,"elapsed=2410s"
33502,33502,Normal,"Workshop","Purchased","DraftingTables",1,"score=49.52"
33502,33502,Normal,"Research","Selected","PetroleumExtraction",1,"score=209.503"
34102,34102,Normal,"Research","Paid","PetroleumExtraction",1,"complete resource cost paid atomically"
34102,40102,Normal,"Workshop","Waiting","",11,"no prerequisite-complete upgrade"
34702,37702,Normal,"Building","Waiting","",6,"productivity or territory is insufficient [CokeOven:candidate=False;constructible=True;affordable=False;available=False;owned=0;upgradeTo=IndustrialCarbonizationRetort;research=SteamPower|Coking;workshop=;productivity=1099.76;territory=2010]"
37102,37102,Normal,"Research","Completed","PetroleumExtraction",1,"elapsed=3600s"
37102,37102,Normal,"Research","Selected","SteamPower",1,"score=116.499"
37702,37702,Normal,"Research","Paid","SteamPower",1,"complete resource cost paid atomically"
38302,38302,Normal,"Building","Waiting","",1,"productivity or territory is insufficient [CokeOven:candidate=False;constructible=True;affordable=False;available=False;owned=0;upgradeTo=IndustrialCarbonizationRetort;research=SteamPower|Coking;workshop=;productivity=1097.4;territory=2010]"
38902,38902,Normal,"Building","Waiting","",1,"productivity or territory is insufficient [CokeOven:candidate=False;constructible=True;affordable=False;available=False;owned=0;upgradeTo=IndustrialCarbonizationRetort;research=SteamPower|Coking;workshop=;productivity=1392.4;territory=2010]"
39502,39502,Normal,"Building","Waiting","",1,"productivity or territory is insufficient [CokeOven:candidate=False;constructible=True;affordable=False;available=False;owned=0;upgradeTo=IndustrialCarbonizationRetort;research=SteamPower|Coking;workshop=;productivity=1345.2;territory=2010]"
40102,40102,Normal,"Building","Waiting","",1,"productivity or territory is insufficient [CokeOven:candidate=False;constructible=True;affordable=False;available=False;owned=0;upgradeTo=IndustrialCarbonizationRetort;research=SteamPower|Coking;workshop=;productivity=1302.72;territory=2010]"
40702,40702,Normal,"Research","Completed","SteamPower",1,"elapsed=3600s"
40702,46102,Normal,"Workshop","Waiting","",10,"upgrade resources are insufficient"
40702,40702,Normal,"Building","Constructed","SteamPlant",1,"score=100; count=1"
40702,40702,Normal,"Research","Selected","Coking",1,"score=383.246"
41302,41302,Normal,"Research","Paid","Coking",1,"complete resource cost paid atomically"
41302,41302,Normal,"Building","Constructed","SteamPlant",1,"score=-20; count=2"
41902,41902,Normal,"Building","Constructed","SteamPlant",1,"score=-20; count=3"
42502,42502,Normal,"Building","Waiting","",1,"productivity or territory is insufficient [CokeOven:candidate=False;constructible=True;affordable=False;available=False;owned=0;upgradeTo=IndustrialCarbonizationRetort;research=SteamPower|Coking;workshop=;productivity=1016.52;territory=1956]"
43102,43102,Normal,"Building","Waiting","",1,"productivity or territory is insufficient [CokeOven:candidate=False;constructible=True;affordable=False;available=False;owned=0;upgradeTo=IndustrialCarbonizationRetort;research=SteamPower|Coking;workshop=;productivity=1000;territory=1956]"
43702,43702,Normal,"Building","Waiting","",1,"productivity or territory is insufficient [CokeOven:candidate=False;constructible=True;affordable=False;available=False;owned=0;upgradeTo=IndustrialCarbonizationRetort;research=SteamPower|Coking;workshop=;productivity=985.84;territory=1956]"
44302,44302,Normal,"Building","Waiting","",1,"productivity or territory is insufficient [CokeOven:candidate=False;constructible=True;affordable=False;available=False;owned=0;upgradeTo=IndustrialCarbonizationRetort;research=SteamPower|Coking;workshop=;productivity=974.04;territory=1956]"
44902,44902,Normal,"Building","Waiting","",1,"productivity or territory is insufficient [CokeOven:candidate=False;constructible=True;affordable=False;available=False;owned=0;upgradeTo=IndustrialCarbonizationRetort;research=SteamPower|Coking;workshop=;productivity=964.6;territory=1956]"
45502,45502,Normal,"Building","Waiting","",1,"productivity or territory is insufficient [CokeOven:candidate=False;constructible=True;affordable=False;available=False;owned=0;upgradeTo=IndustrialCarbonizationRetort;research=SteamPower|Coking;workshop=;productivity=957.52;territory=1956]"
46102,46102,Normal,"Building","Waiting","",1,"productivity or territory is insufficient [CokeOven:candidate=False;constructible=True;affordable=False;available=False;owned=0;upgradeTo=IndustrialCarbonizationRetort;research=SteamPower|Coking;workshop=;productivity=950.44;territory=1956]"
46702,46702,Normal,"Research","Completed","Coking",1,"elapsed=6000s"
46702,46702,Normal,"Workshop","Purchased","CokeOvenOptimization",1,"score=49.18"
46702,46702,Normal,"Building","Constructed","CokeOven",1,"score=250; count=1"
46702,46702,Normal,"Research","Selected","Standardization",1,"score=105.491"
47302,47302,Normal,"Research","Paid","Standardization",1,"complete resource cost paid atomically"
47302,85702,Normal,"Workshop","Waiting","",65,"upgrade resources are insufficient"
47302,47302,Normal,"Building","Constructed","CokeOven",1,"score=130; count=2"
47902,47902,Normal,"Building","Constructed","CokeOven",1,"score=130; count=3"
48502,48502,Normal,"Building","Waiting","",1,"productivity or territory is insufficient [CokeOven:candidate=True;constructible=True;affordable=False;available=False;owned=3;upgradeTo=IndustrialCarbonizationRetort;research=SteamPower|Coking;workshop=;productivity=897.92;territory=1914]"
49102,49102,Normal,"Building","Waiting","",1,"productivity or territory is insufficient [CokeOven:candidate=True;constructible=True;affordable=False;available=False;owned=3;upgradeTo=IndustrialCarbonizationRetort;research=SteamPower|Coking;workshop=;productivity=895.56;territory=1914]"
49702,49702,Normal,"Building","Waiting","",1,"productivity or territory is insufficient [CokeOven:candidate=True;constructible=True;affordable=False;available=False;owned=3;upgradeTo=IndustrialCarbonizationRetort;research=SteamPower|Coking;workshop=;productivity=893.2;territory=1914]"
50302,50302,Normal,"Building","Waiting","",1,"productivity or territory is insufficient [CokeOven:candidate=True;constructible=True;affordable=False;available=False;owned=3;upgradeTo=IndustrialCarbonizationRetort;research=SteamPower|Coking;workshop=;productivity=890.84;territory=1914]"
50902,51502,Normal,"Building","Waiting","",2,"productivity or territory is insufficient [CokeOven:candidate=True;constructible=True;affordable=False;available=False;owned=3;upgradeTo=IndustrialCarbonizationRetort;research=SteamPower|Coking;workshop=;productivity=888.48;territory=1914]"
52102,53302,Normal,"Building","Waiting","",3,"productivity or territory is insufficient [CokeOven:candidate=True;constructible=True;affordable=False;available=False;owned=3;upgradeTo=IndustrialCarbonizationRetort;research=SteamPower|Coking;workshop=;productivity=886.12;territory=1914]"
53902,56302,Normal,"Building","Waiting","",5,"productivity or territory is insufficient [CokeOven:candidate=True;constructible=True;affordable=False;available=False;owned=3;upgradeTo=IndustrialCarbonizationRetort;research=SteamPower|Coking;workshop=;productivity=883.76;territory=1914]"
56902,56902,Normal,"Building","Waiting","",1,"productivity or territory is insufficient [CokeOven:candidate=True;constructible=True;affordable=False;available=False;owned=3;upgradeTo=IndustrialCarbonizationRetort;research=SteamPower|Coking;workshop=;productivity=881.4;territory=1914]"
57502,57502,Normal,"Building","Waiting","",1,"productivity or territory is insufficient [CokeOven:candidate=True;constructible=True;affordable=False;available=False;owned=3;upgradeTo=IndustrialCarbonizationRetort;research=SteamPower|Coking;workshop=;productivity=1176.4;territory=1914]"
58102,58102,Normal,"Building","Waiting","",1,"productivity or territory is insufficient [CokeOven:candidate=True;constructible=True;affordable=False;available=False;owned=3;upgradeTo=IndustrialCarbonizationRetort;research=SteamPower|Coking;workshop=;productivity=1129.2;territory=1914]"
58702,58702,Normal,"Building","Waiting","",1,"productivity or territory is insufficient [CokeOven:candidate=True;constructible=True;affordable=False;available=False;owned=3;upgradeTo=IndustrialCarbonizationRetort;research=SteamPower|Coking;workshop=;productivity=1086.72;territory=1914]"
59302,59302,Normal,"Building","Waiting","",1,"productivity or territory is insufficient [CokeOven:candidate=True;constructible=True;affordable=False;available=False;owned=3;upgradeTo=IndustrialCarbonizationRetort;research=SteamPower|Coking;workshop=;productivity=1053.68;territory=1914]"
59902,59902,Normal,"Building","Waiting","",1,"productivity or territory is insufficient [CokeOven:candidate=True;constructible=True;affordable=False;available=False;owned=3;upgradeTo=IndustrialCarbonizationRetort;research=SteamPower|Coking;workshop=;productivity=1023;territory=1914]"
60502,60502,Normal,"Building","Waiting","",1,"productivity or territory is insufficient [CokeOven:candidate=True;constructible=True;affordable=False;available=False;owned=3;upgradeTo=IndustrialCarbonizationRetort;research=SteamPower|Coking;workshop=;productivity=999.4;territory=1914]"
61102,61102,Normal,"Building","Waiting","",1,"productivity or territory is insufficient [CokeOven:candidate=True;constructible=True;affordable=False;available=False;owned=3;upgradeTo=IndustrialCarbonizationRetort;research=SteamPower|Coking;workshop=;productivity=980.52;territory=1914]"
61702,61702,Normal,"Building","Waiting","",1,"productivity or territory is insufficient [CokeOven:candidate=True;constructible=True;affordable=False;available=False;owned=3;upgradeTo=IndustrialCarbonizationRetort;research=SteamPower|Coking;workshop=;productivity=964;territory=1914]"
62302,62302,Normal,"Building","Waiting","",1,"productivity or territory is insufficient [CokeOven:candidate=True;constructible=True;affordable=False;available=False;owned=3;upgradeTo=IndustrialCarbonizationRetort;research=SteamPower|Coking;workshop=;productivity=949.84;territory=1914]"
62902,62902,Normal,"Building","Waiting","",1,"productivity or territory is insufficient [CokeOven:candidate=True;constructible=True;affordable=False;available=False;owned=3;upgradeTo=IndustrialCarbonizationRetort;research=SteamPower|Coking;workshop=;productivity=938.04;territory=1914]"
63502,63502,Normal,"Building","Waiting","",1,"productivity or territory is insufficient [CokeOven:candidate=True;constructible=True;affordable=False;available=False;owned=3;upgradeTo=IndustrialCarbonizationRetort;research=SteamPower|Coking;workshop=;productivity=928.6;territory=1914]"
64102,64102,Normal,"Building","Waiting","",1,"productivity or territory is insufficient [CokeOven:candidate=True;constructible=True;affordable=False;available=False;owned=3;upgradeTo=IndustrialCarbonizationRetort;research=SteamPower|Coking;workshop=;productivity=921.52;territory=1914]"
64702,64702,Normal,"Building","Waiting","",1,"productivity or territory is insufficient [CokeOven:candidate=True;constructible=True;affordable=False;available=False;owned=3;upgradeTo=IndustrialCarbonizationRetort;research=SteamPower|Coking;workshop=;productivity=914.44;territory=1914]"
65302,65302,Normal,"Building","Waiting","",1,"productivity or territory is insufficient [CokeOven:candidate=True;constructible=True;affordable=False;available=False;owned=3;upgradeTo=IndustrialCarbonizationRetort;research=SteamPower|Coking;workshop=;productivity=909.72;territory=1914]"
65902,65902,Normal,"Building","Waiting","",1,"productivity or territory is insufficient [CokeOven:candidate=True;constructible=True;affordable=False;available=False;owned=3;upgradeTo=IndustrialCarbonizationRetort;research=SteamPower|Coking;workshop=;productivity=905;territory=1914]"
66502,66502,Normal,"Building","Waiting","",1,"productivity or territory is insufficient [CokeOven:candidate=True;constructible=True;affordable=False;available=False;owned=3;upgradeTo=IndustrialCarbonizationRetort;research=SteamPower|Coking;workshop=;productivity=900.28;territory=1914]"
67102,67102,Normal,"Building","Waiting","",1,"productivity or territory is insufficient [CokeOven:candidate=True;constructible=True;affordable=False;available=False;owned=3;upgradeTo=IndustrialCarbonizationRetort;research=SteamPower|Coking;workshop=;productivity=897.92;territory=1914]"
67702,67702,Normal,"Building","Waiting","",1,"productivity or territory is insufficient [CokeOven:candidate=True;constructible=True;affordable=False;available=False;owned=3;upgradeTo=IndustrialCarbonizationRetort;research=SteamPower|Coking;workshop=;productivity=895.56;territory=1914]"
68302,68302,Normal,"Building","Waiting","",1,"productivity or territory is insufficient [CokeOven:candidate=True;constructible=True;affordable=False;available=False;owned=3;upgradeTo=IndustrialCarbonizationRetort;research=SteamPower|Coking;workshop=;productivity=893.2;territory=1914]"
68902,68902,Normal,"Research","Completed","Standardization",1,"elapsed=22200s"
68902,68902,Normal,"Building","Waiting","",1,"productivity or territory is insufficient [CokeOven:candidate=True;constructible=True;affordable=False;available=False;owned=3;upgradeTo=IndustrialCarbonizationRetort;research=SteamPower|Coking;workshop=;productivity=890.84;territory=1914]"
68902,68902,Normal,"Research","Selected","Bookmaking",1,"score=31.388"
69502,69502,Normal,"Research","Paid","Bookmaking",1,"complete resource cost paid atomically"
69502,70102,Normal,"Building","Waiting","",2,"productivity or territory is insufficient [CokeOven:candidate=True;constructible=True;affordable=False;available=False;owned=3;upgradeTo=IndustrialCarbonizationRetort;research=SteamPower|Coking;workshop=;productivity=888.48;territory=1914]"
70702,71902,Normal,"Building","Waiting","",3,"productivity or territory is insufficient [CokeOven:candidate=True;constructible=True;affordable=False;available=False;owned=3;upgradeTo=IndustrialCarbonizationRetort;research=SteamPower|Coking;workshop=;productivity=886.12;territory=1914]"
72502,74902,Normal,"Building","Waiting","",5,"productivity or territory is insufficient [CokeOven:candidate=True;constructible=True;affordable=False;available=False;owned=3;upgradeTo=IndustrialCarbonizationRetort;research=SteamPower|Coking;workshop=;productivity=883.76;territory=1914]"
75502,75502,Normal,"Building","Waiting","",1,"productivity or territory is insufficient [CokeOven:candidate=True;constructible=True;affordable=False;available=False;owned=3;upgradeTo=IndustrialCarbonizationRetort;research=SteamPower|Coking;workshop=;productivity=881.4;territory=1914]"
76102,76102,Normal,"Building","Waiting","",1,"productivity or territory is insufficient [CokeOven:candidate=True;constructible=True;affordable=False;available=False;owned=3;upgradeTo=IndustrialCarbonizationRetort;research=SteamPower|Coking;workshop=;productivity=1176.4;territory=1914]"
76702,76702,Normal,"Building","Waiting","",1,"productivity or territory is insufficient [CokeOven:candidate=True;constructible=True;affordable=False;available=False;owned=3;upgradeTo=IndustrialCarbonizationRetort;research=SteamPower|Coking;workshop=;productivity=1129.2;territory=1914]"
77302,77302,Normal,"Building","Waiting","",1,"productivity or territory is insufficient [CokeOven:candidate=True;constructible=True;affordable=False;available=False;owned=3;upgradeTo=IndustrialCarbonizationRetort;research=SteamPower|Coking;workshop=;productivity=1086.72;territory=1914]"
77902,77902,Normal,"Building","Waiting","",1,"productivity or territory is insufficient [CokeOven:candidate=True;constructible=True;affordable=False;available=False;owned=3;upgradeTo=IndustrialCarbonizationRetort;research=SteamPower|Coking;workshop=;productivity=1053.68;territory=1914]"
78502,78502,Normal,"Building","Waiting","",1,"productivity or territory is insufficient [CokeOven:candidate=True;constructible=True;affordable=False;available=False;owned=3;upgradeTo=IndustrialCarbonizationRetort;research=SteamPower|Coking;workshop=;productivity=1023;territory=1914]"
79102,79102,Normal,"Building","Waiting","",1,"productivity or territory is insufficient [CokeOven:candidate=True;constructible=True;affordable=False;available=False;owned=3;upgradeTo=IndustrialCarbonizationRetort;research=SteamPower|Coking;workshop=;productivity=999.4;territory=1914]"
79702,79702,Normal,"Building","Waiting","",1,"productivity or territory is insufficient [CokeOven:candidate=True;constructible=True;affordable=False;available=False;owned=3;upgradeTo=IndustrialCarbonizationRetort;research=SteamPower|Coking;workshop=;productivity=980.52;territory=1914]"
80302,80302,Normal,"Research","Completed","Bookmaking",1,"elapsed=11400s"
80302,81502,Normal,"Building","Upgraded","ScribeHut->Library",3,"eligible upgrade chain selected"
80302,80302,Normal,"Research","Selected","ScholasticInstitutions",1,"score=45.891"
80902,80902,Normal,"Research","Paid","ScholasticInstitutions",1,"complete resource cost paid atomically"
82102,82102,Normal,"Building","Waiting","",1,"productivity or territory is insufficient [CokeOven:candidate=True;constructible=True;affordable=False;available=False;owned=3;upgradeTo=IndustrialCarbonizationRetort;research=SteamPower|Coking;workshop=;productivity=835.6;territory=1911]"
82702,82702,Normal,"Building","Waiting","",1,"productivity or territory is insufficient [CokeOven:candidate=True;constructible=True;affordable=False;available=False;owned=3;upgradeTo=IndustrialCarbonizationRetort;research=SteamPower|Coking;workshop=;productivity=828.52;territory=1911]"
83302,83302,Normal,"Building","Waiting","",1,"productivity or territory is insufficient [CokeOven:candidate=True;constructible=True;affordable=False;available=False;owned=3;upgradeTo=IndustrialCarbonizationRetort;research=SteamPower|Coking;workshop=;productivity=821.44;territory=1911]"
83902,83902,Normal,"Research","Completed","ScholasticInstitutions",1,"elapsed=3600s"
83902,85102,Normal,"Building","Upgraded","Library->Academy",3,"eligible upgrade chain selected"
83902,83902,Normal,"Research","Selected","TradeRoutes",1,"score=30.891"
84502,84502,Normal,"Research","Paid","TradeRoutes",1,"complete resource cost paid atomically"
85702,85702,Normal,"Research","Completed","TradeRoutes",1,"elapsed=1800s"
85702,85702,Normal,"Building","Constructed","Caravanserai",1,"score=120; count=1"
85702,85702,Normal,"Research","Selected","ElectricalEngineering",1,"score=29.275"
86302,86302,Normal,"Research","Paid","ElectricalEngineering",1,"complete resource cost paid atomically"
86302,86302,Normal,"Workshop","Purchased","ReinforcedBoilers",1,"score=49.12"
86302,86302,Normal,"Building","Constructed","Caravanserai",1,"score=0; count=2"
86902,92302,Normal,"Workshop","Waiting","",10,"no prerequisite-complete upgrade"
86902,86902,Normal,"Building","Constructed","Caravanserai",1,"score=0; count=3"
87502,87502,Normal,"Research","Completed","ElectricalEngineering",1,"elapsed=1800s"
87502,87502,Normal,"Building","Constructed","WireMill",1,"score=277; count=1"
87502,87502,Normal,"Research","Selected","PowerGridEngineering",1,"score=278.549"
88102,88102,Normal,"Research","Paid","PowerGridEngineering",1,"complete resource cost paid atomically"
88102,88102,Normal,"Building","Constructed","WireMill",1,"score=157; count=2"
88702,88702,Normal,"Building","Constructed","WireMill",1,"score=157; count=3"
89302,90502,Normal,"Building","Waiting","",3,"productivity or territory is insufficient [CokeOven:candidate=True;constructible=True;affordable=False;available=False;owned=3;upgradeTo=IndustrialCarbonizationRetort;research=SteamPower|Coking;workshop=;productivity=481.12;territory=1839]"
91102,91102,Normal,"Building","Waiting","",1,"productivity or territory is insufficient [CokeOven:candidate=True;constructible=True;affordable=False;available=False;owned=3;upgradeTo=IndustrialCarbonizationRetort;research=SteamPower|Coking;workshop=;productivity=478.76;territory=1839]"
91702,91702,Normal,"Research","Completed","PowerGridEngineering",1,"elapsed=4200s"
91702,92902,Normal,"Building","Upgraded","SteamPlant->CentralPowerStation",3,"eligible upgrade chain selected"
91702,91702,Normal,"Research","Selected","IndustrialChemistry",1,"score=380.437"
92302,92302,Normal,"Research","Paid","IndustrialChemistry",1,"complete resource cost paid atomically"
92902,92902,Normal,"Research","Completed","IndustrialChemistry",1,"elapsed=1200s"
92902,98902,Normal,"Workshop","Waiting","",11,"upgrade resources are insufficient"
92902,92902,Normal,"Research","Selected","IndustrialExplosives",1,"score=187.047"
93502,93502,Normal,"Research","Paid","IndustrialExplosives",1,"complete resource cost paid atomically"
93502,93502,Normal,"Building","Constructed","OilDerrick",1,"score=419.2; count=1"
94102,94102,Normal,"Building","Constructed","ChemicalPlant",1,"score=312; count=1"
94702,94702,Normal,"Building","Constructed","OilRefinery",1,"score=288; count=1"
95302,95302,Normal,"Building","Constructed","OilDerrick",1,"score=299.2; count=2"
95902,95902,Normal,"Research","Completed","IndustrialExplosives",1,"elapsed=3000s"
95902,95902,Normal,"Building","Constructed","OilDerrick",1,"score=299.2; count=3"
95902,95902,Normal,"Research","Selected","PrecisionManufacturing",1,"score=136.408"
96502,96502,Normal,"Research","Paid","PrecisionManufacturing",1,"complete resource cost paid atomically"
96502,96502,Normal,"Building","Constructed","ChemicalPlant",1,"score=192; count=2"
97102,97102,Normal,"Building","Constructed","SteamPlant",1,"score=100; count=1"
97702,97702,Normal,"Building","Waiting","",1,"no strategy candidate [CokeOven:candidate=True;constructible=True;affordable=False;available=False;owned=3;upgradeTo=IndustrialCarbonizationRetort;research=SteamPower|Coking;workshop=;productivity=14.4;territory=1693]"
98302,98302,Normal,"Building","Waiting","",1,"productivity or territory is insufficient [CokeOven:candidate=True;constructible=True;affordable=False;available=False;owned=3;upgradeTo=IndustrialCarbonizationRetort;research=SteamPower|Coking;workshop=;productivity=-4.48;territory=1693]"
98902,98902,Normal,"Building","Waiting","",1,"productivity or territory is insufficient [CokeOven:candidate=True;constructible=True;affordable=False;available=False;owned=3;upgradeTo=IndustrialCarbonizationRetort;research=SteamPower|Coking;workshop=;productivity=-21;territory=1693]"
99502,99502,Normal,"Research","Completed","PrecisionManufacturing",1,"elapsed=3600s"
99502,99502,Normal,"Workshop","Purchased","PrecisionTooling",1,"score=48.87"
99502,99502,Normal,"Building","Waiting","",1,"productivity or territory is insufficient [CokeOven:candidate=True;constructible=True;affordable=False;available=False;owned=3;upgradeTo=IndustrialCarbonizationRetort;research=SteamPower|Coking;workshop=;productivity=-35.16;territory=1693]"
99502,99502,Normal,"Research","Selected","ConcreteEngineering",1,"score=152.047"
100102,113302,Normal,"Research","Waiting","ConcreteEngineering",23,"complete resource cost is not yet affordable"
100102,113902,Normal,"Workshop","Waiting","",24,"upgrade resources are insufficient"
100102,100102,Normal,"Building","Waiting","",1,"productivity or territory is insufficient [CokeOven:candidate=True;constructible=True;affordable=False;available=False;owned=3;upgradeTo=IndustrialCarbonizationRetort;research=SteamPower|Coking;workshop=;productivity=-46.96;territory=1693]"
100702,100702,Normal,"Building","Waiting","",1,"productivity or territory is insufficient [CokeOven:candidate=True;constructible=True;affordable=False;available=False;owned=3;upgradeTo=IndustrialCarbonizationRetort;research=SteamPower|Coking;workshop=;productivity=-56.4;territory=1693]"
101302,101302,Normal,"Building","Waiting","",1,"productivity or territory is insufficient [CokeOven:candidate=True;constructible=True;affordable=False;available=False;owned=3;upgradeTo=IndustrialCarbonizationRetort;research=SteamPower|Coking;workshop=;productivity=-63.48;territory=1693]"
101902,101902,Normal,"Building","Waiting","",1,"productivity or territory is insufficient [CokeOven:candidate=True;constructible=True;affordable=False;available=False;owned=3;upgradeTo=IndustrialCarbonizationRetort;research=SteamPower|Coking;workshop=;productivity=-70.56;territory=1693]"
102502,102502,Normal,"Building","Waiting","",1,"productivity or territory is insufficient [CokeOven:candidate=True;constructible=True;affordable=False;available=False;owned=3;upgradeTo=IndustrialCarbonizationRetort;research=SteamPower|Coking;workshop=;productivity=-75.28;territory=1693]"
103102,103102,Normal,"Building","Waiting","",1,"productivity or territory is insufficient [CokeOven:candidate=True;constructible=True;affordable=False;available=False;owned=3;upgradeTo=IndustrialCarbonizationRetort;research=SteamPower|Coking;workshop=;productivity=-80;territory=1693]"
103702,103702,Normal,"Building","Waiting","",1,"productivity or territory is insufficient [CokeOven:candidate=True;constructible=True;affordable=False;available=False;owned=3;upgradeTo=IndustrialCarbonizationRetort;research=SteamPower|Coking;workshop=;productivity=-84.72;territory=1693]"
104302,104302,Normal,"Building","Waiting","",1,"productivity or territory is insufficient [CokeOven:candidate=True;constructible=True;affordable=False;available=False;owned=3;upgradeTo=IndustrialCarbonizationRetort;research=SteamPower|Coking;workshop=;productivity=-87.08;territory=1693]"
104902,104902,Normal,"Building","Waiting","",1,"productivity or territory is insufficient [CokeOven:candidate=True;constructible=True;affordable=False;available=False;owned=3;upgradeTo=IndustrialCarbonizationRetort;research=SteamPower|Coking;workshop=;productivity=-89.44;territory=1693]"
105502,105502,Normal,"Building","Waiting","",1,"productivity or territory is insufficient [CokeOven:candidate=True;constructible=True;affordable=False;available=False;owned=3;upgradeTo=IndustrialCarbonizationRetort;research=SteamPower|Coking;workshop=;productivity=-91.8;territory=1693]"
106102,106102,Normal,"Building","Waiting","",1,"productivity or territory is insufficient [CokeOven:candidate=True;constructible=True;affordable=False;available=False;owned=3;upgradeTo=IndustrialCarbonizationRetort;research=SteamPower|Coking;workshop=;productivity=-94.16;territory=1693]"
106702,107302,Normal,"Building","Waiting","",2,"productivity or territory is insufficient [CokeOven:candidate=True;constructible=True;affordable=False;available=False;owned=3;upgradeTo=IndustrialCarbonizationRetort;research=SteamPower|Coking;workshop=;productivity=-96.52;territory=1693]"
107902,109102,Normal,"Building","Waiting","",3,"productivity or territory is insufficient [CokeOven:candidate=True;constructible=True;affordable=False;available=False;owned=3;upgradeTo=IndustrialCarbonizationRetort;research=SteamPower|Coking;workshop=;productivity=-98.88;territory=1693]"
109702,112102,Normal,"Building","Waiting","",5,"productivity or territory is insufficient [CokeOven:candidate=True;constructible=True;affordable=False;available=False;owned=3;upgradeTo=IndustrialCarbonizationRetort;research=SteamPower|Coking;workshop=;productivity=-101.24;territory=1693]"
112702,112702,Normal,"Building","Waiting","",1,"productivity or territory is insufficient [CokeOven:candidate=True;constructible=True;affordable=False;available=False;owned=3;upgradeTo=IndustrialCarbonizationRetort;research=SteamPower|Coking;workshop=;productivity=-103.6;territory=1693]"
113302,113302,Normal,"Building","Constructed","MachineFactory",1,"score=266.2; count=1"
113902,113902,Normal,"Research","Paid","ConcreteEngineering",1,"complete resource cost paid atomically"
113902,113902,Normal,"Building","Waiting","",1,"productivity or territory is insufficient [CokeOven:candidate=True;constructible=True;affordable=False;available=False;owned=3;upgradeTo=IndustrialCarbonizationRetort;research=SteamPower|Coking;workshop=;productivity=64.2;territory=1673]"
114502,114502,Normal,"Workshop","Purchased","PoweredMining",1,"score=299.45"
114502,114502,Normal,"Building","Waiting","",1,"no strategy candidate [CokeOven:candidate=True;constructible=True;affordable=False;available=False;owned=3;upgradeTo=IndustrialCarbonizationRetort;research=SteamPower|Coking;workshop=;productivity=21.72;territory=1673]"
115102,115102,Normal,"Workshop","Purchased","RotaryKilns",1,"score=49.05"
115102,115102,Normal,"Building","Waiting","",1,"productivity or territory is insufficient [CokeOven:candidate=True;constructible=True;affordable=False;available=False;owned=3;upgradeTo=IndustrialCarbonizationRetort;research=SteamPower|Coking;workshop=;productivity=-11.32;territory=1673]"
115702,116302,Normal,"Workshop","Waiting","",2,"no prerequisite-complete upgrade"
115702,115702,Normal,"Building","Waiting","",1,"productivity or territory is insufficient [CokeOven:candidate=True;constructible=True;affordable=False;available=False;owned=3;upgradeTo=IndustrialCarbonizationRetort;research=SteamPower|Coking;workshop=;productivity=-42;territory=1673]"
116302,116302,Normal,"Building","Waiting","",1,"productivity or territory is insufficient [CokeOven:candidate=True;constructible=True;affordable=False;available=False;owned=3;upgradeTo=IndustrialCarbonizationRetort;research=SteamPower|Coking;workshop=;productivity=-65.6;territory=1673]"
116902,116902,Normal,"Research","Completed","ConcreteEngineering",1,"elapsed=17400s"
116902,118702,Normal,"Workshop","Waiting","",4,"upgrade resources are insufficient"
116902,116902,Normal,"Building","Waiting","",1,"productivity or territory is insufficient [CokeOven:candidate=True;constructible=True;affordable=False;available=False;owned=3;upgradeTo=IndustrialCarbonizationRetort;research=SteamPower|Coking;workshop=;productivity=-84.48;territory=1823]"
116902,116902,Normal,"Research","Selected","DeepOilDrilling",1,"score=42.521"
117502,117502,Normal,"Research","Paid","DeepOilDrilling",1,"complete resource cost paid atomically"
117502,117502,Normal,"Building","Waiting","",1,"productivity or territory is insufficient [CokeOven:candidate=True;constructible=True;affordable=False;available=False;owned=3;upgradeTo=IndustrialCarbonizationRetort;research=SteamPower|Coking;workshop=;productivity=-101;territory=1823]"
118102,118102,Normal,"Building","Waiting","",1,"productivity or territory is insufficient [CokeOven:candidate=True;constructible=True;affordable=False;available=False;owned=3;upgradeTo=IndustrialCarbonizationRetort;research=SteamPower|Coking;workshop=;productivity=-115.16;territory=1823]"
118702,118702,Normal,"Building","Waiting","",1,"productivity or territory is insufficient [CokeOven:candidate=True;constructible=True;affordable=False;available=False;owned=3;upgradeTo=IndustrialCarbonizationRetort;research=SteamPower|Coking;workshop=;productivity=-126.96;territory=1823]"
119302,119302,Normal,"Research","Completed","DeepOilDrilling",1,"elapsed=2400s"
119302,119302,Normal,"Workshop","Purchased","RotaryDrillingHeads",1,"score=99.15"
119302,119302,Normal,"Building","Waiting","",1,"productivity or territory is insufficient [CokeOven:candidate=True;constructible=True;affordable=False;available=False;owned=3;upgradeTo=IndustrialCarbonizationRetort;research=SteamPower|Coking;workshop=;productivity=-136.4;territory=1823]"
119302,119302,Normal,"Research","Selected","IndustrialMetalSmelting",1,"score=28.324"
119902,119902,Normal,"Research","Paid","IndustrialMetalSmelting",1,"complete resource cost paid atomically"
119902,119902,Normal,"Workshop","Purchased","ControlledBlasting",1,"score=249.46"
119902,119902,Normal,"Building","Waiting","",1,"productivity or territory is insufficient [CokeOven:candidate=True;constructible=True;affordable=False;available=False;owned=3;upgradeTo=IndustrialCarbonizationRetort;research=SteamPower|Coking;workshop=;productivity=-143.48;territory=1823]"
120502,120502,Normal,"Workshop","Waiting","",1,"upgrade resources are insufficient"
120502,120502,Normal,"Building","Waiting","",1,"productivity or territory is insufficient [CokeOven:candidate=True;constructible=True;affordable=False;available=False;owned=3;upgradeTo=IndustrialCarbonizationRetort;research=SteamPower|Coking;workshop=;productivity=-150.56;territory=1823]"
121102,121102,Normal,"Research","Completed","IndustrialMetalSmelting",1,"elapsed=1800s"
121102,121102,Normal,"Workshop","Purchased","HotBlastStoves",1,"score=49.07"
121102,121102,Normal,"Building","Waiting","",1,"productivity or territory is insufficient [CokeOven:candidate=True;constructible=True;affordable=False;available=False;owned=3;upgradeTo=IndustrialCarbonizationRetort;research=SteamPower|Coking;workshop=;productivity=-155.28;territory=1823]"
121102,121102,Normal,"Research","Selected","RailwayEngineering",1,"score=41.022"
121702,121702,Normal,"Research","Paid","RailwayEngineering",1,"complete resource cost paid atomically"
121702,2592000,Normal,"Workshop","Waiting","",4119,"upgrade resources are insufficient"
121702,121702,Normal,"Building","Waiting","",1,"productivity or territory is insufficient [CokeOven:candidate=True;constructible=True;affordable=False;available=False;owned=3;upgradeTo=IndustrialCarbonizationRetort;research=SteamPower|Coking;workshop=;productivity=-160;territory=1823]"
122302,122302,Normal,"Building","Waiting","",1,"productivity or territory is insufficient [CokeOven:candidate=True;constructible=True;affordable=False;available=False;owned=3;upgradeTo=IndustrialCarbonizationRetort;research=SteamPower|Coking;workshop=;productivity=-164.72;territory=1823]"
122902,122902,Normal,"Building","Waiting","",1,"productivity or territory is insufficient [CokeOven:candidate=True;constructible=True;affordable=False;available=False;owned=3;upgradeTo=IndustrialCarbonizationRetort;research=SteamPower|Coking;workshop=;productivity=-167.08;territory=1823]"
123502,123502,Normal,"Building","Waiting","",1,"productivity or territory is insufficient [CokeOven:candidate=True;constructible=True;affordable=False;available=False;owned=3;upgradeTo=IndustrialCarbonizationRetort;research=SteamPower|Coking;workshop=;productivity=-169.44;territory=1823]"
124102,124102,Normal,"Research","Completed","RailwayEngineering",1,"elapsed=3000s"
124102,124102,Normal,"Building","Waiting","",1,"productivity or territory is insufficient [CokeOven:candidate=True;constructible=True;affordable=False;available=False;owned=3;upgradeTo=IndustrialCarbonizationRetort;research=SteamPower|Coking;workshop=;productivity=-171.8;territory=1823]"
124102,124102,Normal,"Research","Selected","ElectricalCommunication",1,"score=55.245"
124702,2592000,Normal,"Research","Waiting","ElectricalCommunication",4114,"complete resource cost is not yet affordable"
124702,124702,Normal,"Building","Waiting","",1,"productivity or territory is insufficient [CokeOven:candidate=True;constructible=True;affordable=False;available=False;owned=3;upgradeTo=IndustrialCarbonizationRetort;research=SteamPower|Coking;workshop=;productivity=-174.16;territory=1823]"
125302,125902,Normal,"Building","Waiting","",2,"productivity or territory is insufficient [CokeOven:candidate=True;constructible=True;affordable=False;available=False;owned=3;upgradeTo=IndustrialCarbonizationRetort;research=SteamPower|Coking;workshop=;productivity=-176.52;territory=1823]"
126502,127702,Normal,"Building","Waiting","",3,"productivity or territory is insufficient [CokeOven:candidate=True;constructible=True;affordable=False;available=False;owned=3;upgradeTo=IndustrialCarbonizationRetort;research=SteamPower|Coking;workshop=;productivity=-178.88;territory=1823]"
128302,130702,Normal,"Building","Waiting","",5,"productivity or territory is insufficient [CokeOven:candidate=True;constructible=True;affordable=False;available=False;owned=3;upgradeTo=IndustrialCarbonizationRetort;research=SteamPower|Coking;workshop=;productivity=-181.24;territory=1823]"
131302,131302,Normal,"Building","Waiting","",1,"productivity or territory is insufficient [CokeOven:candidate=True;constructible=True;affordable=False;available=False;owned=3;upgradeTo=IndustrialCarbonizationRetort;research=SteamPower|Coking;workshop=;productivity=-183.6;territory=1823]"
131902,131902,Normal,"Building","Upgraded","CharcoalKiln->IndustrialCarbonizationRetort",1,"eligible upgrade chain selected"
132502,132502,Normal,"Building","Waiting","",1,"productivity or territory is insufficient [CokeOven:candidate=True;constructible=True;affordable=False;available=False;owned=3;upgradeTo=IndustrialCarbonizationRetort;research=SteamPower|Coking;workshop=;productivity=-20.8;territory=1809]"
133102,133102,Normal,"Building","Waiting","",1,"productivity or territory is insufficient [CokeOven:candidate=True;constructible=True;affordable=False;available=False;owned=3;upgradeTo=IndustrialCarbonizationRetort;research=SteamPower|Coking;workshop=;productivity=-63.28;territory=1809]"
133702,133702,Normal,"Building","Waiting","",1,"productivity or territory is insufficient [CokeOven:candidate=True;constructible=True;affordable=False;available=False;owned=3;upgradeTo=IndustrialCarbonizationRetort;research=SteamPower|Coking;workshop=;productivity=-96.32;territory=1809]"
134302,134302,Normal,"Building","Waiting","",1,"productivity or territory is insufficient [CokeOven:candidate=True;constructible=True;affordable=False;available=False;owned=3;upgradeTo=IndustrialCarbonizationRetort;research=SteamPower|Coking;workshop=;productivity=-127;territory=1809]"
134902,134902,Normal,"Building","Waiting","",1,"productivity or territory is insufficient [CokeOven:candidate=True;constructible=True;affordable=False;available=False;owned=3;upgradeTo=IndustrialCarbonizationRetort;research=SteamPower|Coking;workshop=;productivity=-150.6;territory=1809]"
135502,135502,Normal,"Building","Waiting","",1,"productivity or territory is insufficient [CokeOven:candidate=True;constructible=True;affordable=False;available=False;owned=3;upgradeTo=IndustrialCarbonizationRetort;research=SteamPower|Coking;workshop=;productivity=-169.48;territory=1809]"
136102,136102,Normal,"Building","Waiting","",1,"productivity or territory is insufficient [CokeOven:candidate=True;constructible=True;affordable=False;available=False;owned=3;upgradeTo=IndustrialCarbonizationRetort;research=SteamPower|Coking;workshop=;productivity=-186;territory=1809]"
136702,136702,Normal,"Building","Waiting","",1,"productivity or territory is insufficient [CokeOven:candidate=True;constructible=True;affordable=False;available=False;owned=3;upgradeTo=IndustrialCarbonizationRetort;research=SteamPower|Coking;workshop=;productivity=-200.16;territory=1809]"
137302,137302,Normal,"Building","Waiting","",1,"productivity or territory is insufficient [CokeOven:candidate=True;constructible=True;affordable=False;available=False;owned=3;upgradeTo=IndustrialCarbonizationRetort;research=SteamPower|Coking;workshop=;productivity=-211.96;territory=1809]"
137902,137902,Normal,"Building","Waiting","",1,"productivity or territory is insufficient [CokeOven:candidate=True;constructible=True;affordable=False;available=False;owned=3;upgradeTo=IndustrialCarbonizationRetort;research=SteamPower|Coking;workshop=;productivity=-221.4;territory=1809]"
138502,138502,Normal,"Building","Waiting","",1,"productivity or territory is insufficient [CokeOven:candidate=True;constructible=True;affordable=False;available=False;owned=3;upgradeTo=IndustrialCarbonizationRetort;research=SteamPower|Coking;workshop=;productivity=-228.48;territory=1809]"
139102,139102,Normal,"Building","Waiting","",1,"productivity or territory is insufficient [CokeOven:candidate=True;constructible=True;affordable=False;available=False;owned=3;upgradeTo=IndustrialCarbonizationRetort;research=SteamPower|Coking;workshop=;productivity=-235.56;territory=1809]"
139702,139702,Normal,"Building","Waiting","",1,"productivity or territory is insufficient [CokeOven:candidate=True;constructible=True;affordable=False;available=False;owned=3;upgradeTo=IndustrialCarbonizationRetort;research=SteamPower|Coking;workshop=;productivity=-240.28;territory=1809]"
140302,140302,Normal,"Building","Waiting","",1,"productivity or territory is insufficient [CokeOven:candidate=True;constructible=True;affordable=False;available=False;owned=3;upgradeTo=IndustrialCarbonizationRetort;research=SteamPower|Coking;workshop=;productivity=-245;territory=1809]"
140902,140902,Normal,"Building","Waiting","",1,"productivity or territory is insufficient [CokeOven:candidate=True;constructible=True;affordable=False;available=False;owned=3;upgradeTo=IndustrialCarbonizationRetort;research=SteamPower|Coking;workshop=;productivity=-249.72;territory=1809]"
141502,141502,Normal,"Building","Waiting","",1,"productivity or territory is insufficient [CokeOven:candidate=True;constructible=True;affordable=False;available=False;owned=3;upgradeTo=IndustrialCarbonizationRetort;research=SteamPower|Coking;workshop=;productivity=-252.08;territory=1809]"
142102,142102,Normal,"Building","Waiting","",1,"productivity or territory is insufficient [CokeOven:candidate=True;constructible=True;affordable=False;available=False;owned=3;upgradeTo=IndustrialCarbonizationRetort;research=SteamPower|Coking;workshop=;productivity=-254.44;territory=1809]"
142702,142702,Normal,"Building","Waiting","",1,"productivity or territory is insufficient [CokeOven:candidate=True;constructible=True;affordable=False;available=False;owned=3;upgradeTo=IndustrialCarbonizationRetort;research=SteamPower|Coking;workshop=;productivity=-256.8;territory=1809]"
143302,143302,Normal,"Building","Waiting","",1,"productivity or territory is insufficient [CokeOven:candidate=True;constructible=True;affordable=False;available=False;owned=3;upgradeTo=IndustrialCarbonizationRetort;research=SteamPower|Coking;workshop=;productivity=-259.16;territory=1809]"
143902,144502,Normal,"Building","Waiting","",2,"productivity or territory is insufficient [CokeOven:candidate=True;constructible=True;affordable=False;available=False;owned=3;upgradeTo=IndustrialCarbonizationRetort;research=SteamPower|Coking;workshop=;productivity=-261.52;territory=1809]"
145102,146302,Normal,"Building","Waiting","",3,"productivity or territory is insufficient [CokeOven:candidate=True;constructible=True;affordable=False;available=False;owned=3;upgradeTo=IndustrialCarbonizationRetort;research=SteamPower|Coking;workshop=;productivity=-263.88;territory=1809]"
146902,149302,Normal,"Building","Waiting","",5,"productivity or territory is insufficient [CokeOven:candidate=True;constructible=True;affordable=False;available=False;owned=3;upgradeTo=IndustrialCarbonizationRetort;research=SteamPower|Coking;workshop=;productivity=-266.24;territory=1809]"
149902,149902,Normal,"Building","Waiting","",1,"productivity or territory is insufficient [CokeOven:candidate=True;constructible=True;affordable=False;available=False;owned=3;upgradeTo=IndustrialCarbonizationRetort;research=SteamPower|Coking;workshop=;productivity=-268.6;territory=1809]"
150502,150502,Normal,"Building","Constructed","CharcoalKiln",1,"score=60; count=3"
151102,151102,Normal,"Building","Waiting","",1,"productivity or territory is insufficient [CokeOven:candidate=True;constructible=True;affordable=False;available=False;owned=3;upgradeTo=IndustrialCarbonizationRetort;research=SteamPower|Coking;workshop=;productivity=-25.8;territory=1805]"
151702,151702,Normal,"Building","Waiting","",1,"productivity or territory is insufficient [CokeOven:candidate=True;constructible=True;affordable=False;available=False;owned=3;upgradeTo=IndustrialCarbonizationRetort;research=SteamPower|Coking;workshop=;productivity=-68.28;territory=1805]"
152302,152302,Normal,"Building","Waiting","",1,"productivity or territory is insufficient [CokeOven:candidate=True;constructible=True;affordable=False;available=False;owned=3;upgradeTo=IndustrialCarbonizationRetort;research=SteamPower|Coking;workshop=;productivity=-101.32;territory=1805]"
152902,152902,Normal,"Building","Waiting","",1,"productivity or territory is insufficient [CokeOven:candidate=True;constructible=True;affordable=False;available=False;owned=3;upgradeTo=IndustrialCarbonizationRetort;research=SteamPower|Coking;workshop=;productivity=-132;territory=1805]"
153502,153502,Normal,"Building","Waiting","",1,"productivity or territory is insufficient [CokeOven:candidate=True;constructible=True;affordable=False;available=False;owned=3;upgradeTo=IndustrialCarbonizationRetort;research=SteamPower|Coking;workshop=;productivity=-155.6;territory=1805]"
154102,154102,Normal,"Building","Waiting","",1,"productivity or territory is insufficient [CokeOven:candidate=True;constructible=True;affordable=False;available=False;owned=3;upgradeTo=IndustrialCarbonizationRetort;research=SteamPower|Coking;workshop=;productivity=-174.48;territory=1805]"
154702,154702,Normal,"Building","Waiting","",1,"productivity or territory is insufficient [CokeOven:candidate=True;constructible=True;affordable=False;available=False;owned=3;upgradeTo=IndustrialCarbonizationRetort;research=SteamPower|Coking;workshop=;productivity=-191;territory=1805]"
155302,155302,Normal,"Building","Waiting","",1,"productivity or territory is insufficient [CokeOven:candidate=True;constructible=True;affordable=False;available=False;owned=3;upgradeTo=IndustrialCarbonizationRetort;research=SteamPower|Coking;workshop=;productivity=-205.16;territory=1805]"
155902,155902,Normal,"Building","Waiting","",1,"productivity or territory is insufficient [CokeOven:candidate=True;constructible=True;affordable=False;available=False;owned=3;upgradeTo=IndustrialCarbonizationRetort;research=SteamPower|Coking;workshop=;productivity=-216.96;territory=1805]"
156502,156502,Normal,"Building","Waiting","",1,"productivity or territory is insufficient [CokeOven:candidate=True;constructible=True;affordable=False;available=False;owned=3;upgradeTo=IndustrialCarbonizationRetort;research=SteamPower|Coking;workshop=;productivity=-226.4;territory=1805]"
157102,157102,Normal,"Building","Waiting","",1,"productivity or territory is insufficient [CokeOven:candidate=True;constructible=True;affordable=False;available=False;owned=3;upgradeTo=IndustrialCarbonizationRetort;research=SteamPower|Coking;workshop=;productivity=-233.48;territory=1805]"
157702,157702,Normal,"Building","Waiting","",1,"productivity or territory is insufficient [CokeOven:candidate=True;constructible=True;affordable=False;available=False;owned=3;upgradeTo=IndustrialCarbonizationRetort;research=SteamPower|Coking;workshop=;productivity=-240.56;territory=1805]"
158302,158302,Normal,"Building","Waiting","",1,"productivity or territory is insufficient [CokeOven:candidate=True;constructible=True;affordable=False;available=False;owned=3;upgradeTo=IndustrialCarbonizationRetort;research=SteamPower|Coking;workshop=;productivity=-245.28;territory=1805]"
158902,158902,Normal,"Building","Waiting","",1,"productivity or territory is insufficient [CokeOven:candidate=True;constructible=True;affordable=False;available=False;owned=3;upgradeTo=IndustrialCarbonizationRetort;research=SteamPower|Coking;workshop=;productivity=-250;territory=1805]"
159502,159502,Normal,"Building","Waiting","",1,"productivity or territory is insufficient [CokeOven:candidate=True;constructible=True;affordable=False;available=False;owned=3;upgradeTo=IndustrialCarbonizationRetort;research=SteamPower|Coking;workshop=;productivity=-254.72;territory=1805]"
160102,160102,Normal,"Building","Waiting","",1,"productivity or territory is insufficient [CokeOven:candidate=True;constructible=True;affordable=False;available=False;owned=3;upgradeTo=IndustrialCarbonizationRetort;research=SteamPower|Coking;workshop=;productivity=-257.08;territory=1805]"
160702,160702,Normal,"Building","Waiting","",1,"productivity or territory is insufficient [CokeOven:candidate=True;constructible=True;affordable=False;available=False;owned=3;upgradeTo=IndustrialCarbonizationRetort;research=SteamPower|Coking;workshop=;productivity=-259.44;territory=1805]"
161302,161302,Normal,"Building","Waiting","",1,"productivity or territory is insufficient [CokeOven:candidate=True;constructible=True;affordable=False;available=False;owned=3;upgradeTo=IndustrialCarbonizationRetort;research=SteamPower|Coking;workshop=;productivity=-261.8;territory=1805]"
161902,161902,Normal,"Building","Waiting","",1,"productivity or territory is insufficient [CokeOven:candidate=True;constructible=True;affordable=False;available=False;owned=3;upgradeTo=IndustrialCarbonizationRetort;research=SteamPower|Coking;workshop=;productivity=-264.16;territory=1805]"
162502,163102,Normal,"Building","Waiting","",2,"productivity or territory is insufficient [CokeOven:candidate=True;constructible=True;affordable=False;available=False;owned=3;upgradeTo=IndustrialCarbonizationRetort;research=SteamPower|Coking;workshop=;productivity=-266.52;territory=1805]"
163702,164902,Normal,"Building","Waiting","",3,"productivity or territory is insufficient [CokeOven:candidate=True;constructible=True;affordable=False;available=False;owned=3;upgradeTo=IndustrialCarbonizationRetort;research=SteamPower|Coking;workshop=;productivity=-268.88;territory=1805]"
165502,167902,Normal,"Building","Waiting","",5,"productivity or territory is insufficient [CokeOven:candidate=True;constructible=True;affordable=False;available=False;owned=3;upgradeTo=IndustrialCarbonizationRetort;research=SteamPower|Coking;workshop=;productivity=-271.24;territory=1805]"
168502,168502,Normal,"Building","Waiting","",1,"productivity or territory is insufficient [CokeOven:candidate=True;constructible=True;affordable=False;available=False;owned=3;upgradeTo=IndustrialCarbonizationRetort;research=SteamPower|Coking;workshop=;productivity=-273.6;territory=1805]"
169102,169102,Normal,"Building","Waiting","",1,"no strategy candidate [CokeOven:candidate=True;constructible=True;affordable=False;available=False;owned=3;upgradeTo=IndustrialCarbonizationRetort;research=SteamPower|Coking;workshop=;productivity=21.4;territory=1805]"
169702,169702,Normal,"Building","Waiting","",1,"productivity or territory is insufficient [CokeOven:candidate=True;constructible=True;affordable=False;available=False;owned=3;upgradeTo=IndustrialCarbonizationRetort;research=SteamPower|Coking;workshop=;productivity=-25.8;territory=1805]"
170302,170302,Normal,"Building","Waiting","",1,"productivity or territory is insufficient [CokeOven:candidate=True;constructible=True;affordable=False;available=False;owned=3;upgradeTo=IndustrialCarbonizationRetort;research=SteamPower|Coking;workshop=;productivity=-68.28;territory=1805]"
170902,170902,Normal,"Building","Waiting","",1,"productivity or territory is insufficient [CokeOven:candidate=True;constructible=True;affordable=False;available=False;owned=3;upgradeTo=IndustrialCarbonizationRetort;research=SteamPower|Coking;workshop=;productivity=-101.32;territory=1805]"
171502,171502,Normal,"Building","Waiting","",1,"productivity or territory is insufficient [CokeOven:candidate=True;constructible=True;affordable=False;available=False;owned=3;upgradeTo=IndustrialCarbonizationRetort;research=SteamPower|Coking;workshop=;productivity=-132;territory=1805]"
172102,172102,Normal,"Building","Waiting","",1,"productivity or territory is insufficient [CokeOven:candidate=True;constructible=True;affordable=False;available=False;owned=3;upgradeTo=IndustrialCarbonizationRetort;research=SteamPower|Coking;workshop=;productivity=-155.6;territory=1805]"
172702,172702,Normal,"Building","Waiting","",1,"productivity or territory is insufficient [CokeOven:candidate=True;constructible=True;affordable=False;available=False;owned=3;upgradeTo=IndustrialCarbonizationRetort;research=SteamPower|Coking;workshop=;productivity=-174.48;territory=1805]"
173302,173302,Normal,"Building","Waiting","",1,"productivity or territory is insufficient [CokeOven:candidate=True;constructible=True;affordable=False;available=False;owned=3;upgradeTo=IndustrialCarbonizationRetort;research=SteamPower|Coking;workshop=;productivity=-191;territory=1805]"
173902,173902,Normal,"Building","Waiting","",1,"productivity or territory is insufficient [CokeOven:candidate=True;constructible=True;affordable=False;available=False;owned=3;upgradeTo=IndustrialCarbonizationRetort;research=SteamPower|Coking;workshop=;productivity=-205.16;territory=1805]"
174502,174502,Normal,"Building","Waiting","",1,"productivity or territory is insufficient [CokeOven:candidate=True;constructible=True;affordable=False;available=False;owned=3;upgradeTo=IndustrialCarbonizationRetort;research=SteamPower|Coking;workshop=;productivity=-216.96;territory=1805]"
175102,175102,Normal,"Building","Waiting","",1,"productivity or territory is insufficient [CokeOven:candidate=True;constructible=True;affordable=False;available=False;owned=3;upgradeTo=IndustrialCarbonizationRetort;research=SteamPower|Coking;workshop=;productivity=-226.4;territory=1805]"
175702,175702,Normal,"Building","Waiting","",1,"productivity or territory is insufficient [CokeOven:candidate=True;constructible=True;affordable=False;available=False;owned=3;upgradeTo=IndustrialCarbonizationRetort;research=SteamPower|Coking;workshop=;productivity=-233.48;territory=1805]"
176302,176302,Normal,"Building","Waiting","",1,"productivity or territory is insufficient [CokeOven:candidate=True;constructible=True;affordable=False;available=False;owned=3;upgradeTo=IndustrialCarbonizationRetort;research=SteamPower|Coking;workshop=;productivity=-240.56;territory=1805]"
176902,176902,Normal,"Building","Waiting","",1,"productivity or territory is insufficient [CokeOven:candidate=True;constructible=True;affordable=False;available=False;owned=3;upgradeTo=IndustrialCarbonizationRetort;research=SteamPower|Coking;workshop=;productivity=-245.28;territory=1805]"
177502,177502,Normal,"Building","Waiting","",1,"productivity or territory is insufficient [CokeOven:candidate=True;constructible=True;affordable=False;available=False;owned=3;upgradeTo=IndustrialCarbonizationRetort;research=SteamPower|Coking;workshop=;productivity=-250;territory=1805]"
178102,178102,Normal,"Building","Waiting","",1,"productivity or territory is insufficient [CokeOven:candidate=True;constructible=True;affordable=False;available=False;owned=3;upgradeTo=IndustrialCarbonizationRetort;research=SteamPower|Coking;workshop=;productivity=-254.72;territory=1805]"
178702,178702,Normal,"Building","Waiting","",1,"productivity or territory is insufficient [CokeOven:candidate=True;constructible=True;affordable=False;available=False;owned=3;upgradeTo=IndustrialCarbonizationRetort;research=SteamPower|Coking;workshop=;productivity=-257.08;territory=1805]"
179302,179302,Normal,"Building","Waiting","",1,"productivity or territory is insufficient [CokeOven:candidate=True;constructible=True;affordable=False;available=False;owned=3;upgradeTo=IndustrialCarbonizationRetort;research=SteamPower|Coking;workshop=;productivity=-259.44;territory=1805]"
179902,179902,Normal,"Building","Waiting","",1,"productivity or territory is insufficient [CokeOven:candidate=True;constructible=True;affordable=False;available=False;owned=3;upgradeTo=IndustrialCarbonizationRetort;research=SteamPower|Coking;workshop=;productivity=-261.8;territory=1805]"
180502,180502,Normal,"Building","Waiting","",1,"productivity or territory is insufficient [CokeOven:candidate=True;constructible=True;affordable=False;available=False;owned=3;upgradeTo=IndustrialCarbonizationRetort;research=SteamPower|Coking;workshop=;productivity=-264.16;territory=1805]"
181102,181702,Normal,"Building","Waiting","",2,"productivity or territory is insufficient [CokeOven:candidate=True;constructible=True;affordable=False;available=False;owned=3;upgradeTo=IndustrialCarbonizationRetort;research=SteamPower|Coking;workshop=;productivity=-266.52;territory=1805]"
182302,183502,Normal,"Building","Waiting","",3,"productivity or territory is insufficient [CokeOven:candidate=True;constructible=True;affordable=False;available=False;owned=3;upgradeTo=IndustrialCarbonizationRetort;research=SteamPower|Coking;workshop=;productivity=-268.88;territory=1805]"
184102,186502,Normal,"Building","Waiting","",5,"productivity or territory is insufficient [CokeOven:candidate=True;constructible=True;affordable=False;available=False;owned=3;upgradeTo=IndustrialCarbonizationRetort;research=SteamPower|Coking;workshop=;productivity=-271.24;territory=1805]"
187102,187102,Normal,"Building","Waiting","",1,"productivity or territory is insufficient [CokeOven:candidate=True;constructible=True;affordable=False;available=False;owned=3;upgradeTo=IndustrialCarbonizationRetort;research=SteamPower|Coking;workshop=;productivity=-273.6;territory=1805]"
187702,187702,Normal,"Building","Waiting","",1,"no strategy candidate [CokeOven:candidate=True;constructible=True;affordable=False;available=False;owned=3;upgradeTo=IndustrialCarbonizationRetort;research=SteamPower|Coking;workshop=;productivity=21.4;territory=1805]"
188302,188302,Normal,"Building","Waiting","",1,"productivity or territory is insufficient [CokeOven:candidate=True;constructible=True;affordable=False;available=False;owned=3;upgradeTo=IndustrialCarbonizationRetort;research=SteamPower|Coking;workshop=;productivity=-25.8;territory=1805]"
188902,188902,Normal,"Building","Waiting","",1,"productivity or territory is insufficient [CokeOven:candidate=True;constructible=True;affordable=False;available=False;owned=3;upgradeTo=IndustrialCarbonizationRetort;research=SteamPower|Coking;workshop=;productivity=-68.28;territory=1805]"
189502,189502,Normal,"Building","Waiting","",1,"productivity or territory is insufficient [CokeOven:candidate=True;constructible=True;affordable=False;available=False;owned=3;upgradeTo=IndustrialCarbonizationRetort;research=SteamPower|Coking;workshop=;productivity=-101.32;territory=1805]"
190102,190102,Normal,"Building","Waiting","",1,"productivity or territory is insufficient [CokeOven:candidate=True;constructible=True;affordable=False;available=False;owned=3;upgradeTo=IndustrialCarbonizationRetort;research=SteamPower|Coking;workshop=;productivity=-132;territory=1805]"
190702,190702,Normal,"Building","Waiting","",1,"productivity or territory is insufficient [CokeOven:candidate=True;constructible=True;affordable=False;available=False;owned=3;upgradeTo=IndustrialCarbonizationRetort;research=SteamPower|Coking;workshop=;productivity=-155.6;territory=1805]"
191302,191302,Normal,"Building","Waiting","",1,"productivity or territory is insufficient [CokeOven:candidate=True;constructible=True;affordable=False;available=False;owned=3;upgradeTo=IndustrialCarbonizationRetort;research=SteamPower|Coking;workshop=;productivity=-174.48;territory=1805]"
191902,191902,Normal,"Building","Waiting","",1,"productivity or territory is insufficient [CokeOven:candidate=True;constructible=True;affordable=False;available=False;owned=3;upgradeTo=IndustrialCarbonizationRetort;research=SteamPower|Coking;workshop=;productivity=-191;territory=1805]"
192502,192502,Normal,"Building","Waiting","",1,"productivity or territory is insufficient [CokeOven:candidate=True;constructible=True;affordable=False;available=False;owned=3;upgradeTo=IndustrialCarbonizationRetort;research=SteamPower|Coking;workshop=;productivity=-205.16;territory=1805]"
193102,193102,Normal,"Building","Waiting","",1,"productivity or territory is insufficient [CokeOven:candidate=True;constructible=True;affordable=False;available=False;owned=3;upgradeTo=IndustrialCarbonizationRetort;research=SteamPower|Coking;workshop=;productivity=-216.96;territory=1805]"
193702,193702,Normal,"Building","Waiting","",1,"productivity or territory is insufficient [CokeOven:candidate=True;constructible=True;affordable=False;available=False;owned=3;upgradeTo=IndustrialCarbonizationRetort;research=SteamPower|Coking;workshop=;productivity=-226.4;territory=1805]"
194302,194302,Normal,"Building","Waiting","",1,"productivity or territory is insufficient [CokeOven:candidate=True;constructible=True;affordable=False;available=False;owned=3;upgradeTo=IndustrialCarbonizationRetort;research=SteamPower|Coking;workshop=;productivity=-233.48;territory=1805]"
194902,194902,Normal,"Building","Waiting","",1,"productivity or territory is insufficient [CokeOven:candidate=True;constructible=True;affordable=False;available=False;owned=3;upgradeTo=IndustrialCarbonizationRetort;research=SteamPower|Coking;workshop=;productivity=-240.56;territory=1805]"
195502,195502,Normal,"Building","Waiting","",1,"productivity or territory is insufficient [CokeOven:candidate=True;constructible=True;affordable=False;available=False;owned=3;upgradeTo=IndustrialCarbonizationRetort;research=SteamPower|Coking;workshop=;productivity=-245.28;territory=1805]"
196102,196102,Normal,"Building","Waiting","",1,"productivity or territory is insufficient [CokeOven:candidate=True;constructible=True;affordable=False;available=False;owned=3;upgradeTo=IndustrialCarbonizationRetort;research=SteamPower|Coking;workshop=;productivity=-250;territory=1805]"
196702,196702,Normal,"Building","Waiting","",1,"productivity or territory is insufficient [CokeOven:candidate=True;constructible=True;affordable=False;available=False;owned=3;upgradeTo=IndustrialCarbonizationRetort;research=SteamPower|Coking;workshop=;productivity=-254.72;territory=1805]"
197302,197302,Normal,"Building","Waiting","",1,"productivity or territory is insufficient [CokeOven:candidate=True;constructible=True;affordable=False;available=False;owned=3;upgradeTo=IndustrialCarbonizationRetort;research=SteamPower|Coking;workshop=;productivity=-257.08;territory=1805]"
197902,197902,Normal,"Building","Waiting","",1,"productivity or territory is insufficient [CokeOven:candidate=True;constructible=True;affordable=False;available=False;owned=3;upgradeTo=IndustrialCarbonizationRetort;research=SteamPower|Coking;workshop=;productivity=-259.44;territory=1805]"
198502,198502,Normal,"Building","Waiting","",1,"productivity or territory is insufficient [CokeOven:candidate=True;constructible=True;affordable=False;available=False;owned=3;upgradeTo=IndustrialCarbonizationRetort;research=SteamPower|Coking;workshop=;productivity=-261.8;territory=1805]"
199102,199102,Normal,"Building","Waiting","",1,"productivity or territory is insufficient [CokeOven:candidate=True;constructible=True;affordable=False;available=False;owned=3;upgradeTo=IndustrialCarbonizationRetort;research=SteamPower|Coking;workshop=;productivity=-264.16;territory=1805]"
199702,200302,Normal,"Building","Waiting","",2,"productivity or territory is insufficient [CokeOven:candidate=True;constructible=True;affordable=False;available=False;owned=3;upgradeTo=IndustrialCarbonizationRetort;research=SteamPower|Coking;workshop=;productivity=-266.52;territory=1805]"
200902,202102,Normal,"Building","Waiting","",3,"productivity or territory is insufficient [CokeOven:candidate=True;constructible=True;affordable=False;available=False;owned=3;upgradeTo=IndustrialCarbonizationRetort;research=SteamPower|Coking;workshop=;productivity=-268.88;territory=1805]"
202702,205102,Normal,"Building","Waiting","",5,"productivity or territory is insufficient [CokeOven:candidate=True;constructible=True;affordable=False;available=False;owned=3;upgradeTo=IndustrialCarbonizationRetort;research=SteamPower|Coking;workshop=;productivity=-271.24;territory=1805]"
205702,205702,Normal,"Building","Waiting","",1,"productivity or territory is insufficient [CokeOven:candidate=True;constructible=True;affordable=False;available=False;owned=3;upgradeTo=IndustrialCarbonizationRetort;research=SteamPower|Coking;workshop=;productivity=-273.6;territory=1805]"
206302,206302,Normal,"Building","Waiting","",1,"no strategy candidate [CokeOven:candidate=True;constructible=True;affordable=False;available=False;owned=3;upgradeTo=IndustrialCarbonizationRetort;research=SteamPower|Coking;workshop=;productivity=21.4;territory=1805]"
206902,206902,Normal,"Building","Waiting","",1,"productivity or territory is insufficient [CokeOven:candidate=True;constructible=True;affordable=False;available=False;owned=3;upgradeTo=IndustrialCarbonizationRetort;research=SteamPower|Coking;workshop=;productivity=-25.8;territory=1805]"
207502,207502,Normal,"Building","Waiting","",1,"productivity or territory is insufficient [CokeOven:candidate=True;constructible=True;affordable=False;available=False;owned=3;upgradeTo=IndustrialCarbonizationRetort;research=SteamPower|Coking;workshop=;productivity=-68.28;territory=1805]"
208102,208102,Normal,"Building","Waiting","",1,"productivity or territory is insufficient [CokeOven:candidate=True;constructible=True;affordable=False;available=False;owned=3;upgradeTo=IndustrialCarbonizationRetort;research=SteamPower|Coking;workshop=;productivity=-101.32;territory=1805]"
208702,208702,Normal,"Building","Waiting","",1,"productivity or territory is insufficient [CokeOven:candidate=True;constructible=True;affordable=False;available=False;owned=3;upgradeTo=IndustrialCarbonizationRetort;research=SteamPower|Coking;workshop=;productivity=-132;territory=1805]"
209302,209302,Normal,"Building","Waiting","",1,"productivity or territory is insufficient [CokeOven:candidate=True;constructible=True;affordable=False;available=False;owned=3;upgradeTo=IndustrialCarbonizationRetort;research=SteamPower|Coking;workshop=;productivity=-155.6;territory=1805]"
209902,209902,Normal,"Building","Waiting","",1,"productivity or territory is insufficient [CokeOven:candidate=True;constructible=True;affordable=False;available=False;owned=3;upgradeTo=IndustrialCarbonizationRetort;research=SteamPower|Coking;workshop=;productivity=-174.48;territory=1805]"
210502,210502,Normal,"Building","Waiting","",1,"productivity or territory is insufficient [CokeOven:candidate=True;constructible=True;affordable=False;available=False;owned=3;upgradeTo=IndustrialCarbonizationRetort;research=SteamPower|Coking;workshop=;productivity=-191;territory=1805]"
211102,211102,Normal,"Building","Waiting","",1,"productivity or territory is insufficient [CokeOven:candidate=True;constructible=True;affordable=False;available=False;owned=3;upgradeTo=IndustrialCarbonizationRetort;research=SteamPower|Coking;workshop=;productivity=-205.16;territory=1805]"
211702,211702,Normal,"Building","Waiting","",1,"productivity or territory is insufficient [CokeOven:candidate=True;constructible=True;affordable=False;available=False;owned=3;upgradeTo=IndustrialCarbonizationRetort;research=SteamPower|Coking;workshop=;productivity=-216.96;territory=1805]"
212302,212302,Normal,"Building","Waiting","",1,"productivity or territory is insufficient [CokeOven:candidate=True;constructible=True;affordable=False;available=False;owned=3;upgradeTo=IndustrialCarbonizationRetort;research=SteamPower|Coking;workshop=;productivity=-226.4;territory=1805]"
212902,212902,Normal,"Building","Waiting","",1,"productivity or territory is insufficient [CokeOven:candidate=True;constructible=True;affordable=False;available=False;owned=3;upgradeTo=IndustrialCarbonizationRetort;research=SteamPower|Coking;workshop=;productivity=-233.48;territory=1805]"
213502,213502,Normal,"Building","Waiting","",1,"productivity or territory is insufficient [CokeOven:candidate=True;constructible=True;affordable=False;available=False;owned=3;upgradeTo=IndustrialCarbonizationRetort;research=SteamPower|Coking;workshop=;productivity=-240.56;territory=1805]"
214102,214102,Normal,"Building","Waiting","",1,"productivity or territory is insufficient [CokeOven:candidate=True;constructible=True;affordable=False;available=False;owned=3;upgradeTo=IndustrialCarbonizationRetort;research=SteamPower|Coking;workshop=;productivity=-245.28;territory=1805]"
214702,214702,Normal,"Building","Waiting","",1,"productivity or territory is insufficient [CokeOven:candidate=True;constructible=True;affordable=False;available=False;owned=3;upgradeTo=IndustrialCarbonizationRetort;research=SteamPower|Coking;workshop=;productivity=-250;territory=1805]"
215302,215302,Normal,"Building","Waiting","",1,"productivity or territory is insufficient [CokeOven:candidate=True;constructible=True;affordable=False;available=False;owned=3;upgradeTo=IndustrialCarbonizationRetort;research=SteamPower|Coking;workshop=;productivity=-254.72;territory=1805]"
215902,215902,Normal,"Building","Waiting","",1,"productivity or territory is insufficient [CokeOven:candidate=True;constructible=True;affordable=False;available=False;owned=3;upgradeTo=IndustrialCarbonizationRetort;research=SteamPower|Coking;workshop=;productivity=-257.08;territory=1805]"
216502,216502,Normal,"Building","Waiting","",1,"productivity or territory is insufficient [CokeOven:candidate=True;constructible=True;affordable=False;available=False;owned=3;upgradeTo=IndustrialCarbonizationRetort;research=SteamPower|Coking;workshop=;productivity=-259.44;territory=1805]"
217102,217102,Normal,"Building","Waiting","",1,"productivity or territory is insufficient [CokeOven:candidate=True;constructible=True;affordable=False;available=False;owned=3;upgradeTo=IndustrialCarbonizationRetort;research=SteamPower|Coking;workshop=;productivity=-261.8;territory=1805]"
217702,217702,Normal,"Building","Waiting","",1,"productivity or territory is insufficient [CokeOven:candidate=True;constructible=True;affordable=False;available=False;owned=3;upgradeTo=IndustrialCarbonizationRetort;research=SteamPower|Coking;workshop=;productivity=-264.16;territory=1805]"
218302,218902,Normal,"Building","Waiting","",2,"productivity or territory is insufficient [CokeOven:candidate=True;constructible=True;affordable=False;available=False;owned=3;upgradeTo=IndustrialCarbonizationRetort;research=SteamPower|Coking;workshop=;productivity=-266.52;territory=1805]"
219502,220702,Normal,"Building","Waiting","",3,"productivity or territory is insufficient [CokeOven:candidate=True;constructible=True;affordable=False;available=False;owned=3;upgradeTo=IndustrialCarbonizationRetort;research=SteamPower|Coking;workshop=;productivity=-268.88;territory=1805]"
221302,223702,Normal,"Building","Waiting","",5,"productivity or territory is insufficient [CokeOven:candidate=True;constructible=True;affordable=False;available=False;owned=3;upgradeTo=IndustrialCarbonizationRetort;research=SteamPower|Coking;workshop=;productivity=-271.24;territory=1805]"
224302,224302,Normal,"Building","Waiting","",1,"productivity or territory is insufficient [CokeOven:candidate=True;constructible=True;affordable=False;available=False;owned=3;upgradeTo=IndustrialCarbonizationRetort;research=SteamPower|Coking;workshop=;productivity=-273.6;territory=1805]"
224902,224902,Normal,"Building","Waiting","",1,"no strategy candidate [CokeOven:candidate=True;constructible=True;affordable=False;available=False;owned=3;upgradeTo=IndustrialCarbonizationRetort;research=SteamPower|Coking;workshop=;productivity=21.4;territory=1805]"
225502,225502,Normal,"Building","Waiting","",1,"productivity or territory is insufficient [CokeOven:candidate=True;constructible=True;affordable=False;available=False;owned=3;upgradeTo=IndustrialCarbonizationRetort;research=SteamPower|Coking;workshop=;productivity=-25.8;territory=1805]"
226102,226102,Normal,"Building","Waiting","",1,"productivity or territory is insufficient [CokeOven:candidate=True;constructible=True;affordable=False;available=False;owned=3;upgradeTo=IndustrialCarbonizationRetort;research=SteamPower|Coking;workshop=;productivity=-68.28;territory=1805]"
226702,226702,Normal,"Building","Waiting","",1,"productivity or territory is insufficient [CokeOven:candidate=True;constructible=True;affordable=False;available=False;owned=3;upgradeTo=IndustrialCarbonizationRetort;research=SteamPower|Coking;workshop=;productivity=-101.32;territory=1805]"
227302,227302,Normal,"Building","Waiting","",1,"productivity or territory is insufficient [CokeOven:candidate=True;constructible=True;affordable=False;available=False;owned=3;upgradeTo=IndustrialCarbonizationRetort;research=SteamPower|Coking;workshop=;productivity=-132;territory=1805]"
227902,227902,Normal,"Building","Waiting","",1,"productivity or territory is insufficient [CokeOven:candidate=True;constructible=True;affordable=False;available=False;owned=3;upgradeTo=IndustrialCarbonizationRetort;research=SteamPower|Coking;workshop=;productivity=-155.6;territory=1805]"
228502,228502,Normal,"Building","Waiting","",1,"productivity or territory is insufficient [CokeOven:candidate=True;constructible=True;affordable=False;available=False;owned=3;upgradeTo=IndustrialCarbonizationRetort;research=SteamPower|Coking;workshop=;productivity=-174.48;territory=1805]"
229102,229102,Normal,"Building","Waiting","",1,"productivity or territory is insufficient [CokeOven:candidate=True;constructible=True;affordable=False;available=False;owned=3;upgradeTo=IndustrialCarbonizationRetort;research=SteamPower|Coking;workshop=;productivity=-191;territory=1805]"
229702,229702,Normal,"Building","Waiting","",1,"productivity or territory is insufficient [CokeOven:candidate=True;constructible=True;affordable=False;available=False;owned=3;upgradeTo=IndustrialCarbonizationRetort;research=SteamPower|Coking;workshop=;productivity=-205.16;territory=1805]"
230302,230302,Normal,"Building","Waiting","",1,"productivity or territory is insufficient [CokeOven:candidate=True;constructible=True;affordable=False;available=False;owned=3;upgradeTo=IndustrialCarbonizationRetort;research=SteamPower|Coking;workshop=;productivity=-216.96;territory=1805]"
230902,230902,Normal,"Building","Waiting","",1,"productivity or territory is insufficient [CokeOven:candidate=True;constructible=True;affordable=False;available=False;owned=3;upgradeTo=IndustrialCarbonizationRetort;research=SteamPower|Coking;workshop=;productivity=-226.4;territory=1805]"
231502,231502,Normal,"Building","Waiting","",1,"productivity or territory is insufficient [CokeOven:candidate=True;constructible=True;affordable=False;available=False;owned=3;upgradeTo=IndustrialCarbonizationRetort;research=SteamPower|Coking;workshop=;productivity=-233.48;territory=1805]"
232102,232102,Normal,"Building","Waiting","",1,"productivity or territory is insufficient [CokeOven:candidate=True;constructible=True;affordable=False;available=False;owned=3;upgradeTo=IndustrialCarbonizationRetort;research=SteamPower|Coking;workshop=;productivity=-240.56;territory=1805]"
232702,232702,Normal,"Building","Waiting","",1,"productivity or territory is insufficient [CokeOven:candidate=True;constructible=True;affordable=False;available=False;owned=3;upgradeTo=IndustrialCarbonizationRetort;research=SteamPower|Coking;workshop=;productivity=-245.28;territory=1805]"
233302,233302,Normal,"Building","Waiting","",1,"productivity or territory is insufficient [CokeOven:candidate=True;constructible=True;affordable=False;available=False;owned=3;upgradeTo=IndustrialCarbonizationRetort;research=SteamPower|Coking;workshop=;productivity=-250;territory=1805]"
233902,233902,Normal,"Building","Waiting","",1,"productivity or territory is insufficient [CokeOven:candidate=True;constructible=True;affordable=False;available=False;owned=3;upgradeTo=IndustrialCarbonizationRetort;research=SteamPower|Coking;workshop=;productivity=-254.72;territory=1805]"
234502,234502,Normal,"Building","Waiting","",1,"productivity or territory is insufficient [CokeOven:candidate=True;constructible=True;affordable=False;available=False;owned=3;upgradeTo=IndustrialCarbonizationRetort;research=SteamPower|Coking;workshop=;productivity=-257.08;territory=1805]"
235102,235102,Normal,"Building","Waiting","",1,"productivity or territory is insufficient [CokeOven:candidate=True;constructible=True;affordable=False;available=False;owned=3;upgradeTo=IndustrialCarbonizationRetort;research=SteamPower|Coking;workshop=;productivity=-259.44;territory=1805]"
235702,235702,Normal,"Building","Waiting","",1,"productivity or territory is insufficient [CokeOven:candidate=True;constructible=True;affordable=False;available=False;owned=3;upgradeTo=IndustrialCarbonizationRetort;research=SteamPower|Coking;workshop=;productivity=-261.8;territory=1805]"
236302,236302,Normal,"Building","Waiting","",1,"productivity or territory is insufficient [CokeOven:candidate=True;constructible=True;affordable=False;available=False;owned=3;upgradeTo=IndustrialCarbonizationRetort;research=SteamPower|Coking;workshop=;productivity=-264.16;territory=1805]"
236902,237502,Normal,"Building","Waiting","",2,"productivity or territory is insufficient [CokeOven:candidate=True;constructible=True;affordable=False;available=False;owned=3;upgradeTo=IndustrialCarbonizationRetort;research=SteamPower|Coking;workshop=;productivity=-266.52;territory=1805]"
238102,239302,Normal,"Building","Waiting","",3,"productivity or territory is insufficient [CokeOven:candidate=True;constructible=True;affordable=False;available=False;owned=3;upgradeTo=IndustrialCarbonizationRetort;research=SteamPower|Coking;workshop=;productivity=-268.88;territory=1805]"
239902,242302,Normal,"Building","Waiting","",5,"productivity or territory is insufficient [CokeOven:candidate=True;constructible=True;affordable=False;available=False;owned=3;upgradeTo=IndustrialCarbonizationRetort;research=SteamPower|Coking;workshop=;productivity=-271.24;territory=1805]"
242902,242902,Normal,"Building","Waiting","",1,"productivity or territory is insufficient [CokeOven:candidate=True;constructible=True;affordable=False;available=False;owned=3;upgradeTo=IndustrialCarbonizationRetort;research=SteamPower|Coking;workshop=;productivity=-273.6;territory=1805]"
243502,243502,Normal,"Building","Waiting","",1,"no strategy candidate [CokeOven:candidate=True;constructible=True;affordable=False;available=False;owned=3;upgradeTo=IndustrialCarbonizationRetort;research=SteamPower|Coking;workshop=;productivity=21.4;territory=1805]"
244102,244102,Normal,"Building","Waiting","",1,"productivity or territory is insufficient [CokeOven:candidate=True;constructible=True;affordable=False;available=False;owned=3;upgradeTo=IndustrialCarbonizationRetort;research=SteamPower|Coking;workshop=;productivity=-25.8;territory=1805]"
244702,244702,Normal,"Building","Waiting","",1,"productivity or territory is insufficient [CokeOven:candidate=True;constructible=True;affordable=False;available=False;owned=3;upgradeTo=IndustrialCarbonizationRetort;research=SteamPower|Coking;workshop=;productivity=-68.28;territory=1805]"
245302,245302,Normal,"Building","Waiting","",1,"productivity or territory is insufficient [CokeOven:candidate=True;constructible=True;affordable=False;available=False;owned=3;upgradeTo=IndustrialCarbonizationRetort;research=SteamPower|Coking;workshop=;productivity=-101.32;territory=1805]"
245902,245902,Normal,"Building","Waiting","",1,"productivity or territory is insufficient [CokeOven:candidate=True;constructible=True;affordable=False;available=False;owned=3;upgradeTo=IndustrialCarbonizationRetort;research=SteamPower|Coking;workshop=;productivity=-132;territory=1805]"
246502,246502,Normal,"Building","Waiting","",1,"productivity or territory is insufficient [CokeOven:candidate=True;constructible=True;affordable=False;available=False;owned=3;upgradeTo=IndustrialCarbonizationRetort;research=SteamPower|Coking;workshop=;productivity=-155.6;territory=1805]"
247102,247102,Normal,"Building","Waiting","",1,"productivity or territory is insufficient [CokeOven:candidate=True;constructible=True;affordable=False;available=False;owned=3;upgradeTo=IndustrialCarbonizationRetort;research=SteamPower|Coking;workshop=;productivity=-174.48;territory=1805]"
247702,247702,Normal,"Building","Waiting","",1,"productivity or territory is insufficient [CokeOven:candidate=True;constructible=True;affordable=False;available=False;owned=3;upgradeTo=IndustrialCarbonizationRetort;research=SteamPower|Coking;workshop=;productivity=-191;territory=1805]"
248302,248302,Normal,"Building","Waiting","",1,"productivity or territory is insufficient [CokeOven:candidate=True;constructible=True;affordable=False;available=False;owned=3;upgradeTo=IndustrialCarbonizationRetort;research=SteamPower|Coking;workshop=;productivity=-205.16;territory=1805]"
248902,248902,Normal,"Building","Waiting","",1,"productivity or territory is insufficient [CokeOven:candidate=True;constructible=True;affordable=False;available=False;owned=3;upgradeTo=IndustrialCarbonizationRetort;research=SteamPower|Coking;workshop=;productivity=-216.96;territory=1805]"
249502,249502,Normal,"Building","Waiting","",1,"productivity or territory is insufficient [CokeOven:candidate=True;constructible=True;affordable=False;available=False;owned=3;upgradeTo=IndustrialCarbonizationRetort;research=SteamPower|Coking;workshop=;productivity=-226.4;territory=1805]"
250102,250102,Normal,"Building","Waiting","",1,"productivity or territory is insufficient [CokeOven:candidate=True;constructible=True;affordable=False;available=False;owned=3;upgradeTo=IndustrialCarbonizationRetort;research=SteamPower|Coking;workshop=;productivity=-233.48;territory=1805]"
250702,250702,Normal,"Building","Waiting","",1,"productivity or territory is insufficient [CokeOven:candidate=True;constructible=True;affordable=False;available=False;owned=3;upgradeTo=IndustrialCarbonizationRetort;research=SteamPower|Coking;workshop=;productivity=-240.56;territory=1805]"
251302,251302,Normal,"Building","Waiting","",1,"productivity or territory is insufficient [CokeOven:candidate=True;constructible=True;affordable=False;available=False;owned=3;upgradeTo=IndustrialCarbonizationRetort;research=SteamPower|Coking;workshop=;productivity=-245.28;territory=1805]"
251902,251902,Normal,"Building","Waiting","",1,"productivity or territory is insufficient [CokeOven:candidate=True;constructible=True;affordable=False;available=False;owned=3;upgradeTo=IndustrialCarbonizationRetort;research=SteamPower|Coking;workshop=;productivity=-250;territory=1805]"
252502,252502,Normal,"Building","Waiting","",1,"productivity or territory is insufficient [CokeOven:candidate=True;constructible=True;affordable=False;available=False;owned=3;upgradeTo=IndustrialCarbonizationRetort;research=SteamPower|Coking;workshop=;productivity=-254.72;territory=1805]"
253102,253102,Normal,"Building","Waiting","",1,"productivity or territory is insufficient [CokeOven:candidate=True;constructible=True;affordable=False;available=False;owned=3;upgradeTo=IndustrialCarbonizationRetort;research=SteamPower|Coking;workshop=;productivity=-257.08;territory=1805]"
253702,253702,Normal,"Building","Waiting","",1,"productivity or territory is insufficient [CokeOven:candidate=True;constructible=True;affordable=False;available=False;owned=3;upgradeTo=IndustrialCarbonizationRetort;research=SteamPower|Coking;workshop=;productivity=-259.44;territory=1805]"
254302,254302,Normal,"Building","Waiting","",1,"productivity or territory is insufficient [CokeOven:candidate=True;constructible=True;affordable=False;available=False;owned=3;upgradeTo=IndustrialCarbonizationRetort;research=SteamPower|Coking;workshop=;productivity=-261.8;territory=1805]"
254902,254902,Normal,"Building","Waiting","",1,"productivity or territory is insufficient [CokeOven:candidate=True;constructible=True;affordable=False;available=False;owned=3;upgradeTo=IndustrialCarbonizationRetort;research=SteamPower|Coking;workshop=;productivity=-264.16;territory=1805]"
255502,256102,Normal,"Building","Waiting","",2,"productivity or territory is insufficient [CokeOven:candidate=True;constructible=True;affordable=False;available=False;owned=3;upgradeTo=IndustrialCarbonizationRetort;research=SteamPower|Coking;workshop=;productivity=-266.52;territory=1805]"
256702,257902,Normal,"Building","Waiting","",3,"productivity or territory is insufficient [CokeOven:candidate=True;constructible=True;affordable=False;available=False;owned=3;upgradeTo=IndustrialCarbonizationRetort;research=SteamPower|Coking;workshop=;productivity=-268.88;territory=1805]"
258502,260902,Normal,"Building","Waiting","",5,"productivity or territory is insufficient [CokeOven:candidate=True;constructible=True;affordable=False;available=False;owned=3;upgradeTo=IndustrialCarbonizationRetort;research=SteamPower|Coking;workshop=;productivity=-271.24;territory=1805]"
261502,261502,Normal,"Building","Waiting","",1,"productivity or territory is insufficient [CokeOven:candidate=True;constructible=True;affordable=False;available=False;owned=3;upgradeTo=IndustrialCarbonizationRetort;research=SteamPower|Coking;workshop=;productivity=-273.6;territory=1805]"
262102,262102,Normal,"Building","Waiting","",1,"no strategy candidate [CokeOven:candidate=True;constructible=True;affordable=False;available=False;owned=3;upgradeTo=IndustrialCarbonizationRetort;research=SteamPower|Coking;workshop=;productivity=21.4;territory=1805]"
262702,262702,Normal,"Building","Waiting","",1,"productivity or territory is insufficient [CokeOven:candidate=True;constructible=True;affordable=False;available=False;owned=3;upgradeTo=IndustrialCarbonizationRetort;research=SteamPower|Coking;workshop=;productivity=-25.8;territory=1805]"
263302,263302,Normal,"Building","Waiting","",1,"productivity or territory is insufficient [CokeOven:candidate=True;constructible=True;affordable=False;available=False;owned=3;upgradeTo=IndustrialCarbonizationRetort;research=SteamPower|Coking;workshop=;productivity=-68.28;territory=1805]"
263902,263902,Normal,"Building","Waiting","",1,"productivity or territory is insufficient [CokeOven:candidate=True;constructible=True;affordable=False;available=False;owned=3;upgradeTo=IndustrialCarbonizationRetort;research=SteamPower|Coking;workshop=;productivity=-101.32;territory=1805]"
264502,264502,Normal,"Building","Waiting","",1,"productivity or territory is insufficient [CokeOven:candidate=True;constructible=True;affordable=False;available=False;owned=3;upgradeTo=IndustrialCarbonizationRetort;research=SteamPower|Coking;workshop=;productivity=-132;territory=1805]"
265102,265102,Normal,"Building","Waiting","",1,"productivity or territory is insufficient [CokeOven:candidate=True;constructible=True;affordable=False;available=False;owned=3;upgradeTo=IndustrialCarbonizationRetort;research=SteamPower|Coking;workshop=;productivity=-155.6;territory=1805]"
265702,265702,Normal,"Building","Waiting","",1,"productivity or territory is insufficient [CokeOven:candidate=True;constructible=True;affordable=False;available=False;owned=3;upgradeTo=IndustrialCarbonizationRetort;research=SteamPower|Coking;workshop=;productivity=-174.48;territory=1805]"
266302,266302,Normal,"Building","Waiting","",1,"productivity or territory is insufficient [CokeOven:candidate=True;constructible=True;affordable=False;available=False;owned=3;upgradeTo=IndustrialCarbonizationRetort;research=SteamPower|Coking;workshop=;productivity=-191;territory=1805]"
266902,266902,Normal,"Building","Waiting","",1,"productivity or territory is insufficient [CokeOven:candidate=True;constructible=True;affordable=False;available=False;owned=3;upgradeTo=IndustrialCarbonizationRetort;research=SteamPower|Coking;workshop=;productivity=-205.16;territory=1805]"
267502,267502,Normal,"Building","Waiting","",1,"productivity or territory is insufficient [CokeOven:candidate=True;constructible=True;affordable=False;available=False;owned=3;upgradeTo=IndustrialCarbonizationRetort;research=SteamPower|Coking;workshop=;productivity=-216.96;territory=1805]"
268102,268102,Normal,"Building","Waiting","",1,"productivity or territory is insufficient [CokeOven:candidate=True;constructible=True;affordable=False;available=False;owned=3;upgradeTo=IndustrialCarbonizationRetort;research=SteamPower|Coking;workshop=;productivity=-226.4;territory=1805]"
268702,268702,Normal,"Building","Waiting","",1,"productivity or territory is insufficient [CokeOven:candidate=True;constructible=True;affordable=False;available=False;owned=3;upgradeTo=IndustrialCarbonizationRetort;research=SteamPower|Coking;workshop=;productivity=-233.48;territory=1805]"
269302,269302,Normal,"Building","Waiting","",1,"productivity or territory is insufficient [CokeOven:candidate=True;constructible=True;affordable=False;available=False;owned=3;upgradeTo=IndustrialCarbonizationRetort;research=SteamPower|Coking;workshop=;productivity=-240.56;territory=1805]"
269902,269902,Normal,"Building","Waiting","",1,"productivity or territory is insufficient [CokeOven:candidate=True;constructible=True;affordable=False;available=False;owned=3;upgradeTo=IndustrialCarbonizationRetort;research=SteamPower|Coking;workshop=;productivity=-245.28;territory=1805]"
270502,270502,Normal,"Building","Waiting","",1,"productivity or territory is insufficient [CokeOven:candidate=True;constructible=True;affordable=False;available=False;owned=3;upgradeTo=IndustrialCarbonizationRetort;research=SteamPower|Coking;workshop=;productivity=-250;territory=1805]"
271102,271102,Normal,"Building","Waiting","",1,"productivity or territory is insufficient [CokeOven:candidate=True;constructible=True;affordable=False;available=False;owned=3;upgradeTo=IndustrialCarbonizationRetort;research=SteamPower|Coking;workshop=;productivity=-254.72;territory=1805]"
271702,271702,Normal,"Building","Waiting","",1,"productivity or territory is insufficient [CokeOven:candidate=True;constructible=True;affordable=False;available=False;owned=3;upgradeTo=IndustrialCarbonizationRetort;research=SteamPower|Coking;workshop=;productivity=-257.08;territory=1805]"
272302,272302,Normal,"Building","Waiting","",1,"productivity or territory is insufficient [CokeOven:candidate=True;constructible=True;affordable=False;available=False;owned=3;upgradeTo=IndustrialCarbonizationRetort;research=SteamPower|Coking;workshop=;productivity=-259.44;territory=1805]"
272902,272902,Normal,"Building","Waiting","",1,"productivity or territory is insufficient [CokeOven:candidate=True;constructible=True;affordable=False;available=False;owned=3;upgradeTo=IndustrialCarbonizationRetort;research=SteamPower|Coking;workshop=;productivity=-261.8;territory=1805]"
273502,273502,Normal,"Building","Waiting","",1,"productivity or territory is insufficient [CokeOven:candidate=True;constructible=True;affordable=False;available=False;owned=3;upgradeTo=IndustrialCarbonizationRetort;research=SteamPower|Coking;workshop=;productivity=-264.16;territory=1805]"
274102,274702,Normal,"Building","Waiting","",2,"productivity or territory is insufficient [CokeOven:candidate=True;constructible=True;affordable=False;available=False;owned=3;upgradeTo=IndustrialCarbonizationRetort;research=SteamPower|Coking;workshop=;productivity=-266.52;territory=1805]"
275302,276502,Normal,"Building","Waiting","",3,"productivity or territory is insufficient [CokeOven:candidate=True;constructible=True;affordable=False;available=False;owned=3;upgradeTo=IndustrialCarbonizationRetort;research=SteamPower|Coking;workshop=;productivity=-268.88;territory=1805]"
277102,279502,Normal,"Building","Waiting","",5,"productivity or territory is insufficient [CokeOven:candidate=True;constructible=True;affordable=False;available=False;owned=3;upgradeTo=IndustrialCarbonizationRetort;research=SteamPower|Coking;workshop=;productivity=-271.24;territory=1805]"
280102,280102,Normal,"Building","Waiting","",1,"productivity or territory is insufficient [CokeOven:candidate=True;constructible=True;affordable=False;available=False;owned=3;upgradeTo=IndustrialCarbonizationRetort;research=SteamPower|Coking;workshop=;productivity=-273.6;territory=1805]"
280702,280702,Normal,"Building","Waiting","",1,"no strategy candidate [CokeOven:candidate=True;constructible=True;affordable=False;available=False;owned=3;upgradeTo=IndustrialCarbonizationRetort;research=SteamPower|Coking;workshop=;productivity=21.4;territory=1805]"
281302,281302,Normal,"Building","Waiting","",1,"productivity or territory is insufficient [CokeOven:candidate=True;constructible=True;affordable=False;available=False;owned=3;upgradeTo=IndustrialCarbonizationRetort;research=SteamPower|Coking;workshop=;productivity=-25.8;territory=1805]"
281902,281902,Normal,"Building","Waiting","",1,"productivity or territory is insufficient [CokeOven:candidate=True;constructible=True;affordable=False;available=False;owned=3;upgradeTo=IndustrialCarbonizationRetort;research=SteamPower|Coking;workshop=;productivity=-68.28;territory=1805]"
282502,282502,Normal,"Building","Waiting","",1,"productivity or territory is insufficient [CokeOven:candidate=True;constructible=True;affordable=False;available=False;owned=3;upgradeTo=IndustrialCarbonizationRetort;research=SteamPower|Coking;workshop=;productivity=-101.32;territory=1805]"
283102,283102,Normal,"Building","Waiting","",1,"productivity or territory is insufficient [CokeOven:candidate=True;constructible=True;affordable=False;available=False;owned=3;upgradeTo=IndustrialCarbonizationRetort;research=SteamPower|Coking;workshop=;productivity=-132;territory=1805]"
283702,283702,Normal,"Building","Waiting","",1,"productivity or territory is insufficient [CokeOven:candidate=True;constructible=True;affordable=False;available=False;owned=3;upgradeTo=IndustrialCarbonizationRetort;research=SteamPower|Coking;workshop=;productivity=-155.6;territory=1805]"
284302,284302,Normal,"Building","Waiting","",1,"productivity or territory is insufficient [CokeOven:candidate=True;constructible=True;affordable=False;available=False;owned=3;upgradeTo=IndustrialCarbonizationRetort;research=SteamPower|Coking;workshop=;productivity=-174.48;territory=1805]"
284902,284902,Normal,"Building","Waiting","",1,"productivity or territory is insufficient [CokeOven:candidate=True;constructible=True;affordable=False;available=False;owned=3;upgradeTo=IndustrialCarbonizationRetort;research=SteamPower|Coking;workshop=;productivity=-191;territory=1805]"
285502,285502,Normal,"Building","Waiting","",1,"productivity or territory is insufficient [CokeOven:candidate=True;constructible=True;affordable=False;available=False;owned=3;upgradeTo=IndustrialCarbonizationRetort;research=SteamPower|Coking;workshop=;productivity=-205.16;territory=1805]"
286102,286102,Normal,"Building","Waiting","",1,"productivity or territory is insufficient [CokeOven:candidate=True;constructible=True;affordable=False;available=False;owned=3;upgradeTo=IndustrialCarbonizationRetort;research=SteamPower|Coking;workshop=;productivity=-216.96;territory=1805]"
286702,286702,Normal,"Building","Waiting","",1,"productivity or territory is insufficient [CokeOven:candidate=True;constructible=True;affordable=False;available=False;owned=3;upgradeTo=IndustrialCarbonizationRetort;research=SteamPower|Coking;workshop=;productivity=-226.4;territory=1805]"
287302,287302,Normal,"Building","Waiting","",1,"productivity or territory is insufficient [CokeOven:candidate=True;constructible=True;affordable=False;available=False;owned=3;upgradeTo=IndustrialCarbonizationRetort;research=SteamPower|Coking;workshop=;productivity=-233.48;territory=1805]"
287902,287902,Normal,"Building","Waiting","",1,"productivity or territory is insufficient [CokeOven:candidate=True;constructible=True;affordable=False;available=False;owned=3;upgradeTo=IndustrialCarbonizationRetort;research=SteamPower|Coking;workshop=;productivity=-240.56;territory=1805]"
288502,288502,Normal,"Building","Waiting","",1,"productivity or territory is insufficient [CokeOven:candidate=True;constructible=True;affordable=False;available=False;owned=3;upgradeTo=IndustrialCarbonizationRetort;research=SteamPower|Coking;workshop=;productivity=-245.28;territory=1805]"
289102,289102,Normal,"Building","Waiting","",1,"productivity or territory is insufficient [CokeOven:candidate=True;constructible=True;affordable=False;available=False;owned=3;upgradeTo=IndustrialCarbonizationRetort;research=SteamPower|Coking;workshop=;productivity=-250;territory=1805]"
289702,289702,Normal,"Building","Waiting","",1,"productivity or territory is insufficient [CokeOven:candidate=True;constructible=True;affordable=False;available=False;owned=3;upgradeTo=IndustrialCarbonizationRetort;research=SteamPower|Coking;workshop=;productivity=-254.72;territory=1805]"
290302,290302,Normal,"Building","Waiting","",1,"productivity or territory is insufficient [CokeOven:candidate=True;constructible=True;affordable=False;available=False;owned=3;upgradeTo=IndustrialCarbonizationRetort;research=SteamPower|Coking;workshop=;productivity=-257.08;territory=1805]"
290902,290902,Normal,"Building","Waiting","",1,"productivity or territory is insufficient [CokeOven:candidate=True;constructible=True;affordable=False;available=False;owned=3;upgradeTo=IndustrialCarbonizationRetort;research=SteamPower|Coking;workshop=;productivity=-259.44;territory=1805]"
291502,291502,Normal,"Building","Waiting","",1,"productivity or territory is insufficient [CokeOven:candidate=True;constructible=True;affordable=False;available=False;owned=3;upgradeTo=IndustrialCarbonizationRetort;research=SteamPower|Coking;workshop=;productivity=-261.8;territory=1805]"
292102,292102,Normal,"Building","Waiting","",1,"productivity or territory is insufficient [CokeOven:candidate=True;constructible=True;affordable=False;available=False;owned=3;upgradeTo=IndustrialCarbonizationRetort;research=SteamPower|Coking;workshop=;productivity=-264.16;territory=1805]"
292702,293302,Normal,"Building","Waiting","",2,"productivity or territory is insufficient [CokeOven:candidate=True;constructible=True;affordable=False;available=False;owned=3;upgradeTo=IndustrialCarbonizationRetort;research=SteamPower|Coking;workshop=;productivity=-266.52;territory=1805]"
293902,295102,Normal,"Building","Waiting","",3,"productivity or territory is insufficient [CokeOven:candidate=True;constructible=True;affordable=False;available=False;owned=3;upgradeTo=IndustrialCarbonizationRetort;research=SteamPower|Coking;workshop=;productivity=-268.88;territory=1805]"
295702,298102,Normal,"Building","Waiting","",5,"productivity or territory is insufficient [CokeOven:candidate=True;constructible=True;affordable=False;available=False;owned=3;upgradeTo=IndustrialCarbonizationRetort;research=SteamPower|Coking;workshop=;productivity=-271.24;territory=1805]"
298702,298702,Normal,"Building","Waiting","",1,"productivity or territory is insufficient [CokeOven:candidate=True;constructible=True;affordable=False;available=False;owned=3;upgradeTo=IndustrialCarbonizationRetort;research=SteamPower|Coking;workshop=;productivity=-273.6;territory=1805]"
299302,299302,Normal,"Building","Waiting","",1,"no strategy candidate [CokeOven:candidate=True;constructible=True;affordable=False;available=False;owned=3;upgradeTo=IndustrialCarbonizationRetort;research=SteamPower|Coking;workshop=;productivity=21.4;territory=1805]"
299902,299902,Normal,"Building","Waiting","",1,"productivity or territory is insufficient [CokeOven:candidate=True;constructible=True;affordable=False;available=False;owned=3;upgradeTo=IndustrialCarbonizationRetort;research=SteamPower|Coking;workshop=;productivity=-25.8;territory=1805]"
300502,300502,Normal,"Building","Waiting","",1,"productivity or territory is insufficient [CokeOven:candidate=True;constructible=True;affordable=False;available=False;owned=3;upgradeTo=IndustrialCarbonizationRetort;research=SteamPower|Coking;workshop=;productivity=-68.28;territory=1805]"
301102,301102,Normal,"Building","Waiting","",1,"productivity or territory is insufficient [CokeOven:candidate=True;constructible=True;affordable=False;available=False;owned=3;upgradeTo=IndustrialCarbonizationRetort;research=SteamPower|Coking;workshop=;productivity=-101.32;territory=1805]"
301702,301702,Normal,"Building","Waiting","",1,"productivity or territory is insufficient [CokeOven:candidate=True;constructible=True;affordable=False;available=False;owned=3;upgradeTo=IndustrialCarbonizationRetort;research=SteamPower|Coking;workshop=;productivity=-132;territory=1805]"
302302,302302,Normal,"Building","Waiting","",1,"productivity or territory is insufficient [CokeOven:candidate=True;constructible=True;affordable=False;available=False;owned=3;upgradeTo=IndustrialCarbonizationRetort;research=SteamPower|Coking;workshop=;productivity=-155.6;territory=1805]"
302902,302902,Normal,"Building","Waiting","",1,"productivity or territory is insufficient [CokeOven:candidate=True;constructible=True;affordable=False;available=False;owned=3;upgradeTo=IndustrialCarbonizationRetort;research=SteamPower|Coking;workshop=;productivity=-174.48;territory=1805]"
303502,303502,Normal,"Building","Waiting","",1,"productivity or territory is insufficient [CokeOven:candidate=True;constructible=True;affordable=False;available=False;owned=3;upgradeTo=IndustrialCarbonizationRetort;research=SteamPower|Coking;workshop=;productivity=-191;territory=1805]"
304102,304102,Normal,"Building","Waiting","",1,"productivity or territory is insufficient [CokeOven:candidate=True;constructible=True;affordable=False;available=False;owned=3;upgradeTo=IndustrialCarbonizationRetort;research=SteamPower|Coking;workshop=;productivity=-205.16;territory=1805]"
304702,304702,Normal,"Building","Waiting","",1,"productivity or territory is insufficient [CokeOven:candidate=True;constructible=True;affordable=False;available=False;owned=3;upgradeTo=IndustrialCarbonizationRetort;research=SteamPower|Coking;workshop=;productivity=-216.96;territory=1805]"
305302,305302,Normal,"Building","Waiting","",1,"productivity or territory is insufficient [CokeOven:candidate=True;constructible=True;affordable=False;available=False;owned=3;upgradeTo=IndustrialCarbonizationRetort;research=SteamPower|Coking;workshop=;productivity=-226.4;territory=1805]"
305902,305902,Normal,"Building","Waiting","",1,"productivity or territory is insufficient [CokeOven:candidate=True;constructible=True;affordable=False;available=False;owned=3;upgradeTo=IndustrialCarbonizationRetort;research=SteamPower|Coking;workshop=;productivity=-233.48;territory=1805]"
306502,306502,Normal,"Building","Waiting","",1,"productivity or territory is insufficient [CokeOven:candidate=True;constructible=True;affordable=False;available=False;owned=3;upgradeTo=IndustrialCarbonizationRetort;research=SteamPower|Coking;workshop=;productivity=-240.56;territory=1805]"
307102,307102,Normal,"Building","Waiting","",1,"productivity or territory is insufficient [CokeOven:candidate=True;constructible=True;affordable=False;available=False;owned=3;upgradeTo=IndustrialCarbonizationRetort;research=SteamPower|Coking;workshop=;productivity=-245.28;territory=1805]"
307702,307702,Normal,"Building","Waiting","",1,"productivity or territory is insufficient [CokeOven:candidate=True;constructible=True;affordable=False;available=False;owned=3;upgradeTo=IndustrialCarbonizationRetort;research=SteamPower|Coking;workshop=;productivity=-250;territory=1805]"
308302,308302,Normal,"Building","Waiting","",1,"productivity or territory is insufficient [CokeOven:candidate=True;constructible=True;affordable=False;available=False;owned=3;upgradeTo=IndustrialCarbonizationRetort;research=SteamPower|Coking;workshop=;productivity=-254.72;territory=1805]"
308902,308902,Normal,"Building","Waiting","",1,"productivity or territory is insufficient [CokeOven:candidate=True;constructible=True;affordable=False;available=False;owned=3;upgradeTo=IndustrialCarbonizationRetort;research=SteamPower|Coking;workshop=;productivity=-257.08;territory=1805]"
309502,309502,Normal,"Building","Waiting","",1,"productivity or territory is insufficient [CokeOven:candidate=True;constructible=True;affordable=False;available=False;owned=3;upgradeTo=IndustrialCarbonizationRetort;research=SteamPower|Coking;workshop=;productivity=-259.44;territory=1805]"
310102,310102,Normal,"Building","Waiting","",1,"productivity or territory is insufficient [CokeOven:candidate=True;constructible=True;affordable=False;available=False;owned=3;upgradeTo=IndustrialCarbonizationRetort;research=SteamPower|Coking;workshop=;productivity=-261.8;territory=1805]"
310702,310702,Normal,"Building","Waiting","",1,"productivity or territory is insufficient [CokeOven:candidate=True;constructible=True;affordable=False;available=False;owned=3;upgradeTo=IndustrialCarbonizationRetort;research=SteamPower|Coking;workshop=;productivity=-264.16;territory=1805]"
311302,311902,Normal,"Building","Waiting","",2,"productivity or territory is insufficient [CokeOven:candidate=True;constructible=True;affordable=False;available=False;owned=3;upgradeTo=IndustrialCarbonizationRetort;research=SteamPower|Coking;workshop=;productivity=-266.52;territory=1805]"
312502,313702,Normal,"Building","Waiting","",3,"productivity or territory is insufficient [CokeOven:candidate=True;constructible=True;affordable=False;available=False;owned=3;upgradeTo=IndustrialCarbonizationRetort;research=SteamPower|Coking;workshop=;productivity=-268.88;territory=1805]"
314302,316702,Normal,"Building","Waiting","",5,"productivity or territory is insufficient [CokeOven:candidate=True;constructible=True;affordable=False;available=False;owned=3;upgradeTo=IndustrialCarbonizationRetort;research=SteamPower|Coking;workshop=;productivity=-271.24;territory=1805]"
317302,317302,Normal,"Building","Waiting","",1,"productivity or territory is insufficient [CokeOven:candidate=True;constructible=True;affordable=False;available=False;owned=3;upgradeTo=IndustrialCarbonizationRetort;research=SteamPower|Coking;workshop=;productivity=-273.6;territory=1805]"
317902,317902,Normal,"Building","Waiting","",1,"no strategy candidate [CokeOven:candidate=True;constructible=True;affordable=False;available=False;owned=3;upgradeTo=IndustrialCarbonizationRetort;research=SteamPower|Coking;workshop=;productivity=21.4;territory=1805]"
318502,318502,Normal,"Building","Waiting","",1,"productivity or territory is insufficient [CokeOven:candidate=True;constructible=True;affordable=False;available=False;owned=3;upgradeTo=IndustrialCarbonizationRetort;research=SteamPower|Coking;workshop=;productivity=-25.8;territory=1805]"
319102,319102,Normal,"Building","Waiting","",1,"productivity or territory is insufficient [CokeOven:candidate=True;constructible=True;affordable=False;available=False;owned=3;upgradeTo=IndustrialCarbonizationRetort;research=SteamPower|Coking;workshop=;productivity=-68.28;territory=1805]"
319702,319702,Normal,"Building","Waiting","",1,"productivity or territory is insufficient [CokeOven:candidate=True;constructible=True;affordable=False;available=False;owned=3;upgradeTo=IndustrialCarbonizationRetort;research=SteamPower|Coking;workshop=;productivity=-101.32;territory=1805]"
320302,320302,Normal,"Building","Waiting","",1,"productivity or territory is insufficient [CokeOven:candidate=True;constructible=True;affordable=False;available=False;owned=3;upgradeTo=IndustrialCarbonizationRetort;research=SteamPower|Coking;workshop=;productivity=-132;territory=1805]"
320902,320902,Normal,"Building","Waiting","",1,"productivity or territory is insufficient [CokeOven:candidate=True;constructible=True;affordable=False;available=False;owned=3;upgradeTo=IndustrialCarbonizationRetort;research=SteamPower|Coking;workshop=;productivity=-155.6;territory=1805]"
321502,321502,Normal,"Building","Waiting","",1,"productivity or territory is insufficient [CokeOven:candidate=True;constructible=True;affordable=False;available=False;owned=3;upgradeTo=IndustrialCarbonizationRetort;research=SteamPower|Coking;workshop=;productivity=-174.48;territory=1805]"
322102,322102,Normal,"Building","Waiting","",1,"productivity or territory is insufficient [CokeOven:candidate=True;constructible=True;affordable=False;available=False;owned=3;upgradeTo=IndustrialCarbonizationRetort;research=SteamPower|Coking;workshop=;productivity=-191;territory=1805]"
322702,322702,Normal,"Building","Waiting","",1,"productivity or territory is insufficient [CokeOven:candidate=True;constructible=True;affordable=False;available=False;owned=3;upgradeTo=IndustrialCarbonizationRetort;research=SteamPower|Coking;workshop=;productivity=-205.16;territory=1805]"
323302,323302,Normal,"Building","Waiting","",1,"productivity or territory is insufficient [CokeOven:candidate=True;constructible=True;affordable=False;available=False;owned=3;upgradeTo=IndustrialCarbonizationRetort;research=SteamPower|Coking;workshop=;productivity=-216.96;territory=1805]"
323902,323902,Normal,"Building","Waiting","",1,"productivity or territory is insufficient [CokeOven:candidate=True;constructible=True;affordable=False;available=False;owned=3;upgradeTo=IndustrialCarbonizationRetort;research=SteamPower|Coking;workshop=;productivity=-226.4;territory=1805]"
324502,324502,Normal,"Building","Waiting","",1,"productivity or territory is insufficient [CokeOven:candidate=True;constructible=True;affordable=False;available=False;owned=3;upgradeTo=IndustrialCarbonizationRetort;research=SteamPower|Coking;workshop=;productivity=-233.48;territory=1805]"
325102,325102,Normal,"Building","Waiting","",1,"productivity or territory is insufficient [CokeOven:candidate=True;constructible=True;affordable=False;available=False;owned=3;upgradeTo=IndustrialCarbonizationRetort;research=SteamPower|Coking;workshop=;productivity=-240.56;territory=1805]"
325702,325702,Normal,"Building","Waiting","",1,"productivity or territory is insufficient [CokeOven:candidate=True;constructible=True;affordable=False;available=False;owned=3;upgradeTo=IndustrialCarbonizationRetort;research=SteamPower|Coking;workshop=;productivity=-245.28;territory=1805]"
326302,326302,Normal,"Building","Waiting","",1,"productivity or territory is insufficient [CokeOven:candidate=True;constructible=True;affordable=False;available=False;owned=3;upgradeTo=IndustrialCarbonizationRetort;research=SteamPower|Coking;workshop=;productivity=-250;territory=1805]"
326902,326902,Normal,"Building","Waiting","",1,"productivity or territory is insufficient [CokeOven:candidate=True;constructible=True;affordable=False;available=False;owned=3;upgradeTo=IndustrialCarbonizationRetort;research=SteamPower|Coking;workshop=;productivity=-254.72;territory=1805]"
327502,327502,Normal,"Building","Waiting","",1,"productivity or territory is insufficient [CokeOven:candidate=True;constructible=True;affordable=False;available=False;owned=3;upgradeTo=IndustrialCarbonizationRetort;research=SteamPower|Coking;workshop=;productivity=-257.08;territory=1805]"
328102,328102,Normal,"Building","Waiting","",1,"productivity or territory is insufficient [CokeOven:candidate=True;constructible=True;affordable=False;available=False;owned=3;upgradeTo=IndustrialCarbonizationRetort;research=SteamPower|Coking;workshop=;productivity=-259.44;territory=1805]"
328702,328702,Normal,"Building","Waiting","",1,"productivity or territory is insufficient [CokeOven:candidate=True;constructible=True;affordable=False;available=False;owned=3;upgradeTo=IndustrialCarbonizationRetort;research=SteamPower|Coking;workshop=;productivity=-261.8;territory=1805]"
329302,329302,Normal,"Building","Waiting","",1,"productivity or territory is insufficient [CokeOven:candidate=True;constructible=True;affordable=False;available=False;owned=3;upgradeTo=IndustrialCarbonizationRetort;research=SteamPower|Coking;workshop=;productivity=-264.16;territory=1805]"
329902,330502,Normal,"Building","Waiting","",2,"productivity or territory is insufficient [CokeOven:candidate=True;constructible=True;affordable=False;available=False;owned=3;upgradeTo=IndustrialCarbonizationRetort;research=SteamPower|Coking;workshop=;productivity=-266.52;territory=1805]"
331102,332302,Normal,"Building","Waiting","",3,"productivity or territory is insufficient [CokeOven:candidate=True;constructible=True;affordable=False;available=False;owned=3;upgradeTo=IndustrialCarbonizationRetort;research=SteamPower|Coking;workshop=;productivity=-268.88;territory=1805]"
332902,335302,Normal,"Building","Waiting","",5,"productivity or territory is insufficient [CokeOven:candidate=True;constructible=True;affordable=False;available=False;owned=3;upgradeTo=IndustrialCarbonizationRetort;research=SteamPower|Coking;workshop=;productivity=-271.24;territory=1805]"
335902,335902,Normal,"Building","Waiting","",1,"productivity or territory is insufficient [CokeOven:candidate=True;constructible=True;affordable=False;available=False;owned=3;upgradeTo=IndustrialCarbonizationRetort;research=SteamPower|Coking;workshop=;productivity=-273.6;territory=1805]"
336502,336502,Normal,"Building","Waiting","",1,"no strategy candidate [CokeOven:candidate=True;constructible=True;affordable=False;available=False;owned=3;upgradeTo=IndustrialCarbonizationRetort;research=SteamPower|Coking;workshop=;productivity=21.4;territory=1805]"
337102,337102,Normal,"Building","Waiting","",1,"productivity or territory is insufficient [CokeOven:candidate=True;constructible=True;affordable=False;available=False;owned=3;upgradeTo=IndustrialCarbonizationRetort;research=SteamPower|Coking;workshop=;productivity=-25.8;territory=1805]"
337702,337702,Normal,"Building","Waiting","",1,"productivity or territory is insufficient [CokeOven:candidate=True;constructible=True;affordable=False;available=False;owned=3;upgradeTo=IndustrialCarbonizationRetort;research=SteamPower|Coking;workshop=;productivity=-68.28;territory=1805]"
338302,338302,Normal,"Building","Waiting","",1,"productivity or territory is insufficient [CokeOven:candidate=True;constructible=True;affordable=False;available=False;owned=3;upgradeTo=IndustrialCarbonizationRetort;research=SteamPower|Coking;workshop=;productivity=-101.32;territory=1805]"
338902,338902,Normal,"Building","Waiting","",1,"productivity or territory is insufficient [CokeOven:candidate=True;constructible=True;affordable=False;available=False;owned=3;upgradeTo=IndustrialCarbonizationRetort;research=SteamPower|Coking;workshop=;productivity=-132;territory=1805]"
339502,339502,Normal,"Building","Waiting","",1,"productivity or territory is insufficient [CokeOven:candidate=True;constructible=True;affordable=False;available=False;owned=3;upgradeTo=IndustrialCarbonizationRetort;research=SteamPower|Coking;workshop=;productivity=-155.6;territory=1805]"
340102,340102,Normal,"Building","Waiting","",1,"productivity or territory is insufficient [CokeOven:candidate=True;constructible=True;affordable=False;available=False;owned=3;upgradeTo=IndustrialCarbonizationRetort;research=SteamPower|Coking;workshop=;productivity=-174.48;territory=1805]"
340702,340702,Normal,"Building","Waiting","",1,"productivity or territory is insufficient [CokeOven:candidate=True;constructible=True;affordable=False;available=False;owned=3;upgradeTo=IndustrialCarbonizationRetort;research=SteamPower|Coking;workshop=;productivity=-191;territory=1805]"
341302,341302,Normal,"Building","Waiting","",1,"productivity or territory is insufficient [CokeOven:candidate=True;constructible=True;affordable=False;available=False;owned=3;upgradeTo=IndustrialCarbonizationRetort;research=SteamPower|Coking;workshop=;productivity=-205.16;territory=1805]"
341902,341902,Normal,"Building","Waiting","",1,"productivity or territory is insufficient [CokeOven:candidate=True;constructible=True;affordable=False;available=False;owned=3;upgradeTo=IndustrialCarbonizationRetort;research=SteamPower|Coking;workshop=;productivity=-216.96;territory=1805]"
342502,342502,Normal,"Building","Waiting","",1,"productivity or territory is insufficient [CokeOven:candidate=True;constructible=True;affordable=False;available=False;owned=3;upgradeTo=IndustrialCarbonizationRetort;research=SteamPower|Coking;workshop=;productivity=-226.4;territory=1805]"
343102,343102,Normal,"Building","Waiting","",1,"productivity or territory is insufficient [CokeOven:candidate=True;constructible=True;affordable=False;available=False;owned=3;upgradeTo=IndustrialCarbonizationRetort;research=SteamPower|Coking;workshop=;productivity=-233.48;territory=1805]"
343702,343702,Normal,"Building","Waiting","",1,"productivity or territory is insufficient [CokeOven:candidate=True;constructible=True;affordable=False;available=False;owned=3;upgradeTo=IndustrialCarbonizationRetort;research=SteamPower|Coking;workshop=;productivity=-240.56;territory=1805]"
344302,344302,Normal,"Building","Waiting","",1,"productivity or territory is insufficient [CokeOven:candidate=True;constructible=True;affordable=False;available=False;owned=3;upgradeTo=IndustrialCarbonizationRetort;research=SteamPower|Coking;workshop=;productivity=-245.28;territory=1805]"
344902,344902,Normal,"Building","Waiting","",1,"productivity or territory is insufficient [CokeOven:candidate=True;constructible=True;affordable=False;available=False;owned=3;upgradeTo=IndustrialCarbonizationRetort;research=SteamPower|Coking;workshop=;productivity=-250;territory=1805]"
345502,345502,Normal,"Building","Waiting","",1,"productivity or territory is insufficient [CokeOven:candidate=True;constructible=True;affordable=False;available=False;owned=3;upgradeTo=IndustrialCarbonizationRetort;research=SteamPower|Coking;workshop=;productivity=-254.72;territory=1805]"
346102,346102,Normal,"Building","Waiting","",1,"productivity or territory is insufficient [CokeOven:candidate=True;constructible=True;affordable=False;available=False;owned=3;upgradeTo=IndustrialCarbonizationRetort;research=SteamPower|Coking;workshop=;productivity=-257.08;territory=1805]"
346702,346702,Normal,"Building","Waiting","",1,"productivity or territory is insufficient [CokeOven:candidate=True;constructible=True;affordable=False;available=False;owned=3;upgradeTo=IndustrialCarbonizationRetort;research=SteamPower|Coking;workshop=;productivity=-259.44;territory=1805]"
347302,347302,Normal,"Building","Waiting","",1,"productivity or territory is insufficient [CokeOven:candidate=True;constructible=True;affordable=False;available=False;owned=3;upgradeTo=IndustrialCarbonizationRetort;research=SteamPower|Coking;workshop=;productivity=-261.8;territory=1805]"
347902,347902,Normal,"Building","Waiting","",1,"productivity or territory is insufficient [CokeOven:candidate=True;constructible=True;affordable=False;available=False;owned=3;upgradeTo=IndustrialCarbonizationRetort;research=SteamPower|Coking;workshop=;productivity=-264.16;territory=1805]"
348502,349102,Normal,"Building","Waiting","",2,"productivity or territory is insufficient [CokeOven:candidate=True;constructible=True;affordable=False;available=False;owned=3;upgradeTo=IndustrialCarbonizationRetort;research=SteamPower|Coking;workshop=;productivity=-266.52;territory=1805]"
349702,350902,Normal,"Building","Waiting","",3,"productivity or territory is insufficient [CokeOven:candidate=True;constructible=True;affordable=False;available=False;owned=3;upgradeTo=IndustrialCarbonizationRetort;research=SteamPower|Coking;workshop=;productivity=-268.88;territory=1805]"
351502,353902,Normal,"Building","Waiting","",5,"productivity or territory is insufficient [CokeOven:candidate=True;constructible=True;affordable=False;available=False;owned=3;upgradeTo=IndustrialCarbonizationRetort;research=SteamPower|Coking;workshop=;productivity=-271.24;territory=1805]"
354502,354502,Normal,"Building","Waiting","",1,"productivity or territory is insufficient [CokeOven:candidate=True;constructible=True;affordable=False;available=False;owned=3;upgradeTo=IndustrialCarbonizationRetort;research=SteamPower|Coking;workshop=;productivity=-273.6;territory=1805]"
355102,355102,Normal,"Building","Waiting","",1,"no strategy candidate [CokeOven:candidate=True;constructible=True;affordable=False;available=False;owned=3;upgradeTo=IndustrialCarbonizationRetort;research=SteamPower|Coking;workshop=;productivity=21.4;territory=1805]"
355702,355702,Normal,"Building","Waiting","",1,"productivity or territory is insufficient [CokeOven:candidate=True;constructible=True;affordable=False;available=False;owned=3;upgradeTo=IndustrialCarbonizationRetort;research=SteamPower|Coking;workshop=;productivity=-25.8;territory=1805]"
356302,356302,Normal,"Building","Waiting","",1,"productivity or territory is insufficient [CokeOven:candidate=True;constructible=True;affordable=False;available=False;owned=3;upgradeTo=IndustrialCarbonizationRetort;research=SteamPower|Coking;workshop=;productivity=-68.28;territory=1805]"
356902,356902,Normal,"Building","Waiting","",1,"productivity or territory is insufficient [CokeOven:candidate=True;constructible=True;affordable=False;available=False;owned=3;upgradeTo=IndustrialCarbonizationRetort;research=SteamPower|Coking;workshop=;productivity=-101.32;territory=1805]"
357502,357502,Normal,"Building","Waiting","",1,"productivity or territory is insufficient [CokeOven:candidate=True;constructible=True;affordable=False;available=False;owned=3;upgradeTo=IndustrialCarbonizationRetort;research=SteamPower|Coking;workshop=;productivity=-132;territory=1805]"
358102,358102,Normal,"Building","Waiting","",1,"productivity or territory is insufficient [CokeOven:candidate=True;constructible=True;affordable=False;available=False;owned=3;upgradeTo=IndustrialCarbonizationRetort;research=SteamPower|Coking;workshop=;productivity=-155.6;territory=1805]"
358702,358702,Normal,"Building","Waiting","",1,"productivity or territory is insufficient [CokeOven:candidate=True;constructible=True;affordable=False;available=False;owned=3;upgradeTo=IndustrialCarbonizationRetort;research=SteamPower|Coking;workshop=;productivity=-174.48;territory=1805]"
359302,359302,Normal,"Building","Waiting","",1,"productivity or territory is insufficient [CokeOven:candidate=True;constructible=True;affordable=False;available=False;owned=3;upgradeTo=IndustrialCarbonizationRetort;research=SteamPower|Coking;workshop=;productivity=-191;territory=1805]"
359902,359902,Normal,"Building","Waiting","",1,"productivity or territory is insufficient [CokeOven:candidate=True;constructible=True;affordable=False;available=False;owned=3;upgradeTo=IndustrialCarbonizationRetort;research=SteamPower|Coking;workshop=;productivity=-205.16;territory=1805]"
360502,360502,Normal,"Building","Waiting","",1,"productivity or territory is insufficient [CokeOven:candidate=True;constructible=True;affordable=False;available=False;owned=3;upgradeTo=IndustrialCarbonizationRetort;research=SteamPower|Coking;workshop=;productivity=-216.96;territory=1805]"
361102,361102,Normal,"Building","Waiting","",1,"productivity or territory is insufficient [CokeOven:candidate=True;constructible=True;affordable=False;available=False;owned=3;upgradeTo=IndustrialCarbonizationRetort;research=SteamPower|Coking;workshop=;productivity=-226.4;territory=1805]"
361702,361702,Normal,"Building","Waiting","",1,"productivity or territory is insufficient [CokeOven:candidate=True;constructible=True;affordable=False;available=False;owned=3;upgradeTo=IndustrialCarbonizationRetort;research=SteamPower|Coking;workshop=;productivity=-233.48;territory=1805]"
362302,362302,Normal,"Building","Waiting","",1,"productivity or territory is insufficient [CokeOven:candidate=True;constructible=True;affordable=False;available=False;owned=3;upgradeTo=IndustrialCarbonizationRetort;research=SteamPower|Coking;workshop=;productivity=-240.56;territory=1805]"
362902,362902,Normal,"Building","Waiting","",1,"productivity or territory is insufficient [CokeOven:candidate=True;constructible=True;affordable=False;available=False;owned=3;upgradeTo=IndustrialCarbonizationRetort;research=SteamPower|Coking;workshop=;productivity=-245.28;territory=1805]"
363502,363502,Normal,"Building","Waiting","",1,"productivity or territory is insufficient [CokeOven:candidate=True;constructible=True;affordable=False;available=False;owned=3;upgradeTo=IndustrialCarbonizationRetort;research=SteamPower|Coking;workshop=;productivity=-250;territory=1805]"
364102,364102,Normal,"Building","Waiting","",1,"productivity or territory is insufficient [CokeOven:candidate=True;constructible=True;affordable=False;available=False;owned=3;upgradeTo=IndustrialCarbonizationRetort;research=SteamPower|Coking;workshop=;productivity=-254.72;territory=1805]"
364702,364702,Normal,"Building","Waiting","",1,"productivity or territory is insufficient [CokeOven:candidate=True;constructible=True;affordable=False;available=False;owned=3;upgradeTo=IndustrialCarbonizationRetort;research=SteamPower|Coking;workshop=;productivity=-257.08;territory=1805]"
365302,365302,Normal,"Building","Waiting","",1,"productivity or territory is insufficient [CokeOven:candidate=True;constructible=True;affordable=False;available=False;owned=3;upgradeTo=IndustrialCarbonizationRetort;research=SteamPower|Coking;workshop=;productivity=-259.44;territory=1805]"
365902,365902,Normal,"Building","Waiting","",1,"productivity or territory is insufficient [CokeOven:candidate=True;constructible=True;affordable=False;available=False;owned=3;upgradeTo=IndustrialCarbonizationRetort;research=SteamPower|Coking;workshop=;productivity=-261.8;territory=1805]"
366502,366502,Normal,"Building","Waiting","",1,"productivity or territory is insufficient [CokeOven:candidate=True;constructible=True;affordable=False;available=False;owned=3;upgradeTo=IndustrialCarbonizationRetort;research=SteamPower|Coking;workshop=;productivity=-264.16;territory=1805]"
367102,367702,Normal,"Building","Waiting","",2,"productivity or territory is insufficient [CokeOven:candidate=True;constructible=True;affordable=False;available=False;owned=3;upgradeTo=IndustrialCarbonizationRetort;research=SteamPower|Coking;workshop=;productivity=-266.52;territory=1805]"
368302,369502,Normal,"Building","Waiting","",3,"productivity or territory is insufficient [CokeOven:candidate=True;constructible=True;affordable=False;available=False;owned=3;upgradeTo=IndustrialCarbonizationRetort;research=SteamPower|Coking;workshop=;productivity=-268.88;territory=1805]"
370102,372502,Normal,"Building","Waiting","",5,"productivity or territory is insufficient [CokeOven:candidate=True;constructible=True;affordable=False;available=False;owned=3;upgradeTo=IndustrialCarbonizationRetort;research=SteamPower|Coking;workshop=;productivity=-271.24;territory=1805]"
373102,373102,Normal,"Building","Waiting","",1,"productivity or territory is insufficient [CokeOven:candidate=True;constructible=True;affordable=False;available=False;owned=3;upgradeTo=IndustrialCarbonizationRetort;research=SteamPower|Coking;workshop=;productivity=-273.6;territory=1805]"
373702,373702,Normal,"Building","Waiting","",1,"no strategy candidate [CokeOven:candidate=True;constructible=True;affordable=False;available=False;owned=3;upgradeTo=IndustrialCarbonizationRetort;research=SteamPower|Coking;workshop=;productivity=21.4;territory=1805]"
374302,374302,Normal,"Building","Waiting","",1,"productivity or territory is insufficient [CokeOven:candidate=True;constructible=True;affordable=False;available=False;owned=3;upgradeTo=IndustrialCarbonizationRetort;research=SteamPower|Coking;workshop=;productivity=-25.8;territory=1805]"
374902,374902,Normal,"Building","Waiting","",1,"productivity or territory is insufficient [CokeOven:candidate=True;constructible=True;affordable=False;available=False;owned=3;upgradeTo=IndustrialCarbonizationRetort;research=SteamPower|Coking;workshop=;productivity=-68.28;territory=1805]"
375502,375502,Normal,"Building","Waiting","",1,"productivity or territory is insufficient [CokeOven:candidate=True;constructible=True;affordable=False;available=False;owned=3;upgradeTo=IndustrialCarbonizationRetort;research=SteamPower|Coking;workshop=;productivity=-101.32;territory=1805]"
376102,376102,Normal,"Building","Waiting","",1,"productivity or territory is insufficient [CokeOven:candidate=True;constructible=True;affordable=False;available=False;owned=3;upgradeTo=IndustrialCarbonizationRetort;research=SteamPower|Coking;workshop=;productivity=-132;territory=1805]"
376702,376702,Normal,"Building","Waiting","",1,"productivity or territory is insufficient [CokeOven:candidate=True;constructible=True;affordable=False;available=False;owned=3;upgradeTo=IndustrialCarbonizationRetort;research=SteamPower|Coking;workshop=;productivity=-155.6;territory=1805]"
377302,377302,Normal,"Building","Waiting","",1,"productivity or territory is insufficient [CokeOven:candidate=True;constructible=True;affordable=False;available=False;owned=3;upgradeTo=IndustrialCarbonizationRetort;research=SteamPower|Coking;workshop=;productivity=-174.48;territory=1805]"
377902,377902,Normal,"Building","Waiting","",1,"productivity or territory is insufficient [CokeOven:candidate=True;constructible=True;affordable=False;available=False;owned=3;upgradeTo=IndustrialCarbonizationRetort;research=SteamPower|Coking;workshop=;productivity=-191;territory=1805]"
378502,378502,Normal,"Building","Waiting","",1,"productivity or territory is insufficient [CokeOven:candidate=True;constructible=True;affordable=False;available=False;owned=3;upgradeTo=IndustrialCarbonizationRetort;research=SteamPower|Coking;workshop=;productivity=-205.16;territory=1805]"
379102,379102,Normal,"Building","Waiting","",1,"productivity or territory is insufficient [CokeOven:candidate=True;constructible=True;affordable=False;available=False;owned=3;upgradeTo=IndustrialCarbonizationRetort;research=SteamPower|Coking;workshop=;productivity=-216.96;territory=1805]"
379702,379702,Normal,"Building","Waiting","",1,"productivity or territory is insufficient [CokeOven:candidate=True;constructible=True;affordable=False;available=False;owned=3;upgradeTo=IndustrialCarbonizationRetort;research=SteamPower|Coking;workshop=;productivity=-226.4;territory=1805]"
380302,380302,Normal,"Building","Waiting","",1,"productivity or territory is insufficient [CokeOven:candidate=True;constructible=True;affordable=False;available=False;owned=3;upgradeTo=IndustrialCarbonizationRetort;research=SteamPower|Coking;workshop=;productivity=-233.48;territory=1805]"
380902,380902,Normal,"Building","Waiting","",1,"productivity or territory is insufficient [CokeOven:candidate=True;constructible=True;affordable=False;available=False;owned=3;upgradeTo=IndustrialCarbonizationRetort;research=SteamPower|Coking;workshop=;productivity=-240.56;territory=1805]"
381502,381502,Normal,"Building","Waiting","",1,"productivity or territory is insufficient [CokeOven:candidate=True;constructible=True;affordable=False;available=False;owned=3;upgradeTo=IndustrialCarbonizationRetort;research=SteamPower|Coking;workshop=;productivity=-245.28;territory=1805]"
382102,382102,Normal,"Building","Waiting","",1,"productivity or territory is insufficient [CokeOven:candidate=True;constructible=True;affordable=False;available=False;owned=3;upgradeTo=IndustrialCarbonizationRetort;research=SteamPower|Coking;workshop=;productivity=-250;territory=1805]"
382702,382702,Normal,"Building","Waiting","",1,"productivity or territory is insufficient [CokeOven:candidate=True;constructible=True;affordable=False;available=False;owned=3;upgradeTo=IndustrialCarbonizationRetort;research=SteamPower|Coking;workshop=;productivity=-254.72;territory=1805]"
383302,383302,Normal,"Building","Waiting","",1,"productivity or territory is insufficient [CokeOven:candidate=True;constructible=True;affordable=False;available=False;owned=3;upgradeTo=IndustrialCarbonizationRetort;research=SteamPower|Coking;workshop=;productivity=-257.08;territory=1805]"
383902,383902,Normal,"Building","Waiting","",1,"productivity or territory is insufficient [CokeOven:candidate=True;constructible=True;affordable=False;available=False;owned=3;upgradeTo=IndustrialCarbonizationRetort;research=SteamPower|Coking;workshop=;productivity=-259.44;territory=1805]"
384502,384502,Normal,"Building","Waiting","",1,"productivity or territory is insufficient [CokeOven:candidate=True;constructible=True;affordable=False;available=False;owned=3;upgradeTo=IndustrialCarbonizationRetort;research=SteamPower|Coking;workshop=;productivity=-261.8;territory=1805]"
385102,385102,Normal,"Building","Waiting","",1,"productivity or territory is insufficient [CokeOven:candidate=True;constructible=True;affordable=False;available=False;owned=3;upgradeTo=IndustrialCarbonizationRetort;research=SteamPower|Coking;workshop=;productivity=-264.16;territory=1805]"
385702,386302,Normal,"Building","Waiting","",2,"productivity or territory is insufficient [CokeOven:candidate=True;constructible=True;affordable=False;available=False;owned=3;upgradeTo=IndustrialCarbonizationRetort;research=SteamPower|Coking;workshop=;productivity=-266.52;territory=1805]"
386902,388102,Normal,"Building","Waiting","",3,"productivity or territory is insufficient [CokeOven:candidate=True;constructible=True;affordable=False;available=False;owned=3;upgradeTo=IndustrialCarbonizationRetort;research=SteamPower|Coking;workshop=;productivity=-268.88;territory=1805]"
388702,391102,Normal,"Building","Waiting","",5,"productivity or territory is insufficient [CokeOven:candidate=True;constructible=True;affordable=False;available=False;owned=3;upgradeTo=IndustrialCarbonizationRetort;research=SteamPower|Coking;workshop=;productivity=-271.24;territory=1805]"
391702,391702,Normal,"Building","Waiting","",1,"productivity or territory is insufficient [CokeOven:candidate=True;constructible=True;affordable=False;available=False;owned=3;upgradeTo=IndustrialCarbonizationRetort;research=SteamPower|Coking;workshop=;productivity=-273.6;territory=1805]"
392302,392302,Normal,"Building","Waiting","",1,"no strategy candidate [CokeOven:candidate=True;constructible=True;affordable=False;available=False;owned=3;upgradeTo=IndustrialCarbonizationRetort;research=SteamPower|Coking;workshop=;productivity=21.4;territory=1805]"
392902,392902,Normal,"Building","Waiting","",1,"productivity or territory is insufficient [CokeOven:candidate=True;constructible=True;affordable=False;available=False;owned=3;upgradeTo=IndustrialCarbonizationRetort;research=SteamPower|Coking;workshop=;productivity=-25.8;territory=1805]"
393502,393502,Normal,"Building","Waiting","",1,"productivity or territory is insufficient [CokeOven:candidate=True;constructible=True;affordable=False;available=False;owned=3;upgradeTo=IndustrialCarbonizationRetort;research=SteamPower|Coking;workshop=;productivity=-68.28;territory=1805]"
394102,394102,Normal,"Building","Waiting","",1,"productivity or territory is insufficient [CokeOven:candidate=True;constructible=True;affordable=False;available=False;owned=3;upgradeTo=IndustrialCarbonizationRetort;research=SteamPower|Coking;workshop=;productivity=-101.32;territory=1805]"
394702,394702,Normal,"Building","Waiting","",1,"productivity or territory is insufficient [CokeOven:candidate=True;constructible=True;affordable=False;available=False;owned=3;upgradeTo=IndustrialCarbonizationRetort;research=SteamPower|Coking;workshop=;productivity=-132;territory=1805]"
395302,395302,Normal,"Building","Waiting","",1,"productivity or territory is insufficient [CokeOven:candidate=True;constructible=True;affordable=False;available=False;owned=3;upgradeTo=IndustrialCarbonizationRetort;research=SteamPower|Coking;workshop=;productivity=-155.6;territory=1805]"
395902,395902,Normal,"Building","Waiting","",1,"productivity or territory is insufficient [CokeOven:candidate=True;constructible=True;affordable=False;available=False;owned=3;upgradeTo=IndustrialCarbonizationRetort;research=SteamPower|Coking;workshop=;productivity=-174.48;territory=1805]"
396502,396502,Normal,"Building","Waiting","",1,"productivity or territory is insufficient [CokeOven:candidate=True;constructible=True;affordable=False;available=False;owned=3;upgradeTo=IndustrialCarbonizationRetort;research=SteamPower|Coking;workshop=;productivity=-191;territory=1805]"
397102,397102,Normal,"Building","Waiting","",1,"productivity or territory is insufficient [CokeOven:candidate=True;constructible=True;affordable=False;available=False;owned=3;upgradeTo=IndustrialCarbonizationRetort;research=SteamPower|Coking;workshop=;productivity=-205.16;territory=1805]"
397702,397702,Normal,"Building","Waiting","",1,"productivity or territory is insufficient [CokeOven:candidate=True;constructible=True;affordable=False;available=False;owned=3;upgradeTo=IndustrialCarbonizationRetort;research=SteamPower|Coking;workshop=;productivity=-216.96;territory=1805]"
398302,398302,Normal,"Building","Waiting","",1,"productivity or territory is insufficient [CokeOven:candidate=True;constructible=True;affordable=False;available=False;owned=3;upgradeTo=IndustrialCarbonizationRetort;research=SteamPower|Coking;workshop=;productivity=-226.4;territory=1805]"
398902,398902,Normal,"Building","Waiting","",1,"productivity or territory is insufficient [CokeOven:candidate=True;constructible=True;affordable=False;available=False;owned=3;upgradeTo=IndustrialCarbonizationRetort;research=SteamPower|Coking;workshop=;productivity=-233.48;territory=1805]"
399502,399502,Normal,"Building","Waiting","",1,"productivity or territory is insufficient [CokeOven:candidate=True;constructible=True;affordable=False;available=False;owned=3;upgradeTo=IndustrialCarbonizationRetort;research=SteamPower|Coking;workshop=;productivity=-240.56;territory=1805]"
400102,400102,Normal,"Building","Waiting","",1,"productivity or territory is insufficient [CokeOven:candidate=True;constructible=True;affordable=False;available=False;owned=3;upgradeTo=IndustrialCarbonizationRetort;research=SteamPower|Coking;workshop=;productivity=-245.28;territory=1805]"
400702,400702,Normal,"Building","Waiting","",1,"productivity or territory is insufficient [CokeOven:candidate=True;constructible=True;affordable=False;available=False;owned=3;upgradeTo=IndustrialCarbonizationRetort;research=SteamPower|Coking;workshop=;productivity=-250;territory=1805]"
401302,401302,Normal,"Building","Waiting","",1,"productivity or territory is insufficient [CokeOven:candidate=True;constructible=True;affordable=False;available=False;owned=3;upgradeTo=IndustrialCarbonizationRetort;research=SteamPower|Coking;workshop=;productivity=-254.72;territory=1805]"
401902,401902,Normal,"Building","Waiting","",1,"productivity or territory is insufficient [CokeOven:candidate=True;constructible=True;affordable=False;available=False;owned=3;upgradeTo=IndustrialCarbonizationRetort;research=SteamPower|Coking;workshop=;productivity=-257.08;territory=1805]"
402502,402502,Normal,"Building","Waiting","",1,"productivity or territory is insufficient [CokeOven:candidate=True;constructible=True;affordable=False;available=False;owned=3;upgradeTo=IndustrialCarbonizationRetort;research=SteamPower|Coking;workshop=;productivity=-259.44;territory=1805]"
403102,403102,Normal,"Building","Waiting","",1,"productivity or territory is insufficient [CokeOven:candidate=True;constructible=True;affordable=False;available=False;owned=3;upgradeTo=IndustrialCarbonizationRetort;research=SteamPower|Coking;workshop=;productivity=-261.8;territory=1805]"
403702,403702,Normal,"Building","Waiting","",1,"productivity or territory is insufficient [CokeOven:candidate=True;constructible=True;affordable=False;available=False;owned=3;upgradeTo=IndustrialCarbonizationRetort;research=SteamPower|Coking;workshop=;productivity=-264.16;territory=1805]"
404302,404902,Normal,"Building","Waiting","",2,"productivity or territory is insufficient [CokeOven:candidate=True;constructible=True;affordable=False;available=False;owned=3;upgradeTo=IndustrialCarbonizationRetort;research=SteamPower|Coking;workshop=;productivity=-266.52;territory=1805]"
405502,406702,Normal,"Building","Waiting","",3,"productivity or territory is insufficient [CokeOven:candidate=True;constructible=True;affordable=False;available=False;owned=3;upgradeTo=IndustrialCarbonizationRetort;research=SteamPower|Coking;workshop=;productivity=-268.88;territory=1805]"
407302,409702,Normal,"Building","Waiting","",5,"productivity or territory is insufficient [CokeOven:candidate=True;constructible=True;affordable=False;available=False;owned=3;upgradeTo=IndustrialCarbonizationRetort;research=SteamPower|Coking;workshop=;productivity=-271.24;territory=1805]"
410302,410302,Normal,"Building","Waiting","",1,"productivity or territory is insufficient [CokeOven:candidate=True;constructible=True;affordable=False;available=False;owned=3;upgradeTo=IndustrialCarbonizationRetort;research=SteamPower|Coking;workshop=;productivity=-273.6;territory=1805]"
410902,410902,Normal,"Building","Waiting","",1,"no strategy candidate [CokeOven:candidate=True;constructible=True;affordable=False;available=False;owned=3;upgradeTo=IndustrialCarbonizationRetort;research=SteamPower|Coking;workshop=;productivity=21.4;territory=1805]"
411502,411502,Normal,"Building","Waiting","",1,"productivity or territory is insufficient [CokeOven:candidate=True;constructible=True;affordable=False;available=False;owned=3;upgradeTo=IndustrialCarbonizationRetort;research=SteamPower|Coking;workshop=;productivity=-25.8;territory=1805]"
412102,412102,Normal,"Building","Waiting","",1,"productivity or territory is insufficient [CokeOven:candidate=True;constructible=True;affordable=False;available=False;owned=3;upgradeTo=IndustrialCarbonizationRetort;research=SteamPower|Coking;workshop=;productivity=-68.28;territory=1805]"
412702,412702,Normal,"Building","Waiting","",1,"productivity or territory is insufficient [CokeOven:candidate=True;constructible=True;affordable=False;available=False;owned=3;upgradeTo=IndustrialCarbonizationRetort;research=SteamPower|Coking;workshop=;productivity=-101.32;territory=1805]"
413302,413302,Normal,"Building","Waiting","",1,"productivity or territory is insufficient [CokeOven:candidate=True;constructible=True;affordable=False;available=False;owned=3;upgradeTo=IndustrialCarbonizationRetort;research=SteamPower|Coking;workshop=;productivity=-132;territory=1805]"
413902,413902,Normal,"Building","Waiting","",1,"productivity or territory is insufficient [CokeOven:candidate=True;constructible=True;affordable=False;available=False;owned=3;upgradeTo=IndustrialCarbonizationRetort;research=SteamPower|Coking;workshop=;productivity=-155.6;territory=1805]"
414502,414502,Normal,"Building","Waiting","",1,"productivity or territory is insufficient [CokeOven:candidate=True;constructible=True;affordable=False;available=False;owned=3;upgradeTo=IndustrialCarbonizationRetort;research=SteamPower|Coking;workshop=;productivity=-174.48;territory=1805]"
415102,415102,Normal,"Building","Waiting","",1,"productivity or territory is insufficient [CokeOven:candidate=True;constructible=True;affordable=False;available=False;owned=3;upgradeTo=IndustrialCarbonizationRetort;research=SteamPower|Coking;workshop=;productivity=-191;territory=1805]"
415702,415702,Normal,"Building","Waiting","",1,"productivity or territory is insufficient [CokeOven:candidate=True;constructible=True;affordable=False;available=False;owned=3;upgradeTo=IndustrialCarbonizationRetort;research=SteamPower|Coking;workshop=;productivity=-205.16;territory=1805]"
416302,416302,Normal,"Building","Waiting","",1,"productivity or territory is insufficient [CokeOven:candidate=True;constructible=True;affordable=False;available=False;owned=3;upgradeTo=IndustrialCarbonizationRetort;research=SteamPower|Coking;workshop=;productivity=-216.96;territory=1805]"
416902,416902,Normal,"Building","Waiting","",1,"productivity or territory is insufficient [CokeOven:candidate=True;constructible=True;affordable=False;available=False;owned=3;upgradeTo=IndustrialCarbonizationRetort;research=SteamPower|Coking;workshop=;productivity=-226.4;territory=1805]"
417502,417502,Normal,"Building","Waiting","",1,"productivity or territory is insufficient [CokeOven:candidate=True;constructible=True;affordable=False;available=False;owned=3;upgradeTo=IndustrialCarbonizationRetort;research=SteamPower|Coking;workshop=;productivity=-233.48;territory=1805]"
418102,418102,Normal,"Building","Waiting","",1,"productivity or territory is insufficient [CokeOven:candidate=True;constructible=True;affordable=False;available=False;owned=3;upgradeTo=IndustrialCarbonizationRetort;research=SteamPower|Coking;workshop=;productivity=-240.56;territory=1805]"
418702,418702,Normal,"Building","Waiting","",1,"productivity or territory is insufficient [CokeOven:candidate=True;constructible=True;affordable=False;available=False;owned=3;upgradeTo=IndustrialCarbonizationRetort;research=SteamPower|Coking;workshop=;productivity=-245.28;territory=1805]"
419302,419302,Normal,"Building","Waiting","",1,"productivity or territory is insufficient [CokeOven:candidate=True;constructible=True;affordable=False;available=False;owned=3;upgradeTo=IndustrialCarbonizationRetort;research=SteamPower|Coking;workshop=;productivity=-250;territory=1805]"
419902,419902,Normal,"Building","Waiting","",1,"productivity or territory is insufficient [CokeOven:candidate=True;constructible=True;affordable=False;available=False;owned=3;upgradeTo=IndustrialCarbonizationRetort;research=SteamPower|Coking;workshop=;productivity=-254.72;territory=1805]"
420502,420502,Normal,"Building","Waiting","",1,"productivity or territory is insufficient [CokeOven:candidate=True;constructible=True;affordable=False;available=False;owned=3;upgradeTo=IndustrialCarbonizationRetort;research=SteamPower|Coking;workshop=;productivity=-257.08;territory=1805]"
421102,421102,Normal,"Building","Waiting","",1,"productivity or territory is insufficient [CokeOven:candidate=True;constructible=True;affordable=False;available=False;owned=3;upgradeTo=IndustrialCarbonizationRetort;research=SteamPower|Coking;workshop=;productivity=-259.44;territory=1805]"
421702,421702,Normal,"Building","Waiting","",1,"productivity or territory is insufficient [CokeOven:candidate=True;constructible=True;affordable=False;available=False;owned=3;upgradeTo=IndustrialCarbonizationRetort;research=SteamPower|Coking;workshop=;productivity=-261.8;territory=1805]"
422302,422302,Normal,"Building","Waiting","",1,"productivity or territory is insufficient [CokeOven:candidate=True;constructible=True;affordable=False;available=False;owned=3;upgradeTo=IndustrialCarbonizationRetort;research=SteamPower|Coking;workshop=;productivity=-264.16;territory=1805]"
422902,423502,Normal,"Building","Waiting","",2,"productivity or territory is insufficient [CokeOven:candidate=True;constructible=True;affordable=False;available=False;owned=3;upgradeTo=IndustrialCarbonizationRetort;research=SteamPower|Coking;workshop=;productivity=-266.52;territory=1805]"
424102,425302,Normal,"Building","Waiting","",3,"productivity or territory is insufficient [CokeOven:candidate=True;constructible=True;affordable=False;available=False;owned=3;upgradeTo=IndustrialCarbonizationRetort;research=SteamPower|Coking;workshop=;productivity=-268.88;territory=1805]"
425902,428302,Normal,"Building","Waiting","",5,"productivity or territory is insufficient [CokeOven:candidate=True;constructible=True;affordable=False;available=False;owned=3;upgradeTo=IndustrialCarbonizationRetort;research=SteamPower|Coking;workshop=;productivity=-271.24;territory=1805]"
428902,428902,Normal,"Building","Waiting","",1,"productivity or territory is insufficient [CokeOven:candidate=True;constructible=True;affordable=False;available=False;owned=3;upgradeTo=IndustrialCarbonizationRetort;research=SteamPower|Coking;workshop=;productivity=-273.6;territory=1805]"
429502,429502,Normal,"Building","Waiting","",1,"no strategy candidate [CokeOven:candidate=True;constructible=True;affordable=False;available=False;owned=3;upgradeTo=IndustrialCarbonizationRetort;research=SteamPower|Coking;workshop=;productivity=21.4;territory=1805]"
430102,430102,Normal,"Building","Waiting","",1,"productivity or territory is insufficient [CokeOven:candidate=True;constructible=True;affordable=False;available=False;owned=3;upgradeTo=IndustrialCarbonizationRetort;research=SteamPower|Coking;workshop=;productivity=-25.8;territory=1805]"
430702,430702,Normal,"Building","Waiting","",1,"productivity or territory is insufficient [CokeOven:candidate=True;constructible=True;affordable=False;available=False;owned=3;upgradeTo=IndustrialCarbonizationRetort;research=SteamPower|Coking;workshop=;productivity=-68.28;territory=1805]"
431302,431302,Normal,"Building","Waiting","",1,"productivity or territory is insufficient [CokeOven:candidate=True;constructible=True;affordable=False;available=False;owned=3;upgradeTo=IndustrialCarbonizationRetort;research=SteamPower|Coking;workshop=;productivity=-101.32;territory=1805]"
431902,431902,Normal,"Building","Waiting","",1,"productivity or territory is insufficient [CokeOven:candidate=True;constructible=True;affordable=False;available=False;owned=3;upgradeTo=IndustrialCarbonizationRetort;research=SteamPower|Coking;workshop=;productivity=-132;territory=1805]"
432502,432502,Normal,"Building","Waiting","",1,"productivity or territory is insufficient [CokeOven:candidate=True;constructible=True;affordable=False;available=False;owned=3;upgradeTo=IndustrialCarbonizationRetort;research=SteamPower|Coking;workshop=;productivity=-155.6;territory=1805]"
433102,433102,Normal,"Building","Waiting","",1,"productivity or territory is insufficient [CokeOven:candidate=True;constructible=True;affordable=False;available=False;owned=3;upgradeTo=IndustrialCarbonizationRetort;research=SteamPower|Coking;workshop=;productivity=-174.48;territory=1805]"
433702,433702,Normal,"Building","Waiting","",1,"productivity or territory is insufficient [CokeOven:candidate=True;constructible=True;affordable=False;available=False;owned=3;upgradeTo=IndustrialCarbonizationRetort;research=SteamPower|Coking;workshop=;productivity=-191;territory=1805]"
434302,434302,Normal,"Building","Waiting","",1,"productivity or territory is insufficient [CokeOven:candidate=True;constructible=True;affordable=False;available=False;owned=3;upgradeTo=IndustrialCarbonizationRetort;research=SteamPower|Coking;workshop=;productivity=-205.16;territory=1805]"
434902,434902,Normal,"Building","Waiting","",1,"productivity or territory is insufficient [CokeOven:candidate=True;constructible=True;affordable=False;available=False;owned=3;upgradeTo=IndustrialCarbonizationRetort;research=SteamPower|Coking;workshop=;productivity=-216.96;territory=1805]"
435502,435502,Normal,"Building","Waiting","",1,"productivity or territory is insufficient [CokeOven:candidate=True;constructible=True;affordable=False;available=False;owned=3;upgradeTo=IndustrialCarbonizationRetort;research=SteamPower|Coking;workshop=;productivity=-226.4;territory=1805]"
436102,436102,Normal,"Building","Waiting","",1,"productivity or territory is insufficient [CokeOven:candidate=True;constructible=True;affordable=False;available=False;owned=3;upgradeTo=IndustrialCarbonizationRetort;research=SteamPower|Coking;workshop=;productivity=-233.48;territory=1805]"
436702,436702,Normal,"Building","Waiting","",1,"productivity or territory is insufficient [CokeOven:candidate=True;constructible=True;affordable=False;available=False;owned=3;upgradeTo=IndustrialCarbonizationRetort;research=SteamPower|Coking;workshop=;productivity=-240.56;territory=1805]"
437302,437302,Normal,"Building","Waiting","",1,"productivity or territory is insufficient [CokeOven:candidate=True;constructible=True;affordable=False;available=False;owned=3;upgradeTo=IndustrialCarbonizationRetort;research=SteamPower|Coking;workshop=;productivity=-245.28;territory=1805]"
437902,437902,Normal,"Building","Waiting","",1,"productivity or territory is insufficient [CokeOven:candidate=True;constructible=True;affordable=False;available=False;owned=3;upgradeTo=IndustrialCarbonizationRetort;research=SteamPower|Coking;workshop=;productivity=-250;territory=1805]"
438502,438502,Normal,"Building","Waiting","",1,"productivity or territory is insufficient [CokeOven:candidate=True;constructible=True;affordable=False;available=False;owned=3;upgradeTo=IndustrialCarbonizationRetort;research=SteamPower|Coking;workshop=;productivity=-254.72;territory=1805]"
439102,439102,Normal,"Building","Waiting","",1,"productivity or territory is insufficient [CokeOven:candidate=True;constructible=True;affordable=False;available=False;owned=3;upgradeTo=IndustrialCarbonizationRetort;research=SteamPower|Coking;workshop=;productivity=-257.08;territory=1805]"
439702,439702,Normal,"Building","Waiting","",1,"productivity or territory is insufficient [CokeOven:candidate=True;constructible=True;affordable=False;available=False;owned=3;upgradeTo=IndustrialCarbonizationRetort;research=SteamPower|Coking;workshop=;productivity=-259.44;territory=1805]"
440302,440302,Normal,"Building","Waiting","",1,"productivity or territory is insufficient [CokeOven:candidate=True;constructible=True;affordable=False;available=False;owned=3;upgradeTo=IndustrialCarbonizationRetort;research=SteamPower|Coking;workshop=;productivity=-261.8;territory=1805]"
440902,440902,Normal,"Building","Waiting","",1,"productivity or territory is insufficient [CokeOven:candidate=True;constructible=True;affordable=False;available=False;owned=3;upgradeTo=IndustrialCarbonizationRetort;research=SteamPower|Coking;workshop=;productivity=-264.16;territory=1805]"
441502,442102,Normal,"Building","Waiting","",2,"productivity or territory is insufficient [CokeOven:candidate=True;constructible=True;affordable=False;available=False;owned=3;upgradeTo=IndustrialCarbonizationRetort;research=SteamPower|Coking;workshop=;productivity=-266.52;territory=1805]"
442702,443902,Normal,"Building","Waiting","",3,"productivity or territory is insufficient [CokeOven:candidate=True;constructible=True;affordable=False;available=False;owned=3;upgradeTo=IndustrialCarbonizationRetort;research=SteamPower|Coking;workshop=;productivity=-268.88;territory=1805]"
444502,446902,Normal,"Building","Waiting","",5,"productivity or territory is insufficient [CokeOven:candidate=True;constructible=True;affordable=False;available=False;owned=3;upgradeTo=IndustrialCarbonizationRetort;research=SteamPower|Coking;workshop=;productivity=-271.24;territory=1805]"
447502,447502,Normal,"Building","Waiting","",1,"productivity or territory is insufficient [CokeOven:candidate=True;constructible=True;affordable=False;available=False;owned=3;upgradeTo=IndustrialCarbonizationRetort;research=SteamPower|Coking;workshop=;productivity=-273.6;territory=1805]"
448102,448102,Normal,"Building","Waiting","",1,"no strategy candidate [CokeOven:candidate=True;constructible=True;affordable=False;available=False;owned=3;upgradeTo=IndustrialCarbonizationRetort;research=SteamPower|Coking;workshop=;productivity=21.4;territory=1805]"
448702,448702,Normal,"Building","Waiting","",1,"productivity or territory is insufficient [CokeOven:candidate=True;constructible=True;affordable=False;available=False;owned=3;upgradeTo=IndustrialCarbonizationRetort;research=SteamPower|Coking;workshop=;productivity=-25.8;territory=1805]"
449302,449302,Normal,"Building","Waiting","",1,"productivity or territory is insufficient [CokeOven:candidate=True;constructible=True;affordable=False;available=False;owned=3;upgradeTo=IndustrialCarbonizationRetort;research=SteamPower|Coking;workshop=;productivity=-68.28;territory=1805]"
449902,449902,Normal,"Building","Waiting","",1,"productivity or territory is insufficient [CokeOven:candidate=True;constructible=True;affordable=False;available=False;owned=3;upgradeTo=IndustrialCarbonizationRetort;research=SteamPower|Coking;workshop=;productivity=-101.32;territory=1805]"
450502,450502,Normal,"Building","Waiting","",1,"productivity or territory is insufficient [CokeOven:candidate=True;constructible=True;affordable=False;available=False;owned=3;upgradeTo=IndustrialCarbonizationRetort;research=SteamPower|Coking;workshop=;productivity=-132;territory=1805]"
451102,451102,Normal,"Building","Waiting","",1,"productivity or territory is insufficient [CokeOven:candidate=True;constructible=True;affordable=False;available=False;owned=3;upgradeTo=IndustrialCarbonizationRetort;research=SteamPower|Coking;workshop=;productivity=-155.6;territory=1805]"
451702,451702,Normal,"Building","Waiting","",1,"productivity or territory is insufficient [CokeOven:candidate=True;constructible=True;affordable=False;available=False;owned=3;upgradeTo=IndustrialCarbonizationRetort;research=SteamPower|Coking;workshop=;productivity=-174.48;territory=1805]"
452302,452302,Normal,"Building","Waiting","",1,"productivity or territory is insufficient [CokeOven:candidate=True;constructible=True;affordable=False;available=False;owned=3;upgradeTo=IndustrialCarbonizationRetort;research=SteamPower|Coking;workshop=;productivity=-191;territory=1805]"
452902,452902,Normal,"Building","Waiting","",1,"productivity or territory is insufficient [CokeOven:candidate=True;constructible=True;affordable=False;available=False;owned=3;upgradeTo=IndustrialCarbonizationRetort;research=SteamPower|Coking;workshop=;productivity=-205.16;territory=1805]"
453502,453502,Normal,"Building","Waiting","",1,"productivity or territory is insufficient [CokeOven:candidate=True;constructible=True;affordable=False;available=False;owned=3;upgradeTo=IndustrialCarbonizationRetort;research=SteamPower|Coking;workshop=;productivity=-216.96;territory=1805]"
454102,454102,Normal,"Building","Waiting","",1,"productivity or territory is insufficient [CokeOven:candidate=True;constructible=True;affordable=False;available=False;owned=3;upgradeTo=IndustrialCarbonizationRetort;research=SteamPower|Coking;workshop=;productivity=-226.4;territory=1805]"
454702,454702,Normal,"Building","Waiting","",1,"productivity or territory is insufficient [CokeOven:candidate=True;constructible=True;affordable=False;available=False;owned=3;upgradeTo=IndustrialCarbonizationRetort;research=SteamPower|Coking;workshop=;productivity=-233.48;territory=1805]"
455302,455302,Normal,"Building","Waiting","",1,"productivity or territory is insufficient [CokeOven:candidate=True;constructible=True;affordable=False;available=False;owned=3;upgradeTo=IndustrialCarbonizationRetort;research=SteamPower|Coking;workshop=;productivity=-240.56;territory=1805]"
455902,455902,Normal,"Building","Waiting","",1,"productivity or territory is insufficient [CokeOven:candidate=True;constructible=True;affordable=False;available=False;owned=3;upgradeTo=IndustrialCarbonizationRetort;research=SteamPower|Coking;workshop=;productivity=-245.28;territory=1805]"
456502,456502,Normal,"Building","Waiting","",1,"productivity or territory is insufficient [CokeOven:candidate=True;constructible=True;affordable=False;available=False;owned=3;upgradeTo=IndustrialCarbonizationRetort;research=SteamPower|Coking;workshop=;productivity=-250;territory=1805]"
457102,457102,Normal,"Building","Waiting","",1,"productivity or territory is insufficient [CokeOven:candidate=True;constructible=True;affordable=False;available=False;owned=3;upgradeTo=IndustrialCarbonizationRetort;research=SteamPower|Coking;workshop=;productivity=-254.72;territory=1805]"
457702,457702,Normal,"Building","Waiting","",1,"productivity or territory is insufficient [CokeOven:candidate=True;constructible=True;affordable=False;available=False;owned=3;upgradeTo=IndustrialCarbonizationRetort;research=SteamPower|Coking;workshop=;productivity=-257.08;territory=1805]"
458302,458302,Normal,"Building","Waiting","",1,"productivity or territory is insufficient [CokeOven:candidate=True;constructible=True;affordable=False;available=False;owned=3;upgradeTo=IndustrialCarbonizationRetort;research=SteamPower|Coking;workshop=;productivity=-259.44;territory=1805]"
458902,458902,Normal,"Building","Waiting","",1,"productivity or territory is insufficient [CokeOven:candidate=True;constructible=True;affordable=False;available=False;owned=3;upgradeTo=IndustrialCarbonizationRetort;research=SteamPower|Coking;workshop=;productivity=-261.8;territory=1805]"
459502,459502,Normal,"Building","Waiting","",1,"productivity or territory is insufficient [CokeOven:candidate=True;constructible=True;affordable=False;available=False;owned=3;upgradeTo=IndustrialCarbonizationRetort;research=SteamPower|Coking;workshop=;productivity=-264.16;territory=1805]"
460102,460702,Normal,"Building","Waiting","",2,"productivity or territory is insufficient [CokeOven:candidate=True;constructible=True;affordable=False;available=False;owned=3;upgradeTo=IndustrialCarbonizationRetort;research=SteamPower|Coking;workshop=;productivity=-266.52;territory=1805]"
461302,462502,Normal,"Building","Waiting","",3,"productivity or territory is insufficient [CokeOven:candidate=True;constructible=True;affordable=False;available=False;owned=3;upgradeTo=IndustrialCarbonizationRetort;research=SteamPower|Coking;workshop=;productivity=-268.88;territory=1805]"
463102,465502,Normal,"Building","Waiting","",5,"productivity or territory is insufficient [CokeOven:candidate=True;constructible=True;affordable=False;available=False;owned=3;upgradeTo=IndustrialCarbonizationRetort;research=SteamPower|Coking;workshop=;productivity=-271.24;territory=1805]"
466102,466102,Normal,"Building","Waiting","",1,"productivity or territory is insufficient [CokeOven:candidate=True;constructible=True;affordable=False;available=False;owned=3;upgradeTo=IndustrialCarbonizationRetort;research=SteamPower|Coking;workshop=;productivity=-273.6;territory=1805]"
466702,466702,Normal,"Building","Waiting","",1,"no strategy candidate [CokeOven:candidate=True;constructible=True;affordable=False;available=False;owned=3;upgradeTo=IndustrialCarbonizationRetort;research=SteamPower|Coking;workshop=;productivity=21.4;territory=1805]"
467302,467302,Normal,"Building","Waiting","",1,"productivity or territory is insufficient [CokeOven:candidate=True;constructible=True;affordable=False;available=False;owned=3;upgradeTo=IndustrialCarbonizationRetort;research=SteamPower|Coking;workshop=;productivity=-25.8;territory=1805]"
467902,467902,Normal,"Building","Waiting","",1,"productivity or territory is insufficient [CokeOven:candidate=True;constructible=True;affordable=False;available=False;owned=3;upgradeTo=IndustrialCarbonizationRetort;research=SteamPower|Coking;workshop=;productivity=-68.28;territory=1805]"
468502,468502,Normal,"Building","Waiting","",1,"productivity or territory is insufficient [CokeOven:candidate=True;constructible=True;affordable=False;available=False;owned=3;upgradeTo=IndustrialCarbonizationRetort;research=SteamPower|Coking;workshop=;productivity=-101.32;territory=1805]"
469102,469102,Normal,"Building","Waiting","",1,"productivity or territory is insufficient [CokeOven:candidate=True;constructible=True;affordable=False;available=False;owned=3;upgradeTo=IndustrialCarbonizationRetort;research=SteamPower|Coking;workshop=;productivity=-132;territory=1805]"
469702,469702,Normal,"Building","Waiting","",1,"productivity or territory is insufficient [CokeOven:candidate=True;constructible=True;affordable=False;available=False;owned=3;upgradeTo=IndustrialCarbonizationRetort;research=SteamPower|Coking;workshop=;productivity=-155.6;territory=1805]"
470302,470302,Normal,"Building","Waiting","",1,"productivity or territory is insufficient [CokeOven:candidate=True;constructible=True;affordable=False;available=False;owned=3;upgradeTo=IndustrialCarbonizationRetort;research=SteamPower|Coking;workshop=;productivity=-174.48;territory=1805]"
470902,470902,Normal,"Building","Waiting","",1,"productivity or territory is insufficient [CokeOven:candidate=True;constructible=True;affordable=False;available=False;owned=3;upgradeTo=IndustrialCarbonizationRetort;research=SteamPower|Coking;workshop=;productivity=-191;territory=1805]"
471502,471502,Normal,"Building","Waiting","",1,"productivity or territory is insufficient [CokeOven:candidate=True;constructible=True;affordable=False;available=False;owned=3;upgradeTo=IndustrialCarbonizationRetort;research=SteamPower|Coking;workshop=;productivity=-205.16;territory=1805]"
472102,472102,Normal,"Building","Waiting","",1,"productivity or territory is insufficient [CokeOven:candidate=True;constructible=True;affordable=False;available=False;owned=3;upgradeTo=IndustrialCarbonizationRetort;research=SteamPower|Coking;workshop=;productivity=-216.96;territory=1805]"
472702,472702,Normal,"Building","Waiting","",1,"productivity or territory is insufficient [CokeOven:candidate=True;constructible=True;affordable=False;available=False;owned=3;upgradeTo=IndustrialCarbonizationRetort;research=SteamPower|Coking;workshop=;productivity=-226.4;territory=1805]"
473302,473302,Normal,"Building","Waiting","",1,"productivity or territory is insufficient [CokeOven:candidate=True;constructible=True;affordable=False;available=False;owned=3;upgradeTo=IndustrialCarbonizationRetort;research=SteamPower|Coking;workshop=;productivity=-233.48;territory=1805]"
473902,473902,Normal,"Building","Waiting","",1,"productivity or territory is insufficient [CokeOven:candidate=True;constructible=True;affordable=False;available=False;owned=3;upgradeTo=IndustrialCarbonizationRetort;research=SteamPower|Coking;workshop=;productivity=-240.56;territory=1805]"
474502,474502,Normal,"Building","Waiting","",1,"productivity or territory is insufficient [CokeOven:candidate=True;constructible=True;affordable=False;available=False;owned=3;upgradeTo=IndustrialCarbonizationRetort;research=SteamPower|Coking;workshop=;productivity=-245.28;territory=1805]"
475102,475102,Normal,"Building","Waiting","",1,"productivity or territory is insufficient [CokeOven:candidate=True;constructible=True;affordable=False;available=False;owned=3;upgradeTo=IndustrialCarbonizationRetort;research=SteamPower|Coking;workshop=;productivity=-250;territory=1805]"
475702,475702,Normal,"Building","Waiting","",1,"productivity or territory is insufficient [CokeOven:candidate=True;constructible=True;affordable=False;available=False;owned=3;upgradeTo=IndustrialCarbonizationRetort;research=SteamPower|Coking;workshop=;productivity=-254.72;territory=1805]"
476302,476302,Normal,"Building","Waiting","",1,"productivity or territory is insufficient [CokeOven:candidate=True;constructible=True;affordable=False;available=False;owned=3;upgradeTo=IndustrialCarbonizationRetort;research=SteamPower|Coking;workshop=;productivity=-257.08;territory=1805]"
476902,476902,Normal,"Building","Waiting","",1,"productivity or territory is insufficient [CokeOven:candidate=True;constructible=True;affordable=False;available=False;owned=3;upgradeTo=IndustrialCarbonizationRetort;research=SteamPower|Coking;workshop=;productivity=-259.44;territory=1805]"
477502,477502,Normal,"Building","Waiting","",1,"productivity or territory is insufficient [CokeOven:candidate=True;constructible=True;affordable=False;available=False;owned=3;upgradeTo=IndustrialCarbonizationRetort;research=SteamPower|Coking;workshop=;productivity=-261.8;territory=1805]"
478102,478102,Normal,"Building","Waiting","",1,"productivity or territory is insufficient [CokeOven:candidate=True;constructible=True;affordable=False;available=False;owned=3;upgradeTo=IndustrialCarbonizationRetort;research=SteamPower|Coking;workshop=;productivity=-264.16;territory=1805]"
478702,479302,Normal,"Building","Waiting","",2,"productivity or territory is insufficient [CokeOven:candidate=True;constructible=True;affordable=False;available=False;owned=3;upgradeTo=IndustrialCarbonizationRetort;research=SteamPower|Coking;workshop=;productivity=-266.52;territory=1805]"
479902,481102,Normal,"Building","Waiting","",3,"productivity or territory is insufficient [CokeOven:candidate=True;constructible=True;affordable=False;available=False;owned=3;upgradeTo=IndustrialCarbonizationRetort;research=SteamPower|Coking;workshop=;productivity=-268.88;territory=1805]"
481702,484102,Normal,"Building","Waiting","",5,"productivity or territory is insufficient [CokeOven:candidate=True;constructible=True;affordable=False;available=False;owned=3;upgradeTo=IndustrialCarbonizationRetort;research=SteamPower|Coking;workshop=;productivity=-271.24;territory=1805]"
484702,484702,Normal,"Building","Waiting","",1,"productivity or territory is insufficient [CokeOven:candidate=True;constructible=True;affordable=False;available=False;owned=3;upgradeTo=IndustrialCarbonizationRetort;research=SteamPower|Coking;workshop=;productivity=-273.6;territory=1805]"
485302,485302,Normal,"Building","Waiting","",1,"no strategy candidate [CokeOven:candidate=True;constructible=True;affordable=False;available=False;owned=3;upgradeTo=IndustrialCarbonizationRetort;research=SteamPower|Coking;workshop=;productivity=21.4;territory=1805]"
485902,485902,Normal,"Building","Waiting","",1,"productivity or territory is insufficient [CokeOven:candidate=True;constructible=True;affordable=False;available=False;owned=3;upgradeTo=IndustrialCarbonizationRetort;research=SteamPower|Coking;workshop=;productivity=-25.8;territory=1805]"
486502,486502,Normal,"Building","Waiting","",1,"productivity or territory is insufficient [CokeOven:candidate=True;constructible=True;affordable=False;available=False;owned=3;upgradeTo=IndustrialCarbonizationRetort;research=SteamPower|Coking;workshop=;productivity=-68.28;territory=1805]"
487102,487102,Normal,"Building","Waiting","",1,"productivity or territory is insufficient [CokeOven:candidate=True;constructible=True;affordable=False;available=False;owned=3;upgradeTo=IndustrialCarbonizationRetort;research=SteamPower|Coking;workshop=;productivity=-101.32;territory=1805]"
487702,487702,Normal,"Building","Waiting","",1,"productivity or territory is insufficient [CokeOven:candidate=True;constructible=True;affordable=False;available=False;owned=3;upgradeTo=IndustrialCarbonizationRetort;research=SteamPower|Coking;workshop=;productivity=-132;territory=1805]"
488302,488302,Normal,"Building","Waiting","",1,"productivity or territory is insufficient [CokeOven:candidate=True;constructible=True;affordable=False;available=False;owned=3;upgradeTo=IndustrialCarbonizationRetort;research=SteamPower|Coking;workshop=;productivity=-155.6;territory=1805]"
488902,488902,Normal,"Building","Waiting","",1,"productivity or territory is insufficient [CokeOven:candidate=True;constructible=True;affordable=False;available=False;owned=3;upgradeTo=IndustrialCarbonizationRetort;research=SteamPower|Coking;workshop=;productivity=-174.48;territory=1805]"
489502,489502,Normal,"Building","Waiting","",1,"productivity or territory is insufficient [CokeOven:candidate=True;constructible=True;affordable=False;available=False;owned=3;upgradeTo=IndustrialCarbonizationRetort;research=SteamPower|Coking;workshop=;productivity=-191;territory=1805]"
490102,490102,Normal,"Building","Waiting","",1,"productivity or territory is insufficient [CokeOven:candidate=True;constructible=True;affordable=False;available=False;owned=3;upgradeTo=IndustrialCarbonizationRetort;research=SteamPower|Coking;workshop=;productivity=-205.16;territory=1805]"
490702,490702,Normal,"Building","Waiting","",1,"productivity or territory is insufficient [CokeOven:candidate=True;constructible=True;affordable=False;available=False;owned=3;upgradeTo=IndustrialCarbonizationRetort;research=SteamPower|Coking;workshop=;productivity=-216.96;territory=1805]"
491302,491302,Normal,"Building","Waiting","",1,"productivity or territory is insufficient [CokeOven:candidate=True;constructible=True;affordable=False;available=False;owned=3;upgradeTo=IndustrialCarbonizationRetort;research=SteamPower|Coking;workshop=;productivity=-226.4;territory=1805]"
491902,491902,Normal,"Building","Waiting","",1,"productivity or territory is insufficient [CokeOven:candidate=True;constructible=True;affordable=False;available=False;owned=3;upgradeTo=IndustrialCarbonizationRetort;research=SteamPower|Coking;workshop=;productivity=-233.48;territory=1805]"
492502,492502,Normal,"Building","Waiting","",1,"productivity or territory is insufficient [CokeOven:candidate=True;constructible=True;affordable=False;available=False;owned=3;upgradeTo=IndustrialCarbonizationRetort;research=SteamPower|Coking;workshop=;productivity=-240.56;territory=1805]"
493102,493102,Normal,"Building","Waiting","",1,"productivity or territory is insufficient [CokeOven:candidate=True;constructible=True;affordable=False;available=False;owned=3;upgradeTo=IndustrialCarbonizationRetort;research=SteamPower|Coking;workshop=;productivity=-245.28;territory=1805]"
493702,493702,Normal,"Building","Waiting","",1,"productivity or territory is insufficient [CokeOven:candidate=True;constructible=True;affordable=False;available=False;owned=3;upgradeTo=IndustrialCarbonizationRetort;research=SteamPower|Coking;workshop=;productivity=-250;territory=1805]"
494302,494302,Normal,"Building","Waiting","",1,"productivity or territory is insufficient [CokeOven:candidate=True;constructible=True;affordable=False;available=False;owned=3;upgradeTo=IndustrialCarbonizationRetort;research=SteamPower|Coking;workshop=;productivity=-254.72;territory=1805]"
494902,494902,Normal,"Building","Waiting","",1,"productivity or territory is insufficient [CokeOven:candidate=True;constructible=True;affordable=False;available=False;owned=3;upgradeTo=IndustrialCarbonizationRetort;research=SteamPower|Coking;workshop=;productivity=-257.08;territory=1805]"
495502,495502,Normal,"Building","Waiting","",1,"productivity or territory is insufficient [CokeOven:candidate=True;constructible=True;affordable=False;available=False;owned=3;upgradeTo=IndustrialCarbonizationRetort;research=SteamPower|Coking;workshop=;productivity=-259.44;territory=1805]"
496102,496102,Normal,"Building","Waiting","",1,"productivity or territory is insufficient [CokeOven:candidate=True;constructible=True;affordable=False;available=False;owned=3;upgradeTo=IndustrialCarbonizationRetort;research=SteamPower|Coking;workshop=;productivity=-261.8;territory=1805]"
496702,496702,Normal,"Building","Waiting","",1,"productivity or territory is insufficient [CokeOven:candidate=True;constructible=True;affordable=False;available=False;owned=3;upgradeTo=IndustrialCarbonizationRetort;research=SteamPower|Coking;workshop=;productivity=-264.16;territory=1805]"
497302,497902,Normal,"Building","Waiting","",2,"productivity or territory is insufficient [CokeOven:candidate=True;constructible=True;affordable=False;available=False;owned=3;upgradeTo=IndustrialCarbonizationRetort;research=SteamPower|Coking;workshop=;productivity=-266.52;territory=1805]"
498502,499702,Normal,"Building","Waiting","",3,"productivity or territory is insufficient [CokeOven:candidate=True;constructible=True;affordable=False;available=False;owned=3;upgradeTo=IndustrialCarbonizationRetort;research=SteamPower|Coking;workshop=;productivity=-268.88;territory=1805]"
500302,502702,Normal,"Building","Waiting","",5,"productivity or territory is insufficient [CokeOven:candidate=True;constructible=True;affordable=False;available=False;owned=3;upgradeTo=IndustrialCarbonizationRetort;research=SteamPower|Coking;workshop=;productivity=-271.24;territory=1805]"
503302,503302,Normal,"Building","Waiting","",1,"productivity or territory is insufficient [CokeOven:candidate=True;constructible=True;affordable=False;available=False;owned=3;upgradeTo=IndustrialCarbonizationRetort;research=SteamPower|Coking;workshop=;productivity=-273.6;territory=1805]"
503902,503902,Normal,"Building","Waiting","",1,"no strategy candidate [CokeOven:candidate=True;constructible=True;affordable=False;available=False;owned=3;upgradeTo=IndustrialCarbonizationRetort;research=SteamPower|Coking;workshop=;productivity=21.4;territory=1805]"
504502,504502,Normal,"Building","Waiting","",1,"productivity or territory is insufficient [CokeOven:candidate=True;constructible=True;affordable=False;available=False;owned=3;upgradeTo=IndustrialCarbonizationRetort;research=SteamPower|Coking;workshop=;productivity=-25.8;territory=1805]"
505102,505102,Normal,"Building","Waiting","",1,"productivity or territory is insufficient [CokeOven:candidate=True;constructible=True;affordable=False;available=False;owned=3;upgradeTo=IndustrialCarbonizationRetort;research=SteamPower|Coking;workshop=;productivity=-68.28;territory=1805]"
505702,505702,Normal,"Building","Waiting","",1,"productivity or territory is insufficient [CokeOven:candidate=True;constructible=True;affordable=False;available=False;owned=3;upgradeTo=IndustrialCarbonizationRetort;research=SteamPower|Coking;workshop=;productivity=-101.32;territory=1805]"
506302,506302,Normal,"Building","Waiting","",1,"productivity or territory is insufficient [CokeOven:candidate=True;constructible=True;affordable=False;available=False;owned=3;upgradeTo=IndustrialCarbonizationRetort;research=SteamPower|Coking;workshop=;productivity=-132;territory=1805]"
506902,506902,Normal,"Building","Waiting","",1,"productivity or territory is insufficient [CokeOven:candidate=True;constructible=True;affordable=False;available=False;owned=3;upgradeTo=IndustrialCarbonizationRetort;research=SteamPower|Coking;workshop=;productivity=-155.6;territory=1805]"
507502,507502,Normal,"Building","Waiting","",1,"productivity or territory is insufficient [CokeOven:candidate=True;constructible=True;affordable=False;available=False;owned=3;upgradeTo=IndustrialCarbonizationRetort;research=SteamPower|Coking;workshop=;productivity=-174.48;territory=1805]"
508102,508102,Normal,"Building","Waiting","",1,"productivity or territory is insufficient [CokeOven:candidate=True;constructible=True;affordable=False;available=False;owned=3;upgradeTo=IndustrialCarbonizationRetort;research=SteamPower|Coking;workshop=;productivity=-191;territory=1805]"
508702,508702,Normal,"Building","Waiting","",1,"productivity or territory is insufficient [CokeOven:candidate=True;constructible=True;affordable=False;available=False;owned=3;upgradeTo=IndustrialCarbonizationRetort;research=SteamPower|Coking;workshop=;productivity=-205.16;territory=1805]"
509302,509302,Normal,"Building","Waiting","",1,"productivity or territory is insufficient [CokeOven:candidate=True;constructible=True;affordable=False;available=False;owned=3;upgradeTo=IndustrialCarbonizationRetort;research=SteamPower|Coking;workshop=;productivity=-216.96;territory=1805]"
509902,509902,Normal,"Building","Waiting","",1,"productivity or territory is insufficient [CokeOven:candidate=True;constructible=True;affordable=False;available=False;owned=3;upgradeTo=IndustrialCarbonizationRetort;research=SteamPower|Coking;workshop=;productivity=-226.4;territory=1805]"
510502,510502,Normal,"Building","Waiting","",1,"productivity or territory is insufficient [CokeOven:candidate=True;constructible=True;affordable=False;available=False;owned=3;upgradeTo=IndustrialCarbonizationRetort;research=SteamPower|Coking;workshop=;productivity=-233.48;territory=1805]"
511102,511102,Normal,"Building","Waiting","",1,"productivity or territory is insufficient [CokeOven:candidate=True;constructible=True;affordable=False;available=False;owned=3;upgradeTo=IndustrialCarbonizationRetort;research=SteamPower|Coking;workshop=;productivity=-240.56;territory=1805]"
511702,511702,Normal,"Building","Waiting","",1,"productivity or territory is insufficient [CokeOven:candidate=True;constructible=True;affordable=False;available=False;owned=3;upgradeTo=IndustrialCarbonizationRetort;research=SteamPower|Coking;workshop=;productivity=-245.28;territory=1805]"
512302,512302,Normal,"Building","Waiting","",1,"productivity or territory is insufficient [CokeOven:candidate=True;constructible=True;affordable=False;available=False;owned=3;upgradeTo=IndustrialCarbonizationRetort;research=SteamPower|Coking;workshop=;productivity=-250;territory=1805]"
512902,512902,Normal,"Building","Waiting","",1,"productivity or territory is insufficient [CokeOven:candidate=True;constructible=True;affordable=False;available=False;owned=3;upgradeTo=IndustrialCarbonizationRetort;research=SteamPower|Coking;workshop=;productivity=-254.72;territory=1805]"
513502,513502,Normal,"Building","Waiting","",1,"productivity or territory is insufficient [CokeOven:candidate=True;constructible=True;affordable=False;available=False;owned=3;upgradeTo=IndustrialCarbonizationRetort;research=SteamPower|Coking;workshop=;productivity=-257.08;territory=1805]"
514102,514102,Normal,"Building","Waiting","",1,"productivity or territory is insufficient [CokeOven:candidate=True;constructible=True;affordable=False;available=False;owned=3;upgradeTo=IndustrialCarbonizationRetort;research=SteamPower|Coking;workshop=;productivity=-259.44;territory=1805]"
514702,514702,Normal,"Building","Waiting","",1,"productivity or territory is insufficient [CokeOven:candidate=True;constructible=True;affordable=False;available=False;owned=3;upgradeTo=IndustrialCarbonizationRetort;research=SteamPower|Coking;workshop=;productivity=-261.8;territory=1805]"
515302,515302,Normal,"Building","Waiting","",1,"productivity or territory is insufficient [CokeOven:candidate=True;constructible=True;affordable=False;available=False;owned=3;upgradeTo=IndustrialCarbonizationRetort;research=SteamPower|Coking;workshop=;productivity=-264.16;territory=1805]"
515902,516502,Normal,"Building","Waiting","",2,"productivity or territory is insufficient [CokeOven:candidate=True;constructible=True;affordable=False;available=False;owned=3;upgradeTo=IndustrialCarbonizationRetort;research=SteamPower|Coking;workshop=;productivity=-266.52;territory=1805]"
517102,518302,Normal,"Building","Waiting","",3,"productivity or territory is insufficient [CokeOven:candidate=True;constructible=True;affordable=False;available=False;owned=3;upgradeTo=IndustrialCarbonizationRetort;research=SteamPower|Coking;workshop=;productivity=-268.88;territory=1805]"
518902,521302,Normal,"Building","Waiting","",5,"productivity or territory is insufficient [CokeOven:candidate=True;constructible=True;affordable=False;available=False;owned=3;upgradeTo=IndustrialCarbonizationRetort;research=SteamPower|Coking;workshop=;productivity=-271.24;territory=1805]"
521902,521902,Normal,"Building","Waiting","",1,"productivity or territory is insufficient [CokeOven:candidate=True;constructible=True;affordable=False;available=False;owned=3;upgradeTo=IndustrialCarbonizationRetort;research=SteamPower|Coking;workshop=;productivity=-273.6;territory=1805]"
522502,522502,Normal,"Building","Waiting","",1,"no strategy candidate [CokeOven:candidate=True;constructible=True;affordable=False;available=False;owned=3;upgradeTo=IndustrialCarbonizationRetort;research=SteamPower|Coking;workshop=;productivity=21.4;territory=1805]"
523102,523102,Normal,"Building","Waiting","",1,"productivity or territory is insufficient [CokeOven:candidate=True;constructible=True;affordable=False;available=False;owned=3;upgradeTo=IndustrialCarbonizationRetort;research=SteamPower|Coking;workshop=;productivity=-25.8;territory=1805]"
523702,523702,Normal,"Building","Waiting","",1,"productivity or territory is insufficient [CokeOven:candidate=True;constructible=True;affordable=False;available=False;owned=3;upgradeTo=IndustrialCarbonizationRetort;research=SteamPower|Coking;workshop=;productivity=-68.28;territory=1805]"
524302,524302,Normal,"Building","Waiting","",1,"productivity or territory is insufficient [CokeOven:candidate=True;constructible=True;affordable=False;available=False;owned=3;upgradeTo=IndustrialCarbonizationRetort;research=SteamPower|Coking;workshop=;productivity=-101.32;territory=1805]"
524902,524902,Normal,"Building","Waiting","",1,"productivity or territory is insufficient [CokeOven:candidate=True;constructible=True;affordable=False;available=False;owned=3;upgradeTo=IndustrialCarbonizationRetort;research=SteamPower|Coking;workshop=;productivity=-132;territory=1805]"
525502,525502,Normal,"Building","Waiting","",1,"productivity or territory is insufficient [CokeOven:candidate=True;constructible=True;affordable=False;available=False;owned=3;upgradeTo=IndustrialCarbonizationRetort;research=SteamPower|Coking;workshop=;productivity=-155.6;territory=1805]"
526102,526102,Normal,"Building","Waiting","",1,"productivity or territory is insufficient [CokeOven:candidate=True;constructible=True;affordable=False;available=False;owned=3;upgradeTo=IndustrialCarbonizationRetort;research=SteamPower|Coking;workshop=;productivity=-174.48;territory=1805]"
526702,526702,Normal,"Building","Waiting","",1,"productivity or territory is insufficient [CokeOven:candidate=True;constructible=True;affordable=False;available=False;owned=3;upgradeTo=IndustrialCarbonizationRetort;research=SteamPower|Coking;workshop=;productivity=-191;territory=1805]"
527302,527302,Normal,"Building","Waiting","",1,"productivity or territory is insufficient [CokeOven:candidate=True;constructible=True;affordable=False;available=False;owned=3;upgradeTo=IndustrialCarbonizationRetort;research=SteamPower|Coking;workshop=;productivity=-205.16;territory=1805]"
527902,527902,Normal,"Building","Waiting","",1,"productivity or territory is insufficient [CokeOven:candidate=True;constructible=True;affordable=False;available=False;owned=3;upgradeTo=IndustrialCarbonizationRetort;research=SteamPower|Coking;workshop=;productivity=-216.96;territory=1805]"
528502,528502,Normal,"Building","Waiting","",1,"productivity or territory is insufficient [CokeOven:candidate=True;constructible=True;affordable=False;available=False;owned=3;upgradeTo=IndustrialCarbonizationRetort;research=SteamPower|Coking;workshop=;productivity=-226.4;territory=1805]"
529102,529102,Normal,"Building","Waiting","",1,"productivity or territory is insufficient [CokeOven:candidate=True;constructible=True;affordable=False;available=False;owned=3;upgradeTo=IndustrialCarbonizationRetort;research=SteamPower|Coking;workshop=;productivity=-233.48;territory=1805]"
529702,529702,Normal,"Building","Waiting","",1,"productivity or territory is insufficient [CokeOven:candidate=True;constructible=True;affordable=False;available=False;owned=3;upgradeTo=IndustrialCarbonizationRetort;research=SteamPower|Coking;workshop=;productivity=-240.56;territory=1805]"
530302,530302,Normal,"Building","Waiting","",1,"productivity or territory is insufficient [CokeOven:candidate=True;constructible=True;affordable=False;available=False;owned=3;upgradeTo=IndustrialCarbonizationRetort;research=SteamPower|Coking;workshop=;productivity=-245.28;territory=1805]"
530902,530902,Normal,"Building","Waiting","",1,"productivity or territory is insufficient [CokeOven:candidate=True;constructible=True;affordable=False;available=False;owned=3;upgradeTo=IndustrialCarbonizationRetort;research=SteamPower|Coking;workshop=;productivity=-250;territory=1805]"
531502,531502,Normal,"Building","Waiting","",1,"productivity or territory is insufficient [CokeOven:candidate=True;constructible=True;affordable=False;available=False;owned=3;upgradeTo=IndustrialCarbonizationRetort;research=SteamPower|Coking;workshop=;productivity=-254.72;territory=1805]"
532102,532102,Normal,"Building","Waiting","",1,"productivity or territory is insufficient [CokeOven:candidate=True;constructible=True;affordable=False;available=False;owned=3;upgradeTo=IndustrialCarbonizationRetort;research=SteamPower|Coking;workshop=;productivity=-257.08;territory=1805]"
532702,532702,Normal,"Building","Waiting","",1,"productivity or territory is insufficient [CokeOven:candidate=True;constructible=True;affordable=False;available=False;owned=3;upgradeTo=IndustrialCarbonizationRetort;research=SteamPower|Coking;workshop=;productivity=-259.44;territory=1805]"
533302,533302,Normal,"Building","Waiting","",1,"productivity or territory is insufficient [CokeOven:candidate=True;constructible=True;affordable=False;available=False;owned=3;upgradeTo=IndustrialCarbonizationRetort;research=SteamPower|Coking;workshop=;productivity=-261.8;territory=1805]"
533902,533902,Normal,"Building","Waiting","",1,"productivity or territory is insufficient [CokeOven:candidate=True;constructible=True;affordable=False;available=False;owned=3;upgradeTo=IndustrialCarbonizationRetort;research=SteamPower|Coking;workshop=;productivity=-264.16;territory=1805]"
534502,535102,Normal,"Building","Waiting","",2,"productivity or territory is insufficient [CokeOven:candidate=True;constructible=True;affordable=False;available=False;owned=3;upgradeTo=IndustrialCarbonizationRetort;research=SteamPower|Coking;workshop=;productivity=-266.52;territory=1805]"
535702,536902,Normal,"Building","Waiting","",3,"productivity or territory is insufficient [CokeOven:candidate=True;constructible=True;affordable=False;available=False;owned=3;upgradeTo=IndustrialCarbonizationRetort;research=SteamPower|Coking;workshop=;productivity=-268.88;territory=1805]"
537502,539902,Normal,"Building","Waiting","",5,"productivity or territory is insufficient [CokeOven:candidate=True;constructible=True;affordable=False;available=False;owned=3;upgradeTo=IndustrialCarbonizationRetort;research=SteamPower|Coking;workshop=;productivity=-271.24;territory=1805]"
540502,540502,Normal,"Building","Waiting","",1,"productivity or territory is insufficient [CokeOven:candidate=True;constructible=True;affordable=False;available=False;owned=3;upgradeTo=IndustrialCarbonizationRetort;research=SteamPower|Coking;workshop=;productivity=-273.6;territory=1805]"
541102,541102,Normal,"Building","Waiting","",1,"no strategy candidate [CokeOven:candidate=True;constructible=True;affordable=False;available=False;owned=3;upgradeTo=IndustrialCarbonizationRetort;research=SteamPower|Coking;workshop=;productivity=21.4;territory=1805]"
541702,541702,Normal,"Building","Waiting","",1,"productivity or territory is insufficient [CokeOven:candidate=True;constructible=True;affordable=False;available=False;owned=3;upgradeTo=IndustrialCarbonizationRetort;research=SteamPower|Coking;workshop=;productivity=-25.8;territory=1805]"
542302,542302,Normal,"Building","Waiting","",1,"productivity or territory is insufficient [CokeOven:candidate=True;constructible=True;affordable=False;available=False;owned=3;upgradeTo=IndustrialCarbonizationRetort;research=SteamPower|Coking;workshop=;productivity=-68.28;territory=1805]"
542902,542902,Normal,"Building","Waiting","",1,"productivity or territory is insufficient [CokeOven:candidate=True;constructible=True;affordable=False;available=False;owned=3;upgradeTo=IndustrialCarbonizationRetort;research=SteamPower|Coking;workshop=;productivity=-101.32;territory=1805]"
543502,543502,Normal,"Building","Waiting","",1,"productivity or territory is insufficient [CokeOven:candidate=True;constructible=True;affordable=False;available=False;owned=3;upgradeTo=IndustrialCarbonizationRetort;research=SteamPower|Coking;workshop=;productivity=-132;territory=1805]"
544102,544102,Normal,"Building","Waiting","",1,"productivity or territory is insufficient [CokeOven:candidate=True;constructible=True;affordable=False;available=False;owned=3;upgradeTo=IndustrialCarbonizationRetort;research=SteamPower|Coking;workshop=;productivity=-155.6;territory=1805]"
544702,544702,Normal,"Building","Waiting","",1,"productivity or territory is insufficient [CokeOven:candidate=True;constructible=True;affordable=False;available=False;owned=3;upgradeTo=IndustrialCarbonizationRetort;research=SteamPower|Coking;workshop=;productivity=-174.48;territory=1805]"
545302,545302,Normal,"Building","Waiting","",1,"productivity or territory is insufficient [CokeOven:candidate=True;constructible=True;affordable=False;available=False;owned=3;upgradeTo=IndustrialCarbonizationRetort;research=SteamPower|Coking;workshop=;productivity=-191;territory=1805]"
545902,545902,Normal,"Building","Waiting","",1,"productivity or territory is insufficient [CokeOven:candidate=True;constructible=True;affordable=False;available=False;owned=3;upgradeTo=IndustrialCarbonizationRetort;research=SteamPower|Coking;workshop=;productivity=-205.16;territory=1805]"
546502,546502,Normal,"Building","Waiting","",1,"productivity or territory is insufficient [CokeOven:candidate=True;constructible=True;affordable=False;available=False;owned=3;upgradeTo=IndustrialCarbonizationRetort;research=SteamPower|Coking;workshop=;productivity=-216.96;territory=1805]"
547102,547102,Normal,"Building","Waiting","",1,"productivity or territory is insufficient [CokeOven:candidate=True;constructible=True;affordable=False;available=False;owned=3;upgradeTo=IndustrialCarbonizationRetort;research=SteamPower|Coking;workshop=;productivity=-226.4;territory=1805]"
547702,547702,Normal,"Building","Waiting","",1,"productivity or territory is insufficient [CokeOven:candidate=True;constructible=True;affordable=False;available=False;owned=3;upgradeTo=IndustrialCarbonizationRetort;research=SteamPower|Coking;workshop=;productivity=-233.48;territory=1805]"
548302,548302,Normal,"Building","Waiting","",1,"productivity or territory is insufficient [CokeOven:candidate=True;constructible=True;affordable=False;available=False;owned=3;upgradeTo=IndustrialCarbonizationRetort;research=SteamPower|Coking;workshop=;productivity=-240.56;territory=1805]"
548902,548902,Normal,"Building","Waiting","",1,"productivity or territory is insufficient [CokeOven:candidate=True;constructible=True;affordable=False;available=False;owned=3;upgradeTo=IndustrialCarbonizationRetort;research=SteamPower|Coking;workshop=;productivity=-245.28;territory=1805]"
549502,549502,Normal,"Building","Waiting","",1,"productivity or territory is insufficient [CokeOven:candidate=True;constructible=True;affordable=False;available=False;owned=3;upgradeTo=IndustrialCarbonizationRetort;research=SteamPower|Coking;workshop=;productivity=-250;territory=1805]"
550102,550102,Normal,"Building","Waiting","",1,"productivity or territory is insufficient [CokeOven:candidate=True;constructible=True;affordable=False;available=False;owned=3;upgradeTo=IndustrialCarbonizationRetort;research=SteamPower|Coking;workshop=;productivity=-254.72;territory=1805]"
550702,550702,Normal,"Building","Waiting","",1,"productivity or territory is insufficient [CokeOven:candidate=True;constructible=True;affordable=False;available=False;owned=3;upgradeTo=IndustrialCarbonizationRetort;research=SteamPower|Coking;workshop=;productivity=-257.08;territory=1805]"
551302,551302,Normal,"Building","Waiting","",1,"productivity or territory is insufficient [CokeOven:candidate=True;constructible=True;affordable=False;available=False;owned=3;upgradeTo=IndustrialCarbonizationRetort;research=SteamPower|Coking;workshop=;productivity=-259.44;territory=1805]"
551902,551902,Normal,"Building","Waiting","",1,"productivity or territory is insufficient [CokeOven:candidate=True;constructible=True;affordable=False;available=False;owned=3;upgradeTo=IndustrialCarbonizationRetort;research=SteamPower|Coking;workshop=;productivity=-261.8;territory=1805]"
552502,552502,Normal,"Building","Waiting","",1,"productivity or territory is insufficient [CokeOven:candidate=True;constructible=True;affordable=False;available=False;owned=3;upgradeTo=IndustrialCarbonizationRetort;research=SteamPower|Coking;workshop=;productivity=-264.16;territory=1805]"
553102,553702,Normal,"Building","Waiting","",2,"productivity or territory is insufficient [CokeOven:candidate=True;constructible=True;affordable=False;available=False;owned=3;upgradeTo=IndustrialCarbonizationRetort;research=SteamPower|Coking;workshop=;productivity=-266.52;territory=1805]"
554302,555502,Normal,"Building","Waiting","",3,"productivity or territory is insufficient [CokeOven:candidate=True;constructible=True;affordable=False;available=False;owned=3;upgradeTo=IndustrialCarbonizationRetort;research=SteamPower|Coking;workshop=;productivity=-268.88;territory=1805]"
556102,558502,Normal,"Building","Waiting","",5,"productivity or territory is insufficient [CokeOven:candidate=True;constructible=True;affordable=False;available=False;owned=3;upgradeTo=IndustrialCarbonizationRetort;research=SteamPower|Coking;workshop=;productivity=-271.24;territory=1805]"
559102,559102,Normal,"Building","Waiting","",1,"productivity or territory is insufficient [CokeOven:candidate=True;constructible=True;affordable=False;available=False;owned=3;upgradeTo=IndustrialCarbonizationRetort;research=SteamPower|Coking;workshop=;productivity=-273.6;territory=1805]"
559702,559702,Normal,"Building","Waiting","",1,"no strategy candidate [CokeOven:candidate=True;constructible=True;affordable=False;available=False;owned=3;upgradeTo=IndustrialCarbonizationRetort;research=SteamPower|Coking;workshop=;productivity=21.4;territory=1805]"
560302,560302,Normal,"Building","Waiting","",1,"productivity or territory is insufficient [CokeOven:candidate=True;constructible=True;affordable=False;available=False;owned=3;upgradeTo=IndustrialCarbonizationRetort;research=SteamPower|Coking;workshop=;productivity=-25.8;territory=1805]"
560902,560902,Normal,"Building","Waiting","",1,"productivity or territory is insufficient [CokeOven:candidate=True;constructible=True;affordable=False;available=False;owned=3;upgradeTo=IndustrialCarbonizationRetort;research=SteamPower|Coking;workshop=;productivity=-68.28;territory=1805]"
561502,561502,Normal,"Building","Waiting","",1,"productivity or territory is insufficient [CokeOven:candidate=True;constructible=True;affordable=False;available=False;owned=3;upgradeTo=IndustrialCarbonizationRetort;research=SteamPower|Coking;workshop=;productivity=-101.32;territory=1805]"
562102,562102,Normal,"Building","Waiting","",1,"productivity or territory is insufficient [CokeOven:candidate=True;constructible=True;affordable=False;available=False;owned=3;upgradeTo=IndustrialCarbonizationRetort;research=SteamPower|Coking;workshop=;productivity=-132;territory=1805]"
562702,562702,Normal,"Building","Waiting","",1,"productivity or territory is insufficient [CokeOven:candidate=True;constructible=True;affordable=False;available=False;owned=3;upgradeTo=IndustrialCarbonizationRetort;research=SteamPower|Coking;workshop=;productivity=-155.6;territory=1805]"
563302,563302,Normal,"Building","Waiting","",1,"productivity or territory is insufficient [CokeOven:candidate=True;constructible=True;affordable=False;available=False;owned=3;upgradeTo=IndustrialCarbonizationRetort;research=SteamPower|Coking;workshop=;productivity=-174.48;territory=1805]"
563902,563902,Normal,"Building","Waiting","",1,"productivity or territory is insufficient [CokeOven:candidate=True;constructible=True;affordable=False;available=False;owned=3;upgradeTo=IndustrialCarbonizationRetort;research=SteamPower|Coking;workshop=;productivity=-191;territory=1805]"
564502,564502,Normal,"Building","Waiting","",1,"productivity or territory is insufficient [CokeOven:candidate=True;constructible=True;affordable=False;available=False;owned=3;upgradeTo=IndustrialCarbonizationRetort;research=SteamPower|Coking;workshop=;productivity=-205.16;territory=1805]"
565102,565102,Normal,"Building","Waiting","",1,"productivity or territory is insufficient [CokeOven:candidate=True;constructible=True;affordable=False;available=False;owned=3;upgradeTo=IndustrialCarbonizationRetort;research=SteamPower|Coking;workshop=;productivity=-216.96;territory=1805]"
565702,565702,Normal,"Building","Waiting","",1,"productivity or territory is insufficient [CokeOven:candidate=True;constructible=True;affordable=False;available=False;owned=3;upgradeTo=IndustrialCarbonizationRetort;research=SteamPower|Coking;workshop=;productivity=-226.4;territory=1805]"
566302,566302,Normal,"Building","Waiting","",1,"productivity or territory is insufficient [CokeOven:candidate=True;constructible=True;affordable=False;available=False;owned=3;upgradeTo=IndustrialCarbonizationRetort;research=SteamPower|Coking;workshop=;productivity=-233.48;territory=1805]"
566902,566902,Normal,"Building","Waiting","",1,"productivity or territory is insufficient [CokeOven:candidate=True;constructible=True;affordable=False;available=False;owned=3;upgradeTo=IndustrialCarbonizationRetort;research=SteamPower|Coking;workshop=;productivity=-240.56;territory=1805]"
567502,567502,Normal,"Building","Waiting","",1,"productivity or territory is insufficient [CokeOven:candidate=True;constructible=True;affordable=False;available=False;owned=3;upgradeTo=IndustrialCarbonizationRetort;research=SteamPower|Coking;workshop=;productivity=-245.28;territory=1805]"
568102,568102,Normal,"Building","Waiting","",1,"productivity or territory is insufficient [CokeOven:candidate=True;constructible=True;affordable=False;available=False;owned=3;upgradeTo=IndustrialCarbonizationRetort;research=SteamPower|Coking;workshop=;productivity=-250;territory=1805]"
568702,568702,Normal,"Building","Waiting","",1,"productivity or territory is insufficient [CokeOven:candidate=True;constructible=True;affordable=False;available=False;owned=3;upgradeTo=IndustrialCarbonizationRetort;research=SteamPower|Coking;workshop=;productivity=-254.72;territory=1805]"
569302,569302,Normal,"Building","Waiting","",1,"productivity or territory is insufficient [CokeOven:candidate=True;constructible=True;affordable=False;available=False;owned=3;upgradeTo=IndustrialCarbonizationRetort;research=SteamPower|Coking;workshop=;productivity=-257.08;territory=1805]"
569902,569902,Normal,"Building","Waiting","",1,"productivity or territory is insufficient [CokeOven:candidate=True;constructible=True;affordable=False;available=False;owned=3;upgradeTo=IndustrialCarbonizationRetort;research=SteamPower|Coking;workshop=;productivity=-259.44;territory=1805]"
570502,570502,Normal,"Building","Waiting","",1,"productivity or territory is insufficient [CokeOven:candidate=True;constructible=True;affordable=False;available=False;owned=3;upgradeTo=IndustrialCarbonizationRetort;research=SteamPower|Coking;workshop=;productivity=-261.8;territory=1805]"
571102,571102,Normal,"Building","Waiting","",1,"productivity or territory is insufficient [CokeOven:candidate=True;constructible=True;affordable=False;available=False;owned=3;upgradeTo=IndustrialCarbonizationRetort;research=SteamPower|Coking;workshop=;productivity=-264.16;territory=1805]"
571702,572302,Normal,"Building","Waiting","",2,"productivity or territory is insufficient [CokeOven:candidate=True;constructible=True;affordable=False;available=False;owned=3;upgradeTo=IndustrialCarbonizationRetort;research=SteamPower|Coking;workshop=;productivity=-266.52;territory=1805]"
572902,574102,Normal,"Building","Waiting","",3,"productivity or territory is insufficient [CokeOven:candidate=True;constructible=True;affordable=False;available=False;owned=3;upgradeTo=IndustrialCarbonizationRetort;research=SteamPower|Coking;workshop=;productivity=-268.88;territory=1805]"
574702,577102,Normal,"Building","Waiting","",5,"productivity or territory is insufficient [CokeOven:candidate=True;constructible=True;affordable=False;available=False;owned=3;upgradeTo=IndustrialCarbonizationRetort;research=SteamPower|Coking;workshop=;productivity=-271.24;territory=1805]"
577702,577702,Normal,"Building","Waiting","",1,"productivity or territory is insufficient [CokeOven:candidate=True;constructible=True;affordable=False;available=False;owned=3;upgradeTo=IndustrialCarbonizationRetort;research=SteamPower|Coking;workshop=;productivity=-273.6;territory=1805]"
578302,578302,Normal,"Building","Waiting","",1,"no strategy candidate [CokeOven:candidate=True;constructible=True;affordable=False;available=False;owned=3;upgradeTo=IndustrialCarbonizationRetort;research=SteamPower|Coking;workshop=;productivity=21.4;territory=1805]"
578902,578902,Normal,"Building","Waiting","",1,"productivity or territory is insufficient [CokeOven:candidate=True;constructible=True;affordable=False;available=False;owned=3;upgradeTo=IndustrialCarbonizationRetort;research=SteamPower|Coking;workshop=;productivity=-25.8;territory=1805]"
579502,579502,Normal,"Building","Waiting","",1,"productivity or territory is insufficient [CokeOven:candidate=True;constructible=True;affordable=False;available=False;owned=3;upgradeTo=IndustrialCarbonizationRetort;research=SteamPower|Coking;workshop=;productivity=-68.28;territory=1805]"
580102,580102,Normal,"Building","Waiting","",1,"productivity or territory is insufficient [CokeOven:candidate=True;constructible=True;affordable=False;available=False;owned=3;upgradeTo=IndustrialCarbonizationRetort;research=SteamPower|Coking;workshop=;productivity=-101.32;territory=1805]"
580702,580702,Normal,"Building","Waiting","",1,"productivity or territory is insufficient [CokeOven:candidate=True;constructible=True;affordable=False;available=False;owned=3;upgradeTo=IndustrialCarbonizationRetort;research=SteamPower|Coking;workshop=;productivity=-132;territory=1805]"
581302,581302,Normal,"Building","Waiting","",1,"productivity or territory is insufficient [CokeOven:candidate=True;constructible=True;affordable=False;available=False;owned=3;upgradeTo=IndustrialCarbonizationRetort;research=SteamPower|Coking;workshop=;productivity=-155.6;territory=1805]"
581902,581902,Normal,"Building","Waiting","",1,"productivity or territory is insufficient [CokeOven:candidate=True;constructible=True;affordable=False;available=False;owned=3;upgradeTo=IndustrialCarbonizationRetort;research=SteamPower|Coking;workshop=;productivity=-174.48;territory=1805]"
582502,582502,Normal,"Building","Waiting","",1,"productivity or territory is insufficient [CokeOven:candidate=True;constructible=True;affordable=False;available=False;owned=3;upgradeTo=IndustrialCarbonizationRetort;research=SteamPower|Coking;workshop=;productivity=-191;territory=1805]"
583102,583102,Normal,"Building","Waiting","",1,"productivity or territory is insufficient [CokeOven:candidate=True;constructible=True;affordable=False;available=False;owned=3;upgradeTo=IndustrialCarbonizationRetort;research=SteamPower|Coking;workshop=;productivity=-205.16;territory=1805]"
583702,583702,Normal,"Building","Waiting","",1,"productivity or territory is insufficient [CokeOven:candidate=True;constructible=True;affordable=False;available=False;owned=3;upgradeTo=IndustrialCarbonizationRetort;research=SteamPower|Coking;workshop=;productivity=-216.96;territory=1805]"
584302,584302,Normal,"Building","Waiting","",1,"productivity or territory is insufficient [CokeOven:candidate=True;constructible=True;affordable=False;available=False;owned=3;upgradeTo=IndustrialCarbonizationRetort;research=SteamPower|Coking;workshop=;productivity=-226.4;territory=1805]"
584902,584902,Normal,"Building","Waiting","",1,"productivity or territory is insufficient [CokeOven:candidate=True;constructible=True;affordable=False;available=False;owned=3;upgradeTo=IndustrialCarbonizationRetort;research=SteamPower|Coking;workshop=;productivity=-233.48;territory=1805]"
585502,585502,Normal,"Building","Waiting","",1,"productivity or territory is insufficient [CokeOven:candidate=True;constructible=True;affordable=False;available=False;owned=3;upgradeTo=IndustrialCarbonizationRetort;research=SteamPower|Coking;workshop=;productivity=-240.56;territory=1805]"
586102,586102,Normal,"Building","Waiting","",1,"productivity or territory is insufficient [CokeOven:candidate=True;constructible=True;affordable=False;available=False;owned=3;upgradeTo=IndustrialCarbonizationRetort;research=SteamPower|Coking;workshop=;productivity=-245.28;territory=1805]"
586702,586702,Normal,"Building","Waiting","",1,"productivity or territory is insufficient [CokeOven:candidate=True;constructible=True;affordable=False;available=False;owned=3;upgradeTo=IndustrialCarbonizationRetort;research=SteamPower|Coking;workshop=;productivity=-250;territory=1805]"
587302,587302,Normal,"Building","Waiting","",1,"productivity or territory is insufficient [CokeOven:candidate=True;constructible=True;affordable=False;available=False;owned=3;upgradeTo=IndustrialCarbonizationRetort;research=SteamPower|Coking;workshop=;productivity=-254.72;territory=1805]"
587902,587902,Normal,"Building","Waiting","",1,"productivity or territory is insufficient [CokeOven:candidate=True;constructible=True;affordable=False;available=False;owned=3;upgradeTo=IndustrialCarbonizationRetort;research=SteamPower|Coking;workshop=;productivity=-257.08;territory=1805]"
588502,588502,Normal,"Building","Waiting","",1,"productivity or territory is insufficient [CokeOven:candidate=True;constructible=True;affordable=False;available=False;owned=3;upgradeTo=IndustrialCarbonizationRetort;research=SteamPower|Coking;workshop=;productivity=-259.44;territory=1805]"
589102,589102,Normal,"Building","Waiting","",1,"productivity or territory is insufficient [CokeOven:candidate=True;constructible=True;affordable=False;available=False;owned=3;upgradeTo=IndustrialCarbonizationRetort;research=SteamPower|Coking;workshop=;productivity=-261.8;territory=1805]"
589702,589702,Normal,"Building","Waiting","",1,"productivity or territory is insufficient [CokeOven:candidate=True;constructible=True;affordable=False;available=False;owned=3;upgradeTo=IndustrialCarbonizationRetort;research=SteamPower|Coking;workshop=;productivity=-264.16;territory=1805]"
590302,590902,Normal,"Building","Waiting","",2,"productivity or territory is insufficient [CokeOven:candidate=True;constructible=True;affordable=False;available=False;owned=3;upgradeTo=IndustrialCarbonizationRetort;research=SteamPower|Coking;workshop=;productivity=-266.52;territory=1805]"
591502,592702,Normal,"Building","Waiting","",3,"productivity or territory is insufficient [CokeOven:candidate=True;constructible=True;affordable=False;available=False;owned=3;upgradeTo=IndustrialCarbonizationRetort;research=SteamPower|Coking;workshop=;productivity=-268.88;territory=1805]"
593302,595702,Normal,"Building","Waiting","",5,"productivity or territory is insufficient [CokeOven:candidate=True;constructible=True;affordable=False;available=False;owned=3;upgradeTo=IndustrialCarbonizationRetort;research=SteamPower|Coking;workshop=;productivity=-271.24;territory=1805]"
596302,596302,Normal,"Building","Waiting","",1,"productivity or territory is insufficient [CokeOven:candidate=True;constructible=True;affordable=False;available=False;owned=3;upgradeTo=IndustrialCarbonizationRetort;research=SteamPower|Coking;workshop=;productivity=-273.6;territory=1805]"
596902,596902,Normal,"Building","Waiting","",1,"no strategy candidate [CokeOven:candidate=True;constructible=True;affordable=False;available=False;owned=3;upgradeTo=IndustrialCarbonizationRetort;research=SteamPower|Coking;workshop=;productivity=21.4;territory=1805]"
597502,597502,Normal,"Building","Waiting","",1,"productivity or territory is insufficient [CokeOven:candidate=True;constructible=True;affordable=False;available=False;owned=3;upgradeTo=IndustrialCarbonizationRetort;research=SteamPower|Coking;workshop=;productivity=-25.8;territory=1805]"
598102,598102,Normal,"Building","Waiting","",1,"productivity or territory is insufficient [CokeOven:candidate=True;constructible=True;affordable=False;available=False;owned=3;upgradeTo=IndustrialCarbonizationRetort;research=SteamPower|Coking;workshop=;productivity=-68.28;territory=1805]"
598702,598702,Normal,"Building","Waiting","",1,"productivity or territory is insufficient [CokeOven:candidate=True;constructible=True;affordable=False;available=False;owned=3;upgradeTo=IndustrialCarbonizationRetort;research=SteamPower|Coking;workshop=;productivity=-101.32;territory=1805]"
599302,599302,Normal,"Building","Waiting","",1,"productivity or territory is insufficient [CokeOven:candidate=True;constructible=True;affordable=False;available=False;owned=3;upgradeTo=IndustrialCarbonizationRetort;research=SteamPower|Coking;workshop=;productivity=-132;territory=1805]"
599902,599902,Normal,"Building","Waiting","",1,"productivity or territory is insufficient [CokeOven:candidate=True;constructible=True;affordable=False;available=False;owned=3;upgradeTo=IndustrialCarbonizationRetort;research=SteamPower|Coking;workshop=;productivity=-155.6;territory=1805]"
600502,600502,Normal,"Building","Waiting","",1,"productivity or territory is insufficient [CokeOven:candidate=True;constructible=True;affordable=False;available=False;owned=3;upgradeTo=IndustrialCarbonizationRetort;research=SteamPower|Coking;workshop=;productivity=-174.48;territory=1805]"
601102,601102,Normal,"Building","Waiting","",1,"productivity or territory is insufficient [CokeOven:candidate=True;constructible=True;affordable=False;available=False;owned=3;upgradeTo=IndustrialCarbonizationRetort;research=SteamPower|Coking;workshop=;productivity=-191;territory=1805]"
601702,601702,Normal,"Building","Waiting","",1,"productivity or territory is insufficient [CokeOven:candidate=True;constructible=True;affordable=False;available=False;owned=3;upgradeTo=IndustrialCarbonizationRetort;research=SteamPower|Coking;workshop=;productivity=-205.16;territory=1805]"
602302,602302,Normal,"Building","Waiting","",1,"productivity or territory is insufficient [CokeOven:candidate=True;constructible=True;affordable=False;available=False;owned=3;upgradeTo=IndustrialCarbonizationRetort;research=SteamPower|Coking;workshop=;productivity=-216.96;territory=1805]"
602902,602902,Normal,"Building","Waiting","",1,"productivity or territory is insufficient [CokeOven:candidate=True;constructible=True;affordable=False;available=False;owned=3;upgradeTo=IndustrialCarbonizationRetort;research=SteamPower|Coking;workshop=;productivity=-226.4;territory=1805]"
603502,603502,Normal,"Building","Waiting","",1,"productivity or territory is insufficient [CokeOven:candidate=True;constructible=True;affordable=False;available=False;owned=3;upgradeTo=IndustrialCarbonizationRetort;research=SteamPower|Coking;workshop=;productivity=-233.48;territory=1805]"
604102,604102,Normal,"Building","Waiting","",1,"productivity or territory is insufficient [CokeOven:candidate=True;constructible=True;affordable=False;available=False;owned=3;upgradeTo=IndustrialCarbonizationRetort;research=SteamPower|Coking;workshop=;productivity=-240.56;territory=1805]"
604702,604702,Normal,"Building","Waiting","",1,"productivity or territory is insufficient [CokeOven:candidate=True;constructible=True;affordable=False;available=False;owned=3;upgradeTo=IndustrialCarbonizationRetort;research=SteamPower|Coking;workshop=;productivity=-245.28;territory=1805]"
605302,605302,Normal,"Building","Waiting","",1,"productivity or territory is insufficient [CokeOven:candidate=True;constructible=True;affordable=False;available=False;owned=3;upgradeTo=IndustrialCarbonizationRetort;research=SteamPower|Coking;workshop=;productivity=-250;territory=1805]"
605902,605902,Normal,"Building","Waiting","",1,"productivity or territory is insufficient [CokeOven:candidate=True;constructible=True;affordable=False;available=False;owned=3;upgradeTo=IndustrialCarbonizationRetort;research=SteamPower|Coking;workshop=;productivity=-254.72;territory=1805]"
606502,606502,Normal,"Building","Waiting","",1,"productivity or territory is insufficient [CokeOven:candidate=True;constructible=True;affordable=False;available=False;owned=3;upgradeTo=IndustrialCarbonizationRetort;research=SteamPower|Coking;workshop=;productivity=-257.08;territory=1805]"
607102,607102,Normal,"Building","Waiting","",1,"productivity or territory is insufficient [CokeOven:candidate=True;constructible=True;affordable=False;available=False;owned=3;upgradeTo=IndustrialCarbonizationRetort;research=SteamPower|Coking;workshop=;productivity=-259.44;territory=1805]"
607702,607702,Normal,"Building","Waiting","",1,"productivity or territory is insufficient [CokeOven:candidate=True;constructible=True;affordable=False;available=False;owned=3;upgradeTo=IndustrialCarbonizationRetort;research=SteamPower|Coking;workshop=;productivity=-261.8;territory=1805]"
608302,608302,Normal,"Building","Waiting","",1,"productivity or territory is insufficient [CokeOven:candidate=True;constructible=True;affordable=False;available=False;owned=3;upgradeTo=IndustrialCarbonizationRetort;research=SteamPower|Coking;workshop=;productivity=-264.16;territory=1805]"
608902,609502,Normal,"Building","Waiting","",2,"productivity or territory is insufficient [CokeOven:candidate=True;constructible=True;affordable=False;available=False;owned=3;upgradeTo=IndustrialCarbonizationRetort;research=SteamPower|Coking;workshop=;productivity=-266.52;territory=1805]"
610102,611302,Normal,"Building","Waiting","",3,"productivity or territory is insufficient [CokeOven:candidate=True;constructible=True;affordable=False;available=False;owned=3;upgradeTo=IndustrialCarbonizationRetort;research=SteamPower|Coking;workshop=;productivity=-268.88;territory=1805]"
611902,614302,Normal,"Building","Waiting","",5,"productivity or territory is insufficient [CokeOven:candidate=True;constructible=True;affordable=False;available=False;owned=3;upgradeTo=IndustrialCarbonizationRetort;research=SteamPower|Coking;workshop=;productivity=-271.24;territory=1805]"
614902,614902,Normal,"Building","Waiting","",1,"productivity or territory is insufficient [CokeOven:candidate=True;constructible=True;affordable=False;available=False;owned=3;upgradeTo=IndustrialCarbonizationRetort;research=SteamPower|Coking;workshop=;productivity=-273.6;territory=1805]"
615502,615502,Normal,"Building","Waiting","",1,"no strategy candidate [CokeOven:candidate=True;constructible=True;affordable=False;available=False;owned=3;upgradeTo=IndustrialCarbonizationRetort;research=SteamPower|Coking;workshop=;productivity=21.4;territory=1805]"
616102,616102,Normal,"Building","Waiting","",1,"productivity or territory is insufficient [CokeOven:candidate=True;constructible=True;affordable=False;available=False;owned=3;upgradeTo=IndustrialCarbonizationRetort;research=SteamPower|Coking;workshop=;productivity=-25.8;territory=1805]"
616702,616702,Normal,"Building","Waiting","",1,"productivity or territory is insufficient [CokeOven:candidate=True;constructible=True;affordable=False;available=False;owned=3;upgradeTo=IndustrialCarbonizationRetort;research=SteamPower|Coking;workshop=;productivity=-68.28;territory=1805]"
617302,617302,Normal,"Building","Waiting","",1,"productivity or territory is insufficient [CokeOven:candidate=True;constructible=True;affordable=False;available=False;owned=3;upgradeTo=IndustrialCarbonizationRetort;research=SteamPower|Coking;workshop=;productivity=-101.32;territory=1805]"
617902,617902,Normal,"Building","Waiting","",1,"productivity or territory is insufficient [CokeOven:candidate=True;constructible=True;affordable=False;available=False;owned=3;upgradeTo=IndustrialCarbonizationRetort;research=SteamPower|Coking;workshop=;productivity=-132;territory=1805]"
618502,618502,Normal,"Building","Waiting","",1,"productivity or territory is insufficient [CokeOven:candidate=True;constructible=True;affordable=False;available=False;owned=3;upgradeTo=IndustrialCarbonizationRetort;research=SteamPower|Coking;workshop=;productivity=-155.6;territory=1805]"
619102,619102,Normal,"Building","Waiting","",1,"productivity or territory is insufficient [CokeOven:candidate=True;constructible=True;affordable=False;available=False;owned=3;upgradeTo=IndustrialCarbonizationRetort;research=SteamPower|Coking;workshop=;productivity=-174.48;territory=1805]"
619702,619702,Normal,"Building","Waiting","",1,"productivity or territory is insufficient [CokeOven:candidate=True;constructible=True;affordable=False;available=False;owned=3;upgradeTo=IndustrialCarbonizationRetort;research=SteamPower|Coking;workshop=;productivity=-191;territory=1805]"
620302,620302,Normal,"Building","Waiting","",1,"productivity or territory is insufficient [CokeOven:candidate=True;constructible=True;affordable=False;available=False;owned=3;upgradeTo=IndustrialCarbonizationRetort;research=SteamPower|Coking;workshop=;productivity=-205.16;territory=1805]"
620902,620902,Normal,"Building","Waiting","",1,"productivity or territory is insufficient [CokeOven:candidate=True;constructible=True;affordable=False;available=False;owned=3;upgradeTo=IndustrialCarbonizationRetort;research=SteamPower|Coking;workshop=;productivity=-216.96;territory=1805]"
621502,621502,Normal,"Building","Waiting","",1,"productivity or territory is insufficient [CokeOven:candidate=True;constructible=True;affordable=False;available=False;owned=3;upgradeTo=IndustrialCarbonizationRetort;research=SteamPower|Coking;workshop=;productivity=-226.4;territory=1805]"
622102,622102,Normal,"Building","Waiting","",1,"productivity or territory is insufficient [CokeOven:candidate=True;constructible=True;affordable=False;available=False;owned=3;upgradeTo=IndustrialCarbonizationRetort;research=SteamPower|Coking;workshop=;productivity=-233.48;territory=1805]"
622702,622702,Normal,"Building","Waiting","",1,"productivity or territory is insufficient [CokeOven:candidate=True;constructible=True;affordable=False;available=False;owned=3;upgradeTo=IndustrialCarbonizationRetort;research=SteamPower|Coking;workshop=;productivity=-240.56;territory=1805]"
623302,623302,Normal,"Building","Waiting","",1,"productivity or territory is insufficient [CokeOven:candidate=True;constructible=True;affordable=False;available=False;owned=3;upgradeTo=IndustrialCarbonizationRetort;research=SteamPower|Coking;workshop=;productivity=-245.28;territory=1805]"
623902,623902,Normal,"Building","Waiting","",1,"productivity or territory is insufficient [CokeOven:candidate=True;constructible=True;affordable=False;available=False;owned=3;upgradeTo=IndustrialCarbonizationRetort;research=SteamPower|Coking;workshop=;productivity=-250;territory=1805]"
624502,624502,Normal,"Building","Waiting","",1,"productivity or territory is insufficient [CokeOven:candidate=True;constructible=True;affordable=False;available=False;owned=3;upgradeTo=IndustrialCarbonizationRetort;research=SteamPower|Coking;workshop=;productivity=-254.72;territory=1805]"
625102,625102,Normal,"Building","Waiting","",1,"productivity or territory is insufficient [CokeOven:candidate=True;constructible=True;affordable=False;available=False;owned=3;upgradeTo=IndustrialCarbonizationRetort;research=SteamPower|Coking;workshop=;productivity=-257.08;territory=1805]"
625702,625702,Normal,"Building","Waiting","",1,"productivity or territory is insufficient [CokeOven:candidate=True;constructible=True;affordable=False;available=False;owned=3;upgradeTo=IndustrialCarbonizationRetort;research=SteamPower|Coking;workshop=;productivity=-259.44;territory=1805]"
626302,626302,Normal,"Building","Waiting","",1,"productivity or territory is insufficient [CokeOven:candidate=True;constructible=True;affordable=False;available=False;owned=3;upgradeTo=IndustrialCarbonizationRetort;research=SteamPower|Coking;workshop=;productivity=-261.8;territory=1805]"
626902,626902,Normal,"Building","Waiting","",1,"productivity or territory is insufficient [CokeOven:candidate=True;constructible=True;affordable=False;available=False;owned=3;upgradeTo=IndustrialCarbonizationRetort;research=SteamPower|Coking;workshop=;productivity=-264.16;territory=1805]"
627502,628102,Normal,"Building","Waiting","",2,"productivity or territory is insufficient [CokeOven:candidate=True;constructible=True;affordable=False;available=False;owned=3;upgradeTo=IndustrialCarbonizationRetort;research=SteamPower|Coking;workshop=;productivity=-266.52;territory=1805]"
628702,629902,Normal,"Building","Waiting","",3,"productivity or territory is insufficient [CokeOven:candidate=True;constructible=True;affordable=False;available=False;owned=3;upgradeTo=IndustrialCarbonizationRetort;research=SteamPower|Coking;workshop=;productivity=-268.88;territory=1805]"
630502,632902,Normal,"Building","Waiting","",5,"productivity or territory is insufficient [CokeOven:candidate=True;constructible=True;affordable=False;available=False;owned=3;upgradeTo=IndustrialCarbonizationRetort;research=SteamPower|Coking;workshop=;productivity=-271.24;territory=1805]"
633502,633502,Normal,"Building","Waiting","",1,"productivity or territory is insufficient [CokeOven:candidate=True;constructible=True;affordable=False;available=False;owned=3;upgradeTo=IndustrialCarbonizationRetort;research=SteamPower|Coking;workshop=;productivity=-273.6;territory=1805]"
634102,634102,Normal,"Building","Waiting","",1,"no strategy candidate [CokeOven:candidate=True;constructible=True;affordable=False;available=False;owned=3;upgradeTo=IndustrialCarbonizationRetort;research=SteamPower|Coking;workshop=;productivity=21.4;territory=1805]"
634702,634702,Normal,"Building","Waiting","",1,"productivity or territory is insufficient [CokeOven:candidate=True;constructible=True;affordable=False;available=False;owned=3;upgradeTo=IndustrialCarbonizationRetort;research=SteamPower|Coking;workshop=;productivity=-25.8;territory=1805]"
635302,635302,Normal,"Building","Waiting","",1,"productivity or territory is insufficient [CokeOven:candidate=True;constructible=True;affordable=False;available=False;owned=3;upgradeTo=IndustrialCarbonizationRetort;research=SteamPower|Coking;workshop=;productivity=-68.28;territory=1805]"
635902,635902,Normal,"Building","Waiting","",1,"productivity or territory is insufficient [CokeOven:candidate=True;constructible=True;affordable=False;available=False;owned=3;upgradeTo=IndustrialCarbonizationRetort;research=SteamPower|Coking;workshop=;productivity=-101.32;territory=1805]"
636502,636502,Normal,"Building","Waiting","",1,"productivity or territory is insufficient [CokeOven:candidate=True;constructible=True;affordable=False;available=False;owned=3;upgradeTo=IndustrialCarbonizationRetort;research=SteamPower|Coking;workshop=;productivity=-132;territory=1805]"
637102,637102,Normal,"Building","Waiting","",1,"productivity or territory is insufficient [CokeOven:candidate=True;constructible=True;affordable=False;available=False;owned=3;upgradeTo=IndustrialCarbonizationRetort;research=SteamPower|Coking;workshop=;productivity=-155.6;territory=1805]"
637702,637702,Normal,"Building","Waiting","",1,"productivity or territory is insufficient [CokeOven:candidate=True;constructible=True;affordable=False;available=False;owned=3;upgradeTo=IndustrialCarbonizationRetort;research=SteamPower|Coking;workshop=;productivity=-174.48;territory=1805]"
638302,638302,Normal,"Building","Waiting","",1,"productivity or territory is insufficient [CokeOven:candidate=True;constructible=True;affordable=False;available=False;owned=3;upgradeTo=IndustrialCarbonizationRetort;research=SteamPower|Coking;workshop=;productivity=-191;territory=1805]"
638902,638902,Normal,"Building","Waiting","",1,"productivity or territory is insufficient [CokeOven:candidate=True;constructible=True;affordable=False;available=False;owned=3;upgradeTo=IndustrialCarbonizationRetort;research=SteamPower|Coking;workshop=;productivity=-205.16;territory=1805]"
639502,639502,Normal,"Building","Waiting","",1,"productivity or territory is insufficient [CokeOven:candidate=True;constructible=True;affordable=False;available=False;owned=3;upgradeTo=IndustrialCarbonizationRetort;research=SteamPower|Coking;workshop=;productivity=-216.96;territory=1805]"
640102,640102,Normal,"Building","Waiting","",1,"productivity or territory is insufficient [CokeOven:candidate=True;constructible=True;affordable=False;available=False;owned=3;upgradeTo=IndustrialCarbonizationRetort;research=SteamPower|Coking;workshop=;productivity=-226.4;territory=1805]"
640702,640702,Normal,"Building","Waiting","",1,"productivity or territory is insufficient [CokeOven:candidate=True;constructible=True;affordable=False;available=False;owned=3;upgradeTo=IndustrialCarbonizationRetort;research=SteamPower|Coking;workshop=;productivity=-233.48;territory=1805]"
641302,641302,Normal,"Building","Waiting","",1,"productivity or territory is insufficient [CokeOven:candidate=True;constructible=True;affordable=False;available=False;owned=3;upgradeTo=IndustrialCarbonizationRetort;research=SteamPower|Coking;workshop=;productivity=-240.56;territory=1805]"
641902,641902,Normal,"Building","Waiting","",1,"productivity or territory is insufficient [CokeOven:candidate=True;constructible=True;affordable=False;available=False;owned=3;upgradeTo=IndustrialCarbonizationRetort;research=SteamPower|Coking;workshop=;productivity=-245.28;territory=1805]"
642502,642502,Normal,"Building","Waiting","",1,"productivity or territory is insufficient [CokeOven:candidate=True;constructible=True;affordable=False;available=False;owned=3;upgradeTo=IndustrialCarbonizationRetort;research=SteamPower|Coking;workshop=;productivity=-250;territory=1805]"
643102,643102,Normal,"Building","Waiting","",1,"productivity or territory is insufficient [CokeOven:candidate=True;constructible=True;affordable=False;available=False;owned=3;upgradeTo=IndustrialCarbonizationRetort;research=SteamPower|Coking;workshop=;productivity=-254.72;territory=1805]"
643702,643702,Normal,"Building","Waiting","",1,"productivity or territory is insufficient [CokeOven:candidate=True;constructible=True;affordable=False;available=False;owned=3;upgradeTo=IndustrialCarbonizationRetort;research=SteamPower|Coking;workshop=;productivity=-257.08;territory=1805]"
644302,644302,Normal,"Building","Waiting","",1,"productivity or territory is insufficient [CokeOven:candidate=True;constructible=True;affordable=False;available=False;owned=3;upgradeTo=IndustrialCarbonizationRetort;research=SteamPower|Coking;workshop=;productivity=-259.44;territory=1805]"
644902,644902,Normal,"Building","Waiting","",1,"productivity or territory is insufficient [CokeOven:candidate=True;constructible=True;affordable=False;available=False;owned=3;upgradeTo=IndustrialCarbonizationRetort;research=SteamPower|Coking;workshop=;productivity=-261.8;territory=1805]"
645502,645502,Normal,"Building","Waiting","",1,"productivity or territory is insufficient [CokeOven:candidate=True;constructible=True;affordable=False;available=False;owned=3;upgradeTo=IndustrialCarbonizationRetort;research=SteamPower|Coking;workshop=;productivity=-264.16;territory=1805]"
646102,646702,Normal,"Building","Waiting","",2,"productivity or territory is insufficient [CokeOven:candidate=True;constructible=True;affordable=False;available=False;owned=3;upgradeTo=IndustrialCarbonizationRetort;research=SteamPower|Coking;workshop=;productivity=-266.52;territory=1805]"
647302,648502,Normal,"Building","Waiting","",3,"productivity or territory is insufficient [CokeOven:candidate=True;constructible=True;affordable=False;available=False;owned=3;upgradeTo=IndustrialCarbonizationRetort;research=SteamPower|Coking;workshop=;productivity=-268.88;territory=1805]"
649102,651502,Normal,"Building","Waiting","",5,"productivity or territory is insufficient [CokeOven:candidate=True;constructible=True;affordable=False;available=False;owned=3;upgradeTo=IndustrialCarbonizationRetort;research=SteamPower|Coking;workshop=;productivity=-271.24;territory=1805]"
652102,652102,Normal,"Building","Waiting","",1,"productivity or territory is insufficient [CokeOven:candidate=True;constructible=True;affordable=False;available=False;owned=3;upgradeTo=IndustrialCarbonizationRetort;research=SteamPower|Coking;workshop=;productivity=-273.6;territory=1805]"
652702,652702,Normal,"Building","Waiting","",1,"no strategy candidate [CokeOven:candidate=True;constructible=True;affordable=False;available=False;owned=3;upgradeTo=IndustrialCarbonizationRetort;research=SteamPower|Coking;workshop=;productivity=21.4;territory=1805]"
653302,653302,Normal,"Building","Waiting","",1,"productivity or territory is insufficient [CokeOven:candidate=True;constructible=True;affordable=False;available=False;owned=3;upgradeTo=IndustrialCarbonizationRetort;research=SteamPower|Coking;workshop=;productivity=-25.8;territory=1805]"
653902,653902,Normal,"Building","Waiting","",1,"productivity or territory is insufficient [CokeOven:candidate=True;constructible=True;affordable=False;available=False;owned=3;upgradeTo=IndustrialCarbonizationRetort;research=SteamPower|Coking;workshop=;productivity=-68.28;territory=1805]"
654502,654502,Normal,"Building","Waiting","",1,"productivity or territory is insufficient [CokeOven:candidate=True;constructible=True;affordable=False;available=False;owned=3;upgradeTo=IndustrialCarbonizationRetort;research=SteamPower|Coking;workshop=;productivity=-101.32;territory=1805]"
655102,655102,Normal,"Building","Waiting","",1,"productivity or territory is insufficient [CokeOven:candidate=True;constructible=True;affordable=False;available=False;owned=3;upgradeTo=IndustrialCarbonizationRetort;research=SteamPower|Coking;workshop=;productivity=-132;territory=1805]"
655702,655702,Normal,"Building","Waiting","",1,"productivity or territory is insufficient [CokeOven:candidate=True;constructible=True;affordable=False;available=False;owned=3;upgradeTo=IndustrialCarbonizationRetort;research=SteamPower|Coking;workshop=;productivity=-155.6;territory=1805]"
656302,656302,Normal,"Building","Waiting","",1,"productivity or territory is insufficient [CokeOven:candidate=True;constructible=True;affordable=False;available=False;owned=3;upgradeTo=IndustrialCarbonizationRetort;research=SteamPower|Coking;workshop=;productivity=-174.48;territory=1805]"
656902,656902,Normal,"Building","Waiting","",1,"productivity or territory is insufficient [CokeOven:candidate=True;constructible=True;affordable=False;available=False;owned=3;upgradeTo=IndustrialCarbonizationRetort;research=SteamPower|Coking;workshop=;productivity=-191;territory=1805]"
657502,657502,Normal,"Building","Waiting","",1,"productivity or territory is insufficient [CokeOven:candidate=True;constructible=True;affordable=False;available=False;owned=3;upgradeTo=IndustrialCarbonizationRetort;research=SteamPower|Coking;workshop=;productivity=-205.16;territory=1805]"
658102,658102,Normal,"Building","Waiting","",1,"productivity or territory is insufficient [CokeOven:candidate=True;constructible=True;affordable=False;available=False;owned=3;upgradeTo=IndustrialCarbonizationRetort;research=SteamPower|Coking;workshop=;productivity=-216.96;territory=1805]"
658702,658702,Normal,"Building","Waiting","",1,"productivity or territory is insufficient [CokeOven:candidate=True;constructible=True;affordable=False;available=False;owned=3;upgradeTo=IndustrialCarbonizationRetort;research=SteamPower|Coking;workshop=;productivity=-226.4;territory=1805]"
659302,659302,Normal,"Building","Waiting","",1,"productivity or territory is insufficient [CokeOven:candidate=True;constructible=True;affordable=False;available=False;owned=3;upgradeTo=IndustrialCarbonizationRetort;research=SteamPower|Coking;workshop=;productivity=-233.48;territory=1805]"
659902,659902,Normal,"Building","Waiting","",1,"productivity or territory is insufficient [CokeOven:candidate=True;constructible=True;affordable=False;available=False;owned=3;upgradeTo=IndustrialCarbonizationRetort;research=SteamPower|Coking;workshop=;productivity=-240.56;territory=1805]"
660502,660502,Normal,"Building","Waiting","",1,"productivity or territory is insufficient [CokeOven:candidate=True;constructible=True;affordable=False;available=False;owned=3;upgradeTo=IndustrialCarbonizationRetort;research=SteamPower|Coking;workshop=;productivity=-245.28;territory=1805]"
661102,661102,Normal,"Building","Waiting","",1,"productivity or territory is insufficient [CokeOven:candidate=True;constructible=True;affordable=False;available=False;owned=3;upgradeTo=IndustrialCarbonizationRetort;research=SteamPower|Coking;workshop=;productivity=-250;territory=1805]"
661702,661702,Normal,"Building","Waiting","",1,"productivity or territory is insufficient [CokeOven:candidate=True;constructible=True;affordable=False;available=False;owned=3;upgradeTo=IndustrialCarbonizationRetort;research=SteamPower|Coking;workshop=;productivity=-254.72;territory=1805]"
662302,662302,Normal,"Building","Waiting","",1,"productivity or territory is insufficient [CokeOven:candidate=True;constructible=True;affordable=False;available=False;owned=3;upgradeTo=IndustrialCarbonizationRetort;research=SteamPower|Coking;workshop=;productivity=-257.08;territory=1805]"
662902,662902,Normal,"Building","Waiting","",1,"productivity or territory is insufficient [CokeOven:candidate=True;constructible=True;affordable=False;available=False;owned=3;upgradeTo=IndustrialCarbonizationRetort;research=SteamPower|Coking;workshop=;productivity=-259.44;territory=1805]"
663502,663502,Normal,"Building","Waiting","",1,"productivity or territory is insufficient [CokeOven:candidate=True;constructible=True;affordable=False;available=False;owned=3;upgradeTo=IndustrialCarbonizationRetort;research=SteamPower|Coking;workshop=;productivity=-261.8;territory=1805]"
664102,664102,Normal,"Building","Waiting","",1,"productivity or territory is insufficient [CokeOven:candidate=True;constructible=True;affordable=False;available=False;owned=3;upgradeTo=IndustrialCarbonizationRetort;research=SteamPower|Coking;workshop=;productivity=-264.16;territory=1805]"
664702,665302,Normal,"Building","Waiting","",2,"productivity or territory is insufficient [CokeOven:candidate=True;constructible=True;affordable=False;available=False;owned=3;upgradeTo=IndustrialCarbonizationRetort;research=SteamPower|Coking;workshop=;productivity=-266.52;territory=1805]"
665902,667102,Normal,"Building","Waiting","",3,"productivity or territory is insufficient [CokeOven:candidate=True;constructible=True;affordable=False;available=False;owned=3;upgradeTo=IndustrialCarbonizationRetort;research=SteamPower|Coking;workshop=;productivity=-268.88;territory=1805]"
667702,670102,Normal,"Building","Waiting","",5,"productivity or territory is insufficient [CokeOven:candidate=True;constructible=True;affordable=False;available=False;owned=3;upgradeTo=IndustrialCarbonizationRetort;research=SteamPower|Coking;workshop=;productivity=-271.24;territory=1805]"
670702,670702,Normal,"Building","Waiting","",1,"productivity or territory is insufficient [CokeOven:candidate=True;constructible=True;affordable=False;available=False;owned=3;upgradeTo=IndustrialCarbonizationRetort;research=SteamPower|Coking;workshop=;productivity=-273.6;territory=1805]"
671302,671302,Normal,"Building","Waiting","",1,"no strategy candidate [CokeOven:candidate=True;constructible=True;affordable=False;available=False;owned=3;upgradeTo=IndustrialCarbonizationRetort;research=SteamPower|Coking;workshop=;productivity=21.4;territory=1805]"
671902,671902,Normal,"Building","Waiting","",1,"productivity or territory is insufficient [CokeOven:candidate=True;constructible=True;affordable=False;available=False;owned=3;upgradeTo=IndustrialCarbonizationRetort;research=SteamPower|Coking;workshop=;productivity=-25.8;territory=1805]"
672502,672502,Normal,"Building","Waiting","",1,"productivity or territory is insufficient [CokeOven:candidate=True;constructible=True;affordable=False;available=False;owned=3;upgradeTo=IndustrialCarbonizationRetort;research=SteamPower|Coking;workshop=;productivity=-68.28;territory=1805]"
673102,673102,Normal,"Building","Waiting","",1,"productivity or territory is insufficient [CokeOven:candidate=True;constructible=True;affordable=False;available=False;owned=3;upgradeTo=IndustrialCarbonizationRetort;research=SteamPower|Coking;workshop=;productivity=-101.32;territory=1805]"
673702,673702,Normal,"Building","Waiting","",1,"productivity or territory is insufficient [CokeOven:candidate=True;constructible=True;affordable=False;available=False;owned=3;upgradeTo=IndustrialCarbonizationRetort;research=SteamPower|Coking;workshop=;productivity=-132;territory=1805]"
674302,674302,Normal,"Building","Waiting","",1,"productivity or territory is insufficient [CokeOven:candidate=True;constructible=True;affordable=False;available=False;owned=3;upgradeTo=IndustrialCarbonizationRetort;research=SteamPower|Coking;workshop=;productivity=-155.6;territory=1805]"
674902,674902,Normal,"Building","Waiting","",1,"productivity or territory is insufficient [CokeOven:candidate=True;constructible=True;affordable=False;available=False;owned=3;upgradeTo=IndustrialCarbonizationRetort;research=SteamPower|Coking;workshop=;productivity=-174.48;territory=1805]"
675502,675502,Normal,"Building","Waiting","",1,"productivity or territory is insufficient [CokeOven:candidate=True;constructible=True;affordable=False;available=False;owned=3;upgradeTo=IndustrialCarbonizationRetort;research=SteamPower|Coking;workshop=;productivity=-191;territory=1805]"
676102,676102,Normal,"Building","Waiting","",1,"productivity or territory is insufficient [CokeOven:candidate=True;constructible=True;affordable=False;available=False;owned=3;upgradeTo=IndustrialCarbonizationRetort;research=SteamPower|Coking;workshop=;productivity=-205.16;territory=1805]"
676702,676702,Normal,"Building","Waiting","",1,"productivity or territory is insufficient [CokeOven:candidate=True;constructible=True;affordable=False;available=False;owned=3;upgradeTo=IndustrialCarbonizationRetort;research=SteamPower|Coking;workshop=;productivity=-216.96;territory=1805]"
677302,677302,Normal,"Building","Waiting","",1,"productivity or territory is insufficient [CokeOven:candidate=True;constructible=True;affordable=False;available=False;owned=3;upgradeTo=IndustrialCarbonizationRetort;research=SteamPower|Coking;workshop=;productivity=-226.4;territory=1805]"
677902,677902,Normal,"Building","Waiting","",1,"productivity or territory is insufficient [CokeOven:candidate=True;constructible=True;affordable=False;available=False;owned=3;upgradeTo=IndustrialCarbonizationRetort;research=SteamPower|Coking;workshop=;productivity=-233.48;territory=1805]"
678502,678502,Normal,"Building","Waiting","",1,"productivity or territory is insufficient [CokeOven:candidate=True;constructible=True;affordable=False;available=False;owned=3;upgradeTo=IndustrialCarbonizationRetort;research=SteamPower|Coking;workshop=;productivity=-240.56;territory=1805]"
679102,679102,Normal,"Building","Waiting","",1,"productivity or territory is insufficient [CokeOven:candidate=True;constructible=True;affordable=False;available=False;owned=3;upgradeTo=IndustrialCarbonizationRetort;research=SteamPower|Coking;workshop=;productivity=-245.28;territory=1805]"
679702,679702,Normal,"Building","Waiting","",1,"productivity or territory is insufficient [CokeOven:candidate=True;constructible=True;affordable=False;available=False;owned=3;upgradeTo=IndustrialCarbonizationRetort;research=SteamPower|Coking;workshop=;productivity=-250;territory=1805]"
680302,680302,Normal,"Building","Waiting","",1,"productivity or territory is insufficient [CokeOven:candidate=True;constructible=True;affordable=False;available=False;owned=3;upgradeTo=IndustrialCarbonizationRetort;research=SteamPower|Coking;workshop=;productivity=-254.72;territory=1805]"
680902,680902,Normal,"Building","Waiting","",1,"productivity or territory is insufficient [CokeOven:candidate=True;constructible=True;affordable=False;available=False;owned=3;upgradeTo=IndustrialCarbonizationRetort;research=SteamPower|Coking;workshop=;productivity=-257.08;territory=1805]"
681502,681502,Normal,"Building","Waiting","",1,"productivity or territory is insufficient [CokeOven:candidate=True;constructible=True;affordable=False;available=False;owned=3;upgradeTo=IndustrialCarbonizationRetort;research=SteamPower|Coking;workshop=;productivity=-259.44;territory=1805]"
682102,682102,Normal,"Building","Waiting","",1,"productivity or territory is insufficient [CokeOven:candidate=True;constructible=True;affordable=False;available=False;owned=3;upgradeTo=IndustrialCarbonizationRetort;research=SteamPower|Coking;workshop=;productivity=-261.8;territory=1805]"
682702,682702,Normal,"Building","Waiting","",1,"productivity or territory is insufficient [CokeOven:candidate=True;constructible=True;affordable=False;available=False;owned=3;upgradeTo=IndustrialCarbonizationRetort;research=SteamPower|Coking;workshop=;productivity=-264.16;territory=1805]"
683302,683902,Normal,"Building","Waiting","",2,"productivity or territory is insufficient [CokeOven:candidate=True;constructible=True;affordable=False;available=False;owned=3;upgradeTo=IndustrialCarbonizationRetort;research=SteamPower|Coking;workshop=;productivity=-266.52;territory=1805]"
684502,685702,Normal,"Building","Waiting","",3,"productivity or territory is insufficient [CokeOven:candidate=True;constructible=True;affordable=False;available=False;owned=3;upgradeTo=IndustrialCarbonizationRetort;research=SteamPower|Coking;workshop=;productivity=-268.88;territory=1805]"
686302,688702,Normal,"Building","Waiting","",5,"productivity or territory is insufficient [CokeOven:candidate=True;constructible=True;affordable=False;available=False;owned=3;upgradeTo=IndustrialCarbonizationRetort;research=SteamPower|Coking;workshop=;productivity=-271.24;territory=1805]"
689302,689302,Normal,"Building","Waiting","",1,"productivity or territory is insufficient [CokeOven:candidate=True;constructible=True;affordable=False;available=False;owned=3;upgradeTo=IndustrialCarbonizationRetort;research=SteamPower|Coking;workshop=;productivity=-273.6;territory=1805]"
689902,689902,Normal,"Building","Waiting","",1,"no strategy candidate [CokeOven:candidate=True;constructible=True;affordable=False;available=False;owned=3;upgradeTo=IndustrialCarbonizationRetort;research=SteamPower|Coking;workshop=;productivity=21.4;territory=1805]"
690502,690502,Normal,"Building","Waiting","",1,"productivity or territory is insufficient [CokeOven:candidate=True;constructible=True;affordable=False;available=False;owned=3;upgradeTo=IndustrialCarbonizationRetort;research=SteamPower|Coking;workshop=;productivity=-25.8;territory=1805]"
691102,691102,Normal,"Building","Waiting","",1,"productivity or territory is insufficient [CokeOven:candidate=True;constructible=True;affordable=False;available=False;owned=3;upgradeTo=IndustrialCarbonizationRetort;research=SteamPower|Coking;workshop=;productivity=-68.28;territory=1805]"
691702,691702,Normal,"Building","Waiting","",1,"productivity or territory is insufficient [CokeOven:candidate=True;constructible=True;affordable=False;available=False;owned=3;upgradeTo=IndustrialCarbonizationRetort;research=SteamPower|Coking;workshop=;productivity=-101.32;territory=1805]"
692302,692302,Normal,"Building","Waiting","",1,"productivity or territory is insufficient [CokeOven:candidate=True;constructible=True;affordable=False;available=False;owned=3;upgradeTo=IndustrialCarbonizationRetort;research=SteamPower|Coking;workshop=;productivity=-132;territory=1805]"
692902,692902,Normal,"Building","Waiting","",1,"productivity or territory is insufficient [CokeOven:candidate=True;constructible=True;affordable=False;available=False;owned=3;upgradeTo=IndustrialCarbonizationRetort;research=SteamPower|Coking;workshop=;productivity=-155.6;territory=1805]"
693502,693502,Normal,"Building","Waiting","",1,"productivity or territory is insufficient [CokeOven:candidate=True;constructible=True;affordable=False;available=False;owned=3;upgradeTo=IndustrialCarbonizationRetort;research=SteamPower|Coking;workshop=;productivity=-174.48;territory=1805]"
694102,694102,Normal,"Building","Waiting","",1,"productivity or territory is insufficient [CokeOven:candidate=True;constructible=True;affordable=False;available=False;owned=3;upgradeTo=IndustrialCarbonizationRetort;research=SteamPower|Coking;workshop=;productivity=-191;territory=1805]"
694702,694702,Normal,"Building","Waiting","",1,"productivity or territory is insufficient [CokeOven:candidate=True;constructible=True;affordable=False;available=False;owned=3;upgradeTo=IndustrialCarbonizationRetort;research=SteamPower|Coking;workshop=;productivity=-205.16;territory=1805]"
695302,695302,Normal,"Building","Waiting","",1,"productivity or territory is insufficient [CokeOven:candidate=True;constructible=True;affordable=False;available=False;owned=3;upgradeTo=IndustrialCarbonizationRetort;research=SteamPower|Coking;workshop=;productivity=-216.96;territory=1805]"
695902,695902,Normal,"Building","Waiting","",1,"productivity or territory is insufficient [CokeOven:candidate=True;constructible=True;affordable=False;available=False;owned=3;upgradeTo=IndustrialCarbonizationRetort;research=SteamPower|Coking;workshop=;productivity=-226.4;territory=1805]"
696502,696502,Normal,"Building","Waiting","",1,"productivity or territory is insufficient [CokeOven:candidate=True;constructible=True;affordable=False;available=False;owned=3;upgradeTo=IndustrialCarbonizationRetort;research=SteamPower|Coking;workshop=;productivity=-233.48;territory=1805]"
697102,697102,Normal,"Building","Waiting","",1,"productivity or territory is insufficient [CokeOven:candidate=True;constructible=True;affordable=False;available=False;owned=3;upgradeTo=IndustrialCarbonizationRetort;research=SteamPower|Coking;workshop=;productivity=-240.56;territory=1805]"
697702,697702,Normal,"Building","Waiting","",1,"productivity or territory is insufficient [CokeOven:candidate=True;constructible=True;affordable=False;available=False;owned=3;upgradeTo=IndustrialCarbonizationRetort;research=SteamPower|Coking;workshop=;productivity=-245.28;territory=1805]"
698302,698302,Normal,"Building","Waiting","",1,"productivity or territory is insufficient [CokeOven:candidate=True;constructible=True;affordable=False;available=False;owned=3;upgradeTo=IndustrialCarbonizationRetort;research=SteamPower|Coking;workshop=;productivity=-250;territory=1805]"
698902,698902,Normal,"Building","Waiting","",1,"productivity or territory is insufficient [CokeOven:candidate=True;constructible=True;affordable=False;available=False;owned=3;upgradeTo=IndustrialCarbonizationRetort;research=SteamPower|Coking;workshop=;productivity=-254.72;territory=1805]"
699502,699502,Normal,"Building","Waiting","",1,"productivity or territory is insufficient [CokeOven:candidate=True;constructible=True;affordable=False;available=False;owned=3;upgradeTo=IndustrialCarbonizationRetort;research=SteamPower|Coking;workshop=;productivity=-257.08;territory=1805]"
700102,700102,Normal,"Building","Waiting","",1,"productivity or territory is insufficient [CokeOven:candidate=True;constructible=True;affordable=False;available=False;owned=3;upgradeTo=IndustrialCarbonizationRetort;research=SteamPower|Coking;workshop=;productivity=-259.44;territory=1805]"
700702,700702,Normal,"Building","Waiting","",1,"productivity or territory is insufficient [CokeOven:candidate=True;constructible=True;affordable=False;available=False;owned=3;upgradeTo=IndustrialCarbonizationRetort;research=SteamPower|Coking;workshop=;productivity=-261.8;territory=1805]"
701302,701302,Normal,"Building","Waiting","",1,"productivity or territory is insufficient [CokeOven:candidate=True;constructible=True;affordable=False;available=False;owned=3;upgradeTo=IndustrialCarbonizationRetort;research=SteamPower|Coking;workshop=;productivity=-264.16;territory=1805]"
701902,702502,Normal,"Building","Waiting","",2,"productivity or territory is insufficient [CokeOven:candidate=True;constructible=True;affordable=False;available=False;owned=3;upgradeTo=IndustrialCarbonizationRetort;research=SteamPower|Coking;workshop=;productivity=-266.52;territory=1805]"
703102,704302,Normal,"Building","Waiting","",3,"productivity or territory is insufficient [CokeOven:candidate=True;constructible=True;affordable=False;available=False;owned=3;upgradeTo=IndustrialCarbonizationRetort;research=SteamPower|Coking;workshop=;productivity=-268.88;territory=1805]"
704902,707302,Normal,"Building","Waiting","",5,"productivity or territory is insufficient [CokeOven:candidate=True;constructible=True;affordable=False;available=False;owned=3;upgradeTo=IndustrialCarbonizationRetort;research=SteamPower|Coking;workshop=;productivity=-271.24;territory=1805]"
707902,707902,Normal,"Building","Waiting","",1,"productivity or territory is insufficient [CokeOven:candidate=True;constructible=True;affordable=False;available=False;owned=3;upgradeTo=IndustrialCarbonizationRetort;research=SteamPower|Coking;workshop=;productivity=-273.6;territory=1805]"
708502,708502,Normal,"Building","Waiting","",1,"no strategy candidate [CokeOven:candidate=True;constructible=True;affordable=False;available=False;owned=3;upgradeTo=IndustrialCarbonizationRetort;research=SteamPower|Coking;workshop=;productivity=21.4;territory=1805]"
709102,709102,Normal,"Building","Waiting","",1,"productivity or territory is insufficient [CokeOven:candidate=True;constructible=True;affordable=False;available=False;owned=3;upgradeTo=IndustrialCarbonizationRetort;research=SteamPower|Coking;workshop=;productivity=-25.8;territory=1805]"
709702,709702,Normal,"Building","Waiting","",1,"productivity or territory is insufficient [CokeOven:candidate=True;constructible=True;affordable=False;available=False;owned=3;upgradeTo=IndustrialCarbonizationRetort;research=SteamPower|Coking;workshop=;productivity=-68.28;territory=1805]"
710302,710302,Normal,"Building","Waiting","",1,"productivity or territory is insufficient [CokeOven:candidate=True;constructible=True;affordable=False;available=False;owned=3;upgradeTo=IndustrialCarbonizationRetort;research=SteamPower|Coking;workshop=;productivity=-101.32;territory=1805]"
710902,710902,Normal,"Building","Waiting","",1,"productivity or territory is insufficient [CokeOven:candidate=True;constructible=True;affordable=False;available=False;owned=3;upgradeTo=IndustrialCarbonizationRetort;research=SteamPower|Coking;workshop=;productivity=-132;territory=1805]"
711502,711502,Normal,"Building","Waiting","",1,"productivity or territory is insufficient [CokeOven:candidate=True;constructible=True;affordable=False;available=False;owned=3;upgradeTo=IndustrialCarbonizationRetort;research=SteamPower|Coking;workshop=;productivity=-155.6;territory=1805]"
712102,712102,Normal,"Building","Waiting","",1,"productivity or territory is insufficient [CokeOven:candidate=True;constructible=True;affordable=False;available=False;owned=3;upgradeTo=IndustrialCarbonizationRetort;research=SteamPower|Coking;workshop=;productivity=-174.48;territory=1805]"
712702,712702,Normal,"Building","Waiting","",1,"productivity or territory is insufficient [CokeOven:candidate=True;constructible=True;affordable=False;available=False;owned=3;upgradeTo=IndustrialCarbonizationRetort;research=SteamPower|Coking;workshop=;productivity=-191;territory=1805]"
713302,713302,Normal,"Building","Waiting","",1,"productivity or territory is insufficient [CokeOven:candidate=True;constructible=True;affordable=False;available=False;owned=3;upgradeTo=IndustrialCarbonizationRetort;research=SteamPower|Coking;workshop=;productivity=-205.16;territory=1805]"
713902,713902,Normal,"Building","Waiting","",1,"productivity or territory is insufficient [CokeOven:candidate=True;constructible=True;affordable=False;available=False;owned=3;upgradeTo=IndustrialCarbonizationRetort;research=SteamPower|Coking;workshop=;productivity=-216.96;territory=1805]"
714502,714502,Normal,"Building","Waiting","",1,"productivity or territory is insufficient [CokeOven:candidate=True;constructible=True;affordable=False;available=False;owned=3;upgradeTo=IndustrialCarbonizationRetort;research=SteamPower|Coking;workshop=;productivity=-226.4;territory=1805]"
715102,715102,Normal,"Building","Waiting","",1,"productivity or territory is insufficient [CokeOven:candidate=True;constructible=True;affordable=False;available=False;owned=3;upgradeTo=IndustrialCarbonizationRetort;research=SteamPower|Coking;workshop=;productivity=-233.48;territory=1805]"
715702,715702,Normal,"Building","Waiting","",1,"productivity or territory is insufficient [CokeOven:candidate=True;constructible=True;affordable=False;available=False;owned=3;upgradeTo=IndustrialCarbonizationRetort;research=SteamPower|Coking;workshop=;productivity=-240.56;territory=1805]"
716302,716302,Normal,"Building","Waiting","",1,"productivity or territory is insufficient [CokeOven:candidate=True;constructible=True;affordable=False;available=False;owned=3;upgradeTo=IndustrialCarbonizationRetort;research=SteamPower|Coking;workshop=;productivity=-245.28;territory=1805]"
716902,716902,Normal,"Building","Waiting","",1,"productivity or territory is insufficient [CokeOven:candidate=True;constructible=True;affordable=False;available=False;owned=3;upgradeTo=IndustrialCarbonizationRetort;research=SteamPower|Coking;workshop=;productivity=-250;territory=1805]"
717502,717502,Normal,"Building","Waiting","",1,"productivity or territory is insufficient [CokeOven:candidate=True;constructible=True;affordable=False;available=False;owned=3;upgradeTo=IndustrialCarbonizationRetort;research=SteamPower|Coking;workshop=;productivity=-254.72;territory=1805]"
718102,718102,Normal,"Building","Waiting","",1,"productivity or territory is insufficient [CokeOven:candidate=True;constructible=True;affordable=False;available=False;owned=3;upgradeTo=IndustrialCarbonizationRetort;research=SteamPower|Coking;workshop=;productivity=-257.08;territory=1805]"
718702,718702,Normal,"Building","Waiting","",1,"productivity or territory is insufficient [CokeOven:candidate=True;constructible=True;affordable=False;available=False;owned=3;upgradeTo=IndustrialCarbonizationRetort;research=SteamPower|Coking;workshop=;productivity=-259.44;territory=1805]"
719302,719302,Normal,"Building","Waiting","",1,"productivity or territory is insufficient [CokeOven:candidate=True;constructible=True;affordable=False;available=False;owned=3;upgradeTo=IndustrialCarbonizationRetort;research=SteamPower|Coking;workshop=;productivity=-261.8;territory=1805]"
719902,719902,Normal,"Building","Waiting","",1,"productivity or territory is insufficient [CokeOven:candidate=True;constructible=True;affordable=False;available=False;owned=3;upgradeTo=IndustrialCarbonizationRetort;research=SteamPower|Coking;workshop=;productivity=-264.16;territory=1805]"
720502,721102,Normal,"Building","Waiting","",2,"productivity or territory is insufficient [CokeOven:candidate=True;constructible=True;affordable=False;available=False;owned=3;upgradeTo=IndustrialCarbonizationRetort;research=SteamPower|Coking;workshop=;productivity=-266.52;territory=1805]"
721702,722902,Normal,"Building","Waiting","",3,"productivity or territory is insufficient [CokeOven:candidate=True;constructible=True;affordable=False;available=False;owned=3;upgradeTo=IndustrialCarbonizationRetort;research=SteamPower|Coking;workshop=;productivity=-268.88;territory=1805]"
723502,725902,Normal,"Building","Waiting","",5,"productivity or territory is insufficient [CokeOven:candidate=True;constructible=True;affordable=False;available=False;owned=3;upgradeTo=IndustrialCarbonizationRetort;research=SteamPower|Coking;workshop=;productivity=-271.24;territory=1805]"
726502,726502,Normal,"Building","Waiting","",1,"productivity or territory is insufficient [CokeOven:candidate=True;constructible=True;affordable=False;available=False;owned=3;upgradeTo=IndustrialCarbonizationRetort;research=SteamPower|Coking;workshop=;productivity=-273.6;territory=1805]"
727102,727102,Normal,"Building","Waiting","",1,"no strategy candidate [CokeOven:candidate=True;constructible=True;affordable=False;available=False;owned=3;upgradeTo=IndustrialCarbonizationRetort;research=SteamPower|Coking;workshop=;productivity=21.4;territory=1805]"
727702,727702,Normal,"Building","Waiting","",1,"productivity or territory is insufficient [CokeOven:candidate=True;constructible=True;affordable=False;available=False;owned=3;upgradeTo=IndustrialCarbonizationRetort;research=SteamPower|Coking;workshop=;productivity=-25.8;territory=1805]"
728302,728302,Normal,"Building","Waiting","",1,"productivity or territory is insufficient [CokeOven:candidate=True;constructible=True;affordable=False;available=False;owned=3;upgradeTo=IndustrialCarbonizationRetort;research=SteamPower|Coking;workshop=;productivity=-68.28;territory=1805]"
728902,728902,Normal,"Building","Waiting","",1,"productivity or territory is insufficient [CokeOven:candidate=True;constructible=True;affordable=False;available=False;owned=3;upgradeTo=IndustrialCarbonizationRetort;research=SteamPower|Coking;workshop=;productivity=-101.32;territory=1805]"
729502,729502,Normal,"Building","Waiting","",1,"productivity or territory is insufficient [CokeOven:candidate=True;constructible=True;affordable=False;available=False;owned=3;upgradeTo=IndustrialCarbonizationRetort;research=SteamPower|Coking;workshop=;productivity=-132;territory=1805]"
730102,730102,Normal,"Building","Waiting","",1,"productivity or territory is insufficient [CokeOven:candidate=True;constructible=True;affordable=False;available=False;owned=3;upgradeTo=IndustrialCarbonizationRetort;research=SteamPower|Coking;workshop=;productivity=-155.6;territory=1805]"
730702,730702,Normal,"Building","Waiting","",1,"productivity or territory is insufficient [CokeOven:candidate=True;constructible=True;affordable=False;available=False;owned=3;upgradeTo=IndustrialCarbonizationRetort;research=SteamPower|Coking;workshop=;productivity=-174.48;territory=1805]"
731302,731302,Normal,"Building","Waiting","",1,"productivity or territory is insufficient [CokeOven:candidate=True;constructible=True;affordable=False;available=False;owned=3;upgradeTo=IndustrialCarbonizationRetort;research=SteamPower|Coking;workshop=;productivity=-191;territory=1805]"
731902,731902,Normal,"Building","Waiting","",1,"productivity or territory is insufficient [CokeOven:candidate=True;constructible=True;affordable=False;available=False;owned=3;upgradeTo=IndustrialCarbonizationRetort;research=SteamPower|Coking;workshop=;productivity=-205.16;territory=1805]"
732502,732502,Normal,"Building","Waiting","",1,"productivity or territory is insufficient [CokeOven:candidate=True;constructible=True;affordable=False;available=False;owned=3;upgradeTo=IndustrialCarbonizationRetort;research=SteamPower|Coking;workshop=;productivity=-216.96;territory=1805]"
733102,733102,Normal,"Building","Waiting","",1,"productivity or territory is insufficient [CokeOven:candidate=True;constructible=True;affordable=False;available=False;owned=3;upgradeTo=IndustrialCarbonizationRetort;research=SteamPower|Coking;workshop=;productivity=-226.4;territory=1805]"
733702,733702,Normal,"Building","Waiting","",1,"productivity or territory is insufficient [CokeOven:candidate=True;constructible=True;affordable=False;available=False;owned=3;upgradeTo=IndustrialCarbonizationRetort;research=SteamPower|Coking;workshop=;productivity=-233.48;territory=1805]"
734302,734302,Normal,"Building","Waiting","",1,"productivity or territory is insufficient [CokeOven:candidate=True;constructible=True;affordable=False;available=False;owned=3;upgradeTo=IndustrialCarbonizationRetort;research=SteamPower|Coking;workshop=;productivity=-240.56;territory=1805]"
734902,734902,Normal,"Building","Waiting","",1,"productivity or territory is insufficient [CokeOven:candidate=True;constructible=True;affordable=False;available=False;owned=3;upgradeTo=IndustrialCarbonizationRetort;research=SteamPower|Coking;workshop=;productivity=-245.28;territory=1805]"
735502,735502,Normal,"Building","Waiting","",1,"productivity or territory is insufficient [CokeOven:candidate=True;constructible=True;affordable=False;available=False;owned=3;upgradeTo=IndustrialCarbonizationRetort;research=SteamPower|Coking;workshop=;productivity=-250;territory=1805]"
736102,736102,Normal,"Building","Waiting","",1,"productivity or territory is insufficient [CokeOven:candidate=True;constructible=True;affordable=False;available=False;owned=3;upgradeTo=IndustrialCarbonizationRetort;research=SteamPower|Coking;workshop=;productivity=-254.72;territory=1805]"
736702,736702,Normal,"Building","Waiting","",1,"productivity or territory is insufficient [CokeOven:candidate=True;constructible=True;affordable=False;available=False;owned=3;upgradeTo=IndustrialCarbonizationRetort;research=SteamPower|Coking;workshop=;productivity=-257.08;territory=1805]"
737302,737302,Normal,"Building","Waiting","",1,"productivity or territory is insufficient [CokeOven:candidate=True;constructible=True;affordable=False;available=False;owned=3;upgradeTo=IndustrialCarbonizationRetort;research=SteamPower|Coking;workshop=;productivity=-259.44;territory=1805]"
737902,737902,Normal,"Building","Waiting","",1,"productivity or territory is insufficient [CokeOven:candidate=True;constructible=True;affordable=False;available=False;owned=3;upgradeTo=IndustrialCarbonizationRetort;research=SteamPower|Coking;workshop=;productivity=-261.8;territory=1805]"
738502,738502,Normal,"Building","Waiting","",1,"productivity or territory is insufficient [CokeOven:candidate=True;constructible=True;affordable=False;available=False;owned=3;upgradeTo=IndustrialCarbonizationRetort;research=SteamPower|Coking;workshop=;productivity=-264.16;territory=1805]"
739102,739702,Normal,"Building","Waiting","",2,"productivity or territory is insufficient [CokeOven:candidate=True;constructible=True;affordable=False;available=False;owned=3;upgradeTo=IndustrialCarbonizationRetort;research=SteamPower|Coking;workshop=;productivity=-266.52;territory=1805]"
740302,741502,Normal,"Building","Waiting","",3,"productivity or territory is insufficient [CokeOven:candidate=True;constructible=True;affordable=False;available=False;owned=3;upgradeTo=IndustrialCarbonizationRetort;research=SteamPower|Coking;workshop=;productivity=-268.88;territory=1805]"
742102,744502,Normal,"Building","Waiting","",5,"productivity or territory is insufficient [CokeOven:candidate=True;constructible=True;affordable=False;available=False;owned=3;upgradeTo=IndustrialCarbonizationRetort;research=SteamPower|Coking;workshop=;productivity=-271.24;territory=1805]"
745102,745102,Normal,"Building","Waiting","",1,"productivity or territory is insufficient [CokeOven:candidate=True;constructible=True;affordable=False;available=False;owned=3;upgradeTo=IndustrialCarbonizationRetort;research=SteamPower|Coking;workshop=;productivity=-273.6;territory=1805]"
745702,745702,Normal,"Building","Waiting","",1,"no strategy candidate [CokeOven:candidate=True;constructible=True;affordable=False;available=False;owned=3;upgradeTo=IndustrialCarbonizationRetort;research=SteamPower|Coking;workshop=;productivity=21.4;territory=1805]"
746302,746302,Normal,"Building","Waiting","",1,"productivity or territory is insufficient [CokeOven:candidate=True;constructible=True;affordable=False;available=False;owned=3;upgradeTo=IndustrialCarbonizationRetort;research=SteamPower|Coking;workshop=;productivity=-25.8;territory=1805]"
746902,746902,Normal,"Building","Waiting","",1,"productivity or territory is insufficient [CokeOven:candidate=True;constructible=True;affordable=False;available=False;owned=3;upgradeTo=IndustrialCarbonizationRetort;research=SteamPower|Coking;workshop=;productivity=-68.28;territory=1805]"
747502,747502,Normal,"Building","Waiting","",1,"productivity or territory is insufficient [CokeOven:candidate=True;constructible=True;affordable=False;available=False;owned=3;upgradeTo=IndustrialCarbonizationRetort;research=SteamPower|Coking;workshop=;productivity=-101.32;territory=1805]"
748102,748102,Normal,"Building","Waiting","",1,"productivity or territory is insufficient [CokeOven:candidate=True;constructible=True;affordable=False;available=False;owned=3;upgradeTo=IndustrialCarbonizationRetort;research=SteamPower|Coking;workshop=;productivity=-132;territory=1805]"
748702,748702,Normal,"Building","Waiting","",1,"productivity or territory is insufficient [CokeOven:candidate=True;constructible=True;affordable=False;available=False;owned=3;upgradeTo=IndustrialCarbonizationRetort;research=SteamPower|Coking;workshop=;productivity=-155.6;territory=1805]"
749302,749302,Normal,"Building","Waiting","",1,"productivity or territory is insufficient [CokeOven:candidate=True;constructible=True;affordable=False;available=False;owned=3;upgradeTo=IndustrialCarbonizationRetort;research=SteamPower|Coking;workshop=;productivity=-174.48;territory=1805]"
749902,749902,Normal,"Building","Waiting","",1,"productivity or territory is insufficient [CokeOven:candidate=True;constructible=True;affordable=False;available=False;owned=3;upgradeTo=IndustrialCarbonizationRetort;research=SteamPower|Coking;workshop=;productivity=-191;territory=1805]"
750502,750502,Normal,"Building","Waiting","",1,"productivity or territory is insufficient [CokeOven:candidate=True;constructible=True;affordable=False;available=False;owned=3;upgradeTo=IndustrialCarbonizationRetort;research=SteamPower|Coking;workshop=;productivity=-205.16;territory=1805]"
751102,751102,Normal,"Building","Waiting","",1,"productivity or territory is insufficient [CokeOven:candidate=True;constructible=True;affordable=False;available=False;owned=3;upgradeTo=IndustrialCarbonizationRetort;research=SteamPower|Coking;workshop=;productivity=-216.96;territory=1805]"
751702,751702,Normal,"Building","Waiting","",1,"productivity or territory is insufficient [CokeOven:candidate=True;constructible=True;affordable=False;available=False;owned=3;upgradeTo=IndustrialCarbonizationRetort;research=SteamPower|Coking;workshop=;productivity=-226.4;territory=1805]"
752302,752302,Normal,"Building","Waiting","",1,"productivity or territory is insufficient [CokeOven:candidate=True;constructible=True;affordable=False;available=False;owned=3;upgradeTo=IndustrialCarbonizationRetort;research=SteamPower|Coking;workshop=;productivity=-233.48;territory=1805]"
752902,752902,Normal,"Building","Waiting","",1,"productivity or territory is insufficient [CokeOven:candidate=True;constructible=True;affordable=False;available=False;owned=3;upgradeTo=IndustrialCarbonizationRetort;research=SteamPower|Coking;workshop=;productivity=-240.56;territory=1805]"
753502,753502,Normal,"Building","Waiting","",1,"productivity or territory is insufficient [CokeOven:candidate=True;constructible=True;affordable=False;available=False;owned=3;upgradeTo=IndustrialCarbonizationRetort;research=SteamPower|Coking;workshop=;productivity=-245.28;territory=1805]"
754102,754102,Normal,"Building","Waiting","",1,"productivity or territory is insufficient [CokeOven:candidate=True;constructible=True;affordable=False;available=False;owned=3;upgradeTo=IndustrialCarbonizationRetort;research=SteamPower|Coking;workshop=;productivity=-250;territory=1805]"
754702,754702,Normal,"Building","Waiting","",1,"productivity or territory is insufficient [CokeOven:candidate=True;constructible=True;affordable=False;available=False;owned=3;upgradeTo=IndustrialCarbonizationRetort;research=SteamPower|Coking;workshop=;productivity=-254.72;territory=1805]"
755302,755302,Normal,"Building","Waiting","",1,"productivity or territory is insufficient [CokeOven:candidate=True;constructible=True;affordable=False;available=False;owned=3;upgradeTo=IndustrialCarbonizationRetort;research=SteamPower|Coking;workshop=;productivity=-257.08;territory=1805]"
755902,755902,Normal,"Building","Waiting","",1,"productivity or territory is insufficient [CokeOven:candidate=True;constructible=True;affordable=False;available=False;owned=3;upgradeTo=IndustrialCarbonizationRetort;research=SteamPower|Coking;workshop=;productivity=-259.44;territory=1805]"
756502,756502,Normal,"Building","Waiting","",1,"productivity or territory is insufficient [CokeOven:candidate=True;constructible=True;affordable=False;available=False;owned=3;upgradeTo=IndustrialCarbonizationRetort;research=SteamPower|Coking;workshop=;productivity=-261.8;territory=1805]"
757102,757102,Normal,"Building","Waiting","",1,"productivity or territory is insufficient [CokeOven:candidate=True;constructible=True;affordable=False;available=False;owned=3;upgradeTo=IndustrialCarbonizationRetort;research=SteamPower|Coking;workshop=;productivity=-264.16;territory=1805]"
757702,758302,Normal,"Building","Waiting","",2,"productivity or territory is insufficient [CokeOven:candidate=True;constructible=True;affordable=False;available=False;owned=3;upgradeTo=IndustrialCarbonizationRetort;research=SteamPower|Coking;workshop=;productivity=-266.52;territory=1805]"
758902,760102,Normal,"Building","Waiting","",3,"productivity or territory is insufficient [CokeOven:candidate=True;constructible=True;affordable=False;available=False;owned=3;upgradeTo=IndustrialCarbonizationRetort;research=SteamPower|Coking;workshop=;productivity=-268.88;territory=1805]"
760702,763102,Normal,"Building","Waiting","",5,"productivity or territory is insufficient [CokeOven:candidate=True;constructible=True;affordable=False;available=False;owned=3;upgradeTo=IndustrialCarbonizationRetort;research=SteamPower|Coking;workshop=;productivity=-271.24;territory=1805]"
763702,763702,Normal,"Building","Waiting","",1,"productivity or territory is insufficient [CokeOven:candidate=True;constructible=True;affordable=False;available=False;owned=3;upgradeTo=IndustrialCarbonizationRetort;research=SteamPower|Coking;workshop=;productivity=-273.6;territory=1805]"
764302,764302,Normal,"Building","Waiting","",1,"no strategy candidate [CokeOven:candidate=True;constructible=True;affordable=False;available=False;owned=3;upgradeTo=IndustrialCarbonizationRetort;research=SteamPower|Coking;workshop=;productivity=21.4;territory=1805]"
764902,764902,Normal,"Building","Waiting","",1,"productivity or territory is insufficient [CokeOven:candidate=True;constructible=True;affordable=False;available=False;owned=3;upgradeTo=IndustrialCarbonizationRetort;research=SteamPower|Coking;workshop=;productivity=-25.8;territory=1805]"
765502,765502,Normal,"Building","Waiting","",1,"productivity or territory is insufficient [CokeOven:candidate=True;constructible=True;affordable=False;available=False;owned=3;upgradeTo=IndustrialCarbonizationRetort;research=SteamPower|Coking;workshop=;productivity=-68.28;territory=1805]"
766102,766102,Normal,"Building","Waiting","",1,"productivity or territory is insufficient [CokeOven:candidate=True;constructible=True;affordable=False;available=False;owned=3;upgradeTo=IndustrialCarbonizationRetort;research=SteamPower|Coking;workshop=;productivity=-101.32;territory=1805]"
766702,766702,Normal,"Building","Waiting","",1,"productivity or territory is insufficient [CokeOven:candidate=True;constructible=True;affordable=False;available=False;owned=3;upgradeTo=IndustrialCarbonizationRetort;research=SteamPower|Coking;workshop=;productivity=-132;territory=1805]"
767302,767302,Normal,"Building","Waiting","",1,"productivity or territory is insufficient [CokeOven:candidate=True;constructible=True;affordable=False;available=False;owned=3;upgradeTo=IndustrialCarbonizationRetort;research=SteamPower|Coking;workshop=;productivity=-155.6;territory=1805]"
767902,767902,Normal,"Building","Waiting","",1,"productivity or territory is insufficient [CokeOven:candidate=True;constructible=True;affordable=False;available=False;owned=3;upgradeTo=IndustrialCarbonizationRetort;research=SteamPower|Coking;workshop=;productivity=-174.48;territory=1805]"
768502,768502,Normal,"Building","Waiting","",1,"productivity or territory is insufficient [CokeOven:candidate=True;constructible=True;affordable=False;available=False;owned=3;upgradeTo=IndustrialCarbonizationRetort;research=SteamPower|Coking;workshop=;productivity=-191;territory=1805]"
769102,769102,Normal,"Building","Waiting","",1,"productivity or territory is insufficient [CokeOven:candidate=True;constructible=True;affordable=False;available=False;owned=3;upgradeTo=IndustrialCarbonizationRetort;research=SteamPower|Coking;workshop=;productivity=-205.16;territory=1805]"
769702,769702,Normal,"Building","Waiting","",1,"productivity or territory is insufficient [CokeOven:candidate=True;constructible=True;affordable=False;available=False;owned=3;upgradeTo=IndustrialCarbonizationRetort;research=SteamPower|Coking;workshop=;productivity=-216.96;territory=1805]"
770302,770302,Normal,"Building","Waiting","",1,"productivity or territory is insufficient [CokeOven:candidate=True;constructible=True;affordable=False;available=False;owned=3;upgradeTo=IndustrialCarbonizationRetort;research=SteamPower|Coking;workshop=;productivity=-226.4;territory=1805]"
770902,770902,Normal,"Building","Waiting","",1,"productivity or territory is insufficient [CokeOven:candidate=True;constructible=True;affordable=False;available=False;owned=3;upgradeTo=IndustrialCarbonizationRetort;research=SteamPower|Coking;workshop=;productivity=-233.48;territory=1805]"
771502,771502,Normal,"Building","Waiting","",1,"productivity or territory is insufficient [CokeOven:candidate=True;constructible=True;affordable=False;available=False;owned=3;upgradeTo=IndustrialCarbonizationRetort;research=SteamPower|Coking;workshop=;productivity=-240.56;territory=1805]"
772102,772102,Normal,"Building","Waiting","",1,"productivity or territory is insufficient [CokeOven:candidate=True;constructible=True;affordable=False;available=False;owned=3;upgradeTo=IndustrialCarbonizationRetort;research=SteamPower|Coking;workshop=;productivity=-245.28;territory=1805]"
772702,772702,Normal,"Building","Waiting","",1,"productivity or territory is insufficient [CokeOven:candidate=True;constructible=True;affordable=False;available=False;owned=3;upgradeTo=IndustrialCarbonizationRetort;research=SteamPower|Coking;workshop=;productivity=-250;territory=1805]"
773302,773302,Normal,"Building","Waiting","",1,"productivity or territory is insufficient [CokeOven:candidate=True;constructible=True;affordable=False;available=False;owned=3;upgradeTo=IndustrialCarbonizationRetort;research=SteamPower|Coking;workshop=;productivity=-254.72;territory=1805]"
773902,773902,Normal,"Building","Waiting","",1,"productivity or territory is insufficient [CokeOven:candidate=True;constructible=True;affordable=False;available=False;owned=3;upgradeTo=IndustrialCarbonizationRetort;research=SteamPower|Coking;workshop=;productivity=-257.08;territory=1805]"
774502,774502,Normal,"Building","Waiting","",1,"productivity or territory is insufficient [CokeOven:candidate=True;constructible=True;affordable=False;available=False;owned=3;upgradeTo=IndustrialCarbonizationRetort;research=SteamPower|Coking;workshop=;productivity=-259.44;territory=1805]"
775102,775102,Normal,"Building","Waiting","",1,"productivity or territory is insufficient [CokeOven:candidate=True;constructible=True;affordable=False;available=False;owned=3;upgradeTo=IndustrialCarbonizationRetort;research=SteamPower|Coking;workshop=;productivity=-261.8;territory=1805]"
775702,775702,Normal,"Building","Waiting","",1,"productivity or territory is insufficient [CokeOven:candidate=True;constructible=True;affordable=False;available=False;owned=3;upgradeTo=IndustrialCarbonizationRetort;research=SteamPower|Coking;workshop=;productivity=-264.16;territory=1805]"
776302,776902,Normal,"Building","Waiting","",2,"productivity or territory is insufficient [CokeOven:candidate=True;constructible=True;affordable=False;available=False;owned=3;upgradeTo=IndustrialCarbonizationRetort;research=SteamPower|Coking;workshop=;productivity=-266.52;territory=1805]"
777502,778702,Normal,"Building","Waiting","",3,"productivity or territory is insufficient [CokeOven:candidate=True;constructible=True;affordable=False;available=False;owned=3;upgradeTo=IndustrialCarbonizationRetort;research=SteamPower|Coking;workshop=;productivity=-268.88;territory=1805]"
779302,781702,Normal,"Building","Waiting","",5,"productivity or territory is insufficient [CokeOven:candidate=True;constructible=True;affordable=False;available=False;owned=3;upgradeTo=IndustrialCarbonizationRetort;research=SteamPower|Coking;workshop=;productivity=-271.24;territory=1805]"
782302,782302,Normal,"Building","Waiting","",1,"productivity or territory is insufficient [CokeOven:candidate=True;constructible=True;affordable=False;available=False;owned=3;upgradeTo=IndustrialCarbonizationRetort;research=SteamPower|Coking;workshop=;productivity=-273.6;territory=1805]"
782902,782902,Normal,"Building","Waiting","",1,"no strategy candidate [CokeOven:candidate=True;constructible=True;affordable=False;available=False;owned=3;upgradeTo=IndustrialCarbonizationRetort;research=SteamPower|Coking;workshop=;productivity=21.4;territory=1805]"
783502,783502,Normal,"Building","Waiting","",1,"productivity or territory is insufficient [CokeOven:candidate=True;constructible=True;affordable=False;available=False;owned=3;upgradeTo=IndustrialCarbonizationRetort;research=SteamPower|Coking;workshop=;productivity=-25.8;territory=1805]"
784102,784102,Normal,"Building","Waiting","",1,"productivity or territory is insufficient [CokeOven:candidate=True;constructible=True;affordable=False;available=False;owned=3;upgradeTo=IndustrialCarbonizationRetort;research=SteamPower|Coking;workshop=;productivity=-68.28;territory=1805]"
784702,784702,Normal,"Building","Waiting","",1,"productivity or territory is insufficient [CokeOven:candidate=True;constructible=True;affordable=False;available=False;owned=3;upgradeTo=IndustrialCarbonizationRetort;research=SteamPower|Coking;workshop=;productivity=-101.32;territory=1805]"
785302,785302,Normal,"Building","Waiting","",1,"productivity or territory is insufficient [CokeOven:candidate=True;constructible=True;affordable=False;available=False;owned=3;upgradeTo=IndustrialCarbonizationRetort;research=SteamPower|Coking;workshop=;productivity=-132;territory=1805]"
785902,785902,Normal,"Building","Waiting","",1,"productivity or territory is insufficient [CokeOven:candidate=True;constructible=True;affordable=False;available=False;owned=3;upgradeTo=IndustrialCarbonizationRetort;research=SteamPower|Coking;workshop=;productivity=-155.6;territory=1805]"
786502,786502,Normal,"Building","Waiting","",1,"productivity or territory is insufficient [CokeOven:candidate=True;constructible=True;affordable=False;available=False;owned=3;upgradeTo=IndustrialCarbonizationRetort;research=SteamPower|Coking;workshop=;productivity=-174.48;territory=1805]"
787102,787102,Normal,"Building","Waiting","",1,"productivity or territory is insufficient [CokeOven:candidate=True;constructible=True;affordable=False;available=False;owned=3;upgradeTo=IndustrialCarbonizationRetort;research=SteamPower|Coking;workshop=;productivity=-191;territory=1805]"
787702,787702,Normal,"Building","Waiting","",1,"productivity or territory is insufficient [CokeOven:candidate=True;constructible=True;affordable=False;available=False;owned=3;upgradeTo=IndustrialCarbonizationRetort;research=SteamPower|Coking;workshop=;productivity=-205.16;territory=1805]"
788302,788302,Normal,"Building","Waiting","",1,"productivity or territory is insufficient [CokeOven:candidate=True;constructible=True;affordable=False;available=False;owned=3;upgradeTo=IndustrialCarbonizationRetort;research=SteamPower|Coking;workshop=;productivity=-216.96;territory=1805]"
788902,788902,Normal,"Building","Waiting","",1,"productivity or territory is insufficient [CokeOven:candidate=True;constructible=True;affordable=False;available=False;owned=3;upgradeTo=IndustrialCarbonizationRetort;research=SteamPower|Coking;workshop=;productivity=-226.4;territory=1805]"
789502,789502,Normal,"Building","Waiting","",1,"productivity or territory is insufficient [CokeOven:candidate=True;constructible=True;affordable=False;available=False;owned=3;upgradeTo=IndustrialCarbonizationRetort;research=SteamPower|Coking;workshop=;productivity=-233.48;territory=1805]"
790102,790102,Normal,"Building","Waiting","",1,"productivity or territory is insufficient [CokeOven:candidate=True;constructible=True;affordable=False;available=False;owned=3;upgradeTo=IndustrialCarbonizationRetort;research=SteamPower|Coking;workshop=;productivity=-240.56;territory=1805]"
790702,790702,Normal,"Building","Waiting","",1,"productivity or territory is insufficient [CokeOven:candidate=True;constructible=True;affordable=False;available=False;owned=3;upgradeTo=IndustrialCarbonizationRetort;research=SteamPower|Coking;workshop=;productivity=-245.28;territory=1805]"
791302,791302,Normal,"Building","Waiting","",1,"productivity or territory is insufficient [CokeOven:candidate=True;constructible=True;affordable=False;available=False;owned=3;upgradeTo=IndustrialCarbonizationRetort;research=SteamPower|Coking;workshop=;productivity=-250;territory=1805]"
791902,791902,Normal,"Building","Waiting","",1,"productivity or territory is insufficient [CokeOven:candidate=True;constructible=True;affordable=False;available=False;owned=3;upgradeTo=IndustrialCarbonizationRetort;research=SteamPower|Coking;workshop=;productivity=-254.72;territory=1805]"
792502,792502,Normal,"Building","Waiting","",1,"productivity or territory is insufficient [CokeOven:candidate=True;constructible=True;affordable=False;available=False;owned=3;upgradeTo=IndustrialCarbonizationRetort;research=SteamPower|Coking;workshop=;productivity=-257.08;territory=1805]"
793102,793102,Normal,"Building","Waiting","",1,"productivity or territory is insufficient [CokeOven:candidate=True;constructible=True;affordable=False;available=False;owned=3;upgradeTo=IndustrialCarbonizationRetort;research=SteamPower|Coking;workshop=;productivity=-259.44;territory=1805]"
793702,793702,Normal,"Building","Waiting","",1,"productivity or territory is insufficient [CokeOven:candidate=True;constructible=True;affordable=False;available=False;owned=3;upgradeTo=IndustrialCarbonizationRetort;research=SteamPower|Coking;workshop=;productivity=-261.8;territory=1805]"
794302,794302,Normal,"Building","Waiting","",1,"productivity or territory is insufficient [CokeOven:candidate=True;constructible=True;affordable=False;available=False;owned=3;upgradeTo=IndustrialCarbonizationRetort;research=SteamPower|Coking;workshop=;productivity=-264.16;territory=1805]"
794902,795502,Normal,"Building","Waiting","",2,"productivity or territory is insufficient [CokeOven:candidate=True;constructible=True;affordable=False;available=False;owned=3;upgradeTo=IndustrialCarbonizationRetort;research=SteamPower|Coking;workshop=;productivity=-266.52;territory=1805]"
796102,797302,Normal,"Building","Waiting","",3,"productivity or territory is insufficient [CokeOven:candidate=True;constructible=True;affordable=False;available=False;owned=3;upgradeTo=IndustrialCarbonizationRetort;research=SteamPower|Coking;workshop=;productivity=-268.88;territory=1805]"
797902,800302,Normal,"Building","Waiting","",5,"productivity or territory is insufficient [CokeOven:candidate=True;constructible=True;affordable=False;available=False;owned=3;upgradeTo=IndustrialCarbonizationRetort;research=SteamPower|Coking;workshop=;productivity=-271.24;territory=1805]"
800902,800902,Normal,"Building","Waiting","",1,"productivity or territory is insufficient [CokeOven:candidate=True;constructible=True;affordable=False;available=False;owned=3;upgradeTo=IndustrialCarbonizationRetort;research=SteamPower|Coking;workshop=;productivity=-273.6;territory=1805]"
801502,801502,Normal,"Building","Waiting","",1,"no strategy candidate [CokeOven:candidate=True;constructible=True;affordable=False;available=False;owned=3;upgradeTo=IndustrialCarbonizationRetort;research=SteamPower|Coking;workshop=;productivity=21.4;territory=1805]"
802102,802102,Normal,"Building","Waiting","",1,"productivity or territory is insufficient [CokeOven:candidate=True;constructible=True;affordable=False;available=False;owned=3;upgradeTo=IndustrialCarbonizationRetort;research=SteamPower|Coking;workshop=;productivity=-25.8;territory=1805]"
802702,802702,Normal,"Building","Waiting","",1,"productivity or territory is insufficient [CokeOven:candidate=True;constructible=True;affordable=False;available=False;owned=3;upgradeTo=IndustrialCarbonizationRetort;research=SteamPower|Coking;workshop=;productivity=-68.28;territory=1805]"
803302,803302,Normal,"Building","Waiting","",1,"productivity or territory is insufficient [CokeOven:candidate=True;constructible=True;affordable=False;available=False;owned=3;upgradeTo=IndustrialCarbonizationRetort;research=SteamPower|Coking;workshop=;productivity=-101.32;territory=1805]"
803902,803902,Normal,"Building","Waiting","",1,"productivity or territory is insufficient [CokeOven:candidate=True;constructible=True;affordable=False;available=False;owned=3;upgradeTo=IndustrialCarbonizationRetort;research=SteamPower|Coking;workshop=;productivity=-132;territory=1805]"
804502,804502,Normal,"Building","Waiting","",1,"productivity or territory is insufficient [CokeOven:candidate=True;constructible=True;affordable=False;available=False;owned=3;upgradeTo=IndustrialCarbonizationRetort;research=SteamPower|Coking;workshop=;productivity=-155.6;territory=1805]"
805102,805102,Normal,"Building","Waiting","",1,"productivity or territory is insufficient [CokeOven:candidate=True;constructible=True;affordable=False;available=False;owned=3;upgradeTo=IndustrialCarbonizationRetort;research=SteamPower|Coking;workshop=;productivity=-174.48;territory=1805]"
805702,805702,Normal,"Building","Waiting","",1,"productivity or territory is insufficient [CokeOven:candidate=True;constructible=True;affordable=False;available=False;owned=3;upgradeTo=IndustrialCarbonizationRetort;research=SteamPower|Coking;workshop=;productivity=-191;territory=1805]"
806302,806302,Normal,"Building","Waiting","",1,"productivity or territory is insufficient [CokeOven:candidate=True;constructible=True;affordable=False;available=False;owned=3;upgradeTo=IndustrialCarbonizationRetort;research=SteamPower|Coking;workshop=;productivity=-205.16;territory=1805]"
806902,806902,Normal,"Building","Waiting","",1,"productivity or territory is insufficient [CokeOven:candidate=True;constructible=True;affordable=False;available=False;owned=3;upgradeTo=IndustrialCarbonizationRetort;research=SteamPower|Coking;workshop=;productivity=-216.96;territory=1805]"
807502,807502,Normal,"Building","Waiting","",1,"productivity or territory is insufficient [CokeOven:candidate=True;constructible=True;affordable=False;available=False;owned=3;upgradeTo=IndustrialCarbonizationRetort;research=SteamPower|Coking;workshop=;productivity=-226.4;territory=1805]"
808102,808102,Normal,"Building","Waiting","",1,"productivity or territory is insufficient [CokeOven:candidate=True;constructible=True;affordable=False;available=False;owned=3;upgradeTo=IndustrialCarbonizationRetort;research=SteamPower|Coking;workshop=;productivity=-233.48;territory=1805]"
808702,808702,Normal,"Building","Waiting","",1,"productivity or territory is insufficient [CokeOven:candidate=True;constructible=True;affordable=False;available=False;owned=3;upgradeTo=IndustrialCarbonizationRetort;research=SteamPower|Coking;workshop=;productivity=-240.56;territory=1805]"
809302,809302,Normal,"Building","Waiting","",1,"productivity or territory is insufficient [CokeOven:candidate=True;constructible=True;affordable=False;available=False;owned=3;upgradeTo=IndustrialCarbonizationRetort;research=SteamPower|Coking;workshop=;productivity=-245.28;territory=1805]"
809902,809902,Normal,"Building","Waiting","",1,"productivity or territory is insufficient [CokeOven:candidate=True;constructible=True;affordable=False;available=False;owned=3;upgradeTo=IndustrialCarbonizationRetort;research=SteamPower|Coking;workshop=;productivity=-250;territory=1805]"
810502,810502,Normal,"Building","Waiting","",1,"productivity or territory is insufficient [CokeOven:candidate=True;constructible=True;affordable=False;available=False;owned=3;upgradeTo=IndustrialCarbonizationRetort;research=SteamPower|Coking;workshop=;productivity=-254.72;territory=1805]"
811102,811102,Normal,"Building","Waiting","",1,"productivity or territory is insufficient [CokeOven:candidate=True;constructible=True;affordable=False;available=False;owned=3;upgradeTo=IndustrialCarbonizationRetort;research=SteamPower|Coking;workshop=;productivity=-257.08;territory=1805]"
811702,811702,Normal,"Building","Waiting","",1,"productivity or territory is insufficient [CokeOven:candidate=True;constructible=True;affordable=False;available=False;owned=3;upgradeTo=IndustrialCarbonizationRetort;research=SteamPower|Coking;workshop=;productivity=-259.44;territory=1805]"
812302,812302,Normal,"Building","Waiting","",1,"productivity or territory is insufficient [CokeOven:candidate=True;constructible=True;affordable=False;available=False;owned=3;upgradeTo=IndustrialCarbonizationRetort;research=SteamPower|Coking;workshop=;productivity=-261.8;territory=1805]"
812902,812902,Normal,"Building","Waiting","",1,"productivity or territory is insufficient [CokeOven:candidate=True;constructible=True;affordable=False;available=False;owned=3;upgradeTo=IndustrialCarbonizationRetort;research=SteamPower|Coking;workshop=;productivity=-264.16;territory=1805]"
813502,814102,Normal,"Building","Waiting","",2,"productivity or territory is insufficient [CokeOven:candidate=True;constructible=True;affordable=False;available=False;owned=3;upgradeTo=IndustrialCarbonizationRetort;research=SteamPower|Coking;workshop=;productivity=-266.52;territory=1805]"
814702,815902,Normal,"Building","Waiting","",3,"productivity or territory is insufficient [CokeOven:candidate=True;constructible=True;affordable=False;available=False;owned=3;upgradeTo=IndustrialCarbonizationRetort;research=SteamPower|Coking;workshop=;productivity=-268.88;territory=1805]"
816502,818902,Normal,"Building","Waiting","",5,"productivity or territory is insufficient [CokeOven:candidate=True;constructible=True;affordable=False;available=False;owned=3;upgradeTo=IndustrialCarbonizationRetort;research=SteamPower|Coking;workshop=;productivity=-271.24;territory=1805]"
819502,819502,Normal,"Building","Waiting","",1,"productivity or territory is insufficient [CokeOven:candidate=True;constructible=True;affordable=False;available=False;owned=3;upgradeTo=IndustrialCarbonizationRetort;research=SteamPower|Coking;workshop=;productivity=-273.6;territory=1805]"
820102,820102,Normal,"Building","Waiting","",1,"no strategy candidate [CokeOven:candidate=True;constructible=True;affordable=False;available=False;owned=3;upgradeTo=IndustrialCarbonizationRetort;research=SteamPower|Coking;workshop=;productivity=21.4;territory=1805]"
820702,820702,Normal,"Building","Waiting","",1,"productivity or territory is insufficient [CokeOven:candidate=True;constructible=True;affordable=False;available=False;owned=3;upgradeTo=IndustrialCarbonizationRetort;research=SteamPower|Coking;workshop=;productivity=-25.8;territory=1805]"
821302,821302,Normal,"Building","Waiting","",1,"productivity or territory is insufficient [CokeOven:candidate=True;constructible=True;affordable=False;available=False;owned=3;upgradeTo=IndustrialCarbonizationRetort;research=SteamPower|Coking;workshop=;productivity=-68.28;territory=1805]"
821902,821902,Normal,"Building","Waiting","",1,"productivity or territory is insufficient [CokeOven:candidate=True;constructible=True;affordable=False;available=False;owned=3;upgradeTo=IndustrialCarbonizationRetort;research=SteamPower|Coking;workshop=;productivity=-101.32;territory=1805]"
822502,822502,Normal,"Building","Waiting","",1,"productivity or territory is insufficient [CokeOven:candidate=True;constructible=True;affordable=False;available=False;owned=3;upgradeTo=IndustrialCarbonizationRetort;research=SteamPower|Coking;workshop=;productivity=-132;territory=1805]"
823102,823102,Normal,"Building","Waiting","",1,"productivity or territory is insufficient [CokeOven:candidate=True;constructible=True;affordable=False;available=False;owned=3;upgradeTo=IndustrialCarbonizationRetort;research=SteamPower|Coking;workshop=;productivity=-155.6;territory=1805]"
823702,823702,Normal,"Building","Waiting","",1,"productivity or territory is insufficient [CokeOven:candidate=True;constructible=True;affordable=False;available=False;owned=3;upgradeTo=IndustrialCarbonizationRetort;research=SteamPower|Coking;workshop=;productivity=-174.48;territory=1805]"
824302,824302,Normal,"Building","Waiting","",1,"productivity or territory is insufficient [CokeOven:candidate=True;constructible=True;affordable=False;available=False;owned=3;upgradeTo=IndustrialCarbonizationRetort;research=SteamPower|Coking;workshop=;productivity=-191;territory=1805]"
824902,824902,Normal,"Building","Waiting","",1,"productivity or territory is insufficient [CokeOven:candidate=True;constructible=True;affordable=False;available=False;owned=3;upgradeTo=IndustrialCarbonizationRetort;research=SteamPower|Coking;workshop=;productivity=-205.16;territory=1805]"
825502,825502,Normal,"Building","Waiting","",1,"productivity or territory is insufficient [CokeOven:candidate=True;constructible=True;affordable=False;available=False;owned=3;upgradeTo=IndustrialCarbonizationRetort;research=SteamPower|Coking;workshop=;productivity=-216.96;territory=1805]"
826102,826102,Normal,"Building","Waiting","",1,"productivity or territory is insufficient [CokeOven:candidate=True;constructible=True;affordable=False;available=False;owned=3;upgradeTo=IndustrialCarbonizationRetort;research=SteamPower|Coking;workshop=;productivity=-226.4;territory=1805]"
826702,826702,Normal,"Building","Waiting","",1,"productivity or territory is insufficient [CokeOven:candidate=True;constructible=True;affordable=False;available=False;owned=3;upgradeTo=IndustrialCarbonizationRetort;research=SteamPower|Coking;workshop=;productivity=-233.48;territory=1805]"
827302,827302,Normal,"Building","Waiting","",1,"productivity or territory is insufficient [CokeOven:candidate=True;constructible=True;affordable=False;available=False;owned=3;upgradeTo=IndustrialCarbonizationRetort;research=SteamPower|Coking;workshop=;productivity=-240.56;territory=1805]"
827902,827902,Normal,"Building","Waiting","",1,"productivity or territory is insufficient [CokeOven:candidate=True;constructible=True;affordable=False;available=False;owned=3;upgradeTo=IndustrialCarbonizationRetort;research=SteamPower|Coking;workshop=;productivity=-245.28;territory=1805]"
828502,828502,Normal,"Building","Waiting","",1,"productivity or territory is insufficient [CokeOven:candidate=True;constructible=True;affordable=False;available=False;owned=3;upgradeTo=IndustrialCarbonizationRetort;research=SteamPower|Coking;workshop=;productivity=-250;territory=1805]"
829102,829102,Normal,"Building","Waiting","",1,"productivity or territory is insufficient [CokeOven:candidate=True;constructible=True;affordable=False;available=False;owned=3;upgradeTo=IndustrialCarbonizationRetort;research=SteamPower|Coking;workshop=;productivity=-254.72;territory=1805]"
829702,829702,Normal,"Building","Waiting","",1,"productivity or territory is insufficient [CokeOven:candidate=True;constructible=True;affordable=False;available=False;owned=3;upgradeTo=IndustrialCarbonizationRetort;research=SteamPower|Coking;workshop=;productivity=-257.08;territory=1805]"
830302,830302,Normal,"Building","Waiting","",1,"productivity or territory is insufficient [CokeOven:candidate=True;constructible=True;affordable=False;available=False;owned=3;upgradeTo=IndustrialCarbonizationRetort;research=SteamPower|Coking;workshop=;productivity=-259.44;territory=1805]"
830902,830902,Normal,"Building","Waiting","",1,"productivity or territory is insufficient [CokeOven:candidate=True;constructible=True;affordable=False;available=False;owned=3;upgradeTo=IndustrialCarbonizationRetort;research=SteamPower|Coking;workshop=;productivity=-261.8;territory=1805]"
831502,831502,Normal,"Building","Waiting","",1,"productivity or territory is insufficient [CokeOven:candidate=True;constructible=True;affordable=False;available=False;owned=3;upgradeTo=IndustrialCarbonizationRetort;research=SteamPower|Coking;workshop=;productivity=-264.16;territory=1805]"
832102,832702,Normal,"Building","Waiting","",2,"productivity or territory is insufficient [CokeOven:candidate=True;constructible=True;affordable=False;available=False;owned=3;upgradeTo=IndustrialCarbonizationRetort;research=SteamPower|Coking;workshop=;productivity=-266.52;territory=1805]"
833302,834502,Normal,"Building","Waiting","",3,"productivity or territory is insufficient [CokeOven:candidate=True;constructible=True;affordable=False;available=False;owned=3;upgradeTo=IndustrialCarbonizationRetort;research=SteamPower|Coking;workshop=;productivity=-268.88;territory=1805]"
835102,837502,Normal,"Building","Waiting","",5,"productivity or territory is insufficient [CokeOven:candidate=True;constructible=True;affordable=False;available=False;owned=3;upgradeTo=IndustrialCarbonizationRetort;research=SteamPower|Coking;workshop=;productivity=-271.24;territory=1805]"
838102,838102,Normal,"Building","Waiting","",1,"productivity or territory is insufficient [CokeOven:candidate=True;constructible=True;affordable=False;available=False;owned=3;upgradeTo=IndustrialCarbonizationRetort;research=SteamPower|Coking;workshop=;productivity=-273.6;territory=1805]"
838702,838702,Normal,"Building","Waiting","",1,"no strategy candidate [CokeOven:candidate=True;constructible=True;affordable=False;available=False;owned=3;upgradeTo=IndustrialCarbonizationRetort;research=SteamPower|Coking;workshop=;productivity=21.4;territory=1805]"
839302,839302,Normal,"Building","Waiting","",1,"productivity or territory is insufficient [CokeOven:candidate=True;constructible=True;affordable=False;available=False;owned=3;upgradeTo=IndustrialCarbonizationRetort;research=SteamPower|Coking;workshop=;productivity=-25.8;territory=1805]"
839902,839902,Normal,"Building","Waiting","",1,"productivity or territory is insufficient [CokeOven:candidate=True;constructible=True;affordable=False;available=False;owned=3;upgradeTo=IndustrialCarbonizationRetort;research=SteamPower|Coking;workshop=;productivity=-68.28;territory=1805]"
840502,840502,Normal,"Building","Waiting","",1,"productivity or territory is insufficient [CokeOven:candidate=True;constructible=True;affordable=False;available=False;owned=3;upgradeTo=IndustrialCarbonizationRetort;research=SteamPower|Coking;workshop=;productivity=-101.32;territory=1805]"
841102,841102,Normal,"Building","Waiting","",1,"productivity or territory is insufficient [CokeOven:candidate=True;constructible=True;affordable=False;available=False;owned=3;upgradeTo=IndustrialCarbonizationRetort;research=SteamPower|Coking;workshop=;productivity=-132;territory=1805]"
841702,841702,Normal,"Building","Waiting","",1,"productivity or territory is insufficient [CokeOven:candidate=True;constructible=True;affordable=False;available=False;owned=3;upgradeTo=IndustrialCarbonizationRetort;research=SteamPower|Coking;workshop=;productivity=-155.6;territory=1805]"
842302,842302,Normal,"Building","Waiting","",1,"productivity or territory is insufficient [CokeOven:candidate=True;constructible=True;affordable=False;available=False;owned=3;upgradeTo=IndustrialCarbonizationRetort;research=SteamPower|Coking;workshop=;productivity=-174.48;territory=1805]"
842902,842902,Normal,"Building","Waiting","",1,"productivity or territory is insufficient [CokeOven:candidate=True;constructible=True;affordable=False;available=False;owned=3;upgradeTo=IndustrialCarbonizationRetort;research=SteamPower|Coking;workshop=;productivity=-191;territory=1805]"
843502,843502,Normal,"Building","Waiting","",1,"productivity or territory is insufficient [CokeOven:candidate=True;constructible=True;affordable=False;available=False;owned=3;upgradeTo=IndustrialCarbonizationRetort;research=SteamPower|Coking;workshop=;productivity=-205.16;territory=1805]"
844102,844102,Normal,"Building","Waiting","",1,"productivity or territory is insufficient [CokeOven:candidate=True;constructible=True;affordable=False;available=False;owned=3;upgradeTo=IndustrialCarbonizationRetort;research=SteamPower|Coking;workshop=;productivity=-216.96;territory=1805]"
844702,844702,Normal,"Building","Waiting","",1,"productivity or territory is insufficient [CokeOven:candidate=True;constructible=True;affordable=False;available=False;owned=3;upgradeTo=IndustrialCarbonizationRetort;research=SteamPower|Coking;workshop=;productivity=-226.4;territory=1805]"
845302,845302,Normal,"Building","Waiting","",1,"productivity or territory is insufficient [CokeOven:candidate=True;constructible=True;affordable=False;available=False;owned=3;upgradeTo=IndustrialCarbonizationRetort;research=SteamPower|Coking;workshop=;productivity=-233.48;territory=1805]"
845902,845902,Normal,"Building","Waiting","",1,"productivity or territory is insufficient [CokeOven:candidate=True;constructible=True;affordable=False;available=False;owned=3;upgradeTo=IndustrialCarbonizationRetort;research=SteamPower|Coking;workshop=;productivity=-240.56;territory=1805]"
846502,846502,Normal,"Building","Waiting","",1,"productivity or territory is insufficient [CokeOven:candidate=True;constructible=True;affordable=False;available=False;owned=3;upgradeTo=IndustrialCarbonizationRetort;research=SteamPower|Coking;workshop=;productivity=-245.28;territory=1805]"
847102,847102,Normal,"Building","Waiting","",1,"productivity or territory is insufficient [CokeOven:candidate=True;constructible=True;affordable=False;available=False;owned=3;upgradeTo=IndustrialCarbonizationRetort;research=SteamPower|Coking;workshop=;productivity=-250;territory=1805]"
847702,847702,Normal,"Building","Waiting","",1,"productivity or territory is insufficient [CokeOven:candidate=True;constructible=True;affordable=False;available=False;owned=3;upgradeTo=IndustrialCarbonizationRetort;research=SteamPower|Coking;workshop=;productivity=-254.72;territory=1805]"
848302,848302,Normal,"Building","Waiting","",1,"productivity or territory is insufficient [CokeOven:candidate=True;constructible=True;affordable=False;available=False;owned=3;upgradeTo=IndustrialCarbonizationRetort;research=SteamPower|Coking;workshop=;productivity=-257.08;territory=1805]"
848902,848902,Normal,"Building","Waiting","",1,"productivity or territory is insufficient [CokeOven:candidate=True;constructible=True;affordable=False;available=False;owned=3;upgradeTo=IndustrialCarbonizationRetort;research=SteamPower|Coking;workshop=;productivity=-259.44;territory=1805]"
849502,849502,Normal,"Building","Waiting","",1,"productivity or territory is insufficient [CokeOven:candidate=True;constructible=True;affordable=False;available=False;owned=3;upgradeTo=IndustrialCarbonizationRetort;research=SteamPower|Coking;workshop=;productivity=-261.8;territory=1805]"
850102,850102,Normal,"Building","Waiting","",1,"productivity or territory is insufficient [CokeOven:candidate=True;constructible=True;affordable=False;available=False;owned=3;upgradeTo=IndustrialCarbonizationRetort;research=SteamPower|Coking;workshop=;productivity=-264.16;territory=1805]"
850702,851302,Normal,"Building","Waiting","",2,"productivity or territory is insufficient [CokeOven:candidate=True;constructible=True;affordable=False;available=False;owned=3;upgradeTo=IndustrialCarbonizationRetort;research=SteamPower|Coking;workshop=;productivity=-266.52;territory=1805]"
851902,853102,Normal,"Building","Waiting","",3,"productivity or territory is insufficient [CokeOven:candidate=True;constructible=True;affordable=False;available=False;owned=3;upgradeTo=IndustrialCarbonizationRetort;research=SteamPower|Coking;workshop=;productivity=-268.88;territory=1805]"
853702,856102,Normal,"Building","Waiting","",5,"productivity or territory is insufficient [CokeOven:candidate=True;constructible=True;affordable=False;available=False;owned=3;upgradeTo=IndustrialCarbonizationRetort;research=SteamPower|Coking;workshop=;productivity=-271.24;territory=1805]"
856702,856702,Normal,"Building","Waiting","",1,"productivity or territory is insufficient [CokeOven:candidate=True;constructible=True;affordable=False;available=False;owned=3;upgradeTo=IndustrialCarbonizationRetort;research=SteamPower|Coking;workshop=;productivity=-273.6;territory=1805]"
857302,857302,Normal,"Building","Waiting","",1,"no strategy candidate [CokeOven:candidate=True;constructible=True;affordable=False;available=False;owned=3;upgradeTo=IndustrialCarbonizationRetort;research=SteamPower|Coking;workshop=;productivity=21.4;territory=1805]"
857902,857902,Normal,"Building","Waiting","",1,"productivity or territory is insufficient [CokeOven:candidate=True;constructible=True;affordable=False;available=False;owned=3;upgradeTo=IndustrialCarbonizationRetort;research=SteamPower|Coking;workshop=;productivity=-25.8;territory=1805]"
858502,858502,Normal,"Building","Waiting","",1,"productivity or territory is insufficient [CokeOven:candidate=True;constructible=True;affordable=False;available=False;owned=3;upgradeTo=IndustrialCarbonizationRetort;research=SteamPower|Coking;workshop=;productivity=-68.28;territory=1805]"
859102,859102,Normal,"Building","Waiting","",1,"productivity or territory is insufficient [CokeOven:candidate=True;constructible=True;affordable=False;available=False;owned=3;upgradeTo=IndustrialCarbonizationRetort;research=SteamPower|Coking;workshop=;productivity=-101.32;territory=1805]"
859702,859702,Normal,"Building","Waiting","",1,"productivity or territory is insufficient [CokeOven:candidate=True;constructible=True;affordable=False;available=False;owned=3;upgradeTo=IndustrialCarbonizationRetort;research=SteamPower|Coking;workshop=;productivity=-132;territory=1805]"
860302,860302,Normal,"Building","Waiting","",1,"productivity or territory is insufficient [CokeOven:candidate=True;constructible=True;affordable=False;available=False;owned=3;upgradeTo=IndustrialCarbonizationRetort;research=SteamPower|Coking;workshop=;productivity=-155.6;territory=1805]"
860902,860902,Normal,"Building","Waiting","",1,"productivity or territory is insufficient [CokeOven:candidate=True;constructible=True;affordable=False;available=False;owned=3;upgradeTo=IndustrialCarbonizationRetort;research=SteamPower|Coking;workshop=;productivity=-174.48;territory=1805]"
861502,861502,Normal,"Building","Waiting","",1,"productivity or territory is insufficient [CokeOven:candidate=True;constructible=True;affordable=False;available=False;owned=3;upgradeTo=IndustrialCarbonizationRetort;research=SteamPower|Coking;workshop=;productivity=-191;territory=1805]"
862102,862102,Normal,"Building","Waiting","",1,"productivity or territory is insufficient [CokeOven:candidate=True;constructible=True;affordable=False;available=False;owned=3;upgradeTo=IndustrialCarbonizationRetort;research=SteamPower|Coking;workshop=;productivity=-205.16;territory=1805]"
862702,862702,Normal,"Building","Waiting","",1,"productivity or territory is insufficient [CokeOven:candidate=True;constructible=True;affordable=False;available=False;owned=3;upgradeTo=IndustrialCarbonizationRetort;research=SteamPower|Coking;workshop=;productivity=-216.96;territory=1805]"
863302,863302,Normal,"Building","Waiting","",1,"productivity or territory is insufficient [CokeOven:candidate=True;constructible=True;affordable=False;available=False;owned=3;upgradeTo=IndustrialCarbonizationRetort;research=SteamPower|Coking;workshop=;productivity=-226.4;territory=1805]"
863902,863902,Normal,"Building","Waiting","",1,"productivity or territory is insufficient [CokeOven:candidate=True;constructible=True;affordable=False;available=False;owned=3;upgradeTo=IndustrialCarbonizationRetort;research=SteamPower|Coking;workshop=;productivity=-233.48;territory=1805]"
864502,864502,Normal,"Building","Waiting","",1,"productivity or territory is insufficient [CokeOven:candidate=True;constructible=True;affordable=False;available=False;owned=3;upgradeTo=IndustrialCarbonizationRetort;research=SteamPower|Coking;workshop=;productivity=-240.56;territory=1805]"
865102,865102,Normal,"Building","Waiting","",1,"productivity or territory is insufficient [CokeOven:candidate=True;constructible=True;affordable=False;available=False;owned=3;upgradeTo=IndustrialCarbonizationRetort;research=SteamPower|Coking;workshop=;productivity=-245.28;territory=1805]"
865702,865702,Normal,"Building","Waiting","",1,"productivity or territory is insufficient [CokeOven:candidate=True;constructible=True;affordable=False;available=False;owned=3;upgradeTo=IndustrialCarbonizationRetort;research=SteamPower|Coking;workshop=;productivity=-250;territory=1805]"
866302,866302,Normal,"Building","Waiting","",1,"productivity or territory is insufficient [CokeOven:candidate=True;constructible=True;affordable=False;available=False;owned=3;upgradeTo=IndustrialCarbonizationRetort;research=SteamPower|Coking;workshop=;productivity=-254.72;territory=1805]"
866902,866902,Normal,"Building","Waiting","",1,"productivity or territory is insufficient [CokeOven:candidate=True;constructible=True;affordable=False;available=False;owned=3;upgradeTo=IndustrialCarbonizationRetort;research=SteamPower|Coking;workshop=;productivity=-257.08;territory=1805]"
867502,867502,Normal,"Building","Waiting","",1,"productivity or territory is insufficient [CokeOven:candidate=True;constructible=True;affordable=False;available=False;owned=3;upgradeTo=IndustrialCarbonizationRetort;research=SteamPower|Coking;workshop=;productivity=-259.44;territory=1805]"
868102,868102,Normal,"Building","Waiting","",1,"productivity or territory is insufficient [CokeOven:candidate=True;constructible=True;affordable=False;available=False;owned=3;upgradeTo=IndustrialCarbonizationRetort;research=SteamPower|Coking;workshop=;productivity=-261.8;territory=1805]"
868702,868702,Normal,"Building","Waiting","",1,"productivity or territory is insufficient [CokeOven:candidate=True;constructible=True;affordable=False;available=False;owned=3;upgradeTo=IndustrialCarbonizationRetort;research=SteamPower|Coking;workshop=;productivity=-264.16;territory=1805]"
869302,869902,Normal,"Building","Waiting","",2,"productivity or territory is insufficient [CokeOven:candidate=True;constructible=True;affordable=False;available=False;owned=3;upgradeTo=IndustrialCarbonizationRetort;research=SteamPower|Coking;workshop=;productivity=-266.52;territory=1805]"
870502,871702,Normal,"Building","Waiting","",3,"productivity or territory is insufficient [CokeOven:candidate=True;constructible=True;affordable=False;available=False;owned=3;upgradeTo=IndustrialCarbonizationRetort;research=SteamPower|Coking;workshop=;productivity=-268.88;territory=1805]"
872302,874702,Normal,"Building","Waiting","",5,"productivity or territory is insufficient [CokeOven:candidate=True;constructible=True;affordable=False;available=False;owned=3;upgradeTo=IndustrialCarbonizationRetort;research=SteamPower|Coking;workshop=;productivity=-271.24;territory=1805]"
875302,875302,Normal,"Building","Waiting","",1,"productivity or territory is insufficient [CokeOven:candidate=True;constructible=True;affordable=False;available=False;owned=3;upgradeTo=IndustrialCarbonizationRetort;research=SteamPower|Coking;workshop=;productivity=-273.6;territory=1805]"
875902,875902,Normal,"Building","Waiting","",1,"no strategy candidate [CokeOven:candidate=True;constructible=True;affordable=False;available=False;owned=3;upgradeTo=IndustrialCarbonizationRetort;research=SteamPower|Coking;workshop=;productivity=21.4;territory=1805]"
876502,876502,Normal,"Building","Waiting","",1,"productivity or territory is insufficient [CokeOven:candidate=True;constructible=True;affordable=False;available=False;owned=3;upgradeTo=IndustrialCarbonizationRetort;research=SteamPower|Coking;workshop=;productivity=-25.8;territory=1805]"
877102,877102,Normal,"Building","Waiting","",1,"productivity or territory is insufficient [CokeOven:candidate=True;constructible=True;affordable=False;available=False;owned=3;upgradeTo=IndustrialCarbonizationRetort;research=SteamPower|Coking;workshop=;productivity=-68.28;territory=1805]"
877702,877702,Normal,"Building","Waiting","",1,"productivity or territory is insufficient [CokeOven:candidate=True;constructible=True;affordable=False;available=False;owned=3;upgradeTo=IndustrialCarbonizationRetort;research=SteamPower|Coking;workshop=;productivity=-101.32;territory=1805]"
878302,878302,Normal,"Building","Waiting","",1,"productivity or territory is insufficient [CokeOven:candidate=True;constructible=True;affordable=False;available=False;owned=3;upgradeTo=IndustrialCarbonizationRetort;research=SteamPower|Coking;workshop=;productivity=-132;territory=1805]"
878902,878902,Normal,"Building","Waiting","",1,"productivity or territory is insufficient [CokeOven:candidate=True;constructible=True;affordable=False;available=False;owned=3;upgradeTo=IndustrialCarbonizationRetort;research=SteamPower|Coking;workshop=;productivity=-155.6;territory=1805]"
879502,879502,Normal,"Building","Waiting","",1,"productivity or territory is insufficient [CokeOven:candidate=True;constructible=True;affordable=False;available=False;owned=3;upgradeTo=IndustrialCarbonizationRetort;research=SteamPower|Coking;workshop=;productivity=-174.48;territory=1805]"
880102,880102,Normal,"Building","Waiting","",1,"productivity or territory is insufficient [CokeOven:candidate=True;constructible=True;affordable=False;available=False;owned=3;upgradeTo=IndustrialCarbonizationRetort;research=SteamPower|Coking;workshop=;productivity=-191;territory=1805]"
880702,880702,Normal,"Building","Waiting","",1,"productivity or territory is insufficient [CokeOven:candidate=True;constructible=True;affordable=False;available=False;owned=3;upgradeTo=IndustrialCarbonizationRetort;research=SteamPower|Coking;workshop=;productivity=-205.16;territory=1805]"
881302,881302,Normal,"Building","Waiting","",1,"productivity or territory is insufficient [CokeOven:candidate=True;constructible=True;affordable=False;available=False;owned=3;upgradeTo=IndustrialCarbonizationRetort;research=SteamPower|Coking;workshop=;productivity=-216.96;territory=1805]"
881902,881902,Normal,"Building","Waiting","",1,"productivity or territory is insufficient [CokeOven:candidate=True;constructible=True;affordable=False;available=False;owned=3;upgradeTo=IndustrialCarbonizationRetort;research=SteamPower|Coking;workshop=;productivity=-226.4;territory=1805]"
882502,882502,Normal,"Building","Waiting","",1,"productivity or territory is insufficient [CokeOven:candidate=True;constructible=True;affordable=False;available=False;owned=3;upgradeTo=IndustrialCarbonizationRetort;research=SteamPower|Coking;workshop=;productivity=-233.48;territory=1805]"
883102,883102,Normal,"Building","Waiting","",1,"productivity or territory is insufficient [CokeOven:candidate=True;constructible=True;affordable=False;available=False;owned=3;upgradeTo=IndustrialCarbonizationRetort;research=SteamPower|Coking;workshop=;productivity=-240.56;territory=1805]"
883702,883702,Normal,"Building","Waiting","",1,"productivity or territory is insufficient [CokeOven:candidate=True;constructible=True;affordable=False;available=False;owned=3;upgradeTo=IndustrialCarbonizationRetort;research=SteamPower|Coking;workshop=;productivity=-245.28;territory=1805]"
884302,884302,Normal,"Building","Waiting","",1,"productivity or territory is insufficient [CokeOven:candidate=True;constructible=True;affordable=False;available=False;owned=3;upgradeTo=IndustrialCarbonizationRetort;research=SteamPower|Coking;workshop=;productivity=-250;territory=1805]"
884902,884902,Normal,"Building","Waiting","",1,"productivity or territory is insufficient [CokeOven:candidate=True;constructible=True;affordable=False;available=False;owned=3;upgradeTo=IndustrialCarbonizationRetort;research=SteamPower|Coking;workshop=;productivity=-254.72;territory=1805]"
885502,885502,Normal,"Building","Waiting","",1,"productivity or territory is insufficient [CokeOven:candidate=True;constructible=True;affordable=False;available=False;owned=3;upgradeTo=IndustrialCarbonizationRetort;research=SteamPower|Coking;workshop=;productivity=-257.08;territory=1805]"
886102,886102,Normal,"Building","Waiting","",1,"productivity or territory is insufficient [CokeOven:candidate=True;constructible=True;affordable=False;available=False;owned=3;upgradeTo=IndustrialCarbonizationRetort;research=SteamPower|Coking;workshop=;productivity=-259.44;territory=1805]"
886702,886702,Normal,"Building","Waiting","",1,"productivity or territory is insufficient [CokeOven:candidate=True;constructible=True;affordable=False;available=False;owned=3;upgradeTo=IndustrialCarbonizationRetort;research=SteamPower|Coking;workshop=;productivity=-261.8;territory=1805]"
887302,887302,Normal,"Building","Waiting","",1,"productivity or territory is insufficient [CokeOven:candidate=True;constructible=True;affordable=False;available=False;owned=3;upgradeTo=IndustrialCarbonizationRetort;research=SteamPower|Coking;workshop=;productivity=-264.16;territory=1805]"
887902,888502,Normal,"Building","Waiting","",2,"productivity or territory is insufficient [CokeOven:candidate=True;constructible=True;affordable=False;available=False;owned=3;upgradeTo=IndustrialCarbonizationRetort;research=SteamPower|Coking;workshop=;productivity=-266.52;territory=1805]"
889102,890302,Normal,"Building","Waiting","",3,"productivity or territory is insufficient [CokeOven:candidate=True;constructible=True;affordable=False;available=False;owned=3;upgradeTo=IndustrialCarbonizationRetort;research=SteamPower|Coking;workshop=;productivity=-268.88;territory=1805]"
890902,893302,Normal,"Building","Waiting","",5,"productivity or territory is insufficient [CokeOven:candidate=True;constructible=True;affordable=False;available=False;owned=3;upgradeTo=IndustrialCarbonizationRetort;research=SteamPower|Coking;workshop=;productivity=-271.24;territory=1805]"
893902,893902,Normal,"Building","Waiting","",1,"productivity or territory is insufficient [CokeOven:candidate=True;constructible=True;affordable=False;available=False;owned=3;upgradeTo=IndustrialCarbonizationRetort;research=SteamPower|Coking;workshop=;productivity=-273.6;territory=1805]"
894502,894502,Normal,"Building","Waiting","",1,"no strategy candidate [CokeOven:candidate=True;constructible=True;affordable=False;available=False;owned=3;upgradeTo=IndustrialCarbonizationRetort;research=SteamPower|Coking;workshop=;productivity=21.4;territory=1805]"
895102,895102,Normal,"Building","Waiting","",1,"productivity or territory is insufficient [CokeOven:candidate=True;constructible=True;affordable=False;available=False;owned=3;upgradeTo=IndustrialCarbonizationRetort;research=SteamPower|Coking;workshop=;productivity=-25.8;territory=1805]"
895702,895702,Normal,"Building","Waiting","",1,"productivity or territory is insufficient [CokeOven:candidate=True;constructible=True;affordable=False;available=False;owned=3;upgradeTo=IndustrialCarbonizationRetort;research=SteamPower|Coking;workshop=;productivity=-68.28;territory=1805]"
896302,896302,Normal,"Building","Waiting","",1,"productivity or territory is insufficient [CokeOven:candidate=True;constructible=True;affordable=False;available=False;owned=3;upgradeTo=IndustrialCarbonizationRetort;research=SteamPower|Coking;workshop=;productivity=-101.32;territory=1805]"
896902,896902,Normal,"Building","Waiting","",1,"productivity or territory is insufficient [CokeOven:candidate=True;constructible=True;affordable=False;available=False;owned=3;upgradeTo=IndustrialCarbonizationRetort;research=SteamPower|Coking;workshop=;productivity=-132;territory=1805]"
897502,897502,Normal,"Building","Waiting","",1,"productivity or territory is insufficient [CokeOven:candidate=True;constructible=True;affordable=False;available=False;owned=3;upgradeTo=IndustrialCarbonizationRetort;research=SteamPower|Coking;workshop=;productivity=-155.6;territory=1805]"
898102,898102,Normal,"Building","Waiting","",1,"productivity or territory is insufficient [CokeOven:candidate=True;constructible=True;affordable=False;available=False;owned=3;upgradeTo=IndustrialCarbonizationRetort;research=SteamPower|Coking;workshop=;productivity=-174.48;territory=1805]"
898702,898702,Normal,"Building","Waiting","",1,"productivity or territory is insufficient [CokeOven:candidate=True;constructible=True;affordable=False;available=False;owned=3;upgradeTo=IndustrialCarbonizationRetort;research=SteamPower|Coking;workshop=;productivity=-191;territory=1805]"
899302,899302,Normal,"Building","Waiting","",1,"productivity or territory is insufficient [CokeOven:candidate=True;constructible=True;affordable=False;available=False;owned=3;upgradeTo=IndustrialCarbonizationRetort;research=SteamPower|Coking;workshop=;productivity=-205.16;territory=1805]"
899902,899902,Normal,"Building","Waiting","",1,"productivity or territory is insufficient [CokeOven:candidate=True;constructible=True;affordable=False;available=False;owned=3;upgradeTo=IndustrialCarbonizationRetort;research=SteamPower|Coking;workshop=;productivity=-216.96;territory=1805]"
900502,900502,Normal,"Building","Waiting","",1,"productivity or territory is insufficient [CokeOven:candidate=True;constructible=True;affordable=False;available=False;owned=3;upgradeTo=IndustrialCarbonizationRetort;research=SteamPower|Coking;workshop=;productivity=-226.4;territory=1805]"
901102,901102,Normal,"Building","Waiting","",1,"productivity or territory is insufficient [CokeOven:candidate=True;constructible=True;affordable=False;available=False;owned=3;upgradeTo=IndustrialCarbonizationRetort;research=SteamPower|Coking;workshop=;productivity=-233.48;territory=1805]"
901702,901702,Normal,"Building","Waiting","",1,"productivity or territory is insufficient [CokeOven:candidate=True;constructible=True;affordable=False;available=False;owned=3;upgradeTo=IndustrialCarbonizationRetort;research=SteamPower|Coking;workshop=;productivity=-240.56;territory=1805]"
902302,902302,Normal,"Building","Waiting","",1,"productivity or territory is insufficient [CokeOven:candidate=True;constructible=True;affordable=False;available=False;owned=3;upgradeTo=IndustrialCarbonizationRetort;research=SteamPower|Coking;workshop=;productivity=-245.28;territory=1805]"
902902,902902,Normal,"Building","Waiting","",1,"productivity or territory is insufficient [CokeOven:candidate=True;constructible=True;affordable=False;available=False;owned=3;upgradeTo=IndustrialCarbonizationRetort;research=SteamPower|Coking;workshop=;productivity=-250;territory=1805]"
903502,903502,Normal,"Building","Waiting","",1,"productivity or territory is insufficient [CokeOven:candidate=True;constructible=True;affordable=False;available=False;owned=3;upgradeTo=IndustrialCarbonizationRetort;research=SteamPower|Coking;workshop=;productivity=-254.72;territory=1805]"
904102,904102,Normal,"Building","Waiting","",1,"productivity or territory is insufficient [CokeOven:candidate=True;constructible=True;affordable=False;available=False;owned=3;upgradeTo=IndustrialCarbonizationRetort;research=SteamPower|Coking;workshop=;productivity=-257.08;territory=1805]"
904702,904702,Normal,"Building","Waiting","",1,"productivity or territory is insufficient [CokeOven:candidate=True;constructible=True;affordable=False;available=False;owned=3;upgradeTo=IndustrialCarbonizationRetort;research=SteamPower|Coking;workshop=;productivity=-259.44;territory=1805]"
905302,905302,Normal,"Building","Waiting","",1,"productivity or territory is insufficient [CokeOven:candidate=True;constructible=True;affordable=False;available=False;owned=3;upgradeTo=IndustrialCarbonizationRetort;research=SteamPower|Coking;workshop=;productivity=-261.8;territory=1805]"
905902,905902,Normal,"Building","Waiting","",1,"productivity or territory is insufficient [CokeOven:candidate=True;constructible=True;affordable=False;available=False;owned=3;upgradeTo=IndustrialCarbonizationRetort;research=SteamPower|Coking;workshop=;productivity=-264.16;territory=1805]"
906502,907102,Normal,"Building","Waiting","",2,"productivity or territory is insufficient [CokeOven:candidate=True;constructible=True;affordable=False;available=False;owned=3;upgradeTo=IndustrialCarbonizationRetort;research=SteamPower|Coking;workshop=;productivity=-266.52;territory=1805]"
907702,908902,Normal,"Building","Waiting","",3,"productivity or territory is insufficient [CokeOven:candidate=True;constructible=True;affordable=False;available=False;owned=3;upgradeTo=IndustrialCarbonizationRetort;research=SteamPower|Coking;workshop=;productivity=-268.88;territory=1805]"
909502,911902,Normal,"Building","Waiting","",5,"productivity or territory is insufficient [CokeOven:candidate=True;constructible=True;affordable=False;available=False;owned=3;upgradeTo=IndustrialCarbonizationRetort;research=SteamPower|Coking;workshop=;productivity=-271.24;territory=1805]"
912502,912502,Normal,"Building","Waiting","",1,"productivity or territory is insufficient [CokeOven:candidate=True;constructible=True;affordable=False;available=False;owned=3;upgradeTo=IndustrialCarbonizationRetort;research=SteamPower|Coking;workshop=;productivity=-273.6;territory=1805]"
913102,913102,Normal,"Building","Waiting","",1,"no strategy candidate [CokeOven:candidate=True;constructible=True;affordable=False;available=False;owned=3;upgradeTo=IndustrialCarbonizationRetort;research=SteamPower|Coking;workshop=;productivity=21.4;territory=1805]"
913702,913702,Normal,"Building","Waiting","",1,"productivity or territory is insufficient [CokeOven:candidate=True;constructible=True;affordable=False;available=False;owned=3;upgradeTo=IndustrialCarbonizationRetort;research=SteamPower|Coking;workshop=;productivity=-25.8;territory=1805]"
914302,914302,Normal,"Building","Waiting","",1,"productivity or territory is insufficient [CokeOven:candidate=True;constructible=True;affordable=False;available=False;owned=3;upgradeTo=IndustrialCarbonizationRetort;research=SteamPower|Coking;workshop=;productivity=-68.28;territory=1805]"
914902,914902,Normal,"Building","Waiting","",1,"productivity or territory is insufficient [CokeOven:candidate=True;constructible=True;affordable=False;available=False;owned=3;upgradeTo=IndustrialCarbonizationRetort;research=SteamPower|Coking;workshop=;productivity=-101.32;territory=1805]"
915502,915502,Normal,"Building","Waiting","",1,"productivity or territory is insufficient [CokeOven:candidate=True;constructible=True;affordable=False;available=False;owned=3;upgradeTo=IndustrialCarbonizationRetort;research=SteamPower|Coking;workshop=;productivity=-132;territory=1805]"
916102,916102,Normal,"Building","Waiting","",1,"productivity or territory is insufficient [CokeOven:candidate=True;constructible=True;affordable=False;available=False;owned=3;upgradeTo=IndustrialCarbonizationRetort;research=SteamPower|Coking;workshop=;productivity=-155.6;territory=1805]"
916702,916702,Normal,"Building","Waiting","",1,"productivity or territory is insufficient [CokeOven:candidate=True;constructible=True;affordable=False;available=False;owned=3;upgradeTo=IndustrialCarbonizationRetort;research=SteamPower|Coking;workshop=;productivity=-174.48;territory=1805]"
917302,917302,Normal,"Building","Waiting","",1,"productivity or territory is insufficient [CokeOven:candidate=True;constructible=True;affordable=False;available=False;owned=3;upgradeTo=IndustrialCarbonizationRetort;research=SteamPower|Coking;workshop=;productivity=-191;territory=1805]"
917902,917902,Normal,"Building","Waiting","",1,"productivity or territory is insufficient [CokeOven:candidate=True;constructible=True;affordable=False;available=False;owned=3;upgradeTo=IndustrialCarbonizationRetort;research=SteamPower|Coking;workshop=;productivity=-205.16;territory=1805]"
918502,918502,Normal,"Building","Waiting","",1,"productivity or territory is insufficient [CokeOven:candidate=True;constructible=True;affordable=False;available=False;owned=3;upgradeTo=IndustrialCarbonizationRetort;research=SteamPower|Coking;workshop=;productivity=-216.96;territory=1805]"
919102,919102,Normal,"Building","Waiting","",1,"productivity or territory is insufficient [CokeOven:candidate=True;constructible=True;affordable=False;available=False;owned=3;upgradeTo=IndustrialCarbonizationRetort;research=SteamPower|Coking;workshop=;productivity=-226.4;territory=1805]"
919702,919702,Normal,"Building","Waiting","",1,"productivity or territory is insufficient [CokeOven:candidate=True;constructible=True;affordable=False;available=False;owned=3;upgradeTo=IndustrialCarbonizationRetort;research=SteamPower|Coking;workshop=;productivity=-233.48;territory=1805]"
920302,920302,Normal,"Building","Waiting","",1,"productivity or territory is insufficient [CokeOven:candidate=True;constructible=True;affordable=False;available=False;owned=3;upgradeTo=IndustrialCarbonizationRetort;research=SteamPower|Coking;workshop=;productivity=-240.56;territory=1805]"
920902,920902,Normal,"Building","Waiting","",1,"productivity or territory is insufficient [CokeOven:candidate=True;constructible=True;affordable=False;available=False;owned=3;upgradeTo=IndustrialCarbonizationRetort;research=SteamPower|Coking;workshop=;productivity=-245.28;territory=1805]"
921502,921502,Normal,"Building","Waiting","",1,"productivity or territory is insufficient [CokeOven:candidate=True;constructible=True;affordable=False;available=False;owned=3;upgradeTo=IndustrialCarbonizationRetort;research=SteamPower|Coking;workshop=;productivity=-250;territory=1805]"
922102,922102,Normal,"Building","Waiting","",1,"productivity or territory is insufficient [CokeOven:candidate=True;constructible=True;affordable=False;available=False;owned=3;upgradeTo=IndustrialCarbonizationRetort;research=SteamPower|Coking;workshop=;productivity=-254.72;territory=1805]"
922702,922702,Normal,"Building","Waiting","",1,"productivity or territory is insufficient [CokeOven:candidate=True;constructible=True;affordable=False;available=False;owned=3;upgradeTo=IndustrialCarbonizationRetort;research=SteamPower|Coking;workshop=;productivity=-257.08;territory=1805]"
923302,923302,Normal,"Building","Waiting","",1,"productivity or territory is insufficient [CokeOven:candidate=True;constructible=True;affordable=False;available=False;owned=3;upgradeTo=IndustrialCarbonizationRetort;research=SteamPower|Coking;workshop=;productivity=-259.44;territory=1805]"
923902,923902,Normal,"Building","Waiting","",1,"productivity or territory is insufficient [CokeOven:candidate=True;constructible=True;affordable=False;available=False;owned=3;upgradeTo=IndustrialCarbonizationRetort;research=SteamPower|Coking;workshop=;productivity=-261.8;territory=1805]"
924502,924502,Normal,"Building","Waiting","",1,"productivity or territory is insufficient [CokeOven:candidate=True;constructible=True;affordable=False;available=False;owned=3;upgradeTo=IndustrialCarbonizationRetort;research=SteamPower|Coking;workshop=;productivity=-264.16;territory=1805]"
925102,925702,Normal,"Building","Waiting","",2,"productivity or territory is insufficient [CokeOven:candidate=True;constructible=True;affordable=False;available=False;owned=3;upgradeTo=IndustrialCarbonizationRetort;research=SteamPower|Coking;workshop=;productivity=-266.52;territory=1805]"
926302,927502,Normal,"Building","Waiting","",3,"productivity or territory is insufficient [CokeOven:candidate=True;constructible=True;affordable=False;available=False;owned=3;upgradeTo=IndustrialCarbonizationRetort;research=SteamPower|Coking;workshop=;productivity=-268.88;territory=1805]"
928102,930502,Normal,"Building","Waiting","",5,"productivity or territory is insufficient [CokeOven:candidate=True;constructible=True;affordable=False;available=False;owned=3;upgradeTo=IndustrialCarbonizationRetort;research=SteamPower|Coking;workshop=;productivity=-271.24;territory=1805]"
931102,931102,Normal,"Building","Waiting","",1,"productivity or territory is insufficient [CokeOven:candidate=True;constructible=True;affordable=False;available=False;owned=3;upgradeTo=IndustrialCarbonizationRetort;research=SteamPower|Coking;workshop=;productivity=-273.6;territory=1805]"
931702,931702,Normal,"Building","Waiting","",1,"no strategy candidate [CokeOven:candidate=True;constructible=True;affordable=False;available=False;owned=3;upgradeTo=IndustrialCarbonizationRetort;research=SteamPower|Coking;workshop=;productivity=21.4;territory=1805]"
932302,932302,Normal,"Building","Waiting","",1,"productivity or territory is insufficient [CokeOven:candidate=True;constructible=True;affordable=False;available=False;owned=3;upgradeTo=IndustrialCarbonizationRetort;research=SteamPower|Coking;workshop=;productivity=-25.8;territory=1805]"
932902,932902,Normal,"Building","Waiting","",1,"productivity or territory is insufficient [CokeOven:candidate=True;constructible=True;affordable=False;available=False;owned=3;upgradeTo=IndustrialCarbonizationRetort;research=SteamPower|Coking;workshop=;productivity=-68.28;territory=1805]"
933502,933502,Normal,"Building","Waiting","",1,"productivity or territory is insufficient [CokeOven:candidate=True;constructible=True;affordable=False;available=False;owned=3;upgradeTo=IndustrialCarbonizationRetort;research=SteamPower|Coking;workshop=;productivity=-101.32;territory=1805]"
934102,934102,Normal,"Building","Waiting","",1,"productivity or territory is insufficient [CokeOven:candidate=True;constructible=True;affordable=False;available=False;owned=3;upgradeTo=IndustrialCarbonizationRetort;research=SteamPower|Coking;workshop=;productivity=-132;territory=1805]"
934702,934702,Normal,"Building","Waiting","",1,"productivity or territory is insufficient [CokeOven:candidate=True;constructible=True;affordable=False;available=False;owned=3;upgradeTo=IndustrialCarbonizationRetort;research=SteamPower|Coking;workshop=;productivity=-155.6;territory=1805]"
935302,935302,Normal,"Building","Waiting","",1,"productivity or territory is insufficient [CokeOven:candidate=True;constructible=True;affordable=False;available=False;owned=3;upgradeTo=IndustrialCarbonizationRetort;research=SteamPower|Coking;workshop=;productivity=-174.48;territory=1805]"
935902,935902,Normal,"Building","Waiting","",1,"productivity or territory is insufficient [CokeOven:candidate=True;constructible=True;affordable=False;available=False;owned=3;upgradeTo=IndustrialCarbonizationRetort;research=SteamPower|Coking;workshop=;productivity=-191;territory=1805]"
936502,936502,Normal,"Building","Waiting","",1,"productivity or territory is insufficient [CokeOven:candidate=True;constructible=True;affordable=False;available=False;owned=3;upgradeTo=IndustrialCarbonizationRetort;research=SteamPower|Coking;workshop=;productivity=-205.16;territory=1805]"
937102,937102,Normal,"Building","Waiting","",1,"productivity or territory is insufficient [CokeOven:candidate=True;constructible=True;affordable=False;available=False;owned=3;upgradeTo=IndustrialCarbonizationRetort;research=SteamPower|Coking;workshop=;productivity=-216.96;territory=1805]"
937702,937702,Normal,"Building","Waiting","",1,"productivity or territory is insufficient [CokeOven:candidate=True;constructible=True;affordable=False;available=False;owned=3;upgradeTo=IndustrialCarbonizationRetort;research=SteamPower|Coking;workshop=;productivity=-226.4;territory=1805]"
938302,938302,Normal,"Building","Waiting","",1,"productivity or territory is insufficient [CokeOven:candidate=True;constructible=True;affordable=False;available=False;owned=3;upgradeTo=IndustrialCarbonizationRetort;research=SteamPower|Coking;workshop=;productivity=-233.48;territory=1805]"
938902,938902,Normal,"Building","Waiting","",1,"productivity or territory is insufficient [CokeOven:candidate=True;constructible=True;affordable=False;available=False;owned=3;upgradeTo=IndustrialCarbonizationRetort;research=SteamPower|Coking;workshop=;productivity=-240.56;territory=1805]"
939502,939502,Normal,"Building","Waiting","",1,"productivity or territory is insufficient [CokeOven:candidate=True;constructible=True;affordable=False;available=False;owned=3;upgradeTo=IndustrialCarbonizationRetort;research=SteamPower|Coking;workshop=;productivity=-245.28;territory=1805]"
940102,940102,Normal,"Building","Waiting","",1,"productivity or territory is insufficient [CokeOven:candidate=True;constructible=True;affordable=False;available=False;owned=3;upgradeTo=IndustrialCarbonizationRetort;research=SteamPower|Coking;workshop=;productivity=-250;territory=1805]"
940702,940702,Normal,"Building","Waiting","",1,"productivity or territory is insufficient [CokeOven:candidate=True;constructible=True;affordable=False;available=False;owned=3;upgradeTo=IndustrialCarbonizationRetort;research=SteamPower|Coking;workshop=;productivity=-254.72;territory=1805]"
941302,941302,Normal,"Building","Waiting","",1,"productivity or territory is insufficient [CokeOven:candidate=True;constructible=True;affordable=False;available=False;owned=3;upgradeTo=IndustrialCarbonizationRetort;research=SteamPower|Coking;workshop=;productivity=-257.08;territory=1805]"
941902,941902,Normal,"Building","Waiting","",1,"productivity or territory is insufficient [CokeOven:candidate=True;constructible=True;affordable=False;available=False;owned=3;upgradeTo=IndustrialCarbonizationRetort;research=SteamPower|Coking;workshop=;productivity=-259.44;territory=1805]"
942502,942502,Normal,"Building","Waiting","",1,"productivity or territory is insufficient [CokeOven:candidate=True;constructible=True;affordable=False;available=False;owned=3;upgradeTo=IndustrialCarbonizationRetort;research=SteamPower|Coking;workshop=;productivity=-261.8;territory=1805]"
943102,943102,Normal,"Building","Waiting","",1,"productivity or territory is insufficient [CokeOven:candidate=True;constructible=True;affordable=False;available=False;owned=3;upgradeTo=IndustrialCarbonizationRetort;research=SteamPower|Coking;workshop=;productivity=-264.16;territory=1805]"
943702,944302,Normal,"Building","Waiting","",2,"productivity or territory is insufficient [CokeOven:candidate=True;constructible=True;affordable=False;available=False;owned=3;upgradeTo=IndustrialCarbonizationRetort;research=SteamPower|Coking;workshop=;productivity=-266.52;territory=1805]"
944902,946102,Normal,"Building","Waiting","",3,"productivity or territory is insufficient [CokeOven:candidate=True;constructible=True;affordable=False;available=False;owned=3;upgradeTo=IndustrialCarbonizationRetort;research=SteamPower|Coking;workshop=;productivity=-268.88;territory=1805]"
946702,949102,Normal,"Building","Waiting","",5,"productivity or territory is insufficient [CokeOven:candidate=True;constructible=True;affordable=False;available=False;owned=3;upgradeTo=IndustrialCarbonizationRetort;research=SteamPower|Coking;workshop=;productivity=-271.24;territory=1805]"
949702,949702,Normal,"Building","Waiting","",1,"productivity or territory is insufficient [CokeOven:candidate=True;constructible=True;affordable=False;available=False;owned=3;upgradeTo=IndustrialCarbonizationRetort;research=SteamPower|Coking;workshop=;productivity=-273.6;territory=1805]"
950302,950302,Normal,"Building","Waiting","",1,"no strategy candidate [CokeOven:candidate=True;constructible=True;affordable=False;available=False;owned=3;upgradeTo=IndustrialCarbonizationRetort;research=SteamPower|Coking;workshop=;productivity=21.4;territory=1805]"
950902,950902,Normal,"Building","Waiting","",1,"productivity or territory is insufficient [CokeOven:candidate=True;constructible=True;affordable=False;available=False;owned=3;upgradeTo=IndustrialCarbonizationRetort;research=SteamPower|Coking;workshop=;productivity=-25.8;territory=1805]"
951502,951502,Normal,"Building","Waiting","",1,"productivity or territory is insufficient [CokeOven:candidate=True;constructible=True;affordable=False;available=False;owned=3;upgradeTo=IndustrialCarbonizationRetort;research=SteamPower|Coking;workshop=;productivity=-68.28;territory=1805]"
952102,952102,Normal,"Building","Waiting","",1,"productivity or territory is insufficient [CokeOven:candidate=True;constructible=True;affordable=False;available=False;owned=3;upgradeTo=IndustrialCarbonizationRetort;research=SteamPower|Coking;workshop=;productivity=-101.32;territory=1805]"
952702,952702,Normal,"Building","Waiting","",1,"productivity or territory is insufficient [CokeOven:candidate=True;constructible=True;affordable=False;available=False;owned=3;upgradeTo=IndustrialCarbonizationRetort;research=SteamPower|Coking;workshop=;productivity=-132;territory=1805]"
953302,953302,Normal,"Building","Waiting","",1,"productivity or territory is insufficient [CokeOven:candidate=True;constructible=True;affordable=False;available=False;owned=3;upgradeTo=IndustrialCarbonizationRetort;research=SteamPower|Coking;workshop=;productivity=-155.6;territory=1805]"
953902,953902,Normal,"Building","Waiting","",1,"productivity or territory is insufficient [CokeOven:candidate=True;constructible=True;affordable=False;available=False;owned=3;upgradeTo=IndustrialCarbonizationRetort;research=SteamPower|Coking;workshop=;productivity=-174.48;territory=1805]"
954502,954502,Normal,"Building","Waiting","",1,"productivity or territory is insufficient [CokeOven:candidate=True;constructible=True;affordable=False;available=False;owned=3;upgradeTo=IndustrialCarbonizationRetort;research=SteamPower|Coking;workshop=;productivity=-191;territory=1805]"
955102,955102,Normal,"Building","Waiting","",1,"productivity or territory is insufficient [CokeOven:candidate=True;constructible=True;affordable=False;available=False;owned=3;upgradeTo=IndustrialCarbonizationRetort;research=SteamPower|Coking;workshop=;productivity=-205.16;territory=1805]"
955702,955702,Normal,"Building","Waiting","",1,"productivity or territory is insufficient [CokeOven:candidate=True;constructible=True;affordable=False;available=False;owned=3;upgradeTo=IndustrialCarbonizationRetort;research=SteamPower|Coking;workshop=;productivity=-216.96;territory=1805]"
956302,956302,Normal,"Building","Waiting","",1,"productivity or territory is insufficient [CokeOven:candidate=True;constructible=True;affordable=False;available=False;owned=3;upgradeTo=IndustrialCarbonizationRetort;research=SteamPower|Coking;workshop=;productivity=-226.4;territory=1805]"
956902,956902,Normal,"Building","Waiting","",1,"productivity or territory is insufficient [CokeOven:candidate=True;constructible=True;affordable=False;available=False;owned=3;upgradeTo=IndustrialCarbonizationRetort;research=SteamPower|Coking;workshop=;productivity=-233.48;territory=1805]"
957502,957502,Normal,"Building","Waiting","",1,"productivity or territory is insufficient [CokeOven:candidate=True;constructible=True;affordable=False;available=False;owned=3;upgradeTo=IndustrialCarbonizationRetort;research=SteamPower|Coking;workshop=;productivity=-240.56;territory=1805]"
958102,958102,Normal,"Building","Waiting","",1,"productivity or territory is insufficient [CokeOven:candidate=True;constructible=True;affordable=False;available=False;owned=3;upgradeTo=IndustrialCarbonizationRetort;research=SteamPower|Coking;workshop=;productivity=-245.28;territory=1805]"
958702,958702,Normal,"Building","Waiting","",1,"productivity or territory is insufficient [CokeOven:candidate=True;constructible=True;affordable=False;available=False;owned=3;upgradeTo=IndustrialCarbonizationRetort;research=SteamPower|Coking;workshop=;productivity=-250;territory=1805]"
959302,959302,Normal,"Building","Waiting","",1,"productivity or territory is insufficient [CokeOven:candidate=True;constructible=True;affordable=False;available=False;owned=3;upgradeTo=IndustrialCarbonizationRetort;research=SteamPower|Coking;workshop=;productivity=-254.72;territory=1805]"
959902,959902,Normal,"Building","Waiting","",1,"productivity or territory is insufficient [CokeOven:candidate=True;constructible=True;affordable=False;available=False;owned=3;upgradeTo=IndustrialCarbonizationRetort;research=SteamPower|Coking;workshop=;productivity=-257.08;territory=1805]"
960502,960502,Normal,"Building","Waiting","",1,"productivity or territory is insufficient [CokeOven:candidate=True;constructible=True;affordable=False;available=False;owned=3;upgradeTo=IndustrialCarbonizationRetort;research=SteamPower|Coking;workshop=;productivity=-259.44;territory=1805]"
961102,961102,Normal,"Building","Waiting","",1,"productivity or territory is insufficient [CokeOven:candidate=True;constructible=True;affordable=False;available=False;owned=3;upgradeTo=IndustrialCarbonizationRetort;research=SteamPower|Coking;workshop=;productivity=-261.8;territory=1805]"
961702,961702,Normal,"Building","Waiting","",1,"productivity or territory is insufficient [CokeOven:candidate=True;constructible=True;affordable=False;available=False;owned=3;upgradeTo=IndustrialCarbonizationRetort;research=SteamPower|Coking;workshop=;productivity=-264.16;territory=1805]"
962302,962902,Normal,"Building","Waiting","",2,"productivity or territory is insufficient [CokeOven:candidate=True;constructible=True;affordable=False;available=False;owned=3;upgradeTo=IndustrialCarbonizationRetort;research=SteamPower|Coking;workshop=;productivity=-266.52;territory=1805]"
963502,964702,Normal,"Building","Waiting","",3,"productivity or territory is insufficient [CokeOven:candidate=True;constructible=True;affordable=False;available=False;owned=3;upgradeTo=IndustrialCarbonizationRetort;research=SteamPower|Coking;workshop=;productivity=-268.88;territory=1805]"
965302,967702,Normal,"Building","Waiting","",5,"productivity or territory is insufficient [CokeOven:candidate=True;constructible=True;affordable=False;available=False;owned=3;upgradeTo=IndustrialCarbonizationRetort;research=SteamPower|Coking;workshop=;productivity=-271.24;territory=1805]"
968302,968302,Normal,"Building","Waiting","",1,"productivity or territory is insufficient [CokeOven:candidate=True;constructible=True;affordable=False;available=False;owned=3;upgradeTo=IndustrialCarbonizationRetort;research=SteamPower|Coking;workshop=;productivity=-273.6;territory=1805]"
968902,968902,Normal,"Building","Waiting","",1,"no strategy candidate [CokeOven:candidate=True;constructible=True;affordable=False;available=False;owned=3;upgradeTo=IndustrialCarbonizationRetort;research=SteamPower|Coking;workshop=;productivity=21.4;territory=1805]"
969502,969502,Normal,"Building","Waiting","",1,"productivity or territory is insufficient [CokeOven:candidate=True;constructible=True;affordable=False;available=False;owned=3;upgradeTo=IndustrialCarbonizationRetort;research=SteamPower|Coking;workshop=;productivity=-25.8;territory=1805]"
970102,970102,Normal,"Building","Waiting","",1,"productivity or territory is insufficient [CokeOven:candidate=True;constructible=True;affordable=False;available=False;owned=3;upgradeTo=IndustrialCarbonizationRetort;research=SteamPower|Coking;workshop=;productivity=-68.28;territory=1805]"
970702,970702,Normal,"Building","Waiting","",1,"productivity or territory is insufficient [CokeOven:candidate=True;constructible=True;affordable=False;available=False;owned=3;upgradeTo=IndustrialCarbonizationRetort;research=SteamPower|Coking;workshop=;productivity=-101.32;territory=1805]"
971302,971302,Normal,"Building","Waiting","",1,"productivity or territory is insufficient [CokeOven:candidate=True;constructible=True;affordable=False;available=False;owned=3;upgradeTo=IndustrialCarbonizationRetort;research=SteamPower|Coking;workshop=;productivity=-132;territory=1805]"
971902,971902,Normal,"Building","Waiting","",1,"productivity or territory is insufficient [CokeOven:candidate=True;constructible=True;affordable=False;available=False;owned=3;upgradeTo=IndustrialCarbonizationRetort;research=SteamPower|Coking;workshop=;productivity=-155.6;territory=1805]"
972502,972502,Normal,"Building","Waiting","",1,"productivity or territory is insufficient [CokeOven:candidate=True;constructible=True;affordable=False;available=False;owned=3;upgradeTo=IndustrialCarbonizationRetort;research=SteamPower|Coking;workshop=;productivity=-174.48;territory=1805]"
973102,973102,Normal,"Building","Waiting","",1,"productivity or territory is insufficient [CokeOven:candidate=True;constructible=True;affordable=False;available=False;owned=3;upgradeTo=IndustrialCarbonizationRetort;research=SteamPower|Coking;workshop=;productivity=-191;territory=1805]"
973702,973702,Normal,"Building","Waiting","",1,"productivity or territory is insufficient [CokeOven:candidate=True;constructible=True;affordable=False;available=False;owned=3;upgradeTo=IndustrialCarbonizationRetort;research=SteamPower|Coking;workshop=;productivity=-205.16;territory=1805]"
974302,974302,Normal,"Building","Waiting","",1,"productivity or territory is insufficient [CokeOven:candidate=True;constructible=True;affordable=False;available=False;owned=3;upgradeTo=IndustrialCarbonizationRetort;research=SteamPower|Coking;workshop=;productivity=-216.96;territory=1805]"
974902,974902,Normal,"Building","Waiting","",1,"productivity or territory is insufficient [CokeOven:candidate=True;constructible=True;affordable=False;available=False;owned=3;upgradeTo=IndustrialCarbonizationRetort;research=SteamPower|Coking;workshop=;productivity=-226.4;territory=1805]"
975502,975502,Normal,"Building","Waiting","",1,"productivity or territory is insufficient [CokeOven:candidate=True;constructible=True;affordable=False;available=False;owned=3;upgradeTo=IndustrialCarbonizationRetort;research=SteamPower|Coking;workshop=;productivity=-233.48;territory=1805]"
976102,976102,Normal,"Building","Waiting","",1,"productivity or territory is insufficient [CokeOven:candidate=True;constructible=True;affordable=False;available=False;owned=3;upgradeTo=IndustrialCarbonizationRetort;research=SteamPower|Coking;workshop=;productivity=-240.56;territory=1805]"
976702,976702,Normal,"Building","Waiting","",1,"productivity or territory is insufficient [CokeOven:candidate=True;constructible=True;affordable=False;available=False;owned=3;upgradeTo=IndustrialCarbonizationRetort;research=SteamPower|Coking;workshop=;productivity=-245.28;territory=1805]"
977302,977302,Normal,"Building","Waiting","",1,"productivity or territory is insufficient [CokeOven:candidate=True;constructible=True;affordable=False;available=False;owned=3;upgradeTo=IndustrialCarbonizationRetort;research=SteamPower|Coking;workshop=;productivity=-250;territory=1805]"
977902,977902,Normal,"Building","Waiting","",1,"productivity or territory is insufficient [CokeOven:candidate=True;constructible=True;affordable=False;available=False;owned=3;upgradeTo=IndustrialCarbonizationRetort;research=SteamPower|Coking;workshop=;productivity=-254.72;territory=1805]"
978502,978502,Normal,"Building","Waiting","",1,"productivity or territory is insufficient [CokeOven:candidate=True;constructible=True;affordable=False;available=False;owned=3;upgradeTo=IndustrialCarbonizationRetort;research=SteamPower|Coking;workshop=;productivity=-257.08;territory=1805]"
979102,979102,Normal,"Building","Waiting","",1,"productivity or territory is insufficient [CokeOven:candidate=True;constructible=True;affordable=False;available=False;owned=3;upgradeTo=IndustrialCarbonizationRetort;research=SteamPower|Coking;workshop=;productivity=-259.44;territory=1805]"
979702,979702,Normal,"Building","Waiting","",1,"productivity or territory is insufficient [CokeOven:candidate=True;constructible=True;affordable=False;available=False;owned=3;upgradeTo=IndustrialCarbonizationRetort;research=SteamPower|Coking;workshop=;productivity=-261.8;territory=1805]"
980302,980302,Normal,"Building","Waiting","",1,"productivity or territory is insufficient [CokeOven:candidate=True;constructible=True;affordable=False;available=False;owned=3;upgradeTo=IndustrialCarbonizationRetort;research=SteamPower|Coking;workshop=;productivity=-264.16;territory=1805]"
980902,981502,Normal,"Building","Waiting","",2,"productivity or territory is insufficient [CokeOven:candidate=True;constructible=True;affordable=False;available=False;owned=3;upgradeTo=IndustrialCarbonizationRetort;research=SteamPower|Coking;workshop=;productivity=-266.52;territory=1805]"
982102,983302,Normal,"Building","Waiting","",3,"productivity or territory is insufficient [CokeOven:candidate=True;constructible=True;affordable=False;available=False;owned=3;upgradeTo=IndustrialCarbonizationRetort;research=SteamPower|Coking;workshop=;productivity=-268.88;territory=1805]"
983902,986302,Normal,"Building","Waiting","",5,"productivity or territory is insufficient [CokeOven:candidate=True;constructible=True;affordable=False;available=False;owned=3;upgradeTo=IndustrialCarbonizationRetort;research=SteamPower|Coking;workshop=;productivity=-271.24;territory=1805]"
986902,986902,Normal,"Building","Waiting","",1,"productivity or territory is insufficient [CokeOven:candidate=True;constructible=True;affordable=False;available=False;owned=3;upgradeTo=IndustrialCarbonizationRetort;research=SteamPower|Coking;workshop=;productivity=-273.6;territory=1805]"
987502,987502,Normal,"Building","Waiting","",1,"no strategy candidate [CokeOven:candidate=True;constructible=True;affordable=False;available=False;owned=3;upgradeTo=IndustrialCarbonizationRetort;research=SteamPower|Coking;workshop=;productivity=21.4;territory=1805]"
988102,988102,Normal,"Building","Waiting","",1,"productivity or territory is insufficient [CokeOven:candidate=True;constructible=True;affordable=False;available=False;owned=3;upgradeTo=IndustrialCarbonizationRetort;research=SteamPower|Coking;workshop=;productivity=-25.8;territory=1805]"
988702,988702,Normal,"Building","Waiting","",1,"productivity or territory is insufficient [CokeOven:candidate=True;constructible=True;affordable=False;available=False;owned=3;upgradeTo=IndustrialCarbonizationRetort;research=SteamPower|Coking;workshop=;productivity=-68.28;territory=1805]"
989302,989302,Normal,"Building","Waiting","",1,"productivity or territory is insufficient [CokeOven:candidate=True;constructible=True;affordable=False;available=False;owned=3;upgradeTo=IndustrialCarbonizationRetort;research=SteamPower|Coking;workshop=;productivity=-101.32;territory=1805]"
989902,989902,Normal,"Building","Waiting","",1,"productivity or territory is insufficient [CokeOven:candidate=True;constructible=True;affordable=False;available=False;owned=3;upgradeTo=IndustrialCarbonizationRetort;research=SteamPower|Coking;workshop=;productivity=-132;territory=1805]"
990502,990502,Normal,"Building","Waiting","",1,"productivity or territory is insufficient [CokeOven:candidate=True;constructible=True;affordable=False;available=False;owned=3;upgradeTo=IndustrialCarbonizationRetort;research=SteamPower|Coking;workshop=;productivity=-155.6;territory=1805]"
991102,991102,Normal,"Building","Waiting","",1,"productivity or territory is insufficient [CokeOven:candidate=True;constructible=True;affordable=False;available=False;owned=3;upgradeTo=IndustrialCarbonizationRetort;research=SteamPower|Coking;workshop=;productivity=-174.48;territory=1805]"
991702,991702,Normal,"Building","Waiting","",1,"productivity or territory is insufficient [CokeOven:candidate=True;constructible=True;affordable=False;available=False;owned=3;upgradeTo=IndustrialCarbonizationRetort;research=SteamPower|Coking;workshop=;productivity=-191;territory=1805]"
992302,992302,Normal,"Building","Waiting","",1,"productivity or territory is insufficient [CokeOven:candidate=True;constructible=True;affordable=False;available=False;owned=3;upgradeTo=IndustrialCarbonizationRetort;research=SteamPower|Coking;workshop=;productivity=-205.16;territory=1805]"
992902,992902,Normal,"Building","Waiting","",1,"productivity or territory is insufficient [CokeOven:candidate=True;constructible=True;affordable=False;available=False;owned=3;upgradeTo=IndustrialCarbonizationRetort;research=SteamPower|Coking;workshop=;productivity=-216.96;territory=1805]"
993502,993502,Normal,"Building","Waiting","",1,"productivity or territory is insufficient [CokeOven:candidate=True;constructible=True;affordable=False;available=False;owned=3;upgradeTo=IndustrialCarbonizationRetort;research=SteamPower|Coking;workshop=;productivity=-226.4;territory=1805]"
994102,994102,Normal,"Building","Waiting","",1,"productivity or territory is insufficient [CokeOven:candidate=True;constructible=True;affordable=False;available=False;owned=3;upgradeTo=IndustrialCarbonizationRetort;research=SteamPower|Coking;workshop=;productivity=-233.48;territory=1805]"
994702,994702,Normal,"Building","Waiting","",1,"productivity or territory is insufficient [CokeOven:candidate=True;constructible=True;affordable=False;available=False;owned=3;upgradeTo=IndustrialCarbonizationRetort;research=SteamPower|Coking;workshop=;productivity=-240.56;territory=1805]"
995302,995302,Normal,"Building","Waiting","",1,"productivity or territory is insufficient [CokeOven:candidate=True;constructible=True;affordable=False;available=False;owned=3;upgradeTo=IndustrialCarbonizationRetort;research=SteamPower|Coking;workshop=;productivity=-245.28;territory=1805]"
995902,995902,Normal,"Building","Waiting","",1,"productivity or territory is insufficient [CokeOven:candidate=True;constructible=True;affordable=False;available=False;owned=3;upgradeTo=IndustrialCarbonizationRetort;research=SteamPower|Coking;workshop=;productivity=-250;territory=1805]"
996502,996502,Normal,"Building","Waiting","",1,"productivity or territory is insufficient [CokeOven:candidate=True;constructible=True;affordable=False;available=False;owned=3;upgradeTo=IndustrialCarbonizationRetort;research=SteamPower|Coking;workshop=;productivity=-254.72;territory=1805]"
997102,997102,Normal,"Building","Waiting","",1,"productivity or territory is insufficient [CokeOven:candidate=True;constructible=True;affordable=False;available=False;owned=3;upgradeTo=IndustrialCarbonizationRetort;research=SteamPower|Coking;workshop=;productivity=-257.08;territory=1805]"
997702,997702,Normal,"Building","Waiting","",1,"productivity or territory is insufficient [CokeOven:candidate=True;constructible=True;affordable=False;available=False;owned=3;upgradeTo=IndustrialCarbonizationRetort;research=SteamPower|Coking;workshop=;productivity=-259.44;territory=1805]"
998302,998302,Normal,"Building","Waiting","",1,"productivity or territory is insufficient [CokeOven:candidate=True;constructible=True;affordable=False;available=False;owned=3;upgradeTo=IndustrialCarbonizationRetort;research=SteamPower|Coking;workshop=;productivity=-261.8;territory=1805]"
998902,998902,Normal,"Building","Waiting","",1,"productivity or territory is insufficient [CokeOven:candidate=True;constructible=True;affordable=False;available=False;owned=3;upgradeTo=IndustrialCarbonizationRetort;research=SteamPower|Coking;workshop=;productivity=-264.16;territory=1805]"
999502,1000102,Normal,"Building","Waiting","",2,"productivity or territory is insufficient [CokeOven:candidate=True;constructible=True;affordable=False;available=False;owned=3;upgradeTo=IndustrialCarbonizationRetort;research=SteamPower|Coking;workshop=;productivity=-266.52;territory=1805]"
1000702,1001902,Normal,"Building","Waiting","",3,"productivity or territory is insufficient [CokeOven:candidate=True;constructible=True;affordable=False;available=False;owned=3;upgradeTo=IndustrialCarbonizationRetort;research=SteamPower|Coking;workshop=;productivity=-268.88;territory=1805]"
1002502,1004902,Normal,"Building","Waiting","",5,"productivity or territory is insufficient [CokeOven:candidate=True;constructible=True;affordable=False;available=False;owned=3;upgradeTo=IndustrialCarbonizationRetort;research=SteamPower|Coking;workshop=;productivity=-271.24;territory=1805]"
1005502,1005502,Normal,"Building","Waiting","",1,"productivity or territory is insufficient [CokeOven:candidate=True;constructible=True;affordable=False;available=False;owned=3;upgradeTo=IndustrialCarbonizationRetort;research=SteamPower|Coking;workshop=;productivity=-273.6;territory=1805]"
1006102,1006102,Normal,"Building","Waiting","",1,"no strategy candidate [CokeOven:candidate=True;constructible=True;affordable=False;available=False;owned=3;upgradeTo=IndustrialCarbonizationRetort;research=SteamPower|Coking;workshop=;productivity=21.4;territory=1805]"
1006702,1006702,Normal,"Building","Waiting","",1,"productivity or territory is insufficient [CokeOven:candidate=True;constructible=True;affordable=False;available=False;owned=3;upgradeTo=IndustrialCarbonizationRetort;research=SteamPower|Coking;workshop=;productivity=-25.8;territory=1805]"
1007302,1007302,Normal,"Building","Waiting","",1,"productivity or territory is insufficient [CokeOven:candidate=True;constructible=True;affordable=False;available=False;owned=3;upgradeTo=IndustrialCarbonizationRetort;research=SteamPower|Coking;workshop=;productivity=-68.28;territory=1805]"
1007902,1007902,Normal,"Building","Waiting","",1,"productivity or territory is insufficient [CokeOven:candidate=True;constructible=True;affordable=False;available=False;owned=3;upgradeTo=IndustrialCarbonizationRetort;research=SteamPower|Coking;workshop=;productivity=-101.32;territory=1805]"
1008502,1008502,Normal,"Building","Waiting","",1,"productivity or territory is insufficient [CokeOven:candidate=True;constructible=True;affordable=False;available=False;owned=3;upgradeTo=IndustrialCarbonizationRetort;research=SteamPower|Coking;workshop=;productivity=-132;territory=1805]"
1009102,1009102,Normal,"Building","Waiting","",1,"productivity or territory is insufficient [CokeOven:candidate=True;constructible=True;affordable=False;available=False;owned=3;upgradeTo=IndustrialCarbonizationRetort;research=SteamPower|Coking;workshop=;productivity=-155.6;territory=1805]"
1009702,1009702,Normal,"Building","Waiting","",1,"productivity or territory is insufficient [CokeOven:candidate=True;constructible=True;affordable=False;available=False;owned=3;upgradeTo=IndustrialCarbonizationRetort;research=SteamPower|Coking;workshop=;productivity=-174.48;territory=1805]"
1010302,1010302,Normal,"Building","Waiting","",1,"productivity or territory is insufficient [CokeOven:candidate=True;constructible=True;affordable=False;available=False;owned=3;upgradeTo=IndustrialCarbonizationRetort;research=SteamPower|Coking;workshop=;productivity=-191;territory=1805]"
1010902,1010902,Normal,"Building","Waiting","",1,"productivity or territory is insufficient [CokeOven:candidate=True;constructible=True;affordable=False;available=False;owned=3;upgradeTo=IndustrialCarbonizationRetort;research=SteamPower|Coking;workshop=;productivity=-205.16;territory=1805]"
1011502,1011502,Normal,"Building","Waiting","",1,"productivity or territory is insufficient [CokeOven:candidate=True;constructible=True;affordable=False;available=False;owned=3;upgradeTo=IndustrialCarbonizationRetort;research=SteamPower|Coking;workshop=;productivity=-216.96;territory=1805]"
1012102,1012102,Normal,"Building","Waiting","",1,"productivity or territory is insufficient [CokeOven:candidate=True;constructible=True;affordable=False;available=False;owned=3;upgradeTo=IndustrialCarbonizationRetort;research=SteamPower|Coking;workshop=;productivity=-226.4;territory=1805]"
1012702,1012702,Normal,"Building","Waiting","",1,"productivity or territory is insufficient [CokeOven:candidate=True;constructible=True;affordable=False;available=False;owned=3;upgradeTo=IndustrialCarbonizationRetort;research=SteamPower|Coking;workshop=;productivity=-233.48;territory=1805]"
1013302,1013302,Normal,"Building","Waiting","",1,"productivity or territory is insufficient [CokeOven:candidate=True;constructible=True;affordable=False;available=False;owned=3;upgradeTo=IndustrialCarbonizationRetort;research=SteamPower|Coking;workshop=;productivity=-240.56;territory=1805]"
1013902,1013902,Normal,"Building","Waiting","",1,"productivity or territory is insufficient [CokeOven:candidate=True;constructible=True;affordable=False;available=False;owned=3;upgradeTo=IndustrialCarbonizationRetort;research=SteamPower|Coking;workshop=;productivity=-245.28;territory=1805]"
1014502,1014502,Normal,"Building","Waiting","",1,"productivity or territory is insufficient [CokeOven:candidate=True;constructible=True;affordable=False;available=False;owned=3;upgradeTo=IndustrialCarbonizationRetort;research=SteamPower|Coking;workshop=;productivity=-250;territory=1805]"
1015102,1015102,Normal,"Building","Waiting","",1,"productivity or territory is insufficient [CokeOven:candidate=True;constructible=True;affordable=False;available=False;owned=3;upgradeTo=IndustrialCarbonizationRetort;research=SteamPower|Coking;workshop=;productivity=-254.72;territory=1805]"
1015702,1015702,Normal,"Building","Waiting","",1,"productivity or territory is insufficient [CokeOven:candidate=True;constructible=True;affordable=False;available=False;owned=3;upgradeTo=IndustrialCarbonizationRetort;research=SteamPower|Coking;workshop=;productivity=-257.08;territory=1805]"
1016302,1016302,Normal,"Building","Waiting","",1,"productivity or territory is insufficient [CokeOven:candidate=True;constructible=True;affordable=False;available=False;owned=3;upgradeTo=IndustrialCarbonizationRetort;research=SteamPower|Coking;workshop=;productivity=-259.44;territory=1805]"
1016902,1016902,Normal,"Building","Waiting","",1,"productivity or territory is insufficient [CokeOven:candidate=True;constructible=True;affordable=False;available=False;owned=3;upgradeTo=IndustrialCarbonizationRetort;research=SteamPower|Coking;workshop=;productivity=-261.8;territory=1805]"
1017502,1017502,Normal,"Building","Waiting","",1,"productivity or territory is insufficient [CokeOven:candidate=True;constructible=True;affordable=False;available=False;owned=3;upgradeTo=IndustrialCarbonizationRetort;research=SteamPower|Coking;workshop=;productivity=-264.16;territory=1805]"
1018102,1018702,Normal,"Building","Waiting","",2,"productivity or territory is insufficient [CokeOven:candidate=True;constructible=True;affordable=False;available=False;owned=3;upgradeTo=IndustrialCarbonizationRetort;research=SteamPower|Coking;workshop=;productivity=-266.52;territory=1805]"
1019302,1020502,Normal,"Building","Waiting","",3,"productivity or territory is insufficient [CokeOven:candidate=True;constructible=True;affordable=False;available=False;owned=3;upgradeTo=IndustrialCarbonizationRetort;research=SteamPower|Coking;workshop=;productivity=-268.88;territory=1805]"
1021102,1023502,Normal,"Building","Waiting","",5,"productivity or territory is insufficient [CokeOven:candidate=True;constructible=True;affordable=False;available=False;owned=3;upgradeTo=IndustrialCarbonizationRetort;research=SteamPower|Coking;workshop=;productivity=-271.24;territory=1805]"
1024102,1024102,Normal,"Building","Waiting","",1,"productivity or territory is insufficient [CokeOven:candidate=True;constructible=True;affordable=False;available=False;owned=3;upgradeTo=IndustrialCarbonizationRetort;research=SteamPower|Coking;workshop=;productivity=-273.6;territory=1805]"
1024702,1024702,Normal,"Building","Waiting","",1,"no strategy candidate [CokeOven:candidate=True;constructible=True;affordable=False;available=False;owned=3;upgradeTo=IndustrialCarbonizationRetort;research=SteamPower|Coking;workshop=;productivity=21.4;territory=1805]"
1025302,1025302,Normal,"Building","Waiting","",1,"productivity or territory is insufficient [CokeOven:candidate=True;constructible=True;affordable=False;available=False;owned=3;upgradeTo=IndustrialCarbonizationRetort;research=SteamPower|Coking;workshop=;productivity=-25.8;territory=1805]"
1025902,1025902,Normal,"Building","Waiting","",1,"productivity or territory is insufficient [CokeOven:candidate=True;constructible=True;affordable=False;available=False;owned=3;upgradeTo=IndustrialCarbonizationRetort;research=SteamPower|Coking;workshop=;productivity=-68.28;territory=1805]"
1026502,1026502,Normal,"Building","Waiting","",1,"productivity or territory is insufficient [CokeOven:candidate=True;constructible=True;affordable=False;available=False;owned=3;upgradeTo=IndustrialCarbonizationRetort;research=SteamPower|Coking;workshop=;productivity=-101.32;territory=1805]"
1027102,1027102,Normal,"Building","Waiting","",1,"productivity or territory is insufficient [CokeOven:candidate=True;constructible=True;affordable=False;available=False;owned=3;upgradeTo=IndustrialCarbonizationRetort;research=SteamPower|Coking;workshop=;productivity=-132;territory=1805]"
1027702,1027702,Normal,"Building","Waiting","",1,"productivity or territory is insufficient [CokeOven:candidate=True;constructible=True;affordable=False;available=False;owned=3;upgradeTo=IndustrialCarbonizationRetort;research=SteamPower|Coking;workshop=;productivity=-155.6;territory=1805]"
1028302,1028302,Normal,"Building","Waiting","",1,"productivity or territory is insufficient [CokeOven:candidate=True;constructible=True;affordable=False;available=False;owned=3;upgradeTo=IndustrialCarbonizationRetort;research=SteamPower|Coking;workshop=;productivity=-174.48;territory=1805]"
1028902,1028902,Normal,"Building","Waiting","",1,"productivity or territory is insufficient [CokeOven:candidate=True;constructible=True;affordable=False;available=False;owned=3;upgradeTo=IndustrialCarbonizationRetort;research=SteamPower|Coking;workshop=;productivity=-191;territory=1805]"
1029502,1029502,Normal,"Building","Waiting","",1,"productivity or territory is insufficient [CokeOven:candidate=True;constructible=True;affordable=False;available=False;owned=3;upgradeTo=IndustrialCarbonizationRetort;research=SteamPower|Coking;workshop=;productivity=-205.16;territory=1805]"
1030102,1030102,Normal,"Building","Waiting","",1,"productivity or territory is insufficient [CokeOven:candidate=True;constructible=True;affordable=False;available=False;owned=3;upgradeTo=IndustrialCarbonizationRetort;research=SteamPower|Coking;workshop=;productivity=-216.96;territory=1805]"
1030702,1030702,Normal,"Building","Waiting","",1,"productivity or territory is insufficient [CokeOven:candidate=True;constructible=True;affordable=False;available=False;owned=3;upgradeTo=IndustrialCarbonizationRetort;research=SteamPower|Coking;workshop=;productivity=-226.4;territory=1805]"
1031302,1031302,Normal,"Building","Waiting","",1,"productivity or territory is insufficient [CokeOven:candidate=True;constructible=True;affordable=False;available=False;owned=3;upgradeTo=IndustrialCarbonizationRetort;research=SteamPower|Coking;workshop=;productivity=-233.48;territory=1805]"
1031902,1031902,Normal,"Building","Waiting","",1,"productivity or territory is insufficient [CokeOven:candidate=True;constructible=True;affordable=False;available=False;owned=3;upgradeTo=IndustrialCarbonizationRetort;research=SteamPower|Coking;workshop=;productivity=-240.56;territory=1805]"
1032502,1032502,Normal,"Building","Waiting","",1,"productivity or territory is insufficient [CokeOven:candidate=True;constructible=True;affordable=False;available=False;owned=3;upgradeTo=IndustrialCarbonizationRetort;research=SteamPower|Coking;workshop=;productivity=-245.28;territory=1805]"
1033102,1033102,Normal,"Building","Waiting","",1,"productivity or territory is insufficient [CokeOven:candidate=True;constructible=True;affordable=False;available=False;owned=3;upgradeTo=IndustrialCarbonizationRetort;research=SteamPower|Coking;workshop=;productivity=-250;territory=1805]"
1033702,1033702,Normal,"Building","Waiting","",1,"productivity or territory is insufficient [CokeOven:candidate=True;constructible=True;affordable=False;available=False;owned=3;upgradeTo=IndustrialCarbonizationRetort;research=SteamPower|Coking;workshop=;productivity=-254.72;territory=1805]"
1034302,1034302,Normal,"Building","Waiting","",1,"productivity or territory is insufficient [CokeOven:candidate=True;constructible=True;affordable=False;available=False;owned=3;upgradeTo=IndustrialCarbonizationRetort;research=SteamPower|Coking;workshop=;productivity=-257.08;territory=1805]"
1034902,1034902,Normal,"Building","Waiting","",1,"productivity or territory is insufficient [CokeOven:candidate=True;constructible=True;affordable=False;available=False;owned=3;upgradeTo=IndustrialCarbonizationRetort;research=SteamPower|Coking;workshop=;productivity=-259.44;territory=1805]"
1035502,1035502,Normal,"Building","Waiting","",1,"productivity or territory is insufficient [CokeOven:candidate=True;constructible=True;affordable=False;available=False;owned=3;upgradeTo=IndustrialCarbonizationRetort;research=SteamPower|Coking;workshop=;productivity=-261.8;territory=1805]"
1036102,1036102,Normal,"Building","Waiting","",1,"productivity or territory is insufficient [CokeOven:candidate=True;constructible=True;affordable=False;available=False;owned=3;upgradeTo=IndustrialCarbonizationRetort;research=SteamPower|Coking;workshop=;productivity=-264.16;territory=1805]"
1036702,1037302,Normal,"Building","Waiting","",2,"productivity or territory is insufficient [CokeOven:candidate=True;constructible=True;affordable=False;available=False;owned=3;upgradeTo=IndustrialCarbonizationRetort;research=SteamPower|Coking;workshop=;productivity=-266.52;territory=1805]"
1037902,1039102,Normal,"Building","Waiting","",3,"productivity or territory is insufficient [CokeOven:candidate=True;constructible=True;affordable=False;available=False;owned=3;upgradeTo=IndustrialCarbonizationRetort;research=SteamPower|Coking;workshop=;productivity=-268.88;territory=1805]"
1039702,1042102,Normal,"Building","Waiting","",5,"productivity or territory is insufficient [CokeOven:candidate=True;constructible=True;affordable=False;available=False;owned=3;upgradeTo=IndustrialCarbonizationRetort;research=SteamPower|Coking;workshop=;productivity=-271.24;territory=1805]"
1042702,1042702,Normal,"Building","Waiting","",1,"productivity or territory is insufficient [CokeOven:candidate=True;constructible=True;affordable=False;available=False;owned=3;upgradeTo=IndustrialCarbonizationRetort;research=SteamPower|Coking;workshop=;productivity=-273.6;territory=1805]"
1043302,1043302,Normal,"Building","Waiting","",1,"no strategy candidate [CokeOven:candidate=True;constructible=True;affordable=False;available=False;owned=3;upgradeTo=IndustrialCarbonizationRetort;research=SteamPower|Coking;workshop=;productivity=21.4;territory=1805]"
1043902,1043902,Normal,"Building","Waiting","",1,"productivity or territory is insufficient [CokeOven:candidate=True;constructible=True;affordable=False;available=False;owned=3;upgradeTo=IndustrialCarbonizationRetort;research=SteamPower|Coking;workshop=;productivity=-25.8;territory=1805]"
1044502,1044502,Normal,"Building","Waiting","",1,"productivity or territory is insufficient [CokeOven:candidate=True;constructible=True;affordable=False;available=False;owned=3;upgradeTo=IndustrialCarbonizationRetort;research=SteamPower|Coking;workshop=;productivity=-68.28;territory=1805]"
1045102,1045102,Normal,"Building","Waiting","",1,"productivity or territory is insufficient [CokeOven:candidate=True;constructible=True;affordable=False;available=False;owned=3;upgradeTo=IndustrialCarbonizationRetort;research=SteamPower|Coking;workshop=;productivity=-101.32;territory=1805]"
1045702,1045702,Normal,"Building","Waiting","",1,"productivity or territory is insufficient [CokeOven:candidate=True;constructible=True;affordable=False;available=False;owned=3;upgradeTo=IndustrialCarbonizationRetort;research=SteamPower|Coking;workshop=;productivity=-132;territory=1805]"
1046302,1046302,Normal,"Building","Waiting","",1,"productivity or territory is insufficient [CokeOven:candidate=True;constructible=True;affordable=False;available=False;owned=3;upgradeTo=IndustrialCarbonizationRetort;research=SteamPower|Coking;workshop=;productivity=-155.6;territory=1805]"
1046902,1046902,Normal,"Building","Waiting","",1,"productivity or territory is insufficient [CokeOven:candidate=True;constructible=True;affordable=False;available=False;owned=3;upgradeTo=IndustrialCarbonizationRetort;research=SteamPower|Coking;workshop=;productivity=-174.48;territory=1805]"
1047502,1047502,Normal,"Building","Waiting","",1,"productivity or territory is insufficient [CokeOven:candidate=True;constructible=True;affordable=False;available=False;owned=3;upgradeTo=IndustrialCarbonizationRetort;research=SteamPower|Coking;workshop=;productivity=-191;territory=1805]"
1048102,1048102,Normal,"Building","Waiting","",1,"productivity or territory is insufficient [CokeOven:candidate=True;constructible=True;affordable=False;available=False;owned=3;upgradeTo=IndustrialCarbonizationRetort;research=SteamPower|Coking;workshop=;productivity=-205.16;territory=1805]"
1048702,1048702,Normal,"Building","Waiting","",1,"productivity or territory is insufficient [CokeOven:candidate=True;constructible=True;affordable=False;available=False;owned=3;upgradeTo=IndustrialCarbonizationRetort;research=SteamPower|Coking;workshop=;productivity=-216.96;territory=1805]"
1049302,1049302,Normal,"Building","Waiting","",1,"productivity or territory is insufficient [CokeOven:candidate=True;constructible=True;affordable=False;available=False;owned=3;upgradeTo=IndustrialCarbonizationRetort;research=SteamPower|Coking;workshop=;productivity=-226.4;territory=1805]"
1049902,1049902,Normal,"Building","Waiting","",1,"productivity or territory is insufficient [CokeOven:candidate=True;constructible=True;affordable=False;available=False;owned=3;upgradeTo=IndustrialCarbonizationRetort;research=SteamPower|Coking;workshop=;productivity=-233.48;territory=1805]"
1050502,1050502,Normal,"Building","Waiting","",1,"productivity or territory is insufficient [CokeOven:candidate=True;constructible=True;affordable=False;available=False;owned=3;upgradeTo=IndustrialCarbonizationRetort;research=SteamPower|Coking;workshop=;productivity=-240.56;territory=1805]"
1051102,1051102,Normal,"Building","Waiting","",1,"productivity or territory is insufficient [CokeOven:candidate=True;constructible=True;affordable=False;available=False;owned=3;upgradeTo=IndustrialCarbonizationRetort;research=SteamPower|Coking;workshop=;productivity=-245.28;territory=1805]"
1051702,1051702,Normal,"Building","Waiting","",1,"productivity or territory is insufficient [CokeOven:candidate=True;constructible=True;affordable=False;available=False;owned=3;upgradeTo=IndustrialCarbonizationRetort;research=SteamPower|Coking;workshop=;productivity=-250;territory=1805]"
1052302,1052302,Normal,"Building","Waiting","",1,"productivity or territory is insufficient [CokeOven:candidate=True;constructible=True;affordable=False;available=False;owned=3;upgradeTo=IndustrialCarbonizationRetort;research=SteamPower|Coking;workshop=;productivity=-254.72;territory=1805]"
1052902,1052902,Normal,"Building","Waiting","",1,"productivity or territory is insufficient [CokeOven:candidate=True;constructible=True;affordable=False;available=False;owned=3;upgradeTo=IndustrialCarbonizationRetort;research=SteamPower|Coking;workshop=;productivity=-257.08;territory=1805]"
1053502,1053502,Normal,"Building","Waiting","",1,"productivity or territory is insufficient [CokeOven:candidate=True;constructible=True;affordable=False;available=False;owned=3;upgradeTo=IndustrialCarbonizationRetort;research=SteamPower|Coking;workshop=;productivity=-259.44;territory=1805]"
1054102,1054102,Normal,"Building","Waiting","",1,"productivity or territory is insufficient [CokeOven:candidate=True;constructible=True;affordable=False;available=False;owned=3;upgradeTo=IndustrialCarbonizationRetort;research=SteamPower|Coking;workshop=;productivity=-261.8;territory=1805]"
1054702,1054702,Normal,"Building","Waiting","",1,"productivity or territory is insufficient [CokeOven:candidate=True;constructible=True;affordable=False;available=False;owned=3;upgradeTo=IndustrialCarbonizationRetort;research=SteamPower|Coking;workshop=;productivity=-264.16;territory=1805]"
1055302,1055902,Normal,"Building","Waiting","",2,"productivity or territory is insufficient [CokeOven:candidate=True;constructible=True;affordable=False;available=False;owned=3;upgradeTo=IndustrialCarbonizationRetort;research=SteamPower|Coking;workshop=;productivity=-266.52;territory=1805]"
1056502,1057702,Normal,"Building","Waiting","",3,"productivity or territory is insufficient [CokeOven:candidate=True;constructible=True;affordable=False;available=False;owned=3;upgradeTo=IndustrialCarbonizationRetort;research=SteamPower|Coking;workshop=;productivity=-268.88;territory=1805]"
1058302,1060702,Normal,"Building","Waiting","",5,"productivity or territory is insufficient [CokeOven:candidate=True;constructible=True;affordable=False;available=False;owned=3;upgradeTo=IndustrialCarbonizationRetort;research=SteamPower|Coking;workshop=;productivity=-271.24;territory=1805]"
1061302,1061302,Normal,"Building","Waiting","",1,"productivity or territory is insufficient [CokeOven:candidate=True;constructible=True;affordable=False;available=False;owned=3;upgradeTo=IndustrialCarbonizationRetort;research=SteamPower|Coking;workshop=;productivity=-273.6;territory=1805]"
1061902,1061902,Normal,"Building","Waiting","",1,"no strategy candidate [CokeOven:candidate=True;constructible=True;affordable=False;available=False;owned=3;upgradeTo=IndustrialCarbonizationRetort;research=SteamPower|Coking;workshop=;productivity=21.4;territory=1805]"
1062502,1062502,Normal,"Building","Waiting","",1,"productivity or territory is insufficient [CokeOven:candidate=True;constructible=True;affordable=False;available=False;owned=3;upgradeTo=IndustrialCarbonizationRetort;research=SteamPower|Coking;workshop=;productivity=-25.8;territory=1805]"
1063102,1063102,Normal,"Building","Waiting","",1,"productivity or territory is insufficient [CokeOven:candidate=True;constructible=True;affordable=False;available=False;owned=3;upgradeTo=IndustrialCarbonizationRetort;research=SteamPower|Coking;workshop=;productivity=-68.28;territory=1805]"
1063702,1063702,Normal,"Building","Waiting","",1,"productivity or territory is insufficient [CokeOven:candidate=True;constructible=True;affordable=False;available=False;owned=3;upgradeTo=IndustrialCarbonizationRetort;research=SteamPower|Coking;workshop=;productivity=-101.32;territory=1805]"
1064302,1064302,Normal,"Building","Waiting","",1,"productivity or territory is insufficient [CokeOven:candidate=True;constructible=True;affordable=False;available=False;owned=3;upgradeTo=IndustrialCarbonizationRetort;research=SteamPower|Coking;workshop=;productivity=-132;territory=1805]"
1064902,1064902,Normal,"Building","Waiting","",1,"productivity or territory is insufficient [CokeOven:candidate=True;constructible=True;affordable=False;available=False;owned=3;upgradeTo=IndustrialCarbonizationRetort;research=SteamPower|Coking;workshop=;productivity=-155.6;territory=1805]"
1065502,1065502,Normal,"Building","Waiting","",1,"productivity or territory is insufficient [CokeOven:candidate=True;constructible=True;affordable=False;available=False;owned=3;upgradeTo=IndustrialCarbonizationRetort;research=SteamPower|Coking;workshop=;productivity=-174.48;territory=1805]"
1066102,1066102,Normal,"Building","Waiting","",1,"productivity or territory is insufficient [CokeOven:candidate=True;constructible=True;affordable=False;available=False;owned=3;upgradeTo=IndustrialCarbonizationRetort;research=SteamPower|Coking;workshop=;productivity=-191;territory=1805]"
1066702,1066702,Normal,"Building","Waiting","",1,"productivity or territory is insufficient [CokeOven:candidate=True;constructible=True;affordable=False;available=False;owned=3;upgradeTo=IndustrialCarbonizationRetort;research=SteamPower|Coking;workshop=;productivity=-205.16;territory=1805]"
1067302,1067302,Normal,"Building","Waiting","",1,"productivity or territory is insufficient [CokeOven:candidate=True;constructible=True;affordable=False;available=False;owned=3;upgradeTo=IndustrialCarbonizationRetort;research=SteamPower|Coking;workshop=;productivity=-216.96;territory=1805]"
1067902,1067902,Normal,"Building","Waiting","",1,"productivity or territory is insufficient [CokeOven:candidate=True;constructible=True;affordable=False;available=False;owned=3;upgradeTo=IndustrialCarbonizationRetort;research=SteamPower|Coking;workshop=;productivity=-226.4;territory=1805]"
1068502,1068502,Normal,"Building","Waiting","",1,"productivity or territory is insufficient [CokeOven:candidate=True;constructible=True;affordable=False;available=False;owned=3;upgradeTo=IndustrialCarbonizationRetort;research=SteamPower|Coking;workshop=;productivity=-233.48;territory=1805]"
1069102,1069102,Normal,"Building","Waiting","",1,"productivity or territory is insufficient [CokeOven:candidate=True;constructible=True;affordable=False;available=False;owned=3;upgradeTo=IndustrialCarbonizationRetort;research=SteamPower|Coking;workshop=;productivity=-240.56;territory=1805]"
1069702,1069702,Normal,"Building","Waiting","",1,"productivity or territory is insufficient [CokeOven:candidate=True;constructible=True;affordable=False;available=False;owned=3;upgradeTo=IndustrialCarbonizationRetort;research=SteamPower|Coking;workshop=;productivity=-245.28;territory=1805]"
1070302,1070302,Normal,"Building","Waiting","",1,"productivity or territory is insufficient [CokeOven:candidate=True;constructible=True;affordable=False;available=False;owned=3;upgradeTo=IndustrialCarbonizationRetort;research=SteamPower|Coking;workshop=;productivity=-250;territory=1805]"
1070902,1070902,Normal,"Building","Waiting","",1,"productivity or territory is insufficient [CokeOven:candidate=True;constructible=True;affordable=False;available=False;owned=3;upgradeTo=IndustrialCarbonizationRetort;research=SteamPower|Coking;workshop=;productivity=-254.72;territory=1805]"
1071502,1071502,Normal,"Building","Waiting","",1,"productivity or territory is insufficient [CokeOven:candidate=True;constructible=True;affordable=False;available=False;owned=3;upgradeTo=IndustrialCarbonizationRetort;research=SteamPower|Coking;workshop=;productivity=-257.08;territory=1805]"
1072102,1072102,Normal,"Building","Waiting","",1,"productivity or territory is insufficient [CokeOven:candidate=True;constructible=True;affordable=False;available=False;owned=3;upgradeTo=IndustrialCarbonizationRetort;research=SteamPower|Coking;workshop=;productivity=-259.44;territory=1805]"
1072702,1072702,Normal,"Building","Waiting","",1,"productivity or territory is insufficient [CokeOven:candidate=True;constructible=True;affordable=False;available=False;owned=3;upgradeTo=IndustrialCarbonizationRetort;research=SteamPower|Coking;workshop=;productivity=-261.8;territory=1805]"
1073302,1073302,Normal,"Building","Waiting","",1,"productivity or territory is insufficient [CokeOven:candidate=True;constructible=True;affordable=False;available=False;owned=3;upgradeTo=IndustrialCarbonizationRetort;research=SteamPower|Coking;workshop=;productivity=-264.16;territory=1805]"
1073902,1074502,Normal,"Building","Waiting","",2,"productivity or territory is insufficient [CokeOven:candidate=True;constructible=True;affordable=False;available=False;owned=3;upgradeTo=IndustrialCarbonizationRetort;research=SteamPower|Coking;workshop=;productivity=-266.52;territory=1805]"
1075102,1076302,Normal,"Building","Waiting","",3,"productivity or territory is insufficient [CokeOven:candidate=True;constructible=True;affordable=False;available=False;owned=3;upgradeTo=IndustrialCarbonizationRetort;research=SteamPower|Coking;workshop=;productivity=-268.88;territory=1805]"
1076902,1079302,Normal,"Building","Waiting","",5,"productivity or territory is insufficient [CokeOven:candidate=True;constructible=True;affordable=False;available=False;owned=3;upgradeTo=IndustrialCarbonizationRetort;research=SteamPower|Coking;workshop=;productivity=-271.24;territory=1805]"
1079902,1079902,Normal,"Building","Waiting","",1,"productivity or territory is insufficient [CokeOven:candidate=True;constructible=True;affordable=False;available=False;owned=3;upgradeTo=IndustrialCarbonizationRetort;research=SteamPower|Coking;workshop=;productivity=-273.6;territory=1805]"
1080502,1080502,Normal,"Building","Waiting","",1,"no strategy candidate [CokeOven:candidate=True;constructible=True;affordable=False;available=False;owned=3;upgradeTo=IndustrialCarbonizationRetort;research=SteamPower|Coking;workshop=;productivity=21.4;territory=1805]"
1081102,1081102,Normal,"Building","Waiting","",1,"productivity or territory is insufficient [CokeOven:candidate=True;constructible=True;affordable=False;available=False;owned=3;upgradeTo=IndustrialCarbonizationRetort;research=SteamPower|Coking;workshop=;productivity=-25.8;territory=1805]"
1081702,1081702,Normal,"Building","Waiting","",1,"productivity or territory is insufficient [CokeOven:candidate=True;constructible=True;affordable=False;available=False;owned=3;upgradeTo=IndustrialCarbonizationRetort;research=SteamPower|Coking;workshop=;productivity=-68.28;territory=1805]"
1082302,1082302,Normal,"Building","Waiting","",1,"productivity or territory is insufficient [CokeOven:candidate=True;constructible=True;affordable=False;available=False;owned=3;upgradeTo=IndustrialCarbonizationRetort;research=SteamPower|Coking;workshop=;productivity=-101.32;territory=1805]"
1082902,1082902,Normal,"Building","Waiting","",1,"productivity or territory is insufficient [CokeOven:candidate=True;constructible=True;affordable=False;available=False;owned=3;upgradeTo=IndustrialCarbonizationRetort;research=SteamPower|Coking;workshop=;productivity=-132;territory=1805]"
1083502,1083502,Normal,"Building","Waiting","",1,"productivity or territory is insufficient [CokeOven:candidate=True;constructible=True;affordable=False;available=False;owned=3;upgradeTo=IndustrialCarbonizationRetort;research=SteamPower|Coking;workshop=;productivity=-155.6;territory=1805]"
1084102,1084102,Normal,"Building","Waiting","",1,"productivity or territory is insufficient [CokeOven:candidate=True;constructible=True;affordable=False;available=False;owned=3;upgradeTo=IndustrialCarbonizationRetort;research=SteamPower|Coking;workshop=;productivity=-174.48;territory=1805]"
1084702,1084702,Normal,"Building","Waiting","",1,"productivity or territory is insufficient [CokeOven:candidate=True;constructible=True;affordable=False;available=False;owned=3;upgradeTo=IndustrialCarbonizationRetort;research=SteamPower|Coking;workshop=;productivity=-191;territory=1805]"
1085302,1085302,Normal,"Building","Waiting","",1,"productivity or territory is insufficient [CokeOven:candidate=True;constructible=True;affordable=False;available=False;owned=3;upgradeTo=IndustrialCarbonizationRetort;research=SteamPower|Coking;workshop=;productivity=-205.16;territory=1805]"
1085902,1085902,Normal,"Building","Waiting","",1,"productivity or territory is insufficient [CokeOven:candidate=True;constructible=True;affordable=False;available=False;owned=3;upgradeTo=IndustrialCarbonizationRetort;research=SteamPower|Coking;workshop=;productivity=-216.96;territory=1805]"
1086502,1086502,Normal,"Building","Waiting","",1,"productivity or territory is insufficient [CokeOven:candidate=True;constructible=True;affordable=False;available=False;owned=3;upgradeTo=IndustrialCarbonizationRetort;research=SteamPower|Coking;workshop=;productivity=-226.4;territory=1805]"
1087102,1087102,Normal,"Building","Waiting","",1,"productivity or territory is insufficient [CokeOven:candidate=True;constructible=True;affordable=False;available=False;owned=3;upgradeTo=IndustrialCarbonizationRetort;research=SteamPower|Coking;workshop=;productivity=-233.48;territory=1805]"
1087702,1087702,Normal,"Building","Waiting","",1,"productivity or territory is insufficient [CokeOven:candidate=True;constructible=True;affordable=False;available=False;owned=3;upgradeTo=IndustrialCarbonizationRetort;research=SteamPower|Coking;workshop=;productivity=-240.56;territory=1805]"
1088302,1088302,Normal,"Building","Waiting","",1,"productivity or territory is insufficient [CokeOven:candidate=True;constructible=True;affordable=False;available=False;owned=3;upgradeTo=IndustrialCarbonizationRetort;research=SteamPower|Coking;workshop=;productivity=-245.28;territory=1805]"
1088902,1088902,Normal,"Building","Waiting","",1,"productivity or territory is insufficient [CokeOven:candidate=True;constructible=True;affordable=False;available=False;owned=3;upgradeTo=IndustrialCarbonizationRetort;research=SteamPower|Coking;workshop=;productivity=-250;territory=1805]"
1089502,1089502,Normal,"Building","Waiting","",1,"productivity or territory is insufficient [CokeOven:candidate=True;constructible=True;affordable=False;available=False;owned=3;upgradeTo=IndustrialCarbonizationRetort;research=SteamPower|Coking;workshop=;productivity=-254.72;territory=1805]"
1090102,1090102,Normal,"Building","Waiting","",1,"productivity or territory is insufficient [CokeOven:candidate=True;constructible=True;affordable=False;available=False;owned=3;upgradeTo=IndustrialCarbonizationRetort;research=SteamPower|Coking;workshop=;productivity=-257.08;territory=1805]"
1090702,1090702,Normal,"Building","Waiting","",1,"productivity or territory is insufficient [CokeOven:candidate=True;constructible=True;affordable=False;available=False;owned=3;upgradeTo=IndustrialCarbonizationRetort;research=SteamPower|Coking;workshop=;productivity=-259.44;territory=1805]"
1091302,1091302,Normal,"Building","Waiting","",1,"productivity or territory is insufficient [CokeOven:candidate=True;constructible=True;affordable=False;available=False;owned=3;upgradeTo=IndustrialCarbonizationRetort;research=SteamPower|Coking;workshop=;productivity=-261.8;territory=1805]"
1091902,1091902,Normal,"Building","Waiting","",1,"productivity or territory is insufficient [CokeOven:candidate=True;constructible=True;affordable=False;available=False;owned=3;upgradeTo=IndustrialCarbonizationRetort;research=SteamPower|Coking;workshop=;productivity=-264.16;territory=1805]"
1092502,1093102,Normal,"Building","Waiting","",2,"productivity or territory is insufficient [CokeOven:candidate=True;constructible=True;affordable=False;available=False;owned=3;upgradeTo=IndustrialCarbonizationRetort;research=SteamPower|Coking;workshop=;productivity=-266.52;territory=1805]"
1093702,1094902,Normal,"Building","Waiting","",3,"productivity or territory is insufficient [CokeOven:candidate=True;constructible=True;affordable=False;available=False;owned=3;upgradeTo=IndustrialCarbonizationRetort;research=SteamPower|Coking;workshop=;productivity=-268.88;territory=1805]"
1095502,1097902,Normal,"Building","Waiting","",5,"productivity or territory is insufficient [CokeOven:candidate=True;constructible=True;affordable=False;available=False;owned=3;upgradeTo=IndustrialCarbonizationRetort;research=SteamPower|Coking;workshop=;productivity=-271.24;territory=1805]"
1098502,1098502,Normal,"Building","Waiting","",1,"productivity or territory is insufficient [CokeOven:candidate=True;constructible=True;affordable=False;available=False;owned=3;upgradeTo=IndustrialCarbonizationRetort;research=SteamPower|Coking;workshop=;productivity=-273.6;territory=1805]"
1099102,1099102,Normal,"Building","Waiting","",1,"no strategy candidate [CokeOven:candidate=True;constructible=True;affordable=False;available=False;owned=3;upgradeTo=IndustrialCarbonizationRetort;research=SteamPower|Coking;workshop=;productivity=21.4;territory=1805]"
1099702,1099702,Normal,"Building","Waiting","",1,"productivity or territory is insufficient [CokeOven:candidate=True;constructible=True;affordable=False;available=False;owned=3;upgradeTo=IndustrialCarbonizationRetort;research=SteamPower|Coking;workshop=;productivity=-25.8;territory=1805]"
1100302,1100302,Normal,"Building","Waiting","",1,"productivity or territory is insufficient [CokeOven:candidate=True;constructible=True;affordable=False;available=False;owned=3;upgradeTo=IndustrialCarbonizationRetort;research=SteamPower|Coking;workshop=;productivity=-68.28;territory=1805]"
1100902,1100902,Normal,"Building","Waiting","",1,"productivity or territory is insufficient [CokeOven:candidate=True;constructible=True;affordable=False;available=False;owned=3;upgradeTo=IndustrialCarbonizationRetort;research=SteamPower|Coking;workshop=;productivity=-101.32;territory=1805]"
1101502,1101502,Normal,"Building","Waiting","",1,"productivity or territory is insufficient [CokeOven:candidate=True;constructible=True;affordable=False;available=False;owned=3;upgradeTo=IndustrialCarbonizationRetort;research=SteamPower|Coking;workshop=;productivity=-132;territory=1805]"
1102102,1102102,Normal,"Building","Waiting","",1,"productivity or territory is insufficient [CokeOven:candidate=True;constructible=True;affordable=False;available=False;owned=3;upgradeTo=IndustrialCarbonizationRetort;research=SteamPower|Coking;workshop=;productivity=-155.6;territory=1805]"
1102702,1102702,Normal,"Building","Waiting","",1,"productivity or territory is insufficient [CokeOven:candidate=True;constructible=True;affordable=False;available=False;owned=3;upgradeTo=IndustrialCarbonizationRetort;research=SteamPower|Coking;workshop=;productivity=-174.48;territory=1805]"
1103302,1103302,Normal,"Building","Waiting","",1,"productivity or territory is insufficient [CokeOven:candidate=True;constructible=True;affordable=False;available=False;owned=3;upgradeTo=IndustrialCarbonizationRetort;research=SteamPower|Coking;workshop=;productivity=-191;territory=1805]"
1103902,1103902,Normal,"Building","Waiting","",1,"productivity or territory is insufficient [CokeOven:candidate=True;constructible=True;affordable=False;available=False;owned=3;upgradeTo=IndustrialCarbonizationRetort;research=SteamPower|Coking;workshop=;productivity=-205.16;territory=1805]"
1104502,1104502,Normal,"Building","Waiting","",1,"productivity or territory is insufficient [CokeOven:candidate=True;constructible=True;affordable=False;available=False;owned=3;upgradeTo=IndustrialCarbonizationRetort;research=SteamPower|Coking;workshop=;productivity=-216.96;territory=1805]"
1105102,1105102,Normal,"Building","Waiting","",1,"productivity or territory is insufficient [CokeOven:candidate=True;constructible=True;affordable=False;available=False;owned=3;upgradeTo=IndustrialCarbonizationRetort;research=SteamPower|Coking;workshop=;productivity=-226.4;territory=1805]"
1105702,1105702,Normal,"Building","Waiting","",1,"productivity or territory is insufficient [CokeOven:candidate=True;constructible=True;affordable=False;available=False;owned=3;upgradeTo=IndustrialCarbonizationRetort;research=SteamPower|Coking;workshop=;productivity=-233.48;territory=1805]"
1106302,1106302,Normal,"Building","Waiting","",1,"productivity or territory is insufficient [CokeOven:candidate=True;constructible=True;affordable=False;available=False;owned=3;upgradeTo=IndustrialCarbonizationRetort;research=SteamPower|Coking;workshop=;productivity=-240.56;territory=1805]"
1106902,1106902,Normal,"Building","Waiting","",1,"productivity or territory is insufficient [CokeOven:candidate=True;constructible=True;affordable=False;available=False;owned=3;upgradeTo=IndustrialCarbonizationRetort;research=SteamPower|Coking;workshop=;productivity=-245.28;territory=1805]"
1107502,1107502,Normal,"Building","Waiting","",1,"productivity or territory is insufficient [CokeOven:candidate=True;constructible=True;affordable=False;available=False;owned=3;upgradeTo=IndustrialCarbonizationRetort;research=SteamPower|Coking;workshop=;productivity=-250;territory=1805]"
1108102,1108102,Normal,"Building","Waiting","",1,"productivity or territory is insufficient [CokeOven:candidate=True;constructible=True;affordable=False;available=False;owned=3;upgradeTo=IndustrialCarbonizationRetort;research=SteamPower|Coking;workshop=;productivity=-254.72;territory=1805]"
1108702,1108702,Normal,"Building","Waiting","",1,"productivity or territory is insufficient [CokeOven:candidate=True;constructible=True;affordable=False;available=False;owned=3;upgradeTo=IndustrialCarbonizationRetort;research=SteamPower|Coking;workshop=;productivity=-257.08;territory=1805]"
1109302,1109302,Normal,"Building","Waiting","",1,"productivity or territory is insufficient [CokeOven:candidate=True;constructible=True;affordable=False;available=False;owned=3;upgradeTo=IndustrialCarbonizationRetort;research=SteamPower|Coking;workshop=;productivity=-259.44;territory=1805]"
1109902,1109902,Normal,"Building","Waiting","",1,"productivity or territory is insufficient [CokeOven:candidate=True;constructible=True;affordable=False;available=False;owned=3;upgradeTo=IndustrialCarbonizationRetort;research=SteamPower|Coking;workshop=;productivity=-261.8;territory=1805]"
1110502,1110502,Normal,"Building","Waiting","",1,"productivity or territory is insufficient [CokeOven:candidate=True;constructible=True;affordable=False;available=False;owned=3;upgradeTo=IndustrialCarbonizationRetort;research=SteamPower|Coking;workshop=;productivity=-264.16;territory=1805]"
1111102,1111702,Normal,"Building","Waiting","",2,"productivity or territory is insufficient [CokeOven:candidate=True;constructible=True;affordable=False;available=False;owned=3;upgradeTo=IndustrialCarbonizationRetort;research=SteamPower|Coking;workshop=;productivity=-266.52;territory=1805]"
1112302,1113502,Normal,"Building","Waiting","",3,"productivity or territory is insufficient [CokeOven:candidate=True;constructible=True;affordable=False;available=False;owned=3;upgradeTo=IndustrialCarbonizationRetort;research=SteamPower|Coking;workshop=;productivity=-268.88;territory=1805]"
1114102,1116502,Normal,"Building","Waiting","",5,"productivity or territory is insufficient [CokeOven:candidate=True;constructible=True;affordable=False;available=False;owned=3;upgradeTo=IndustrialCarbonizationRetort;research=SteamPower|Coking;workshop=;productivity=-271.24;territory=1805]"
1117102,1117102,Normal,"Building","Waiting","",1,"productivity or territory is insufficient [CokeOven:candidate=True;constructible=True;affordable=False;available=False;owned=3;upgradeTo=IndustrialCarbonizationRetort;research=SteamPower|Coking;workshop=;productivity=-273.6;territory=1805]"
1117702,1117702,Normal,"Building","Waiting","",1,"no strategy candidate [CokeOven:candidate=True;constructible=True;affordable=False;available=False;owned=3;upgradeTo=IndustrialCarbonizationRetort;research=SteamPower|Coking;workshop=;productivity=21.4;territory=1805]"
1118302,1118302,Normal,"Building","Waiting","",1,"productivity or territory is insufficient [CokeOven:candidate=True;constructible=True;affordable=False;available=False;owned=3;upgradeTo=IndustrialCarbonizationRetort;research=SteamPower|Coking;workshop=;productivity=-25.8;territory=1805]"
1118902,1118902,Normal,"Building","Waiting","",1,"productivity or territory is insufficient [CokeOven:candidate=True;constructible=True;affordable=False;available=False;owned=3;upgradeTo=IndustrialCarbonizationRetort;research=SteamPower|Coking;workshop=;productivity=-68.28;territory=1805]"
1119502,1119502,Normal,"Building","Waiting","",1,"productivity or territory is insufficient [CokeOven:candidate=True;constructible=True;affordable=False;available=False;owned=3;upgradeTo=IndustrialCarbonizationRetort;research=SteamPower|Coking;workshop=;productivity=-101.32;territory=1805]"
1120102,1120102,Normal,"Building","Waiting","",1,"productivity or territory is insufficient [CokeOven:candidate=True;constructible=True;affordable=False;available=False;owned=3;upgradeTo=IndustrialCarbonizationRetort;research=SteamPower|Coking;workshop=;productivity=-132;territory=1805]"
1120702,1120702,Normal,"Building","Waiting","",1,"productivity or territory is insufficient [CokeOven:candidate=True;constructible=True;affordable=False;available=False;owned=3;upgradeTo=IndustrialCarbonizationRetort;research=SteamPower|Coking;workshop=;productivity=-155.6;territory=1805]"
1121302,1121302,Normal,"Building","Waiting","",1,"productivity or territory is insufficient [CokeOven:candidate=True;constructible=True;affordable=False;available=False;owned=3;upgradeTo=IndustrialCarbonizationRetort;research=SteamPower|Coking;workshop=;productivity=-174.48;territory=1805]"
1121902,1121902,Normal,"Building","Waiting","",1,"productivity or territory is insufficient [CokeOven:candidate=True;constructible=True;affordable=False;available=False;owned=3;upgradeTo=IndustrialCarbonizationRetort;research=SteamPower|Coking;workshop=;productivity=-191;territory=1805]"
1122502,1122502,Normal,"Building","Waiting","",1,"productivity or territory is insufficient [CokeOven:candidate=True;constructible=True;affordable=False;available=False;owned=3;upgradeTo=IndustrialCarbonizationRetort;research=SteamPower|Coking;workshop=;productivity=-205.16;territory=1805]"
1123102,1123102,Normal,"Building","Waiting","",1,"productivity or territory is insufficient [CokeOven:candidate=True;constructible=True;affordable=False;available=False;owned=3;upgradeTo=IndustrialCarbonizationRetort;research=SteamPower|Coking;workshop=;productivity=-216.96;territory=1805]"
1123702,1123702,Normal,"Building","Waiting","",1,"productivity or territory is insufficient [CokeOven:candidate=True;constructible=True;affordable=False;available=False;owned=3;upgradeTo=IndustrialCarbonizationRetort;research=SteamPower|Coking;workshop=;productivity=-226.4;territory=1805]"
1124302,1124302,Normal,"Building","Waiting","",1,"productivity or territory is insufficient [CokeOven:candidate=True;constructible=True;affordable=False;available=False;owned=3;upgradeTo=IndustrialCarbonizationRetort;research=SteamPower|Coking;workshop=;productivity=-233.48;territory=1805]"
1124902,1124902,Normal,"Building","Waiting","",1,"productivity or territory is insufficient [CokeOven:candidate=True;constructible=True;affordable=False;available=False;owned=3;upgradeTo=IndustrialCarbonizationRetort;research=SteamPower|Coking;workshop=;productivity=-240.56;territory=1805]"
1125502,1125502,Normal,"Building","Waiting","",1,"productivity or territory is insufficient [CokeOven:candidate=True;constructible=True;affordable=False;available=False;owned=3;upgradeTo=IndustrialCarbonizationRetort;research=SteamPower|Coking;workshop=;productivity=-245.28;territory=1805]"
1126102,1126102,Normal,"Building","Waiting","",1,"productivity or territory is insufficient [CokeOven:candidate=True;constructible=True;affordable=False;available=False;owned=3;upgradeTo=IndustrialCarbonizationRetort;research=SteamPower|Coking;workshop=;productivity=-250;territory=1805]"
1126702,1126702,Normal,"Building","Waiting","",1,"productivity or territory is insufficient [CokeOven:candidate=True;constructible=True;affordable=False;available=False;owned=3;upgradeTo=IndustrialCarbonizationRetort;research=SteamPower|Coking;workshop=;productivity=-254.72;territory=1805]"
1127302,1127302,Normal,"Building","Waiting","",1,"productivity or territory is insufficient [CokeOven:candidate=True;constructible=True;affordable=False;available=False;owned=3;upgradeTo=IndustrialCarbonizationRetort;research=SteamPower|Coking;workshop=;productivity=-257.08;territory=1805]"
1127902,1127902,Normal,"Building","Waiting","",1,"productivity or territory is insufficient [CokeOven:candidate=True;constructible=True;affordable=False;available=False;owned=3;upgradeTo=IndustrialCarbonizationRetort;research=SteamPower|Coking;workshop=;productivity=-259.44;territory=1805]"
1128502,1128502,Normal,"Building","Waiting","",1,"productivity or territory is insufficient [CokeOven:candidate=True;constructible=True;affordable=False;available=False;owned=3;upgradeTo=IndustrialCarbonizationRetort;research=SteamPower|Coking;workshop=;productivity=-261.8;territory=1805]"
1129102,1129102,Normal,"Building","Waiting","",1,"productivity or territory is insufficient [CokeOven:candidate=True;constructible=True;affordable=False;available=False;owned=3;upgradeTo=IndustrialCarbonizationRetort;research=SteamPower|Coking;workshop=;productivity=-264.16;territory=1805]"
1129702,1130302,Normal,"Building","Waiting","",2,"productivity or territory is insufficient [CokeOven:candidate=True;constructible=True;affordable=False;available=False;owned=3;upgradeTo=IndustrialCarbonizationRetort;research=SteamPower|Coking;workshop=;productivity=-266.52;territory=1805]"
1130902,1132102,Normal,"Building","Waiting","",3,"productivity or territory is insufficient [CokeOven:candidate=True;constructible=True;affordable=False;available=False;owned=3;upgradeTo=IndustrialCarbonizationRetort;research=SteamPower|Coking;workshop=;productivity=-268.88;territory=1805]"
1132702,1135102,Normal,"Building","Waiting","",5,"productivity or territory is insufficient [CokeOven:candidate=True;constructible=True;affordable=False;available=False;owned=3;upgradeTo=IndustrialCarbonizationRetort;research=SteamPower|Coking;workshop=;productivity=-271.24;territory=1805]"
1135702,1135702,Normal,"Building","Waiting","",1,"productivity or territory is insufficient [CokeOven:candidate=True;constructible=True;affordable=False;available=False;owned=3;upgradeTo=IndustrialCarbonizationRetort;research=SteamPower|Coking;workshop=;productivity=-273.6;territory=1805]"
1136302,1136302,Normal,"Building","Waiting","",1,"no strategy candidate [CokeOven:candidate=True;constructible=True;affordable=False;available=False;owned=3;upgradeTo=IndustrialCarbonizationRetort;research=SteamPower|Coking;workshop=;productivity=21.4;territory=1805]"
1136902,1136902,Normal,"Building","Waiting","",1,"productivity or territory is insufficient [CokeOven:candidate=True;constructible=True;affordable=False;available=False;owned=3;upgradeTo=IndustrialCarbonizationRetort;research=SteamPower|Coking;workshop=;productivity=-25.8;territory=1805]"
1137502,1137502,Normal,"Building","Waiting","",1,"productivity or territory is insufficient [CokeOven:candidate=True;constructible=True;affordable=False;available=False;owned=3;upgradeTo=IndustrialCarbonizationRetort;research=SteamPower|Coking;workshop=;productivity=-68.28;territory=1805]"
1138102,1138102,Normal,"Building","Waiting","",1,"productivity or territory is insufficient [CokeOven:candidate=True;constructible=True;affordable=False;available=False;owned=3;upgradeTo=IndustrialCarbonizationRetort;research=SteamPower|Coking;workshop=;productivity=-101.32;territory=1805]"
1138702,1138702,Normal,"Building","Waiting","",1,"productivity or territory is insufficient [CokeOven:candidate=True;constructible=True;affordable=False;available=False;owned=3;upgradeTo=IndustrialCarbonizationRetort;research=SteamPower|Coking;workshop=;productivity=-132;territory=1805]"
1139302,1139302,Normal,"Building","Waiting","",1,"productivity or territory is insufficient [CokeOven:candidate=True;constructible=True;affordable=False;available=False;owned=3;upgradeTo=IndustrialCarbonizationRetort;research=SteamPower|Coking;workshop=;productivity=-155.6;territory=1805]"
1139902,1139902,Normal,"Building","Waiting","",1,"productivity or territory is insufficient [CokeOven:candidate=True;constructible=True;affordable=False;available=False;owned=3;upgradeTo=IndustrialCarbonizationRetort;research=SteamPower|Coking;workshop=;productivity=-174.48;territory=1805]"
1140502,1140502,Normal,"Building","Waiting","",1,"productivity or territory is insufficient [CokeOven:candidate=True;constructible=True;affordable=False;available=False;owned=3;upgradeTo=IndustrialCarbonizationRetort;research=SteamPower|Coking;workshop=;productivity=-191;territory=1805]"
1141102,1141102,Normal,"Building","Waiting","",1,"productivity or territory is insufficient [CokeOven:candidate=True;constructible=True;affordable=False;available=False;owned=3;upgradeTo=IndustrialCarbonizationRetort;research=SteamPower|Coking;workshop=;productivity=-205.16;territory=1805]"
1141702,1141702,Normal,"Building","Waiting","",1,"productivity or territory is insufficient [CokeOven:candidate=True;constructible=True;affordable=False;available=False;owned=3;upgradeTo=IndustrialCarbonizationRetort;research=SteamPower|Coking;workshop=;productivity=-216.96;territory=1805]"
1142302,1142302,Normal,"Building","Waiting","",1,"productivity or territory is insufficient [CokeOven:candidate=True;constructible=True;affordable=False;available=False;owned=3;upgradeTo=IndustrialCarbonizationRetort;research=SteamPower|Coking;workshop=;productivity=-226.4;territory=1805]"
1142902,1142902,Normal,"Building","Waiting","",1,"productivity or territory is insufficient [CokeOven:candidate=True;constructible=True;affordable=False;available=False;owned=3;upgradeTo=IndustrialCarbonizationRetort;research=SteamPower|Coking;workshop=;productivity=-233.48;territory=1805]"
1143502,1143502,Normal,"Building","Waiting","",1,"productivity or territory is insufficient [CokeOven:candidate=True;constructible=True;affordable=False;available=False;owned=3;upgradeTo=IndustrialCarbonizationRetort;research=SteamPower|Coking;workshop=;productivity=-240.56;territory=1805]"
1144102,1144102,Normal,"Building","Waiting","",1,"productivity or territory is insufficient [CokeOven:candidate=True;constructible=True;affordable=False;available=False;owned=3;upgradeTo=IndustrialCarbonizationRetort;research=SteamPower|Coking;workshop=;productivity=-245.28;territory=1805]"
1144702,1144702,Normal,"Building","Waiting","",1,"productivity or territory is insufficient [CokeOven:candidate=True;constructible=True;affordable=False;available=False;owned=3;upgradeTo=IndustrialCarbonizationRetort;research=SteamPower|Coking;workshop=;productivity=-250;territory=1805]"
1145302,1145302,Normal,"Building","Waiting","",1,"productivity or territory is insufficient [CokeOven:candidate=True;constructible=True;affordable=False;available=False;owned=3;upgradeTo=IndustrialCarbonizationRetort;research=SteamPower|Coking;workshop=;productivity=-254.72;territory=1805]"
1145902,1145902,Normal,"Building","Waiting","",1,"productivity or territory is insufficient [CokeOven:candidate=True;constructible=True;affordable=False;available=False;owned=3;upgradeTo=IndustrialCarbonizationRetort;research=SteamPower|Coking;workshop=;productivity=-257.08;territory=1805]"
1146502,1146502,Normal,"Building","Waiting","",1,"productivity or territory is insufficient [CokeOven:candidate=True;constructible=True;affordable=False;available=False;owned=3;upgradeTo=IndustrialCarbonizationRetort;research=SteamPower|Coking;workshop=;productivity=-259.44;territory=1805]"
1147102,1147102,Normal,"Building","Waiting","",1,"productivity or territory is insufficient [CokeOven:candidate=True;constructible=True;affordable=False;available=False;owned=3;upgradeTo=IndustrialCarbonizationRetort;research=SteamPower|Coking;workshop=;productivity=-261.8;territory=1805]"
1147702,1147702,Normal,"Building","Waiting","",1,"productivity or territory is insufficient [CokeOven:candidate=True;constructible=True;affordable=False;available=False;owned=3;upgradeTo=IndustrialCarbonizationRetort;research=SteamPower|Coking;workshop=;productivity=-264.16;territory=1805]"
1148302,1148902,Normal,"Building","Waiting","",2,"productivity or territory is insufficient [CokeOven:candidate=True;constructible=True;affordable=False;available=False;owned=3;upgradeTo=IndustrialCarbonizationRetort;research=SteamPower|Coking;workshop=;productivity=-266.52;territory=1805]"
1149502,1150702,Normal,"Building","Waiting","",3,"productivity or territory is insufficient [CokeOven:candidate=True;constructible=True;affordable=False;available=False;owned=3;upgradeTo=IndustrialCarbonizationRetort;research=SteamPower|Coking;workshop=;productivity=-268.88;territory=1805]"
1151302,1153702,Normal,"Building","Waiting","",5,"productivity or territory is insufficient [CokeOven:candidate=True;constructible=True;affordable=False;available=False;owned=3;upgradeTo=IndustrialCarbonizationRetort;research=SteamPower|Coking;workshop=;productivity=-271.24;territory=1805]"
1154302,1154302,Normal,"Building","Waiting","",1,"productivity or territory is insufficient [CokeOven:candidate=True;constructible=True;affordable=False;available=False;owned=3;upgradeTo=IndustrialCarbonizationRetort;research=SteamPower|Coking;workshop=;productivity=-273.6;territory=1805]"
1154902,1154902,Normal,"Building","Waiting","",1,"no strategy candidate [CokeOven:candidate=True;constructible=True;affordable=False;available=False;owned=3;upgradeTo=IndustrialCarbonizationRetort;research=SteamPower|Coking;workshop=;productivity=21.4;territory=1805]"
1155502,1155502,Normal,"Building","Waiting","",1,"productivity or territory is insufficient [CokeOven:candidate=True;constructible=True;affordable=False;available=False;owned=3;upgradeTo=IndustrialCarbonizationRetort;research=SteamPower|Coking;workshop=;productivity=-25.8;territory=1805]"
1156102,1156102,Normal,"Building","Waiting","",1,"productivity or territory is insufficient [CokeOven:candidate=True;constructible=True;affordable=False;available=False;owned=3;upgradeTo=IndustrialCarbonizationRetort;research=SteamPower|Coking;workshop=;productivity=-68.28;territory=1805]"
1156702,1156702,Normal,"Building","Waiting","",1,"productivity or territory is insufficient [CokeOven:candidate=True;constructible=True;affordable=False;available=False;owned=3;upgradeTo=IndustrialCarbonizationRetort;research=SteamPower|Coking;workshop=;productivity=-101.32;territory=1805]"
1157302,1157302,Normal,"Building","Waiting","",1,"productivity or territory is insufficient [CokeOven:candidate=True;constructible=True;affordable=False;available=False;owned=3;upgradeTo=IndustrialCarbonizationRetort;research=SteamPower|Coking;workshop=;productivity=-132;territory=1805]"
1157902,1157902,Normal,"Building","Waiting","",1,"productivity or territory is insufficient [CokeOven:candidate=True;constructible=True;affordable=False;available=False;owned=3;upgradeTo=IndustrialCarbonizationRetort;research=SteamPower|Coking;workshop=;productivity=-155.6;territory=1805]"
1158502,1158502,Normal,"Building","Waiting","",1,"productivity or territory is insufficient [CokeOven:candidate=True;constructible=True;affordable=False;available=False;owned=3;upgradeTo=IndustrialCarbonizationRetort;research=SteamPower|Coking;workshop=;productivity=-174.48;territory=1805]"
1159102,1159102,Normal,"Building","Waiting","",1,"productivity or territory is insufficient [CokeOven:candidate=True;constructible=True;affordable=False;available=False;owned=3;upgradeTo=IndustrialCarbonizationRetort;research=SteamPower|Coking;workshop=;productivity=-191;territory=1805]"
1159702,1159702,Normal,"Building","Waiting","",1,"productivity or territory is insufficient [CokeOven:candidate=True;constructible=True;affordable=False;available=False;owned=3;upgradeTo=IndustrialCarbonizationRetort;research=SteamPower|Coking;workshop=;productivity=-205.16;territory=1805]"
1160302,1160302,Normal,"Building","Waiting","",1,"productivity or territory is insufficient [CokeOven:candidate=True;constructible=True;affordable=False;available=False;owned=3;upgradeTo=IndustrialCarbonizationRetort;research=SteamPower|Coking;workshop=;productivity=-216.96;territory=1805]"
1160902,1160902,Normal,"Building","Waiting","",1,"productivity or territory is insufficient [CokeOven:candidate=True;constructible=True;affordable=False;available=False;owned=3;upgradeTo=IndustrialCarbonizationRetort;research=SteamPower|Coking;workshop=;productivity=-226.4;territory=1805]"
1161502,1161502,Normal,"Building","Waiting","",1,"productivity or territory is insufficient [CokeOven:candidate=True;constructible=True;affordable=False;available=False;owned=3;upgradeTo=IndustrialCarbonizationRetort;research=SteamPower|Coking;workshop=;productivity=-233.48;territory=1805]"
1162102,1162102,Normal,"Building","Waiting","",1,"productivity or territory is insufficient [CokeOven:candidate=True;constructible=True;affordable=False;available=False;owned=3;upgradeTo=IndustrialCarbonizationRetort;research=SteamPower|Coking;workshop=;productivity=-240.56;territory=1805]"
1162702,1162702,Normal,"Building","Waiting","",1,"productivity or territory is insufficient [CokeOven:candidate=True;constructible=True;affordable=False;available=False;owned=3;upgradeTo=IndustrialCarbonizationRetort;research=SteamPower|Coking;workshop=;productivity=-245.28;territory=1805]"
1163302,1163302,Normal,"Building","Waiting","",1,"productivity or territory is insufficient [CokeOven:candidate=True;constructible=True;affordable=False;available=False;owned=3;upgradeTo=IndustrialCarbonizationRetort;research=SteamPower|Coking;workshop=;productivity=-250;territory=1805]"
1163902,1163902,Normal,"Building","Waiting","",1,"productivity or territory is insufficient [CokeOven:candidate=True;constructible=True;affordable=False;available=False;owned=3;upgradeTo=IndustrialCarbonizationRetort;research=SteamPower|Coking;workshop=;productivity=-254.72;territory=1805]"
1164502,1164502,Normal,"Building","Waiting","",1,"productivity or territory is insufficient [CokeOven:candidate=True;constructible=True;affordable=False;available=False;owned=3;upgradeTo=IndustrialCarbonizationRetort;research=SteamPower|Coking;workshop=;productivity=-257.08;territory=1805]"
1165102,1165102,Normal,"Building","Waiting","",1,"productivity or territory is insufficient [CokeOven:candidate=True;constructible=True;affordable=False;available=False;owned=3;upgradeTo=IndustrialCarbonizationRetort;research=SteamPower|Coking;workshop=;productivity=-259.44;territory=1805]"
1165702,1165702,Normal,"Building","Waiting","",1,"productivity or territory is insufficient [CokeOven:candidate=True;constructible=True;affordable=False;available=False;owned=3;upgradeTo=IndustrialCarbonizationRetort;research=SteamPower|Coking;workshop=;productivity=-261.8;territory=1805]"
1166302,1166302,Normal,"Building","Waiting","",1,"productivity or territory is insufficient [CokeOven:candidate=True;constructible=True;affordable=False;available=False;owned=3;upgradeTo=IndustrialCarbonizationRetort;research=SteamPower|Coking;workshop=;productivity=-264.16;territory=1805]"
1166902,1167502,Normal,"Building","Waiting","",2,"productivity or territory is insufficient [CokeOven:candidate=True;constructible=True;affordable=False;available=False;owned=3;upgradeTo=IndustrialCarbonizationRetort;research=SteamPower|Coking;workshop=;productivity=-266.52;territory=1805]"
1168102,1169302,Normal,"Building","Waiting","",3,"productivity or territory is insufficient [CokeOven:candidate=True;constructible=True;affordable=False;available=False;owned=3;upgradeTo=IndustrialCarbonizationRetort;research=SteamPower|Coking;workshop=;productivity=-268.88;territory=1805]"
1169902,1172302,Normal,"Building","Waiting","",5,"productivity or territory is insufficient [CokeOven:candidate=True;constructible=True;affordable=False;available=False;owned=3;upgradeTo=IndustrialCarbonizationRetort;research=SteamPower|Coking;workshop=;productivity=-271.24;territory=1805]"
1172902,1172902,Normal,"Building","Waiting","",1,"productivity or territory is insufficient [CokeOven:candidate=True;constructible=True;affordable=False;available=False;owned=3;upgradeTo=IndustrialCarbonizationRetort;research=SteamPower|Coking;workshop=;productivity=-273.6;territory=1805]"
1173502,1173502,Normal,"Building","Waiting","",1,"no strategy candidate [CokeOven:candidate=True;constructible=True;affordable=False;available=False;owned=3;upgradeTo=IndustrialCarbonizationRetort;research=SteamPower|Coking;workshop=;productivity=21.4;territory=1805]"
1174102,1174102,Normal,"Building","Waiting","",1,"productivity or territory is insufficient [CokeOven:candidate=True;constructible=True;affordable=False;available=False;owned=3;upgradeTo=IndustrialCarbonizationRetort;research=SteamPower|Coking;workshop=;productivity=-25.8;territory=1805]"
1174702,1174702,Normal,"Building","Waiting","",1,"productivity or territory is insufficient [CokeOven:candidate=True;constructible=True;affordable=False;available=False;owned=3;upgradeTo=IndustrialCarbonizationRetort;research=SteamPower|Coking;workshop=;productivity=-68.28;territory=1805]"
1175302,1175302,Normal,"Building","Waiting","",1,"productivity or territory is insufficient [CokeOven:candidate=True;constructible=True;affordable=False;available=False;owned=3;upgradeTo=IndustrialCarbonizationRetort;research=SteamPower|Coking;workshop=;productivity=-101.32;territory=1805]"
1175902,1175902,Normal,"Building","Waiting","",1,"productivity or territory is insufficient [CokeOven:candidate=True;constructible=True;affordable=False;available=False;owned=3;upgradeTo=IndustrialCarbonizationRetort;research=SteamPower|Coking;workshop=;productivity=-132;territory=1805]"
1176502,1176502,Normal,"Building","Waiting","",1,"productivity or territory is insufficient [CokeOven:candidate=True;constructible=True;affordable=False;available=False;owned=3;upgradeTo=IndustrialCarbonizationRetort;research=SteamPower|Coking;workshop=;productivity=-155.6;territory=1805]"
1177102,1177102,Normal,"Building","Waiting","",1,"productivity or territory is insufficient [CokeOven:candidate=True;constructible=True;affordable=False;available=False;owned=3;upgradeTo=IndustrialCarbonizationRetort;research=SteamPower|Coking;workshop=;productivity=-174.48;territory=1805]"
1177702,1177702,Normal,"Building","Waiting","",1,"productivity or territory is insufficient [CokeOven:candidate=True;constructible=True;affordable=False;available=False;owned=3;upgradeTo=IndustrialCarbonizationRetort;research=SteamPower|Coking;workshop=;productivity=-191;territory=1805]"
1178302,1178302,Normal,"Building","Waiting","",1,"productivity or territory is insufficient [CokeOven:candidate=True;constructible=True;affordable=False;available=False;owned=3;upgradeTo=IndustrialCarbonizationRetort;research=SteamPower|Coking;workshop=;productivity=-205.16;territory=1805]"
1178902,1178902,Normal,"Building","Waiting","",1,"productivity or territory is insufficient [CokeOven:candidate=True;constructible=True;affordable=False;available=False;owned=3;upgradeTo=IndustrialCarbonizationRetort;research=SteamPower|Coking;workshop=;productivity=-216.96;territory=1805]"
1179502,1179502,Normal,"Building","Waiting","",1,"productivity or territory is insufficient [CokeOven:candidate=True;constructible=True;affordable=False;available=False;owned=3;upgradeTo=IndustrialCarbonizationRetort;research=SteamPower|Coking;workshop=;productivity=-226.4;territory=1805]"
1180102,1180102,Normal,"Building","Waiting","",1,"productivity or territory is insufficient [CokeOven:candidate=True;constructible=True;affordable=False;available=False;owned=3;upgradeTo=IndustrialCarbonizationRetort;research=SteamPower|Coking;workshop=;productivity=-233.48;territory=1805]"
1180702,1180702,Normal,"Building","Waiting","",1,"productivity or territory is insufficient [CokeOven:candidate=True;constructible=True;affordable=False;available=False;owned=3;upgradeTo=IndustrialCarbonizationRetort;research=SteamPower|Coking;workshop=;productivity=-240.56;territory=1805]"
1181302,1181302,Normal,"Building","Waiting","",1,"productivity or territory is insufficient [CokeOven:candidate=True;constructible=True;affordable=False;available=False;owned=3;upgradeTo=IndustrialCarbonizationRetort;research=SteamPower|Coking;workshop=;productivity=-245.28;territory=1805]"
1181902,1181902,Normal,"Building","Waiting","",1,"productivity or territory is insufficient [CokeOven:candidate=True;constructible=True;affordable=False;available=False;owned=3;upgradeTo=IndustrialCarbonizationRetort;research=SteamPower|Coking;workshop=;productivity=-250;territory=1805]"
1182502,1182502,Normal,"Building","Waiting","",1,"productivity or territory is insufficient [CokeOven:candidate=True;constructible=True;affordable=False;available=False;owned=3;upgradeTo=IndustrialCarbonizationRetort;research=SteamPower|Coking;workshop=;productivity=-254.72;territory=1805]"
1183102,1183102,Normal,"Building","Waiting","",1,"productivity or territory is insufficient [CokeOven:candidate=True;constructible=True;affordable=False;available=False;owned=3;upgradeTo=IndustrialCarbonizationRetort;research=SteamPower|Coking;workshop=;productivity=-257.08;territory=1805]"
1183702,1183702,Normal,"Building","Waiting","",1,"productivity or territory is insufficient [CokeOven:candidate=True;constructible=True;affordable=False;available=False;owned=3;upgradeTo=IndustrialCarbonizationRetort;research=SteamPower|Coking;workshop=;productivity=-259.44;territory=1805]"
1184302,1184302,Normal,"Building","Waiting","",1,"productivity or territory is insufficient [CokeOven:candidate=True;constructible=True;affordable=False;available=False;owned=3;upgradeTo=IndustrialCarbonizationRetort;research=SteamPower|Coking;workshop=;productivity=-261.8;territory=1805]"
1184902,1184902,Normal,"Building","Waiting","",1,"productivity or territory is insufficient [CokeOven:candidate=True;constructible=True;affordable=False;available=False;owned=3;upgradeTo=IndustrialCarbonizationRetort;research=SteamPower|Coking;workshop=;productivity=-264.16;territory=1805]"
1185502,1186102,Normal,"Building","Waiting","",2,"productivity or territory is insufficient [CokeOven:candidate=True;constructible=True;affordable=False;available=False;owned=3;upgradeTo=IndustrialCarbonizationRetort;research=SteamPower|Coking;workshop=;productivity=-266.52;territory=1805]"
1186702,1187902,Normal,"Building","Waiting","",3,"productivity or territory is insufficient [CokeOven:candidate=True;constructible=True;affordable=False;available=False;owned=3;upgradeTo=IndustrialCarbonizationRetort;research=SteamPower|Coking;workshop=;productivity=-268.88;territory=1805]"
1188502,1190902,Normal,"Building","Waiting","",5,"productivity or territory is insufficient [CokeOven:candidate=True;constructible=True;affordable=False;available=False;owned=3;upgradeTo=IndustrialCarbonizationRetort;research=SteamPower|Coking;workshop=;productivity=-271.24;territory=1805]"
1191502,1191502,Normal,"Building","Waiting","",1,"productivity or territory is insufficient [CokeOven:candidate=True;constructible=True;affordable=False;available=False;owned=3;upgradeTo=IndustrialCarbonizationRetort;research=SteamPower|Coking;workshop=;productivity=-273.6;territory=1805]"
1192102,1192102,Normal,"Building","Waiting","",1,"no strategy candidate [CokeOven:candidate=True;constructible=True;affordable=False;available=False;owned=3;upgradeTo=IndustrialCarbonizationRetort;research=SteamPower|Coking;workshop=;productivity=21.4;territory=1805]"
1192702,1192702,Normal,"Building","Waiting","",1,"productivity or territory is insufficient [CokeOven:candidate=True;constructible=True;affordable=False;available=False;owned=3;upgradeTo=IndustrialCarbonizationRetort;research=SteamPower|Coking;workshop=;productivity=-25.8;territory=1805]"
1193302,1193302,Normal,"Building","Waiting","",1,"productivity or territory is insufficient [CokeOven:candidate=True;constructible=True;affordable=False;available=False;owned=3;upgradeTo=IndustrialCarbonizationRetort;research=SteamPower|Coking;workshop=;productivity=-68.28;territory=1805]"
1193902,1193902,Normal,"Building","Waiting","",1,"productivity or territory is insufficient [CokeOven:candidate=True;constructible=True;affordable=False;available=False;owned=3;upgradeTo=IndustrialCarbonizationRetort;research=SteamPower|Coking;workshop=;productivity=-101.32;territory=1805]"
1194502,1194502,Normal,"Building","Waiting","",1,"productivity or territory is insufficient [CokeOven:candidate=True;constructible=True;affordable=False;available=False;owned=3;upgradeTo=IndustrialCarbonizationRetort;research=SteamPower|Coking;workshop=;productivity=-132;territory=1805]"
1195102,1195102,Normal,"Building","Waiting","",1,"productivity or territory is insufficient [CokeOven:candidate=True;constructible=True;affordable=False;available=False;owned=3;upgradeTo=IndustrialCarbonizationRetort;research=SteamPower|Coking;workshop=;productivity=-155.6;territory=1805]"
1195702,1195702,Normal,"Building","Waiting","",1,"productivity or territory is insufficient [CokeOven:candidate=True;constructible=True;affordable=False;available=False;owned=3;upgradeTo=IndustrialCarbonizationRetort;research=SteamPower|Coking;workshop=;productivity=-174.48;territory=1805]"
1196302,1196302,Normal,"Building","Waiting","",1,"productivity or territory is insufficient [CokeOven:candidate=True;constructible=True;affordable=False;available=False;owned=3;upgradeTo=IndustrialCarbonizationRetort;research=SteamPower|Coking;workshop=;productivity=-191;territory=1805]"
1196902,1196902,Normal,"Building","Waiting","",1,"productivity or territory is insufficient [CokeOven:candidate=True;constructible=True;affordable=False;available=False;owned=3;upgradeTo=IndustrialCarbonizationRetort;research=SteamPower|Coking;workshop=;productivity=-205.16;territory=1805]"
1197502,1197502,Normal,"Building","Waiting","",1,"productivity or territory is insufficient [CokeOven:candidate=True;constructible=True;affordable=False;available=False;owned=3;upgradeTo=IndustrialCarbonizationRetort;research=SteamPower|Coking;workshop=;productivity=-216.96;territory=1805]"
1198102,1198102,Normal,"Building","Waiting","",1,"productivity or territory is insufficient [CokeOven:candidate=True;constructible=True;affordable=False;available=False;owned=3;upgradeTo=IndustrialCarbonizationRetort;research=SteamPower|Coking;workshop=;productivity=-226.4;territory=1805]"
1198702,1198702,Normal,"Building","Waiting","",1,"productivity or territory is insufficient [CokeOven:candidate=True;constructible=True;affordable=False;available=False;owned=3;upgradeTo=IndustrialCarbonizationRetort;research=SteamPower|Coking;workshop=;productivity=-233.48;territory=1805]"
1199302,1199302,Normal,"Building","Waiting","",1,"productivity or territory is insufficient [CokeOven:candidate=True;constructible=True;affordable=False;available=False;owned=3;upgradeTo=IndustrialCarbonizationRetort;research=SteamPower|Coking;workshop=;productivity=-240.56;territory=1805]"
1199902,1199902,Normal,"Building","Waiting","",1,"productivity or territory is insufficient [CokeOven:candidate=True;constructible=True;affordable=False;available=False;owned=3;upgradeTo=IndustrialCarbonizationRetort;research=SteamPower|Coking;workshop=;productivity=-245.28;territory=1805]"
1200502,1200502,Normal,"Building","Waiting","",1,"productivity or territory is insufficient [CokeOven:candidate=True;constructible=True;affordable=False;available=False;owned=3;upgradeTo=IndustrialCarbonizationRetort;research=SteamPower|Coking;workshop=;productivity=-250;territory=1805]"
1201102,1201102,Normal,"Building","Waiting","",1,"productivity or territory is insufficient [CokeOven:candidate=True;constructible=True;affordable=False;available=False;owned=3;upgradeTo=IndustrialCarbonizationRetort;research=SteamPower|Coking;workshop=;productivity=-254.72;territory=1805]"
1201702,1201702,Normal,"Building","Waiting","",1,"productivity or territory is insufficient [CokeOven:candidate=True;constructible=True;affordable=False;available=False;owned=3;upgradeTo=IndustrialCarbonizationRetort;research=SteamPower|Coking;workshop=;productivity=-257.08;territory=1805]"
1202302,1202302,Normal,"Building","Waiting","",1,"productivity or territory is insufficient [CokeOven:candidate=True;constructible=True;affordable=False;available=False;owned=3;upgradeTo=IndustrialCarbonizationRetort;research=SteamPower|Coking;workshop=;productivity=-259.44;territory=1805]"
1202902,1202902,Normal,"Building","Waiting","",1,"productivity or territory is insufficient [CokeOven:candidate=True;constructible=True;affordable=False;available=False;owned=3;upgradeTo=IndustrialCarbonizationRetort;research=SteamPower|Coking;workshop=;productivity=-261.8;territory=1805]"
1203502,1203502,Normal,"Building","Waiting","",1,"productivity or territory is insufficient [CokeOven:candidate=True;constructible=True;affordable=False;available=False;owned=3;upgradeTo=IndustrialCarbonizationRetort;research=SteamPower|Coking;workshop=;productivity=-264.16;territory=1805]"
1204102,1204702,Normal,"Building","Waiting","",2,"productivity or territory is insufficient [CokeOven:candidate=True;constructible=True;affordable=False;available=False;owned=3;upgradeTo=IndustrialCarbonizationRetort;research=SteamPower|Coking;workshop=;productivity=-266.52;territory=1805]"
1205302,1206502,Normal,"Building","Waiting","",3,"productivity or territory is insufficient [CokeOven:candidate=True;constructible=True;affordable=False;available=False;owned=3;upgradeTo=IndustrialCarbonizationRetort;research=SteamPower|Coking;workshop=;productivity=-268.88;territory=1805]"
1207102,1209502,Normal,"Building","Waiting","",5,"productivity or territory is insufficient [CokeOven:candidate=True;constructible=True;affordable=False;available=False;owned=3;upgradeTo=IndustrialCarbonizationRetort;research=SteamPower|Coking;workshop=;productivity=-271.24;territory=1805]"
1210102,1210102,Normal,"Building","Waiting","",1,"productivity or territory is insufficient [CokeOven:candidate=True;constructible=True;affordable=False;available=False;owned=3;upgradeTo=IndustrialCarbonizationRetort;research=SteamPower|Coking;workshop=;productivity=-273.6;territory=1805]"
1210702,1210702,Normal,"Building","Waiting","",1,"no strategy candidate [CokeOven:candidate=True;constructible=True;affordable=False;available=False;owned=3;upgradeTo=IndustrialCarbonizationRetort;research=SteamPower|Coking;workshop=;productivity=21.4;territory=1805]"
1211302,1211302,Normal,"Building","Waiting","",1,"productivity or territory is insufficient [CokeOven:candidate=True;constructible=True;affordable=False;available=False;owned=3;upgradeTo=IndustrialCarbonizationRetort;research=SteamPower|Coking;workshop=;productivity=-25.8;territory=1805]"
1211902,1211902,Normal,"Building","Waiting","",1,"productivity or territory is insufficient [CokeOven:candidate=True;constructible=True;affordable=False;available=False;owned=3;upgradeTo=IndustrialCarbonizationRetort;research=SteamPower|Coking;workshop=;productivity=-68.28;territory=1805]"
1212502,1212502,Normal,"Building","Waiting","",1,"productivity or territory is insufficient [CokeOven:candidate=True;constructible=True;affordable=False;available=False;owned=3;upgradeTo=IndustrialCarbonizationRetort;research=SteamPower|Coking;workshop=;productivity=-101.32;territory=1805]"
1213102,1213102,Normal,"Building","Waiting","",1,"productivity or territory is insufficient [CokeOven:candidate=True;constructible=True;affordable=False;available=False;owned=3;upgradeTo=IndustrialCarbonizationRetort;research=SteamPower|Coking;workshop=;productivity=-132;territory=1805]"
1213702,1213702,Normal,"Building","Waiting","",1,"productivity or territory is insufficient [CokeOven:candidate=True;constructible=True;affordable=False;available=False;owned=3;upgradeTo=IndustrialCarbonizationRetort;research=SteamPower|Coking;workshop=;productivity=-155.6;territory=1805]"
1214302,1214302,Normal,"Building","Waiting","",1,"productivity or territory is insufficient [CokeOven:candidate=True;constructible=True;affordable=False;available=False;owned=3;upgradeTo=IndustrialCarbonizationRetort;research=SteamPower|Coking;workshop=;productivity=-174.48;territory=1805]"
1214902,1214902,Normal,"Building","Waiting","",1,"productivity or territory is insufficient [CokeOven:candidate=True;constructible=True;affordable=False;available=False;owned=3;upgradeTo=IndustrialCarbonizationRetort;research=SteamPower|Coking;workshop=;productivity=-191;territory=1805]"
1215502,1215502,Normal,"Building","Waiting","",1,"productivity or territory is insufficient [CokeOven:candidate=True;constructible=True;affordable=False;available=False;owned=3;upgradeTo=IndustrialCarbonizationRetort;research=SteamPower|Coking;workshop=;productivity=-205.16;territory=1805]"
1216102,1216102,Normal,"Building","Waiting","",1,"productivity or territory is insufficient [CokeOven:candidate=True;constructible=True;affordable=False;available=False;owned=3;upgradeTo=IndustrialCarbonizationRetort;research=SteamPower|Coking;workshop=;productivity=-216.96;territory=1805]"
1216702,1216702,Normal,"Building","Waiting","",1,"productivity or territory is insufficient [CokeOven:candidate=True;constructible=True;affordable=False;available=False;owned=3;upgradeTo=IndustrialCarbonizationRetort;research=SteamPower|Coking;workshop=;productivity=-226.4;territory=1805]"
1217302,1217302,Normal,"Building","Waiting","",1,"productivity or territory is insufficient [CokeOven:candidate=True;constructible=True;affordable=False;available=False;owned=3;upgradeTo=IndustrialCarbonizationRetort;research=SteamPower|Coking;workshop=;productivity=-233.48;territory=1805]"
1217902,1217902,Normal,"Building","Waiting","",1,"productivity or territory is insufficient [CokeOven:candidate=True;constructible=True;affordable=False;available=False;owned=3;upgradeTo=IndustrialCarbonizationRetort;research=SteamPower|Coking;workshop=;productivity=-240.56;territory=1805]"
1218502,1218502,Normal,"Building","Waiting","",1,"productivity or territory is insufficient [CokeOven:candidate=True;constructible=True;affordable=False;available=False;owned=3;upgradeTo=IndustrialCarbonizationRetort;research=SteamPower|Coking;workshop=;productivity=-245.28;territory=1805]"
1219102,1219102,Normal,"Building","Waiting","",1,"productivity or territory is insufficient [CokeOven:candidate=True;constructible=True;affordable=False;available=False;owned=3;upgradeTo=IndustrialCarbonizationRetort;research=SteamPower|Coking;workshop=;productivity=-250;territory=1805]"
1219702,1219702,Normal,"Building","Waiting","",1,"productivity or territory is insufficient [CokeOven:candidate=True;constructible=True;affordable=False;available=False;owned=3;upgradeTo=IndustrialCarbonizationRetort;research=SteamPower|Coking;workshop=;productivity=-254.72;territory=1805]"
1220302,1220302,Normal,"Building","Waiting","",1,"productivity or territory is insufficient [CokeOven:candidate=True;constructible=True;affordable=False;available=False;owned=3;upgradeTo=IndustrialCarbonizationRetort;research=SteamPower|Coking;workshop=;productivity=-257.08;territory=1805]"
1220902,1220902,Normal,"Building","Waiting","",1,"productivity or territory is insufficient [CokeOven:candidate=True;constructible=True;affordable=False;available=False;owned=3;upgradeTo=IndustrialCarbonizationRetort;research=SteamPower|Coking;workshop=;productivity=-259.44;territory=1805]"
1221502,1221502,Normal,"Building","Waiting","",1,"productivity or territory is insufficient [CokeOven:candidate=True;constructible=True;affordable=False;available=False;owned=3;upgradeTo=IndustrialCarbonizationRetort;research=SteamPower|Coking;workshop=;productivity=-261.8;territory=1805]"
1222102,1222102,Normal,"Building","Waiting","",1,"productivity or territory is insufficient [CokeOven:candidate=True;constructible=True;affordable=False;available=False;owned=3;upgradeTo=IndustrialCarbonizationRetort;research=SteamPower|Coking;workshop=;productivity=-264.16;territory=1805]"
1222702,1223302,Normal,"Building","Waiting","",2,"productivity or territory is insufficient [CokeOven:candidate=True;constructible=True;affordable=False;available=False;owned=3;upgradeTo=IndustrialCarbonizationRetort;research=SteamPower|Coking;workshop=;productivity=-266.52;territory=1805]"
1223902,1225102,Normal,"Building","Waiting","",3,"productivity or territory is insufficient [CokeOven:candidate=True;constructible=True;affordable=False;available=False;owned=3;upgradeTo=IndustrialCarbonizationRetort;research=SteamPower|Coking;workshop=;productivity=-268.88;territory=1805]"
1225702,1228102,Normal,"Building","Waiting","",5,"productivity or territory is insufficient [CokeOven:candidate=True;constructible=True;affordable=False;available=False;owned=3;upgradeTo=IndustrialCarbonizationRetort;research=SteamPower|Coking;workshop=;productivity=-271.24;territory=1805]"
1228702,1228702,Normal,"Building","Waiting","",1,"productivity or territory is insufficient [CokeOven:candidate=True;constructible=True;affordable=False;available=False;owned=3;upgradeTo=IndustrialCarbonizationRetort;research=SteamPower|Coking;workshop=;productivity=-273.6;territory=1805]"
1229302,1229302,Normal,"Building","Waiting","",1,"no strategy candidate [CokeOven:candidate=True;constructible=True;affordable=False;available=False;owned=3;upgradeTo=IndustrialCarbonizationRetort;research=SteamPower|Coking;workshop=;productivity=21.4;territory=1805]"
1229902,1229902,Normal,"Building","Waiting","",1,"productivity or territory is insufficient [CokeOven:candidate=True;constructible=True;affordable=False;available=False;owned=3;upgradeTo=IndustrialCarbonizationRetort;research=SteamPower|Coking;workshop=;productivity=-25.8;territory=1805]"
1230502,1230502,Normal,"Building","Waiting","",1,"productivity or territory is insufficient [CokeOven:candidate=True;constructible=True;affordable=False;available=False;owned=3;upgradeTo=IndustrialCarbonizationRetort;research=SteamPower|Coking;workshop=;productivity=-68.28;territory=1805]"
1231102,1231102,Normal,"Building","Waiting","",1,"productivity or territory is insufficient [CokeOven:candidate=True;constructible=True;affordable=False;available=False;owned=3;upgradeTo=IndustrialCarbonizationRetort;research=SteamPower|Coking;workshop=;productivity=-101.32;territory=1805]"
1231702,1231702,Normal,"Building","Waiting","",1,"productivity or territory is insufficient [CokeOven:candidate=True;constructible=True;affordable=False;available=False;owned=3;upgradeTo=IndustrialCarbonizationRetort;research=SteamPower|Coking;workshop=;productivity=-132;territory=1805]"
1232302,1232302,Normal,"Building","Waiting","",1,"productivity or territory is insufficient [CokeOven:candidate=True;constructible=True;affordable=False;available=False;owned=3;upgradeTo=IndustrialCarbonizationRetort;research=SteamPower|Coking;workshop=;productivity=-155.6;territory=1805]"
1232902,1232902,Normal,"Building","Waiting","",1,"productivity or territory is insufficient [CokeOven:candidate=True;constructible=True;affordable=False;available=False;owned=3;upgradeTo=IndustrialCarbonizationRetort;research=SteamPower|Coking;workshop=;productivity=-174.48;territory=1805]"
1233502,1233502,Normal,"Building","Waiting","",1,"productivity or territory is insufficient [CokeOven:candidate=True;constructible=True;affordable=False;available=False;owned=3;upgradeTo=IndustrialCarbonizationRetort;research=SteamPower|Coking;workshop=;productivity=-191;territory=1805]"
1234102,1234102,Normal,"Building","Waiting","",1,"productivity or territory is insufficient [CokeOven:candidate=True;constructible=True;affordable=False;available=False;owned=3;upgradeTo=IndustrialCarbonizationRetort;research=SteamPower|Coking;workshop=;productivity=-205.16;territory=1805]"
1234702,1234702,Normal,"Building","Waiting","",1,"productivity or territory is insufficient [CokeOven:candidate=True;constructible=True;affordable=False;available=False;owned=3;upgradeTo=IndustrialCarbonizationRetort;research=SteamPower|Coking;workshop=;productivity=-216.96;territory=1805]"
1235302,1235302,Normal,"Building","Waiting","",1,"productivity or territory is insufficient [CokeOven:candidate=True;constructible=True;affordable=False;available=False;owned=3;upgradeTo=IndustrialCarbonizationRetort;research=SteamPower|Coking;workshop=;productivity=-226.4;territory=1805]"
1235902,1235902,Normal,"Building","Waiting","",1,"productivity or territory is insufficient [CokeOven:candidate=True;constructible=True;affordable=False;available=False;owned=3;upgradeTo=IndustrialCarbonizationRetort;research=SteamPower|Coking;workshop=;productivity=-233.48;territory=1805]"
1236502,1236502,Normal,"Building","Waiting","",1,"productivity or territory is insufficient [CokeOven:candidate=True;constructible=True;affordable=False;available=False;owned=3;upgradeTo=IndustrialCarbonizationRetort;research=SteamPower|Coking;workshop=;productivity=-240.56;territory=1805]"
1237102,1237102,Normal,"Building","Waiting","",1,"productivity or territory is insufficient [CokeOven:candidate=True;constructible=True;affordable=False;available=False;owned=3;upgradeTo=IndustrialCarbonizationRetort;research=SteamPower|Coking;workshop=;productivity=-245.28;territory=1805]"
1237702,1237702,Normal,"Building","Waiting","",1,"productivity or territory is insufficient [CokeOven:candidate=True;constructible=True;affordable=False;available=False;owned=3;upgradeTo=IndustrialCarbonizationRetort;research=SteamPower|Coking;workshop=;productivity=-250;territory=1805]"
1238302,1238302,Normal,"Building","Waiting","",1,"productivity or territory is insufficient [CokeOven:candidate=True;constructible=True;affordable=False;available=False;owned=3;upgradeTo=IndustrialCarbonizationRetort;research=SteamPower|Coking;workshop=;productivity=-254.72;territory=1805]"
1238902,1238902,Normal,"Building","Waiting","",1,"productivity or territory is insufficient [CokeOven:candidate=True;constructible=True;affordable=False;available=False;owned=3;upgradeTo=IndustrialCarbonizationRetort;research=SteamPower|Coking;workshop=;productivity=-257.08;territory=1805]"
1239502,1239502,Normal,"Building","Waiting","",1,"productivity or territory is insufficient [CokeOven:candidate=True;constructible=True;affordable=False;available=False;owned=3;upgradeTo=IndustrialCarbonizationRetort;research=SteamPower|Coking;workshop=;productivity=-259.44;territory=1805]"
1240102,1240102,Normal,"Building","Waiting","",1,"productivity or territory is insufficient [CokeOven:candidate=True;constructible=True;affordable=False;available=False;owned=3;upgradeTo=IndustrialCarbonizationRetort;research=SteamPower|Coking;workshop=;productivity=-261.8;territory=1805]"
1240702,1240702,Normal,"Building","Waiting","",1,"productivity or territory is insufficient [CokeOven:candidate=True;constructible=True;affordable=False;available=False;owned=3;upgradeTo=IndustrialCarbonizationRetort;research=SteamPower|Coking;workshop=;productivity=-264.16;territory=1805]"
1241302,1241902,Normal,"Building","Waiting","",2,"productivity or territory is insufficient [CokeOven:candidate=True;constructible=True;affordable=False;available=False;owned=3;upgradeTo=IndustrialCarbonizationRetort;research=SteamPower|Coking;workshop=;productivity=-266.52;territory=1805]"
1242502,1243702,Normal,"Building","Waiting","",3,"productivity or territory is insufficient [CokeOven:candidate=True;constructible=True;affordable=False;available=False;owned=3;upgradeTo=IndustrialCarbonizationRetort;research=SteamPower|Coking;workshop=;productivity=-268.88;territory=1805]"
1244302,1246702,Normal,"Building","Waiting","",5,"productivity or territory is insufficient [CokeOven:candidate=True;constructible=True;affordable=False;available=False;owned=3;upgradeTo=IndustrialCarbonizationRetort;research=SteamPower|Coking;workshop=;productivity=-271.24;territory=1805]"
1247302,1247302,Normal,"Building","Waiting","",1,"productivity or territory is insufficient [CokeOven:candidate=True;constructible=True;affordable=False;available=False;owned=3;upgradeTo=IndustrialCarbonizationRetort;research=SteamPower|Coking;workshop=;productivity=-273.6;territory=1805]"
1247902,1247902,Normal,"Building","Waiting","",1,"no strategy candidate [CokeOven:candidate=True;constructible=True;affordable=False;available=False;owned=3;upgradeTo=IndustrialCarbonizationRetort;research=SteamPower|Coking;workshop=;productivity=21.4;territory=1805]"
1248502,1248502,Normal,"Building","Waiting","",1,"productivity or territory is insufficient [CokeOven:candidate=True;constructible=True;affordable=False;available=False;owned=3;upgradeTo=IndustrialCarbonizationRetort;research=SteamPower|Coking;workshop=;productivity=-25.8;territory=1805]"
1249102,1249102,Normal,"Building","Waiting","",1,"productivity or territory is insufficient [CokeOven:candidate=True;constructible=True;affordable=False;available=False;owned=3;upgradeTo=IndustrialCarbonizationRetort;research=SteamPower|Coking;workshop=;productivity=-68.28;territory=1805]"
1249702,1249702,Normal,"Building","Waiting","",1,"productivity or territory is insufficient [CokeOven:candidate=True;constructible=True;affordable=False;available=False;owned=3;upgradeTo=IndustrialCarbonizationRetort;research=SteamPower|Coking;workshop=;productivity=-101.32;territory=1805]"
1250302,1250302,Normal,"Building","Waiting","",1,"productivity or territory is insufficient [CokeOven:candidate=True;constructible=True;affordable=False;available=False;owned=3;upgradeTo=IndustrialCarbonizationRetort;research=SteamPower|Coking;workshop=;productivity=-132;territory=1805]"
1250902,1250902,Normal,"Building","Waiting","",1,"productivity or territory is insufficient [CokeOven:candidate=True;constructible=True;affordable=False;available=False;owned=3;upgradeTo=IndustrialCarbonizationRetort;research=SteamPower|Coking;workshop=;productivity=-155.6;territory=1805]"
1251502,1251502,Normal,"Building","Waiting","",1,"productivity or territory is insufficient [CokeOven:candidate=True;constructible=True;affordable=False;available=False;owned=3;upgradeTo=IndustrialCarbonizationRetort;research=SteamPower|Coking;workshop=;productivity=-174.48;territory=1805]"
1252102,1252102,Normal,"Building","Waiting","",1,"productivity or territory is insufficient [CokeOven:candidate=True;constructible=True;affordable=False;available=False;owned=3;upgradeTo=IndustrialCarbonizationRetort;research=SteamPower|Coking;workshop=;productivity=-191;territory=1805]"
1252702,1252702,Normal,"Building","Waiting","",1,"productivity or territory is insufficient [CokeOven:candidate=True;constructible=True;affordable=False;available=False;owned=3;upgradeTo=IndustrialCarbonizationRetort;research=SteamPower|Coking;workshop=;productivity=-205.16;territory=1805]"
1253302,1253302,Normal,"Building","Waiting","",1,"productivity or territory is insufficient [CokeOven:candidate=True;constructible=True;affordable=False;available=False;owned=3;upgradeTo=IndustrialCarbonizationRetort;research=SteamPower|Coking;workshop=;productivity=-216.96;territory=1805]"
1253902,1253902,Normal,"Building","Waiting","",1,"productivity or territory is insufficient [CokeOven:candidate=True;constructible=True;affordable=False;available=False;owned=3;upgradeTo=IndustrialCarbonizationRetort;research=SteamPower|Coking;workshop=;productivity=-226.4;territory=1805]"
1254502,1254502,Normal,"Building","Waiting","",1,"productivity or territory is insufficient [CokeOven:candidate=True;constructible=True;affordable=False;available=False;owned=3;upgradeTo=IndustrialCarbonizationRetort;research=SteamPower|Coking;workshop=;productivity=-233.48;territory=1805]"
1255102,1255102,Normal,"Building","Waiting","",1,"productivity or territory is insufficient [CokeOven:candidate=True;constructible=True;affordable=False;available=False;owned=3;upgradeTo=IndustrialCarbonizationRetort;research=SteamPower|Coking;workshop=;productivity=-240.56;territory=1805]"
1255702,1255702,Normal,"Building","Waiting","",1,"productivity or territory is insufficient [CokeOven:candidate=True;constructible=True;affordable=False;available=False;owned=3;upgradeTo=IndustrialCarbonizationRetort;research=SteamPower|Coking;workshop=;productivity=-245.28;territory=1805]"
1256302,1256302,Normal,"Building","Waiting","",1,"productivity or territory is insufficient [CokeOven:candidate=True;constructible=True;affordable=False;available=False;owned=3;upgradeTo=IndustrialCarbonizationRetort;research=SteamPower|Coking;workshop=;productivity=-250;territory=1805]"
1256902,1256902,Normal,"Building","Waiting","",1,"productivity or territory is insufficient [CokeOven:candidate=True;constructible=True;affordable=False;available=False;owned=3;upgradeTo=IndustrialCarbonizationRetort;research=SteamPower|Coking;workshop=;productivity=-254.72;territory=1805]"
1257502,1257502,Normal,"Building","Waiting","",1,"productivity or territory is insufficient [CokeOven:candidate=True;constructible=True;affordable=False;available=False;owned=3;upgradeTo=IndustrialCarbonizationRetort;research=SteamPower|Coking;workshop=;productivity=-257.08;territory=1805]"
1258102,1258102,Normal,"Building","Waiting","",1,"productivity or territory is insufficient [CokeOven:candidate=True;constructible=True;affordable=False;available=False;owned=3;upgradeTo=IndustrialCarbonizationRetort;research=SteamPower|Coking;workshop=;productivity=-259.44;territory=1805]"
1258702,1258702,Normal,"Building","Waiting","",1,"productivity or territory is insufficient [CokeOven:candidate=True;constructible=True;affordable=False;available=False;owned=3;upgradeTo=IndustrialCarbonizationRetort;research=SteamPower|Coking;workshop=;productivity=-261.8;territory=1805]"
1259302,1259302,Normal,"Building","Waiting","",1,"productivity or territory is insufficient [CokeOven:candidate=True;constructible=True;affordable=False;available=False;owned=3;upgradeTo=IndustrialCarbonizationRetort;research=SteamPower|Coking;workshop=;productivity=-264.16;territory=1805]"
1259902,1260502,Normal,"Building","Waiting","",2,"productivity or territory is insufficient [CokeOven:candidate=True;constructible=True;affordable=False;available=False;owned=3;upgradeTo=IndustrialCarbonizationRetort;research=SteamPower|Coking;workshop=;productivity=-266.52;territory=1805]"
1261102,1262302,Normal,"Building","Waiting","",3,"productivity or territory is insufficient [CokeOven:candidate=True;constructible=True;affordable=False;available=False;owned=3;upgradeTo=IndustrialCarbonizationRetort;research=SteamPower|Coking;workshop=;productivity=-268.88;territory=1805]"
1262902,1265302,Normal,"Building","Waiting","",5,"productivity or territory is insufficient [CokeOven:candidate=True;constructible=True;affordable=False;available=False;owned=3;upgradeTo=IndustrialCarbonizationRetort;research=SteamPower|Coking;workshop=;productivity=-271.24;territory=1805]"
1265902,1265902,Normal,"Building","Waiting","",1,"productivity or territory is insufficient [CokeOven:candidate=True;constructible=True;affordable=False;available=False;owned=3;upgradeTo=IndustrialCarbonizationRetort;research=SteamPower|Coking;workshop=;productivity=-273.6;territory=1805]"
1266502,1266502,Normal,"Building","Waiting","",1,"no strategy candidate [CokeOven:candidate=True;constructible=True;affordable=False;available=False;owned=3;upgradeTo=IndustrialCarbonizationRetort;research=SteamPower|Coking;workshop=;productivity=21.4;territory=1805]"
1267102,1267102,Normal,"Building","Waiting","",1,"productivity or territory is insufficient [CokeOven:candidate=True;constructible=True;affordable=False;available=False;owned=3;upgradeTo=IndustrialCarbonizationRetort;research=SteamPower|Coking;workshop=;productivity=-25.8;territory=1805]"
1267702,1267702,Normal,"Building","Waiting","",1,"productivity or territory is insufficient [CokeOven:candidate=True;constructible=True;affordable=False;available=False;owned=3;upgradeTo=IndustrialCarbonizationRetort;research=SteamPower|Coking;workshop=;productivity=-68.28;territory=1805]"
1268302,1268302,Normal,"Building","Waiting","",1,"productivity or territory is insufficient [CokeOven:candidate=True;constructible=True;affordable=False;available=False;owned=3;upgradeTo=IndustrialCarbonizationRetort;research=SteamPower|Coking;workshop=;productivity=-101.32;territory=1805]"
1268902,1268902,Normal,"Building","Waiting","",1,"productivity or territory is insufficient [CokeOven:candidate=True;constructible=True;affordable=False;available=False;owned=3;upgradeTo=IndustrialCarbonizationRetort;research=SteamPower|Coking;workshop=;productivity=-132;territory=1805]"
1269502,1269502,Normal,"Building","Waiting","",1,"productivity or territory is insufficient [CokeOven:candidate=True;constructible=True;affordable=False;available=False;owned=3;upgradeTo=IndustrialCarbonizationRetort;research=SteamPower|Coking;workshop=;productivity=-155.6;territory=1805]"
1270102,1270102,Normal,"Building","Waiting","",1,"productivity or territory is insufficient [CokeOven:candidate=True;constructible=True;affordable=False;available=False;owned=3;upgradeTo=IndustrialCarbonizationRetort;research=SteamPower|Coking;workshop=;productivity=-174.48;territory=1805]"
1270702,1270702,Normal,"Building","Waiting","",1,"productivity or territory is insufficient [CokeOven:candidate=True;constructible=True;affordable=False;available=False;owned=3;upgradeTo=IndustrialCarbonizationRetort;research=SteamPower|Coking;workshop=;productivity=-191;territory=1805]"
1271302,1271302,Normal,"Building","Waiting","",1,"productivity or territory is insufficient [CokeOven:candidate=True;constructible=True;affordable=False;available=False;owned=3;upgradeTo=IndustrialCarbonizationRetort;research=SteamPower|Coking;workshop=;productivity=-205.16;territory=1805]"
1271902,1271902,Normal,"Building","Waiting","",1,"productivity or territory is insufficient [CokeOven:candidate=True;constructible=True;affordable=False;available=False;owned=3;upgradeTo=IndustrialCarbonizationRetort;research=SteamPower|Coking;workshop=;productivity=-216.96;territory=1805]"
1272502,1272502,Normal,"Building","Waiting","",1,"productivity or territory is insufficient [CokeOven:candidate=True;constructible=True;affordable=False;available=False;owned=3;upgradeTo=IndustrialCarbonizationRetort;research=SteamPower|Coking;workshop=;productivity=-226.4;territory=1805]"
1273102,1273102,Normal,"Building","Waiting","",1,"productivity or territory is insufficient [CokeOven:candidate=True;constructible=True;affordable=False;available=False;owned=3;upgradeTo=IndustrialCarbonizationRetort;research=SteamPower|Coking;workshop=;productivity=-233.48;territory=1805]"
1273702,1273702,Normal,"Building","Waiting","",1,"productivity or territory is insufficient [CokeOven:candidate=True;constructible=True;affordable=False;available=False;owned=3;upgradeTo=IndustrialCarbonizationRetort;research=SteamPower|Coking;workshop=;productivity=-240.56;territory=1805]"
1274302,1274302,Normal,"Building","Waiting","",1,"productivity or territory is insufficient [CokeOven:candidate=True;constructible=True;affordable=False;available=False;owned=3;upgradeTo=IndustrialCarbonizationRetort;research=SteamPower|Coking;workshop=;productivity=-245.28;territory=1805]"
1274902,1274902,Normal,"Building","Waiting","",1,"productivity or territory is insufficient [CokeOven:candidate=True;constructible=True;affordable=False;available=False;owned=3;upgradeTo=IndustrialCarbonizationRetort;research=SteamPower|Coking;workshop=;productivity=-250;territory=1805]"
1275502,1275502,Normal,"Building","Waiting","",1,"productivity or territory is insufficient [CokeOven:candidate=True;constructible=True;affordable=False;available=False;owned=3;upgradeTo=IndustrialCarbonizationRetort;research=SteamPower|Coking;workshop=;productivity=-254.72;territory=1805]"
1276102,1276102,Normal,"Building","Waiting","",1,"productivity or territory is insufficient [CokeOven:candidate=True;constructible=True;affordable=False;available=False;owned=3;upgradeTo=IndustrialCarbonizationRetort;research=SteamPower|Coking;workshop=;productivity=-257.08;territory=1805]"
1276702,1276702,Normal,"Building","Waiting","",1,"productivity or territory is insufficient [CokeOven:candidate=True;constructible=True;affordable=False;available=False;owned=3;upgradeTo=IndustrialCarbonizationRetort;research=SteamPower|Coking;workshop=;productivity=-259.44;territory=1805]"
1277302,1277302,Normal,"Building","Waiting","",1,"productivity or territory is insufficient [CokeOven:candidate=True;constructible=True;affordable=False;available=False;owned=3;upgradeTo=IndustrialCarbonizationRetort;research=SteamPower|Coking;workshop=;productivity=-261.8;territory=1805]"
1277902,1277902,Normal,"Building","Waiting","",1,"productivity or territory is insufficient [CokeOven:candidate=True;constructible=True;affordable=False;available=False;owned=3;upgradeTo=IndustrialCarbonizationRetort;research=SteamPower|Coking;workshop=;productivity=-264.16;territory=1805]"
1278502,1279102,Normal,"Building","Waiting","",2,"productivity or territory is insufficient [CokeOven:candidate=True;constructible=True;affordable=False;available=False;owned=3;upgradeTo=IndustrialCarbonizationRetort;research=SteamPower|Coking;workshop=;productivity=-266.52;territory=1805]"
1279702,1280902,Normal,"Building","Waiting","",3,"productivity or territory is insufficient [CokeOven:candidate=True;constructible=True;affordable=False;available=False;owned=3;upgradeTo=IndustrialCarbonizationRetort;research=SteamPower|Coking;workshop=;productivity=-268.88;territory=1805]"
1281502,1283902,Normal,"Building","Waiting","",5,"productivity or territory is insufficient [CokeOven:candidate=True;constructible=True;affordable=False;available=False;owned=3;upgradeTo=IndustrialCarbonizationRetort;research=SteamPower|Coking;workshop=;productivity=-271.24;territory=1805]"
1284502,1284502,Normal,"Building","Waiting","",1,"productivity or territory is insufficient [CokeOven:candidate=True;constructible=True;affordable=False;available=False;owned=3;upgradeTo=IndustrialCarbonizationRetort;research=SteamPower|Coking;workshop=;productivity=-273.6;territory=1805]"
1285102,1285102,Normal,"Building","Waiting","",1,"no strategy candidate [CokeOven:candidate=True;constructible=True;affordable=False;available=False;owned=3;upgradeTo=IndustrialCarbonizationRetort;research=SteamPower|Coking;workshop=;productivity=21.4;territory=1805]"
1285702,1285702,Normal,"Building","Waiting","",1,"productivity or territory is insufficient [CokeOven:candidate=True;constructible=True;affordable=False;available=False;owned=3;upgradeTo=IndustrialCarbonizationRetort;research=SteamPower|Coking;workshop=;productivity=-25.8;territory=1805]"
1286302,1286302,Normal,"Building","Waiting","",1,"productivity or territory is insufficient [CokeOven:candidate=True;constructible=True;affordable=False;available=False;owned=3;upgradeTo=IndustrialCarbonizationRetort;research=SteamPower|Coking;workshop=;productivity=-68.28;territory=1805]"
1286902,1286902,Normal,"Building","Waiting","",1,"productivity or territory is insufficient [CokeOven:candidate=True;constructible=True;affordable=False;available=False;owned=3;upgradeTo=IndustrialCarbonizationRetort;research=SteamPower|Coking;workshop=;productivity=-101.32;territory=1805]"
1287502,1287502,Normal,"Building","Waiting","",1,"productivity or territory is insufficient [CokeOven:candidate=True;constructible=True;affordable=False;available=False;owned=3;upgradeTo=IndustrialCarbonizationRetort;research=SteamPower|Coking;workshop=;productivity=-132;territory=1805]"
1288102,1288102,Normal,"Building","Waiting","",1,"productivity or territory is insufficient [CokeOven:candidate=True;constructible=True;affordable=False;available=False;owned=3;upgradeTo=IndustrialCarbonizationRetort;research=SteamPower|Coking;workshop=;productivity=-155.6;territory=1805]"
1288702,1288702,Normal,"Building","Waiting","",1,"productivity or territory is insufficient [CokeOven:candidate=True;constructible=True;affordable=False;available=False;owned=3;upgradeTo=IndustrialCarbonizationRetort;research=SteamPower|Coking;workshop=;productivity=-174.48;territory=1805]"
1289302,1289302,Normal,"Building","Waiting","",1,"productivity or territory is insufficient [CokeOven:candidate=True;constructible=True;affordable=False;available=False;owned=3;upgradeTo=IndustrialCarbonizationRetort;research=SteamPower|Coking;workshop=;productivity=-191;territory=1805]"
1289902,1289902,Normal,"Building","Waiting","",1,"productivity or territory is insufficient [CokeOven:candidate=True;constructible=True;affordable=False;available=False;owned=3;upgradeTo=IndustrialCarbonizationRetort;research=SteamPower|Coking;workshop=;productivity=-205.16;territory=1805]"
1290502,1290502,Normal,"Building","Waiting","",1,"productivity or territory is insufficient [CokeOven:candidate=True;constructible=True;affordable=False;available=False;owned=3;upgradeTo=IndustrialCarbonizationRetort;research=SteamPower|Coking;workshop=;productivity=-216.96;territory=1805]"
1291102,1291102,Normal,"Building","Waiting","",1,"productivity or territory is insufficient [CokeOven:candidate=True;constructible=True;affordable=False;available=False;owned=3;upgradeTo=IndustrialCarbonizationRetort;research=SteamPower|Coking;workshop=;productivity=-226.4;territory=1805]"
1291702,1291702,Normal,"Building","Waiting","",1,"productivity or territory is insufficient [CokeOven:candidate=True;constructible=True;affordable=False;available=False;owned=3;upgradeTo=IndustrialCarbonizationRetort;research=SteamPower|Coking;workshop=;productivity=-233.48;territory=1805]"
1292302,1292302,Normal,"Building","Waiting","",1,"productivity or territory is insufficient [CokeOven:candidate=True;constructible=True;affordable=False;available=False;owned=3;upgradeTo=IndustrialCarbonizationRetort;research=SteamPower|Coking;workshop=;productivity=-240.56;territory=1805]"
1292902,1292902,Normal,"Building","Waiting","",1,"productivity or territory is insufficient [CokeOven:candidate=True;constructible=True;affordable=False;available=False;owned=3;upgradeTo=IndustrialCarbonizationRetort;research=SteamPower|Coking;workshop=;productivity=-245.28;territory=1805]"
1293502,1293502,Normal,"Building","Waiting","",1,"productivity or territory is insufficient [CokeOven:candidate=True;constructible=True;affordable=False;available=False;owned=3;upgradeTo=IndustrialCarbonizationRetort;research=SteamPower|Coking;workshop=;productivity=-250;territory=1805]"
1294102,1294102,Normal,"Building","Waiting","",1,"productivity or territory is insufficient [CokeOven:candidate=True;constructible=True;affordable=False;available=False;owned=3;upgradeTo=IndustrialCarbonizationRetort;research=SteamPower|Coking;workshop=;productivity=-254.72;territory=1805]"
1294702,1294702,Normal,"Building","Waiting","",1,"productivity or territory is insufficient [CokeOven:candidate=True;constructible=True;affordable=False;available=False;owned=3;upgradeTo=IndustrialCarbonizationRetort;research=SteamPower|Coking;workshop=;productivity=-257.08;territory=1805]"
1295302,1295302,Normal,"Building","Waiting","",1,"productivity or territory is insufficient [CokeOven:candidate=True;constructible=True;affordable=False;available=False;owned=3;upgradeTo=IndustrialCarbonizationRetort;research=SteamPower|Coking;workshop=;productivity=-259.44;territory=1805]"
1295902,1295902,Normal,"Building","Waiting","",1,"productivity or territory is insufficient [CokeOven:candidate=True;constructible=True;affordable=False;available=False;owned=3;upgradeTo=IndustrialCarbonizationRetort;research=SteamPower|Coking;workshop=;productivity=-261.8;territory=1805]"
1296502,1296502,Normal,"Building","Waiting","",1,"productivity or territory is insufficient [CokeOven:candidate=True;constructible=True;affordable=False;available=False;owned=3;upgradeTo=IndustrialCarbonizationRetort;research=SteamPower|Coking;workshop=;productivity=-264.16;territory=1805]"
1297102,1297702,Normal,"Building","Waiting","",2,"productivity or territory is insufficient [CokeOven:candidate=True;constructible=True;affordable=False;available=False;owned=3;upgradeTo=IndustrialCarbonizationRetort;research=SteamPower|Coking;workshop=;productivity=-266.52;territory=1805]"
1298302,1299502,Normal,"Building","Waiting","",3,"productivity or territory is insufficient [CokeOven:candidate=True;constructible=True;affordable=False;available=False;owned=3;upgradeTo=IndustrialCarbonizationRetort;research=SteamPower|Coking;workshop=;productivity=-268.88;territory=1805]"
1300102,1302502,Normal,"Building","Waiting","",5,"productivity or territory is insufficient [CokeOven:candidate=True;constructible=True;affordable=False;available=False;owned=3;upgradeTo=IndustrialCarbonizationRetort;research=SteamPower|Coking;workshop=;productivity=-271.24;territory=1805]"
1303102,1303102,Normal,"Building","Waiting","",1,"productivity or territory is insufficient [CokeOven:candidate=True;constructible=True;affordable=False;available=False;owned=3;upgradeTo=IndustrialCarbonizationRetort;research=SteamPower|Coking;workshop=;productivity=-273.6;territory=1805]"
1303702,1303702,Normal,"Building","Waiting","",1,"no strategy candidate [CokeOven:candidate=True;constructible=True;affordable=False;available=False;owned=3;upgradeTo=IndustrialCarbonizationRetort;research=SteamPower|Coking;workshop=;productivity=21.4;territory=1805]"
1304302,1304302,Normal,"Building","Waiting","",1,"productivity or territory is insufficient [CokeOven:candidate=True;constructible=True;affordable=False;available=False;owned=3;upgradeTo=IndustrialCarbonizationRetort;research=SteamPower|Coking;workshop=;productivity=-25.8;territory=1805]"
1304902,1304902,Normal,"Building","Waiting","",1,"productivity or territory is insufficient [CokeOven:candidate=True;constructible=True;affordable=False;available=False;owned=3;upgradeTo=IndustrialCarbonizationRetort;research=SteamPower|Coking;workshop=;productivity=-68.28;territory=1805]"
1305502,1305502,Normal,"Building","Waiting","",1,"productivity or territory is insufficient [CokeOven:candidate=True;constructible=True;affordable=False;available=False;owned=3;upgradeTo=IndustrialCarbonizationRetort;research=SteamPower|Coking;workshop=;productivity=-101.32;territory=1805]"
1306102,1306102,Normal,"Building","Waiting","",1,"productivity or territory is insufficient [CokeOven:candidate=True;constructible=True;affordable=False;available=False;owned=3;upgradeTo=IndustrialCarbonizationRetort;research=SteamPower|Coking;workshop=;productivity=-132;territory=1805]"
1306702,1306702,Normal,"Building","Waiting","",1,"productivity or territory is insufficient [CokeOven:candidate=True;constructible=True;affordable=False;available=False;owned=3;upgradeTo=IndustrialCarbonizationRetort;research=SteamPower|Coking;workshop=;productivity=-155.6;territory=1805]"
1307302,1307302,Normal,"Building","Waiting","",1,"productivity or territory is insufficient [CokeOven:candidate=True;constructible=True;affordable=False;available=False;owned=3;upgradeTo=IndustrialCarbonizationRetort;research=SteamPower|Coking;workshop=;productivity=-174.48;territory=1805]"
1307902,1307902,Normal,"Building","Waiting","",1,"productivity or territory is insufficient [CokeOven:candidate=True;constructible=True;affordable=False;available=False;owned=3;upgradeTo=IndustrialCarbonizationRetort;research=SteamPower|Coking;workshop=;productivity=-191;territory=1805]"
1308502,1308502,Normal,"Building","Waiting","",1,"productivity or territory is insufficient [CokeOven:candidate=True;constructible=True;affordable=False;available=False;owned=3;upgradeTo=IndustrialCarbonizationRetort;research=SteamPower|Coking;workshop=;productivity=-205.16;territory=1805]"
1309102,1309102,Normal,"Building","Waiting","",1,"productivity or territory is insufficient [CokeOven:candidate=True;constructible=True;affordable=False;available=False;owned=3;upgradeTo=IndustrialCarbonizationRetort;research=SteamPower|Coking;workshop=;productivity=-216.96;territory=1805]"
1309702,1309702,Normal,"Building","Waiting","",1,"productivity or territory is insufficient [CokeOven:candidate=True;constructible=True;affordable=False;available=False;owned=3;upgradeTo=IndustrialCarbonizationRetort;research=SteamPower|Coking;workshop=;productivity=-226.4;territory=1805]"
1310302,1310302,Normal,"Building","Waiting","",1,"productivity or territory is insufficient [CokeOven:candidate=True;constructible=True;affordable=False;available=False;owned=3;upgradeTo=IndustrialCarbonizationRetort;research=SteamPower|Coking;workshop=;productivity=-233.48;territory=1805]"
1310902,1310902,Normal,"Building","Waiting","",1,"productivity or territory is insufficient [CokeOven:candidate=True;constructible=True;affordable=False;available=False;owned=3;upgradeTo=IndustrialCarbonizationRetort;research=SteamPower|Coking;workshop=;productivity=-240.56;territory=1805]"
1311502,1311502,Normal,"Building","Waiting","",1,"productivity or territory is insufficient [CokeOven:candidate=True;constructible=True;affordable=False;available=False;owned=3;upgradeTo=IndustrialCarbonizationRetort;research=SteamPower|Coking;workshop=;productivity=-245.28;territory=1805]"
1312102,1312102,Normal,"Building","Waiting","",1,"productivity or territory is insufficient [CokeOven:candidate=True;constructible=True;affordable=False;available=False;owned=3;upgradeTo=IndustrialCarbonizationRetort;research=SteamPower|Coking;workshop=;productivity=-250;territory=1805]"
1312702,1312702,Normal,"Building","Waiting","",1,"productivity or territory is insufficient [CokeOven:candidate=True;constructible=True;affordable=False;available=False;owned=3;upgradeTo=IndustrialCarbonizationRetort;research=SteamPower|Coking;workshop=;productivity=-254.72;territory=1805]"
1313302,1313302,Normal,"Building","Waiting","",1,"productivity or territory is insufficient [CokeOven:candidate=True;constructible=True;affordable=False;available=False;owned=3;upgradeTo=IndustrialCarbonizationRetort;research=SteamPower|Coking;workshop=;productivity=-257.08;territory=1805]"
1313902,1313902,Normal,"Building","Waiting","",1,"productivity or territory is insufficient [CokeOven:candidate=True;constructible=True;affordable=False;available=False;owned=3;upgradeTo=IndustrialCarbonizationRetort;research=SteamPower|Coking;workshop=;productivity=-259.44;territory=1805]"
1314502,1314502,Normal,"Building","Waiting","",1,"productivity or territory is insufficient [CokeOven:candidate=True;constructible=True;affordable=False;available=False;owned=3;upgradeTo=IndustrialCarbonizationRetort;research=SteamPower|Coking;workshop=;productivity=-261.8;territory=1805]"
1315102,1315102,Normal,"Building","Waiting","",1,"productivity or territory is insufficient [CokeOven:candidate=True;constructible=True;affordable=False;available=False;owned=3;upgradeTo=IndustrialCarbonizationRetort;research=SteamPower|Coking;workshop=;productivity=-264.16;territory=1805]"
1315702,1316302,Normal,"Building","Waiting","",2,"productivity or territory is insufficient [CokeOven:candidate=True;constructible=True;affordable=False;available=False;owned=3;upgradeTo=IndustrialCarbonizationRetort;research=SteamPower|Coking;workshop=;productivity=-266.52;territory=1805]"
1316902,1318102,Normal,"Building","Waiting","",3,"productivity or territory is insufficient [CokeOven:candidate=True;constructible=True;affordable=False;available=False;owned=3;upgradeTo=IndustrialCarbonizationRetort;research=SteamPower|Coking;workshop=;productivity=-268.88;territory=1805]"
1318702,1321102,Normal,"Building","Waiting","",5,"productivity or territory is insufficient [CokeOven:candidate=True;constructible=True;affordable=False;available=False;owned=3;upgradeTo=IndustrialCarbonizationRetort;research=SteamPower|Coking;workshop=;productivity=-271.24;territory=1805]"
1321702,1321702,Normal,"Building","Waiting","",1,"productivity or territory is insufficient [CokeOven:candidate=True;constructible=True;affordable=False;available=False;owned=3;upgradeTo=IndustrialCarbonizationRetort;research=SteamPower|Coking;workshop=;productivity=-273.6;territory=1805]"
1322302,1322302,Normal,"Building","Waiting","",1,"no strategy candidate [CokeOven:candidate=True;constructible=True;affordable=False;available=False;owned=3;upgradeTo=IndustrialCarbonizationRetort;research=SteamPower|Coking;workshop=;productivity=21.4;territory=1805]"
1322902,1322902,Normal,"Building","Waiting","",1,"productivity or territory is insufficient [CokeOven:candidate=True;constructible=True;affordable=False;available=False;owned=3;upgradeTo=IndustrialCarbonizationRetort;research=SteamPower|Coking;workshop=;productivity=-25.8;territory=1805]"
1323502,1323502,Normal,"Building","Waiting","",1,"productivity or territory is insufficient [CokeOven:candidate=True;constructible=True;affordable=False;available=False;owned=3;upgradeTo=IndustrialCarbonizationRetort;research=SteamPower|Coking;workshop=;productivity=-68.28;territory=1805]"
1324102,1324102,Normal,"Building","Waiting","",1,"productivity or territory is insufficient [CokeOven:candidate=True;constructible=True;affordable=False;available=False;owned=3;upgradeTo=IndustrialCarbonizationRetort;research=SteamPower|Coking;workshop=;productivity=-101.32;territory=1805]"
1324702,1324702,Normal,"Building","Waiting","",1,"productivity or territory is insufficient [CokeOven:candidate=True;constructible=True;affordable=False;available=False;owned=3;upgradeTo=IndustrialCarbonizationRetort;research=SteamPower|Coking;workshop=;productivity=-132;territory=1805]"
1325302,1325302,Normal,"Building","Waiting","",1,"productivity or territory is insufficient [CokeOven:candidate=True;constructible=True;affordable=False;available=False;owned=3;upgradeTo=IndustrialCarbonizationRetort;research=SteamPower|Coking;workshop=;productivity=-155.6;territory=1805]"
1325902,1325902,Normal,"Building","Waiting","",1,"productivity or territory is insufficient [CokeOven:candidate=True;constructible=True;affordable=False;available=False;owned=3;upgradeTo=IndustrialCarbonizationRetort;research=SteamPower|Coking;workshop=;productivity=-174.48;territory=1805]"
1326502,1326502,Normal,"Building","Waiting","",1,"productivity or territory is insufficient [CokeOven:candidate=True;constructible=True;affordable=False;available=False;owned=3;upgradeTo=IndustrialCarbonizationRetort;research=SteamPower|Coking;workshop=;productivity=-191;territory=1805]"
1327102,1327102,Normal,"Building","Waiting","",1,"productivity or territory is insufficient [CokeOven:candidate=True;constructible=True;affordable=False;available=False;owned=3;upgradeTo=IndustrialCarbonizationRetort;research=SteamPower|Coking;workshop=;productivity=-205.16;territory=1805]"
1327702,1327702,Normal,"Building","Waiting","",1,"productivity or territory is insufficient [CokeOven:candidate=True;constructible=True;affordable=False;available=False;owned=3;upgradeTo=IndustrialCarbonizationRetort;research=SteamPower|Coking;workshop=;productivity=-216.96;territory=1805]"
1328302,1328302,Normal,"Building","Waiting","",1,"productivity or territory is insufficient [CokeOven:candidate=True;constructible=True;affordable=False;available=False;owned=3;upgradeTo=IndustrialCarbonizationRetort;research=SteamPower|Coking;workshop=;productivity=-226.4;territory=1805]"
1328902,1328902,Normal,"Building","Waiting","",1,"productivity or territory is insufficient [CokeOven:candidate=True;constructible=True;affordable=False;available=False;owned=3;upgradeTo=IndustrialCarbonizationRetort;research=SteamPower|Coking;workshop=;productivity=-233.48;territory=1805]"
1329502,1329502,Normal,"Building","Waiting","",1,"productivity or territory is insufficient [CokeOven:candidate=True;constructible=True;affordable=False;available=False;owned=3;upgradeTo=IndustrialCarbonizationRetort;research=SteamPower|Coking;workshop=;productivity=-240.56;territory=1805]"
1330102,1330102,Normal,"Building","Waiting","",1,"productivity or territory is insufficient [CokeOven:candidate=True;constructible=True;affordable=False;available=False;owned=3;upgradeTo=IndustrialCarbonizationRetort;research=SteamPower|Coking;workshop=;productivity=-245.28;territory=1805]"
1330702,1330702,Normal,"Building","Waiting","",1,"productivity or territory is insufficient [CokeOven:candidate=True;constructible=True;affordable=False;available=False;owned=3;upgradeTo=IndustrialCarbonizationRetort;research=SteamPower|Coking;workshop=;productivity=-250;territory=1805]"
1331302,1331302,Normal,"Building","Waiting","",1,"productivity or territory is insufficient [CokeOven:candidate=True;constructible=True;affordable=False;available=False;owned=3;upgradeTo=IndustrialCarbonizationRetort;research=SteamPower|Coking;workshop=;productivity=-254.72;territory=1805]"
1331902,1331902,Normal,"Building","Waiting","",1,"productivity or territory is insufficient [CokeOven:candidate=True;constructible=True;affordable=False;available=False;owned=3;upgradeTo=IndustrialCarbonizationRetort;research=SteamPower|Coking;workshop=;productivity=-257.08;territory=1805]"
1332502,1332502,Normal,"Building","Waiting","",1,"productivity or territory is insufficient [CokeOven:candidate=True;constructible=True;affordable=False;available=False;owned=3;upgradeTo=IndustrialCarbonizationRetort;research=SteamPower|Coking;workshop=;productivity=-259.44;territory=1805]"
1333102,1333102,Normal,"Building","Waiting","",1,"productivity or territory is insufficient [CokeOven:candidate=True;constructible=True;affordable=False;available=False;owned=3;upgradeTo=IndustrialCarbonizationRetort;research=SteamPower|Coking;workshop=;productivity=-261.8;territory=1805]"
1333702,1333702,Normal,"Building","Waiting","",1,"productivity or territory is insufficient [CokeOven:candidate=True;constructible=True;affordable=False;available=False;owned=3;upgradeTo=IndustrialCarbonizationRetort;research=SteamPower|Coking;workshop=;productivity=-264.16;territory=1805]"
1334302,1334902,Normal,"Building","Waiting","",2,"productivity or territory is insufficient [CokeOven:candidate=True;constructible=True;affordable=False;available=False;owned=3;upgradeTo=IndustrialCarbonizationRetort;research=SteamPower|Coking;workshop=;productivity=-266.52;territory=1805]"
1335502,1336702,Normal,"Building","Waiting","",3,"productivity or territory is insufficient [CokeOven:candidate=True;constructible=True;affordable=False;available=False;owned=3;upgradeTo=IndustrialCarbonizationRetort;research=SteamPower|Coking;workshop=;productivity=-268.88;territory=1805]"
1337302,1339702,Normal,"Building","Waiting","",5,"productivity or territory is insufficient [CokeOven:candidate=True;constructible=True;affordable=False;available=False;owned=3;upgradeTo=IndustrialCarbonizationRetort;research=SteamPower|Coking;workshop=;productivity=-271.24;territory=1805]"
1340302,1340302,Normal,"Building","Waiting","",1,"productivity or territory is insufficient [CokeOven:candidate=True;constructible=True;affordable=False;available=False;owned=3;upgradeTo=IndustrialCarbonizationRetort;research=SteamPower|Coking;workshop=;productivity=-273.6;territory=1805]"
1340902,1340902,Normal,"Building","Waiting","",1,"no strategy candidate [CokeOven:candidate=True;constructible=True;affordable=False;available=False;owned=3;upgradeTo=IndustrialCarbonizationRetort;research=SteamPower|Coking;workshop=;productivity=21.4;territory=1805]"
1341502,1341502,Normal,"Building","Waiting","",1,"productivity or territory is insufficient [CokeOven:candidate=True;constructible=True;affordable=False;available=False;owned=3;upgradeTo=IndustrialCarbonizationRetort;research=SteamPower|Coking;workshop=;productivity=-25.8;territory=1805]"
1342102,1342102,Normal,"Building","Waiting","",1,"productivity or territory is insufficient [CokeOven:candidate=True;constructible=True;affordable=False;available=False;owned=3;upgradeTo=IndustrialCarbonizationRetort;research=SteamPower|Coking;workshop=;productivity=-68.28;territory=1805]"
1342702,1342702,Normal,"Building","Waiting","",1,"productivity or territory is insufficient [CokeOven:candidate=True;constructible=True;affordable=False;available=False;owned=3;upgradeTo=IndustrialCarbonizationRetort;research=SteamPower|Coking;workshop=;productivity=-101.32;territory=1805]"
1343302,1343302,Normal,"Building","Waiting","",1,"productivity or territory is insufficient [CokeOven:candidate=True;constructible=True;affordable=False;available=False;owned=3;upgradeTo=IndustrialCarbonizationRetort;research=SteamPower|Coking;workshop=;productivity=-132;territory=1805]"
1343902,1343902,Normal,"Building","Waiting","",1,"productivity or territory is insufficient [CokeOven:candidate=True;constructible=True;affordable=False;available=False;owned=3;upgradeTo=IndustrialCarbonizationRetort;research=SteamPower|Coking;workshop=;productivity=-155.6;territory=1805]"
1344502,1344502,Normal,"Building","Waiting","",1,"productivity or territory is insufficient [CokeOven:candidate=True;constructible=True;affordable=False;available=False;owned=3;upgradeTo=IndustrialCarbonizationRetort;research=SteamPower|Coking;workshop=;productivity=-174.48;territory=1805]"
1345102,1345102,Normal,"Building","Waiting","",1,"productivity or territory is insufficient [CokeOven:candidate=True;constructible=True;affordable=False;available=False;owned=3;upgradeTo=IndustrialCarbonizationRetort;research=SteamPower|Coking;workshop=;productivity=-191;territory=1805]"
1345702,1345702,Normal,"Building","Waiting","",1,"productivity or territory is insufficient [CokeOven:candidate=True;constructible=True;affordable=False;available=False;owned=3;upgradeTo=IndustrialCarbonizationRetort;research=SteamPower|Coking;workshop=;productivity=-205.16;territory=1805]"
1346302,1346302,Normal,"Building","Waiting","",1,"productivity or territory is insufficient [CokeOven:candidate=True;constructible=True;affordable=False;available=False;owned=3;upgradeTo=IndustrialCarbonizationRetort;research=SteamPower|Coking;workshop=;productivity=-216.96;territory=1805]"
1346902,1346902,Normal,"Building","Waiting","",1,"productivity or territory is insufficient [CokeOven:candidate=True;constructible=True;affordable=False;available=False;owned=3;upgradeTo=IndustrialCarbonizationRetort;research=SteamPower|Coking;workshop=;productivity=-226.4;territory=1805]"
1347502,1347502,Normal,"Building","Waiting","",1,"productivity or territory is insufficient [CokeOven:candidate=True;constructible=True;affordable=False;available=False;owned=3;upgradeTo=IndustrialCarbonizationRetort;research=SteamPower|Coking;workshop=;productivity=-233.48;territory=1805]"
1348102,1348102,Normal,"Building","Waiting","",1,"productivity or territory is insufficient [CokeOven:candidate=True;constructible=True;affordable=False;available=False;owned=3;upgradeTo=IndustrialCarbonizationRetort;research=SteamPower|Coking;workshop=;productivity=-240.56;territory=1805]"
1348702,1348702,Normal,"Building","Waiting","",1,"productivity or territory is insufficient [CokeOven:candidate=True;constructible=True;affordable=False;available=False;owned=3;upgradeTo=IndustrialCarbonizationRetort;research=SteamPower|Coking;workshop=;productivity=-245.28;territory=1805]"
1349302,1349302,Normal,"Building","Waiting","",1,"productivity or territory is insufficient [CokeOven:candidate=True;constructible=True;affordable=False;available=False;owned=3;upgradeTo=IndustrialCarbonizationRetort;research=SteamPower|Coking;workshop=;productivity=-250;territory=1805]"
1349902,1349902,Normal,"Building","Waiting","",1,"productivity or territory is insufficient [CokeOven:candidate=True;constructible=True;affordable=False;available=False;owned=3;upgradeTo=IndustrialCarbonizationRetort;research=SteamPower|Coking;workshop=;productivity=-254.72;territory=1805]"
1350502,1350502,Normal,"Building","Waiting","",1,"productivity or territory is insufficient [CokeOven:candidate=True;constructible=True;affordable=False;available=False;owned=3;upgradeTo=IndustrialCarbonizationRetort;research=SteamPower|Coking;workshop=;productivity=-257.08;territory=1805]"
1351102,1351102,Normal,"Building","Waiting","",1,"productivity or territory is insufficient [CokeOven:candidate=True;constructible=True;affordable=False;available=False;owned=3;upgradeTo=IndustrialCarbonizationRetort;research=SteamPower|Coking;workshop=;productivity=-259.44;territory=1805]"
1351702,1351702,Normal,"Building","Waiting","",1,"productivity or territory is insufficient [CokeOven:candidate=True;constructible=True;affordable=False;available=False;owned=3;upgradeTo=IndustrialCarbonizationRetort;research=SteamPower|Coking;workshop=;productivity=-261.8;territory=1805]"
1352302,1352302,Normal,"Building","Waiting","",1,"productivity or territory is insufficient [CokeOven:candidate=True;constructible=True;affordable=False;available=False;owned=3;upgradeTo=IndustrialCarbonizationRetort;research=SteamPower|Coking;workshop=;productivity=-264.16;territory=1805]"
1352902,1353502,Normal,"Building","Waiting","",2,"productivity or territory is insufficient [CokeOven:candidate=True;constructible=True;affordable=False;available=False;owned=3;upgradeTo=IndustrialCarbonizationRetort;research=SteamPower|Coking;workshop=;productivity=-266.52;territory=1805]"
1354102,1355302,Normal,"Building","Waiting","",3,"productivity or territory is insufficient [CokeOven:candidate=True;constructible=True;affordable=False;available=False;owned=3;upgradeTo=IndustrialCarbonizationRetort;research=SteamPower|Coking;workshop=;productivity=-268.88;territory=1805]"
1355902,1358302,Normal,"Building","Waiting","",5,"productivity or territory is insufficient [CokeOven:candidate=True;constructible=True;affordable=False;available=False;owned=3;upgradeTo=IndustrialCarbonizationRetort;research=SteamPower|Coking;workshop=;productivity=-271.24;territory=1805]"
1358902,1358902,Normal,"Building","Waiting","",1,"productivity or territory is insufficient [CokeOven:candidate=True;constructible=True;affordable=False;available=False;owned=3;upgradeTo=IndustrialCarbonizationRetort;research=SteamPower|Coking;workshop=;productivity=-273.6;territory=1805]"
1359502,1359502,Normal,"Building","Waiting","",1,"no strategy candidate [CokeOven:candidate=True;constructible=True;affordable=False;available=False;owned=3;upgradeTo=IndustrialCarbonizationRetort;research=SteamPower|Coking;workshop=;productivity=21.4;territory=1805]"
1360102,1360102,Normal,"Building","Waiting","",1,"productivity or territory is insufficient [CokeOven:candidate=True;constructible=True;affordable=False;available=False;owned=3;upgradeTo=IndustrialCarbonizationRetort;research=SteamPower|Coking;workshop=;productivity=-25.8;territory=1805]"
1360702,1360702,Normal,"Building","Waiting","",1,"productivity or territory is insufficient [CokeOven:candidate=True;constructible=True;affordable=False;available=False;owned=3;upgradeTo=IndustrialCarbonizationRetort;research=SteamPower|Coking;workshop=;productivity=-68.28;territory=1805]"
1361302,1361302,Normal,"Building","Waiting","",1,"productivity or territory is insufficient [CokeOven:candidate=True;constructible=True;affordable=False;available=False;owned=3;upgradeTo=IndustrialCarbonizationRetort;research=SteamPower|Coking;workshop=;productivity=-101.32;territory=1805]"
1361902,1361902,Normal,"Building","Waiting","",1,"productivity or territory is insufficient [CokeOven:candidate=True;constructible=True;affordable=False;available=False;owned=3;upgradeTo=IndustrialCarbonizationRetort;research=SteamPower|Coking;workshop=;productivity=-132;territory=1805]"
1362502,1362502,Normal,"Building","Waiting","",1,"productivity or territory is insufficient [CokeOven:candidate=True;constructible=True;affordable=False;available=False;owned=3;upgradeTo=IndustrialCarbonizationRetort;research=SteamPower|Coking;workshop=;productivity=-155.6;territory=1805]"
1363102,1363102,Normal,"Building","Waiting","",1,"productivity or territory is insufficient [CokeOven:candidate=True;constructible=True;affordable=False;available=False;owned=3;upgradeTo=IndustrialCarbonizationRetort;research=SteamPower|Coking;workshop=;productivity=-174.48;territory=1805]"
1363702,1363702,Normal,"Building","Waiting","",1,"productivity or territory is insufficient [CokeOven:candidate=True;constructible=True;affordable=False;available=False;owned=3;upgradeTo=IndustrialCarbonizationRetort;research=SteamPower|Coking;workshop=;productivity=-191;territory=1805]"
1364302,1364302,Normal,"Building","Waiting","",1,"productivity or territory is insufficient [CokeOven:candidate=True;constructible=True;affordable=False;available=False;owned=3;upgradeTo=IndustrialCarbonizationRetort;research=SteamPower|Coking;workshop=;productivity=-205.16;territory=1805]"
1364902,1364902,Normal,"Building","Waiting","",1,"productivity or territory is insufficient [CokeOven:candidate=True;constructible=True;affordable=False;available=False;owned=3;upgradeTo=IndustrialCarbonizationRetort;research=SteamPower|Coking;workshop=;productivity=-216.96;territory=1805]"
1365502,1365502,Normal,"Building","Waiting","",1,"productivity or territory is insufficient [CokeOven:candidate=True;constructible=True;affordable=False;available=False;owned=3;upgradeTo=IndustrialCarbonizationRetort;research=SteamPower|Coking;workshop=;productivity=-226.4;territory=1805]"
1366102,1366102,Normal,"Building","Waiting","",1,"productivity or territory is insufficient [CokeOven:candidate=True;constructible=True;affordable=False;available=False;owned=3;upgradeTo=IndustrialCarbonizationRetort;research=SteamPower|Coking;workshop=;productivity=-233.48;territory=1805]"
1366702,1366702,Normal,"Building","Waiting","",1,"productivity or territory is insufficient [CokeOven:candidate=True;constructible=True;affordable=False;available=False;owned=3;upgradeTo=IndustrialCarbonizationRetort;research=SteamPower|Coking;workshop=;productivity=-240.56;territory=1805]"
1367302,1367302,Normal,"Building","Waiting","",1,"productivity or territory is insufficient [CokeOven:candidate=True;constructible=True;affordable=False;available=False;owned=3;upgradeTo=IndustrialCarbonizationRetort;research=SteamPower|Coking;workshop=;productivity=-245.28;territory=1805]"
1367902,1367902,Normal,"Building","Waiting","",1,"productivity or territory is insufficient [CokeOven:candidate=True;constructible=True;affordable=False;available=False;owned=3;upgradeTo=IndustrialCarbonizationRetort;research=SteamPower|Coking;workshop=;productivity=-250;territory=1805]"
1368502,1368502,Normal,"Building","Waiting","",1,"productivity or territory is insufficient [CokeOven:candidate=True;constructible=True;affordable=False;available=False;owned=3;upgradeTo=IndustrialCarbonizationRetort;research=SteamPower|Coking;workshop=;productivity=-254.72;territory=1805]"
1369102,1369102,Normal,"Building","Waiting","",1,"productivity or territory is insufficient [CokeOven:candidate=True;constructible=True;affordable=False;available=False;owned=3;upgradeTo=IndustrialCarbonizationRetort;research=SteamPower|Coking;workshop=;productivity=-257.08;territory=1805]"
1369702,1369702,Normal,"Building","Waiting","",1,"productivity or territory is insufficient [CokeOven:candidate=True;constructible=True;affordable=False;available=False;owned=3;upgradeTo=IndustrialCarbonizationRetort;research=SteamPower|Coking;workshop=;productivity=-259.44;territory=1805]"
1370302,1370302,Normal,"Building","Waiting","",1,"productivity or territory is insufficient [CokeOven:candidate=True;constructible=True;affordable=False;available=False;owned=3;upgradeTo=IndustrialCarbonizationRetort;research=SteamPower|Coking;workshop=;productivity=-261.8;territory=1805]"
1370902,1370902,Normal,"Building","Waiting","",1,"productivity or territory is insufficient [CokeOven:candidate=True;constructible=True;affordable=False;available=False;owned=3;upgradeTo=IndustrialCarbonizationRetort;research=SteamPower|Coking;workshop=;productivity=-264.16;territory=1805]"
1371502,1372102,Normal,"Building","Waiting","",2,"productivity or territory is insufficient [CokeOven:candidate=True;constructible=True;affordable=False;available=False;owned=3;upgradeTo=IndustrialCarbonizationRetort;research=SteamPower|Coking;workshop=;productivity=-266.52;territory=1805]"
1372702,1373902,Normal,"Building","Waiting","",3,"productivity or territory is insufficient [CokeOven:candidate=True;constructible=True;affordable=False;available=False;owned=3;upgradeTo=IndustrialCarbonizationRetort;research=SteamPower|Coking;workshop=;productivity=-268.88;territory=1805]"
1374502,1376902,Normal,"Building","Waiting","",5,"productivity or territory is insufficient [CokeOven:candidate=True;constructible=True;affordable=False;available=False;owned=3;upgradeTo=IndustrialCarbonizationRetort;research=SteamPower|Coking;workshop=;productivity=-271.24;territory=1805]"
1377502,1377502,Normal,"Building","Waiting","",1,"productivity or territory is insufficient [CokeOven:candidate=True;constructible=True;affordable=False;available=False;owned=3;upgradeTo=IndustrialCarbonizationRetort;research=SteamPower|Coking;workshop=;productivity=-273.6;territory=1805]"
1378102,1378102,Normal,"Building","Waiting","",1,"no strategy candidate [CokeOven:candidate=True;constructible=True;affordable=False;available=False;owned=3;upgradeTo=IndustrialCarbonizationRetort;research=SteamPower|Coking;workshop=;productivity=21.4;territory=1805]"
1378702,1378702,Normal,"Building","Waiting","",1,"productivity or territory is insufficient [CokeOven:candidate=True;constructible=True;affordable=False;available=False;owned=3;upgradeTo=IndustrialCarbonizationRetort;research=SteamPower|Coking;workshop=;productivity=-25.8;territory=1805]"
1379302,1379302,Normal,"Building","Waiting","",1,"productivity or territory is insufficient [CokeOven:candidate=True;constructible=True;affordable=False;available=False;owned=3;upgradeTo=IndustrialCarbonizationRetort;research=SteamPower|Coking;workshop=;productivity=-68.28;territory=1805]"
1379902,1379902,Normal,"Building","Waiting","",1,"productivity or territory is insufficient [CokeOven:candidate=True;constructible=True;affordable=False;available=False;owned=3;upgradeTo=IndustrialCarbonizationRetort;research=SteamPower|Coking;workshop=;productivity=-101.32;territory=1805]"
1380502,1380502,Normal,"Building","Waiting","",1,"productivity or territory is insufficient [CokeOven:candidate=True;constructible=True;affordable=False;available=False;owned=3;upgradeTo=IndustrialCarbonizationRetort;research=SteamPower|Coking;workshop=;productivity=-132;territory=1805]"
1381102,1381102,Normal,"Building","Waiting","",1,"productivity or territory is insufficient [CokeOven:candidate=True;constructible=True;affordable=False;available=False;owned=3;upgradeTo=IndustrialCarbonizationRetort;research=SteamPower|Coking;workshop=;productivity=-155.6;territory=1805]"
1381702,1381702,Normal,"Building","Waiting","",1,"productivity or territory is insufficient [CokeOven:candidate=True;constructible=True;affordable=False;available=False;owned=3;upgradeTo=IndustrialCarbonizationRetort;research=SteamPower|Coking;workshop=;productivity=-174.48;territory=1805]"
1382302,1382302,Normal,"Building","Waiting","",1,"productivity or territory is insufficient [CokeOven:candidate=True;constructible=True;affordable=False;available=False;owned=3;upgradeTo=IndustrialCarbonizationRetort;research=SteamPower|Coking;workshop=;productivity=-191;territory=1805]"
1382902,1382902,Normal,"Building","Waiting","",1,"productivity or territory is insufficient [CokeOven:candidate=True;constructible=True;affordable=False;available=False;owned=3;upgradeTo=IndustrialCarbonizationRetort;research=SteamPower|Coking;workshop=;productivity=-205.16;territory=1805]"
1383502,1383502,Normal,"Building","Waiting","",1,"productivity or territory is insufficient [CokeOven:candidate=True;constructible=True;affordable=False;available=False;owned=3;upgradeTo=IndustrialCarbonizationRetort;research=SteamPower|Coking;workshop=;productivity=-216.96;territory=1805]"
1384102,1384102,Normal,"Building","Waiting","",1,"productivity or territory is insufficient [CokeOven:candidate=True;constructible=True;affordable=False;available=False;owned=3;upgradeTo=IndustrialCarbonizationRetort;research=SteamPower|Coking;workshop=;productivity=-226.4;territory=1805]"
1384702,1384702,Normal,"Building","Waiting","",1,"productivity or territory is insufficient [CokeOven:candidate=True;constructible=True;affordable=False;available=False;owned=3;upgradeTo=IndustrialCarbonizationRetort;research=SteamPower|Coking;workshop=;productivity=-233.48;territory=1805]"
1385302,1385302,Normal,"Building","Waiting","",1,"productivity or territory is insufficient [CokeOven:candidate=True;constructible=True;affordable=False;available=False;owned=3;upgradeTo=IndustrialCarbonizationRetort;research=SteamPower|Coking;workshop=;productivity=-240.56;territory=1805]"
1385902,1385902,Normal,"Building","Waiting","",1,"productivity or territory is insufficient [CokeOven:candidate=True;constructible=True;affordable=False;available=False;owned=3;upgradeTo=IndustrialCarbonizationRetort;research=SteamPower|Coking;workshop=;productivity=-245.28;territory=1805]"
1386502,1386502,Normal,"Building","Waiting","",1,"productivity or territory is insufficient [CokeOven:candidate=True;constructible=True;affordable=False;available=False;owned=3;upgradeTo=IndustrialCarbonizationRetort;research=SteamPower|Coking;workshop=;productivity=-250;territory=1805]"
1387102,1387102,Normal,"Building","Waiting","",1,"productivity or territory is insufficient [CokeOven:candidate=True;constructible=True;affordable=False;available=False;owned=3;upgradeTo=IndustrialCarbonizationRetort;research=SteamPower|Coking;workshop=;productivity=-254.72;territory=1805]"
1387702,1387702,Normal,"Building","Waiting","",1,"productivity or territory is insufficient [CokeOven:candidate=True;constructible=True;affordable=False;available=False;owned=3;upgradeTo=IndustrialCarbonizationRetort;research=SteamPower|Coking;workshop=;productivity=-257.08;territory=1805]"
1388302,1388302,Normal,"Building","Waiting","",1,"productivity or territory is insufficient [CokeOven:candidate=True;constructible=True;affordable=False;available=False;owned=3;upgradeTo=IndustrialCarbonizationRetort;research=SteamPower|Coking;workshop=;productivity=-259.44;territory=1805]"
1388902,1388902,Normal,"Building","Waiting","",1,"productivity or territory is insufficient [CokeOven:candidate=True;constructible=True;affordable=False;available=False;owned=3;upgradeTo=IndustrialCarbonizationRetort;research=SteamPower|Coking;workshop=;productivity=-261.8;territory=1805]"
1389502,1389502,Normal,"Building","Waiting","",1,"productivity or territory is insufficient [CokeOven:candidate=True;constructible=True;affordable=False;available=False;owned=3;upgradeTo=IndustrialCarbonizationRetort;research=SteamPower|Coking;workshop=;productivity=-264.16;territory=1805]"
1390102,1390702,Normal,"Building","Waiting","",2,"productivity or territory is insufficient [CokeOven:candidate=True;constructible=True;affordable=False;available=False;owned=3;upgradeTo=IndustrialCarbonizationRetort;research=SteamPower|Coking;workshop=;productivity=-266.52;territory=1805]"
1391302,1392502,Normal,"Building","Waiting","",3,"productivity or territory is insufficient [CokeOven:candidate=True;constructible=True;affordable=False;available=False;owned=3;upgradeTo=IndustrialCarbonizationRetort;research=SteamPower|Coking;workshop=;productivity=-268.88;territory=1805]"
1393102,1395502,Normal,"Building","Waiting","",5,"productivity or territory is insufficient [CokeOven:candidate=True;constructible=True;affordable=False;available=False;owned=3;upgradeTo=IndustrialCarbonizationRetort;research=SteamPower|Coking;workshop=;productivity=-271.24;territory=1805]"
1396102,1396102,Normal,"Building","Waiting","",1,"productivity or territory is insufficient [CokeOven:candidate=True;constructible=True;affordable=False;available=False;owned=3;upgradeTo=IndustrialCarbonizationRetort;research=SteamPower|Coking;workshop=;productivity=-273.6;territory=1805]"
1396702,1396702,Normal,"Building","Waiting","",1,"no strategy candidate [CokeOven:candidate=True;constructible=True;affordable=False;available=False;owned=3;upgradeTo=IndustrialCarbonizationRetort;research=SteamPower|Coking;workshop=;productivity=21.4;territory=1805]"
1397302,1397302,Normal,"Building","Waiting","",1,"productivity or territory is insufficient [CokeOven:candidate=True;constructible=True;affordable=False;available=False;owned=3;upgradeTo=IndustrialCarbonizationRetort;research=SteamPower|Coking;workshop=;productivity=-25.8;territory=1805]"
1397902,1397902,Normal,"Building","Waiting","",1,"productivity or territory is insufficient [CokeOven:candidate=True;constructible=True;affordable=False;available=False;owned=3;upgradeTo=IndustrialCarbonizationRetort;research=SteamPower|Coking;workshop=;productivity=-68.28;territory=1805]"
1398502,1398502,Normal,"Building","Waiting","",1,"productivity or territory is insufficient [CokeOven:candidate=True;constructible=True;affordable=False;available=False;owned=3;upgradeTo=IndustrialCarbonizationRetort;research=SteamPower|Coking;workshop=;productivity=-101.32;territory=1805]"
1399102,1399102,Normal,"Building","Waiting","",1,"productivity or territory is insufficient [CokeOven:candidate=True;constructible=True;affordable=False;available=False;owned=3;upgradeTo=IndustrialCarbonizationRetort;research=SteamPower|Coking;workshop=;productivity=-132;territory=1805]"
1399702,1399702,Normal,"Building","Waiting","",1,"productivity or territory is insufficient [CokeOven:candidate=True;constructible=True;affordable=False;available=False;owned=3;upgradeTo=IndustrialCarbonizationRetort;research=SteamPower|Coking;workshop=;productivity=-155.6;territory=1805]"
1400302,1400302,Normal,"Building","Waiting","",1,"productivity or territory is insufficient [CokeOven:candidate=True;constructible=True;affordable=False;available=False;owned=3;upgradeTo=IndustrialCarbonizationRetort;research=SteamPower|Coking;workshop=;productivity=-174.48;territory=1805]"
1400902,1400902,Normal,"Building","Waiting","",1,"productivity or territory is insufficient [CokeOven:candidate=True;constructible=True;affordable=False;available=False;owned=3;upgradeTo=IndustrialCarbonizationRetort;research=SteamPower|Coking;workshop=;productivity=-191;territory=1805]"
1401502,1401502,Normal,"Building","Waiting","",1,"productivity or territory is insufficient [CokeOven:candidate=True;constructible=True;affordable=False;available=False;owned=3;upgradeTo=IndustrialCarbonizationRetort;research=SteamPower|Coking;workshop=;productivity=-205.16;territory=1805]"
1402102,1402102,Normal,"Building","Waiting","",1,"productivity or territory is insufficient [CokeOven:candidate=True;constructible=True;affordable=False;available=False;owned=3;upgradeTo=IndustrialCarbonizationRetort;research=SteamPower|Coking;workshop=;productivity=-216.96;territory=1805]"
1402702,1402702,Normal,"Building","Waiting","",1,"productivity or territory is insufficient [CokeOven:candidate=True;constructible=True;affordable=False;available=False;owned=3;upgradeTo=IndustrialCarbonizationRetort;research=SteamPower|Coking;workshop=;productivity=-226.4;territory=1805]"
1403302,1403302,Normal,"Building","Waiting","",1,"productivity or territory is insufficient [CokeOven:candidate=True;constructible=True;affordable=False;available=False;owned=3;upgradeTo=IndustrialCarbonizationRetort;research=SteamPower|Coking;workshop=;productivity=-233.48;territory=1805]"
1403902,1403902,Normal,"Building","Waiting","",1,"productivity or territory is insufficient [CokeOven:candidate=True;constructible=True;affordable=False;available=False;owned=3;upgradeTo=IndustrialCarbonizationRetort;research=SteamPower|Coking;workshop=;productivity=-240.56;territory=1805]"
1404502,1404502,Normal,"Building","Waiting","",1,"productivity or territory is insufficient [CokeOven:candidate=True;constructible=True;affordable=False;available=False;owned=3;upgradeTo=IndustrialCarbonizationRetort;research=SteamPower|Coking;workshop=;productivity=-245.28;territory=1805]"
1405102,1405102,Normal,"Building","Waiting","",1,"productivity or territory is insufficient [CokeOven:candidate=True;constructible=True;affordable=False;available=False;owned=3;upgradeTo=IndustrialCarbonizationRetort;research=SteamPower|Coking;workshop=;productivity=-250;territory=1805]"
1405702,1405702,Normal,"Building","Waiting","",1,"productivity or territory is insufficient [CokeOven:candidate=True;constructible=True;affordable=False;available=False;owned=3;upgradeTo=IndustrialCarbonizationRetort;research=SteamPower|Coking;workshop=;productivity=-254.72;territory=1805]"
1406302,1406302,Normal,"Building","Waiting","",1,"productivity or territory is insufficient [CokeOven:candidate=True;constructible=True;affordable=False;available=False;owned=3;upgradeTo=IndustrialCarbonizationRetort;research=SteamPower|Coking;workshop=;productivity=-257.08;territory=1805]"
1406902,1406902,Normal,"Building","Waiting","",1,"productivity or territory is insufficient [CokeOven:candidate=True;constructible=True;affordable=False;available=False;owned=3;upgradeTo=IndustrialCarbonizationRetort;research=SteamPower|Coking;workshop=;productivity=-259.44;territory=1805]"
1407502,1407502,Normal,"Building","Waiting","",1,"productivity or territory is insufficient [CokeOven:candidate=True;constructible=True;affordable=False;available=False;owned=3;upgradeTo=IndustrialCarbonizationRetort;research=SteamPower|Coking;workshop=;productivity=-261.8;territory=1805]"
1408102,1408102,Normal,"Building","Waiting","",1,"productivity or territory is insufficient [CokeOven:candidate=True;constructible=True;affordable=False;available=False;owned=3;upgradeTo=IndustrialCarbonizationRetort;research=SteamPower|Coking;workshop=;productivity=-264.16;territory=1805]"
1408702,1409302,Normal,"Building","Waiting","",2,"productivity or territory is insufficient [CokeOven:candidate=True;constructible=True;affordable=False;available=False;owned=3;upgradeTo=IndustrialCarbonizationRetort;research=SteamPower|Coking;workshop=;productivity=-266.52;territory=1805]"
1409902,1411102,Normal,"Building","Waiting","",3,"productivity or territory is insufficient [CokeOven:candidate=True;constructible=True;affordable=False;available=False;owned=3;upgradeTo=IndustrialCarbonizationRetort;research=SteamPower|Coking;workshop=;productivity=-268.88;territory=1805]"
1411702,1414102,Normal,"Building","Waiting","",5,"productivity or territory is insufficient [CokeOven:candidate=True;constructible=True;affordable=False;available=False;owned=3;upgradeTo=IndustrialCarbonizationRetort;research=SteamPower|Coking;workshop=;productivity=-271.24;territory=1805]"
1414702,1414702,Normal,"Building","Waiting","",1,"productivity or territory is insufficient [CokeOven:candidate=True;constructible=True;affordable=False;available=False;owned=3;upgradeTo=IndustrialCarbonizationRetort;research=SteamPower|Coking;workshop=;productivity=-273.6;territory=1805]"
1415302,1415302,Normal,"Building","Waiting","",1,"no strategy candidate [CokeOven:candidate=True;constructible=True;affordable=False;available=False;owned=3;upgradeTo=IndustrialCarbonizationRetort;research=SteamPower|Coking;workshop=;productivity=21.4;territory=1805]"
1415902,1415902,Normal,"Building","Waiting","",1,"productivity or territory is insufficient [CokeOven:candidate=True;constructible=True;affordable=False;available=False;owned=3;upgradeTo=IndustrialCarbonizationRetort;research=SteamPower|Coking;workshop=;productivity=-25.8;territory=1805]"
1416502,1416502,Normal,"Building","Waiting","",1,"productivity or territory is insufficient [CokeOven:candidate=True;constructible=True;affordable=False;available=False;owned=3;upgradeTo=IndustrialCarbonizationRetort;research=SteamPower|Coking;workshop=;productivity=-68.28;territory=1805]"
1417102,1417102,Normal,"Building","Waiting","",1,"productivity or territory is insufficient [CokeOven:candidate=True;constructible=True;affordable=False;available=False;owned=3;upgradeTo=IndustrialCarbonizationRetort;research=SteamPower|Coking;workshop=;productivity=-101.32;territory=1805]"
1417702,1417702,Normal,"Building","Waiting","",1,"productivity or territory is insufficient [CokeOven:candidate=True;constructible=True;affordable=False;available=False;owned=3;upgradeTo=IndustrialCarbonizationRetort;research=SteamPower|Coking;workshop=;productivity=-132;territory=1805]"
1418302,1418302,Normal,"Building","Waiting","",1,"productivity or territory is insufficient [CokeOven:candidate=True;constructible=True;affordable=False;available=False;owned=3;upgradeTo=IndustrialCarbonizationRetort;research=SteamPower|Coking;workshop=;productivity=-155.6;territory=1805]"
1418902,1418902,Normal,"Building","Waiting","",1,"productivity or territory is insufficient [CokeOven:candidate=True;constructible=True;affordable=False;available=False;owned=3;upgradeTo=IndustrialCarbonizationRetort;research=SteamPower|Coking;workshop=;productivity=-174.48;territory=1805]"
1419502,1419502,Normal,"Building","Waiting","",1,"productivity or territory is insufficient [CokeOven:candidate=True;constructible=True;affordable=False;available=False;owned=3;upgradeTo=IndustrialCarbonizationRetort;research=SteamPower|Coking;workshop=;productivity=-191;territory=1805]"
1420102,1420102,Normal,"Building","Waiting","",1,"productivity or territory is insufficient [CokeOven:candidate=True;constructible=True;affordable=False;available=False;owned=3;upgradeTo=IndustrialCarbonizationRetort;research=SteamPower|Coking;workshop=;productivity=-205.16;territory=1805]"
1420702,1420702,Normal,"Building","Waiting","",1,"productivity or territory is insufficient [CokeOven:candidate=True;constructible=True;affordable=False;available=False;owned=3;upgradeTo=IndustrialCarbonizationRetort;research=SteamPower|Coking;workshop=;productivity=-216.96;territory=1805]"
1421302,1421302,Normal,"Building","Waiting","",1,"productivity or territory is insufficient [CokeOven:candidate=True;constructible=True;affordable=False;available=False;owned=3;upgradeTo=IndustrialCarbonizationRetort;research=SteamPower|Coking;workshop=;productivity=-226.4;territory=1805]"
1421902,1421902,Normal,"Building","Waiting","",1,"productivity or territory is insufficient [CokeOven:candidate=True;constructible=True;affordable=False;available=False;owned=3;upgradeTo=IndustrialCarbonizationRetort;research=SteamPower|Coking;workshop=;productivity=-233.48;territory=1805]"
1422502,1422502,Normal,"Building","Waiting","",1,"productivity or territory is insufficient [CokeOven:candidate=True;constructible=True;affordable=False;available=False;owned=3;upgradeTo=IndustrialCarbonizationRetort;research=SteamPower|Coking;workshop=;productivity=-240.56;territory=1805]"
1423102,1423102,Normal,"Building","Waiting","",1,"productivity or territory is insufficient [CokeOven:candidate=True;constructible=True;affordable=False;available=False;owned=3;upgradeTo=IndustrialCarbonizationRetort;research=SteamPower|Coking;workshop=;productivity=-245.28;territory=1805]"
1423702,1423702,Normal,"Building","Waiting","",1,"productivity or territory is insufficient [CokeOven:candidate=True;constructible=True;affordable=False;available=False;owned=3;upgradeTo=IndustrialCarbonizationRetort;research=SteamPower|Coking;workshop=;productivity=-250;territory=1805]"
1424302,1424302,Normal,"Building","Waiting","",1,"productivity or territory is insufficient [CokeOven:candidate=True;constructible=True;affordable=False;available=False;owned=3;upgradeTo=IndustrialCarbonizationRetort;research=SteamPower|Coking;workshop=;productivity=-254.72;territory=1805]"
1424902,1424902,Normal,"Building","Waiting","",1,"productivity or territory is insufficient [CokeOven:candidate=True;constructible=True;affordable=False;available=False;owned=3;upgradeTo=IndustrialCarbonizationRetort;research=SteamPower|Coking;workshop=;productivity=-257.08;territory=1805]"
1425502,1425502,Normal,"Building","Waiting","",1,"productivity or territory is insufficient [CokeOven:candidate=True;constructible=True;affordable=False;available=False;owned=3;upgradeTo=IndustrialCarbonizationRetort;research=SteamPower|Coking;workshop=;productivity=-259.44;territory=1805]"
1426102,1426102,Normal,"Building","Waiting","",1,"productivity or territory is insufficient [CokeOven:candidate=True;constructible=True;affordable=False;available=False;owned=3;upgradeTo=IndustrialCarbonizationRetort;research=SteamPower|Coking;workshop=;productivity=-261.8;territory=1805]"
1426702,1426702,Normal,"Building","Waiting","",1,"productivity or territory is insufficient [CokeOven:candidate=True;constructible=True;affordable=False;available=False;owned=3;upgradeTo=IndustrialCarbonizationRetort;research=SteamPower|Coking;workshop=;productivity=-264.16;territory=1805]"
1427302,1427902,Normal,"Building","Waiting","",2,"productivity or territory is insufficient [CokeOven:candidate=True;constructible=True;affordable=False;available=False;owned=3;upgradeTo=IndustrialCarbonizationRetort;research=SteamPower|Coking;workshop=;productivity=-266.52;territory=1805]"
1428502,1429702,Normal,"Building","Waiting","",3,"productivity or territory is insufficient [CokeOven:candidate=True;constructible=True;affordable=False;available=False;owned=3;upgradeTo=IndustrialCarbonizationRetort;research=SteamPower|Coking;workshop=;productivity=-268.88;territory=1805]"
1430302,1432702,Normal,"Building","Waiting","",5,"productivity or territory is insufficient [CokeOven:candidate=True;constructible=True;affordable=False;available=False;owned=3;upgradeTo=IndustrialCarbonizationRetort;research=SteamPower|Coking;workshop=;productivity=-271.24;territory=1805]"
1433302,1433302,Normal,"Building","Waiting","",1,"productivity or territory is insufficient [CokeOven:candidate=True;constructible=True;affordable=False;available=False;owned=3;upgradeTo=IndustrialCarbonizationRetort;research=SteamPower|Coking;workshop=;productivity=-273.6;territory=1805]"
1433902,1433902,Normal,"Building","Waiting","",1,"no strategy candidate [CokeOven:candidate=True;constructible=True;affordable=False;available=False;owned=3;upgradeTo=IndustrialCarbonizationRetort;research=SteamPower|Coking;workshop=;productivity=21.4;territory=1805]"
1434502,1434502,Normal,"Building","Waiting","",1,"productivity or territory is insufficient [CokeOven:candidate=True;constructible=True;affordable=False;available=False;owned=3;upgradeTo=IndustrialCarbonizationRetort;research=SteamPower|Coking;workshop=;productivity=-25.8;territory=1805]"
1435102,1435102,Normal,"Building","Waiting","",1,"productivity or territory is insufficient [CokeOven:candidate=True;constructible=True;affordable=False;available=False;owned=3;upgradeTo=IndustrialCarbonizationRetort;research=SteamPower|Coking;workshop=;productivity=-68.28;territory=1805]"
1435702,1435702,Normal,"Building","Waiting","",1,"productivity or territory is insufficient [CokeOven:candidate=True;constructible=True;affordable=False;available=False;owned=3;upgradeTo=IndustrialCarbonizationRetort;research=SteamPower|Coking;workshop=;productivity=-101.32;territory=1805]"
1436302,1436302,Normal,"Building","Waiting","",1,"productivity or territory is insufficient [CokeOven:candidate=True;constructible=True;affordable=False;available=False;owned=3;upgradeTo=IndustrialCarbonizationRetort;research=SteamPower|Coking;workshop=;productivity=-132;territory=1805]"
1436902,1436902,Normal,"Building","Waiting","",1,"productivity or territory is insufficient [CokeOven:candidate=True;constructible=True;affordable=False;available=False;owned=3;upgradeTo=IndustrialCarbonizationRetort;research=SteamPower|Coking;workshop=;productivity=-155.6;territory=1805]"
1437502,1437502,Normal,"Building","Waiting","",1,"productivity or territory is insufficient [CokeOven:candidate=True;constructible=True;affordable=False;available=False;owned=3;upgradeTo=IndustrialCarbonizationRetort;research=SteamPower|Coking;workshop=;productivity=-174.48;territory=1805]"
1438102,1438102,Normal,"Building","Waiting","",1,"productivity or territory is insufficient [CokeOven:candidate=True;constructible=True;affordable=False;available=False;owned=3;upgradeTo=IndustrialCarbonizationRetort;research=SteamPower|Coking;workshop=;productivity=-191;territory=1805]"
1438702,1438702,Normal,"Building","Waiting","",1,"productivity or territory is insufficient [CokeOven:candidate=True;constructible=True;affordable=False;available=False;owned=3;upgradeTo=IndustrialCarbonizationRetort;research=SteamPower|Coking;workshop=;productivity=-205.16;territory=1805]"
1439302,1439302,Normal,"Building","Waiting","",1,"productivity or territory is insufficient [CokeOven:candidate=True;constructible=True;affordable=False;available=False;owned=3;upgradeTo=IndustrialCarbonizationRetort;research=SteamPower|Coking;workshop=;productivity=-216.96;territory=1805]"
1439902,1439902,Normal,"Building","Waiting","",1,"productivity or territory is insufficient [CokeOven:candidate=True;constructible=True;affordable=False;available=False;owned=3;upgradeTo=IndustrialCarbonizationRetort;research=SteamPower|Coking;workshop=;productivity=-226.4;territory=1805]"
1440502,1440502,Normal,"Building","Waiting","",1,"productivity or territory is insufficient [CokeOven:candidate=True;constructible=True;affordable=False;available=False;owned=3;upgradeTo=IndustrialCarbonizationRetort;research=SteamPower|Coking;workshop=;productivity=-233.48;territory=1805]"
1441102,1441102,Normal,"Building","Waiting","",1,"productivity or territory is insufficient [CokeOven:candidate=True;constructible=True;affordable=False;available=False;owned=3;upgradeTo=IndustrialCarbonizationRetort;research=SteamPower|Coking;workshop=;productivity=-240.56;territory=1805]"
1441702,1441702,Normal,"Building","Waiting","",1,"productivity or territory is insufficient [CokeOven:candidate=True;constructible=True;affordable=False;available=False;owned=3;upgradeTo=IndustrialCarbonizationRetort;research=SteamPower|Coking;workshop=;productivity=-245.28;territory=1805]"
1442302,1442302,Normal,"Building","Waiting","",1,"productivity or territory is insufficient [CokeOven:candidate=True;constructible=True;affordable=False;available=False;owned=3;upgradeTo=IndustrialCarbonizationRetort;research=SteamPower|Coking;workshop=;productivity=-250;territory=1805]"
1442902,1442902,Normal,"Building","Waiting","",1,"productivity or territory is insufficient [CokeOven:candidate=True;constructible=True;affordable=False;available=False;owned=3;upgradeTo=IndustrialCarbonizationRetort;research=SteamPower|Coking;workshop=;productivity=-254.72;territory=1805]"
1443502,1443502,Normal,"Building","Waiting","",1,"productivity or territory is insufficient [CokeOven:candidate=True;constructible=True;affordable=False;available=False;owned=3;upgradeTo=IndustrialCarbonizationRetort;research=SteamPower|Coking;workshop=;productivity=-257.08;territory=1805]"
1444102,1444102,Normal,"Building","Waiting","",1,"productivity or territory is insufficient [CokeOven:candidate=True;constructible=True;affordable=False;available=False;owned=3;upgradeTo=IndustrialCarbonizationRetort;research=SteamPower|Coking;workshop=;productivity=-259.44;territory=1805]"
1444702,1444702,Normal,"Building","Waiting","",1,"productivity or territory is insufficient [CokeOven:candidate=True;constructible=True;affordable=False;available=False;owned=3;upgradeTo=IndustrialCarbonizationRetort;research=SteamPower|Coking;workshop=;productivity=-261.8;territory=1805]"
1445302,1445302,Normal,"Building","Waiting","",1,"productivity or territory is insufficient [CokeOven:candidate=True;constructible=True;affordable=False;available=False;owned=3;upgradeTo=IndustrialCarbonizationRetort;research=SteamPower|Coking;workshop=;productivity=-264.16;territory=1805]"
1445902,1446502,Normal,"Building","Waiting","",2,"productivity or territory is insufficient [CokeOven:candidate=True;constructible=True;affordable=False;available=False;owned=3;upgradeTo=IndustrialCarbonizationRetort;research=SteamPower|Coking;workshop=;productivity=-266.52;territory=1805]"
1447102,1448302,Normal,"Building","Waiting","",3,"productivity or territory is insufficient [CokeOven:candidate=True;constructible=True;affordable=False;available=False;owned=3;upgradeTo=IndustrialCarbonizationRetort;research=SteamPower|Coking;workshop=;productivity=-268.88;territory=1805]"
1448902,1451302,Normal,"Building","Waiting","",5,"productivity or territory is insufficient [CokeOven:candidate=True;constructible=True;affordable=False;available=False;owned=3;upgradeTo=IndustrialCarbonizationRetort;research=SteamPower|Coking;workshop=;productivity=-271.24;territory=1805]"
1451902,1451902,Normal,"Building","Waiting","",1,"productivity or territory is insufficient [CokeOven:candidate=True;constructible=True;affordable=False;available=False;owned=3;upgradeTo=IndustrialCarbonizationRetort;research=SteamPower|Coking;workshop=;productivity=-273.6;territory=1805]"
1452502,1452502,Normal,"Building","Waiting","",1,"no strategy candidate [CokeOven:candidate=True;constructible=True;affordable=False;available=False;owned=3;upgradeTo=IndustrialCarbonizationRetort;research=SteamPower|Coking;workshop=;productivity=21.4;territory=1805]"
1453102,1453102,Normal,"Building","Waiting","",1,"productivity or territory is insufficient [CokeOven:candidate=True;constructible=True;affordable=False;available=False;owned=3;upgradeTo=IndustrialCarbonizationRetort;research=SteamPower|Coking;workshop=;productivity=-25.8;territory=1805]"
1453702,1453702,Normal,"Building","Waiting","",1,"productivity or territory is insufficient [CokeOven:candidate=True;constructible=True;affordable=False;available=False;owned=3;upgradeTo=IndustrialCarbonizationRetort;research=SteamPower|Coking;workshop=;productivity=-68.28;territory=1805]"
1454302,1454302,Normal,"Building","Waiting","",1,"productivity or territory is insufficient [CokeOven:candidate=True;constructible=True;affordable=False;available=False;owned=3;upgradeTo=IndustrialCarbonizationRetort;research=SteamPower|Coking;workshop=;productivity=-101.32;territory=1805]"
1454902,1454902,Normal,"Building","Waiting","",1,"productivity or territory is insufficient [CokeOven:candidate=True;constructible=True;affordable=False;available=False;owned=3;upgradeTo=IndustrialCarbonizationRetort;research=SteamPower|Coking;workshop=;productivity=-132;territory=1805]"
1455502,1455502,Normal,"Building","Waiting","",1,"productivity or territory is insufficient [CokeOven:candidate=True;constructible=True;affordable=False;available=False;owned=3;upgradeTo=IndustrialCarbonizationRetort;research=SteamPower|Coking;workshop=;productivity=-155.6;territory=1805]"
1456102,1456102,Normal,"Building","Waiting","",1,"productivity or territory is insufficient [CokeOven:candidate=True;constructible=True;affordable=False;available=False;owned=3;upgradeTo=IndustrialCarbonizationRetort;research=SteamPower|Coking;workshop=;productivity=-174.48;territory=1805]"
1456702,1456702,Normal,"Building","Waiting","",1,"productivity or territory is insufficient [CokeOven:candidate=True;constructible=True;affordable=False;available=False;owned=3;upgradeTo=IndustrialCarbonizationRetort;research=SteamPower|Coking;workshop=;productivity=-191;territory=1805]"
1457302,1457302,Normal,"Building","Waiting","",1,"productivity or territory is insufficient [CokeOven:candidate=True;constructible=True;affordable=False;available=False;owned=3;upgradeTo=IndustrialCarbonizationRetort;research=SteamPower|Coking;workshop=;productivity=-205.16;territory=1805]"
1457902,1457902,Normal,"Building","Waiting","",1,"productivity or territory is insufficient [CokeOven:candidate=True;constructible=True;affordable=False;available=False;owned=3;upgradeTo=IndustrialCarbonizationRetort;research=SteamPower|Coking;workshop=;productivity=-216.96;territory=1805]"
1458502,1458502,Normal,"Building","Waiting","",1,"productivity or territory is insufficient [CokeOven:candidate=True;constructible=True;affordable=False;available=False;owned=3;upgradeTo=IndustrialCarbonizationRetort;research=SteamPower|Coking;workshop=;productivity=-226.4;territory=1805]"
1459102,1459102,Normal,"Building","Waiting","",1,"productivity or territory is insufficient [CokeOven:candidate=True;constructible=True;affordable=False;available=False;owned=3;upgradeTo=IndustrialCarbonizationRetort;research=SteamPower|Coking;workshop=;productivity=-233.48;territory=1805]"
1459702,1459702,Normal,"Building","Waiting","",1,"productivity or territory is insufficient [CokeOven:candidate=True;constructible=True;affordable=False;available=False;owned=3;upgradeTo=IndustrialCarbonizationRetort;research=SteamPower|Coking;workshop=;productivity=-240.56;territory=1805]"
1460302,1460302,Normal,"Building","Waiting","",1,"productivity or territory is insufficient [CokeOven:candidate=True;constructible=True;affordable=False;available=False;owned=3;upgradeTo=IndustrialCarbonizationRetort;research=SteamPower|Coking;workshop=;productivity=-245.28;territory=1805]"
1460902,1460902,Normal,"Building","Waiting","",1,"productivity or territory is insufficient [CokeOven:candidate=True;constructible=True;affordable=False;available=False;owned=3;upgradeTo=IndustrialCarbonizationRetort;research=SteamPower|Coking;workshop=;productivity=-250;territory=1805]"
1461502,1461502,Normal,"Building","Waiting","",1,"productivity or territory is insufficient [CokeOven:candidate=True;constructible=True;affordable=False;available=False;owned=3;upgradeTo=IndustrialCarbonizationRetort;research=SteamPower|Coking;workshop=;productivity=-254.72;territory=1805]"
1462102,1462102,Normal,"Building","Waiting","",1,"productivity or territory is insufficient [CokeOven:candidate=True;constructible=True;affordable=False;available=False;owned=3;upgradeTo=IndustrialCarbonizationRetort;research=SteamPower|Coking;workshop=;productivity=-257.08;territory=1805]"
1462702,1462702,Normal,"Building","Waiting","",1,"productivity or territory is insufficient [CokeOven:candidate=True;constructible=True;affordable=False;available=False;owned=3;upgradeTo=IndustrialCarbonizationRetort;research=SteamPower|Coking;workshop=;productivity=-259.44;territory=1805]"
1463302,1463302,Normal,"Building","Waiting","",1,"productivity or territory is insufficient [CokeOven:candidate=True;constructible=True;affordable=False;available=False;owned=3;upgradeTo=IndustrialCarbonizationRetort;research=SteamPower|Coking;workshop=;productivity=-261.8;territory=1805]"
1463902,1463902,Normal,"Building","Waiting","",1,"productivity or territory is insufficient [CokeOven:candidate=True;constructible=True;affordable=False;available=False;owned=3;upgradeTo=IndustrialCarbonizationRetort;research=SteamPower|Coking;workshop=;productivity=-264.16;territory=1805]"
1464502,1465102,Normal,"Building","Waiting","",2,"productivity or territory is insufficient [CokeOven:candidate=True;constructible=True;affordable=False;available=False;owned=3;upgradeTo=IndustrialCarbonizationRetort;research=SteamPower|Coking;workshop=;productivity=-266.52;territory=1805]"
1465702,1466902,Normal,"Building","Waiting","",3,"productivity or territory is insufficient [CokeOven:candidate=True;constructible=True;affordable=False;available=False;owned=3;upgradeTo=IndustrialCarbonizationRetort;research=SteamPower|Coking;workshop=;productivity=-268.88;territory=1805]"
1467502,1469902,Normal,"Building","Waiting","",5,"productivity or territory is insufficient [CokeOven:candidate=True;constructible=True;affordable=False;available=False;owned=3;upgradeTo=IndustrialCarbonizationRetort;research=SteamPower|Coking;workshop=;productivity=-271.24;territory=1805]"
1470502,1470502,Normal,"Building","Waiting","",1,"productivity or territory is insufficient [CokeOven:candidate=True;constructible=True;affordable=False;available=False;owned=3;upgradeTo=IndustrialCarbonizationRetort;research=SteamPower|Coking;workshop=;productivity=-273.6;territory=1805]"
1471102,1471102,Normal,"Building","Waiting","",1,"no strategy candidate [CokeOven:candidate=True;constructible=True;affordable=False;available=False;owned=3;upgradeTo=IndustrialCarbonizationRetort;research=SteamPower|Coking;workshop=;productivity=21.4;territory=1805]"
1471702,1471702,Normal,"Building","Waiting","",1,"productivity or territory is insufficient [CokeOven:candidate=True;constructible=True;affordable=False;available=False;owned=3;upgradeTo=IndustrialCarbonizationRetort;research=SteamPower|Coking;workshop=;productivity=-25.8;territory=1805]"
1472302,1472302,Normal,"Building","Waiting","",1,"productivity or territory is insufficient [CokeOven:candidate=True;constructible=True;affordable=False;available=False;owned=3;upgradeTo=IndustrialCarbonizationRetort;research=SteamPower|Coking;workshop=;productivity=-68.28;territory=1805]"
1472902,1472902,Normal,"Building","Waiting","",1,"productivity or territory is insufficient [CokeOven:candidate=True;constructible=True;affordable=False;available=False;owned=3;upgradeTo=IndustrialCarbonizationRetort;research=SteamPower|Coking;workshop=;productivity=-101.32;territory=1805]"
1473502,1473502,Normal,"Building","Waiting","",1,"productivity or territory is insufficient [CokeOven:candidate=True;constructible=True;affordable=False;available=False;owned=3;upgradeTo=IndustrialCarbonizationRetort;research=SteamPower|Coking;workshop=;productivity=-132;territory=1805]"
1474102,1474102,Normal,"Building","Waiting","",1,"productivity or territory is insufficient [CokeOven:candidate=True;constructible=True;affordable=False;available=False;owned=3;upgradeTo=IndustrialCarbonizationRetort;research=SteamPower|Coking;workshop=;productivity=-155.6;territory=1805]"
1474702,1474702,Normal,"Building","Waiting","",1,"productivity or territory is insufficient [CokeOven:candidate=True;constructible=True;affordable=False;available=False;owned=3;upgradeTo=IndustrialCarbonizationRetort;research=SteamPower|Coking;workshop=;productivity=-174.48;territory=1805]"
1475302,1475302,Normal,"Building","Waiting","",1,"productivity or territory is insufficient [CokeOven:candidate=True;constructible=True;affordable=False;available=False;owned=3;upgradeTo=IndustrialCarbonizationRetort;research=SteamPower|Coking;workshop=;productivity=-191;territory=1805]"
1475902,1475902,Normal,"Building","Waiting","",1,"productivity or territory is insufficient [CokeOven:candidate=True;constructible=True;affordable=False;available=False;owned=3;upgradeTo=IndustrialCarbonizationRetort;research=SteamPower|Coking;workshop=;productivity=-205.16;territory=1805]"
1476502,1476502,Normal,"Building","Waiting","",1,"productivity or territory is insufficient [CokeOven:candidate=True;constructible=True;affordable=False;available=False;owned=3;upgradeTo=IndustrialCarbonizationRetort;research=SteamPower|Coking;workshop=;productivity=-216.96;territory=1805]"
1477102,1477102,Normal,"Building","Waiting","",1,"productivity or territory is insufficient [CokeOven:candidate=True;constructible=True;affordable=False;available=False;owned=3;upgradeTo=IndustrialCarbonizationRetort;research=SteamPower|Coking;workshop=;productivity=-226.4;territory=1805]"
1477702,1477702,Normal,"Building","Waiting","",1,"productivity or territory is insufficient [CokeOven:candidate=True;constructible=True;affordable=False;available=False;owned=3;upgradeTo=IndustrialCarbonizationRetort;research=SteamPower|Coking;workshop=;productivity=-233.48;territory=1805]"
1478302,1478302,Normal,"Building","Waiting","",1,"productivity or territory is insufficient [CokeOven:candidate=True;constructible=True;affordable=False;available=False;owned=3;upgradeTo=IndustrialCarbonizationRetort;research=SteamPower|Coking;workshop=;productivity=-240.56;territory=1805]"
1478902,1478902,Normal,"Building","Waiting","",1,"productivity or territory is insufficient [CokeOven:candidate=True;constructible=True;affordable=False;available=False;owned=3;upgradeTo=IndustrialCarbonizationRetort;research=SteamPower|Coking;workshop=;productivity=-245.28;territory=1805]"
1479502,1479502,Normal,"Building","Waiting","",1,"productivity or territory is insufficient [CokeOven:candidate=True;constructible=True;affordable=False;available=False;owned=3;upgradeTo=IndustrialCarbonizationRetort;research=SteamPower|Coking;workshop=;productivity=-250;territory=1805]"
1480102,1480102,Normal,"Building","Waiting","",1,"productivity or territory is insufficient [CokeOven:candidate=True;constructible=True;affordable=False;available=False;owned=3;upgradeTo=IndustrialCarbonizationRetort;research=SteamPower|Coking;workshop=;productivity=-254.72;territory=1805]"
1480702,1480702,Normal,"Building","Waiting","",1,"productivity or territory is insufficient [CokeOven:candidate=True;constructible=True;affordable=False;available=False;owned=3;upgradeTo=IndustrialCarbonizationRetort;research=SteamPower|Coking;workshop=;productivity=-257.08;territory=1805]"
1481302,1481302,Normal,"Building","Waiting","",1,"productivity or territory is insufficient [CokeOven:candidate=True;constructible=True;affordable=False;available=False;owned=3;upgradeTo=IndustrialCarbonizationRetort;research=SteamPower|Coking;workshop=;productivity=-259.44;territory=1805]"
1481902,1481902,Normal,"Building","Waiting","",1,"productivity or territory is insufficient [CokeOven:candidate=True;constructible=True;affordable=False;available=False;owned=3;upgradeTo=IndustrialCarbonizationRetort;research=SteamPower|Coking;workshop=;productivity=-261.8;territory=1805]"
1482502,1482502,Normal,"Building","Waiting","",1,"productivity or territory is insufficient [CokeOven:candidate=True;constructible=True;affordable=False;available=False;owned=3;upgradeTo=IndustrialCarbonizationRetort;research=SteamPower|Coking;workshop=;productivity=-264.16;territory=1805]"
1483102,1483702,Normal,"Building","Waiting","",2,"productivity or territory is insufficient [CokeOven:candidate=True;constructible=True;affordable=False;available=False;owned=3;upgradeTo=IndustrialCarbonizationRetort;research=SteamPower|Coking;workshop=;productivity=-266.52;territory=1805]"
1484302,1485502,Normal,"Building","Waiting","",3,"productivity or territory is insufficient [CokeOven:candidate=True;constructible=True;affordable=False;available=False;owned=3;upgradeTo=IndustrialCarbonizationRetort;research=SteamPower|Coking;workshop=;productivity=-268.88;territory=1805]"
1486102,1488502,Normal,"Building","Waiting","",5,"productivity or territory is insufficient [CokeOven:candidate=True;constructible=True;affordable=False;available=False;owned=3;upgradeTo=IndustrialCarbonizationRetort;research=SteamPower|Coking;workshop=;productivity=-271.24;territory=1805]"
1489102,1489102,Normal,"Building","Waiting","",1,"productivity or territory is insufficient [CokeOven:candidate=True;constructible=True;affordable=False;available=False;owned=3;upgradeTo=IndustrialCarbonizationRetort;research=SteamPower|Coking;workshop=;productivity=-273.6;territory=1805]"
1489702,1489702,Normal,"Building","Waiting","",1,"no strategy candidate [CokeOven:candidate=True;constructible=True;affordable=False;available=False;owned=3;upgradeTo=IndustrialCarbonizationRetort;research=SteamPower|Coking;workshop=;productivity=21.4;territory=1805]"
1490302,1490302,Normal,"Building","Waiting","",1,"productivity or territory is insufficient [CokeOven:candidate=True;constructible=True;affordable=False;available=False;owned=3;upgradeTo=IndustrialCarbonizationRetort;research=SteamPower|Coking;workshop=;productivity=-25.8;territory=1805]"
1490902,1490902,Normal,"Building","Waiting","",1,"productivity or territory is insufficient [CokeOven:candidate=True;constructible=True;affordable=False;available=False;owned=3;upgradeTo=IndustrialCarbonizationRetort;research=SteamPower|Coking;workshop=;productivity=-68.28;territory=1805]"
1491502,1491502,Normal,"Building","Waiting","",1,"productivity or territory is insufficient [CokeOven:candidate=True;constructible=True;affordable=False;available=False;owned=3;upgradeTo=IndustrialCarbonizationRetort;research=SteamPower|Coking;workshop=;productivity=-101.32;territory=1805]"
1492102,1492102,Normal,"Building","Waiting","",1,"productivity or territory is insufficient [CokeOven:candidate=True;constructible=True;affordable=False;available=False;owned=3;upgradeTo=IndustrialCarbonizationRetort;research=SteamPower|Coking;workshop=;productivity=-132;territory=1805]"
1492702,1492702,Normal,"Building","Waiting","",1,"productivity or territory is insufficient [CokeOven:candidate=True;constructible=True;affordable=False;available=False;owned=3;upgradeTo=IndustrialCarbonizationRetort;research=SteamPower|Coking;workshop=;productivity=-155.6;territory=1805]"
1493302,1493302,Normal,"Building","Waiting","",1,"productivity or territory is insufficient [CokeOven:candidate=True;constructible=True;affordable=False;available=False;owned=3;upgradeTo=IndustrialCarbonizationRetort;research=SteamPower|Coking;workshop=;productivity=-174.48;territory=1805]"
1493902,1493902,Normal,"Building","Waiting","",1,"productivity or territory is insufficient [CokeOven:candidate=True;constructible=True;affordable=False;available=False;owned=3;upgradeTo=IndustrialCarbonizationRetort;research=SteamPower|Coking;workshop=;productivity=-191;territory=1805]"
1494502,1494502,Normal,"Building","Waiting","",1,"productivity or territory is insufficient [CokeOven:candidate=True;constructible=True;affordable=False;available=False;owned=3;upgradeTo=IndustrialCarbonizationRetort;research=SteamPower|Coking;workshop=;productivity=-205.16;territory=1805]"
1495102,1495102,Normal,"Building","Waiting","",1,"productivity or territory is insufficient [CokeOven:candidate=True;constructible=True;affordable=False;available=False;owned=3;upgradeTo=IndustrialCarbonizationRetort;research=SteamPower|Coking;workshop=;productivity=-216.96;territory=1805]"
1495702,1495702,Normal,"Building","Waiting","",1,"productivity or territory is insufficient [CokeOven:candidate=True;constructible=True;affordable=False;available=False;owned=3;upgradeTo=IndustrialCarbonizationRetort;research=SteamPower|Coking;workshop=;productivity=-226.4;territory=1805]"
1496302,1496302,Normal,"Building","Waiting","",1,"productivity or territory is insufficient [CokeOven:candidate=True;constructible=True;affordable=False;available=False;owned=3;upgradeTo=IndustrialCarbonizationRetort;research=SteamPower|Coking;workshop=;productivity=-233.48;territory=1805]"
1496902,1496902,Normal,"Building","Waiting","",1,"productivity or territory is insufficient [CokeOven:candidate=True;constructible=True;affordable=False;available=False;owned=3;upgradeTo=IndustrialCarbonizationRetort;research=SteamPower|Coking;workshop=;productivity=-240.56;territory=1805]"
1497502,1497502,Normal,"Building","Waiting","",1,"productivity or territory is insufficient [CokeOven:candidate=True;constructible=True;affordable=False;available=False;owned=3;upgradeTo=IndustrialCarbonizationRetort;research=SteamPower|Coking;workshop=;productivity=-245.28;territory=1805]"
1498102,1498102,Normal,"Building","Waiting","",1,"productivity or territory is insufficient [CokeOven:candidate=True;constructible=True;affordable=False;available=False;owned=3;upgradeTo=IndustrialCarbonizationRetort;research=SteamPower|Coking;workshop=;productivity=-250;territory=1805]"
1498702,1498702,Normal,"Building","Waiting","",1,"productivity or territory is insufficient [CokeOven:candidate=True;constructible=True;affordable=False;available=False;owned=3;upgradeTo=IndustrialCarbonizationRetort;research=SteamPower|Coking;workshop=;productivity=-254.72;territory=1805]"
1499302,1499302,Normal,"Building","Waiting","",1,"productivity or territory is insufficient [CokeOven:candidate=True;constructible=True;affordable=False;available=False;owned=3;upgradeTo=IndustrialCarbonizationRetort;research=SteamPower|Coking;workshop=;productivity=-257.08;territory=1805]"
1499902,1499902,Normal,"Building","Waiting","",1,"productivity or territory is insufficient [CokeOven:candidate=True;constructible=True;affordable=False;available=False;owned=3;upgradeTo=IndustrialCarbonizationRetort;research=SteamPower|Coking;workshop=;productivity=-259.44;territory=1805]"
1500502,1500502,Normal,"Building","Waiting","",1,"productivity or territory is insufficient [CokeOven:candidate=True;constructible=True;affordable=False;available=False;owned=3;upgradeTo=IndustrialCarbonizationRetort;research=SteamPower|Coking;workshop=;productivity=-261.8;territory=1805]"
1501102,1501102,Normal,"Building","Waiting","",1,"productivity or territory is insufficient [CokeOven:candidate=True;constructible=True;affordable=False;available=False;owned=3;upgradeTo=IndustrialCarbonizationRetort;research=SteamPower|Coking;workshop=;productivity=-264.16;territory=1805]"
1501702,1502302,Normal,"Building","Waiting","",2,"productivity or territory is insufficient [CokeOven:candidate=True;constructible=True;affordable=False;available=False;owned=3;upgradeTo=IndustrialCarbonizationRetort;research=SteamPower|Coking;workshop=;productivity=-266.52;territory=1805]"
1502902,1504102,Normal,"Building","Waiting","",3,"productivity or territory is insufficient [CokeOven:candidate=True;constructible=True;affordable=False;available=False;owned=3;upgradeTo=IndustrialCarbonizationRetort;research=SteamPower|Coking;workshop=;productivity=-268.88;territory=1805]"
1504702,1507102,Normal,"Building","Waiting","",5,"productivity or territory is insufficient [CokeOven:candidate=True;constructible=True;affordable=False;available=False;owned=3;upgradeTo=IndustrialCarbonizationRetort;research=SteamPower|Coking;workshop=;productivity=-271.24;territory=1805]"
1507702,1507702,Normal,"Building","Waiting","",1,"productivity or territory is insufficient [CokeOven:candidate=True;constructible=True;affordable=False;available=False;owned=3;upgradeTo=IndustrialCarbonizationRetort;research=SteamPower|Coking;workshop=;productivity=-273.6;territory=1805]"
1508302,1508302,Normal,"Building","Waiting","",1,"no strategy candidate [CokeOven:candidate=True;constructible=True;affordable=False;available=False;owned=3;upgradeTo=IndustrialCarbonizationRetort;research=SteamPower|Coking;workshop=;productivity=21.4;territory=1805]"
1508902,1508902,Normal,"Building","Waiting","",1,"productivity or territory is insufficient [CokeOven:candidate=True;constructible=True;affordable=False;available=False;owned=3;upgradeTo=IndustrialCarbonizationRetort;research=SteamPower|Coking;workshop=;productivity=-25.8;territory=1805]"
1509502,1509502,Normal,"Building","Waiting","",1,"productivity or territory is insufficient [CokeOven:candidate=True;constructible=True;affordable=False;available=False;owned=3;upgradeTo=IndustrialCarbonizationRetort;research=SteamPower|Coking;workshop=;productivity=-68.28;territory=1805]"
1510102,1510102,Normal,"Building","Waiting","",1,"productivity or territory is insufficient [CokeOven:candidate=True;constructible=True;affordable=False;available=False;owned=3;upgradeTo=IndustrialCarbonizationRetort;research=SteamPower|Coking;workshop=;productivity=-101.32;territory=1805]"
1510702,1510702,Normal,"Building","Waiting","",1,"productivity or territory is insufficient [CokeOven:candidate=True;constructible=True;affordable=False;available=False;owned=3;upgradeTo=IndustrialCarbonizationRetort;research=SteamPower|Coking;workshop=;productivity=-132;territory=1805]"
1511302,1511302,Normal,"Building","Waiting","",1,"productivity or territory is insufficient [CokeOven:candidate=True;constructible=True;affordable=False;available=False;owned=3;upgradeTo=IndustrialCarbonizationRetort;research=SteamPower|Coking;workshop=;productivity=-155.6;territory=1805]"
1511902,1511902,Normal,"Building","Waiting","",1,"productivity or territory is insufficient [CokeOven:candidate=True;constructible=True;affordable=False;available=False;owned=3;upgradeTo=IndustrialCarbonizationRetort;research=SteamPower|Coking;workshop=;productivity=-174.48;territory=1805]"
1512502,1512502,Normal,"Building","Waiting","",1,"productivity or territory is insufficient [CokeOven:candidate=True;constructible=True;affordable=False;available=False;owned=3;upgradeTo=IndustrialCarbonizationRetort;research=SteamPower|Coking;workshop=;productivity=-191;territory=1805]"
1513102,1513102,Normal,"Building","Waiting","",1,"productivity or territory is insufficient [CokeOven:candidate=True;constructible=True;affordable=False;available=False;owned=3;upgradeTo=IndustrialCarbonizationRetort;research=SteamPower|Coking;workshop=;productivity=-205.16;territory=1805]"
1513702,1513702,Normal,"Building","Waiting","",1,"productivity or territory is insufficient [CokeOven:candidate=True;constructible=True;affordable=False;available=False;owned=3;upgradeTo=IndustrialCarbonizationRetort;research=SteamPower|Coking;workshop=;productivity=-216.96;territory=1805]"
1514302,1514302,Normal,"Building","Waiting","",1,"productivity or territory is insufficient [CokeOven:candidate=True;constructible=True;affordable=False;available=False;owned=3;upgradeTo=IndustrialCarbonizationRetort;research=SteamPower|Coking;workshop=;productivity=-226.4;territory=1805]"
1514902,1514902,Normal,"Building","Waiting","",1,"productivity or territory is insufficient [CokeOven:candidate=True;constructible=True;affordable=False;available=False;owned=3;upgradeTo=IndustrialCarbonizationRetort;research=SteamPower|Coking;workshop=;productivity=-233.48;territory=1805]"
1515502,1515502,Normal,"Building","Waiting","",1,"productivity or territory is insufficient [CokeOven:candidate=True;constructible=True;affordable=False;available=False;owned=3;upgradeTo=IndustrialCarbonizationRetort;research=SteamPower|Coking;workshop=;productivity=-240.56;territory=1805]"
1516102,1516102,Normal,"Building","Waiting","",1,"productivity or territory is insufficient [CokeOven:candidate=True;constructible=True;affordable=False;available=False;owned=3;upgradeTo=IndustrialCarbonizationRetort;research=SteamPower|Coking;workshop=;productivity=-245.28;territory=1805]"
1516702,1516702,Normal,"Building","Waiting","",1,"productivity or territory is insufficient [CokeOven:candidate=True;constructible=True;affordable=False;available=False;owned=3;upgradeTo=IndustrialCarbonizationRetort;research=SteamPower|Coking;workshop=;productivity=-250;territory=1805]"
1517302,1517302,Normal,"Building","Waiting","",1,"productivity or territory is insufficient [CokeOven:candidate=True;constructible=True;affordable=False;available=False;owned=3;upgradeTo=IndustrialCarbonizationRetort;research=SteamPower|Coking;workshop=;productivity=-254.72;territory=1805]"
1517902,1517902,Normal,"Building","Waiting","",1,"productivity or territory is insufficient [CokeOven:candidate=True;constructible=True;affordable=False;available=False;owned=3;upgradeTo=IndustrialCarbonizationRetort;research=SteamPower|Coking;workshop=;productivity=-257.08;territory=1805]"
1518502,1518502,Normal,"Building","Waiting","",1,"productivity or territory is insufficient [CokeOven:candidate=True;constructible=True;affordable=False;available=False;owned=3;upgradeTo=IndustrialCarbonizationRetort;research=SteamPower|Coking;workshop=;productivity=-259.44;territory=1805]"
1519102,1519102,Normal,"Building","Waiting","",1,"productivity or territory is insufficient [CokeOven:candidate=True;constructible=True;affordable=False;available=False;owned=3;upgradeTo=IndustrialCarbonizationRetort;research=SteamPower|Coking;workshop=;productivity=-261.8;territory=1805]"
1519702,1519702,Normal,"Building","Waiting","",1,"productivity or territory is insufficient [CokeOven:candidate=True;constructible=True;affordable=False;available=False;owned=3;upgradeTo=IndustrialCarbonizationRetort;research=SteamPower|Coking;workshop=;productivity=-264.16;territory=1805]"
1520302,1520902,Normal,"Building","Waiting","",2,"productivity or territory is insufficient [CokeOven:candidate=True;constructible=True;affordable=False;available=False;owned=3;upgradeTo=IndustrialCarbonizationRetort;research=SteamPower|Coking;workshop=;productivity=-266.52;territory=1805]"
1521502,1522702,Normal,"Building","Waiting","",3,"productivity or territory is insufficient [CokeOven:candidate=True;constructible=True;affordable=False;available=False;owned=3;upgradeTo=IndustrialCarbonizationRetort;research=SteamPower|Coking;workshop=;productivity=-268.88;territory=1805]"
1523302,1525702,Normal,"Building","Waiting","",5,"productivity or territory is insufficient [CokeOven:candidate=True;constructible=True;affordable=False;available=False;owned=3;upgradeTo=IndustrialCarbonizationRetort;research=SteamPower|Coking;workshop=;productivity=-271.24;territory=1805]"
1526302,1526302,Normal,"Building","Waiting","",1,"productivity or territory is insufficient [CokeOven:candidate=True;constructible=True;affordable=False;available=False;owned=3;upgradeTo=IndustrialCarbonizationRetort;research=SteamPower|Coking;workshop=;productivity=-273.6;territory=1805]"
1526902,1526902,Normal,"Building","Waiting","",1,"no strategy candidate [CokeOven:candidate=True;constructible=True;affordable=False;available=False;owned=3;upgradeTo=IndustrialCarbonizationRetort;research=SteamPower|Coking;workshop=;productivity=21.4;territory=1805]"
1527502,1527502,Normal,"Building","Waiting","",1,"productivity or territory is insufficient [CokeOven:candidate=True;constructible=True;affordable=False;available=False;owned=3;upgradeTo=IndustrialCarbonizationRetort;research=SteamPower|Coking;workshop=;productivity=-25.8;territory=1805]"
1528102,1528102,Normal,"Building","Waiting","",1,"productivity or territory is insufficient [CokeOven:candidate=True;constructible=True;affordable=False;available=False;owned=3;upgradeTo=IndustrialCarbonizationRetort;research=SteamPower|Coking;workshop=;productivity=-68.28;territory=1805]"
1528702,1528702,Normal,"Building","Waiting","",1,"productivity or territory is insufficient [CokeOven:candidate=True;constructible=True;affordable=False;available=False;owned=3;upgradeTo=IndustrialCarbonizationRetort;research=SteamPower|Coking;workshop=;productivity=-101.32;territory=1805]"
1529302,1529302,Normal,"Building","Waiting","",1,"productivity or territory is insufficient [CokeOven:candidate=True;constructible=True;affordable=False;available=False;owned=3;upgradeTo=IndustrialCarbonizationRetort;research=SteamPower|Coking;workshop=;productivity=-132;territory=1805]"
1529902,1529902,Normal,"Building","Waiting","",1,"productivity or territory is insufficient [CokeOven:candidate=True;constructible=True;affordable=False;available=False;owned=3;upgradeTo=IndustrialCarbonizationRetort;research=SteamPower|Coking;workshop=;productivity=-155.6;territory=1805]"
1530502,1530502,Normal,"Building","Waiting","",1,"productivity or territory is insufficient [CokeOven:candidate=True;constructible=True;affordable=False;available=False;owned=3;upgradeTo=IndustrialCarbonizationRetort;research=SteamPower|Coking;workshop=;productivity=-174.48;territory=1805]"
1531102,1531102,Normal,"Building","Waiting","",1,"productivity or territory is insufficient [CokeOven:candidate=True;constructible=True;affordable=False;available=False;owned=3;upgradeTo=IndustrialCarbonizationRetort;research=SteamPower|Coking;workshop=;productivity=-191;territory=1805]"
1531702,1531702,Normal,"Building","Waiting","",1,"productivity or territory is insufficient [CokeOven:candidate=True;constructible=True;affordable=False;available=False;owned=3;upgradeTo=IndustrialCarbonizationRetort;research=SteamPower|Coking;workshop=;productivity=-205.16;territory=1805]"
1532302,1532302,Normal,"Building","Waiting","",1,"productivity or territory is insufficient [CokeOven:candidate=True;constructible=True;affordable=False;available=False;owned=3;upgradeTo=IndustrialCarbonizationRetort;research=SteamPower|Coking;workshop=;productivity=-216.96;territory=1805]"
1532902,1532902,Normal,"Building","Waiting","",1,"productivity or territory is insufficient [CokeOven:candidate=True;constructible=True;affordable=False;available=False;owned=3;upgradeTo=IndustrialCarbonizationRetort;research=SteamPower|Coking;workshop=;productivity=-226.4;territory=1805]"
1533502,1533502,Normal,"Building","Waiting","",1,"productivity or territory is insufficient [CokeOven:candidate=True;constructible=True;affordable=False;available=False;owned=3;upgradeTo=IndustrialCarbonizationRetort;research=SteamPower|Coking;workshop=;productivity=-233.48;territory=1805]"
1534102,1534102,Normal,"Building","Waiting","",1,"productivity or territory is insufficient [CokeOven:candidate=True;constructible=True;affordable=False;available=False;owned=3;upgradeTo=IndustrialCarbonizationRetort;research=SteamPower|Coking;workshop=;productivity=-240.56;territory=1805]"
1534702,1534702,Normal,"Building","Waiting","",1,"productivity or territory is insufficient [CokeOven:candidate=True;constructible=True;affordable=False;available=False;owned=3;upgradeTo=IndustrialCarbonizationRetort;research=SteamPower|Coking;workshop=;productivity=-245.28;territory=1805]"
1535302,1535302,Normal,"Building","Waiting","",1,"productivity or territory is insufficient [CokeOven:candidate=True;constructible=True;affordable=False;available=False;owned=3;upgradeTo=IndustrialCarbonizationRetort;research=SteamPower|Coking;workshop=;productivity=-250;territory=1805]"
1535902,1535902,Normal,"Building","Waiting","",1,"productivity or territory is insufficient [CokeOven:candidate=True;constructible=True;affordable=False;available=False;owned=3;upgradeTo=IndustrialCarbonizationRetort;research=SteamPower|Coking;workshop=;productivity=-254.72;territory=1805]"
1536502,1536502,Normal,"Building","Waiting","",1,"productivity or territory is insufficient [CokeOven:candidate=True;constructible=True;affordable=False;available=False;owned=3;upgradeTo=IndustrialCarbonizationRetort;research=SteamPower|Coking;workshop=;productivity=-257.08;territory=1805]"
1537102,1537102,Normal,"Building","Waiting","",1,"productivity or territory is insufficient [CokeOven:candidate=True;constructible=True;affordable=False;available=False;owned=3;upgradeTo=IndustrialCarbonizationRetort;research=SteamPower|Coking;workshop=;productivity=-259.44;territory=1805]"
1537702,1537702,Normal,"Building","Waiting","",1,"productivity or territory is insufficient [CokeOven:candidate=True;constructible=True;affordable=False;available=False;owned=3;upgradeTo=IndustrialCarbonizationRetort;research=SteamPower|Coking;workshop=;productivity=-261.8;territory=1805]"
1538302,1538302,Normal,"Building","Waiting","",1,"productivity or territory is insufficient [CokeOven:candidate=True;constructible=True;affordable=False;available=False;owned=3;upgradeTo=IndustrialCarbonizationRetort;research=SteamPower|Coking;workshop=;productivity=-264.16;territory=1805]"
1538902,1539502,Normal,"Building","Waiting","",2,"productivity or territory is insufficient [CokeOven:candidate=True;constructible=True;affordable=False;available=False;owned=3;upgradeTo=IndustrialCarbonizationRetort;research=SteamPower|Coking;workshop=;productivity=-266.52;territory=1805]"
1540102,1541302,Normal,"Building","Waiting","",3,"productivity or territory is insufficient [CokeOven:candidate=True;constructible=True;affordable=False;available=False;owned=3;upgradeTo=IndustrialCarbonizationRetort;research=SteamPower|Coking;workshop=;productivity=-268.88;territory=1805]"
1541902,1544302,Normal,"Building","Waiting","",5,"productivity or territory is insufficient [CokeOven:candidate=True;constructible=True;affordable=False;available=False;owned=3;upgradeTo=IndustrialCarbonizationRetort;research=SteamPower|Coking;workshop=;productivity=-271.24;territory=1805]"
1544902,1544902,Normal,"Building","Waiting","",1,"productivity or territory is insufficient [CokeOven:candidate=True;constructible=True;affordable=False;available=False;owned=3;upgradeTo=IndustrialCarbonizationRetort;research=SteamPower|Coking;workshop=;productivity=-273.6;territory=1805]"
1545502,1545502,Normal,"Building","Waiting","",1,"no strategy candidate [CokeOven:candidate=True;constructible=True;affordable=False;available=False;owned=3;upgradeTo=IndustrialCarbonizationRetort;research=SteamPower|Coking;workshop=;productivity=21.4;territory=1805]"
1546102,1546102,Normal,"Building","Waiting","",1,"productivity or territory is insufficient [CokeOven:candidate=True;constructible=True;affordable=False;available=False;owned=3;upgradeTo=IndustrialCarbonizationRetort;research=SteamPower|Coking;workshop=;productivity=-25.8;territory=1805]"
1546702,1546702,Normal,"Building","Waiting","",1,"productivity or territory is insufficient [CokeOven:candidate=True;constructible=True;affordable=False;available=False;owned=3;upgradeTo=IndustrialCarbonizationRetort;research=SteamPower|Coking;workshop=;productivity=-68.28;territory=1805]"
1547302,1547302,Normal,"Building","Waiting","",1,"productivity or territory is insufficient [CokeOven:candidate=True;constructible=True;affordable=False;available=False;owned=3;upgradeTo=IndustrialCarbonizationRetort;research=SteamPower|Coking;workshop=;productivity=-101.32;territory=1805]"
1547902,1547902,Normal,"Building","Waiting","",1,"productivity or territory is insufficient [CokeOven:candidate=True;constructible=True;affordable=False;available=False;owned=3;upgradeTo=IndustrialCarbonizationRetort;research=SteamPower|Coking;workshop=;productivity=-132;territory=1805]"
1548502,1548502,Normal,"Building","Waiting","",1,"productivity or territory is insufficient [CokeOven:candidate=True;constructible=True;affordable=False;available=False;owned=3;upgradeTo=IndustrialCarbonizationRetort;research=SteamPower|Coking;workshop=;productivity=-155.6;territory=1805]"
1549102,1549102,Normal,"Building","Waiting","",1,"productivity or territory is insufficient [CokeOven:candidate=True;constructible=True;affordable=False;available=False;owned=3;upgradeTo=IndustrialCarbonizationRetort;research=SteamPower|Coking;workshop=;productivity=-174.48;territory=1805]"
1549702,1549702,Normal,"Building","Waiting","",1,"productivity or territory is insufficient [CokeOven:candidate=True;constructible=True;affordable=False;available=False;owned=3;upgradeTo=IndustrialCarbonizationRetort;research=SteamPower|Coking;workshop=;productivity=-191;territory=1805]"
1550302,1550302,Normal,"Building","Waiting","",1,"productivity or territory is insufficient [CokeOven:candidate=True;constructible=True;affordable=False;available=False;owned=3;upgradeTo=IndustrialCarbonizationRetort;research=SteamPower|Coking;workshop=;productivity=-205.16;territory=1805]"
1550902,1550902,Normal,"Building","Waiting","",1,"productivity or territory is insufficient [CokeOven:candidate=True;constructible=True;affordable=False;available=False;owned=3;upgradeTo=IndustrialCarbonizationRetort;research=SteamPower|Coking;workshop=;productivity=-216.96;territory=1805]"
1551502,1551502,Normal,"Building","Waiting","",1,"productivity or territory is insufficient [CokeOven:candidate=True;constructible=True;affordable=False;available=False;owned=3;upgradeTo=IndustrialCarbonizationRetort;research=SteamPower|Coking;workshop=;productivity=-226.4;territory=1805]"
1552102,1552102,Normal,"Building","Waiting","",1,"productivity or territory is insufficient [CokeOven:candidate=True;constructible=True;affordable=False;available=False;owned=3;upgradeTo=IndustrialCarbonizationRetort;research=SteamPower|Coking;workshop=;productivity=-233.48;territory=1805]"
1552702,1552702,Normal,"Building","Waiting","",1,"productivity or territory is insufficient [CokeOven:candidate=True;constructible=True;affordable=False;available=False;owned=3;upgradeTo=IndustrialCarbonizationRetort;research=SteamPower|Coking;workshop=;productivity=-240.56;territory=1805]"
1553302,1553302,Normal,"Building","Waiting","",1,"productivity or territory is insufficient [CokeOven:candidate=True;constructible=True;affordable=False;available=False;owned=3;upgradeTo=IndustrialCarbonizationRetort;research=SteamPower|Coking;workshop=;productivity=-245.28;territory=1805]"
1553902,1553902,Normal,"Building","Waiting","",1,"productivity or territory is insufficient [CokeOven:candidate=True;constructible=True;affordable=False;available=False;owned=3;upgradeTo=IndustrialCarbonizationRetort;research=SteamPower|Coking;workshop=;productivity=-250;territory=1805]"
1554502,1554502,Normal,"Building","Waiting","",1,"productivity or territory is insufficient [CokeOven:candidate=True;constructible=True;affordable=False;available=False;owned=3;upgradeTo=IndustrialCarbonizationRetort;research=SteamPower|Coking;workshop=;productivity=-254.72;territory=1805]"
1555102,1555102,Normal,"Building","Waiting","",1,"productivity or territory is insufficient [CokeOven:candidate=True;constructible=True;affordable=False;available=False;owned=3;upgradeTo=IndustrialCarbonizationRetort;research=SteamPower|Coking;workshop=;productivity=-257.08;territory=1805]"
1555702,1555702,Normal,"Building","Waiting","",1,"productivity or territory is insufficient [CokeOven:candidate=True;constructible=True;affordable=False;available=False;owned=3;upgradeTo=IndustrialCarbonizationRetort;research=SteamPower|Coking;workshop=;productivity=-259.44;territory=1805]"
1556302,1556302,Normal,"Building","Waiting","",1,"productivity or territory is insufficient [CokeOven:candidate=True;constructible=True;affordable=False;available=False;owned=3;upgradeTo=IndustrialCarbonizationRetort;research=SteamPower|Coking;workshop=;productivity=-261.8;territory=1805]"
1556902,1556902,Normal,"Building","Waiting","",1,"productivity or territory is insufficient [CokeOven:candidate=True;constructible=True;affordable=False;available=False;owned=3;upgradeTo=IndustrialCarbonizationRetort;research=SteamPower|Coking;workshop=;productivity=-264.16;territory=1805]"
1557502,1558102,Normal,"Building","Waiting","",2,"productivity or territory is insufficient [CokeOven:candidate=True;constructible=True;affordable=False;available=False;owned=3;upgradeTo=IndustrialCarbonizationRetort;research=SteamPower|Coking;workshop=;productivity=-266.52;territory=1805]"
1558702,1559902,Normal,"Building","Waiting","",3,"productivity or territory is insufficient [CokeOven:candidate=True;constructible=True;affordable=False;available=False;owned=3;upgradeTo=IndustrialCarbonizationRetort;research=SteamPower|Coking;workshop=;productivity=-268.88;territory=1805]"
1560502,1562902,Normal,"Building","Waiting","",5,"productivity or territory is insufficient [CokeOven:candidate=True;constructible=True;affordable=False;available=False;owned=3;upgradeTo=IndustrialCarbonizationRetort;research=SteamPower|Coking;workshop=;productivity=-271.24;territory=1805]"
1563502,1563502,Normal,"Building","Waiting","",1,"productivity or territory is insufficient [CokeOven:candidate=True;constructible=True;affordable=False;available=False;owned=3;upgradeTo=IndustrialCarbonizationRetort;research=SteamPower|Coking;workshop=;productivity=-273.6;territory=1805]"
1564102,1564102,Normal,"Building","Waiting","",1,"no strategy candidate [CokeOven:candidate=True;constructible=True;affordable=False;available=False;owned=3;upgradeTo=IndustrialCarbonizationRetort;research=SteamPower|Coking;workshop=;productivity=21.4;territory=1805]"
1564702,1564702,Normal,"Building","Waiting","",1,"productivity or territory is insufficient [CokeOven:candidate=True;constructible=True;affordable=False;available=False;owned=3;upgradeTo=IndustrialCarbonizationRetort;research=SteamPower|Coking;workshop=;productivity=-25.8;territory=1805]"
1565302,1565302,Normal,"Building","Waiting","",1,"productivity or territory is insufficient [CokeOven:candidate=True;constructible=True;affordable=False;available=False;owned=3;upgradeTo=IndustrialCarbonizationRetort;research=SteamPower|Coking;workshop=;productivity=-68.28;territory=1805]"
1565902,1565902,Normal,"Building","Waiting","",1,"productivity or territory is insufficient [CokeOven:candidate=True;constructible=True;affordable=False;available=False;owned=3;upgradeTo=IndustrialCarbonizationRetort;research=SteamPower|Coking;workshop=;productivity=-101.32;territory=1805]"
1566502,1566502,Normal,"Building","Waiting","",1,"productivity or territory is insufficient [CokeOven:candidate=True;constructible=True;affordable=False;available=False;owned=3;upgradeTo=IndustrialCarbonizationRetort;research=SteamPower|Coking;workshop=;productivity=-132;territory=1805]"
1567102,1567102,Normal,"Building","Waiting","",1,"productivity or territory is insufficient [CokeOven:candidate=True;constructible=True;affordable=False;available=False;owned=3;upgradeTo=IndustrialCarbonizationRetort;research=SteamPower|Coking;workshop=;productivity=-155.6;territory=1805]"
1567702,1567702,Normal,"Building","Waiting","",1,"productivity or territory is insufficient [CokeOven:candidate=True;constructible=True;affordable=False;available=False;owned=3;upgradeTo=IndustrialCarbonizationRetort;research=SteamPower|Coking;workshop=;productivity=-174.48;territory=1805]"
1568302,1568302,Normal,"Building","Waiting","",1,"productivity or territory is insufficient [CokeOven:candidate=True;constructible=True;affordable=False;available=False;owned=3;upgradeTo=IndustrialCarbonizationRetort;research=SteamPower|Coking;workshop=;productivity=-191;territory=1805]"
1568902,1568902,Normal,"Building","Waiting","",1,"productivity or territory is insufficient [CokeOven:candidate=True;constructible=True;affordable=False;available=False;owned=3;upgradeTo=IndustrialCarbonizationRetort;research=SteamPower|Coking;workshop=;productivity=-205.16;territory=1805]"
1569502,1569502,Normal,"Building","Waiting","",1,"productivity or territory is insufficient [CokeOven:candidate=True;constructible=True;affordable=False;available=False;owned=3;upgradeTo=IndustrialCarbonizationRetort;research=SteamPower|Coking;workshop=;productivity=-216.96;territory=1805]"
1570102,1570102,Normal,"Building","Waiting","",1,"productivity or territory is insufficient [CokeOven:candidate=True;constructible=True;affordable=False;available=False;owned=3;upgradeTo=IndustrialCarbonizationRetort;research=SteamPower|Coking;workshop=;productivity=-226.4;territory=1805]"
1570702,1570702,Normal,"Building","Waiting","",1,"productivity or territory is insufficient [CokeOven:candidate=True;constructible=True;affordable=False;available=False;owned=3;upgradeTo=IndustrialCarbonizationRetort;research=SteamPower|Coking;workshop=;productivity=-233.48;territory=1805]"
1571302,1571302,Normal,"Building","Waiting","",1,"productivity or territory is insufficient [CokeOven:candidate=True;constructible=True;affordable=False;available=False;owned=3;upgradeTo=IndustrialCarbonizationRetort;research=SteamPower|Coking;workshop=;productivity=-240.56;territory=1805]"
1571902,1571902,Normal,"Building","Waiting","",1,"productivity or territory is insufficient [CokeOven:candidate=True;constructible=True;affordable=False;available=False;owned=3;upgradeTo=IndustrialCarbonizationRetort;research=SteamPower|Coking;workshop=;productivity=-245.28;territory=1805]"
1572502,1572502,Normal,"Building","Waiting","",1,"productivity or territory is insufficient [CokeOven:candidate=True;constructible=True;affordable=False;available=False;owned=3;upgradeTo=IndustrialCarbonizationRetort;research=SteamPower|Coking;workshop=;productivity=-250;territory=1805]"
1573102,1573102,Normal,"Building","Waiting","",1,"productivity or territory is insufficient [CokeOven:candidate=True;constructible=True;affordable=False;available=False;owned=3;upgradeTo=IndustrialCarbonizationRetort;research=SteamPower|Coking;workshop=;productivity=-254.72;territory=1805]"
1573702,1573702,Normal,"Building","Waiting","",1,"productivity or territory is insufficient [CokeOven:candidate=True;constructible=True;affordable=False;available=False;owned=3;upgradeTo=IndustrialCarbonizationRetort;research=SteamPower|Coking;workshop=;productivity=-257.08;territory=1805]"
1574302,1574302,Normal,"Building","Waiting","",1,"productivity or territory is insufficient [CokeOven:candidate=True;constructible=True;affordable=False;available=False;owned=3;upgradeTo=IndustrialCarbonizationRetort;research=SteamPower|Coking;workshop=;productivity=-259.44;territory=1805]"
1574902,1574902,Normal,"Building","Waiting","",1,"productivity or territory is insufficient [CokeOven:candidate=True;constructible=True;affordable=False;available=False;owned=3;upgradeTo=IndustrialCarbonizationRetort;research=SteamPower|Coking;workshop=;productivity=-261.8;territory=1805]"
1575502,1575502,Normal,"Building","Waiting","",1,"productivity or territory is insufficient [CokeOven:candidate=True;constructible=True;affordable=False;available=False;owned=3;upgradeTo=IndustrialCarbonizationRetort;research=SteamPower|Coking;workshop=;productivity=-264.16;territory=1805]"
1576102,1576702,Normal,"Building","Waiting","",2,"productivity or territory is insufficient [CokeOven:candidate=True;constructible=True;affordable=False;available=False;owned=3;upgradeTo=IndustrialCarbonizationRetort;research=SteamPower|Coking;workshop=;productivity=-266.52;territory=1805]"
1577302,1578502,Normal,"Building","Waiting","",3,"productivity or territory is insufficient [CokeOven:candidate=True;constructible=True;affordable=False;available=False;owned=3;upgradeTo=IndustrialCarbonizationRetort;research=SteamPower|Coking;workshop=;productivity=-268.88;territory=1805]"
1579102,1581502,Normal,"Building","Waiting","",5,"productivity or territory is insufficient [CokeOven:candidate=True;constructible=True;affordable=False;available=False;owned=3;upgradeTo=IndustrialCarbonizationRetort;research=SteamPower|Coking;workshop=;productivity=-271.24;territory=1805]"
1582102,1582102,Normal,"Building","Waiting","",1,"productivity or territory is insufficient [CokeOven:candidate=True;constructible=True;affordable=False;available=False;owned=3;upgradeTo=IndustrialCarbonizationRetort;research=SteamPower|Coking;workshop=;productivity=-273.6;territory=1805]"
1582702,1582702,Normal,"Building","Waiting","",1,"no strategy candidate [CokeOven:candidate=True;constructible=True;affordable=False;available=False;owned=3;upgradeTo=IndustrialCarbonizationRetort;research=SteamPower|Coking;workshop=;productivity=21.4;territory=1805]"
1583302,1583302,Normal,"Building","Waiting","",1,"productivity or territory is insufficient [CokeOven:candidate=True;constructible=True;affordable=False;available=False;owned=3;upgradeTo=IndustrialCarbonizationRetort;research=SteamPower|Coking;workshop=;productivity=-25.8;territory=1805]"
1583902,1583902,Normal,"Building","Waiting","",1,"productivity or territory is insufficient [CokeOven:candidate=True;constructible=True;affordable=False;available=False;owned=3;upgradeTo=IndustrialCarbonizationRetort;research=SteamPower|Coking;workshop=;productivity=-68.28;territory=1805]"
1584502,1584502,Normal,"Building","Waiting","",1,"productivity or territory is insufficient [CokeOven:candidate=True;constructible=True;affordable=False;available=False;owned=3;upgradeTo=IndustrialCarbonizationRetort;research=SteamPower|Coking;workshop=;productivity=-101.32;territory=1805]"
1585102,1585102,Normal,"Building","Waiting","",1,"productivity or territory is insufficient [CokeOven:candidate=True;constructible=True;affordable=False;available=False;owned=3;upgradeTo=IndustrialCarbonizationRetort;research=SteamPower|Coking;workshop=;productivity=-132;territory=1805]"
1585702,1585702,Normal,"Building","Waiting","",1,"productivity or territory is insufficient [CokeOven:candidate=True;constructible=True;affordable=False;available=False;owned=3;upgradeTo=IndustrialCarbonizationRetort;research=SteamPower|Coking;workshop=;productivity=-155.6;territory=1805]"
1586302,1586302,Normal,"Building","Waiting","",1,"productivity or territory is insufficient [CokeOven:candidate=True;constructible=True;affordable=False;available=False;owned=3;upgradeTo=IndustrialCarbonizationRetort;research=SteamPower|Coking;workshop=;productivity=-174.48;territory=1805]"
1586902,1586902,Normal,"Building","Waiting","",1,"productivity or territory is insufficient [CokeOven:candidate=True;constructible=True;affordable=False;available=False;owned=3;upgradeTo=IndustrialCarbonizationRetort;research=SteamPower|Coking;workshop=;productivity=-191;territory=1805]"
1587502,1587502,Normal,"Building","Waiting","",1,"productivity or territory is insufficient [CokeOven:candidate=True;constructible=True;affordable=False;available=False;owned=3;upgradeTo=IndustrialCarbonizationRetort;research=SteamPower|Coking;workshop=;productivity=-205.16;territory=1805]"
1588102,1588102,Normal,"Building","Waiting","",1,"productivity or territory is insufficient [CokeOven:candidate=True;constructible=True;affordable=False;available=False;owned=3;upgradeTo=IndustrialCarbonizationRetort;research=SteamPower|Coking;workshop=;productivity=-216.96;territory=1805]"
1588702,1588702,Normal,"Building","Waiting","",1,"productivity or territory is insufficient [CokeOven:candidate=True;constructible=True;affordable=False;available=False;owned=3;upgradeTo=IndustrialCarbonizationRetort;research=SteamPower|Coking;workshop=;productivity=-226.4;territory=1805]"
1589302,1589302,Normal,"Building","Waiting","",1,"productivity or territory is insufficient [CokeOven:candidate=True;constructible=True;affordable=False;available=False;owned=3;upgradeTo=IndustrialCarbonizationRetort;research=SteamPower|Coking;workshop=;productivity=-233.48;territory=1805]"
1589902,1589902,Normal,"Building","Waiting","",1,"productivity or territory is insufficient [CokeOven:candidate=True;constructible=True;affordable=False;available=False;owned=3;upgradeTo=IndustrialCarbonizationRetort;research=SteamPower|Coking;workshop=;productivity=-240.56;territory=1805]"
1590502,1590502,Normal,"Building","Waiting","",1,"productivity or territory is insufficient [CokeOven:candidate=True;constructible=True;affordable=False;available=False;owned=3;upgradeTo=IndustrialCarbonizationRetort;research=SteamPower|Coking;workshop=;productivity=-245.28;territory=1805]"
1591102,1591102,Normal,"Building","Waiting","",1,"productivity or territory is insufficient [CokeOven:candidate=True;constructible=True;affordable=False;available=False;owned=3;upgradeTo=IndustrialCarbonizationRetort;research=SteamPower|Coking;workshop=;productivity=-250;territory=1805]"
1591702,1591702,Normal,"Building","Waiting","",1,"productivity or territory is insufficient [CokeOven:candidate=True;constructible=True;affordable=False;available=False;owned=3;upgradeTo=IndustrialCarbonizationRetort;research=SteamPower|Coking;workshop=;productivity=-254.72;territory=1805]"
1592302,1592302,Normal,"Building","Waiting","",1,"productivity or territory is insufficient [CokeOven:candidate=True;constructible=True;affordable=False;available=False;owned=3;upgradeTo=IndustrialCarbonizationRetort;research=SteamPower|Coking;workshop=;productivity=-257.08;territory=1805]"
1592902,1592902,Normal,"Building","Waiting","",1,"productivity or territory is insufficient [CokeOven:candidate=True;constructible=True;affordable=False;available=False;owned=3;upgradeTo=IndustrialCarbonizationRetort;research=SteamPower|Coking;workshop=;productivity=-259.44;territory=1805]"
1593502,1593502,Normal,"Building","Waiting","",1,"productivity or territory is insufficient [CokeOven:candidate=True;constructible=True;affordable=False;available=False;owned=3;upgradeTo=IndustrialCarbonizationRetort;research=SteamPower|Coking;workshop=;productivity=-261.8;territory=1805]"
1594102,1594102,Normal,"Building","Waiting","",1,"productivity or territory is insufficient [CokeOven:candidate=True;constructible=True;affordable=False;available=False;owned=3;upgradeTo=IndustrialCarbonizationRetort;research=SteamPower|Coking;workshop=;productivity=-264.16;territory=1805]"
1594702,1595302,Normal,"Building","Waiting","",2,"productivity or territory is insufficient [CokeOven:candidate=True;constructible=True;affordable=False;available=False;owned=3;upgradeTo=IndustrialCarbonizationRetort;research=SteamPower|Coking;workshop=;productivity=-266.52;territory=1805]"
1595902,1597102,Normal,"Building","Waiting","",3,"productivity or territory is insufficient [CokeOven:candidate=True;constructible=True;affordable=False;available=False;owned=3;upgradeTo=IndustrialCarbonizationRetort;research=SteamPower|Coking;workshop=;productivity=-268.88;territory=1805]"
1597702,1600102,Normal,"Building","Waiting","",5,"productivity or territory is insufficient [CokeOven:candidate=True;constructible=True;affordable=False;available=False;owned=3;upgradeTo=IndustrialCarbonizationRetort;research=SteamPower|Coking;workshop=;productivity=-271.24;territory=1805]"
1600702,1600702,Normal,"Building","Waiting","",1,"productivity or territory is insufficient [CokeOven:candidate=True;constructible=True;affordable=False;available=False;owned=3;upgradeTo=IndustrialCarbonizationRetort;research=SteamPower|Coking;workshop=;productivity=-273.6;territory=1805]"
1601302,1601302,Normal,"Building","Waiting","",1,"no strategy candidate [CokeOven:candidate=True;constructible=True;affordable=False;available=False;owned=3;upgradeTo=IndustrialCarbonizationRetort;research=SteamPower|Coking;workshop=;productivity=21.4;territory=1805]"
1601902,1601902,Normal,"Building","Waiting","",1,"productivity or territory is insufficient [CokeOven:candidate=True;constructible=True;affordable=False;available=False;owned=3;upgradeTo=IndustrialCarbonizationRetort;research=SteamPower|Coking;workshop=;productivity=-25.8;territory=1805]"
1602502,1602502,Normal,"Building","Waiting","",1,"productivity or territory is insufficient [CokeOven:candidate=True;constructible=True;affordable=False;available=False;owned=3;upgradeTo=IndustrialCarbonizationRetort;research=SteamPower|Coking;workshop=;productivity=-68.28;territory=1805]"
1603102,1603102,Normal,"Building","Waiting","",1,"productivity or territory is insufficient [CokeOven:candidate=True;constructible=True;affordable=False;available=False;owned=3;upgradeTo=IndustrialCarbonizationRetort;research=SteamPower|Coking;workshop=;productivity=-101.32;territory=1805]"
1603702,1603702,Normal,"Building","Waiting","",1,"productivity or territory is insufficient [CokeOven:candidate=True;constructible=True;affordable=False;available=False;owned=3;upgradeTo=IndustrialCarbonizationRetort;research=SteamPower|Coking;workshop=;productivity=-132;territory=1805]"
1604302,1604302,Normal,"Building","Waiting","",1,"productivity or territory is insufficient [CokeOven:candidate=True;constructible=True;affordable=False;available=False;owned=3;upgradeTo=IndustrialCarbonizationRetort;research=SteamPower|Coking;workshop=;productivity=-155.6;territory=1805]"
1604902,1604902,Normal,"Building","Waiting","",1,"productivity or territory is insufficient [CokeOven:candidate=True;constructible=True;affordable=False;available=False;owned=3;upgradeTo=IndustrialCarbonizationRetort;research=SteamPower|Coking;workshop=;productivity=-174.48;territory=1805]"
1605502,1605502,Normal,"Building","Waiting","",1,"productivity or territory is insufficient [CokeOven:candidate=True;constructible=True;affordable=False;available=False;owned=3;upgradeTo=IndustrialCarbonizationRetort;research=SteamPower|Coking;workshop=;productivity=-191;territory=1805]"
1606102,1606102,Normal,"Building","Waiting","",1,"productivity or territory is insufficient [CokeOven:candidate=True;constructible=True;affordable=False;available=False;owned=3;upgradeTo=IndustrialCarbonizationRetort;research=SteamPower|Coking;workshop=;productivity=-205.16;territory=1805]"
1606702,1606702,Normal,"Building","Waiting","",1,"productivity or territory is insufficient [CokeOven:candidate=True;constructible=True;affordable=False;available=False;owned=3;upgradeTo=IndustrialCarbonizationRetort;research=SteamPower|Coking;workshop=;productivity=-216.96;territory=1805]"
1607302,1607302,Normal,"Building","Waiting","",1,"productivity or territory is insufficient [CokeOven:candidate=True;constructible=True;affordable=False;available=False;owned=3;upgradeTo=IndustrialCarbonizationRetort;research=SteamPower|Coking;workshop=;productivity=-226.4;territory=1805]"
1607902,1607902,Normal,"Building","Waiting","",1,"productivity or territory is insufficient [CokeOven:candidate=True;constructible=True;affordable=False;available=False;owned=3;upgradeTo=IndustrialCarbonizationRetort;research=SteamPower|Coking;workshop=;productivity=-233.48;territory=1805]"
1608502,1608502,Normal,"Building","Waiting","",1,"productivity or territory is insufficient [CokeOven:candidate=True;constructible=True;affordable=False;available=False;owned=3;upgradeTo=IndustrialCarbonizationRetort;research=SteamPower|Coking;workshop=;productivity=-240.56;territory=1805]"
1609102,1609102,Normal,"Building","Waiting","",1,"productivity or territory is insufficient [CokeOven:candidate=True;constructible=True;affordable=False;available=False;owned=3;upgradeTo=IndustrialCarbonizationRetort;research=SteamPower|Coking;workshop=;productivity=-245.28;territory=1805]"
1609702,1609702,Normal,"Building","Waiting","",1,"productivity or territory is insufficient [CokeOven:candidate=True;constructible=True;affordable=False;available=False;owned=3;upgradeTo=IndustrialCarbonizationRetort;research=SteamPower|Coking;workshop=;productivity=-250;territory=1805]"
1610302,1610302,Normal,"Building","Waiting","",1,"productivity or territory is insufficient [CokeOven:candidate=True;constructible=True;affordable=False;available=False;owned=3;upgradeTo=IndustrialCarbonizationRetort;research=SteamPower|Coking;workshop=;productivity=-254.72;territory=1805]"
1610902,1610902,Normal,"Building","Waiting","",1,"productivity or territory is insufficient [CokeOven:candidate=True;constructible=True;affordable=False;available=False;owned=3;upgradeTo=IndustrialCarbonizationRetort;research=SteamPower|Coking;workshop=;productivity=-257.08;territory=1805]"
1611502,1611502,Normal,"Building","Waiting","",1,"productivity or territory is insufficient [CokeOven:candidate=True;constructible=True;affordable=False;available=False;owned=3;upgradeTo=IndustrialCarbonizationRetort;research=SteamPower|Coking;workshop=;productivity=-259.44;territory=1805]"
1612102,1612102,Normal,"Building","Waiting","",1,"productivity or territory is insufficient [CokeOven:candidate=True;constructible=True;affordable=False;available=False;owned=3;upgradeTo=IndustrialCarbonizationRetort;research=SteamPower|Coking;workshop=;productivity=-261.8;territory=1805]"
1612702,1612702,Normal,"Building","Waiting","",1,"productivity or territory is insufficient [CokeOven:candidate=True;constructible=True;affordable=False;available=False;owned=3;upgradeTo=IndustrialCarbonizationRetort;research=SteamPower|Coking;workshop=;productivity=-264.16;territory=1805]"
1613302,1613902,Normal,"Building","Waiting","",2,"productivity or territory is insufficient [CokeOven:candidate=True;constructible=True;affordable=False;available=False;owned=3;upgradeTo=IndustrialCarbonizationRetort;research=SteamPower|Coking;workshop=;productivity=-266.52;territory=1805]"
1614502,1615702,Normal,"Building","Waiting","",3,"productivity or territory is insufficient [CokeOven:candidate=True;constructible=True;affordable=False;available=False;owned=3;upgradeTo=IndustrialCarbonizationRetort;research=SteamPower|Coking;workshop=;productivity=-268.88;territory=1805]"
1616302,1618702,Normal,"Building","Waiting","",5,"productivity or territory is insufficient [CokeOven:candidate=True;constructible=True;affordable=False;available=False;owned=3;upgradeTo=IndustrialCarbonizationRetort;research=SteamPower|Coking;workshop=;productivity=-271.24;territory=1805]"
1619302,1619302,Normal,"Building","Waiting","",1,"productivity or territory is insufficient [CokeOven:candidate=True;constructible=True;affordable=False;available=False;owned=3;upgradeTo=IndustrialCarbonizationRetort;research=SteamPower|Coking;workshop=;productivity=-273.6;territory=1805]"
1619902,1619902,Normal,"Building","Waiting","",1,"no strategy candidate [CokeOven:candidate=True;constructible=True;affordable=False;available=False;owned=3;upgradeTo=IndustrialCarbonizationRetort;research=SteamPower|Coking;workshop=;productivity=21.4;territory=1805]"
1620502,1620502,Normal,"Building","Waiting","",1,"productivity or territory is insufficient [CokeOven:candidate=True;constructible=True;affordable=False;available=False;owned=3;upgradeTo=IndustrialCarbonizationRetort;research=SteamPower|Coking;workshop=;productivity=-25.8;territory=1805]"
1621102,1621102,Normal,"Building","Waiting","",1,"productivity or territory is insufficient [CokeOven:candidate=True;constructible=True;affordable=False;available=False;owned=3;upgradeTo=IndustrialCarbonizationRetort;research=SteamPower|Coking;workshop=;productivity=-68.28;territory=1805]"
1621702,1621702,Normal,"Building","Waiting","",1,"productivity or territory is insufficient [CokeOven:candidate=True;constructible=True;affordable=False;available=False;owned=3;upgradeTo=IndustrialCarbonizationRetort;research=SteamPower|Coking;workshop=;productivity=-101.32;territory=1805]"
1622302,1622302,Normal,"Building","Waiting","",1,"productivity or territory is insufficient [CokeOven:candidate=True;constructible=True;affordable=False;available=False;owned=3;upgradeTo=IndustrialCarbonizationRetort;research=SteamPower|Coking;workshop=;productivity=-132;territory=1805]"
1622902,1622902,Normal,"Building","Waiting","",1,"productivity or territory is insufficient [CokeOven:candidate=True;constructible=True;affordable=False;available=False;owned=3;upgradeTo=IndustrialCarbonizationRetort;research=SteamPower|Coking;workshop=;productivity=-155.6;territory=1805]"
1623502,1623502,Normal,"Building","Waiting","",1,"productivity or territory is insufficient [CokeOven:candidate=True;constructible=True;affordable=False;available=False;owned=3;upgradeTo=IndustrialCarbonizationRetort;research=SteamPower|Coking;workshop=;productivity=-174.48;territory=1805]"
1624102,1624102,Normal,"Building","Waiting","",1,"productivity or territory is insufficient [CokeOven:candidate=True;constructible=True;affordable=False;available=False;owned=3;upgradeTo=IndustrialCarbonizationRetort;research=SteamPower|Coking;workshop=;productivity=-191;territory=1805]"
1624702,1624702,Normal,"Building","Waiting","",1,"productivity or territory is insufficient [CokeOven:candidate=True;constructible=True;affordable=False;available=False;owned=3;upgradeTo=IndustrialCarbonizationRetort;research=SteamPower|Coking;workshop=;productivity=-205.16;territory=1805]"
1625302,1625302,Normal,"Building","Waiting","",1,"productivity or territory is insufficient [CokeOven:candidate=True;constructible=True;affordable=False;available=False;owned=3;upgradeTo=IndustrialCarbonizationRetort;research=SteamPower|Coking;workshop=;productivity=-216.96;territory=1805]"
1625902,1625902,Normal,"Building","Waiting","",1,"productivity or territory is insufficient [CokeOven:candidate=True;constructible=True;affordable=False;available=False;owned=3;upgradeTo=IndustrialCarbonizationRetort;research=SteamPower|Coking;workshop=;productivity=-226.4;territory=1805]"
1626502,1626502,Normal,"Building","Waiting","",1,"productivity or territory is insufficient [CokeOven:candidate=True;constructible=True;affordable=False;available=False;owned=3;upgradeTo=IndustrialCarbonizationRetort;research=SteamPower|Coking;workshop=;productivity=-233.48;territory=1805]"
1627102,1627102,Normal,"Building","Waiting","",1,"productivity or territory is insufficient [CokeOven:candidate=True;constructible=True;affordable=False;available=False;owned=3;upgradeTo=IndustrialCarbonizationRetort;research=SteamPower|Coking;workshop=;productivity=-240.56;territory=1805]"
1627702,1627702,Normal,"Building","Waiting","",1,"productivity or territory is insufficient [CokeOven:candidate=True;constructible=True;affordable=False;available=False;owned=3;upgradeTo=IndustrialCarbonizationRetort;research=SteamPower|Coking;workshop=;productivity=-245.28;territory=1805]"
1628302,1628302,Normal,"Building","Waiting","",1,"productivity or territory is insufficient [CokeOven:candidate=True;constructible=True;affordable=False;available=False;owned=3;upgradeTo=IndustrialCarbonizationRetort;research=SteamPower|Coking;workshop=;productivity=-250;territory=1805]"
1628902,1628902,Normal,"Building","Waiting","",1,"productivity or territory is insufficient [CokeOven:candidate=True;constructible=True;affordable=False;available=False;owned=3;upgradeTo=IndustrialCarbonizationRetort;research=SteamPower|Coking;workshop=;productivity=-254.72;territory=1805]"
1629502,1629502,Normal,"Building","Waiting","",1,"productivity or territory is insufficient [CokeOven:candidate=True;constructible=True;affordable=False;available=False;owned=3;upgradeTo=IndustrialCarbonizationRetort;research=SteamPower|Coking;workshop=;productivity=-257.08;territory=1805]"
1630102,1630102,Normal,"Building","Waiting","",1,"productivity or territory is insufficient [CokeOven:candidate=True;constructible=True;affordable=False;available=False;owned=3;upgradeTo=IndustrialCarbonizationRetort;research=SteamPower|Coking;workshop=;productivity=-259.44;territory=1805]"
1630702,1630702,Normal,"Building","Waiting","",1,"productivity or territory is insufficient [CokeOven:candidate=True;constructible=True;affordable=False;available=False;owned=3;upgradeTo=IndustrialCarbonizationRetort;research=SteamPower|Coking;workshop=;productivity=-261.8;territory=1805]"
1631302,1631302,Normal,"Building","Waiting","",1,"productivity or territory is insufficient [CokeOven:candidate=True;constructible=True;affordable=False;available=False;owned=3;upgradeTo=IndustrialCarbonizationRetort;research=SteamPower|Coking;workshop=;productivity=-264.16;territory=1805]"
1631902,1632502,Normal,"Building","Waiting","",2,"productivity or territory is insufficient [CokeOven:candidate=True;constructible=True;affordable=False;available=False;owned=3;upgradeTo=IndustrialCarbonizationRetort;research=SteamPower|Coking;workshop=;productivity=-266.52;territory=1805]"
1633102,1634302,Normal,"Building","Waiting","",3,"productivity or territory is insufficient [CokeOven:candidate=True;constructible=True;affordable=False;available=False;owned=3;upgradeTo=IndustrialCarbonizationRetort;research=SteamPower|Coking;workshop=;productivity=-268.88;territory=1805]"
1634902,1637302,Normal,"Building","Waiting","",5,"productivity or territory is insufficient [CokeOven:candidate=True;constructible=True;affordable=False;available=False;owned=3;upgradeTo=IndustrialCarbonizationRetort;research=SteamPower|Coking;workshop=;productivity=-271.24;territory=1805]"
1637902,1637902,Normal,"Building","Waiting","",1,"productivity or territory is insufficient [CokeOven:candidate=True;constructible=True;affordable=False;available=False;owned=3;upgradeTo=IndustrialCarbonizationRetort;research=SteamPower|Coking;workshop=;productivity=-273.6;territory=1805]"
1638502,1638502,Normal,"Building","Waiting","",1,"no strategy candidate [CokeOven:candidate=True;constructible=True;affordable=False;available=False;owned=3;upgradeTo=IndustrialCarbonizationRetort;research=SteamPower|Coking;workshop=;productivity=21.4;territory=1805]"
1639102,1639102,Normal,"Building","Waiting","",1,"productivity or territory is insufficient [CokeOven:candidate=True;constructible=True;affordable=False;available=False;owned=3;upgradeTo=IndustrialCarbonizationRetort;research=SteamPower|Coking;workshop=;productivity=-25.8;territory=1805]"
1639702,1639702,Normal,"Building","Waiting","",1,"productivity or territory is insufficient [CokeOven:candidate=True;constructible=True;affordable=False;available=False;owned=3;upgradeTo=IndustrialCarbonizationRetort;research=SteamPower|Coking;workshop=;productivity=-68.28;territory=1805]"
1640302,1640302,Normal,"Building","Waiting","",1,"productivity or territory is insufficient [CokeOven:candidate=True;constructible=True;affordable=False;available=False;owned=3;upgradeTo=IndustrialCarbonizationRetort;research=SteamPower|Coking;workshop=;productivity=-101.32;territory=1805]"
1640902,1640902,Normal,"Building","Waiting","",1,"productivity or territory is insufficient [CokeOven:candidate=True;constructible=True;affordable=False;available=False;owned=3;upgradeTo=IndustrialCarbonizationRetort;research=SteamPower|Coking;workshop=;productivity=-132;territory=1805]"
1641502,1641502,Normal,"Building","Waiting","",1,"productivity or territory is insufficient [CokeOven:candidate=True;constructible=True;affordable=False;available=False;owned=3;upgradeTo=IndustrialCarbonizationRetort;research=SteamPower|Coking;workshop=;productivity=-155.6;territory=1805]"
1642102,1642102,Normal,"Building","Waiting","",1,"productivity or territory is insufficient [CokeOven:candidate=True;constructible=True;affordable=False;available=False;owned=3;upgradeTo=IndustrialCarbonizationRetort;research=SteamPower|Coking;workshop=;productivity=-174.48;territory=1805]"
1642702,1642702,Normal,"Building","Waiting","",1,"productivity or territory is insufficient [CokeOven:candidate=True;constructible=True;affordable=False;available=False;owned=3;upgradeTo=IndustrialCarbonizationRetort;research=SteamPower|Coking;workshop=;productivity=-191;territory=1805]"
1643302,1643302,Normal,"Building","Waiting","",1,"productivity or territory is insufficient [CokeOven:candidate=True;constructible=True;affordable=False;available=False;owned=3;upgradeTo=IndustrialCarbonizationRetort;research=SteamPower|Coking;workshop=;productivity=-205.16;territory=1805]"
1643902,1643902,Normal,"Building","Waiting","",1,"productivity or territory is insufficient [CokeOven:candidate=True;constructible=True;affordable=False;available=False;owned=3;upgradeTo=IndustrialCarbonizationRetort;research=SteamPower|Coking;workshop=;productivity=-216.96;territory=1805]"
1644502,1644502,Normal,"Building","Waiting","",1,"productivity or territory is insufficient [CokeOven:candidate=True;constructible=True;affordable=False;available=False;owned=3;upgradeTo=IndustrialCarbonizationRetort;research=SteamPower|Coking;workshop=;productivity=-226.4;territory=1805]"
1645102,1645102,Normal,"Building","Waiting","",1,"productivity or territory is insufficient [CokeOven:candidate=True;constructible=True;affordable=False;available=False;owned=3;upgradeTo=IndustrialCarbonizationRetort;research=SteamPower|Coking;workshop=;productivity=-233.48;territory=1805]"
1645702,1645702,Normal,"Building","Waiting","",1,"productivity or territory is insufficient [CokeOven:candidate=True;constructible=True;affordable=False;available=False;owned=3;upgradeTo=IndustrialCarbonizationRetort;research=SteamPower|Coking;workshop=;productivity=-240.56;territory=1805]"
1646302,1646302,Normal,"Building","Waiting","",1,"productivity or territory is insufficient [CokeOven:candidate=True;constructible=True;affordable=False;available=False;owned=3;upgradeTo=IndustrialCarbonizationRetort;research=SteamPower|Coking;workshop=;productivity=-245.28;territory=1805]"
1646902,1646902,Normal,"Building","Waiting","",1,"productivity or territory is insufficient [CokeOven:candidate=True;constructible=True;affordable=False;available=False;owned=3;upgradeTo=IndustrialCarbonizationRetort;research=SteamPower|Coking;workshop=;productivity=-250;territory=1805]"
1647502,1647502,Normal,"Building","Waiting","",1,"productivity or territory is insufficient [CokeOven:candidate=True;constructible=True;affordable=False;available=False;owned=3;upgradeTo=IndustrialCarbonizationRetort;research=SteamPower|Coking;workshop=;productivity=-254.72;territory=1805]"
1648102,1648102,Normal,"Building","Waiting","",1,"productivity or territory is insufficient [CokeOven:candidate=True;constructible=True;affordable=False;available=False;owned=3;upgradeTo=IndustrialCarbonizationRetort;research=SteamPower|Coking;workshop=;productivity=-257.08;territory=1805]"
1648702,1648702,Normal,"Building","Waiting","",1,"productivity or territory is insufficient [CokeOven:candidate=True;constructible=True;affordable=False;available=False;owned=3;upgradeTo=IndustrialCarbonizationRetort;research=SteamPower|Coking;workshop=;productivity=-259.44;territory=1805]"
1649302,1649302,Normal,"Building","Waiting","",1,"productivity or territory is insufficient [CokeOven:candidate=True;constructible=True;affordable=False;available=False;owned=3;upgradeTo=IndustrialCarbonizationRetort;research=SteamPower|Coking;workshop=;productivity=-261.8;territory=1805]"
1649902,1649902,Normal,"Building","Waiting","",1,"productivity or territory is insufficient [CokeOven:candidate=True;constructible=True;affordable=False;available=False;owned=3;upgradeTo=IndustrialCarbonizationRetort;research=SteamPower|Coking;workshop=;productivity=-264.16;territory=1805]"
1650502,1651102,Normal,"Building","Waiting","",2,"productivity or territory is insufficient [CokeOven:candidate=True;constructible=True;affordable=False;available=False;owned=3;upgradeTo=IndustrialCarbonizationRetort;research=SteamPower|Coking;workshop=;productivity=-266.52;territory=1805]"
1651702,1652902,Normal,"Building","Waiting","",3,"productivity or territory is insufficient [CokeOven:candidate=True;constructible=True;affordable=False;available=False;owned=3;upgradeTo=IndustrialCarbonizationRetort;research=SteamPower|Coking;workshop=;productivity=-268.88;territory=1805]"
1653502,1655902,Normal,"Building","Waiting","",5,"productivity or territory is insufficient [CokeOven:candidate=True;constructible=True;affordable=False;available=False;owned=3;upgradeTo=IndustrialCarbonizationRetort;research=SteamPower|Coking;workshop=;productivity=-271.24;territory=1805]"
1656502,1656502,Normal,"Building","Waiting","",1,"productivity or territory is insufficient [CokeOven:candidate=True;constructible=True;affordable=False;available=False;owned=3;upgradeTo=IndustrialCarbonizationRetort;research=SteamPower|Coking;workshop=;productivity=-273.6;territory=1805]"
1657102,1657102,Normal,"Building","Waiting","",1,"no strategy candidate [CokeOven:candidate=True;constructible=True;affordable=False;available=False;owned=3;upgradeTo=IndustrialCarbonizationRetort;research=SteamPower|Coking;workshop=;productivity=21.4;territory=1805]"
1657702,1657702,Normal,"Building","Waiting","",1,"productivity or territory is insufficient [CokeOven:candidate=True;constructible=True;affordable=False;available=False;owned=3;upgradeTo=IndustrialCarbonizationRetort;research=SteamPower|Coking;workshop=;productivity=-25.8;territory=1805]"
1658302,1658302,Normal,"Building","Waiting","",1,"productivity or territory is insufficient [CokeOven:candidate=True;constructible=True;affordable=False;available=False;owned=3;upgradeTo=IndustrialCarbonizationRetort;research=SteamPower|Coking;workshop=;productivity=-68.28;territory=1805]"
1658902,1658902,Normal,"Building","Waiting","",1,"productivity or territory is insufficient [CokeOven:candidate=True;constructible=True;affordable=False;available=False;owned=3;upgradeTo=IndustrialCarbonizationRetort;research=SteamPower|Coking;workshop=;productivity=-101.32;territory=1805]"
1659502,1659502,Normal,"Building","Waiting","",1,"productivity or territory is insufficient [CokeOven:candidate=True;constructible=True;affordable=False;available=False;owned=3;upgradeTo=IndustrialCarbonizationRetort;research=SteamPower|Coking;workshop=;productivity=-132;territory=1805]"
1660102,1660102,Normal,"Building","Waiting","",1,"productivity or territory is insufficient [CokeOven:candidate=True;constructible=True;affordable=False;available=False;owned=3;upgradeTo=IndustrialCarbonizationRetort;research=SteamPower|Coking;workshop=;productivity=-155.6;territory=1805]"
1660702,1660702,Normal,"Building","Waiting","",1,"productivity or territory is insufficient [CokeOven:candidate=True;constructible=True;affordable=False;available=False;owned=3;upgradeTo=IndustrialCarbonizationRetort;research=SteamPower|Coking;workshop=;productivity=-174.48;territory=1805]"
1661302,1661302,Normal,"Building","Waiting","",1,"productivity or territory is insufficient [CokeOven:candidate=True;constructible=True;affordable=False;available=False;owned=3;upgradeTo=IndustrialCarbonizationRetort;research=SteamPower|Coking;workshop=;productivity=-191;territory=1805]"
1661902,1661902,Normal,"Building","Waiting","",1,"productivity or territory is insufficient [CokeOven:candidate=True;constructible=True;affordable=False;available=False;owned=3;upgradeTo=IndustrialCarbonizationRetort;research=SteamPower|Coking;workshop=;productivity=-205.16;territory=1805]"
1662502,1662502,Normal,"Building","Waiting","",1,"productivity or territory is insufficient [CokeOven:candidate=True;constructible=True;affordable=False;available=False;owned=3;upgradeTo=IndustrialCarbonizationRetort;research=SteamPower|Coking;workshop=;productivity=-216.96;territory=1805]"
1663102,1663102,Normal,"Building","Waiting","",1,"productivity or territory is insufficient [CokeOven:candidate=True;constructible=True;affordable=False;available=False;owned=3;upgradeTo=IndustrialCarbonizationRetort;research=SteamPower|Coking;workshop=;productivity=-226.4;territory=1805]"
1663702,1663702,Normal,"Building","Waiting","",1,"productivity or territory is insufficient [CokeOven:candidate=True;constructible=True;affordable=False;available=False;owned=3;upgradeTo=IndustrialCarbonizationRetort;research=SteamPower|Coking;workshop=;productivity=-233.48;territory=1805]"
1664302,1664302,Normal,"Building","Waiting","",1,"productivity or territory is insufficient [CokeOven:candidate=True;constructible=True;affordable=False;available=False;owned=3;upgradeTo=IndustrialCarbonizationRetort;research=SteamPower|Coking;workshop=;productivity=-240.56;territory=1805]"
1664902,1664902,Normal,"Building","Waiting","",1,"productivity or territory is insufficient [CokeOven:candidate=True;constructible=True;affordable=False;available=False;owned=3;upgradeTo=IndustrialCarbonizationRetort;research=SteamPower|Coking;workshop=;productivity=-245.28;territory=1805]"
1665502,1665502,Normal,"Building","Waiting","",1,"productivity or territory is insufficient [CokeOven:candidate=True;constructible=True;affordable=False;available=False;owned=3;upgradeTo=IndustrialCarbonizationRetort;research=SteamPower|Coking;workshop=;productivity=-250;territory=1805]"
1666102,1666102,Normal,"Building","Waiting","",1,"productivity or territory is insufficient [CokeOven:candidate=True;constructible=True;affordable=False;available=False;owned=3;upgradeTo=IndustrialCarbonizationRetort;research=SteamPower|Coking;workshop=;productivity=-254.72;territory=1805]"
1666702,1666702,Normal,"Building","Waiting","",1,"productivity or territory is insufficient [CokeOven:candidate=True;constructible=True;affordable=False;available=False;owned=3;upgradeTo=IndustrialCarbonizationRetort;research=SteamPower|Coking;workshop=;productivity=-257.08;territory=1805]"
1667302,1667302,Normal,"Building","Waiting","",1,"productivity or territory is insufficient [CokeOven:candidate=True;constructible=True;affordable=False;available=False;owned=3;upgradeTo=IndustrialCarbonizationRetort;research=SteamPower|Coking;workshop=;productivity=-259.44;territory=1805]"
1667902,1667902,Normal,"Building","Waiting","",1,"productivity or territory is insufficient [CokeOven:candidate=True;constructible=True;affordable=False;available=False;owned=3;upgradeTo=IndustrialCarbonizationRetort;research=SteamPower|Coking;workshop=;productivity=-261.8;territory=1805]"
1668502,1668502,Normal,"Building","Waiting","",1,"productivity or territory is insufficient [CokeOven:candidate=True;constructible=True;affordable=False;available=False;owned=3;upgradeTo=IndustrialCarbonizationRetort;research=SteamPower|Coking;workshop=;productivity=-264.16;territory=1805]"
1669102,1669702,Normal,"Building","Waiting","",2,"productivity or territory is insufficient [CokeOven:candidate=True;constructible=True;affordable=False;available=False;owned=3;upgradeTo=IndustrialCarbonizationRetort;research=SteamPower|Coking;workshop=;productivity=-266.52;territory=1805]"
1670302,1671502,Normal,"Building","Waiting","",3,"productivity or territory is insufficient [CokeOven:candidate=True;constructible=True;affordable=False;available=False;owned=3;upgradeTo=IndustrialCarbonizationRetort;research=SteamPower|Coking;workshop=;productivity=-268.88;territory=1805]"
1672102,1674502,Normal,"Building","Waiting","",5,"productivity or territory is insufficient [CokeOven:candidate=True;constructible=True;affordable=False;available=False;owned=3;upgradeTo=IndustrialCarbonizationRetort;research=SteamPower|Coking;workshop=;productivity=-271.24;territory=1805]"
1675102,1675102,Normal,"Building","Waiting","",1,"productivity or territory is insufficient [CokeOven:candidate=True;constructible=True;affordable=False;available=False;owned=3;upgradeTo=IndustrialCarbonizationRetort;research=SteamPower|Coking;workshop=;productivity=-273.6;territory=1805]"
1675702,1675702,Normal,"Building","Waiting","",1,"no strategy candidate [CokeOven:candidate=True;constructible=True;affordable=False;available=False;owned=3;upgradeTo=IndustrialCarbonizationRetort;research=SteamPower|Coking;workshop=;productivity=21.4;territory=1805]"
1676302,1676302,Normal,"Building","Waiting","",1,"productivity or territory is insufficient [CokeOven:candidate=True;constructible=True;affordable=False;available=False;owned=3;upgradeTo=IndustrialCarbonizationRetort;research=SteamPower|Coking;workshop=;productivity=-25.8;territory=1805]"
1676902,1676902,Normal,"Building","Waiting","",1,"productivity or territory is insufficient [CokeOven:candidate=True;constructible=True;affordable=False;available=False;owned=3;upgradeTo=IndustrialCarbonizationRetort;research=SteamPower|Coking;workshop=;productivity=-68.28;territory=1805]"
1677502,1677502,Normal,"Building","Waiting","",1,"productivity or territory is insufficient [CokeOven:candidate=True;constructible=True;affordable=False;available=False;owned=3;upgradeTo=IndustrialCarbonizationRetort;research=SteamPower|Coking;workshop=;productivity=-101.32;territory=1805]"
1678102,1678102,Normal,"Building","Waiting","",1,"productivity or territory is insufficient [CokeOven:candidate=True;constructible=True;affordable=False;available=False;owned=3;upgradeTo=IndustrialCarbonizationRetort;research=SteamPower|Coking;workshop=;productivity=-132;territory=1805]"
1678702,1678702,Normal,"Building","Waiting","",1,"productivity or territory is insufficient [CokeOven:candidate=True;constructible=True;affordable=False;available=False;owned=3;upgradeTo=IndustrialCarbonizationRetort;research=SteamPower|Coking;workshop=;productivity=-155.6;territory=1805]"
1679302,1679302,Normal,"Building","Waiting","",1,"productivity or territory is insufficient [CokeOven:candidate=True;constructible=True;affordable=False;available=False;owned=3;upgradeTo=IndustrialCarbonizationRetort;research=SteamPower|Coking;workshop=;productivity=-174.48;territory=1805]"
1679902,1679902,Normal,"Building","Waiting","",1,"productivity or territory is insufficient [CokeOven:candidate=True;constructible=True;affordable=False;available=False;owned=3;upgradeTo=IndustrialCarbonizationRetort;research=SteamPower|Coking;workshop=;productivity=-191;territory=1805]"
1680502,1680502,Normal,"Building","Waiting","",1,"productivity or territory is insufficient [CokeOven:candidate=True;constructible=True;affordable=False;available=False;owned=3;upgradeTo=IndustrialCarbonizationRetort;research=SteamPower|Coking;workshop=;productivity=-205.16;territory=1805]"
1681102,1681102,Normal,"Building","Waiting","",1,"productivity or territory is insufficient [CokeOven:candidate=True;constructible=True;affordable=False;available=False;owned=3;upgradeTo=IndustrialCarbonizationRetort;research=SteamPower|Coking;workshop=;productivity=-216.96;territory=1805]"
1681702,1681702,Normal,"Building","Waiting","",1,"productivity or territory is insufficient [CokeOven:candidate=True;constructible=True;affordable=False;available=False;owned=3;upgradeTo=IndustrialCarbonizationRetort;research=SteamPower|Coking;workshop=;productivity=-226.4;territory=1805]"
1682302,1682302,Normal,"Building","Waiting","",1,"productivity or territory is insufficient [CokeOven:candidate=True;constructible=True;affordable=False;available=False;owned=3;upgradeTo=IndustrialCarbonizationRetort;research=SteamPower|Coking;workshop=;productivity=-233.48;territory=1805]"
1682902,1682902,Normal,"Building","Waiting","",1,"productivity or territory is insufficient [CokeOven:candidate=True;constructible=True;affordable=False;available=False;owned=3;upgradeTo=IndustrialCarbonizationRetort;research=SteamPower|Coking;workshop=;productivity=-240.56;territory=1805]"
1683502,1683502,Normal,"Building","Waiting","",1,"productivity or territory is insufficient [CokeOven:candidate=True;constructible=True;affordable=False;available=False;owned=3;upgradeTo=IndustrialCarbonizationRetort;research=SteamPower|Coking;workshop=;productivity=-245.28;territory=1805]"
1684102,1684102,Normal,"Building","Waiting","",1,"productivity or territory is insufficient [CokeOven:candidate=True;constructible=True;affordable=False;available=False;owned=3;upgradeTo=IndustrialCarbonizationRetort;research=SteamPower|Coking;workshop=;productivity=-250;territory=1805]"
1684702,1684702,Normal,"Building","Waiting","",1,"productivity or territory is insufficient [CokeOven:candidate=True;constructible=True;affordable=False;available=False;owned=3;upgradeTo=IndustrialCarbonizationRetort;research=SteamPower|Coking;workshop=;productivity=-254.72;territory=1805]"
1685302,1685302,Normal,"Building","Waiting","",1,"productivity or territory is insufficient [CokeOven:candidate=True;constructible=True;affordable=False;available=False;owned=3;upgradeTo=IndustrialCarbonizationRetort;research=SteamPower|Coking;workshop=;productivity=-257.08;territory=1805]"
1685902,1685902,Normal,"Building","Waiting","",1,"productivity or territory is insufficient [CokeOven:candidate=True;constructible=True;affordable=False;available=False;owned=3;upgradeTo=IndustrialCarbonizationRetort;research=SteamPower|Coking;workshop=;productivity=-259.44;territory=1805]"
1686502,1686502,Normal,"Building","Waiting","",1,"productivity or territory is insufficient [CokeOven:candidate=True;constructible=True;affordable=False;available=False;owned=3;upgradeTo=IndustrialCarbonizationRetort;research=SteamPower|Coking;workshop=;productivity=-261.8;territory=1805]"
1687102,1687102,Normal,"Building","Waiting","",1,"productivity or territory is insufficient [CokeOven:candidate=True;constructible=True;affordable=False;available=False;owned=3;upgradeTo=IndustrialCarbonizationRetort;research=SteamPower|Coking;workshop=;productivity=-264.16;territory=1805]"
1687702,1688302,Normal,"Building","Waiting","",2,"productivity or territory is insufficient [CokeOven:candidate=True;constructible=True;affordable=False;available=False;owned=3;upgradeTo=IndustrialCarbonizationRetort;research=SteamPower|Coking;workshop=;productivity=-266.52;territory=1805]"
1688902,1690102,Normal,"Building","Waiting","",3,"productivity or territory is insufficient [CokeOven:candidate=True;constructible=True;affordable=False;available=False;owned=3;upgradeTo=IndustrialCarbonizationRetort;research=SteamPower|Coking;workshop=;productivity=-268.88;territory=1805]"
1690702,1693102,Normal,"Building","Waiting","",5,"productivity or territory is insufficient [CokeOven:candidate=True;constructible=True;affordable=False;available=False;owned=3;upgradeTo=IndustrialCarbonizationRetort;research=SteamPower|Coking;workshop=;productivity=-271.24;territory=1805]"
1693702,1693702,Normal,"Building","Waiting","",1,"productivity or territory is insufficient [CokeOven:candidate=True;constructible=True;affordable=False;available=False;owned=3;upgradeTo=IndustrialCarbonizationRetort;research=SteamPower|Coking;workshop=;productivity=-273.6;territory=1805]"
1694302,1694302,Normal,"Building","Waiting","",1,"no strategy candidate [CokeOven:candidate=True;constructible=True;affordable=False;available=False;owned=3;upgradeTo=IndustrialCarbonizationRetort;research=SteamPower|Coking;workshop=;productivity=21.4;territory=1805]"
1694902,1694902,Normal,"Building","Waiting","",1,"productivity or territory is insufficient [CokeOven:candidate=True;constructible=True;affordable=False;available=False;owned=3;upgradeTo=IndustrialCarbonizationRetort;research=SteamPower|Coking;workshop=;productivity=-25.8;territory=1805]"
1695502,1695502,Normal,"Building","Waiting","",1,"productivity or territory is insufficient [CokeOven:candidate=True;constructible=True;affordable=False;available=False;owned=3;upgradeTo=IndustrialCarbonizationRetort;research=SteamPower|Coking;workshop=;productivity=-68.28;territory=1805]"
1696102,1696102,Normal,"Building","Waiting","",1,"productivity or territory is insufficient [CokeOven:candidate=True;constructible=True;affordable=False;available=False;owned=3;upgradeTo=IndustrialCarbonizationRetort;research=SteamPower|Coking;workshop=;productivity=-101.32;territory=1805]"
1696702,1696702,Normal,"Building","Waiting","",1,"productivity or territory is insufficient [CokeOven:candidate=True;constructible=True;affordable=False;available=False;owned=3;upgradeTo=IndustrialCarbonizationRetort;research=SteamPower|Coking;workshop=;productivity=-132;territory=1805]"
1697302,1697302,Normal,"Building","Waiting","",1,"productivity or territory is insufficient [CokeOven:candidate=True;constructible=True;affordable=False;available=False;owned=3;upgradeTo=IndustrialCarbonizationRetort;research=SteamPower|Coking;workshop=;productivity=-155.6;territory=1805]"
1697902,1697902,Normal,"Building","Waiting","",1,"productivity or territory is insufficient [CokeOven:candidate=True;constructible=True;affordable=False;available=False;owned=3;upgradeTo=IndustrialCarbonizationRetort;research=SteamPower|Coking;workshop=;productivity=-174.48;territory=1805]"
1698502,1698502,Normal,"Building","Waiting","",1,"productivity or territory is insufficient [CokeOven:candidate=True;constructible=True;affordable=False;available=False;owned=3;upgradeTo=IndustrialCarbonizationRetort;research=SteamPower|Coking;workshop=;productivity=-191;territory=1805]"
1699102,1699102,Normal,"Building","Waiting","",1,"productivity or territory is insufficient [CokeOven:candidate=True;constructible=True;affordable=False;available=False;owned=3;upgradeTo=IndustrialCarbonizationRetort;research=SteamPower|Coking;workshop=;productivity=-205.16;territory=1805]"
1699702,1699702,Normal,"Building","Waiting","",1,"productivity or territory is insufficient [CokeOven:candidate=True;constructible=True;affordable=False;available=False;owned=3;upgradeTo=IndustrialCarbonizationRetort;research=SteamPower|Coking;workshop=;productivity=-216.96;territory=1805]"
1700302,1700302,Normal,"Building","Waiting","",1,"productivity or territory is insufficient [CokeOven:candidate=True;constructible=True;affordable=False;available=False;owned=3;upgradeTo=IndustrialCarbonizationRetort;research=SteamPower|Coking;workshop=;productivity=-226.4;territory=1805]"
1700902,1700902,Normal,"Building","Waiting","",1,"productivity or territory is insufficient [CokeOven:candidate=True;constructible=True;affordable=False;available=False;owned=3;upgradeTo=IndustrialCarbonizationRetort;research=SteamPower|Coking;workshop=;productivity=-233.48;territory=1805]"
1701502,1701502,Normal,"Building","Waiting","",1,"productivity or territory is insufficient [CokeOven:candidate=True;constructible=True;affordable=False;available=False;owned=3;upgradeTo=IndustrialCarbonizationRetort;research=SteamPower|Coking;workshop=;productivity=-240.56;territory=1805]"
1702102,1702102,Normal,"Building","Waiting","",1,"productivity or territory is insufficient [CokeOven:candidate=True;constructible=True;affordable=False;available=False;owned=3;upgradeTo=IndustrialCarbonizationRetort;research=SteamPower|Coking;workshop=;productivity=-245.28;territory=1805]"
1702702,1702702,Normal,"Building","Waiting","",1,"productivity or territory is insufficient [CokeOven:candidate=True;constructible=True;affordable=False;available=False;owned=3;upgradeTo=IndustrialCarbonizationRetort;research=SteamPower|Coking;workshop=;productivity=-250;territory=1805]"
1703302,1703302,Normal,"Building","Waiting","",1,"productivity or territory is insufficient [CokeOven:candidate=True;constructible=True;affordable=False;available=False;owned=3;upgradeTo=IndustrialCarbonizationRetort;research=SteamPower|Coking;workshop=;productivity=-254.72;territory=1805]"
1703902,1703902,Normal,"Building","Waiting","",1,"productivity or territory is insufficient [CokeOven:candidate=True;constructible=True;affordable=False;available=False;owned=3;upgradeTo=IndustrialCarbonizationRetort;research=SteamPower|Coking;workshop=;productivity=-257.08;territory=1805]"
1704502,1704502,Normal,"Building","Waiting","",1,"productivity or territory is insufficient [CokeOven:candidate=True;constructible=True;affordable=False;available=False;owned=3;upgradeTo=IndustrialCarbonizationRetort;research=SteamPower|Coking;workshop=;productivity=-259.44;territory=1805]"
1705102,1705102,Normal,"Building","Waiting","",1,"productivity or territory is insufficient [CokeOven:candidate=True;constructible=True;affordable=False;available=False;owned=3;upgradeTo=IndustrialCarbonizationRetort;research=SteamPower|Coking;workshop=;productivity=-261.8;territory=1805]"
1705702,1705702,Normal,"Building","Waiting","",1,"productivity or territory is insufficient [CokeOven:candidate=True;constructible=True;affordable=False;available=False;owned=3;upgradeTo=IndustrialCarbonizationRetort;research=SteamPower|Coking;workshop=;productivity=-264.16;territory=1805]"
1706302,1706902,Normal,"Building","Waiting","",2,"productivity or territory is insufficient [CokeOven:candidate=True;constructible=True;affordable=False;available=False;owned=3;upgradeTo=IndustrialCarbonizationRetort;research=SteamPower|Coking;workshop=;productivity=-266.52;territory=1805]"
1707502,1708702,Normal,"Building","Waiting","",3,"productivity or territory is insufficient [CokeOven:candidate=True;constructible=True;affordable=False;available=False;owned=3;upgradeTo=IndustrialCarbonizationRetort;research=SteamPower|Coking;workshop=;productivity=-268.88;territory=1805]"
1709302,1711702,Normal,"Building","Waiting","",5,"productivity or territory is insufficient [CokeOven:candidate=True;constructible=True;affordable=False;available=False;owned=3;upgradeTo=IndustrialCarbonizationRetort;research=SteamPower|Coking;workshop=;productivity=-271.24;territory=1805]"
1712302,1712302,Normal,"Building","Waiting","",1,"productivity or territory is insufficient [CokeOven:candidate=True;constructible=True;affordable=False;available=False;owned=3;upgradeTo=IndustrialCarbonizationRetort;research=SteamPower|Coking;workshop=;productivity=-273.6;territory=1805]"
1712902,1712902,Normal,"Building","Waiting","",1,"no strategy candidate [CokeOven:candidate=True;constructible=True;affordable=False;available=False;owned=3;upgradeTo=IndustrialCarbonizationRetort;research=SteamPower|Coking;workshop=;productivity=21.4;territory=1805]"
1713502,1713502,Normal,"Building","Waiting","",1,"productivity or territory is insufficient [CokeOven:candidate=True;constructible=True;affordable=False;available=False;owned=3;upgradeTo=IndustrialCarbonizationRetort;research=SteamPower|Coking;workshop=;productivity=-25.8;territory=1805]"
1714102,1714102,Normal,"Building","Waiting","",1,"productivity or territory is insufficient [CokeOven:candidate=True;constructible=True;affordable=False;available=False;owned=3;upgradeTo=IndustrialCarbonizationRetort;research=SteamPower|Coking;workshop=;productivity=-68.28;territory=1805]"
1714702,1714702,Normal,"Building","Waiting","",1,"productivity or territory is insufficient [CokeOven:candidate=True;constructible=True;affordable=False;available=False;owned=3;upgradeTo=IndustrialCarbonizationRetort;research=SteamPower|Coking;workshop=;productivity=-101.32;territory=1805]"
1715302,1715302,Normal,"Building","Waiting","",1,"productivity or territory is insufficient [CokeOven:candidate=True;constructible=True;affordable=False;available=False;owned=3;upgradeTo=IndustrialCarbonizationRetort;research=SteamPower|Coking;workshop=;productivity=-132;territory=1805]"
1715902,1715902,Normal,"Building","Waiting","",1,"productivity or territory is insufficient [CokeOven:candidate=True;constructible=True;affordable=False;available=False;owned=3;upgradeTo=IndustrialCarbonizationRetort;research=SteamPower|Coking;workshop=;productivity=-155.6;territory=1805]"
1716502,1716502,Normal,"Building","Waiting","",1,"productivity or territory is insufficient [CokeOven:candidate=True;constructible=True;affordable=False;available=False;owned=3;upgradeTo=IndustrialCarbonizationRetort;research=SteamPower|Coking;workshop=;productivity=-174.48;territory=1805]"
1717102,1717102,Normal,"Building","Waiting","",1,"productivity or territory is insufficient [CokeOven:candidate=True;constructible=True;affordable=False;available=False;owned=3;upgradeTo=IndustrialCarbonizationRetort;research=SteamPower|Coking;workshop=;productivity=-191;territory=1805]"
1717702,1717702,Normal,"Building","Waiting","",1,"productivity or territory is insufficient [CokeOven:candidate=True;constructible=True;affordable=False;available=False;owned=3;upgradeTo=IndustrialCarbonizationRetort;research=SteamPower|Coking;workshop=;productivity=-205.16;territory=1805]"
1718302,1718302,Normal,"Building","Waiting","",1,"productivity or territory is insufficient [CokeOven:candidate=True;constructible=True;affordable=False;available=False;owned=3;upgradeTo=IndustrialCarbonizationRetort;research=SteamPower|Coking;workshop=;productivity=-216.96;territory=1805]"
1718902,1718902,Normal,"Building","Waiting","",1,"productivity or territory is insufficient [CokeOven:candidate=True;constructible=True;affordable=False;available=False;owned=3;upgradeTo=IndustrialCarbonizationRetort;research=SteamPower|Coking;workshop=;productivity=-226.4;territory=1805]"
1719502,1719502,Normal,"Building","Waiting","",1,"productivity or territory is insufficient [CokeOven:candidate=True;constructible=True;affordable=False;available=False;owned=3;upgradeTo=IndustrialCarbonizationRetort;research=SteamPower|Coking;workshop=;productivity=-233.48;territory=1805]"
1720102,1720102,Normal,"Building","Waiting","",1,"productivity or territory is insufficient [CokeOven:candidate=True;constructible=True;affordable=False;available=False;owned=3;upgradeTo=IndustrialCarbonizationRetort;research=SteamPower|Coking;workshop=;productivity=-240.56;territory=1805]"
1720702,1720702,Normal,"Building","Waiting","",1,"productivity or territory is insufficient [CokeOven:candidate=True;constructible=True;affordable=False;available=False;owned=3;upgradeTo=IndustrialCarbonizationRetort;research=SteamPower|Coking;workshop=;productivity=-245.28;territory=1805]"
1721302,1721302,Normal,"Building","Waiting","",1,"productivity or territory is insufficient [CokeOven:candidate=True;constructible=True;affordable=False;available=False;owned=3;upgradeTo=IndustrialCarbonizationRetort;research=SteamPower|Coking;workshop=;productivity=-250;territory=1805]"
1721902,1721902,Normal,"Building","Waiting","",1,"productivity or territory is insufficient [CokeOven:candidate=True;constructible=True;affordable=False;available=False;owned=3;upgradeTo=IndustrialCarbonizationRetort;research=SteamPower|Coking;workshop=;productivity=-254.72;territory=1805]"
1722502,1722502,Normal,"Building","Waiting","",1,"productivity or territory is insufficient [CokeOven:candidate=True;constructible=True;affordable=False;available=False;owned=3;upgradeTo=IndustrialCarbonizationRetort;research=SteamPower|Coking;workshop=;productivity=-257.08;territory=1805]"
1723102,1723102,Normal,"Building","Waiting","",1,"productivity or territory is insufficient [CokeOven:candidate=True;constructible=True;affordable=False;available=False;owned=3;upgradeTo=IndustrialCarbonizationRetort;research=SteamPower|Coking;workshop=;productivity=-259.44;territory=1805]"
1723702,1723702,Normal,"Building","Waiting","",1,"productivity or territory is insufficient [CokeOven:candidate=True;constructible=True;affordable=False;available=False;owned=3;upgradeTo=IndustrialCarbonizationRetort;research=SteamPower|Coking;workshop=;productivity=-261.8;territory=1805]"
1724302,1724302,Normal,"Building","Waiting","",1,"productivity or territory is insufficient [CokeOven:candidate=True;constructible=True;affordable=False;available=False;owned=3;upgradeTo=IndustrialCarbonizationRetort;research=SteamPower|Coking;workshop=;productivity=-264.16;territory=1805]"
1724902,1725502,Normal,"Building","Waiting","",2,"productivity or territory is insufficient [CokeOven:candidate=True;constructible=True;affordable=False;available=False;owned=3;upgradeTo=IndustrialCarbonizationRetort;research=SteamPower|Coking;workshop=;productivity=-266.52;territory=1805]"
1726102,1727302,Normal,"Building","Waiting","",3,"productivity or territory is insufficient [CokeOven:candidate=True;constructible=True;affordable=False;available=False;owned=3;upgradeTo=IndustrialCarbonizationRetort;research=SteamPower|Coking;workshop=;productivity=-268.88;territory=1805]"
1727902,1730302,Normal,"Building","Waiting","",5,"productivity or territory is insufficient [CokeOven:candidate=True;constructible=True;affordable=False;available=False;owned=3;upgradeTo=IndustrialCarbonizationRetort;research=SteamPower|Coking;workshop=;productivity=-271.24;territory=1805]"
1730902,1730902,Normal,"Building","Waiting","",1,"productivity or territory is insufficient [CokeOven:candidate=True;constructible=True;affordable=False;available=False;owned=3;upgradeTo=IndustrialCarbonizationRetort;research=SteamPower|Coking;workshop=;productivity=-273.6;territory=1805]"
1731502,1731502,Normal,"Building","Waiting","",1,"no strategy candidate [CokeOven:candidate=True;constructible=True;affordable=False;available=False;owned=3;upgradeTo=IndustrialCarbonizationRetort;research=SteamPower|Coking;workshop=;productivity=21.4;territory=1805]"
1732102,1732102,Normal,"Building","Waiting","",1,"productivity or territory is insufficient [CokeOven:candidate=True;constructible=True;affordable=False;available=False;owned=3;upgradeTo=IndustrialCarbonizationRetort;research=SteamPower|Coking;workshop=;productivity=-25.8;territory=1805]"
1732702,1732702,Normal,"Building","Waiting","",1,"productivity or territory is insufficient [CokeOven:candidate=True;constructible=True;affordable=False;available=False;owned=3;upgradeTo=IndustrialCarbonizationRetort;research=SteamPower|Coking;workshop=;productivity=-68.28;territory=1805]"
1733302,1733302,Normal,"Building","Waiting","",1,"productivity or territory is insufficient [CokeOven:candidate=True;constructible=True;affordable=False;available=False;owned=3;upgradeTo=IndustrialCarbonizationRetort;research=SteamPower|Coking;workshop=;productivity=-101.32;territory=1805]"
1733902,1733902,Normal,"Building","Waiting","",1,"productivity or territory is insufficient [CokeOven:candidate=True;constructible=True;affordable=False;available=False;owned=3;upgradeTo=IndustrialCarbonizationRetort;research=SteamPower|Coking;workshop=;productivity=-132;territory=1805]"
1734502,1734502,Normal,"Building","Waiting","",1,"productivity or territory is insufficient [CokeOven:candidate=True;constructible=True;affordable=False;available=False;owned=3;upgradeTo=IndustrialCarbonizationRetort;research=SteamPower|Coking;workshop=;productivity=-155.6;territory=1805]"
1735102,1735102,Normal,"Building","Waiting","",1,"productivity or territory is insufficient [CokeOven:candidate=True;constructible=True;affordable=False;available=False;owned=3;upgradeTo=IndustrialCarbonizationRetort;research=SteamPower|Coking;workshop=;productivity=-174.48;territory=1805]"
1735702,1735702,Normal,"Building","Waiting","",1,"productivity or territory is insufficient [CokeOven:candidate=True;constructible=True;affordable=False;available=False;owned=3;upgradeTo=IndustrialCarbonizationRetort;research=SteamPower|Coking;workshop=;productivity=-191;territory=1805]"
1736302,1736302,Normal,"Building","Waiting","",1,"productivity or territory is insufficient [CokeOven:candidate=True;constructible=True;affordable=False;available=False;owned=3;upgradeTo=IndustrialCarbonizationRetort;research=SteamPower|Coking;workshop=;productivity=-205.16;territory=1805]"
1736902,1736902,Normal,"Building","Waiting","",1,"productivity or territory is insufficient [CokeOven:candidate=True;constructible=True;affordable=False;available=False;owned=3;upgradeTo=IndustrialCarbonizationRetort;research=SteamPower|Coking;workshop=;productivity=-216.96;territory=1805]"
1737502,1737502,Normal,"Building","Waiting","",1,"productivity or territory is insufficient [CokeOven:candidate=True;constructible=True;affordable=False;available=False;owned=3;upgradeTo=IndustrialCarbonizationRetort;research=SteamPower|Coking;workshop=;productivity=-226.4;territory=1805]"
1738102,1738102,Normal,"Building","Waiting","",1,"productivity or territory is insufficient [CokeOven:candidate=True;constructible=True;affordable=False;available=False;owned=3;upgradeTo=IndustrialCarbonizationRetort;research=SteamPower|Coking;workshop=;productivity=-233.48;territory=1805]"
1738702,1738702,Normal,"Building","Waiting","",1,"productivity or territory is insufficient [CokeOven:candidate=True;constructible=True;affordable=False;available=False;owned=3;upgradeTo=IndustrialCarbonizationRetort;research=SteamPower|Coking;workshop=;productivity=-240.56;territory=1805]"
1739302,1739302,Normal,"Building","Waiting","",1,"productivity or territory is insufficient [CokeOven:candidate=True;constructible=True;affordable=False;available=False;owned=3;upgradeTo=IndustrialCarbonizationRetort;research=SteamPower|Coking;workshop=;productivity=-245.28;territory=1805]"
1739902,1739902,Normal,"Building","Waiting","",1,"productivity or territory is insufficient [CokeOven:candidate=True;constructible=True;affordable=False;available=False;owned=3;upgradeTo=IndustrialCarbonizationRetort;research=SteamPower|Coking;workshop=;productivity=-250;territory=1805]"
1740502,1740502,Normal,"Building","Waiting","",1,"productivity or territory is insufficient [CokeOven:candidate=True;constructible=True;affordable=False;available=False;owned=3;upgradeTo=IndustrialCarbonizationRetort;research=SteamPower|Coking;workshop=;productivity=-254.72;territory=1805]"
1741102,1741102,Normal,"Building","Waiting","",1,"productivity or territory is insufficient [CokeOven:candidate=True;constructible=True;affordable=False;available=False;owned=3;upgradeTo=IndustrialCarbonizationRetort;research=SteamPower|Coking;workshop=;productivity=-257.08;territory=1805]"
1741702,1741702,Normal,"Building","Waiting","",1,"productivity or territory is insufficient [CokeOven:candidate=True;constructible=True;affordable=False;available=False;owned=3;upgradeTo=IndustrialCarbonizationRetort;research=SteamPower|Coking;workshop=;productivity=-259.44;territory=1805]"
1742302,1742302,Normal,"Building","Waiting","",1,"productivity or territory is insufficient [CokeOven:candidate=True;constructible=True;affordable=False;available=False;owned=3;upgradeTo=IndustrialCarbonizationRetort;research=SteamPower|Coking;workshop=;productivity=-261.8;territory=1805]"
1742902,1742902,Normal,"Building","Waiting","",1,"productivity or territory is insufficient [CokeOven:candidate=True;constructible=True;affordable=False;available=False;owned=3;upgradeTo=IndustrialCarbonizationRetort;research=SteamPower|Coking;workshop=;productivity=-264.16;territory=1805]"
1743502,1744102,Normal,"Building","Waiting","",2,"productivity or territory is insufficient [CokeOven:candidate=True;constructible=True;affordable=False;available=False;owned=3;upgradeTo=IndustrialCarbonizationRetort;research=SteamPower|Coking;workshop=;productivity=-266.52;territory=1805]"
1744702,1745902,Normal,"Building","Waiting","",3,"productivity or territory is insufficient [CokeOven:candidate=True;constructible=True;affordable=False;available=False;owned=3;upgradeTo=IndustrialCarbonizationRetort;research=SteamPower|Coking;workshop=;productivity=-268.88;territory=1805]"
1746502,1748902,Normal,"Building","Waiting","",5,"productivity or territory is insufficient [CokeOven:candidate=True;constructible=True;affordable=False;available=False;owned=3;upgradeTo=IndustrialCarbonizationRetort;research=SteamPower|Coking;workshop=;productivity=-271.24;territory=1805]"
1749502,1749502,Normal,"Building","Waiting","",1,"productivity or territory is insufficient [CokeOven:candidate=True;constructible=True;affordable=False;available=False;owned=3;upgradeTo=IndustrialCarbonizationRetort;research=SteamPower|Coking;workshop=;productivity=-273.6;territory=1805]"
1750102,1750102,Normal,"Building","Waiting","",1,"no strategy candidate [CokeOven:candidate=True;constructible=True;affordable=False;available=False;owned=3;upgradeTo=IndustrialCarbonizationRetort;research=SteamPower|Coking;workshop=;productivity=21.4;territory=1805]"
1750702,1750702,Normal,"Building","Waiting","",1,"productivity or territory is insufficient [CokeOven:candidate=True;constructible=True;affordable=False;available=False;owned=3;upgradeTo=IndustrialCarbonizationRetort;research=SteamPower|Coking;workshop=;productivity=-25.8;territory=1805]"
1751302,1751302,Normal,"Building","Waiting","",1,"productivity or territory is insufficient [CokeOven:candidate=True;constructible=True;affordable=False;available=False;owned=3;upgradeTo=IndustrialCarbonizationRetort;research=SteamPower|Coking;workshop=;productivity=-68.28;territory=1805]"
1751902,1751902,Normal,"Building","Waiting","",1,"productivity or territory is insufficient [CokeOven:candidate=True;constructible=True;affordable=False;available=False;owned=3;upgradeTo=IndustrialCarbonizationRetort;research=SteamPower|Coking;workshop=;productivity=-101.32;territory=1805]"
1752502,1752502,Normal,"Building","Waiting","",1,"productivity or territory is insufficient [CokeOven:candidate=True;constructible=True;affordable=False;available=False;owned=3;upgradeTo=IndustrialCarbonizationRetort;research=SteamPower|Coking;workshop=;productivity=-132;territory=1805]"
1753102,1753102,Normal,"Building","Waiting","",1,"productivity or territory is insufficient [CokeOven:candidate=True;constructible=True;affordable=False;available=False;owned=3;upgradeTo=IndustrialCarbonizationRetort;research=SteamPower|Coking;workshop=;productivity=-155.6;territory=1805]"
1753702,1753702,Normal,"Building","Waiting","",1,"productivity or territory is insufficient [CokeOven:candidate=True;constructible=True;affordable=False;available=False;owned=3;upgradeTo=IndustrialCarbonizationRetort;research=SteamPower|Coking;workshop=;productivity=-174.48;territory=1805]"
1754302,1754302,Normal,"Building","Waiting","",1,"productivity or territory is insufficient [CokeOven:candidate=True;constructible=True;affordable=False;available=False;owned=3;upgradeTo=IndustrialCarbonizationRetort;research=SteamPower|Coking;workshop=;productivity=-191;territory=1805]"
1754902,1754902,Normal,"Building","Waiting","",1,"productivity or territory is insufficient [CokeOven:candidate=True;constructible=True;affordable=False;available=False;owned=3;upgradeTo=IndustrialCarbonizationRetort;research=SteamPower|Coking;workshop=;productivity=-205.16;territory=1805]"
1755502,1755502,Normal,"Building","Waiting","",1,"productivity or territory is insufficient [CokeOven:candidate=True;constructible=True;affordable=False;available=False;owned=3;upgradeTo=IndustrialCarbonizationRetort;research=SteamPower|Coking;workshop=;productivity=-216.96;territory=1805]"
1756102,1756102,Normal,"Building","Waiting","",1,"productivity or territory is insufficient [CokeOven:candidate=True;constructible=True;affordable=False;available=False;owned=3;upgradeTo=IndustrialCarbonizationRetort;research=SteamPower|Coking;workshop=;productivity=-226.4;territory=1805]"
1756702,1756702,Normal,"Building","Waiting","",1,"productivity or territory is insufficient [CokeOven:candidate=True;constructible=True;affordable=False;available=False;owned=3;upgradeTo=IndustrialCarbonizationRetort;research=SteamPower|Coking;workshop=;productivity=-233.48;territory=1805]"
1757302,1757302,Normal,"Building","Waiting","",1,"productivity or territory is insufficient [CokeOven:candidate=True;constructible=True;affordable=False;available=False;owned=3;upgradeTo=IndustrialCarbonizationRetort;research=SteamPower|Coking;workshop=;productivity=-240.56;territory=1805]"
1757902,1757902,Normal,"Building","Waiting","",1,"productivity or territory is insufficient [CokeOven:candidate=True;constructible=True;affordable=False;available=False;owned=3;upgradeTo=IndustrialCarbonizationRetort;research=SteamPower|Coking;workshop=;productivity=-245.28;territory=1805]"
1758502,1758502,Normal,"Building","Waiting","",1,"productivity or territory is insufficient [CokeOven:candidate=True;constructible=True;affordable=False;available=False;owned=3;upgradeTo=IndustrialCarbonizationRetort;research=SteamPower|Coking;workshop=;productivity=-250;territory=1805]"
1759102,1759102,Normal,"Building","Waiting","",1,"productivity or territory is insufficient [CokeOven:candidate=True;constructible=True;affordable=False;available=False;owned=3;upgradeTo=IndustrialCarbonizationRetort;research=SteamPower|Coking;workshop=;productivity=-254.72;territory=1805]"
1759702,1759702,Normal,"Building","Waiting","",1,"productivity or territory is insufficient [CokeOven:candidate=True;constructible=True;affordable=False;available=False;owned=3;upgradeTo=IndustrialCarbonizationRetort;research=SteamPower|Coking;workshop=;productivity=-257.08;territory=1805]"
1760302,1760302,Normal,"Building","Waiting","",1,"productivity or territory is insufficient [CokeOven:candidate=True;constructible=True;affordable=False;available=False;owned=3;upgradeTo=IndustrialCarbonizationRetort;research=SteamPower|Coking;workshop=;productivity=-259.44;territory=1805]"
1760902,1760902,Normal,"Building","Waiting","",1,"productivity or territory is insufficient [CokeOven:candidate=True;constructible=True;affordable=False;available=False;owned=3;upgradeTo=IndustrialCarbonizationRetort;research=SteamPower|Coking;workshop=;productivity=-261.8;territory=1805]"
1761502,1761502,Normal,"Building","Waiting","",1,"productivity or territory is insufficient [CokeOven:candidate=True;constructible=True;affordable=False;available=False;owned=3;upgradeTo=IndustrialCarbonizationRetort;research=SteamPower|Coking;workshop=;productivity=-264.16;territory=1805]"
1762102,1762702,Normal,"Building","Waiting","",2,"productivity or territory is insufficient [CokeOven:candidate=True;constructible=True;affordable=False;available=False;owned=3;upgradeTo=IndustrialCarbonizationRetort;research=SteamPower|Coking;workshop=;productivity=-266.52;territory=1805]"
1763302,1764502,Normal,"Building","Waiting","",3,"productivity or territory is insufficient [CokeOven:candidate=True;constructible=True;affordable=False;available=False;owned=3;upgradeTo=IndustrialCarbonizationRetort;research=SteamPower|Coking;workshop=;productivity=-268.88;territory=1805]"
1765102,1767502,Normal,"Building","Waiting","",5,"productivity or territory is insufficient [CokeOven:candidate=True;constructible=True;affordable=False;available=False;owned=3;upgradeTo=IndustrialCarbonizationRetort;research=SteamPower|Coking;workshop=;productivity=-271.24;territory=1805]"
1768102,1768102,Normal,"Building","Waiting","",1,"productivity or territory is insufficient [CokeOven:candidate=True;constructible=True;affordable=False;available=False;owned=3;upgradeTo=IndustrialCarbonizationRetort;research=SteamPower|Coking;workshop=;productivity=-273.6;territory=1805]"
1768702,1768702,Normal,"Building","Waiting","",1,"no strategy candidate [CokeOven:candidate=True;constructible=True;affordable=False;available=False;owned=3;upgradeTo=IndustrialCarbonizationRetort;research=SteamPower|Coking;workshop=;productivity=21.4;territory=1805]"
1769302,1769302,Normal,"Building","Waiting","",1,"productivity or territory is insufficient [CokeOven:candidate=True;constructible=True;affordable=False;available=False;owned=3;upgradeTo=IndustrialCarbonizationRetort;research=SteamPower|Coking;workshop=;productivity=-25.8;territory=1805]"
1769902,1769902,Normal,"Building","Waiting","",1,"productivity or territory is insufficient [CokeOven:candidate=True;constructible=True;affordable=False;available=False;owned=3;upgradeTo=IndustrialCarbonizationRetort;research=SteamPower|Coking;workshop=;productivity=-68.28;territory=1805]"
1770502,1770502,Normal,"Building","Waiting","",1,"productivity or territory is insufficient [CokeOven:candidate=True;constructible=True;affordable=False;available=False;owned=3;upgradeTo=IndustrialCarbonizationRetort;research=SteamPower|Coking;workshop=;productivity=-101.32;territory=1805]"
1771102,1771102,Normal,"Building","Waiting","",1,"productivity or territory is insufficient [CokeOven:candidate=True;constructible=True;affordable=False;available=False;owned=3;upgradeTo=IndustrialCarbonizationRetort;research=SteamPower|Coking;workshop=;productivity=-132;territory=1805]"
1771702,1771702,Normal,"Building","Waiting","",1,"productivity or territory is insufficient [CokeOven:candidate=True;constructible=True;affordable=False;available=False;owned=3;upgradeTo=IndustrialCarbonizationRetort;research=SteamPower|Coking;workshop=;productivity=-155.6;territory=1805]"
1772302,1772302,Normal,"Building","Waiting","",1,"productivity or territory is insufficient [CokeOven:candidate=True;constructible=True;affordable=False;available=False;owned=3;upgradeTo=IndustrialCarbonizationRetort;research=SteamPower|Coking;workshop=;productivity=-174.48;territory=1805]"
1772902,1772902,Normal,"Building","Waiting","",1,"productivity or territory is insufficient [CokeOven:candidate=True;constructible=True;affordable=False;available=False;owned=3;upgradeTo=IndustrialCarbonizationRetort;research=SteamPower|Coking;workshop=;productivity=-191;territory=1805]"
1773502,1773502,Normal,"Building","Waiting","",1,"productivity or territory is insufficient [CokeOven:candidate=True;constructible=True;affordable=False;available=False;owned=3;upgradeTo=IndustrialCarbonizationRetort;research=SteamPower|Coking;workshop=;productivity=-205.16;territory=1805]"
1774102,1774102,Normal,"Building","Waiting","",1,"productivity or territory is insufficient [CokeOven:candidate=True;constructible=True;affordable=False;available=False;owned=3;upgradeTo=IndustrialCarbonizationRetort;research=SteamPower|Coking;workshop=;productivity=-216.96;territory=1805]"
1774702,1774702,Normal,"Building","Waiting","",1,"productivity or territory is insufficient [CokeOven:candidate=True;constructible=True;affordable=False;available=False;owned=3;upgradeTo=IndustrialCarbonizationRetort;research=SteamPower|Coking;workshop=;productivity=-226.4;territory=1805]"
1775302,1775302,Normal,"Building","Waiting","",1,"productivity or territory is insufficient [CokeOven:candidate=True;constructible=True;affordable=False;available=False;owned=3;upgradeTo=IndustrialCarbonizationRetort;research=SteamPower|Coking;workshop=;productivity=-233.48;territory=1805]"
1775902,1775902,Normal,"Building","Waiting","",1,"productivity or territory is insufficient [CokeOven:candidate=True;constructible=True;affordable=False;available=False;owned=3;upgradeTo=IndustrialCarbonizationRetort;research=SteamPower|Coking;workshop=;productivity=-240.56;territory=1805]"
1776502,1776502,Normal,"Building","Waiting","",1,"productivity or territory is insufficient [CokeOven:candidate=True;constructible=True;affordable=False;available=False;owned=3;upgradeTo=IndustrialCarbonizationRetort;research=SteamPower|Coking;workshop=;productivity=-245.28;territory=1805]"
1777102,1777102,Normal,"Building","Waiting","",1,"productivity or territory is insufficient [CokeOven:candidate=True;constructible=True;affordable=False;available=False;owned=3;upgradeTo=IndustrialCarbonizationRetort;research=SteamPower|Coking;workshop=;productivity=-250;territory=1805]"
1777702,1777702,Normal,"Building","Waiting","",1,"productivity or territory is insufficient [CokeOven:candidate=True;constructible=True;affordable=False;available=False;owned=3;upgradeTo=IndustrialCarbonizationRetort;research=SteamPower|Coking;workshop=;productivity=-254.72;territory=1805]"
1778302,1778302,Normal,"Building","Waiting","",1,"productivity or territory is insufficient [CokeOven:candidate=True;constructible=True;affordable=False;available=False;owned=3;upgradeTo=IndustrialCarbonizationRetort;research=SteamPower|Coking;workshop=;productivity=-257.08;territory=1805]"
1778902,1778902,Normal,"Building","Waiting","",1,"productivity or territory is insufficient [CokeOven:candidate=True;constructible=True;affordable=False;available=False;owned=3;upgradeTo=IndustrialCarbonizationRetort;research=SteamPower|Coking;workshop=;productivity=-259.44;territory=1805]"
1779502,1779502,Normal,"Building","Waiting","",1,"productivity or territory is insufficient [CokeOven:candidate=True;constructible=True;affordable=False;available=False;owned=3;upgradeTo=IndustrialCarbonizationRetort;research=SteamPower|Coking;workshop=;productivity=-261.8;territory=1805]"
1780102,1780102,Normal,"Building","Waiting","",1,"productivity or territory is insufficient [CokeOven:candidate=True;constructible=True;affordable=False;available=False;owned=3;upgradeTo=IndustrialCarbonizationRetort;research=SteamPower|Coking;workshop=;productivity=-264.16;territory=1805]"
1780702,1781302,Normal,"Building","Waiting","",2,"productivity or territory is insufficient [CokeOven:candidate=True;constructible=True;affordable=False;available=False;owned=3;upgradeTo=IndustrialCarbonizationRetort;research=SteamPower|Coking;workshop=;productivity=-266.52;territory=1805]"
1781902,1783102,Normal,"Building","Waiting","",3,"productivity or territory is insufficient [CokeOven:candidate=True;constructible=True;affordable=False;available=False;owned=3;upgradeTo=IndustrialCarbonizationRetort;research=SteamPower|Coking;workshop=;productivity=-268.88;territory=1805]"
1783702,1786102,Normal,"Building","Waiting","",5,"productivity or territory is insufficient [CokeOven:candidate=True;constructible=True;affordable=False;available=False;owned=3;upgradeTo=IndustrialCarbonizationRetort;research=SteamPower|Coking;workshop=;productivity=-271.24;territory=1805]"
1786702,1786702,Normal,"Building","Waiting","",1,"productivity or territory is insufficient [CokeOven:candidate=True;constructible=True;affordable=False;available=False;owned=3;upgradeTo=IndustrialCarbonizationRetort;research=SteamPower|Coking;workshop=;productivity=-273.6;territory=1805]"
1787302,1787302,Normal,"Building","Waiting","",1,"no strategy candidate [CokeOven:candidate=True;constructible=True;affordable=False;available=False;owned=3;upgradeTo=IndustrialCarbonizationRetort;research=SteamPower|Coking;workshop=;productivity=21.4;territory=1805]"
1787902,1787902,Normal,"Building","Waiting","",1,"productivity or territory is insufficient [CokeOven:candidate=True;constructible=True;affordable=False;available=False;owned=3;upgradeTo=IndustrialCarbonizationRetort;research=SteamPower|Coking;workshop=;productivity=-25.8;territory=1805]"
1788502,1788502,Normal,"Building","Waiting","",1,"productivity or territory is insufficient [CokeOven:candidate=True;constructible=True;affordable=False;available=False;owned=3;upgradeTo=IndustrialCarbonizationRetort;research=SteamPower|Coking;workshop=;productivity=-68.28;territory=1805]"
1789102,1789102,Normal,"Building","Waiting","",1,"productivity or territory is insufficient [CokeOven:candidate=True;constructible=True;affordable=False;available=False;owned=3;upgradeTo=IndustrialCarbonizationRetort;research=SteamPower|Coking;workshop=;productivity=-101.32;territory=1805]"
1789702,1789702,Normal,"Building","Waiting","",1,"productivity or territory is insufficient [CokeOven:candidate=True;constructible=True;affordable=False;available=False;owned=3;upgradeTo=IndustrialCarbonizationRetort;research=SteamPower|Coking;workshop=;productivity=-132;territory=1805]"
1790302,1790302,Normal,"Building","Waiting","",1,"productivity or territory is insufficient [CokeOven:candidate=True;constructible=True;affordable=False;available=False;owned=3;upgradeTo=IndustrialCarbonizationRetort;research=SteamPower|Coking;workshop=;productivity=-155.6;territory=1805]"
1790902,1790902,Normal,"Building","Waiting","",1,"productivity or territory is insufficient [CokeOven:candidate=True;constructible=True;affordable=False;available=False;owned=3;upgradeTo=IndustrialCarbonizationRetort;research=SteamPower|Coking;workshop=;productivity=-174.48;territory=1805]"
1791502,1791502,Normal,"Building","Waiting","",1,"productivity or territory is insufficient [CokeOven:candidate=True;constructible=True;affordable=False;available=False;owned=3;upgradeTo=IndustrialCarbonizationRetort;research=SteamPower|Coking;workshop=;productivity=-191;territory=1805]"
1792102,1792102,Normal,"Building","Waiting","",1,"productivity or territory is insufficient [CokeOven:candidate=True;constructible=True;affordable=False;available=False;owned=3;upgradeTo=IndustrialCarbonizationRetort;research=SteamPower|Coking;workshop=;productivity=-205.16;territory=1805]"
1792702,1792702,Normal,"Building","Waiting","",1,"productivity or territory is insufficient [CokeOven:candidate=True;constructible=True;affordable=False;available=False;owned=3;upgradeTo=IndustrialCarbonizationRetort;research=SteamPower|Coking;workshop=;productivity=-216.96;territory=1805]"
1793302,1793302,Normal,"Building","Waiting","",1,"productivity or territory is insufficient [CokeOven:candidate=True;constructible=True;affordable=False;available=False;owned=3;upgradeTo=IndustrialCarbonizationRetort;research=SteamPower|Coking;workshop=;productivity=-226.4;territory=1805]"
1793902,1793902,Normal,"Building","Waiting","",1,"productivity or territory is insufficient [CokeOven:candidate=True;constructible=True;affordable=False;available=False;owned=3;upgradeTo=IndustrialCarbonizationRetort;research=SteamPower|Coking;workshop=;productivity=-233.48;territory=1805]"
1794502,1794502,Normal,"Building","Waiting","",1,"productivity or territory is insufficient [CokeOven:candidate=True;constructible=True;affordable=False;available=False;owned=3;upgradeTo=IndustrialCarbonizationRetort;research=SteamPower|Coking;workshop=;productivity=-240.56;territory=1805]"
1795102,1795102,Normal,"Building","Waiting","",1,"productivity or territory is insufficient [CokeOven:candidate=True;constructible=True;affordable=False;available=False;owned=3;upgradeTo=IndustrialCarbonizationRetort;research=SteamPower|Coking;workshop=;productivity=-245.28;territory=1805]"
1795702,1795702,Normal,"Building","Waiting","",1,"productivity or territory is insufficient [CokeOven:candidate=True;constructible=True;affordable=False;available=False;owned=3;upgradeTo=IndustrialCarbonizationRetort;research=SteamPower|Coking;workshop=;productivity=-250;territory=1805]"
1796302,1796302,Normal,"Building","Waiting","",1,"productivity or territory is insufficient [CokeOven:candidate=True;constructible=True;affordable=False;available=False;owned=3;upgradeTo=IndustrialCarbonizationRetort;research=SteamPower|Coking;workshop=;productivity=-254.72;territory=1805]"
1796902,1796902,Normal,"Building","Waiting","",1,"productivity or territory is insufficient [CokeOven:candidate=True;constructible=True;affordable=False;available=False;owned=3;upgradeTo=IndustrialCarbonizationRetort;research=SteamPower|Coking;workshop=;productivity=-257.08;territory=1805]"
1797502,1797502,Normal,"Building","Waiting","",1,"productivity or territory is insufficient [CokeOven:candidate=True;constructible=True;affordable=False;available=False;owned=3;upgradeTo=IndustrialCarbonizationRetort;research=SteamPower|Coking;workshop=;productivity=-259.44;territory=1805]"
1798102,1798102,Normal,"Building","Waiting","",1,"productivity or territory is insufficient [CokeOven:candidate=True;constructible=True;affordable=False;available=False;owned=3;upgradeTo=IndustrialCarbonizationRetort;research=SteamPower|Coking;workshop=;productivity=-261.8;territory=1805]"
1798702,1798702,Normal,"Building","Waiting","",1,"productivity or territory is insufficient [CokeOven:candidate=True;constructible=True;affordable=False;available=False;owned=3;upgradeTo=IndustrialCarbonizationRetort;research=SteamPower|Coking;workshop=;productivity=-264.16;territory=1805]"
1799302,1799902,Normal,"Building","Waiting","",2,"productivity or territory is insufficient [CokeOven:candidate=True;constructible=True;affordable=False;available=False;owned=3;upgradeTo=IndustrialCarbonizationRetort;research=SteamPower|Coking;workshop=;productivity=-266.52;territory=1805]"
1800502,1801702,Normal,"Building","Waiting","",3,"productivity or territory is insufficient [CokeOven:candidate=True;constructible=True;affordable=False;available=False;owned=3;upgradeTo=IndustrialCarbonizationRetort;research=SteamPower|Coking;workshop=;productivity=-268.88;territory=1805]"
1802302,1804702,Normal,"Building","Waiting","",5,"productivity or territory is insufficient [CokeOven:candidate=True;constructible=True;affordable=False;available=False;owned=3;upgradeTo=IndustrialCarbonizationRetort;research=SteamPower|Coking;workshop=;productivity=-271.24;territory=1805]"
1805302,1805302,Normal,"Building","Waiting","",1,"productivity or territory is insufficient [CokeOven:candidate=True;constructible=True;affordable=False;available=False;owned=3;upgradeTo=IndustrialCarbonizationRetort;research=SteamPower|Coking;workshop=;productivity=-273.6;territory=1805]"
1805902,1805902,Normal,"Building","Waiting","",1,"no strategy candidate [CokeOven:candidate=True;constructible=True;affordable=False;available=False;owned=3;upgradeTo=IndustrialCarbonizationRetort;research=SteamPower|Coking;workshop=;productivity=21.4;territory=1805]"
1806502,1806502,Normal,"Building","Waiting","",1,"productivity or territory is insufficient [CokeOven:candidate=True;constructible=True;affordable=False;available=False;owned=3;upgradeTo=IndustrialCarbonizationRetort;research=SteamPower|Coking;workshop=;productivity=-25.8;territory=1805]"
1807102,1807102,Normal,"Building","Waiting","",1,"productivity or territory is insufficient [CokeOven:candidate=True;constructible=True;affordable=False;available=False;owned=3;upgradeTo=IndustrialCarbonizationRetort;research=SteamPower|Coking;workshop=;productivity=-68.28;territory=1805]"
1807702,1807702,Normal,"Building","Waiting","",1,"productivity or territory is insufficient [CokeOven:candidate=True;constructible=True;affordable=False;available=False;owned=3;upgradeTo=IndustrialCarbonizationRetort;research=SteamPower|Coking;workshop=;productivity=-101.32;territory=1805]"
1808302,1808302,Normal,"Building","Waiting","",1,"productivity or territory is insufficient [CokeOven:candidate=True;constructible=True;affordable=False;available=False;owned=3;upgradeTo=IndustrialCarbonizationRetort;research=SteamPower|Coking;workshop=;productivity=-132;territory=1805]"
1808902,1808902,Normal,"Building","Waiting","",1,"productivity or territory is insufficient [CokeOven:candidate=True;constructible=True;affordable=False;available=False;owned=3;upgradeTo=IndustrialCarbonizationRetort;research=SteamPower|Coking;workshop=;productivity=-155.6;territory=1805]"
1809502,1809502,Normal,"Building","Waiting","",1,"productivity or territory is insufficient [CokeOven:candidate=True;constructible=True;affordable=False;available=False;owned=3;upgradeTo=IndustrialCarbonizationRetort;research=SteamPower|Coking;workshop=;productivity=-174.48;territory=1805]"
1810102,1810102,Normal,"Building","Waiting","",1,"productivity or territory is insufficient [CokeOven:candidate=True;constructible=True;affordable=False;available=False;owned=3;upgradeTo=IndustrialCarbonizationRetort;research=SteamPower|Coking;workshop=;productivity=-191;territory=1805]"
1810702,1810702,Normal,"Building","Waiting","",1,"productivity or territory is insufficient [CokeOven:candidate=True;constructible=True;affordable=False;available=False;owned=3;upgradeTo=IndustrialCarbonizationRetort;research=SteamPower|Coking;workshop=;productivity=-205.16;territory=1805]"
1811302,1811302,Normal,"Building","Waiting","",1,"productivity or territory is insufficient [CokeOven:candidate=True;constructible=True;affordable=False;available=False;owned=3;upgradeTo=IndustrialCarbonizationRetort;research=SteamPower|Coking;workshop=;productivity=-216.96;territory=1805]"
1811902,1811902,Normal,"Building","Waiting","",1,"productivity or territory is insufficient [CokeOven:candidate=True;constructible=True;affordable=False;available=False;owned=3;upgradeTo=IndustrialCarbonizationRetort;research=SteamPower|Coking;workshop=;productivity=-226.4;territory=1805]"
1812502,1812502,Normal,"Building","Waiting","",1,"productivity or territory is insufficient [CokeOven:candidate=True;constructible=True;affordable=False;available=False;owned=3;upgradeTo=IndustrialCarbonizationRetort;research=SteamPower|Coking;workshop=;productivity=-233.48;territory=1805]"
1813102,1813102,Normal,"Building","Waiting","",1,"productivity or territory is insufficient [CokeOven:candidate=True;constructible=True;affordable=False;available=False;owned=3;upgradeTo=IndustrialCarbonizationRetort;research=SteamPower|Coking;workshop=;productivity=-240.56;territory=1805]"
1813702,1813702,Normal,"Building","Waiting","",1,"productivity or territory is insufficient [CokeOven:candidate=True;constructible=True;affordable=False;available=False;owned=3;upgradeTo=IndustrialCarbonizationRetort;research=SteamPower|Coking;workshop=;productivity=-245.28;territory=1805]"
1814302,1814302,Normal,"Building","Waiting","",1,"productivity or territory is insufficient [CokeOven:candidate=True;constructible=True;affordable=False;available=False;owned=3;upgradeTo=IndustrialCarbonizationRetort;research=SteamPower|Coking;workshop=;productivity=-250;territory=1805]"
1814902,1814902,Normal,"Building","Waiting","",1,"productivity or territory is insufficient [CokeOven:candidate=True;constructible=True;affordable=False;available=False;owned=3;upgradeTo=IndustrialCarbonizationRetort;research=SteamPower|Coking;workshop=;productivity=-254.72;territory=1805]"
1815502,1815502,Normal,"Building","Waiting","",1,"productivity or territory is insufficient [CokeOven:candidate=True;constructible=True;affordable=False;available=False;owned=3;upgradeTo=IndustrialCarbonizationRetort;research=SteamPower|Coking;workshop=;productivity=-257.08;territory=1805]"
1816102,1816102,Normal,"Building","Waiting","",1,"productivity or territory is insufficient [CokeOven:candidate=True;constructible=True;affordable=False;available=False;owned=3;upgradeTo=IndustrialCarbonizationRetort;research=SteamPower|Coking;workshop=;productivity=-259.44;territory=1805]"
1816702,1816702,Normal,"Building","Waiting","",1,"productivity or territory is insufficient [CokeOven:candidate=True;constructible=True;affordable=False;available=False;owned=3;upgradeTo=IndustrialCarbonizationRetort;research=SteamPower|Coking;workshop=;productivity=-261.8;territory=1805]"
1817302,1817302,Normal,"Building","Waiting","",1,"productivity or territory is insufficient [CokeOven:candidate=True;constructible=True;affordable=False;available=False;owned=3;upgradeTo=IndustrialCarbonizationRetort;research=SteamPower|Coking;workshop=;productivity=-264.16;territory=1805]"
1817902,1818502,Normal,"Building","Waiting","",2,"productivity or territory is insufficient [CokeOven:candidate=True;constructible=True;affordable=False;available=False;owned=3;upgradeTo=IndustrialCarbonizationRetort;research=SteamPower|Coking;workshop=;productivity=-266.52;territory=1805]"
1819102,1820302,Normal,"Building","Waiting","",3,"productivity or territory is insufficient [CokeOven:candidate=True;constructible=True;affordable=False;available=False;owned=3;upgradeTo=IndustrialCarbonizationRetort;research=SteamPower|Coking;workshop=;productivity=-268.88;territory=1805]"
1820902,1823302,Normal,"Building","Waiting","",5,"productivity or territory is insufficient [CokeOven:candidate=True;constructible=True;affordable=False;available=False;owned=3;upgradeTo=IndustrialCarbonizationRetort;research=SteamPower|Coking;workshop=;productivity=-271.24;territory=1805]"
1823902,1823902,Normal,"Building","Waiting","",1,"productivity or territory is insufficient [CokeOven:candidate=True;constructible=True;affordable=False;available=False;owned=3;upgradeTo=IndustrialCarbonizationRetort;research=SteamPower|Coking;workshop=;productivity=-273.6;territory=1805]"
1824502,1824502,Normal,"Building","Waiting","",1,"no strategy candidate [CokeOven:candidate=True;constructible=True;affordable=False;available=False;owned=3;upgradeTo=IndustrialCarbonizationRetort;research=SteamPower|Coking;workshop=;productivity=21.4;territory=1805]"
1825102,1825102,Normal,"Building","Waiting","",1,"productivity or territory is insufficient [CokeOven:candidate=True;constructible=True;affordable=False;available=False;owned=3;upgradeTo=IndustrialCarbonizationRetort;research=SteamPower|Coking;workshop=;productivity=-25.8;territory=1805]"
1825702,1825702,Normal,"Building","Waiting","",1,"productivity or territory is insufficient [CokeOven:candidate=True;constructible=True;affordable=False;available=False;owned=3;upgradeTo=IndustrialCarbonizationRetort;research=SteamPower|Coking;workshop=;productivity=-68.28;territory=1805]"
1826302,1826302,Normal,"Building","Waiting","",1,"productivity or territory is insufficient [CokeOven:candidate=True;constructible=True;affordable=False;available=False;owned=3;upgradeTo=IndustrialCarbonizationRetort;research=SteamPower|Coking;workshop=;productivity=-101.32;territory=1805]"
1826902,1826902,Normal,"Building","Waiting","",1,"productivity or territory is insufficient [CokeOven:candidate=True;constructible=True;affordable=False;available=False;owned=3;upgradeTo=IndustrialCarbonizationRetort;research=SteamPower|Coking;workshop=;productivity=-132;territory=1805]"
1827502,1827502,Normal,"Building","Waiting","",1,"productivity or territory is insufficient [CokeOven:candidate=True;constructible=True;affordable=False;available=False;owned=3;upgradeTo=IndustrialCarbonizationRetort;research=SteamPower|Coking;workshop=;productivity=-155.6;territory=1805]"
1828102,1828102,Normal,"Building","Waiting","",1,"productivity or territory is insufficient [CokeOven:candidate=True;constructible=True;affordable=False;available=False;owned=3;upgradeTo=IndustrialCarbonizationRetort;research=SteamPower|Coking;workshop=;productivity=-174.48;territory=1805]"
1828702,1828702,Normal,"Building","Waiting","",1,"productivity or territory is insufficient [CokeOven:candidate=True;constructible=True;affordable=False;available=False;owned=3;upgradeTo=IndustrialCarbonizationRetort;research=SteamPower|Coking;workshop=;productivity=-191;territory=1805]"
1829302,1829302,Normal,"Building","Waiting","",1,"productivity or territory is insufficient [CokeOven:candidate=True;constructible=True;affordable=False;available=False;owned=3;upgradeTo=IndustrialCarbonizationRetort;research=SteamPower|Coking;workshop=;productivity=-205.16;territory=1805]"
1829902,1829902,Normal,"Building","Waiting","",1,"productivity or territory is insufficient [CokeOven:candidate=True;constructible=True;affordable=False;available=False;owned=3;upgradeTo=IndustrialCarbonizationRetort;research=SteamPower|Coking;workshop=;productivity=-216.96;territory=1805]"
1830502,1830502,Normal,"Building","Waiting","",1,"productivity or territory is insufficient [CokeOven:candidate=True;constructible=True;affordable=False;available=False;owned=3;upgradeTo=IndustrialCarbonizationRetort;research=SteamPower|Coking;workshop=;productivity=-226.4;territory=1805]"
1831102,1831102,Normal,"Building","Waiting","",1,"productivity or territory is insufficient [CokeOven:candidate=True;constructible=True;affordable=False;available=False;owned=3;upgradeTo=IndustrialCarbonizationRetort;research=SteamPower|Coking;workshop=;productivity=-233.48;territory=1805]"
1831702,1831702,Normal,"Building","Waiting","",1,"productivity or territory is insufficient [CokeOven:candidate=True;constructible=True;affordable=False;available=False;owned=3;upgradeTo=IndustrialCarbonizationRetort;research=SteamPower|Coking;workshop=;productivity=-240.56;territory=1805]"
1832302,1832302,Normal,"Building","Waiting","",1,"productivity or territory is insufficient [CokeOven:candidate=True;constructible=True;affordable=False;available=False;owned=3;upgradeTo=IndustrialCarbonizationRetort;research=SteamPower|Coking;workshop=;productivity=-245.28;territory=1805]"
1832902,1832902,Normal,"Building","Waiting","",1,"productivity or territory is insufficient [CokeOven:candidate=True;constructible=True;affordable=False;available=False;owned=3;upgradeTo=IndustrialCarbonizationRetort;research=SteamPower|Coking;workshop=;productivity=-250;territory=1805]"
1833502,1833502,Normal,"Building","Waiting","",1,"productivity or territory is insufficient [CokeOven:candidate=True;constructible=True;affordable=False;available=False;owned=3;upgradeTo=IndustrialCarbonizationRetort;research=SteamPower|Coking;workshop=;productivity=-254.72;territory=1805]"
1834102,1834102,Normal,"Building","Waiting","",1,"productivity or territory is insufficient [CokeOven:candidate=True;constructible=True;affordable=False;available=False;owned=3;upgradeTo=IndustrialCarbonizationRetort;research=SteamPower|Coking;workshop=;productivity=-257.08;territory=1805]"
1834702,1834702,Normal,"Building","Waiting","",1,"productivity or territory is insufficient [CokeOven:candidate=True;constructible=True;affordable=False;available=False;owned=3;upgradeTo=IndustrialCarbonizationRetort;research=SteamPower|Coking;workshop=;productivity=-259.44;territory=1805]"
1835302,1835302,Normal,"Building","Waiting","",1,"productivity or territory is insufficient [CokeOven:candidate=True;constructible=True;affordable=False;available=False;owned=3;upgradeTo=IndustrialCarbonizationRetort;research=SteamPower|Coking;workshop=;productivity=-261.8;territory=1805]"
1835902,1835902,Normal,"Building","Waiting","",1,"productivity or territory is insufficient [CokeOven:candidate=True;constructible=True;affordable=False;available=False;owned=3;upgradeTo=IndustrialCarbonizationRetort;research=SteamPower|Coking;workshop=;productivity=-264.16;territory=1805]"
1836502,1837102,Normal,"Building","Waiting","",2,"productivity or territory is insufficient [CokeOven:candidate=True;constructible=True;affordable=False;available=False;owned=3;upgradeTo=IndustrialCarbonizationRetort;research=SteamPower|Coking;workshop=;productivity=-266.52;territory=1805]"
1837702,1838902,Normal,"Building","Waiting","",3,"productivity or territory is insufficient [CokeOven:candidate=True;constructible=True;affordable=False;available=False;owned=3;upgradeTo=IndustrialCarbonizationRetort;research=SteamPower|Coking;workshop=;productivity=-268.88;territory=1805]"
1839502,1841902,Normal,"Building","Waiting","",5,"productivity or territory is insufficient [CokeOven:candidate=True;constructible=True;affordable=False;available=False;owned=3;upgradeTo=IndustrialCarbonizationRetort;research=SteamPower|Coking;workshop=;productivity=-271.24;territory=1805]"
1842502,1842502,Normal,"Building","Waiting","",1,"productivity or territory is insufficient [CokeOven:candidate=True;constructible=True;affordable=False;available=False;owned=3;upgradeTo=IndustrialCarbonizationRetort;research=SteamPower|Coking;workshop=;productivity=-273.6;territory=1805]"
1843102,1843102,Normal,"Building","Waiting","",1,"no strategy candidate [CokeOven:candidate=True;constructible=True;affordable=False;available=False;owned=3;upgradeTo=IndustrialCarbonizationRetort;research=SteamPower|Coking;workshop=;productivity=21.4;territory=1805]"
1843702,1843702,Normal,"Building","Waiting","",1,"productivity or territory is insufficient [CokeOven:candidate=True;constructible=True;affordable=False;available=False;owned=3;upgradeTo=IndustrialCarbonizationRetort;research=SteamPower|Coking;workshop=;productivity=-25.8;territory=1805]"
1844302,1844302,Normal,"Building","Waiting","",1,"productivity or territory is insufficient [CokeOven:candidate=True;constructible=True;affordable=False;available=False;owned=3;upgradeTo=IndustrialCarbonizationRetort;research=SteamPower|Coking;workshop=;productivity=-68.28;territory=1805]"
1844902,1844902,Normal,"Building","Waiting","",1,"productivity or territory is insufficient [CokeOven:candidate=True;constructible=True;affordable=False;available=False;owned=3;upgradeTo=IndustrialCarbonizationRetort;research=SteamPower|Coking;workshop=;productivity=-101.32;territory=1805]"
1845502,1845502,Normal,"Building","Waiting","",1,"productivity or territory is insufficient [CokeOven:candidate=True;constructible=True;affordable=False;available=False;owned=3;upgradeTo=IndustrialCarbonizationRetort;research=SteamPower|Coking;workshop=;productivity=-132;territory=1805]"
1846102,1846102,Normal,"Building","Waiting","",1,"productivity or territory is insufficient [CokeOven:candidate=True;constructible=True;affordable=False;available=False;owned=3;upgradeTo=IndustrialCarbonizationRetort;research=SteamPower|Coking;workshop=;productivity=-155.6;territory=1805]"
1846702,1846702,Normal,"Building","Waiting","",1,"productivity or territory is insufficient [CokeOven:candidate=True;constructible=True;affordable=False;available=False;owned=3;upgradeTo=IndustrialCarbonizationRetort;research=SteamPower|Coking;workshop=;productivity=-174.48;territory=1805]"
1847302,1847302,Normal,"Building","Waiting","",1,"productivity or territory is insufficient [CokeOven:candidate=True;constructible=True;affordable=False;available=False;owned=3;upgradeTo=IndustrialCarbonizationRetort;research=SteamPower|Coking;workshop=;productivity=-191;territory=1805]"
1847902,1847902,Normal,"Building","Waiting","",1,"productivity or territory is insufficient [CokeOven:candidate=True;constructible=True;affordable=False;available=False;owned=3;upgradeTo=IndustrialCarbonizationRetort;research=SteamPower|Coking;workshop=;productivity=-205.16;territory=1805]"
1848502,1848502,Normal,"Building","Waiting","",1,"productivity or territory is insufficient [CokeOven:candidate=True;constructible=True;affordable=False;available=False;owned=3;upgradeTo=IndustrialCarbonizationRetort;research=SteamPower|Coking;workshop=;productivity=-216.96;territory=1805]"
1849102,1849102,Normal,"Building","Waiting","",1,"productivity or territory is insufficient [CokeOven:candidate=True;constructible=True;affordable=False;available=False;owned=3;upgradeTo=IndustrialCarbonizationRetort;research=SteamPower|Coking;workshop=;productivity=-226.4;territory=1805]"
1849702,1849702,Normal,"Building","Waiting","",1,"productivity or territory is insufficient [CokeOven:candidate=True;constructible=True;affordable=False;available=False;owned=3;upgradeTo=IndustrialCarbonizationRetort;research=SteamPower|Coking;workshop=;productivity=-233.48;territory=1805]"
1850302,1850302,Normal,"Building","Waiting","",1,"productivity or territory is insufficient [CokeOven:candidate=True;constructible=True;affordable=False;available=False;owned=3;upgradeTo=IndustrialCarbonizationRetort;research=SteamPower|Coking;workshop=;productivity=-240.56;territory=1805]"
1850902,1850902,Normal,"Building","Waiting","",1,"productivity or territory is insufficient [CokeOven:candidate=True;constructible=True;affordable=False;available=False;owned=3;upgradeTo=IndustrialCarbonizationRetort;research=SteamPower|Coking;workshop=;productivity=-245.28;territory=1805]"
1851502,1851502,Normal,"Building","Waiting","",1,"productivity or territory is insufficient [CokeOven:candidate=True;constructible=True;affordable=False;available=False;owned=3;upgradeTo=IndustrialCarbonizationRetort;research=SteamPower|Coking;workshop=;productivity=-250;territory=1805]"
1852102,1852102,Normal,"Building","Waiting","",1,"productivity or territory is insufficient [CokeOven:candidate=True;constructible=True;affordable=False;available=False;owned=3;upgradeTo=IndustrialCarbonizationRetort;research=SteamPower|Coking;workshop=;productivity=-254.72;territory=1805]"
1852702,1852702,Normal,"Building","Waiting","",1,"productivity or territory is insufficient [CokeOven:candidate=True;constructible=True;affordable=False;available=False;owned=3;upgradeTo=IndustrialCarbonizationRetort;research=SteamPower|Coking;workshop=;productivity=-257.08;territory=1805]"
1853302,1853302,Normal,"Building","Waiting","",1,"productivity or territory is insufficient [CokeOven:candidate=True;constructible=True;affordable=False;available=False;owned=3;upgradeTo=IndustrialCarbonizationRetort;research=SteamPower|Coking;workshop=;productivity=-259.44;territory=1805]"
1853902,1853902,Normal,"Building","Waiting","",1,"productivity or territory is insufficient [CokeOven:candidate=True;constructible=True;affordable=False;available=False;owned=3;upgradeTo=IndustrialCarbonizationRetort;research=SteamPower|Coking;workshop=;productivity=-261.8;territory=1805]"
1854502,1854502,Normal,"Building","Waiting","",1,"productivity or territory is insufficient [CokeOven:candidate=True;constructible=True;affordable=False;available=False;owned=3;upgradeTo=IndustrialCarbonizationRetort;research=SteamPower|Coking;workshop=;productivity=-264.16;territory=1805]"
1855102,1855702,Normal,"Building","Waiting","",2,"productivity or territory is insufficient [CokeOven:candidate=True;constructible=True;affordable=False;available=False;owned=3;upgradeTo=IndustrialCarbonizationRetort;research=SteamPower|Coking;workshop=;productivity=-266.52;territory=1805]"
1856302,1857502,Normal,"Building","Waiting","",3,"productivity or territory is insufficient [CokeOven:candidate=True;constructible=True;affordable=False;available=False;owned=3;upgradeTo=IndustrialCarbonizationRetort;research=SteamPower|Coking;workshop=;productivity=-268.88;territory=1805]"
1858102,1860502,Normal,"Building","Waiting","",5,"productivity or territory is insufficient [CokeOven:candidate=True;constructible=True;affordable=False;available=False;owned=3;upgradeTo=IndustrialCarbonizationRetort;research=SteamPower|Coking;workshop=;productivity=-271.24;territory=1805]"
1861102,1861102,Normal,"Building","Waiting","",1,"productivity or territory is insufficient [CokeOven:candidate=True;constructible=True;affordable=False;available=False;owned=3;upgradeTo=IndustrialCarbonizationRetort;research=SteamPower|Coking;workshop=;productivity=-273.6;territory=1805]"
1861702,1861702,Normal,"Building","Waiting","",1,"no strategy candidate [CokeOven:candidate=True;constructible=True;affordable=False;available=False;owned=3;upgradeTo=IndustrialCarbonizationRetort;research=SteamPower|Coking;workshop=;productivity=21.4;territory=1805]"
1862302,1862302,Normal,"Building","Waiting","",1,"productivity or territory is insufficient [CokeOven:candidate=True;constructible=True;affordable=False;available=False;owned=3;upgradeTo=IndustrialCarbonizationRetort;research=SteamPower|Coking;workshop=;productivity=-25.8;territory=1805]"
1862902,1862902,Normal,"Building","Waiting","",1,"productivity or territory is insufficient [CokeOven:candidate=True;constructible=True;affordable=False;available=False;owned=3;upgradeTo=IndustrialCarbonizationRetort;research=SteamPower|Coking;workshop=;productivity=-68.28;territory=1805]"
1863502,1863502,Normal,"Building","Waiting","",1,"productivity or territory is insufficient [CokeOven:candidate=True;constructible=True;affordable=False;available=False;owned=3;upgradeTo=IndustrialCarbonizationRetort;research=SteamPower|Coking;workshop=;productivity=-101.32;territory=1805]"
1864102,1864102,Normal,"Building","Waiting","",1,"productivity or territory is insufficient [CokeOven:candidate=True;constructible=True;affordable=False;available=False;owned=3;upgradeTo=IndustrialCarbonizationRetort;research=SteamPower|Coking;workshop=;productivity=-132;territory=1805]"
1864702,1864702,Normal,"Building","Waiting","",1,"productivity or territory is insufficient [CokeOven:candidate=True;constructible=True;affordable=False;available=False;owned=3;upgradeTo=IndustrialCarbonizationRetort;research=SteamPower|Coking;workshop=;productivity=-155.6;territory=1805]"
1865302,1865302,Normal,"Building","Waiting","",1,"productivity or territory is insufficient [CokeOven:candidate=True;constructible=True;affordable=False;available=False;owned=3;upgradeTo=IndustrialCarbonizationRetort;research=SteamPower|Coking;workshop=;productivity=-174.48;territory=1805]"
1865902,1865902,Normal,"Building","Waiting","",1,"productivity or territory is insufficient [CokeOven:candidate=True;constructible=True;affordable=False;available=False;owned=3;upgradeTo=IndustrialCarbonizationRetort;research=SteamPower|Coking;workshop=;productivity=-191;territory=1805]"
1866502,1866502,Normal,"Building","Waiting","",1,"productivity or territory is insufficient [CokeOven:candidate=True;constructible=True;affordable=False;available=False;owned=3;upgradeTo=IndustrialCarbonizationRetort;research=SteamPower|Coking;workshop=;productivity=-205.16;territory=1805]"
1867102,1867102,Normal,"Building","Waiting","",1,"productivity or territory is insufficient [CokeOven:candidate=True;constructible=True;affordable=False;available=False;owned=3;upgradeTo=IndustrialCarbonizationRetort;research=SteamPower|Coking;workshop=;productivity=-216.96;territory=1805]"
1867702,1867702,Normal,"Building","Waiting","",1,"productivity or territory is insufficient [CokeOven:candidate=True;constructible=True;affordable=False;available=False;owned=3;upgradeTo=IndustrialCarbonizationRetort;research=SteamPower|Coking;workshop=;productivity=-226.4;territory=1805]"
1868302,1868302,Normal,"Building","Waiting","",1,"productivity or territory is insufficient [CokeOven:candidate=True;constructible=True;affordable=False;available=False;owned=3;upgradeTo=IndustrialCarbonizationRetort;research=SteamPower|Coking;workshop=;productivity=-233.48;territory=1805]"
1868902,1868902,Normal,"Building","Waiting","",1,"productivity or territory is insufficient [CokeOven:candidate=True;constructible=True;affordable=False;available=False;owned=3;upgradeTo=IndustrialCarbonizationRetort;research=SteamPower|Coking;workshop=;productivity=-240.56;territory=1805]"
1869502,1869502,Normal,"Building","Waiting","",1,"productivity or territory is insufficient [CokeOven:candidate=True;constructible=True;affordable=False;available=False;owned=3;upgradeTo=IndustrialCarbonizationRetort;research=SteamPower|Coking;workshop=;productivity=-245.28;territory=1805]"
1870102,1870102,Normal,"Building","Waiting","",1,"productivity or territory is insufficient [CokeOven:candidate=True;constructible=True;affordable=False;available=False;owned=3;upgradeTo=IndustrialCarbonizationRetort;research=SteamPower|Coking;workshop=;productivity=-250;territory=1805]"
1870702,1870702,Normal,"Building","Waiting","",1,"productivity or territory is insufficient [CokeOven:candidate=True;constructible=True;affordable=False;available=False;owned=3;upgradeTo=IndustrialCarbonizationRetort;research=SteamPower|Coking;workshop=;productivity=-254.72;territory=1805]"
1871302,1871302,Normal,"Building","Waiting","",1,"productivity or territory is insufficient [CokeOven:candidate=True;constructible=True;affordable=False;available=False;owned=3;upgradeTo=IndustrialCarbonizationRetort;research=SteamPower|Coking;workshop=;productivity=-257.08;territory=1805]"
1871902,1871902,Normal,"Building","Waiting","",1,"productivity or territory is insufficient [CokeOven:candidate=True;constructible=True;affordable=False;available=False;owned=3;upgradeTo=IndustrialCarbonizationRetort;research=SteamPower|Coking;workshop=;productivity=-259.44;territory=1805]"
1872502,1872502,Normal,"Building","Waiting","",1,"productivity or territory is insufficient [CokeOven:candidate=True;constructible=True;affordable=False;available=False;owned=3;upgradeTo=IndustrialCarbonizationRetort;research=SteamPower|Coking;workshop=;productivity=-261.8;territory=1805]"
1873102,1873102,Normal,"Building","Waiting","",1,"productivity or territory is insufficient [CokeOven:candidate=True;constructible=True;affordable=False;available=False;owned=3;upgradeTo=IndustrialCarbonizationRetort;research=SteamPower|Coking;workshop=;productivity=-264.16;territory=1805]"
1873702,1874302,Normal,"Building","Waiting","",2,"productivity or territory is insufficient [CokeOven:candidate=True;constructible=True;affordable=False;available=False;owned=3;upgradeTo=IndustrialCarbonizationRetort;research=SteamPower|Coking;workshop=;productivity=-266.52;territory=1805]"
1874902,1876102,Normal,"Building","Waiting","",3,"productivity or territory is insufficient [CokeOven:candidate=True;constructible=True;affordable=False;available=False;owned=3;upgradeTo=IndustrialCarbonizationRetort;research=SteamPower|Coking;workshop=;productivity=-268.88;territory=1805]"
1876702,1879102,Normal,"Building","Waiting","",5,"productivity or territory is insufficient [CokeOven:candidate=True;constructible=True;affordable=False;available=False;owned=3;upgradeTo=IndustrialCarbonizationRetort;research=SteamPower|Coking;workshop=;productivity=-271.24;territory=1805]"
1879702,1879702,Normal,"Building","Waiting","",1,"productivity or territory is insufficient [CokeOven:candidate=True;constructible=True;affordable=False;available=False;owned=3;upgradeTo=IndustrialCarbonizationRetort;research=SteamPower|Coking;workshop=;productivity=-273.6;territory=1805]"
1880302,1880302,Normal,"Building","Waiting","",1,"no strategy candidate [CokeOven:candidate=True;constructible=True;affordable=False;available=False;owned=3;upgradeTo=IndustrialCarbonizationRetort;research=SteamPower|Coking;workshop=;productivity=21.4;territory=1805]"
1880902,1880902,Normal,"Building","Waiting","",1,"productivity or territory is insufficient [CokeOven:candidate=True;constructible=True;affordable=False;available=False;owned=3;upgradeTo=IndustrialCarbonizationRetort;research=SteamPower|Coking;workshop=;productivity=-25.8;territory=1805]"
1881502,1881502,Normal,"Building","Waiting","",1,"productivity or territory is insufficient [CokeOven:candidate=True;constructible=True;affordable=False;available=False;owned=3;upgradeTo=IndustrialCarbonizationRetort;research=SteamPower|Coking;workshop=;productivity=-68.28;territory=1805]"
1882102,1882102,Normal,"Building","Waiting","",1,"productivity or territory is insufficient [CokeOven:candidate=True;constructible=True;affordable=False;available=False;owned=3;upgradeTo=IndustrialCarbonizationRetort;research=SteamPower|Coking;workshop=;productivity=-101.32;territory=1805]"
1882702,1882702,Normal,"Building","Waiting","",1,"productivity or territory is insufficient [CokeOven:candidate=True;constructible=True;affordable=False;available=False;owned=3;upgradeTo=IndustrialCarbonizationRetort;research=SteamPower|Coking;workshop=;productivity=-132;territory=1805]"
1883302,1883302,Normal,"Building","Waiting","",1,"productivity or territory is insufficient [CokeOven:candidate=True;constructible=True;affordable=False;available=False;owned=3;upgradeTo=IndustrialCarbonizationRetort;research=SteamPower|Coking;workshop=;productivity=-155.6;territory=1805]"
1883902,1883902,Normal,"Building","Waiting","",1,"productivity or territory is insufficient [CokeOven:candidate=True;constructible=True;affordable=False;available=False;owned=3;upgradeTo=IndustrialCarbonizationRetort;research=SteamPower|Coking;workshop=;productivity=-174.48;territory=1805]"
1884502,1884502,Normal,"Building","Waiting","",1,"productivity or territory is insufficient [CokeOven:candidate=True;constructible=True;affordable=False;available=False;owned=3;upgradeTo=IndustrialCarbonizationRetort;research=SteamPower|Coking;workshop=;productivity=-191;territory=1805]"
1885102,1885102,Normal,"Building","Waiting","",1,"productivity or territory is insufficient [CokeOven:candidate=True;constructible=True;affordable=False;available=False;owned=3;upgradeTo=IndustrialCarbonizationRetort;research=SteamPower|Coking;workshop=;productivity=-205.16;territory=1805]"
1885702,1885702,Normal,"Building","Waiting","",1,"productivity or territory is insufficient [CokeOven:candidate=True;constructible=True;affordable=False;available=False;owned=3;upgradeTo=IndustrialCarbonizationRetort;research=SteamPower|Coking;workshop=;productivity=-216.96;territory=1805]"
1886302,1886302,Normal,"Building","Waiting","",1,"productivity or territory is insufficient [CokeOven:candidate=True;constructible=True;affordable=False;available=False;owned=3;upgradeTo=IndustrialCarbonizationRetort;research=SteamPower|Coking;workshop=;productivity=-226.4;territory=1805]"
1886902,1886902,Normal,"Building","Waiting","",1,"productivity or territory is insufficient [CokeOven:candidate=True;constructible=True;affordable=False;available=False;owned=3;upgradeTo=IndustrialCarbonizationRetort;research=SteamPower|Coking;workshop=;productivity=-233.48;territory=1805]"
1887502,1887502,Normal,"Building","Waiting","",1,"productivity or territory is insufficient [CokeOven:candidate=True;constructible=True;affordable=False;available=False;owned=3;upgradeTo=IndustrialCarbonizationRetort;research=SteamPower|Coking;workshop=;productivity=-240.56;territory=1805]"
1888102,1888102,Normal,"Building","Waiting","",1,"productivity or territory is insufficient [CokeOven:candidate=True;constructible=True;affordable=False;available=False;owned=3;upgradeTo=IndustrialCarbonizationRetort;research=SteamPower|Coking;workshop=;productivity=-245.28;territory=1805]"
1888702,1888702,Normal,"Building","Waiting","",1,"productivity or territory is insufficient [CokeOven:candidate=True;constructible=True;affordable=False;available=False;owned=3;upgradeTo=IndustrialCarbonizationRetort;research=SteamPower|Coking;workshop=;productivity=-250;territory=1805]"
1889302,1889302,Normal,"Building","Waiting","",1,"productivity or territory is insufficient [CokeOven:candidate=True;constructible=True;affordable=False;available=False;owned=3;upgradeTo=IndustrialCarbonizationRetort;research=SteamPower|Coking;workshop=;productivity=-254.72;territory=1805]"
1889902,1889902,Normal,"Building","Waiting","",1,"productivity or territory is insufficient [CokeOven:candidate=True;constructible=True;affordable=False;available=False;owned=3;upgradeTo=IndustrialCarbonizationRetort;research=SteamPower|Coking;workshop=;productivity=-257.08;territory=1805]"
1890502,1890502,Normal,"Building","Waiting","",1,"productivity or territory is insufficient [CokeOven:candidate=True;constructible=True;affordable=False;available=False;owned=3;upgradeTo=IndustrialCarbonizationRetort;research=SteamPower|Coking;workshop=;productivity=-259.44;territory=1805]"
1891102,1891102,Normal,"Building","Waiting","",1,"productivity or territory is insufficient [CokeOven:candidate=True;constructible=True;affordable=False;available=False;owned=3;upgradeTo=IndustrialCarbonizationRetort;research=SteamPower|Coking;workshop=;productivity=-261.8;territory=1805]"
1891702,1891702,Normal,"Building","Waiting","",1,"productivity or territory is insufficient [CokeOven:candidate=True;constructible=True;affordable=False;available=False;owned=3;upgradeTo=IndustrialCarbonizationRetort;research=SteamPower|Coking;workshop=;productivity=-264.16;territory=1805]"
1892302,1892902,Normal,"Building","Waiting","",2,"productivity or territory is insufficient [CokeOven:candidate=True;constructible=True;affordable=False;available=False;owned=3;upgradeTo=IndustrialCarbonizationRetort;research=SteamPower|Coking;workshop=;productivity=-266.52;territory=1805]"
1893502,1894702,Normal,"Building","Waiting","",3,"productivity or territory is insufficient [CokeOven:candidate=True;constructible=True;affordable=False;available=False;owned=3;upgradeTo=IndustrialCarbonizationRetort;research=SteamPower|Coking;workshop=;productivity=-268.88;territory=1805]"
1895302,1897702,Normal,"Building","Waiting","",5,"productivity or territory is insufficient [CokeOven:candidate=True;constructible=True;affordable=False;available=False;owned=3;upgradeTo=IndustrialCarbonizationRetort;research=SteamPower|Coking;workshop=;productivity=-271.24;territory=1805]"
1898302,1898302,Normal,"Building","Waiting","",1,"productivity or territory is insufficient [CokeOven:candidate=True;constructible=True;affordable=False;available=False;owned=3;upgradeTo=IndustrialCarbonizationRetort;research=SteamPower|Coking;workshop=;productivity=-273.6;territory=1805]"
1898902,1898902,Normal,"Building","Waiting","",1,"no strategy candidate [CokeOven:candidate=True;constructible=True;affordable=False;available=False;owned=3;upgradeTo=IndustrialCarbonizationRetort;research=SteamPower|Coking;workshop=;productivity=21.4;territory=1805]"
1899502,1899502,Normal,"Building","Waiting","",1,"productivity or territory is insufficient [CokeOven:candidate=True;constructible=True;affordable=False;available=False;owned=3;upgradeTo=IndustrialCarbonizationRetort;research=SteamPower|Coking;workshop=;productivity=-25.8;territory=1805]"
1900102,1900102,Normal,"Building","Waiting","",1,"productivity or territory is insufficient [CokeOven:candidate=True;constructible=True;affordable=False;available=False;owned=3;upgradeTo=IndustrialCarbonizationRetort;research=SteamPower|Coking;workshop=;productivity=-68.28;territory=1805]"
1900702,1900702,Normal,"Building","Waiting","",1,"productivity or territory is insufficient [CokeOven:candidate=True;constructible=True;affordable=False;available=False;owned=3;upgradeTo=IndustrialCarbonizationRetort;research=SteamPower|Coking;workshop=;productivity=-101.32;territory=1805]"
1901302,1901302,Normal,"Building","Waiting","",1,"productivity or territory is insufficient [CokeOven:candidate=True;constructible=True;affordable=False;available=False;owned=3;upgradeTo=IndustrialCarbonizationRetort;research=SteamPower|Coking;workshop=;productivity=-132;territory=1805]"
1901902,1901902,Normal,"Building","Waiting","",1,"productivity or territory is insufficient [CokeOven:candidate=True;constructible=True;affordable=False;available=False;owned=3;upgradeTo=IndustrialCarbonizationRetort;research=SteamPower|Coking;workshop=;productivity=-155.6;territory=1805]"
1902502,1902502,Normal,"Building","Waiting","",1,"productivity or territory is insufficient [CokeOven:candidate=True;constructible=True;affordable=False;available=False;owned=3;upgradeTo=IndustrialCarbonizationRetort;research=SteamPower|Coking;workshop=;productivity=-174.48;territory=1805]"
1903102,1903102,Normal,"Building","Waiting","",1,"productivity or territory is insufficient [CokeOven:candidate=True;constructible=True;affordable=False;available=False;owned=3;upgradeTo=IndustrialCarbonizationRetort;research=SteamPower|Coking;workshop=;productivity=-191;territory=1805]"
1903702,1903702,Normal,"Building","Waiting","",1,"productivity or territory is insufficient [CokeOven:candidate=True;constructible=True;affordable=False;available=False;owned=3;upgradeTo=IndustrialCarbonizationRetort;research=SteamPower|Coking;workshop=;productivity=-205.16;territory=1805]"
1904302,1904302,Normal,"Building","Waiting","",1,"productivity or territory is insufficient [CokeOven:candidate=True;constructible=True;affordable=False;available=False;owned=3;upgradeTo=IndustrialCarbonizationRetort;research=SteamPower|Coking;workshop=;productivity=-216.96;territory=1805]"
1904902,1904902,Normal,"Building","Waiting","",1,"productivity or territory is insufficient [CokeOven:candidate=True;constructible=True;affordable=False;available=False;owned=3;upgradeTo=IndustrialCarbonizationRetort;research=SteamPower|Coking;workshop=;productivity=-226.4;territory=1805]"
1905502,1905502,Normal,"Building","Waiting","",1,"productivity or territory is insufficient [CokeOven:candidate=True;constructible=True;affordable=False;available=False;owned=3;upgradeTo=IndustrialCarbonizationRetort;research=SteamPower|Coking;workshop=;productivity=-233.48;territory=1805]"
1906102,1906102,Normal,"Building","Waiting","",1,"productivity or territory is insufficient [CokeOven:candidate=True;constructible=True;affordable=False;available=False;owned=3;upgradeTo=IndustrialCarbonizationRetort;research=SteamPower|Coking;workshop=;productivity=-240.56;territory=1805]"
1906702,1906702,Normal,"Building","Waiting","",1,"productivity or territory is insufficient [CokeOven:candidate=True;constructible=True;affordable=False;available=False;owned=3;upgradeTo=IndustrialCarbonizationRetort;research=SteamPower|Coking;workshop=;productivity=-245.28;territory=1805]"
1907302,1907302,Normal,"Building","Waiting","",1,"productivity or territory is insufficient [CokeOven:candidate=True;constructible=True;affordable=False;available=False;owned=3;upgradeTo=IndustrialCarbonizationRetort;research=SteamPower|Coking;workshop=;productivity=-250;territory=1805]"
1907902,1907902,Normal,"Building","Waiting","",1,"productivity or territory is insufficient [CokeOven:candidate=True;constructible=True;affordable=False;available=False;owned=3;upgradeTo=IndustrialCarbonizationRetort;research=SteamPower|Coking;workshop=;productivity=-254.72;territory=1805]"
1908502,1908502,Normal,"Building","Waiting","",1,"productivity or territory is insufficient [CokeOven:candidate=True;constructible=True;affordable=False;available=False;owned=3;upgradeTo=IndustrialCarbonizationRetort;research=SteamPower|Coking;workshop=;productivity=-257.08;territory=1805]"
1909102,1909102,Normal,"Building","Waiting","",1,"productivity or territory is insufficient [CokeOven:candidate=True;constructible=True;affordable=False;available=False;owned=3;upgradeTo=IndustrialCarbonizationRetort;research=SteamPower|Coking;workshop=;productivity=-259.44;territory=1805]"
1909702,1909702,Normal,"Building","Waiting","",1,"productivity or territory is insufficient [CokeOven:candidate=True;constructible=True;affordable=False;available=False;owned=3;upgradeTo=IndustrialCarbonizationRetort;research=SteamPower|Coking;workshop=;productivity=-261.8;territory=1805]"
1910302,1910302,Normal,"Building","Waiting","",1,"productivity or territory is insufficient [CokeOven:candidate=True;constructible=True;affordable=False;available=False;owned=3;upgradeTo=IndustrialCarbonizationRetort;research=SteamPower|Coking;workshop=;productivity=-264.16;territory=1805]"
1910902,1911502,Normal,"Building","Waiting","",2,"productivity or territory is insufficient [CokeOven:candidate=True;constructible=True;affordable=False;available=False;owned=3;upgradeTo=IndustrialCarbonizationRetort;research=SteamPower|Coking;workshop=;productivity=-266.52;territory=1805]"
1912102,1913302,Normal,"Building","Waiting","",3,"productivity or territory is insufficient [CokeOven:candidate=True;constructible=True;affordable=False;available=False;owned=3;upgradeTo=IndustrialCarbonizationRetort;research=SteamPower|Coking;workshop=;productivity=-268.88;territory=1805]"
1913902,1916302,Normal,"Building","Waiting","",5,"productivity or territory is insufficient [CokeOven:candidate=True;constructible=True;affordable=False;available=False;owned=3;upgradeTo=IndustrialCarbonizationRetort;research=SteamPower|Coking;workshop=;productivity=-271.24;territory=1805]"
1916902,1916902,Normal,"Building","Waiting","",1,"productivity or territory is insufficient [CokeOven:candidate=True;constructible=True;affordable=False;available=False;owned=3;upgradeTo=IndustrialCarbonizationRetort;research=SteamPower|Coking;workshop=;productivity=-273.6;territory=1805]"
1917502,1917502,Normal,"Building","Waiting","",1,"no strategy candidate [CokeOven:candidate=True;constructible=True;affordable=False;available=False;owned=3;upgradeTo=IndustrialCarbonizationRetort;research=SteamPower|Coking;workshop=;productivity=21.4;territory=1805]"
1918102,1918102,Normal,"Building","Waiting","",1,"productivity or territory is insufficient [CokeOven:candidate=True;constructible=True;affordable=False;available=False;owned=3;upgradeTo=IndustrialCarbonizationRetort;research=SteamPower|Coking;workshop=;productivity=-25.8;territory=1805]"
1918702,1918702,Normal,"Building","Waiting","",1,"productivity or territory is insufficient [CokeOven:candidate=True;constructible=True;affordable=False;available=False;owned=3;upgradeTo=IndustrialCarbonizationRetort;research=SteamPower|Coking;workshop=;productivity=-68.28;territory=1805]"
1919302,1919302,Normal,"Building","Waiting","",1,"productivity or territory is insufficient [CokeOven:candidate=True;constructible=True;affordable=False;available=False;owned=3;upgradeTo=IndustrialCarbonizationRetort;research=SteamPower|Coking;workshop=;productivity=-101.32;territory=1805]"
1919902,1919902,Normal,"Building","Waiting","",1,"productivity or territory is insufficient [CokeOven:candidate=True;constructible=True;affordable=False;available=False;owned=3;upgradeTo=IndustrialCarbonizationRetort;research=SteamPower|Coking;workshop=;productivity=-132;territory=1805]"
1920502,1920502,Normal,"Building","Waiting","",1,"productivity or territory is insufficient [CokeOven:candidate=True;constructible=True;affordable=False;available=False;owned=3;upgradeTo=IndustrialCarbonizationRetort;research=SteamPower|Coking;workshop=;productivity=-155.6;territory=1805]"
1921102,1921102,Normal,"Building","Waiting","",1,"productivity or territory is insufficient [CokeOven:candidate=True;constructible=True;affordable=False;available=False;owned=3;upgradeTo=IndustrialCarbonizationRetort;research=SteamPower|Coking;workshop=;productivity=-174.48;territory=1805]"
1921702,1921702,Normal,"Building","Waiting","",1,"productivity or territory is insufficient [CokeOven:candidate=True;constructible=True;affordable=False;available=False;owned=3;upgradeTo=IndustrialCarbonizationRetort;research=SteamPower|Coking;workshop=;productivity=-191;territory=1805]"
1922302,1922302,Normal,"Building","Waiting","",1,"productivity or territory is insufficient [CokeOven:candidate=True;constructible=True;affordable=False;available=False;owned=3;upgradeTo=IndustrialCarbonizationRetort;research=SteamPower|Coking;workshop=;productivity=-205.16;territory=1805]"
1922902,1922902,Normal,"Building","Waiting","",1,"productivity or territory is insufficient [CokeOven:candidate=True;constructible=True;affordable=False;available=False;owned=3;upgradeTo=IndustrialCarbonizationRetort;research=SteamPower|Coking;workshop=;productivity=-216.96;territory=1805]"
1923502,1923502,Normal,"Building","Waiting","",1,"productivity or territory is insufficient [CokeOven:candidate=True;constructible=True;affordable=False;available=False;owned=3;upgradeTo=IndustrialCarbonizationRetort;research=SteamPower|Coking;workshop=;productivity=-226.4;territory=1805]"
1924102,1924102,Normal,"Building","Waiting","",1,"productivity or territory is insufficient [CokeOven:candidate=True;constructible=True;affordable=False;available=False;owned=3;upgradeTo=IndustrialCarbonizationRetort;research=SteamPower|Coking;workshop=;productivity=-233.48;territory=1805]"
1924702,1924702,Normal,"Building","Waiting","",1,"productivity or territory is insufficient [CokeOven:candidate=True;constructible=True;affordable=False;available=False;owned=3;upgradeTo=IndustrialCarbonizationRetort;research=SteamPower|Coking;workshop=;productivity=-240.56;territory=1805]"
1925302,1925302,Normal,"Building","Waiting","",1,"productivity or territory is insufficient [CokeOven:candidate=True;constructible=True;affordable=False;available=False;owned=3;upgradeTo=IndustrialCarbonizationRetort;research=SteamPower|Coking;workshop=;productivity=-245.28;territory=1805]"
1925902,1925902,Normal,"Building","Waiting","",1,"productivity or territory is insufficient [CokeOven:candidate=True;constructible=True;affordable=False;available=False;owned=3;upgradeTo=IndustrialCarbonizationRetort;research=SteamPower|Coking;workshop=;productivity=-250;territory=1805]"
1926502,1926502,Normal,"Building","Waiting","",1,"productivity or territory is insufficient [CokeOven:candidate=True;constructible=True;affordable=False;available=False;owned=3;upgradeTo=IndustrialCarbonizationRetort;research=SteamPower|Coking;workshop=;productivity=-254.72;territory=1805]"
1927102,1927102,Normal,"Building","Waiting","",1,"productivity or territory is insufficient [CokeOven:candidate=True;constructible=True;affordable=False;available=False;owned=3;upgradeTo=IndustrialCarbonizationRetort;research=SteamPower|Coking;workshop=;productivity=-257.08;territory=1805]"
1927702,1927702,Normal,"Building","Waiting","",1,"productivity or territory is insufficient [CokeOven:candidate=True;constructible=True;affordable=False;available=False;owned=3;upgradeTo=IndustrialCarbonizationRetort;research=SteamPower|Coking;workshop=;productivity=-259.44;territory=1805]"
1928302,1928302,Normal,"Building","Waiting","",1,"productivity or territory is insufficient [CokeOven:candidate=True;constructible=True;affordable=False;available=False;owned=3;upgradeTo=IndustrialCarbonizationRetort;research=SteamPower|Coking;workshop=;productivity=-261.8;territory=1805]"
1928902,1928902,Normal,"Building","Waiting","",1,"productivity or territory is insufficient [CokeOven:candidate=True;constructible=True;affordable=False;available=False;owned=3;upgradeTo=IndustrialCarbonizationRetort;research=SteamPower|Coking;workshop=;productivity=-264.16;territory=1805]"
1929502,1930102,Normal,"Building","Waiting","",2,"productivity or territory is insufficient [CokeOven:candidate=True;constructible=True;affordable=False;available=False;owned=3;upgradeTo=IndustrialCarbonizationRetort;research=SteamPower|Coking;workshop=;productivity=-266.52;territory=1805]"
1930702,1931902,Normal,"Building","Waiting","",3,"productivity or territory is insufficient [CokeOven:candidate=True;constructible=True;affordable=False;available=False;owned=3;upgradeTo=IndustrialCarbonizationRetort;research=SteamPower|Coking;workshop=;productivity=-268.88;territory=1805]"
1932502,1934902,Normal,"Building","Waiting","",5,"productivity or territory is insufficient [CokeOven:candidate=True;constructible=True;affordable=False;available=False;owned=3;upgradeTo=IndustrialCarbonizationRetort;research=SteamPower|Coking;workshop=;productivity=-271.24;territory=1805]"
1935502,1935502,Normal,"Building","Waiting","",1,"productivity or territory is insufficient [CokeOven:candidate=True;constructible=True;affordable=False;available=False;owned=3;upgradeTo=IndustrialCarbonizationRetort;research=SteamPower|Coking;workshop=;productivity=-273.6;territory=1805]"
1936102,1936102,Normal,"Building","Waiting","",1,"no strategy candidate [CokeOven:candidate=True;constructible=True;affordable=False;available=False;owned=3;upgradeTo=IndustrialCarbonizationRetort;research=SteamPower|Coking;workshop=;productivity=21.4;territory=1805]"
1936702,1936702,Normal,"Building","Waiting","",1,"productivity or territory is insufficient [CokeOven:candidate=True;constructible=True;affordable=False;available=False;owned=3;upgradeTo=IndustrialCarbonizationRetort;research=SteamPower|Coking;workshop=;productivity=-25.8;territory=1805]"
1937302,1937302,Normal,"Building","Waiting","",1,"productivity or territory is insufficient [CokeOven:candidate=True;constructible=True;affordable=False;available=False;owned=3;upgradeTo=IndustrialCarbonizationRetort;research=SteamPower|Coking;workshop=;productivity=-68.28;territory=1805]"
1937902,1937902,Normal,"Building","Waiting","",1,"productivity or territory is insufficient [CokeOven:candidate=True;constructible=True;affordable=False;available=False;owned=3;upgradeTo=IndustrialCarbonizationRetort;research=SteamPower|Coking;workshop=;productivity=-101.32;territory=1805]"
1938502,1938502,Normal,"Building","Waiting","",1,"productivity or territory is insufficient [CokeOven:candidate=True;constructible=True;affordable=False;available=False;owned=3;upgradeTo=IndustrialCarbonizationRetort;research=SteamPower|Coking;workshop=;productivity=-132;territory=1805]"
1939102,1939102,Normal,"Building","Waiting","",1,"productivity or territory is insufficient [CokeOven:candidate=True;constructible=True;affordable=False;available=False;owned=3;upgradeTo=IndustrialCarbonizationRetort;research=SteamPower|Coking;workshop=;productivity=-155.6;territory=1805]"
1939702,1939702,Normal,"Building","Waiting","",1,"productivity or territory is insufficient [CokeOven:candidate=True;constructible=True;affordable=False;available=False;owned=3;upgradeTo=IndustrialCarbonizationRetort;research=SteamPower|Coking;workshop=;productivity=-174.48;territory=1805]"
1940302,1940302,Normal,"Building","Waiting","",1,"productivity or territory is insufficient [CokeOven:candidate=True;constructible=True;affordable=False;available=False;owned=3;upgradeTo=IndustrialCarbonizationRetort;research=SteamPower|Coking;workshop=;productivity=-191;territory=1805]"
1940902,1940902,Normal,"Building","Waiting","",1,"productivity or territory is insufficient [CokeOven:candidate=True;constructible=True;affordable=False;available=False;owned=3;upgradeTo=IndustrialCarbonizationRetort;research=SteamPower|Coking;workshop=;productivity=-205.16;territory=1805]"
1941502,1941502,Normal,"Building","Waiting","",1,"productivity or territory is insufficient [CokeOven:candidate=True;constructible=True;affordable=False;available=False;owned=3;upgradeTo=IndustrialCarbonizationRetort;research=SteamPower|Coking;workshop=;productivity=-216.96;territory=1805]"
1942102,1942102,Normal,"Building","Waiting","",1,"productivity or territory is insufficient [CokeOven:candidate=True;constructible=True;affordable=False;available=False;owned=3;upgradeTo=IndustrialCarbonizationRetort;research=SteamPower|Coking;workshop=;productivity=-226.4;territory=1805]"
1942702,1942702,Normal,"Building","Waiting","",1,"productivity or territory is insufficient [CokeOven:candidate=True;constructible=True;affordable=False;available=False;owned=3;upgradeTo=IndustrialCarbonizationRetort;research=SteamPower|Coking;workshop=;productivity=-233.48;territory=1805]"
1943302,1943302,Normal,"Building","Waiting","",1,"productivity or territory is insufficient [CokeOven:candidate=True;constructible=True;affordable=False;available=False;owned=3;upgradeTo=IndustrialCarbonizationRetort;research=SteamPower|Coking;workshop=;productivity=-240.56;territory=1805]"
1943902,1943902,Normal,"Building","Waiting","",1,"productivity or territory is insufficient [CokeOven:candidate=True;constructible=True;affordable=False;available=False;owned=3;upgradeTo=IndustrialCarbonizationRetort;research=SteamPower|Coking;workshop=;productivity=-245.28;territory=1805]"
1944502,1944502,Normal,"Building","Waiting","",1,"productivity or territory is insufficient [CokeOven:candidate=True;constructible=True;affordable=False;available=False;owned=3;upgradeTo=IndustrialCarbonizationRetort;research=SteamPower|Coking;workshop=;productivity=-250;territory=1805]"
1945102,1945102,Normal,"Building","Waiting","",1,"productivity or territory is insufficient [CokeOven:candidate=True;constructible=True;affordable=False;available=False;owned=3;upgradeTo=IndustrialCarbonizationRetort;research=SteamPower|Coking;workshop=;productivity=-254.72;territory=1805]"
1945702,1945702,Normal,"Building","Waiting","",1,"productivity or territory is insufficient [CokeOven:candidate=True;constructible=True;affordable=False;available=False;owned=3;upgradeTo=IndustrialCarbonizationRetort;research=SteamPower|Coking;workshop=;productivity=-257.08;territory=1805]"
1946302,1946302,Normal,"Building","Waiting","",1,"productivity or territory is insufficient [CokeOven:candidate=True;constructible=True;affordable=False;available=False;owned=3;upgradeTo=IndustrialCarbonizationRetort;research=SteamPower|Coking;workshop=;productivity=-259.44;territory=1805]"
1946902,1946902,Normal,"Building","Waiting","",1,"productivity or territory is insufficient [CokeOven:candidate=True;constructible=True;affordable=False;available=False;owned=3;upgradeTo=IndustrialCarbonizationRetort;research=SteamPower|Coking;workshop=;productivity=-261.8;territory=1805]"
1947502,1947502,Normal,"Building","Waiting","",1,"productivity or territory is insufficient [CokeOven:candidate=True;constructible=True;affordable=False;available=False;owned=3;upgradeTo=IndustrialCarbonizationRetort;research=SteamPower|Coking;workshop=;productivity=-264.16;territory=1805]"
1948102,1948702,Normal,"Building","Waiting","",2,"productivity or territory is insufficient [CokeOven:candidate=True;constructible=True;affordable=False;available=False;owned=3;upgradeTo=IndustrialCarbonizationRetort;research=SteamPower|Coking;workshop=;productivity=-266.52;territory=1805]"
1949302,1950502,Normal,"Building","Waiting","",3,"productivity or territory is insufficient [CokeOven:candidate=True;constructible=True;affordable=False;available=False;owned=3;upgradeTo=IndustrialCarbonizationRetort;research=SteamPower|Coking;workshop=;productivity=-268.88;territory=1805]"
1951102,1953502,Normal,"Building","Waiting","",5,"productivity or territory is insufficient [CokeOven:candidate=True;constructible=True;affordable=False;available=False;owned=3;upgradeTo=IndustrialCarbonizationRetort;research=SteamPower|Coking;workshop=;productivity=-271.24;territory=1805]"
1954102,1954102,Normal,"Building","Waiting","",1,"productivity or territory is insufficient [CokeOven:candidate=True;constructible=True;affordable=False;available=False;owned=3;upgradeTo=IndustrialCarbonizationRetort;research=SteamPower|Coking;workshop=;productivity=-273.6;territory=1805]"
1954702,1954702,Normal,"Building","Waiting","",1,"no strategy candidate [CokeOven:candidate=True;constructible=True;affordable=False;available=False;owned=3;upgradeTo=IndustrialCarbonizationRetort;research=SteamPower|Coking;workshop=;productivity=21.4;territory=1805]"
1955302,1955302,Normal,"Building","Waiting","",1,"productivity or territory is insufficient [CokeOven:candidate=True;constructible=True;affordable=False;available=False;owned=3;upgradeTo=IndustrialCarbonizationRetort;research=SteamPower|Coking;workshop=;productivity=-25.8;territory=1805]"
1955902,1955902,Normal,"Building","Waiting","",1,"productivity or territory is insufficient [CokeOven:candidate=True;constructible=True;affordable=False;available=False;owned=3;upgradeTo=IndustrialCarbonizationRetort;research=SteamPower|Coking;workshop=;productivity=-68.28;territory=1805]"
1956502,1956502,Normal,"Building","Waiting","",1,"productivity or territory is insufficient [CokeOven:candidate=True;constructible=True;affordable=False;available=False;owned=3;upgradeTo=IndustrialCarbonizationRetort;research=SteamPower|Coking;workshop=;productivity=-101.32;territory=1805]"
1957102,1957102,Normal,"Building","Waiting","",1,"productivity or territory is insufficient [CokeOven:candidate=True;constructible=True;affordable=False;available=False;owned=3;upgradeTo=IndustrialCarbonizationRetort;research=SteamPower|Coking;workshop=;productivity=-132;territory=1805]"
1957702,1957702,Normal,"Building","Waiting","",1,"productivity or territory is insufficient [CokeOven:candidate=True;constructible=True;affordable=False;available=False;owned=3;upgradeTo=IndustrialCarbonizationRetort;research=SteamPower|Coking;workshop=;productivity=-155.6;territory=1805]"
1958302,1958302,Normal,"Building","Waiting","",1,"productivity or territory is insufficient [CokeOven:candidate=True;constructible=True;affordable=False;available=False;owned=3;upgradeTo=IndustrialCarbonizationRetort;research=SteamPower|Coking;workshop=;productivity=-174.48;territory=1805]"
1958902,1958902,Normal,"Building","Waiting","",1,"productivity or territory is insufficient [CokeOven:candidate=True;constructible=True;affordable=False;available=False;owned=3;upgradeTo=IndustrialCarbonizationRetort;research=SteamPower|Coking;workshop=;productivity=-191;territory=1805]"
1959502,1959502,Normal,"Building","Waiting","",1,"productivity or territory is insufficient [CokeOven:candidate=True;constructible=True;affordable=False;available=False;owned=3;upgradeTo=IndustrialCarbonizationRetort;research=SteamPower|Coking;workshop=;productivity=-205.16;territory=1805]"
1960102,1960102,Normal,"Building","Waiting","",1,"productivity or territory is insufficient [CokeOven:candidate=True;constructible=True;affordable=False;available=False;owned=3;upgradeTo=IndustrialCarbonizationRetort;research=SteamPower|Coking;workshop=;productivity=-216.96;territory=1805]"
1960702,1960702,Normal,"Building","Waiting","",1,"productivity or territory is insufficient [CokeOven:candidate=True;constructible=True;affordable=False;available=False;owned=3;upgradeTo=IndustrialCarbonizationRetort;research=SteamPower|Coking;workshop=;productivity=-226.4;territory=1805]"
1961302,1961302,Normal,"Building","Waiting","",1,"productivity or territory is insufficient [CokeOven:candidate=True;constructible=True;affordable=False;available=False;owned=3;upgradeTo=IndustrialCarbonizationRetort;research=SteamPower|Coking;workshop=;productivity=-233.48;territory=1805]"
1961902,1961902,Normal,"Building","Waiting","",1,"productivity or territory is insufficient [CokeOven:candidate=True;constructible=True;affordable=False;available=False;owned=3;upgradeTo=IndustrialCarbonizationRetort;research=SteamPower|Coking;workshop=;productivity=-240.56;territory=1805]"
1962502,1962502,Normal,"Building","Waiting","",1,"productivity or territory is insufficient [CokeOven:candidate=True;constructible=True;affordable=False;available=False;owned=3;upgradeTo=IndustrialCarbonizationRetort;research=SteamPower|Coking;workshop=;productivity=-245.28;territory=1805]"
1963102,1963102,Normal,"Building","Waiting","",1,"productivity or territory is insufficient [CokeOven:candidate=True;constructible=True;affordable=False;available=False;owned=3;upgradeTo=IndustrialCarbonizationRetort;research=SteamPower|Coking;workshop=;productivity=-250;territory=1805]"
1963702,1963702,Normal,"Building","Waiting","",1,"productivity or territory is insufficient [CokeOven:candidate=True;constructible=True;affordable=False;available=False;owned=3;upgradeTo=IndustrialCarbonizationRetort;research=SteamPower|Coking;workshop=;productivity=-254.72;territory=1805]"
1964302,1964302,Normal,"Building","Waiting","",1,"productivity or territory is insufficient [CokeOven:candidate=True;constructible=True;affordable=False;available=False;owned=3;upgradeTo=IndustrialCarbonizationRetort;research=SteamPower|Coking;workshop=;productivity=-257.08;territory=1805]"
1964902,1964902,Normal,"Building","Waiting","",1,"productivity or territory is insufficient [CokeOven:candidate=True;constructible=True;affordable=False;available=False;owned=3;upgradeTo=IndustrialCarbonizationRetort;research=SteamPower|Coking;workshop=;productivity=-259.44;territory=1805]"
1965502,1965502,Normal,"Building","Waiting","",1,"productivity or territory is insufficient [CokeOven:candidate=True;constructible=True;affordable=False;available=False;owned=3;upgradeTo=IndustrialCarbonizationRetort;research=SteamPower|Coking;workshop=;productivity=-261.8;territory=1805]"
1966102,1966102,Normal,"Building","Waiting","",1,"productivity or territory is insufficient [CokeOven:candidate=True;constructible=True;affordable=False;available=False;owned=3;upgradeTo=IndustrialCarbonizationRetort;research=SteamPower|Coking;workshop=;productivity=-264.16;territory=1805]"
1966702,1967302,Normal,"Building","Waiting","",2,"productivity or territory is insufficient [CokeOven:candidate=True;constructible=True;affordable=False;available=False;owned=3;upgradeTo=IndustrialCarbonizationRetort;research=SteamPower|Coking;workshop=;productivity=-266.52;territory=1805]"
1967902,1969102,Normal,"Building","Waiting","",3,"productivity or territory is insufficient [CokeOven:candidate=True;constructible=True;affordable=False;available=False;owned=3;upgradeTo=IndustrialCarbonizationRetort;research=SteamPower|Coking;workshop=;productivity=-268.88;territory=1805]"
1969702,1972102,Normal,"Building","Waiting","",5,"productivity or territory is insufficient [CokeOven:candidate=True;constructible=True;affordable=False;available=False;owned=3;upgradeTo=IndustrialCarbonizationRetort;research=SteamPower|Coking;workshop=;productivity=-271.24;territory=1805]"
1972702,1972702,Normal,"Building","Waiting","",1,"productivity or territory is insufficient [CokeOven:candidate=True;constructible=True;affordable=False;available=False;owned=3;upgradeTo=IndustrialCarbonizationRetort;research=SteamPower|Coking;workshop=;productivity=-273.6;territory=1805]"
1973302,1973302,Normal,"Building","Waiting","",1,"no strategy candidate [CokeOven:candidate=True;constructible=True;affordable=False;available=False;owned=3;upgradeTo=IndustrialCarbonizationRetort;research=SteamPower|Coking;workshop=;productivity=21.4;territory=1805]"
1973902,1973902,Normal,"Building","Waiting","",1,"productivity or territory is insufficient [CokeOven:candidate=True;constructible=True;affordable=False;available=False;owned=3;upgradeTo=IndustrialCarbonizationRetort;research=SteamPower|Coking;workshop=;productivity=-25.8;territory=1805]"
1974502,1974502,Normal,"Building","Waiting","",1,"productivity or territory is insufficient [CokeOven:candidate=True;constructible=True;affordable=False;available=False;owned=3;upgradeTo=IndustrialCarbonizationRetort;research=SteamPower|Coking;workshop=;productivity=-68.28;territory=1805]"
1975102,1975102,Normal,"Building","Waiting","",1,"productivity or territory is insufficient [CokeOven:candidate=True;constructible=True;affordable=False;available=False;owned=3;upgradeTo=IndustrialCarbonizationRetort;research=SteamPower|Coking;workshop=;productivity=-101.32;territory=1805]"
1975702,1975702,Normal,"Building","Waiting","",1,"productivity or territory is insufficient [CokeOven:candidate=True;constructible=True;affordable=False;available=False;owned=3;upgradeTo=IndustrialCarbonizationRetort;research=SteamPower|Coking;workshop=;productivity=-132;territory=1805]"
1976302,1976302,Normal,"Building","Waiting","",1,"productivity or territory is insufficient [CokeOven:candidate=True;constructible=True;affordable=False;available=False;owned=3;upgradeTo=IndustrialCarbonizationRetort;research=SteamPower|Coking;workshop=;productivity=-155.6;territory=1805]"
1976902,1976902,Normal,"Building","Waiting","",1,"productivity or territory is insufficient [CokeOven:candidate=True;constructible=True;affordable=False;available=False;owned=3;upgradeTo=IndustrialCarbonizationRetort;research=SteamPower|Coking;workshop=;productivity=-174.48;territory=1805]"
1977502,1977502,Normal,"Building","Waiting","",1,"productivity or territory is insufficient [CokeOven:candidate=True;constructible=True;affordable=False;available=False;owned=3;upgradeTo=IndustrialCarbonizationRetort;research=SteamPower|Coking;workshop=;productivity=-191;territory=1805]"
1978102,1978102,Normal,"Building","Waiting","",1,"productivity or territory is insufficient [CokeOven:candidate=True;constructible=True;affordable=False;available=False;owned=3;upgradeTo=IndustrialCarbonizationRetort;research=SteamPower|Coking;workshop=;productivity=-205.16;territory=1805]"
1978702,1978702,Normal,"Building","Waiting","",1,"productivity or territory is insufficient [CokeOven:candidate=True;constructible=True;affordable=False;available=False;owned=3;upgradeTo=IndustrialCarbonizationRetort;research=SteamPower|Coking;workshop=;productivity=-216.96;territory=1805]"
1979302,1979302,Normal,"Building","Waiting","",1,"productivity or territory is insufficient [CokeOven:candidate=True;constructible=True;affordable=False;available=False;owned=3;upgradeTo=IndustrialCarbonizationRetort;research=SteamPower|Coking;workshop=;productivity=-226.4;territory=1805]"
1979902,1979902,Normal,"Building","Waiting","",1,"productivity or territory is insufficient [CokeOven:candidate=True;constructible=True;affordable=False;available=False;owned=3;upgradeTo=IndustrialCarbonizationRetort;research=SteamPower|Coking;workshop=;productivity=-233.48;territory=1805]"
1980502,1980502,Normal,"Building","Waiting","",1,"productivity or territory is insufficient [CokeOven:candidate=True;constructible=True;affordable=False;available=False;owned=3;upgradeTo=IndustrialCarbonizationRetort;research=SteamPower|Coking;workshop=;productivity=-240.56;territory=1805]"
1981102,1981102,Normal,"Building","Waiting","",1,"productivity or territory is insufficient [CokeOven:candidate=True;constructible=True;affordable=False;available=False;owned=3;upgradeTo=IndustrialCarbonizationRetort;research=SteamPower|Coking;workshop=;productivity=-245.28;territory=1805]"
1981702,1981702,Normal,"Building","Waiting","",1,"productivity or territory is insufficient [CokeOven:candidate=True;constructible=True;affordable=False;available=False;owned=3;upgradeTo=IndustrialCarbonizationRetort;research=SteamPower|Coking;workshop=;productivity=-250;territory=1805]"
1982302,1982302,Normal,"Building","Waiting","",1,"productivity or territory is insufficient [CokeOven:candidate=True;constructible=True;affordable=False;available=False;owned=3;upgradeTo=IndustrialCarbonizationRetort;research=SteamPower|Coking;workshop=;productivity=-254.72;territory=1805]"
1982902,1982902,Normal,"Building","Waiting","",1,"productivity or territory is insufficient [CokeOven:candidate=True;constructible=True;affordable=False;available=False;owned=3;upgradeTo=IndustrialCarbonizationRetort;research=SteamPower|Coking;workshop=;productivity=-257.08;territory=1805]"
1983502,1983502,Normal,"Building","Waiting","",1,"productivity or territory is insufficient [CokeOven:candidate=True;constructible=True;affordable=False;available=False;owned=3;upgradeTo=IndustrialCarbonizationRetort;research=SteamPower|Coking;workshop=;productivity=-259.44;territory=1805]"
1984102,1984102,Normal,"Building","Waiting","",1,"productivity or territory is insufficient [CokeOven:candidate=True;constructible=True;affordable=False;available=False;owned=3;upgradeTo=IndustrialCarbonizationRetort;research=SteamPower|Coking;workshop=;productivity=-261.8;territory=1805]"
1984702,1984702,Normal,"Building","Waiting","",1,"productivity or territory is insufficient [CokeOven:candidate=True;constructible=True;affordable=False;available=False;owned=3;upgradeTo=IndustrialCarbonizationRetort;research=SteamPower|Coking;workshop=;productivity=-264.16;territory=1805]"
1985302,1985902,Normal,"Building","Waiting","",2,"productivity or territory is insufficient [CokeOven:candidate=True;constructible=True;affordable=False;available=False;owned=3;upgradeTo=IndustrialCarbonizationRetort;research=SteamPower|Coking;workshop=;productivity=-266.52;territory=1805]"
1986502,1987702,Normal,"Building","Waiting","",3,"productivity or territory is insufficient [CokeOven:candidate=True;constructible=True;affordable=False;available=False;owned=3;upgradeTo=IndustrialCarbonizationRetort;research=SteamPower|Coking;workshop=;productivity=-268.88;territory=1805]"
1988302,1990702,Normal,"Building","Waiting","",5,"productivity or territory is insufficient [CokeOven:candidate=True;constructible=True;affordable=False;available=False;owned=3;upgradeTo=IndustrialCarbonizationRetort;research=SteamPower|Coking;workshop=;productivity=-271.24;territory=1805]"
1991302,1991302,Normal,"Building","Waiting","",1,"productivity or territory is insufficient [CokeOven:candidate=True;constructible=True;affordable=False;available=False;owned=3;upgradeTo=IndustrialCarbonizationRetort;research=SteamPower|Coking;workshop=;productivity=-273.6;territory=1805]"
1991902,1991902,Normal,"Building","Waiting","",1,"no strategy candidate [CokeOven:candidate=True;constructible=True;affordable=False;available=False;owned=3;upgradeTo=IndustrialCarbonizationRetort;research=SteamPower|Coking;workshop=;productivity=21.4;territory=1805]"
1992502,1992502,Normal,"Building","Waiting","",1,"productivity or territory is insufficient [CokeOven:candidate=True;constructible=True;affordable=False;available=False;owned=3;upgradeTo=IndustrialCarbonizationRetort;research=SteamPower|Coking;workshop=;productivity=-25.8;territory=1805]"
1993102,1993102,Normal,"Building","Waiting","",1,"productivity or territory is insufficient [CokeOven:candidate=True;constructible=True;affordable=False;available=False;owned=3;upgradeTo=IndustrialCarbonizationRetort;research=SteamPower|Coking;workshop=;productivity=-68.28;territory=1805]"
1993702,1993702,Normal,"Building","Waiting","",1,"productivity or territory is insufficient [CokeOven:candidate=True;constructible=True;affordable=False;available=False;owned=3;upgradeTo=IndustrialCarbonizationRetort;research=SteamPower|Coking;workshop=;productivity=-101.32;territory=1805]"
1994302,1994302,Normal,"Building","Waiting","",1,"productivity or territory is insufficient [CokeOven:candidate=True;constructible=True;affordable=False;available=False;owned=3;upgradeTo=IndustrialCarbonizationRetort;research=SteamPower|Coking;workshop=;productivity=-132;territory=1805]"
1994902,1994902,Normal,"Building","Waiting","",1,"productivity or territory is insufficient [CokeOven:candidate=True;constructible=True;affordable=False;available=False;owned=3;upgradeTo=IndustrialCarbonizationRetort;research=SteamPower|Coking;workshop=;productivity=-155.6;territory=1805]"
1995502,1995502,Normal,"Building","Waiting","",1,"productivity or territory is insufficient [CokeOven:candidate=True;constructible=True;affordable=False;available=False;owned=3;upgradeTo=IndustrialCarbonizationRetort;research=SteamPower|Coking;workshop=;productivity=-174.48;territory=1805]"
1996102,1996102,Normal,"Building","Waiting","",1,"productivity or territory is insufficient [CokeOven:candidate=True;constructible=True;affordable=False;available=False;owned=3;upgradeTo=IndustrialCarbonizationRetort;research=SteamPower|Coking;workshop=;productivity=-191;territory=1805]"
1996702,1996702,Normal,"Building","Waiting","",1,"productivity or territory is insufficient [CokeOven:candidate=True;constructible=True;affordable=False;available=False;owned=3;upgradeTo=IndustrialCarbonizationRetort;research=SteamPower|Coking;workshop=;productivity=-205.16;territory=1805]"
1997302,1997302,Normal,"Building","Waiting","",1,"productivity or territory is insufficient [CokeOven:candidate=True;constructible=True;affordable=False;available=False;owned=3;upgradeTo=IndustrialCarbonizationRetort;research=SteamPower|Coking;workshop=;productivity=-216.96;territory=1805]"
1997902,1997902,Normal,"Building","Waiting","",1,"productivity or territory is insufficient [CokeOven:candidate=True;constructible=True;affordable=False;available=False;owned=3;upgradeTo=IndustrialCarbonizationRetort;research=SteamPower|Coking;workshop=;productivity=-226.4;territory=1805]"
1998502,1998502,Normal,"Building","Waiting","",1,"productivity or territory is insufficient [CokeOven:candidate=True;constructible=True;affordable=False;available=False;owned=3;upgradeTo=IndustrialCarbonizationRetort;research=SteamPower|Coking;workshop=;productivity=-233.48;territory=1805]"
1999102,1999102,Normal,"Building","Waiting","",1,"productivity or territory is insufficient [CokeOven:candidate=True;constructible=True;affordable=False;available=False;owned=3;upgradeTo=IndustrialCarbonizationRetort;research=SteamPower|Coking;workshop=;productivity=-240.56;territory=1805]"
1999702,1999702,Normal,"Building","Waiting","",1,"productivity or territory is insufficient [CokeOven:candidate=True;constructible=True;affordable=False;available=False;owned=3;upgradeTo=IndustrialCarbonizationRetort;research=SteamPower|Coking;workshop=;productivity=-245.28;territory=1805]"
2000302,2000302,Normal,"Building","Waiting","",1,"productivity or territory is insufficient [CokeOven:candidate=True;constructible=True;affordable=False;available=False;owned=3;upgradeTo=IndustrialCarbonizationRetort;research=SteamPower|Coking;workshop=;productivity=-250;territory=1805]"
2000902,2000902,Normal,"Building","Waiting","",1,"productivity or territory is insufficient [CokeOven:candidate=True;constructible=True;affordable=False;available=False;owned=3;upgradeTo=IndustrialCarbonizationRetort;research=SteamPower|Coking;workshop=;productivity=-254.72;territory=1805]"
2001502,2001502,Normal,"Building","Waiting","",1,"productivity or territory is insufficient [CokeOven:candidate=True;constructible=True;affordable=False;available=False;owned=3;upgradeTo=IndustrialCarbonizationRetort;research=SteamPower|Coking;workshop=;productivity=-257.08;territory=1805]"
2002102,2002102,Normal,"Building","Waiting","",1,"productivity or territory is insufficient [CokeOven:candidate=True;constructible=True;affordable=False;available=False;owned=3;upgradeTo=IndustrialCarbonizationRetort;research=SteamPower|Coking;workshop=;productivity=-259.44;territory=1805]"
2002702,2002702,Normal,"Building","Waiting","",1,"productivity or territory is insufficient [CokeOven:candidate=True;constructible=True;affordable=False;available=False;owned=3;upgradeTo=IndustrialCarbonizationRetort;research=SteamPower|Coking;workshop=;productivity=-261.8;territory=1805]"
2003302,2003302,Normal,"Building","Waiting","",1,"productivity or territory is insufficient [CokeOven:candidate=True;constructible=True;affordable=False;available=False;owned=3;upgradeTo=IndustrialCarbonizationRetort;research=SteamPower|Coking;workshop=;productivity=-264.16;territory=1805]"
2003902,2004502,Normal,"Building","Waiting","",2,"productivity or territory is insufficient [CokeOven:candidate=True;constructible=True;affordable=False;available=False;owned=3;upgradeTo=IndustrialCarbonizationRetort;research=SteamPower|Coking;workshop=;productivity=-266.52;territory=1805]"
2005102,2006302,Normal,"Building","Waiting","",3,"productivity or territory is insufficient [CokeOven:candidate=True;constructible=True;affordable=False;available=False;owned=3;upgradeTo=IndustrialCarbonizationRetort;research=SteamPower|Coking;workshop=;productivity=-268.88;territory=1805]"
2006902,2009302,Normal,"Building","Waiting","",5,"productivity or territory is insufficient [CokeOven:candidate=True;constructible=True;affordable=False;available=False;owned=3;upgradeTo=IndustrialCarbonizationRetort;research=SteamPower|Coking;workshop=;productivity=-271.24;territory=1805]"
2009902,2009902,Normal,"Building","Waiting","",1,"productivity or territory is insufficient [CokeOven:candidate=True;constructible=True;affordable=False;available=False;owned=3;upgradeTo=IndustrialCarbonizationRetort;research=SteamPower|Coking;workshop=;productivity=-273.6;territory=1805]"
2010502,2010502,Normal,"Building","Waiting","",1,"no strategy candidate [CokeOven:candidate=True;constructible=True;affordable=False;available=False;owned=3;upgradeTo=IndustrialCarbonizationRetort;research=SteamPower|Coking;workshop=;productivity=21.4;territory=1805]"
2011102,2011102,Normal,"Building","Waiting","",1,"productivity or territory is insufficient [CokeOven:candidate=True;constructible=True;affordable=False;available=False;owned=3;upgradeTo=IndustrialCarbonizationRetort;research=SteamPower|Coking;workshop=;productivity=-25.8;territory=1805]"
2011702,2011702,Normal,"Building","Waiting","",1,"productivity or territory is insufficient [CokeOven:candidate=True;constructible=True;affordable=False;available=False;owned=3;upgradeTo=IndustrialCarbonizationRetort;research=SteamPower|Coking;workshop=;productivity=-68.28;territory=1805]"
2012302,2012302,Normal,"Building","Waiting","",1,"productivity or territory is insufficient [CokeOven:candidate=True;constructible=True;affordable=False;available=False;owned=3;upgradeTo=IndustrialCarbonizationRetort;research=SteamPower|Coking;workshop=;productivity=-101.32;territory=1805]"
2012902,2012902,Normal,"Building","Waiting","",1,"productivity or territory is insufficient [CokeOven:candidate=True;constructible=True;affordable=False;available=False;owned=3;upgradeTo=IndustrialCarbonizationRetort;research=SteamPower|Coking;workshop=;productivity=-132;territory=1805]"
2013502,2013502,Normal,"Building","Waiting","",1,"productivity or territory is insufficient [CokeOven:candidate=True;constructible=True;affordable=False;available=False;owned=3;upgradeTo=IndustrialCarbonizationRetort;research=SteamPower|Coking;workshop=;productivity=-155.6;territory=1805]"
2014102,2014102,Normal,"Building","Waiting","",1,"productivity or territory is insufficient [CokeOven:candidate=True;constructible=True;affordable=False;available=False;owned=3;upgradeTo=IndustrialCarbonizationRetort;research=SteamPower|Coking;workshop=;productivity=-174.48;territory=1805]"
2014702,2014702,Normal,"Building","Waiting","",1,"productivity or territory is insufficient [CokeOven:candidate=True;constructible=True;affordable=False;available=False;owned=3;upgradeTo=IndustrialCarbonizationRetort;research=SteamPower|Coking;workshop=;productivity=-191;territory=1805]"
2015302,2015302,Normal,"Building","Waiting","",1,"productivity or territory is insufficient [CokeOven:candidate=True;constructible=True;affordable=False;available=False;owned=3;upgradeTo=IndustrialCarbonizationRetort;research=SteamPower|Coking;workshop=;productivity=-205.16;territory=1805]"
2015902,2015902,Normal,"Building","Waiting","",1,"productivity or territory is insufficient [CokeOven:candidate=True;constructible=True;affordable=False;available=False;owned=3;upgradeTo=IndustrialCarbonizationRetort;research=SteamPower|Coking;workshop=;productivity=-216.96;territory=1805]"
2016502,2016502,Normal,"Building","Waiting","",1,"productivity or territory is insufficient [CokeOven:candidate=True;constructible=True;affordable=False;available=False;owned=3;upgradeTo=IndustrialCarbonizationRetort;research=SteamPower|Coking;workshop=;productivity=-226.4;territory=1805]"
2017102,2017102,Normal,"Building","Waiting","",1,"productivity or territory is insufficient [CokeOven:candidate=True;constructible=True;affordable=False;available=False;owned=3;upgradeTo=IndustrialCarbonizationRetort;research=SteamPower|Coking;workshop=;productivity=-233.48;territory=1805]"
2017702,2017702,Normal,"Building","Waiting","",1,"productivity or territory is insufficient [CokeOven:candidate=True;constructible=True;affordable=False;available=False;owned=3;upgradeTo=IndustrialCarbonizationRetort;research=SteamPower|Coking;workshop=;productivity=-240.56;territory=1805]"
2018302,2018302,Normal,"Building","Waiting","",1,"productivity or territory is insufficient [CokeOven:candidate=True;constructible=True;affordable=False;available=False;owned=3;upgradeTo=IndustrialCarbonizationRetort;research=SteamPower|Coking;workshop=;productivity=-245.28;territory=1805]"
2018902,2018902,Normal,"Building","Waiting","",1,"productivity or territory is insufficient [CokeOven:candidate=True;constructible=True;affordable=False;available=False;owned=3;upgradeTo=IndustrialCarbonizationRetort;research=SteamPower|Coking;workshop=;productivity=-250;territory=1805]"
2019502,2019502,Normal,"Building","Waiting","",1,"productivity or territory is insufficient [CokeOven:candidate=True;constructible=True;affordable=False;available=False;owned=3;upgradeTo=IndustrialCarbonizationRetort;research=SteamPower|Coking;workshop=;productivity=-254.72;territory=1805]"
2020102,2020102,Normal,"Building","Waiting","",1,"productivity or territory is insufficient [CokeOven:candidate=True;constructible=True;affordable=False;available=False;owned=3;upgradeTo=IndustrialCarbonizationRetort;research=SteamPower|Coking;workshop=;productivity=-257.08;territory=1805]"
2020702,2020702,Normal,"Building","Waiting","",1,"productivity or territory is insufficient [CokeOven:candidate=True;constructible=True;affordable=False;available=False;owned=3;upgradeTo=IndustrialCarbonizationRetort;research=SteamPower|Coking;workshop=;productivity=-259.44;territory=1805]"
2021302,2021302,Normal,"Building","Waiting","",1,"productivity or territory is insufficient [CokeOven:candidate=True;constructible=True;affordable=False;available=False;owned=3;upgradeTo=IndustrialCarbonizationRetort;research=SteamPower|Coking;workshop=;productivity=-261.8;territory=1805]"
2021902,2021902,Normal,"Building","Waiting","",1,"productivity or territory is insufficient [CokeOven:candidate=True;constructible=True;affordable=False;available=False;owned=3;upgradeTo=IndustrialCarbonizationRetort;research=SteamPower|Coking;workshop=;productivity=-264.16;territory=1805]"
2022502,2023102,Normal,"Building","Waiting","",2,"productivity or territory is insufficient [CokeOven:candidate=True;constructible=True;affordable=False;available=False;owned=3;upgradeTo=IndustrialCarbonizationRetort;research=SteamPower|Coking;workshop=;productivity=-266.52;territory=1805]"
2023702,2024902,Normal,"Building","Waiting","",3,"productivity or territory is insufficient [CokeOven:candidate=True;constructible=True;affordable=False;available=False;owned=3;upgradeTo=IndustrialCarbonizationRetort;research=SteamPower|Coking;workshop=;productivity=-268.88;territory=1805]"
2025502,2027902,Normal,"Building","Waiting","",5,"productivity or territory is insufficient [CokeOven:candidate=True;constructible=True;affordable=False;available=False;owned=3;upgradeTo=IndustrialCarbonizationRetort;research=SteamPower|Coking;workshop=;productivity=-271.24;territory=1805]"
2028502,2028502,Normal,"Building","Waiting","",1,"productivity or territory is insufficient [CokeOven:candidate=True;constructible=True;affordable=False;available=False;owned=3;upgradeTo=IndustrialCarbonizationRetort;research=SteamPower|Coking;workshop=;productivity=-273.6;territory=1805]"
2029102,2029102,Normal,"Building","Waiting","",1,"no strategy candidate [CokeOven:candidate=True;constructible=True;affordable=False;available=False;owned=3;upgradeTo=IndustrialCarbonizationRetort;research=SteamPower|Coking;workshop=;productivity=21.4;territory=1805]"
2029702,2029702,Normal,"Building","Waiting","",1,"productivity or territory is insufficient [CokeOven:candidate=True;constructible=True;affordable=False;available=False;owned=3;upgradeTo=IndustrialCarbonizationRetort;research=SteamPower|Coking;workshop=;productivity=-25.8;territory=1805]"
2030302,2030302,Normal,"Building","Waiting","",1,"productivity or territory is insufficient [CokeOven:candidate=True;constructible=True;affordable=False;available=False;owned=3;upgradeTo=IndustrialCarbonizationRetort;research=SteamPower|Coking;workshop=;productivity=-68.28;territory=1805]"
2030902,2030902,Normal,"Building","Waiting","",1,"productivity or territory is insufficient [CokeOven:candidate=True;constructible=True;affordable=False;available=False;owned=3;upgradeTo=IndustrialCarbonizationRetort;research=SteamPower|Coking;workshop=;productivity=-101.32;territory=1805]"
2031502,2031502,Normal,"Building","Waiting","",1,"productivity or territory is insufficient [CokeOven:candidate=True;constructible=True;affordable=False;available=False;owned=3;upgradeTo=IndustrialCarbonizationRetort;research=SteamPower|Coking;workshop=;productivity=-132;territory=1805]"
2032102,2032102,Normal,"Building","Waiting","",1,"productivity or territory is insufficient [CokeOven:candidate=True;constructible=True;affordable=False;available=False;owned=3;upgradeTo=IndustrialCarbonizationRetort;research=SteamPower|Coking;workshop=;productivity=-155.6;territory=1805]"
2032702,2032702,Normal,"Building","Waiting","",1,"productivity or territory is insufficient [CokeOven:candidate=True;constructible=True;affordable=False;available=False;owned=3;upgradeTo=IndustrialCarbonizationRetort;research=SteamPower|Coking;workshop=;productivity=-174.48;territory=1805]"
2033302,2033302,Normal,"Building","Waiting","",1,"productivity or territory is insufficient [CokeOven:candidate=True;constructible=True;affordable=False;available=False;owned=3;upgradeTo=IndustrialCarbonizationRetort;research=SteamPower|Coking;workshop=;productivity=-191;territory=1805]"
2033902,2033902,Normal,"Building","Waiting","",1,"productivity or territory is insufficient [CokeOven:candidate=True;constructible=True;affordable=False;available=False;owned=3;upgradeTo=IndustrialCarbonizationRetort;research=SteamPower|Coking;workshop=;productivity=-205.16;territory=1805]"
2034502,2034502,Normal,"Building","Waiting","",1,"productivity or territory is insufficient [CokeOven:candidate=True;constructible=True;affordable=False;available=False;owned=3;upgradeTo=IndustrialCarbonizationRetort;research=SteamPower|Coking;workshop=;productivity=-216.96;territory=1805]"
2035102,2035102,Normal,"Building","Waiting","",1,"productivity or territory is insufficient [CokeOven:candidate=True;constructible=True;affordable=False;available=False;owned=3;upgradeTo=IndustrialCarbonizationRetort;research=SteamPower|Coking;workshop=;productivity=-226.4;territory=1805]"
2035702,2035702,Normal,"Building","Waiting","",1,"productivity or territory is insufficient [CokeOven:candidate=True;constructible=True;affordable=False;available=False;owned=3;upgradeTo=IndustrialCarbonizationRetort;research=SteamPower|Coking;workshop=;productivity=-233.48;territory=1805]"
2036302,2036302,Normal,"Building","Waiting","",1,"productivity or territory is insufficient [CokeOven:candidate=True;constructible=True;affordable=False;available=False;owned=3;upgradeTo=IndustrialCarbonizationRetort;research=SteamPower|Coking;workshop=;productivity=-240.56;territory=1805]"
2036902,2036902,Normal,"Building","Waiting","",1,"productivity or territory is insufficient [CokeOven:candidate=True;constructible=True;affordable=False;available=False;owned=3;upgradeTo=IndustrialCarbonizationRetort;research=SteamPower|Coking;workshop=;productivity=-245.28;territory=1805]"
2037502,2037502,Normal,"Building","Waiting","",1,"productivity or territory is insufficient [CokeOven:candidate=True;constructible=True;affordable=False;available=False;owned=3;upgradeTo=IndustrialCarbonizationRetort;research=SteamPower|Coking;workshop=;productivity=-250;territory=1805]"
2038102,2038102,Normal,"Building","Waiting","",1,"productivity or territory is insufficient [CokeOven:candidate=True;constructible=True;affordable=False;available=False;owned=3;upgradeTo=IndustrialCarbonizationRetort;research=SteamPower|Coking;workshop=;productivity=-254.72;territory=1805]"
2038702,2038702,Normal,"Building","Waiting","",1,"productivity or territory is insufficient [CokeOven:candidate=True;constructible=True;affordable=False;available=False;owned=3;upgradeTo=IndustrialCarbonizationRetort;research=SteamPower|Coking;workshop=;productivity=-257.08;territory=1805]"
2039302,2039302,Normal,"Building","Waiting","",1,"productivity or territory is insufficient [CokeOven:candidate=True;constructible=True;affordable=False;available=False;owned=3;upgradeTo=IndustrialCarbonizationRetort;research=SteamPower|Coking;workshop=;productivity=-259.44;territory=1805]"
2039902,2039902,Normal,"Building","Waiting","",1,"productivity or territory is insufficient [CokeOven:candidate=True;constructible=True;affordable=False;available=False;owned=3;upgradeTo=IndustrialCarbonizationRetort;research=SteamPower|Coking;workshop=;productivity=-261.8;territory=1805]"
2040502,2040502,Normal,"Building","Waiting","",1,"productivity or territory is insufficient [CokeOven:candidate=True;constructible=True;affordable=False;available=False;owned=3;upgradeTo=IndustrialCarbonizationRetort;research=SteamPower|Coking;workshop=;productivity=-264.16;territory=1805]"
2041102,2041702,Normal,"Building","Waiting","",2,"productivity or territory is insufficient [CokeOven:candidate=True;constructible=True;affordable=False;available=False;owned=3;upgradeTo=IndustrialCarbonizationRetort;research=SteamPower|Coking;workshop=;productivity=-266.52;territory=1805]"
2042302,2043502,Normal,"Building","Waiting","",3,"productivity or territory is insufficient [CokeOven:candidate=True;constructible=True;affordable=False;available=False;owned=3;upgradeTo=IndustrialCarbonizationRetort;research=SteamPower|Coking;workshop=;productivity=-268.88;territory=1805]"
2044102,2046502,Normal,"Building","Waiting","",5,"productivity or territory is insufficient [CokeOven:candidate=True;constructible=True;affordable=False;available=False;owned=3;upgradeTo=IndustrialCarbonizationRetort;research=SteamPower|Coking;workshop=;productivity=-271.24;territory=1805]"
2047102,2047102,Normal,"Building","Waiting","",1,"productivity or territory is insufficient [CokeOven:candidate=True;constructible=True;affordable=False;available=False;owned=3;upgradeTo=IndustrialCarbonizationRetort;research=SteamPower|Coking;workshop=;productivity=-273.6;territory=1805]"
2047702,2047702,Normal,"Building","Waiting","",1,"no strategy candidate [CokeOven:candidate=True;constructible=True;affordable=False;available=False;owned=3;upgradeTo=IndustrialCarbonizationRetort;research=SteamPower|Coking;workshop=;productivity=21.4;territory=1805]"
2048302,2048302,Normal,"Building","Waiting","",1,"productivity or territory is insufficient [CokeOven:candidate=True;constructible=True;affordable=False;available=False;owned=3;upgradeTo=IndustrialCarbonizationRetort;research=SteamPower|Coking;workshop=;productivity=-25.8;territory=1805]"
2048902,2048902,Normal,"Building","Waiting","",1,"productivity or territory is insufficient [CokeOven:candidate=True;constructible=True;affordable=False;available=False;owned=3;upgradeTo=IndustrialCarbonizationRetort;research=SteamPower|Coking;workshop=;productivity=-68.28;territory=1805]"
2049502,2049502,Normal,"Building","Waiting","",1,"productivity or territory is insufficient [CokeOven:candidate=True;constructible=True;affordable=False;available=False;owned=3;upgradeTo=IndustrialCarbonizationRetort;research=SteamPower|Coking;workshop=;productivity=-101.32;territory=1805]"
2050102,2050102,Normal,"Building","Waiting","",1,"productivity or territory is insufficient [CokeOven:candidate=True;constructible=True;affordable=False;available=False;owned=3;upgradeTo=IndustrialCarbonizationRetort;research=SteamPower|Coking;workshop=;productivity=-132;territory=1805]"
2050702,2050702,Normal,"Building","Waiting","",1,"productivity or territory is insufficient [CokeOven:candidate=True;constructible=True;affordable=False;available=False;owned=3;upgradeTo=IndustrialCarbonizationRetort;research=SteamPower|Coking;workshop=;productivity=-155.6;territory=1805]"
2051302,2051302,Normal,"Building","Waiting","",1,"productivity or territory is insufficient [CokeOven:candidate=True;constructible=True;affordable=False;available=False;owned=3;upgradeTo=IndustrialCarbonizationRetort;research=SteamPower|Coking;workshop=;productivity=-174.48;territory=1805]"
2051902,2051902,Normal,"Building","Waiting","",1,"productivity or territory is insufficient [CokeOven:candidate=True;constructible=True;affordable=False;available=False;owned=3;upgradeTo=IndustrialCarbonizationRetort;research=SteamPower|Coking;workshop=;productivity=-191;territory=1805]"
2052502,2052502,Normal,"Building","Waiting","",1,"productivity or territory is insufficient [CokeOven:candidate=True;constructible=True;affordable=False;available=False;owned=3;upgradeTo=IndustrialCarbonizationRetort;research=SteamPower|Coking;workshop=;productivity=-205.16;territory=1805]"
2053102,2053102,Normal,"Building","Waiting","",1,"productivity or territory is insufficient [CokeOven:candidate=True;constructible=True;affordable=False;available=False;owned=3;upgradeTo=IndustrialCarbonizationRetort;research=SteamPower|Coking;workshop=;productivity=-216.96;territory=1805]"
2053702,2053702,Normal,"Building","Waiting","",1,"productivity or territory is insufficient [CokeOven:candidate=True;constructible=True;affordable=False;available=False;owned=3;upgradeTo=IndustrialCarbonizationRetort;research=SteamPower|Coking;workshop=;productivity=-226.4;territory=1805]"
2054302,2054302,Normal,"Building","Waiting","",1,"productivity or territory is insufficient [CokeOven:candidate=True;constructible=True;affordable=False;available=False;owned=3;upgradeTo=IndustrialCarbonizationRetort;research=SteamPower|Coking;workshop=;productivity=-233.48;territory=1805]"
2054902,2054902,Normal,"Building","Waiting","",1,"productivity or territory is insufficient [CokeOven:candidate=True;constructible=True;affordable=False;available=False;owned=3;upgradeTo=IndustrialCarbonizationRetort;research=SteamPower|Coking;workshop=;productivity=-240.56;territory=1805]"
2055502,2055502,Normal,"Building","Waiting","",1,"productivity or territory is insufficient [CokeOven:candidate=True;constructible=True;affordable=False;available=False;owned=3;upgradeTo=IndustrialCarbonizationRetort;research=SteamPower|Coking;workshop=;productivity=-245.28;territory=1805]"
2056102,2056102,Normal,"Building","Waiting","",1,"productivity or territory is insufficient [CokeOven:candidate=True;constructible=True;affordable=False;available=False;owned=3;upgradeTo=IndustrialCarbonizationRetort;research=SteamPower|Coking;workshop=;productivity=-250;territory=1805]"
2056702,2056702,Normal,"Building","Waiting","",1,"productivity or territory is insufficient [CokeOven:candidate=True;constructible=True;affordable=False;available=False;owned=3;upgradeTo=IndustrialCarbonizationRetort;research=SteamPower|Coking;workshop=;productivity=-254.72;territory=1805]"
2057302,2057302,Normal,"Building","Waiting","",1,"productivity or territory is insufficient [CokeOven:candidate=True;constructible=True;affordable=False;available=False;owned=3;upgradeTo=IndustrialCarbonizationRetort;research=SteamPower|Coking;workshop=;productivity=-257.08;territory=1805]"
2057902,2057902,Normal,"Building","Waiting","",1,"productivity or territory is insufficient [CokeOven:candidate=True;constructible=True;affordable=False;available=False;owned=3;upgradeTo=IndustrialCarbonizationRetort;research=SteamPower|Coking;workshop=;productivity=-259.44;territory=1805]"
2058502,2058502,Normal,"Building","Waiting","",1,"productivity or territory is insufficient [CokeOven:candidate=True;constructible=True;affordable=False;available=False;owned=3;upgradeTo=IndustrialCarbonizationRetort;research=SteamPower|Coking;workshop=;productivity=-261.8;territory=1805]"
2059102,2059102,Normal,"Building","Waiting","",1,"productivity or territory is insufficient [CokeOven:candidate=True;constructible=True;affordable=False;available=False;owned=3;upgradeTo=IndustrialCarbonizationRetort;research=SteamPower|Coking;workshop=;productivity=-264.16;territory=1805]"
2059702,2060302,Normal,"Building","Waiting","",2,"productivity or territory is insufficient [CokeOven:candidate=True;constructible=True;affordable=False;available=False;owned=3;upgradeTo=IndustrialCarbonizationRetort;research=SteamPower|Coking;workshop=;productivity=-266.52;territory=1805]"
2060902,2062102,Normal,"Building","Waiting","",3,"productivity or territory is insufficient [CokeOven:candidate=True;constructible=True;affordable=False;available=False;owned=3;upgradeTo=IndustrialCarbonizationRetort;research=SteamPower|Coking;workshop=;productivity=-268.88;territory=1805]"
2062702,2065102,Normal,"Building","Waiting","",5,"productivity or territory is insufficient [CokeOven:candidate=True;constructible=True;affordable=False;available=False;owned=3;upgradeTo=IndustrialCarbonizationRetort;research=SteamPower|Coking;workshop=;productivity=-271.24;territory=1805]"
2065702,2065702,Normal,"Building","Waiting","",1,"productivity or territory is insufficient [CokeOven:candidate=True;constructible=True;affordable=False;available=False;owned=3;upgradeTo=IndustrialCarbonizationRetort;research=SteamPower|Coking;workshop=;productivity=-273.6;territory=1805]"
2066302,2066302,Normal,"Building","Waiting","",1,"no strategy candidate [CokeOven:candidate=True;constructible=True;affordable=False;available=False;owned=3;upgradeTo=IndustrialCarbonizationRetort;research=SteamPower|Coking;workshop=;productivity=21.4;territory=1805]"
2066902,2066902,Normal,"Building","Waiting","",1,"productivity or territory is insufficient [CokeOven:candidate=True;constructible=True;affordable=False;available=False;owned=3;upgradeTo=IndustrialCarbonizationRetort;research=SteamPower|Coking;workshop=;productivity=-25.8;territory=1805]"
2067502,2067502,Normal,"Building","Waiting","",1,"productivity or territory is insufficient [CokeOven:candidate=True;constructible=True;affordable=False;available=False;owned=3;upgradeTo=IndustrialCarbonizationRetort;research=SteamPower|Coking;workshop=;productivity=-68.28;territory=1805]"
2068102,2068102,Normal,"Building","Waiting","",1,"productivity or territory is insufficient [CokeOven:candidate=True;constructible=True;affordable=False;available=False;owned=3;upgradeTo=IndustrialCarbonizationRetort;research=SteamPower|Coking;workshop=;productivity=-101.32;territory=1805]"
2068702,2068702,Normal,"Building","Waiting","",1,"productivity or territory is insufficient [CokeOven:candidate=True;constructible=True;affordable=False;available=False;owned=3;upgradeTo=IndustrialCarbonizationRetort;research=SteamPower|Coking;workshop=;productivity=-132;territory=1805]"
2069302,2069302,Normal,"Building","Waiting","",1,"productivity or territory is insufficient [CokeOven:candidate=True;constructible=True;affordable=False;available=False;owned=3;upgradeTo=IndustrialCarbonizationRetort;research=SteamPower|Coking;workshop=;productivity=-155.6;territory=1805]"
2069902,2069902,Normal,"Building","Waiting","",1,"productivity or territory is insufficient [CokeOven:candidate=True;constructible=True;affordable=False;available=False;owned=3;upgradeTo=IndustrialCarbonizationRetort;research=SteamPower|Coking;workshop=;productivity=-174.48;territory=1805]"
2070502,2070502,Normal,"Building","Waiting","",1,"productivity or territory is insufficient [CokeOven:candidate=True;constructible=True;affordable=False;available=False;owned=3;upgradeTo=IndustrialCarbonizationRetort;research=SteamPower|Coking;workshop=;productivity=-191;territory=1805]"
2071102,2071102,Normal,"Building","Waiting","",1,"productivity or territory is insufficient [CokeOven:candidate=True;constructible=True;affordable=False;available=False;owned=3;upgradeTo=IndustrialCarbonizationRetort;research=SteamPower|Coking;workshop=;productivity=-205.16;territory=1805]"
2071702,2071702,Normal,"Building","Waiting","",1,"productivity or territory is insufficient [CokeOven:candidate=True;constructible=True;affordable=False;available=False;owned=3;upgradeTo=IndustrialCarbonizationRetort;research=SteamPower|Coking;workshop=;productivity=-216.96;territory=1805]"
2072302,2072302,Normal,"Building","Waiting","",1,"productivity or territory is insufficient [CokeOven:candidate=True;constructible=True;affordable=False;available=False;owned=3;upgradeTo=IndustrialCarbonizationRetort;research=SteamPower|Coking;workshop=;productivity=-226.4;territory=1805]"
2072902,2072902,Normal,"Building","Waiting","",1,"productivity or territory is insufficient [CokeOven:candidate=True;constructible=True;affordable=False;available=False;owned=3;upgradeTo=IndustrialCarbonizationRetort;research=SteamPower|Coking;workshop=;productivity=-233.48;territory=1805]"
2073502,2073502,Normal,"Building","Waiting","",1,"productivity or territory is insufficient [CokeOven:candidate=True;constructible=True;affordable=False;available=False;owned=3;upgradeTo=IndustrialCarbonizationRetort;research=SteamPower|Coking;workshop=;productivity=-240.56;territory=1805]"
2074102,2074102,Normal,"Building","Waiting","",1,"productivity or territory is insufficient [CokeOven:candidate=True;constructible=True;affordable=False;available=False;owned=3;upgradeTo=IndustrialCarbonizationRetort;research=SteamPower|Coking;workshop=;productivity=-245.28;territory=1805]"
2074702,2074702,Normal,"Building","Waiting","",1,"productivity or territory is insufficient [CokeOven:candidate=True;constructible=True;affordable=False;available=False;owned=3;upgradeTo=IndustrialCarbonizationRetort;research=SteamPower|Coking;workshop=;productivity=-250;territory=1805]"
2075302,2075302,Normal,"Building","Waiting","",1,"productivity or territory is insufficient [CokeOven:candidate=True;constructible=True;affordable=False;available=False;owned=3;upgradeTo=IndustrialCarbonizationRetort;research=SteamPower|Coking;workshop=;productivity=-254.72;territory=1805]"
2075902,2075902,Normal,"Building","Waiting","",1,"productivity or territory is insufficient [CokeOven:candidate=True;constructible=True;affordable=False;available=False;owned=3;upgradeTo=IndustrialCarbonizationRetort;research=SteamPower|Coking;workshop=;productivity=-257.08;territory=1805]"
2076502,2076502,Normal,"Building","Waiting","",1,"productivity or territory is insufficient [CokeOven:candidate=True;constructible=True;affordable=False;available=False;owned=3;upgradeTo=IndustrialCarbonizationRetort;research=SteamPower|Coking;workshop=;productivity=-259.44;territory=1805]"
2077102,2077102,Normal,"Building","Waiting","",1,"productivity or territory is insufficient [CokeOven:candidate=True;constructible=True;affordable=False;available=False;owned=3;upgradeTo=IndustrialCarbonizationRetort;research=SteamPower|Coking;workshop=;productivity=-261.8;territory=1805]"
2077702,2077702,Normal,"Building","Waiting","",1,"productivity or territory is insufficient [CokeOven:candidate=True;constructible=True;affordable=False;available=False;owned=3;upgradeTo=IndustrialCarbonizationRetort;research=SteamPower|Coking;workshop=;productivity=-264.16;territory=1805]"
2078302,2078902,Normal,"Building","Waiting","",2,"productivity or territory is insufficient [CokeOven:candidate=True;constructible=True;affordable=False;available=False;owned=3;upgradeTo=IndustrialCarbonizationRetort;research=SteamPower|Coking;workshop=;productivity=-266.52;territory=1805]"
2079502,2080702,Normal,"Building","Waiting","",3,"productivity or territory is insufficient [CokeOven:candidate=True;constructible=True;affordable=False;available=False;owned=3;upgradeTo=IndustrialCarbonizationRetort;research=SteamPower|Coking;workshop=;productivity=-268.88;territory=1805]"
2081302,2083702,Normal,"Building","Waiting","",5,"productivity or territory is insufficient [CokeOven:candidate=True;constructible=True;affordable=False;available=False;owned=3;upgradeTo=IndustrialCarbonizationRetort;research=SteamPower|Coking;workshop=;productivity=-271.24;territory=1805]"
2084302,2084302,Normal,"Building","Waiting","",1,"productivity or territory is insufficient [CokeOven:candidate=True;constructible=True;affordable=False;available=False;owned=3;upgradeTo=IndustrialCarbonizationRetort;research=SteamPower|Coking;workshop=;productivity=-273.6;territory=1805]"
2084902,2084902,Normal,"Building","Waiting","",1,"no strategy candidate [CokeOven:candidate=True;constructible=True;affordable=False;available=False;owned=3;upgradeTo=IndustrialCarbonizationRetort;research=SteamPower|Coking;workshop=;productivity=21.4;territory=1805]"
2085502,2085502,Normal,"Building","Waiting","",1,"productivity or territory is insufficient [CokeOven:candidate=True;constructible=True;affordable=False;available=False;owned=3;upgradeTo=IndustrialCarbonizationRetort;research=SteamPower|Coking;workshop=;productivity=-25.8;territory=1805]"
2086102,2086102,Normal,"Building","Waiting","",1,"productivity or territory is insufficient [CokeOven:candidate=True;constructible=True;affordable=False;available=False;owned=3;upgradeTo=IndustrialCarbonizationRetort;research=SteamPower|Coking;workshop=;productivity=-68.28;territory=1805]"
2086702,2086702,Normal,"Building","Waiting","",1,"productivity or territory is insufficient [CokeOven:candidate=True;constructible=True;affordable=False;available=False;owned=3;upgradeTo=IndustrialCarbonizationRetort;research=SteamPower|Coking;workshop=;productivity=-101.32;territory=1805]"
2087302,2087302,Normal,"Building","Waiting","",1,"productivity or territory is insufficient [CokeOven:candidate=True;constructible=True;affordable=False;available=False;owned=3;upgradeTo=IndustrialCarbonizationRetort;research=SteamPower|Coking;workshop=;productivity=-132;territory=1805]"
2087902,2087902,Normal,"Building","Waiting","",1,"productivity or territory is insufficient [CokeOven:candidate=True;constructible=True;affordable=False;available=False;owned=3;upgradeTo=IndustrialCarbonizationRetort;research=SteamPower|Coking;workshop=;productivity=-155.6;territory=1805]"
2088502,2088502,Normal,"Building","Waiting","",1,"productivity or territory is insufficient [CokeOven:candidate=True;constructible=True;affordable=False;available=False;owned=3;upgradeTo=IndustrialCarbonizationRetort;research=SteamPower|Coking;workshop=;productivity=-174.48;territory=1805]"
2089102,2089102,Normal,"Building","Waiting","",1,"productivity or territory is insufficient [CokeOven:candidate=True;constructible=True;affordable=False;available=False;owned=3;upgradeTo=IndustrialCarbonizationRetort;research=SteamPower|Coking;workshop=;productivity=-191;territory=1805]"
2089702,2089702,Normal,"Building","Waiting","",1,"productivity or territory is insufficient [CokeOven:candidate=True;constructible=True;affordable=False;available=False;owned=3;upgradeTo=IndustrialCarbonizationRetort;research=SteamPower|Coking;workshop=;productivity=-205.16;territory=1805]"
2090302,2090302,Normal,"Building","Waiting","",1,"productivity or territory is insufficient [CokeOven:candidate=True;constructible=True;affordable=False;available=False;owned=3;upgradeTo=IndustrialCarbonizationRetort;research=SteamPower|Coking;workshop=;productivity=-216.96;territory=1805]"
2090902,2090902,Normal,"Building","Waiting","",1,"productivity or territory is insufficient [CokeOven:candidate=True;constructible=True;affordable=False;available=False;owned=3;upgradeTo=IndustrialCarbonizationRetort;research=SteamPower|Coking;workshop=;productivity=-226.4;territory=1805]"
2091502,2091502,Normal,"Building","Waiting","",1,"productivity or territory is insufficient [CokeOven:candidate=True;constructible=True;affordable=False;available=False;owned=3;upgradeTo=IndustrialCarbonizationRetort;research=SteamPower|Coking;workshop=;productivity=-233.48;territory=1805]"
2092102,2092102,Normal,"Building","Waiting","",1,"productivity or territory is insufficient [CokeOven:candidate=True;constructible=True;affordable=False;available=False;owned=3;upgradeTo=IndustrialCarbonizationRetort;research=SteamPower|Coking;workshop=;productivity=-240.56;territory=1805]"
2092702,2092702,Normal,"Building","Waiting","",1,"productivity or territory is insufficient [CokeOven:candidate=True;constructible=True;affordable=False;available=False;owned=3;upgradeTo=IndustrialCarbonizationRetort;research=SteamPower|Coking;workshop=;productivity=-245.28;territory=1805]"
2093302,2093302,Normal,"Building","Waiting","",1,"productivity or territory is insufficient [CokeOven:candidate=True;constructible=True;affordable=False;available=False;owned=3;upgradeTo=IndustrialCarbonizationRetort;research=SteamPower|Coking;workshop=;productivity=-250;territory=1805]"
2093902,2093902,Normal,"Building","Waiting","",1,"productivity or territory is insufficient [CokeOven:candidate=True;constructible=True;affordable=False;available=False;owned=3;upgradeTo=IndustrialCarbonizationRetort;research=SteamPower|Coking;workshop=;productivity=-254.72;territory=1805]"
2094502,2094502,Normal,"Building","Waiting","",1,"productivity or territory is insufficient [CokeOven:candidate=True;constructible=True;affordable=False;available=False;owned=3;upgradeTo=IndustrialCarbonizationRetort;research=SteamPower|Coking;workshop=;productivity=-257.08;territory=1805]"
2095102,2095102,Normal,"Building","Waiting","",1,"productivity or territory is insufficient [CokeOven:candidate=True;constructible=True;affordable=False;available=False;owned=3;upgradeTo=IndustrialCarbonizationRetort;research=SteamPower|Coking;workshop=;productivity=-259.44;territory=1805]"
2095702,2095702,Normal,"Building","Waiting","",1,"productivity or territory is insufficient [CokeOven:candidate=True;constructible=True;affordable=False;available=False;owned=3;upgradeTo=IndustrialCarbonizationRetort;research=SteamPower|Coking;workshop=;productivity=-261.8;territory=1805]"
2096302,2096302,Normal,"Building","Waiting","",1,"productivity or territory is insufficient [CokeOven:candidate=True;constructible=True;affordable=False;available=False;owned=3;upgradeTo=IndustrialCarbonizationRetort;research=SteamPower|Coking;workshop=;productivity=-264.16;territory=1805]"
2096902,2097502,Normal,"Building","Waiting","",2,"productivity or territory is insufficient [CokeOven:candidate=True;constructible=True;affordable=False;available=False;owned=3;upgradeTo=IndustrialCarbonizationRetort;research=SteamPower|Coking;workshop=;productivity=-266.52;territory=1805]"
2098102,2099302,Normal,"Building","Waiting","",3,"productivity or territory is insufficient [CokeOven:candidate=True;constructible=True;affordable=False;available=False;owned=3;upgradeTo=IndustrialCarbonizationRetort;research=SteamPower|Coking;workshop=;productivity=-268.88;territory=1805]"
2099902,2102302,Normal,"Building","Waiting","",5,"productivity or territory is insufficient [CokeOven:candidate=True;constructible=True;affordable=False;available=False;owned=3;upgradeTo=IndustrialCarbonizationRetort;research=SteamPower|Coking;workshop=;productivity=-271.24;territory=1805]"
2102902,2102902,Normal,"Building","Waiting","",1,"productivity or territory is insufficient [CokeOven:candidate=True;constructible=True;affordable=False;available=False;owned=3;upgradeTo=IndustrialCarbonizationRetort;research=SteamPower|Coking;workshop=;productivity=-273.6;territory=1805]"
2103502,2103502,Normal,"Building","Waiting","",1,"no strategy candidate [CokeOven:candidate=True;constructible=True;affordable=False;available=False;owned=3;upgradeTo=IndustrialCarbonizationRetort;research=SteamPower|Coking;workshop=;productivity=21.4;territory=1805]"
2104102,2104102,Normal,"Building","Waiting","",1,"productivity or territory is insufficient [CokeOven:candidate=True;constructible=True;affordable=False;available=False;owned=3;upgradeTo=IndustrialCarbonizationRetort;research=SteamPower|Coking;workshop=;productivity=-25.8;territory=1805]"
2104702,2104702,Normal,"Building","Waiting","",1,"productivity or territory is insufficient [CokeOven:candidate=True;constructible=True;affordable=False;available=False;owned=3;upgradeTo=IndustrialCarbonizationRetort;research=SteamPower|Coking;workshop=;productivity=-68.28;territory=1805]"
2105302,2105302,Normal,"Building","Waiting","",1,"productivity or territory is insufficient [CokeOven:candidate=True;constructible=True;affordable=False;available=False;owned=3;upgradeTo=IndustrialCarbonizationRetort;research=SteamPower|Coking;workshop=;productivity=-101.32;territory=1805]"
2105902,2105902,Normal,"Building","Waiting","",1,"productivity or territory is insufficient [CokeOven:candidate=True;constructible=True;affordable=False;available=False;owned=3;upgradeTo=IndustrialCarbonizationRetort;research=SteamPower|Coking;workshop=;productivity=-132;territory=1805]"
2106502,2106502,Normal,"Building","Waiting","",1,"productivity or territory is insufficient [CokeOven:candidate=True;constructible=True;affordable=False;available=False;owned=3;upgradeTo=IndustrialCarbonizationRetort;research=SteamPower|Coking;workshop=;productivity=-155.6;territory=1805]"
2107102,2107102,Normal,"Building","Waiting","",1,"productivity or territory is insufficient [CokeOven:candidate=True;constructible=True;affordable=False;available=False;owned=3;upgradeTo=IndustrialCarbonizationRetort;research=SteamPower|Coking;workshop=;productivity=-174.48;territory=1805]"
2107702,2107702,Normal,"Building","Waiting","",1,"productivity or territory is insufficient [CokeOven:candidate=True;constructible=True;affordable=False;available=False;owned=3;upgradeTo=IndustrialCarbonizationRetort;research=SteamPower|Coking;workshop=;productivity=-191;territory=1805]"
2108302,2108302,Normal,"Building","Waiting","",1,"productivity or territory is insufficient [CokeOven:candidate=True;constructible=True;affordable=False;available=False;owned=3;upgradeTo=IndustrialCarbonizationRetort;research=SteamPower|Coking;workshop=;productivity=-205.16;territory=1805]"
2108902,2108902,Normal,"Building","Waiting","",1,"productivity or territory is insufficient [CokeOven:candidate=True;constructible=True;affordable=False;available=False;owned=3;upgradeTo=IndustrialCarbonizationRetort;research=SteamPower|Coking;workshop=;productivity=-216.96;territory=1805]"
2109502,2109502,Normal,"Building","Waiting","",1,"productivity or territory is insufficient [CokeOven:candidate=True;constructible=True;affordable=False;available=False;owned=3;upgradeTo=IndustrialCarbonizationRetort;research=SteamPower|Coking;workshop=;productivity=-226.4;territory=1805]"
2110102,2110102,Normal,"Building","Waiting","",1,"productivity or territory is insufficient [CokeOven:candidate=True;constructible=True;affordable=False;available=False;owned=3;upgradeTo=IndustrialCarbonizationRetort;research=SteamPower|Coking;workshop=;productivity=-233.48;territory=1805]"
2110702,2110702,Normal,"Building","Waiting","",1,"productivity or territory is insufficient [CokeOven:candidate=True;constructible=True;affordable=False;available=False;owned=3;upgradeTo=IndustrialCarbonizationRetort;research=SteamPower|Coking;workshop=;productivity=-240.56;territory=1805]"
2111302,2111302,Normal,"Building","Waiting","",1,"productivity or territory is insufficient [CokeOven:candidate=True;constructible=True;affordable=False;available=False;owned=3;upgradeTo=IndustrialCarbonizationRetort;research=SteamPower|Coking;workshop=;productivity=-245.28;territory=1805]"
2111902,2111902,Normal,"Building","Waiting","",1,"productivity or territory is insufficient [CokeOven:candidate=True;constructible=True;affordable=False;available=False;owned=3;upgradeTo=IndustrialCarbonizationRetort;research=SteamPower|Coking;workshop=;productivity=-250;territory=1805]"
2112502,2112502,Normal,"Building","Waiting","",1,"productivity or territory is insufficient [CokeOven:candidate=True;constructible=True;affordable=False;available=False;owned=3;upgradeTo=IndustrialCarbonizationRetort;research=SteamPower|Coking;workshop=;productivity=-254.72;territory=1805]"
2113102,2113102,Normal,"Building","Waiting","",1,"productivity or territory is insufficient [CokeOven:candidate=True;constructible=True;affordable=False;available=False;owned=3;upgradeTo=IndustrialCarbonizationRetort;research=SteamPower|Coking;workshop=;productivity=-257.08;territory=1805]"
2113702,2113702,Normal,"Building","Waiting","",1,"productivity or territory is insufficient [CokeOven:candidate=True;constructible=True;affordable=False;available=False;owned=3;upgradeTo=IndustrialCarbonizationRetort;research=SteamPower|Coking;workshop=;productivity=-259.44;territory=1805]"
2114302,2114302,Normal,"Building","Waiting","",1,"productivity or territory is insufficient [CokeOven:candidate=True;constructible=True;affordable=False;available=False;owned=3;upgradeTo=IndustrialCarbonizationRetort;research=SteamPower|Coking;workshop=;productivity=-261.8;territory=1805]"
2114902,2114902,Normal,"Building","Waiting","",1,"productivity or territory is insufficient [CokeOven:candidate=True;constructible=True;affordable=False;available=False;owned=3;upgradeTo=IndustrialCarbonizationRetort;research=SteamPower|Coking;workshop=;productivity=-264.16;territory=1805]"
2115502,2116102,Normal,"Building","Waiting","",2,"productivity or territory is insufficient [CokeOven:candidate=True;constructible=True;affordable=False;available=False;owned=3;upgradeTo=IndustrialCarbonizationRetort;research=SteamPower|Coking;workshop=;productivity=-266.52;territory=1805]"
2116702,2117902,Normal,"Building","Waiting","",3,"productivity or territory is insufficient [CokeOven:candidate=True;constructible=True;affordable=False;available=False;owned=3;upgradeTo=IndustrialCarbonizationRetort;research=SteamPower|Coking;workshop=;productivity=-268.88;territory=1805]"
2118502,2120902,Normal,"Building","Waiting","",5,"productivity or territory is insufficient [CokeOven:candidate=True;constructible=True;affordable=False;available=False;owned=3;upgradeTo=IndustrialCarbonizationRetort;research=SteamPower|Coking;workshop=;productivity=-271.24;territory=1805]"
2121502,2121502,Normal,"Building","Waiting","",1,"productivity or territory is insufficient [CokeOven:candidate=True;constructible=True;affordable=False;available=False;owned=3;upgradeTo=IndustrialCarbonizationRetort;research=SteamPower|Coking;workshop=;productivity=-273.6;territory=1805]"
2122102,2122102,Normal,"Building","Waiting","",1,"no strategy candidate [CokeOven:candidate=True;constructible=True;affordable=False;available=False;owned=3;upgradeTo=IndustrialCarbonizationRetort;research=SteamPower|Coking;workshop=;productivity=21.4;territory=1805]"
2122702,2122702,Normal,"Building","Waiting","",1,"productivity or territory is insufficient [CokeOven:candidate=True;constructible=True;affordable=False;available=False;owned=3;upgradeTo=IndustrialCarbonizationRetort;research=SteamPower|Coking;workshop=;productivity=-25.8;territory=1805]"
2123302,2123302,Normal,"Building","Waiting","",1,"productivity or territory is insufficient [CokeOven:candidate=True;constructible=True;affordable=False;available=False;owned=3;upgradeTo=IndustrialCarbonizationRetort;research=SteamPower|Coking;workshop=;productivity=-68.28;territory=1805]"
2123902,2123902,Normal,"Building","Waiting","",1,"productivity or territory is insufficient [CokeOven:candidate=True;constructible=True;affordable=False;available=False;owned=3;upgradeTo=IndustrialCarbonizationRetort;research=SteamPower|Coking;workshop=;productivity=-101.32;territory=1805]"
2124502,2124502,Normal,"Building","Waiting","",1,"productivity or territory is insufficient [CokeOven:candidate=True;constructible=True;affordable=False;available=False;owned=3;upgradeTo=IndustrialCarbonizationRetort;research=SteamPower|Coking;workshop=;productivity=-132;territory=1805]"
2125102,2125102,Normal,"Building","Waiting","",1,"productivity or territory is insufficient [CokeOven:candidate=True;constructible=True;affordable=False;available=False;owned=3;upgradeTo=IndustrialCarbonizationRetort;research=SteamPower|Coking;workshop=;productivity=-155.6;territory=1805]"
2125702,2125702,Normal,"Building","Waiting","",1,"productivity or territory is insufficient [CokeOven:candidate=True;constructible=True;affordable=False;available=False;owned=3;upgradeTo=IndustrialCarbonizationRetort;research=SteamPower|Coking;workshop=;productivity=-174.48;territory=1805]"
2126302,2126302,Normal,"Building","Waiting","",1,"productivity or territory is insufficient [CokeOven:candidate=True;constructible=True;affordable=False;available=False;owned=3;upgradeTo=IndustrialCarbonizationRetort;research=SteamPower|Coking;workshop=;productivity=-191;territory=1805]"
2126902,2126902,Normal,"Building","Waiting","",1,"productivity or territory is insufficient [CokeOven:candidate=True;constructible=True;affordable=False;available=False;owned=3;upgradeTo=IndustrialCarbonizationRetort;research=SteamPower|Coking;workshop=;productivity=-205.16;territory=1805]"
2127502,2127502,Normal,"Building","Waiting","",1,"productivity or territory is insufficient [CokeOven:candidate=True;constructible=True;affordable=False;available=False;owned=3;upgradeTo=IndustrialCarbonizationRetort;research=SteamPower|Coking;workshop=;productivity=-216.96;territory=1805]"
2128102,2128102,Normal,"Building","Waiting","",1,"productivity or territory is insufficient [CokeOven:candidate=True;constructible=True;affordable=False;available=False;owned=3;upgradeTo=IndustrialCarbonizationRetort;research=SteamPower|Coking;workshop=;productivity=-226.4;territory=1805]"
2128702,2128702,Normal,"Building","Waiting","",1,"productivity or territory is insufficient [CokeOven:candidate=True;constructible=True;affordable=False;available=False;owned=3;upgradeTo=IndustrialCarbonizationRetort;research=SteamPower|Coking;workshop=;productivity=-233.48;territory=1805]"
2129302,2129302,Normal,"Building","Waiting","",1,"productivity or territory is insufficient [CokeOven:candidate=True;constructible=True;affordable=False;available=False;owned=3;upgradeTo=IndustrialCarbonizationRetort;research=SteamPower|Coking;workshop=;productivity=-240.56;territory=1805]"
2129902,2129902,Normal,"Building","Waiting","",1,"productivity or territory is insufficient [CokeOven:candidate=True;constructible=True;affordable=False;available=False;owned=3;upgradeTo=IndustrialCarbonizationRetort;research=SteamPower|Coking;workshop=;productivity=-245.28;territory=1805]"
2130502,2130502,Normal,"Building","Waiting","",1,"productivity or territory is insufficient [CokeOven:candidate=True;constructible=True;affordable=False;available=False;owned=3;upgradeTo=IndustrialCarbonizationRetort;research=SteamPower|Coking;workshop=;productivity=-250;territory=1805]"
2131102,2131102,Normal,"Building","Waiting","",1,"productivity or territory is insufficient [CokeOven:candidate=True;constructible=True;affordable=False;available=False;owned=3;upgradeTo=IndustrialCarbonizationRetort;research=SteamPower|Coking;workshop=;productivity=-254.72;territory=1805]"
2131702,2131702,Normal,"Building","Waiting","",1,"productivity or territory is insufficient [CokeOven:candidate=True;constructible=True;affordable=False;available=False;owned=3;upgradeTo=IndustrialCarbonizationRetort;research=SteamPower|Coking;workshop=;productivity=-257.08;territory=1805]"
2132302,2132302,Normal,"Building","Waiting","",1,"productivity or territory is insufficient [CokeOven:candidate=True;constructible=True;affordable=False;available=False;owned=3;upgradeTo=IndustrialCarbonizationRetort;research=SteamPower|Coking;workshop=;productivity=-259.44;territory=1805]"
2132902,2132902,Normal,"Building","Waiting","",1,"productivity or territory is insufficient [CokeOven:candidate=True;constructible=True;affordable=False;available=False;owned=3;upgradeTo=IndustrialCarbonizationRetort;research=SteamPower|Coking;workshop=;productivity=-261.8;territory=1805]"
2133502,2133502,Normal,"Building","Waiting","",1,"productivity or territory is insufficient [CokeOven:candidate=True;constructible=True;affordable=False;available=False;owned=3;upgradeTo=IndustrialCarbonizationRetort;research=SteamPower|Coking;workshop=;productivity=-264.16;territory=1805]"
2134102,2134702,Normal,"Building","Waiting","",2,"productivity or territory is insufficient [CokeOven:candidate=True;constructible=True;affordable=False;available=False;owned=3;upgradeTo=IndustrialCarbonizationRetort;research=SteamPower|Coking;workshop=;productivity=-266.52;territory=1805]"
2135302,2136502,Normal,"Building","Waiting","",3,"productivity or territory is insufficient [CokeOven:candidate=True;constructible=True;affordable=False;available=False;owned=3;upgradeTo=IndustrialCarbonizationRetort;research=SteamPower|Coking;workshop=;productivity=-268.88;territory=1805]"
2137102,2139502,Normal,"Building","Waiting","",5,"productivity or territory is insufficient [CokeOven:candidate=True;constructible=True;affordable=False;available=False;owned=3;upgradeTo=IndustrialCarbonizationRetort;research=SteamPower|Coking;workshop=;productivity=-271.24;territory=1805]"
2140102,2140102,Normal,"Building","Waiting","",1,"productivity or territory is insufficient [CokeOven:candidate=True;constructible=True;affordable=False;available=False;owned=3;upgradeTo=IndustrialCarbonizationRetort;research=SteamPower|Coking;workshop=;productivity=-273.6;territory=1805]"
2140702,2140702,Normal,"Building","Waiting","",1,"no strategy candidate [CokeOven:candidate=True;constructible=True;affordable=False;available=False;owned=3;upgradeTo=IndustrialCarbonizationRetort;research=SteamPower|Coking;workshop=;productivity=21.4;territory=1805]"
2141302,2141302,Normal,"Building","Waiting","",1,"productivity or territory is insufficient [CokeOven:candidate=True;constructible=True;affordable=False;available=False;owned=3;upgradeTo=IndustrialCarbonizationRetort;research=SteamPower|Coking;workshop=;productivity=-25.8;territory=1805]"
2141902,2141902,Normal,"Building","Waiting","",1,"productivity or territory is insufficient [CokeOven:candidate=True;constructible=True;affordable=False;available=False;owned=3;upgradeTo=IndustrialCarbonizationRetort;research=SteamPower|Coking;workshop=;productivity=-68.28;territory=1805]"
2142502,2142502,Normal,"Building","Waiting","",1,"productivity or territory is insufficient [CokeOven:candidate=True;constructible=True;affordable=False;available=False;owned=3;upgradeTo=IndustrialCarbonizationRetort;research=SteamPower|Coking;workshop=;productivity=-101.32;territory=1805]"
2143102,2143102,Normal,"Building","Waiting","",1,"productivity or territory is insufficient [CokeOven:candidate=True;constructible=True;affordable=False;available=False;owned=3;upgradeTo=IndustrialCarbonizationRetort;research=SteamPower|Coking;workshop=;productivity=-132;territory=1805]"
2143702,2143702,Normal,"Building","Waiting","",1,"productivity or territory is insufficient [CokeOven:candidate=True;constructible=True;affordable=False;available=False;owned=3;upgradeTo=IndustrialCarbonizationRetort;research=SteamPower|Coking;workshop=;productivity=-155.6;territory=1805]"
2144302,2144302,Normal,"Building","Waiting","",1,"productivity or territory is insufficient [CokeOven:candidate=True;constructible=True;affordable=False;available=False;owned=3;upgradeTo=IndustrialCarbonizationRetort;research=SteamPower|Coking;workshop=;productivity=-174.48;territory=1805]"
2144902,2144902,Normal,"Building","Waiting","",1,"productivity or territory is insufficient [CokeOven:candidate=True;constructible=True;affordable=False;available=False;owned=3;upgradeTo=IndustrialCarbonizationRetort;research=SteamPower|Coking;workshop=;productivity=-191;territory=1805]"
2145502,2145502,Normal,"Building","Waiting","",1,"productivity or territory is insufficient [CokeOven:candidate=True;constructible=True;affordable=False;available=False;owned=3;upgradeTo=IndustrialCarbonizationRetort;research=SteamPower|Coking;workshop=;productivity=-205.16;territory=1805]"
2146102,2146102,Normal,"Building","Waiting","",1,"productivity or territory is insufficient [CokeOven:candidate=True;constructible=True;affordable=False;available=False;owned=3;upgradeTo=IndustrialCarbonizationRetort;research=SteamPower|Coking;workshop=;productivity=-216.96;territory=1805]"
2146702,2146702,Normal,"Building","Waiting","",1,"productivity or territory is insufficient [CokeOven:candidate=True;constructible=True;affordable=False;available=False;owned=3;upgradeTo=IndustrialCarbonizationRetort;research=SteamPower|Coking;workshop=;productivity=-226.4;territory=1805]"
2147302,2147302,Normal,"Building","Waiting","",1,"productivity or territory is insufficient [CokeOven:candidate=True;constructible=True;affordable=False;available=False;owned=3;upgradeTo=IndustrialCarbonizationRetort;research=SteamPower|Coking;workshop=;productivity=-233.48;territory=1805]"
2147902,2147902,Normal,"Building","Waiting","",1,"productivity or territory is insufficient [CokeOven:candidate=True;constructible=True;affordable=False;available=False;owned=3;upgradeTo=IndustrialCarbonizationRetort;research=SteamPower|Coking;workshop=;productivity=-240.56;territory=1805]"
2148502,2148502,Normal,"Building","Waiting","",1,"productivity or territory is insufficient [CokeOven:candidate=True;constructible=True;affordable=False;available=False;owned=3;upgradeTo=IndustrialCarbonizationRetort;research=SteamPower|Coking;workshop=;productivity=-245.28;territory=1805]"
2149102,2149102,Normal,"Building","Waiting","",1,"productivity or territory is insufficient [CokeOven:candidate=True;constructible=True;affordable=False;available=False;owned=3;upgradeTo=IndustrialCarbonizationRetort;research=SteamPower|Coking;workshop=;productivity=-250;territory=1805]"
2149702,2149702,Normal,"Building","Waiting","",1,"productivity or territory is insufficient [CokeOven:candidate=True;constructible=True;affordable=False;available=False;owned=3;upgradeTo=IndustrialCarbonizationRetort;research=SteamPower|Coking;workshop=;productivity=-254.72;territory=1805]"
2150302,2150302,Normal,"Building","Waiting","",1,"productivity or territory is insufficient [CokeOven:candidate=True;constructible=True;affordable=False;available=False;owned=3;upgradeTo=IndustrialCarbonizationRetort;research=SteamPower|Coking;workshop=;productivity=-257.08;territory=1805]"
2150902,2150902,Normal,"Building","Waiting","",1,"productivity or territory is insufficient [CokeOven:candidate=True;constructible=True;affordable=False;available=False;owned=3;upgradeTo=IndustrialCarbonizationRetort;research=SteamPower|Coking;workshop=;productivity=-259.44;territory=1805]"
2151502,2151502,Normal,"Building","Waiting","",1,"productivity or territory is insufficient [CokeOven:candidate=True;constructible=True;affordable=False;available=False;owned=3;upgradeTo=IndustrialCarbonizationRetort;research=SteamPower|Coking;workshop=;productivity=-261.8;territory=1805]"
2152102,2152102,Normal,"Building","Waiting","",1,"productivity or territory is insufficient [CokeOven:candidate=True;constructible=True;affordable=False;available=False;owned=3;upgradeTo=IndustrialCarbonizationRetort;research=SteamPower|Coking;workshop=;productivity=-264.16;territory=1805]"
2152702,2153302,Normal,"Building","Waiting","",2,"productivity or territory is insufficient [CokeOven:candidate=True;constructible=True;affordable=False;available=False;owned=3;upgradeTo=IndustrialCarbonizationRetort;research=SteamPower|Coking;workshop=;productivity=-266.52;territory=1805]"
2153902,2155102,Normal,"Building","Waiting","",3,"productivity or territory is insufficient [CokeOven:candidate=True;constructible=True;affordable=False;available=False;owned=3;upgradeTo=IndustrialCarbonizationRetort;research=SteamPower|Coking;workshop=;productivity=-268.88;territory=1805]"
2155702,2158102,Normal,"Building","Waiting","",5,"productivity or territory is insufficient [CokeOven:candidate=True;constructible=True;affordable=False;available=False;owned=3;upgradeTo=IndustrialCarbonizationRetort;research=SteamPower|Coking;workshop=;productivity=-271.24;territory=1805]"
2158702,2158702,Normal,"Building","Waiting","",1,"productivity or territory is insufficient [CokeOven:candidate=True;constructible=True;affordable=False;available=False;owned=3;upgradeTo=IndustrialCarbonizationRetort;research=SteamPower|Coking;workshop=;productivity=-273.6;territory=1805]"
2159302,2159302,Normal,"Building","Waiting","",1,"no strategy candidate [CokeOven:candidate=True;constructible=True;affordable=False;available=False;owned=3;upgradeTo=IndustrialCarbonizationRetort;research=SteamPower|Coking;workshop=;productivity=21.4;territory=1805]"
2159902,2159902,Normal,"Building","Waiting","",1,"productivity or territory is insufficient [CokeOven:candidate=True;constructible=True;affordable=False;available=False;owned=3;upgradeTo=IndustrialCarbonizationRetort;research=SteamPower|Coking;workshop=;productivity=-25.8;territory=1805]"
2160502,2160502,Normal,"Building","Waiting","",1,"productivity or territory is insufficient [CokeOven:candidate=True;constructible=True;affordable=False;available=False;owned=3;upgradeTo=IndustrialCarbonizationRetort;research=SteamPower|Coking;workshop=;productivity=-68.28;territory=1805]"
2161102,2161102,Normal,"Building","Waiting","",1,"productivity or territory is insufficient [CokeOven:candidate=True;constructible=True;affordable=False;available=False;owned=3;upgradeTo=IndustrialCarbonizationRetort;research=SteamPower|Coking;workshop=;productivity=-101.32;territory=1805]"
2161702,2161702,Normal,"Building","Waiting","",1,"productivity or territory is insufficient [CokeOven:candidate=True;constructible=True;affordable=False;available=False;owned=3;upgradeTo=IndustrialCarbonizationRetort;research=SteamPower|Coking;workshop=;productivity=-132;territory=1805]"
2162302,2162302,Normal,"Building","Waiting","",1,"productivity or territory is insufficient [CokeOven:candidate=True;constructible=True;affordable=False;available=False;owned=3;upgradeTo=IndustrialCarbonizationRetort;research=SteamPower|Coking;workshop=;productivity=-155.6;territory=1805]"
2162902,2162902,Normal,"Building","Waiting","",1,"productivity or territory is insufficient [CokeOven:candidate=True;constructible=True;affordable=False;available=False;owned=3;upgradeTo=IndustrialCarbonizationRetort;research=SteamPower|Coking;workshop=;productivity=-174.48;territory=1805]"
2163502,2163502,Normal,"Building","Waiting","",1,"productivity or territory is insufficient [CokeOven:candidate=True;constructible=True;affordable=False;available=False;owned=3;upgradeTo=IndustrialCarbonizationRetort;research=SteamPower|Coking;workshop=;productivity=-191;territory=1805]"
2164102,2164102,Normal,"Building","Waiting","",1,"productivity or territory is insufficient [CokeOven:candidate=True;constructible=True;affordable=False;available=False;owned=3;upgradeTo=IndustrialCarbonizationRetort;research=SteamPower|Coking;workshop=;productivity=-205.16;territory=1805]"
2164702,2164702,Normal,"Building","Waiting","",1,"productivity or territory is insufficient [CokeOven:candidate=True;constructible=True;affordable=False;available=False;owned=3;upgradeTo=IndustrialCarbonizationRetort;research=SteamPower|Coking;workshop=;productivity=-216.96;territory=1805]"
2165302,2165302,Normal,"Building","Waiting","",1,"productivity or territory is insufficient [CokeOven:candidate=True;constructible=True;affordable=False;available=False;owned=3;upgradeTo=IndustrialCarbonizationRetort;research=SteamPower|Coking;workshop=;productivity=-226.4;territory=1805]"
2165902,2165902,Normal,"Building","Waiting","",1,"productivity or territory is insufficient [CokeOven:candidate=True;constructible=True;affordable=False;available=False;owned=3;upgradeTo=IndustrialCarbonizationRetort;research=SteamPower|Coking;workshop=;productivity=-233.48;territory=1805]"
2166502,2166502,Normal,"Building","Waiting","",1,"productivity or territory is insufficient [CokeOven:candidate=True;constructible=True;affordable=False;available=False;owned=3;upgradeTo=IndustrialCarbonizationRetort;research=SteamPower|Coking;workshop=;productivity=-240.56;territory=1805]"
2167102,2167102,Normal,"Building","Waiting","",1,"productivity or territory is insufficient [CokeOven:candidate=True;constructible=True;affordable=False;available=False;owned=3;upgradeTo=IndustrialCarbonizationRetort;research=SteamPower|Coking;workshop=;productivity=-245.28;territory=1805]"
2167702,2167702,Normal,"Building","Waiting","",1,"productivity or territory is insufficient [CokeOven:candidate=True;constructible=True;affordable=False;available=False;owned=3;upgradeTo=IndustrialCarbonizationRetort;research=SteamPower|Coking;workshop=;productivity=-250;territory=1805]"
2168302,2168302,Normal,"Building","Waiting","",1,"productivity or territory is insufficient [CokeOven:candidate=True;constructible=True;affordable=False;available=False;owned=3;upgradeTo=IndustrialCarbonizationRetort;research=SteamPower|Coking;workshop=;productivity=-254.72;territory=1805]"
2168902,2168902,Normal,"Building","Waiting","",1,"productivity or territory is insufficient [CokeOven:candidate=True;constructible=True;affordable=False;available=False;owned=3;upgradeTo=IndustrialCarbonizationRetort;research=SteamPower|Coking;workshop=;productivity=-257.08;territory=1805]"
2169502,2169502,Normal,"Building","Waiting","",1,"productivity or territory is insufficient [CokeOven:candidate=True;constructible=True;affordable=False;available=False;owned=3;upgradeTo=IndustrialCarbonizationRetort;research=SteamPower|Coking;workshop=;productivity=-259.44;territory=1805]"
2170102,2170102,Normal,"Building","Waiting","",1,"productivity or territory is insufficient [CokeOven:candidate=True;constructible=True;affordable=False;available=False;owned=3;upgradeTo=IndustrialCarbonizationRetort;research=SteamPower|Coking;workshop=;productivity=-261.8;territory=1805]"
2170702,2170702,Normal,"Building","Waiting","",1,"productivity or territory is insufficient [CokeOven:candidate=True;constructible=True;affordable=False;available=False;owned=3;upgradeTo=IndustrialCarbonizationRetort;research=SteamPower|Coking;workshop=;productivity=-264.16;territory=1805]"
2171302,2171902,Normal,"Building","Waiting","",2,"productivity or territory is insufficient [CokeOven:candidate=True;constructible=True;affordable=False;available=False;owned=3;upgradeTo=IndustrialCarbonizationRetort;research=SteamPower|Coking;workshop=;productivity=-266.52;territory=1805]"
2172502,2173702,Normal,"Building","Waiting","",3,"productivity or territory is insufficient [CokeOven:candidate=True;constructible=True;affordable=False;available=False;owned=3;upgradeTo=IndustrialCarbonizationRetort;research=SteamPower|Coking;workshop=;productivity=-268.88;territory=1805]"
2174302,2176702,Normal,"Building","Waiting","",5,"productivity or territory is insufficient [CokeOven:candidate=True;constructible=True;affordable=False;available=False;owned=3;upgradeTo=IndustrialCarbonizationRetort;research=SteamPower|Coking;workshop=;productivity=-271.24;territory=1805]"
2177302,2177302,Normal,"Building","Waiting","",1,"productivity or territory is insufficient [CokeOven:candidate=True;constructible=True;affordable=False;available=False;owned=3;upgradeTo=IndustrialCarbonizationRetort;research=SteamPower|Coking;workshop=;productivity=-273.6;territory=1805]"
2177902,2177902,Normal,"Building","Waiting","",1,"no strategy candidate [CokeOven:candidate=True;constructible=True;affordable=False;available=False;owned=3;upgradeTo=IndustrialCarbonizationRetort;research=SteamPower|Coking;workshop=;productivity=21.4;territory=1805]"
2178502,2178502,Normal,"Building","Waiting","",1,"productivity or territory is insufficient [CokeOven:candidate=True;constructible=True;affordable=False;available=False;owned=3;upgradeTo=IndustrialCarbonizationRetort;research=SteamPower|Coking;workshop=;productivity=-25.8;territory=1805]"
2179102,2179102,Normal,"Building","Waiting","",1,"productivity or territory is insufficient [CokeOven:candidate=True;constructible=True;affordable=False;available=False;owned=3;upgradeTo=IndustrialCarbonizationRetort;research=SteamPower|Coking;workshop=;productivity=-68.28;territory=1805]"
2179702,2179702,Normal,"Building","Waiting","",1,"productivity or territory is insufficient [CokeOven:candidate=True;constructible=True;affordable=False;available=False;owned=3;upgradeTo=IndustrialCarbonizationRetort;research=SteamPower|Coking;workshop=;productivity=-101.32;territory=1805]"
2180302,2180302,Normal,"Building","Waiting","",1,"productivity or territory is insufficient [CokeOven:candidate=True;constructible=True;affordable=False;available=False;owned=3;upgradeTo=IndustrialCarbonizationRetort;research=SteamPower|Coking;workshop=;productivity=-132;territory=1805]"
2180902,2180902,Normal,"Building","Waiting","",1,"productivity or territory is insufficient [CokeOven:candidate=True;constructible=True;affordable=False;available=False;owned=3;upgradeTo=IndustrialCarbonizationRetort;research=SteamPower|Coking;workshop=;productivity=-155.6;territory=1805]"
2181502,2181502,Normal,"Building","Waiting","",1,"productivity or territory is insufficient [CokeOven:candidate=True;constructible=True;affordable=False;available=False;owned=3;upgradeTo=IndustrialCarbonizationRetort;research=SteamPower|Coking;workshop=;productivity=-174.48;territory=1805]"
2182102,2182102,Normal,"Building","Waiting","",1,"productivity or territory is insufficient [CokeOven:candidate=True;constructible=True;affordable=False;available=False;owned=3;upgradeTo=IndustrialCarbonizationRetort;research=SteamPower|Coking;workshop=;productivity=-191;territory=1805]"
2182702,2182702,Normal,"Building","Waiting","",1,"productivity or territory is insufficient [CokeOven:candidate=True;constructible=True;affordable=False;available=False;owned=3;upgradeTo=IndustrialCarbonizationRetort;research=SteamPower|Coking;workshop=;productivity=-205.16;territory=1805]"
2183302,2183302,Normal,"Building","Waiting","",1,"productivity or territory is insufficient [CokeOven:candidate=True;constructible=True;affordable=False;available=False;owned=3;upgradeTo=IndustrialCarbonizationRetort;research=SteamPower|Coking;workshop=;productivity=-216.96;territory=1805]"
2183902,2183902,Normal,"Building","Waiting","",1,"productivity or territory is insufficient [CokeOven:candidate=True;constructible=True;affordable=False;available=False;owned=3;upgradeTo=IndustrialCarbonizationRetort;research=SteamPower|Coking;workshop=;productivity=-226.4;territory=1805]"
2184502,2184502,Normal,"Building","Waiting","",1,"productivity or territory is insufficient [CokeOven:candidate=True;constructible=True;affordable=False;available=False;owned=3;upgradeTo=IndustrialCarbonizationRetort;research=SteamPower|Coking;workshop=;productivity=-233.48;territory=1805]"
2185102,2185102,Normal,"Building","Waiting","",1,"productivity or territory is insufficient [CokeOven:candidate=True;constructible=True;affordable=False;available=False;owned=3;upgradeTo=IndustrialCarbonizationRetort;research=SteamPower|Coking;workshop=;productivity=-240.56;territory=1805]"
2185702,2185702,Normal,"Building","Waiting","",1,"productivity or territory is insufficient [CokeOven:candidate=True;constructible=True;affordable=False;available=False;owned=3;upgradeTo=IndustrialCarbonizationRetort;research=SteamPower|Coking;workshop=;productivity=-245.28;territory=1805]"
2186302,2186302,Normal,"Building","Waiting","",1,"productivity or territory is insufficient [CokeOven:candidate=True;constructible=True;affordable=False;available=False;owned=3;upgradeTo=IndustrialCarbonizationRetort;research=SteamPower|Coking;workshop=;productivity=-250;territory=1805]"
2186902,2186902,Normal,"Building","Waiting","",1,"productivity or territory is insufficient [CokeOven:candidate=True;constructible=True;affordable=False;available=False;owned=3;upgradeTo=IndustrialCarbonizationRetort;research=SteamPower|Coking;workshop=;productivity=-254.72;territory=1805]"
2187502,2187502,Normal,"Building","Waiting","",1,"productivity or territory is insufficient [CokeOven:candidate=True;constructible=True;affordable=False;available=False;owned=3;upgradeTo=IndustrialCarbonizationRetort;research=SteamPower|Coking;workshop=;productivity=-257.08;territory=1805]"
2188102,2188102,Normal,"Building","Waiting","",1,"productivity or territory is insufficient [CokeOven:candidate=True;constructible=True;affordable=False;available=False;owned=3;upgradeTo=IndustrialCarbonizationRetort;research=SteamPower|Coking;workshop=;productivity=-259.44;territory=1805]"
2188702,2188702,Normal,"Building","Waiting","",1,"productivity or territory is insufficient [CokeOven:candidate=True;constructible=True;affordable=False;available=False;owned=3;upgradeTo=IndustrialCarbonizationRetort;research=SteamPower|Coking;workshop=;productivity=-261.8;territory=1805]"
2189302,2189302,Normal,"Building","Waiting","",1,"productivity or territory is insufficient [CokeOven:candidate=True;constructible=True;affordable=False;available=False;owned=3;upgradeTo=IndustrialCarbonizationRetort;research=SteamPower|Coking;workshop=;productivity=-264.16;territory=1805]"
2189902,2190502,Normal,"Building","Waiting","",2,"productivity or territory is insufficient [CokeOven:candidate=True;constructible=True;affordable=False;available=False;owned=3;upgradeTo=IndustrialCarbonizationRetort;research=SteamPower|Coking;workshop=;productivity=-266.52;territory=1805]"
2191102,2192302,Normal,"Building","Waiting","",3,"productivity or territory is insufficient [CokeOven:candidate=True;constructible=True;affordable=False;available=False;owned=3;upgradeTo=IndustrialCarbonizationRetort;research=SteamPower|Coking;workshop=;productivity=-268.88;territory=1805]"
2192902,2195302,Normal,"Building","Waiting","",5,"productivity or territory is insufficient [CokeOven:candidate=True;constructible=True;affordable=False;available=False;owned=3;upgradeTo=IndustrialCarbonizationRetort;research=SteamPower|Coking;workshop=;productivity=-271.24;territory=1805]"
2195902,2195902,Normal,"Building","Waiting","",1,"productivity or territory is insufficient [CokeOven:candidate=True;constructible=True;affordable=False;available=False;owned=3;upgradeTo=IndustrialCarbonizationRetort;research=SteamPower|Coking;workshop=;productivity=-273.6;territory=1805]"
2196502,2196502,Normal,"Building","Waiting","",1,"no strategy candidate [CokeOven:candidate=True;constructible=True;affordable=False;available=False;owned=3;upgradeTo=IndustrialCarbonizationRetort;research=SteamPower|Coking;workshop=;productivity=21.4;territory=1805]"
2197102,2197102,Normal,"Building","Waiting","",1,"productivity or territory is insufficient [CokeOven:candidate=True;constructible=True;affordable=False;available=False;owned=3;upgradeTo=IndustrialCarbonizationRetort;research=SteamPower|Coking;workshop=;productivity=-25.8;territory=1805]"
2197702,2197702,Normal,"Building","Waiting","",1,"productivity or territory is insufficient [CokeOven:candidate=True;constructible=True;affordable=False;available=False;owned=3;upgradeTo=IndustrialCarbonizationRetort;research=SteamPower|Coking;workshop=;productivity=-68.28;territory=1805]"
2198302,2198302,Normal,"Building","Waiting","",1,"productivity or territory is insufficient [CokeOven:candidate=True;constructible=True;affordable=False;available=False;owned=3;upgradeTo=IndustrialCarbonizationRetort;research=SteamPower|Coking;workshop=;productivity=-101.32;territory=1805]"
2198902,2198902,Normal,"Building","Waiting","",1,"productivity or territory is insufficient [CokeOven:candidate=True;constructible=True;affordable=False;available=False;owned=3;upgradeTo=IndustrialCarbonizationRetort;research=SteamPower|Coking;workshop=;productivity=-132;territory=1805]"
2199502,2199502,Normal,"Building","Waiting","",1,"productivity or territory is insufficient [CokeOven:candidate=True;constructible=True;affordable=False;available=False;owned=3;upgradeTo=IndustrialCarbonizationRetort;research=SteamPower|Coking;workshop=;productivity=-155.6;territory=1805]"
2200102,2200102,Normal,"Building","Waiting","",1,"productivity or territory is insufficient [CokeOven:candidate=True;constructible=True;affordable=False;available=False;owned=3;upgradeTo=IndustrialCarbonizationRetort;research=SteamPower|Coking;workshop=;productivity=-174.48;territory=1805]"
2200702,2200702,Normal,"Building","Waiting","",1,"productivity or territory is insufficient [CokeOven:candidate=True;constructible=True;affordable=False;available=False;owned=3;upgradeTo=IndustrialCarbonizationRetort;research=SteamPower|Coking;workshop=;productivity=-191;territory=1805]"
2201302,2201302,Normal,"Building","Waiting","",1,"productivity or territory is insufficient [CokeOven:candidate=True;constructible=True;affordable=False;available=False;owned=3;upgradeTo=IndustrialCarbonizationRetort;research=SteamPower|Coking;workshop=;productivity=-205.16;territory=1805]"
2201902,2201902,Normal,"Building","Waiting","",1,"productivity or territory is insufficient [CokeOven:candidate=True;constructible=True;affordable=False;available=False;owned=3;upgradeTo=IndustrialCarbonizationRetort;research=SteamPower|Coking;workshop=;productivity=-216.96;territory=1805]"
2202502,2202502,Normal,"Building","Waiting","",1,"productivity or territory is insufficient [CokeOven:candidate=True;constructible=True;affordable=False;available=False;owned=3;upgradeTo=IndustrialCarbonizationRetort;research=SteamPower|Coking;workshop=;productivity=-226.4;territory=1805]"
2203102,2203102,Normal,"Building","Waiting","",1,"productivity or territory is insufficient [CokeOven:candidate=True;constructible=True;affordable=False;available=False;owned=3;upgradeTo=IndustrialCarbonizationRetort;research=SteamPower|Coking;workshop=;productivity=-233.48;territory=1805]"
2203702,2203702,Normal,"Building","Waiting","",1,"productivity or territory is insufficient [CokeOven:candidate=True;constructible=True;affordable=False;available=False;owned=3;upgradeTo=IndustrialCarbonizationRetort;research=SteamPower|Coking;workshop=;productivity=-240.56;territory=1805]"
2204302,2204302,Normal,"Building","Waiting","",1,"productivity or territory is insufficient [CokeOven:candidate=True;constructible=True;affordable=False;available=False;owned=3;upgradeTo=IndustrialCarbonizationRetort;research=SteamPower|Coking;workshop=;productivity=-245.28;territory=1805]"
2204902,2204902,Normal,"Building","Waiting","",1,"productivity or territory is insufficient [CokeOven:candidate=True;constructible=True;affordable=False;available=False;owned=3;upgradeTo=IndustrialCarbonizationRetort;research=SteamPower|Coking;workshop=;productivity=-250;territory=1805]"
2205502,2205502,Normal,"Building","Waiting","",1,"productivity or territory is insufficient [CokeOven:candidate=True;constructible=True;affordable=False;available=False;owned=3;upgradeTo=IndustrialCarbonizationRetort;research=SteamPower|Coking;workshop=;productivity=-254.72;territory=1805]"
2206102,2206102,Normal,"Building","Waiting","",1,"productivity or territory is insufficient [CokeOven:candidate=True;constructible=True;affordable=False;available=False;owned=3;upgradeTo=IndustrialCarbonizationRetort;research=SteamPower|Coking;workshop=;productivity=-257.08;territory=1805]"
2206702,2206702,Normal,"Building","Waiting","",1,"productivity or territory is insufficient [CokeOven:candidate=True;constructible=True;affordable=False;available=False;owned=3;upgradeTo=IndustrialCarbonizationRetort;research=SteamPower|Coking;workshop=;productivity=-259.44;territory=1805]"
2207302,2207302,Normal,"Building","Waiting","",1,"productivity or territory is insufficient [CokeOven:candidate=True;constructible=True;affordable=False;available=False;owned=3;upgradeTo=IndustrialCarbonizationRetort;research=SteamPower|Coking;workshop=;productivity=-261.8;territory=1805]"
2207902,2207902,Normal,"Building","Waiting","",1,"productivity or territory is insufficient [CokeOven:candidate=True;constructible=True;affordable=False;available=False;owned=3;upgradeTo=IndustrialCarbonizationRetort;research=SteamPower|Coking;workshop=;productivity=-264.16;territory=1805]"
2208502,2209102,Normal,"Building","Waiting","",2,"productivity or territory is insufficient [CokeOven:candidate=True;constructible=True;affordable=False;available=False;owned=3;upgradeTo=IndustrialCarbonizationRetort;research=SteamPower|Coking;workshop=;productivity=-266.52;territory=1805]"
2209702,2210902,Normal,"Building","Waiting","",3,"productivity or territory is insufficient [CokeOven:candidate=True;constructible=True;affordable=False;available=False;owned=3;upgradeTo=IndustrialCarbonizationRetort;research=SteamPower|Coking;workshop=;productivity=-268.88;territory=1805]"
2211502,2213902,Normal,"Building","Waiting","",5,"productivity or territory is insufficient [CokeOven:candidate=True;constructible=True;affordable=False;available=False;owned=3;upgradeTo=IndustrialCarbonizationRetort;research=SteamPower|Coking;workshop=;productivity=-271.24;territory=1805]"
2214502,2214502,Normal,"Building","Waiting","",1,"productivity or territory is insufficient [CokeOven:candidate=True;constructible=True;affordable=False;available=False;owned=3;upgradeTo=IndustrialCarbonizationRetort;research=SteamPower|Coking;workshop=;productivity=-273.6;territory=1805]"
2215102,2215102,Normal,"Building","Waiting","",1,"no strategy candidate [CokeOven:candidate=True;constructible=True;affordable=False;available=False;owned=3;upgradeTo=IndustrialCarbonizationRetort;research=SteamPower|Coking;workshop=;productivity=21.4;territory=1805]"
2215702,2215702,Normal,"Building","Waiting","",1,"productivity or territory is insufficient [CokeOven:candidate=True;constructible=True;affordable=False;available=False;owned=3;upgradeTo=IndustrialCarbonizationRetort;research=SteamPower|Coking;workshop=;productivity=-25.8;territory=1805]"
2216302,2216302,Normal,"Building","Waiting","",1,"productivity or territory is insufficient [CokeOven:candidate=True;constructible=True;affordable=False;available=False;owned=3;upgradeTo=IndustrialCarbonizationRetort;research=SteamPower|Coking;workshop=;productivity=-68.28;territory=1805]"
2216902,2216902,Normal,"Building","Waiting","",1,"productivity or territory is insufficient [CokeOven:candidate=True;constructible=True;affordable=False;available=False;owned=3;upgradeTo=IndustrialCarbonizationRetort;research=SteamPower|Coking;workshop=;productivity=-101.32;territory=1805]"
2217502,2217502,Normal,"Building","Waiting","",1,"productivity or territory is insufficient [CokeOven:candidate=True;constructible=True;affordable=False;available=False;owned=3;upgradeTo=IndustrialCarbonizationRetort;research=SteamPower|Coking;workshop=;productivity=-132;territory=1805]"
2218102,2218102,Normal,"Building","Waiting","",1,"productivity or territory is insufficient [CokeOven:candidate=True;constructible=True;affordable=False;available=False;owned=3;upgradeTo=IndustrialCarbonizationRetort;research=SteamPower|Coking;workshop=;productivity=-155.6;territory=1805]"
2218702,2218702,Normal,"Building","Waiting","",1,"productivity or territory is insufficient [CokeOven:candidate=True;constructible=True;affordable=False;available=False;owned=3;upgradeTo=IndustrialCarbonizationRetort;research=SteamPower|Coking;workshop=;productivity=-174.48;territory=1805]"
2219302,2219302,Normal,"Building","Waiting","",1,"productivity or territory is insufficient [CokeOven:candidate=True;constructible=True;affordable=False;available=False;owned=3;upgradeTo=IndustrialCarbonizationRetort;research=SteamPower|Coking;workshop=;productivity=-191;territory=1805]"
2219902,2219902,Normal,"Building","Waiting","",1,"productivity or territory is insufficient [CokeOven:candidate=True;constructible=True;affordable=False;available=False;owned=3;upgradeTo=IndustrialCarbonizationRetort;research=SteamPower|Coking;workshop=;productivity=-205.16;territory=1805]"
2220502,2220502,Normal,"Building","Waiting","",1,"productivity or territory is insufficient [CokeOven:candidate=True;constructible=True;affordable=False;available=False;owned=3;upgradeTo=IndustrialCarbonizationRetort;research=SteamPower|Coking;workshop=;productivity=-216.96;territory=1805]"
2221102,2221102,Normal,"Building","Waiting","",1,"productivity or territory is insufficient [CokeOven:candidate=True;constructible=True;affordable=False;available=False;owned=3;upgradeTo=IndustrialCarbonizationRetort;research=SteamPower|Coking;workshop=;productivity=-226.4;territory=1805]"
2221702,2221702,Normal,"Building","Waiting","",1,"productivity or territory is insufficient [CokeOven:candidate=True;constructible=True;affordable=False;available=False;owned=3;upgradeTo=IndustrialCarbonizationRetort;research=SteamPower|Coking;workshop=;productivity=-233.48;territory=1805]"
2222302,2222302,Normal,"Building","Waiting","",1,"productivity or territory is insufficient [CokeOven:candidate=True;constructible=True;affordable=False;available=False;owned=3;upgradeTo=IndustrialCarbonizationRetort;research=SteamPower|Coking;workshop=;productivity=-240.56;territory=1805]"
2222902,2222902,Normal,"Building","Waiting","",1,"productivity or territory is insufficient [CokeOven:candidate=True;constructible=True;affordable=False;available=False;owned=3;upgradeTo=IndustrialCarbonizationRetort;research=SteamPower|Coking;workshop=;productivity=-245.28;territory=1805]"
2223502,2223502,Normal,"Building","Waiting","",1,"productivity or territory is insufficient [CokeOven:candidate=True;constructible=True;affordable=False;available=False;owned=3;upgradeTo=IndustrialCarbonizationRetort;research=SteamPower|Coking;workshop=;productivity=-250;territory=1805]"
2224102,2224102,Normal,"Building","Waiting","",1,"productivity or territory is insufficient [CokeOven:candidate=True;constructible=True;affordable=False;available=False;owned=3;upgradeTo=IndustrialCarbonizationRetort;research=SteamPower|Coking;workshop=;productivity=-254.72;territory=1805]"
2224702,2224702,Normal,"Building","Waiting","",1,"productivity or territory is insufficient [CokeOven:candidate=True;constructible=True;affordable=False;available=False;owned=3;upgradeTo=IndustrialCarbonizationRetort;research=SteamPower|Coking;workshop=;productivity=-257.08;territory=1805]"
2225302,2225302,Normal,"Building","Waiting","",1,"productivity or territory is insufficient [CokeOven:candidate=True;constructible=True;affordable=False;available=False;owned=3;upgradeTo=IndustrialCarbonizationRetort;research=SteamPower|Coking;workshop=;productivity=-259.44;territory=1805]"
2225902,2225902,Normal,"Building","Waiting","",1,"productivity or territory is insufficient [CokeOven:candidate=True;constructible=True;affordable=False;available=False;owned=3;upgradeTo=IndustrialCarbonizationRetort;research=SteamPower|Coking;workshop=;productivity=-261.8;territory=1805]"
2226502,2226502,Normal,"Building","Waiting","",1,"productivity or territory is insufficient [CokeOven:candidate=True;constructible=True;affordable=False;available=False;owned=3;upgradeTo=IndustrialCarbonizationRetort;research=SteamPower|Coking;workshop=;productivity=-264.16;territory=1805]"
2227102,2227702,Normal,"Building","Waiting","",2,"productivity or territory is insufficient [CokeOven:candidate=True;constructible=True;affordable=False;available=False;owned=3;upgradeTo=IndustrialCarbonizationRetort;research=SteamPower|Coking;workshop=;productivity=-266.52;territory=1805]"
2228302,2229502,Normal,"Building","Waiting","",3,"productivity or territory is insufficient [CokeOven:candidate=True;constructible=True;affordable=False;available=False;owned=3;upgradeTo=IndustrialCarbonizationRetort;research=SteamPower|Coking;workshop=;productivity=-268.88;territory=1805]"
2230102,2232502,Normal,"Building","Waiting","",5,"productivity or territory is insufficient [CokeOven:candidate=True;constructible=True;affordable=False;available=False;owned=3;upgradeTo=IndustrialCarbonizationRetort;research=SteamPower|Coking;workshop=;productivity=-271.24;territory=1805]"
2233102,2233102,Normal,"Building","Waiting","",1,"productivity or territory is insufficient [CokeOven:candidate=True;constructible=True;affordable=False;available=False;owned=3;upgradeTo=IndustrialCarbonizationRetort;research=SteamPower|Coking;workshop=;productivity=-273.6;territory=1805]"
2233702,2233702,Normal,"Building","Waiting","",1,"no strategy candidate [CokeOven:candidate=True;constructible=True;affordable=False;available=False;owned=3;upgradeTo=IndustrialCarbonizationRetort;research=SteamPower|Coking;workshop=;productivity=21.4;territory=1805]"
2234302,2234302,Normal,"Building","Waiting","",1,"productivity or territory is insufficient [CokeOven:candidate=True;constructible=True;affordable=False;available=False;owned=3;upgradeTo=IndustrialCarbonizationRetort;research=SteamPower|Coking;workshop=;productivity=-25.8;territory=1805]"
2234902,2234902,Normal,"Building","Waiting","",1,"productivity or territory is insufficient [CokeOven:candidate=True;constructible=True;affordable=False;available=False;owned=3;upgradeTo=IndustrialCarbonizationRetort;research=SteamPower|Coking;workshop=;productivity=-68.28;territory=1805]"
2235502,2235502,Normal,"Building","Waiting","",1,"productivity or territory is insufficient [CokeOven:candidate=True;constructible=True;affordable=False;available=False;owned=3;upgradeTo=IndustrialCarbonizationRetort;research=SteamPower|Coking;workshop=;productivity=-101.32;territory=1805]"
2236102,2236102,Normal,"Building","Waiting","",1,"productivity or territory is insufficient [CokeOven:candidate=True;constructible=True;affordable=False;available=False;owned=3;upgradeTo=IndustrialCarbonizationRetort;research=SteamPower|Coking;workshop=;productivity=-132;territory=1805]"
2236702,2236702,Normal,"Building","Waiting","",1,"productivity or territory is insufficient [CokeOven:candidate=True;constructible=True;affordable=False;available=False;owned=3;upgradeTo=IndustrialCarbonizationRetort;research=SteamPower|Coking;workshop=;productivity=-155.6;territory=1805]"
2237302,2237302,Normal,"Building","Waiting","",1,"productivity or territory is insufficient [CokeOven:candidate=True;constructible=True;affordable=False;available=False;owned=3;upgradeTo=IndustrialCarbonizationRetort;research=SteamPower|Coking;workshop=;productivity=-174.48;territory=1805]"
2237902,2237902,Normal,"Building","Waiting","",1,"productivity or territory is insufficient [CokeOven:candidate=True;constructible=True;affordable=False;available=False;owned=3;upgradeTo=IndustrialCarbonizationRetort;research=SteamPower|Coking;workshop=;productivity=-191;territory=1805]"
2238502,2238502,Normal,"Building","Waiting","",1,"productivity or territory is insufficient [CokeOven:candidate=True;constructible=True;affordable=False;available=False;owned=3;upgradeTo=IndustrialCarbonizationRetort;research=SteamPower|Coking;workshop=;productivity=-205.16;territory=1805]"
2239102,2239102,Normal,"Building","Waiting","",1,"productivity or territory is insufficient [CokeOven:candidate=True;constructible=True;affordable=False;available=False;owned=3;upgradeTo=IndustrialCarbonizationRetort;research=SteamPower|Coking;workshop=;productivity=-216.96;territory=1805]"
2239702,2239702,Normal,"Building","Waiting","",1,"productivity or territory is insufficient [CokeOven:candidate=True;constructible=True;affordable=False;available=False;owned=3;upgradeTo=IndustrialCarbonizationRetort;research=SteamPower|Coking;workshop=;productivity=-226.4;territory=1805]"
2240302,2240302,Normal,"Building","Waiting","",1,"productivity or territory is insufficient [CokeOven:candidate=True;constructible=True;affordable=False;available=False;owned=3;upgradeTo=IndustrialCarbonizationRetort;research=SteamPower|Coking;workshop=;productivity=-233.48;territory=1805]"
2240902,2240902,Normal,"Building","Waiting","",1,"productivity or territory is insufficient [CokeOven:candidate=True;constructible=True;affordable=False;available=False;owned=3;upgradeTo=IndustrialCarbonizationRetort;research=SteamPower|Coking;workshop=;productivity=-240.56;territory=1805]"
2241502,2241502,Normal,"Building","Waiting","",1,"productivity or territory is insufficient [CokeOven:candidate=True;constructible=True;affordable=False;available=False;owned=3;upgradeTo=IndustrialCarbonizationRetort;research=SteamPower|Coking;workshop=;productivity=-245.28;territory=1805]"
2242102,2242102,Normal,"Building","Waiting","",1,"productivity or territory is insufficient [CokeOven:candidate=True;constructible=True;affordable=False;available=False;owned=3;upgradeTo=IndustrialCarbonizationRetort;research=SteamPower|Coking;workshop=;productivity=-250;territory=1805]"
2242702,2242702,Normal,"Building","Waiting","",1,"productivity or territory is insufficient [CokeOven:candidate=True;constructible=True;affordable=False;available=False;owned=3;upgradeTo=IndustrialCarbonizationRetort;research=SteamPower|Coking;workshop=;productivity=-254.72;territory=1805]"
2243302,2243302,Normal,"Building","Waiting","",1,"productivity or territory is insufficient [CokeOven:candidate=True;constructible=True;affordable=False;available=False;owned=3;upgradeTo=IndustrialCarbonizationRetort;research=SteamPower|Coking;workshop=;productivity=-257.08;territory=1805]"
2243902,2243902,Normal,"Building","Waiting","",1,"productivity or territory is insufficient [CokeOven:candidate=True;constructible=True;affordable=False;available=False;owned=3;upgradeTo=IndustrialCarbonizationRetort;research=SteamPower|Coking;workshop=;productivity=-259.44;territory=1805]"
2244502,2244502,Normal,"Building","Waiting","",1,"productivity or territory is insufficient [CokeOven:candidate=True;constructible=True;affordable=False;available=False;owned=3;upgradeTo=IndustrialCarbonizationRetort;research=SteamPower|Coking;workshop=;productivity=-261.8;territory=1805]"
2245102,2245102,Normal,"Building","Waiting","",1,"productivity or territory is insufficient [CokeOven:candidate=True;constructible=True;affordable=False;available=False;owned=3;upgradeTo=IndustrialCarbonizationRetort;research=SteamPower|Coking;workshop=;productivity=-264.16;territory=1805]"
2245702,2246302,Normal,"Building","Waiting","",2,"productivity or territory is insufficient [CokeOven:candidate=True;constructible=True;affordable=False;available=False;owned=3;upgradeTo=IndustrialCarbonizationRetort;research=SteamPower|Coking;workshop=;productivity=-266.52;territory=1805]"
2246902,2248102,Normal,"Building","Waiting","",3,"productivity or territory is insufficient [CokeOven:candidate=True;constructible=True;affordable=False;available=False;owned=3;upgradeTo=IndustrialCarbonizationRetort;research=SteamPower|Coking;workshop=;productivity=-268.88;territory=1805]"
2248702,2251102,Normal,"Building","Waiting","",5,"productivity or territory is insufficient [CokeOven:candidate=True;constructible=True;affordable=False;available=False;owned=3;upgradeTo=IndustrialCarbonizationRetort;research=SteamPower|Coking;workshop=;productivity=-271.24;territory=1805]"
2251702,2251702,Normal,"Building","Waiting","",1,"productivity or territory is insufficient [CokeOven:candidate=True;constructible=True;affordable=False;available=False;owned=3;upgradeTo=IndustrialCarbonizationRetort;research=SteamPower|Coking;workshop=;productivity=-273.6;territory=1805]"
2252302,2252302,Normal,"Building","Waiting","",1,"no strategy candidate [CokeOven:candidate=True;constructible=True;affordable=False;available=False;owned=3;upgradeTo=IndustrialCarbonizationRetort;research=SteamPower|Coking;workshop=;productivity=21.4;territory=1805]"
2252902,2252902,Normal,"Building","Waiting","",1,"productivity or territory is insufficient [CokeOven:candidate=True;constructible=True;affordable=False;available=False;owned=3;upgradeTo=IndustrialCarbonizationRetort;research=SteamPower|Coking;workshop=;productivity=-25.8;territory=1805]"
2253502,2253502,Normal,"Building","Waiting","",1,"productivity or territory is insufficient [CokeOven:candidate=True;constructible=True;affordable=False;available=False;owned=3;upgradeTo=IndustrialCarbonizationRetort;research=SteamPower|Coking;workshop=;productivity=-68.28;territory=1805]"
2254102,2254102,Normal,"Building","Waiting","",1,"productivity or territory is insufficient [CokeOven:candidate=True;constructible=True;affordable=False;available=False;owned=3;upgradeTo=IndustrialCarbonizationRetort;research=SteamPower|Coking;workshop=;productivity=-101.32;territory=1805]"
2254702,2254702,Normal,"Building","Waiting","",1,"productivity or territory is insufficient [CokeOven:candidate=True;constructible=True;affordable=False;available=False;owned=3;upgradeTo=IndustrialCarbonizationRetort;research=SteamPower|Coking;workshop=;productivity=-132;territory=1805]"
2255302,2255302,Normal,"Building","Waiting","",1,"productivity or territory is insufficient [CokeOven:candidate=True;constructible=True;affordable=False;available=False;owned=3;upgradeTo=IndustrialCarbonizationRetort;research=SteamPower|Coking;workshop=;productivity=-155.6;territory=1805]"
2255902,2255902,Normal,"Building","Waiting","",1,"productivity or territory is insufficient [CokeOven:candidate=True;constructible=True;affordable=False;available=False;owned=3;upgradeTo=IndustrialCarbonizationRetort;research=SteamPower|Coking;workshop=;productivity=-174.48;territory=1805]"
2256502,2256502,Normal,"Building","Waiting","",1,"productivity or territory is insufficient [CokeOven:candidate=True;constructible=True;affordable=False;available=False;owned=3;upgradeTo=IndustrialCarbonizationRetort;research=SteamPower|Coking;workshop=;productivity=-191;territory=1805]"
2257102,2257102,Normal,"Building","Waiting","",1,"productivity or territory is insufficient [CokeOven:candidate=True;constructible=True;affordable=False;available=False;owned=3;upgradeTo=IndustrialCarbonizationRetort;research=SteamPower|Coking;workshop=;productivity=-205.16;territory=1805]"
2257702,2257702,Normal,"Building","Waiting","",1,"productivity or territory is insufficient [CokeOven:candidate=True;constructible=True;affordable=False;available=False;owned=3;upgradeTo=IndustrialCarbonizationRetort;research=SteamPower|Coking;workshop=;productivity=-216.96;territory=1805]"
2258302,2258302,Normal,"Building","Waiting","",1,"productivity or territory is insufficient [CokeOven:candidate=True;constructible=True;affordable=False;available=False;owned=3;upgradeTo=IndustrialCarbonizationRetort;research=SteamPower|Coking;workshop=;productivity=-226.4;territory=1805]"
2258902,2258902,Normal,"Building","Waiting","",1,"productivity or territory is insufficient [CokeOven:candidate=True;constructible=True;affordable=False;available=False;owned=3;upgradeTo=IndustrialCarbonizationRetort;research=SteamPower|Coking;workshop=;productivity=-233.48;territory=1805]"
2259502,2259502,Normal,"Building","Waiting","",1,"productivity or territory is insufficient [CokeOven:candidate=True;constructible=True;affordable=False;available=False;owned=3;upgradeTo=IndustrialCarbonizationRetort;research=SteamPower|Coking;workshop=;productivity=-240.56;territory=1805]"
2260102,2260102,Normal,"Building","Waiting","",1,"productivity or territory is insufficient [CokeOven:candidate=True;constructible=True;affordable=False;available=False;owned=3;upgradeTo=IndustrialCarbonizationRetort;research=SteamPower|Coking;workshop=;productivity=-245.28;territory=1805]"
2260702,2260702,Normal,"Building","Waiting","",1,"productivity or territory is insufficient [CokeOven:candidate=True;constructible=True;affordable=False;available=False;owned=3;upgradeTo=IndustrialCarbonizationRetort;research=SteamPower|Coking;workshop=;productivity=-250;territory=1805]"
2261302,2261302,Normal,"Building","Waiting","",1,"productivity or territory is insufficient [CokeOven:candidate=True;constructible=True;affordable=False;available=False;owned=3;upgradeTo=IndustrialCarbonizationRetort;research=SteamPower|Coking;workshop=;productivity=-254.72;territory=1805]"
2261902,2261902,Normal,"Building","Waiting","",1,"productivity or territory is insufficient [CokeOven:candidate=True;constructible=True;affordable=False;available=False;owned=3;upgradeTo=IndustrialCarbonizationRetort;research=SteamPower|Coking;workshop=;productivity=-257.08;territory=1805]"
2262502,2262502,Normal,"Building","Waiting","",1,"productivity or territory is insufficient [CokeOven:candidate=True;constructible=True;affordable=False;available=False;owned=3;upgradeTo=IndustrialCarbonizationRetort;research=SteamPower|Coking;workshop=;productivity=-259.44;territory=1805]"
2263102,2263102,Normal,"Building","Waiting","",1,"productivity or territory is insufficient [CokeOven:candidate=True;constructible=True;affordable=False;available=False;owned=3;upgradeTo=IndustrialCarbonizationRetort;research=SteamPower|Coking;workshop=;productivity=-261.8;territory=1805]"
2263702,2263702,Normal,"Building","Waiting","",1,"productivity or territory is insufficient [CokeOven:candidate=True;constructible=True;affordable=False;available=False;owned=3;upgradeTo=IndustrialCarbonizationRetort;research=SteamPower|Coking;workshop=;productivity=-264.16;territory=1805]"
2264302,2264902,Normal,"Building","Waiting","",2,"productivity or territory is insufficient [CokeOven:candidate=True;constructible=True;affordable=False;available=False;owned=3;upgradeTo=IndustrialCarbonizationRetort;research=SteamPower|Coking;workshop=;productivity=-266.52;territory=1805]"
2265502,2266702,Normal,"Building","Waiting","",3,"productivity or territory is insufficient [CokeOven:candidate=True;constructible=True;affordable=False;available=False;owned=3;upgradeTo=IndustrialCarbonizationRetort;research=SteamPower|Coking;workshop=;productivity=-268.88;territory=1805]"
2267302,2269702,Normal,"Building","Waiting","",5,"productivity or territory is insufficient [CokeOven:candidate=True;constructible=True;affordable=False;available=False;owned=3;upgradeTo=IndustrialCarbonizationRetort;research=SteamPower|Coking;workshop=;productivity=-271.24;territory=1805]"
2270302,2270302,Normal,"Building","Waiting","",1,"productivity or territory is insufficient [CokeOven:candidate=True;constructible=True;affordable=False;available=False;owned=3;upgradeTo=IndustrialCarbonizationRetort;research=SteamPower|Coking;workshop=;productivity=-273.6;territory=1805]"
2270902,2270902,Normal,"Building","Waiting","",1,"no strategy candidate [CokeOven:candidate=True;constructible=True;affordable=False;available=False;owned=3;upgradeTo=IndustrialCarbonizationRetort;research=SteamPower|Coking;workshop=;productivity=21.4;territory=1805]"
2271502,2271502,Normal,"Building","Waiting","",1,"productivity or territory is insufficient [CokeOven:candidate=True;constructible=True;affordable=False;available=False;owned=3;upgradeTo=IndustrialCarbonizationRetort;research=SteamPower|Coking;workshop=;productivity=-25.8;territory=1805]"
2272102,2272102,Normal,"Building","Waiting","",1,"productivity or territory is insufficient [CokeOven:candidate=True;constructible=True;affordable=False;available=False;owned=3;upgradeTo=IndustrialCarbonizationRetort;research=SteamPower|Coking;workshop=;productivity=-68.28;territory=1805]"
2272702,2272702,Normal,"Building","Waiting","",1,"productivity or territory is insufficient [CokeOven:candidate=True;constructible=True;affordable=False;available=False;owned=3;upgradeTo=IndustrialCarbonizationRetort;research=SteamPower|Coking;workshop=;productivity=-101.32;territory=1805]"
2273302,2273302,Normal,"Building","Waiting","",1,"productivity or territory is insufficient [CokeOven:candidate=True;constructible=True;affordable=False;available=False;owned=3;upgradeTo=IndustrialCarbonizationRetort;research=SteamPower|Coking;workshop=;productivity=-132;territory=1805]"
2273902,2273902,Normal,"Building","Waiting","",1,"productivity or territory is insufficient [CokeOven:candidate=True;constructible=True;affordable=False;available=False;owned=3;upgradeTo=IndustrialCarbonizationRetort;research=SteamPower|Coking;workshop=;productivity=-155.6;territory=1805]"
2274502,2274502,Normal,"Building","Waiting","",1,"productivity or territory is insufficient [CokeOven:candidate=True;constructible=True;affordable=False;available=False;owned=3;upgradeTo=IndustrialCarbonizationRetort;research=SteamPower|Coking;workshop=;productivity=-174.48;territory=1805]"
2275102,2275102,Normal,"Building","Waiting","",1,"productivity or territory is insufficient [CokeOven:candidate=True;constructible=True;affordable=False;available=False;owned=3;upgradeTo=IndustrialCarbonizationRetort;research=SteamPower|Coking;workshop=;productivity=-191;territory=1805]"
2275702,2275702,Normal,"Building","Waiting","",1,"productivity or territory is insufficient [CokeOven:candidate=True;constructible=True;affordable=False;available=False;owned=3;upgradeTo=IndustrialCarbonizationRetort;research=SteamPower|Coking;workshop=;productivity=-205.16;territory=1805]"
2276302,2276302,Normal,"Building","Waiting","",1,"productivity or territory is insufficient [CokeOven:candidate=True;constructible=True;affordable=False;available=False;owned=3;upgradeTo=IndustrialCarbonizationRetort;research=SteamPower|Coking;workshop=;productivity=-216.96;territory=1805]"
2276902,2276902,Normal,"Building","Waiting","",1,"productivity or territory is insufficient [CokeOven:candidate=True;constructible=True;affordable=False;available=False;owned=3;upgradeTo=IndustrialCarbonizationRetort;research=SteamPower|Coking;workshop=;productivity=-226.4;territory=1805]"
2277502,2277502,Normal,"Building","Waiting","",1,"productivity or territory is insufficient [CokeOven:candidate=True;constructible=True;affordable=False;available=False;owned=3;upgradeTo=IndustrialCarbonizationRetort;research=SteamPower|Coking;workshop=;productivity=-233.48;territory=1805]"
2278102,2278102,Normal,"Building","Waiting","",1,"productivity or territory is insufficient [CokeOven:candidate=True;constructible=True;affordable=False;available=False;owned=3;upgradeTo=IndustrialCarbonizationRetort;research=SteamPower|Coking;workshop=;productivity=-240.56;territory=1805]"
2278702,2278702,Normal,"Building","Waiting","",1,"productivity or territory is insufficient [CokeOven:candidate=True;constructible=True;affordable=False;available=False;owned=3;upgradeTo=IndustrialCarbonizationRetort;research=SteamPower|Coking;workshop=;productivity=-245.28;territory=1805]"
2279302,2279302,Normal,"Building","Waiting","",1,"productivity or territory is insufficient [CokeOven:candidate=True;constructible=True;affordable=False;available=False;owned=3;upgradeTo=IndustrialCarbonizationRetort;research=SteamPower|Coking;workshop=;productivity=-250;territory=1805]"
2279902,2279902,Normal,"Building","Waiting","",1,"productivity or territory is insufficient [CokeOven:candidate=True;constructible=True;affordable=False;available=False;owned=3;upgradeTo=IndustrialCarbonizationRetort;research=SteamPower|Coking;workshop=;productivity=-254.72;territory=1805]"
2280502,2280502,Normal,"Building","Waiting","",1,"productivity or territory is insufficient [CokeOven:candidate=True;constructible=True;affordable=False;available=False;owned=3;upgradeTo=IndustrialCarbonizationRetort;research=SteamPower|Coking;workshop=;productivity=-257.08;territory=1805]"
2281102,2281102,Normal,"Building","Waiting","",1,"productivity or territory is insufficient [CokeOven:candidate=True;constructible=True;affordable=False;available=False;owned=3;upgradeTo=IndustrialCarbonizationRetort;research=SteamPower|Coking;workshop=;productivity=-259.44;territory=1805]"
2281702,2281702,Normal,"Building","Waiting","",1,"productivity or territory is insufficient [CokeOven:candidate=True;constructible=True;affordable=False;available=False;owned=3;upgradeTo=IndustrialCarbonizationRetort;research=SteamPower|Coking;workshop=;productivity=-261.8;territory=1805]"
2282302,2282302,Normal,"Building","Waiting","",1,"productivity or territory is insufficient [CokeOven:candidate=True;constructible=True;affordable=False;available=False;owned=3;upgradeTo=IndustrialCarbonizationRetort;research=SteamPower|Coking;workshop=;productivity=-264.16;territory=1805]"
2282902,2283502,Normal,"Building","Waiting","",2,"productivity or territory is insufficient [CokeOven:candidate=True;constructible=True;affordable=False;available=False;owned=3;upgradeTo=IndustrialCarbonizationRetort;research=SteamPower|Coking;workshop=;productivity=-266.52;territory=1805]"
2284102,2285302,Normal,"Building","Waiting","",3,"productivity or territory is insufficient [CokeOven:candidate=True;constructible=True;affordable=False;available=False;owned=3;upgradeTo=IndustrialCarbonizationRetort;research=SteamPower|Coking;workshop=;productivity=-268.88;territory=1805]"
2285902,2288302,Normal,"Building","Waiting","",5,"productivity or territory is insufficient [CokeOven:candidate=True;constructible=True;affordable=False;available=False;owned=3;upgradeTo=IndustrialCarbonizationRetort;research=SteamPower|Coking;workshop=;productivity=-271.24;territory=1805]"
2288902,2288902,Normal,"Building","Waiting","",1,"productivity or territory is insufficient [CokeOven:candidate=True;constructible=True;affordable=False;available=False;owned=3;upgradeTo=IndustrialCarbonizationRetort;research=SteamPower|Coking;workshop=;productivity=-273.6;territory=1805]"
2289502,2289502,Normal,"Building","Waiting","",1,"no strategy candidate [CokeOven:candidate=True;constructible=True;affordable=False;available=False;owned=3;upgradeTo=IndustrialCarbonizationRetort;research=SteamPower|Coking;workshop=;productivity=21.4;territory=1805]"
2290102,2290102,Normal,"Building","Waiting","",1,"productivity or territory is insufficient [CokeOven:candidate=True;constructible=True;affordable=False;available=False;owned=3;upgradeTo=IndustrialCarbonizationRetort;research=SteamPower|Coking;workshop=;productivity=-25.8;territory=1805]"
2290702,2290702,Normal,"Building","Waiting","",1,"productivity or territory is insufficient [CokeOven:candidate=True;constructible=True;affordable=False;available=False;owned=3;upgradeTo=IndustrialCarbonizationRetort;research=SteamPower|Coking;workshop=;productivity=-68.28;territory=1805]"
2291302,2291302,Normal,"Building","Waiting","",1,"productivity or territory is insufficient [CokeOven:candidate=True;constructible=True;affordable=False;available=False;owned=3;upgradeTo=IndustrialCarbonizationRetort;research=SteamPower|Coking;workshop=;productivity=-101.32;territory=1805]"
2291902,2291902,Normal,"Building","Waiting","",1,"productivity or territory is insufficient [CokeOven:candidate=True;constructible=True;affordable=False;available=False;owned=3;upgradeTo=IndustrialCarbonizationRetort;research=SteamPower|Coking;workshop=;productivity=-132;territory=1805]"
2292502,2292502,Normal,"Building","Waiting","",1,"productivity or territory is insufficient [CokeOven:candidate=True;constructible=True;affordable=False;available=False;owned=3;upgradeTo=IndustrialCarbonizationRetort;research=SteamPower|Coking;workshop=;productivity=-155.6;territory=1805]"
2293102,2293102,Normal,"Building","Waiting","",1,"productivity or territory is insufficient [CokeOven:candidate=True;constructible=True;affordable=False;available=False;owned=3;upgradeTo=IndustrialCarbonizationRetort;research=SteamPower|Coking;workshop=;productivity=-174.48;territory=1805]"
2293702,2293702,Normal,"Building","Waiting","",1,"productivity or territory is insufficient [CokeOven:candidate=True;constructible=True;affordable=False;available=False;owned=3;upgradeTo=IndustrialCarbonizationRetort;research=SteamPower|Coking;workshop=;productivity=-191;territory=1805]"
2294302,2294302,Normal,"Building","Waiting","",1,"productivity or territory is insufficient [CokeOven:candidate=True;constructible=True;affordable=False;available=False;owned=3;upgradeTo=IndustrialCarbonizationRetort;research=SteamPower|Coking;workshop=;productivity=-205.16;territory=1805]"
2294902,2294902,Normal,"Building","Waiting","",1,"productivity or territory is insufficient [CokeOven:candidate=True;constructible=True;affordable=False;available=False;owned=3;upgradeTo=IndustrialCarbonizationRetort;research=SteamPower|Coking;workshop=;productivity=-216.96;territory=1805]"
2295502,2295502,Normal,"Building","Waiting","",1,"productivity or territory is insufficient [CokeOven:candidate=True;constructible=True;affordable=False;available=False;owned=3;upgradeTo=IndustrialCarbonizationRetort;research=SteamPower|Coking;workshop=;productivity=-226.4;territory=1805]"
2296102,2296102,Normal,"Building","Waiting","",1,"productivity or territory is insufficient [CokeOven:candidate=True;constructible=True;affordable=False;available=False;owned=3;upgradeTo=IndustrialCarbonizationRetort;research=SteamPower|Coking;workshop=;productivity=-233.48;territory=1805]"
2296702,2296702,Normal,"Building","Waiting","",1,"productivity or territory is insufficient [CokeOven:candidate=True;constructible=True;affordable=False;available=False;owned=3;upgradeTo=IndustrialCarbonizationRetort;research=SteamPower|Coking;workshop=;productivity=-240.56;territory=1805]"
2297302,2297302,Normal,"Building","Waiting","",1,"productivity or territory is insufficient [CokeOven:candidate=True;constructible=True;affordable=False;available=False;owned=3;upgradeTo=IndustrialCarbonizationRetort;research=SteamPower|Coking;workshop=;productivity=-245.28;territory=1805]"
2297902,2297902,Normal,"Building","Waiting","",1,"productivity or territory is insufficient [CokeOven:candidate=True;constructible=True;affordable=False;available=False;owned=3;upgradeTo=IndustrialCarbonizationRetort;research=SteamPower|Coking;workshop=;productivity=-250;territory=1805]"
2298502,2298502,Normal,"Building","Waiting","",1,"productivity or territory is insufficient [CokeOven:candidate=True;constructible=True;affordable=False;available=False;owned=3;upgradeTo=IndustrialCarbonizationRetort;research=SteamPower|Coking;workshop=;productivity=-254.72;territory=1805]"
2299102,2299102,Normal,"Building","Waiting","",1,"productivity or territory is insufficient [CokeOven:candidate=True;constructible=True;affordable=False;available=False;owned=3;upgradeTo=IndustrialCarbonizationRetort;research=SteamPower|Coking;workshop=;productivity=-257.08;territory=1805]"
2299702,2299702,Normal,"Building","Waiting","",1,"productivity or territory is insufficient [CokeOven:candidate=True;constructible=True;affordable=False;available=False;owned=3;upgradeTo=IndustrialCarbonizationRetort;research=SteamPower|Coking;workshop=;productivity=-259.44;territory=1805]"
2300302,2300302,Normal,"Building","Waiting","",1,"productivity or territory is insufficient [CokeOven:candidate=True;constructible=True;affordable=False;available=False;owned=3;upgradeTo=IndustrialCarbonizationRetort;research=SteamPower|Coking;workshop=;productivity=-261.8;territory=1805]"
2300902,2300902,Normal,"Building","Waiting","",1,"productivity or territory is insufficient [CokeOven:candidate=True;constructible=True;affordable=False;available=False;owned=3;upgradeTo=IndustrialCarbonizationRetort;research=SteamPower|Coking;workshop=;productivity=-264.16;territory=1805]"
2301502,2302102,Normal,"Building","Waiting","",2,"productivity or territory is insufficient [CokeOven:candidate=True;constructible=True;affordable=False;available=False;owned=3;upgradeTo=IndustrialCarbonizationRetort;research=SteamPower|Coking;workshop=;productivity=-266.52;territory=1805]"
2302702,2303902,Normal,"Building","Waiting","",3,"productivity or territory is insufficient [CokeOven:candidate=True;constructible=True;affordable=False;available=False;owned=3;upgradeTo=IndustrialCarbonizationRetort;research=SteamPower|Coking;workshop=;productivity=-268.88;territory=1805]"
2304502,2306902,Normal,"Building","Waiting","",5,"productivity or territory is insufficient [CokeOven:candidate=True;constructible=True;affordable=False;available=False;owned=3;upgradeTo=IndustrialCarbonizationRetort;research=SteamPower|Coking;workshop=;productivity=-271.24;territory=1805]"
2307502,2307502,Normal,"Building","Waiting","",1,"productivity or territory is insufficient [CokeOven:candidate=True;constructible=True;affordable=False;available=False;owned=3;upgradeTo=IndustrialCarbonizationRetort;research=SteamPower|Coking;workshop=;productivity=-273.6;territory=1805]"
2308102,2308102,Normal,"Building","Waiting","",1,"no strategy candidate [CokeOven:candidate=True;constructible=True;affordable=False;available=False;owned=3;upgradeTo=IndustrialCarbonizationRetort;research=SteamPower|Coking;workshop=;productivity=21.4;territory=1805]"
2308702,2308702,Normal,"Building","Waiting","",1,"productivity or territory is insufficient [CokeOven:candidate=True;constructible=True;affordable=False;available=False;owned=3;upgradeTo=IndustrialCarbonizationRetort;research=SteamPower|Coking;workshop=;productivity=-25.8;territory=1805]"
2309302,2309302,Normal,"Building","Waiting","",1,"productivity or territory is insufficient [CokeOven:candidate=True;constructible=True;affordable=False;available=False;owned=3;upgradeTo=IndustrialCarbonizationRetort;research=SteamPower|Coking;workshop=;productivity=-68.28;territory=1805]"
2309902,2309902,Normal,"Building","Waiting","",1,"productivity or territory is insufficient [CokeOven:candidate=True;constructible=True;affordable=False;available=False;owned=3;upgradeTo=IndustrialCarbonizationRetort;research=SteamPower|Coking;workshop=;productivity=-101.32;territory=1805]"
2310502,2310502,Normal,"Building","Waiting","",1,"productivity or territory is insufficient [CokeOven:candidate=True;constructible=True;affordable=False;available=False;owned=3;upgradeTo=IndustrialCarbonizationRetort;research=SteamPower|Coking;workshop=;productivity=-132;territory=1805]"
2311102,2311102,Normal,"Building","Waiting","",1,"productivity or territory is insufficient [CokeOven:candidate=True;constructible=True;affordable=False;available=False;owned=3;upgradeTo=IndustrialCarbonizationRetort;research=SteamPower|Coking;workshop=;productivity=-155.6;territory=1805]"
2311702,2311702,Normal,"Building","Waiting","",1,"productivity or territory is insufficient [CokeOven:candidate=True;constructible=True;affordable=False;available=False;owned=3;upgradeTo=IndustrialCarbonizationRetort;research=SteamPower|Coking;workshop=;productivity=-174.48;territory=1805]"
2312302,2312302,Normal,"Building","Waiting","",1,"productivity or territory is insufficient [CokeOven:candidate=True;constructible=True;affordable=False;available=False;owned=3;upgradeTo=IndustrialCarbonizationRetort;research=SteamPower|Coking;workshop=;productivity=-191;territory=1805]"
2312902,2312902,Normal,"Building","Waiting","",1,"productivity or territory is insufficient [CokeOven:candidate=True;constructible=True;affordable=False;available=False;owned=3;upgradeTo=IndustrialCarbonizationRetort;research=SteamPower|Coking;workshop=;productivity=-205.16;territory=1805]"
2313502,2313502,Normal,"Building","Waiting","",1,"productivity or territory is insufficient [CokeOven:candidate=True;constructible=True;affordable=False;available=False;owned=3;upgradeTo=IndustrialCarbonizationRetort;research=SteamPower|Coking;workshop=;productivity=-216.96;territory=1805]"
2314102,2314102,Normal,"Building","Waiting","",1,"productivity or territory is insufficient [CokeOven:candidate=True;constructible=True;affordable=False;available=False;owned=3;upgradeTo=IndustrialCarbonizationRetort;research=SteamPower|Coking;workshop=;productivity=-226.4;territory=1805]"
2314702,2314702,Normal,"Building","Waiting","",1,"productivity or territory is insufficient [CokeOven:candidate=True;constructible=True;affordable=False;available=False;owned=3;upgradeTo=IndustrialCarbonizationRetort;research=SteamPower|Coking;workshop=;productivity=-233.48;territory=1805]"
2315302,2315302,Normal,"Building","Waiting","",1,"productivity or territory is insufficient [CokeOven:candidate=True;constructible=True;affordable=False;available=False;owned=3;upgradeTo=IndustrialCarbonizationRetort;research=SteamPower|Coking;workshop=;productivity=-240.56;territory=1805]"
2315902,2315902,Normal,"Building","Waiting","",1,"productivity or territory is insufficient [CokeOven:candidate=True;constructible=True;affordable=False;available=False;owned=3;upgradeTo=IndustrialCarbonizationRetort;research=SteamPower|Coking;workshop=;productivity=-245.28;territory=1805]"
2316502,2316502,Normal,"Building","Waiting","",1,"productivity or territory is insufficient [CokeOven:candidate=True;constructible=True;affordable=False;available=False;owned=3;upgradeTo=IndustrialCarbonizationRetort;research=SteamPower|Coking;workshop=;productivity=-250;territory=1805]"
2317102,2317102,Normal,"Building","Waiting","",1,"productivity or territory is insufficient [CokeOven:candidate=True;constructible=True;affordable=False;available=False;owned=3;upgradeTo=IndustrialCarbonizationRetort;research=SteamPower|Coking;workshop=;productivity=-254.72;territory=1805]"
2317702,2317702,Normal,"Building","Waiting","",1,"productivity or territory is insufficient [CokeOven:candidate=True;constructible=True;affordable=False;available=False;owned=3;upgradeTo=IndustrialCarbonizationRetort;research=SteamPower|Coking;workshop=;productivity=-257.08;territory=1805]"
2318302,2318302,Normal,"Building","Waiting","",1,"productivity or territory is insufficient [CokeOven:candidate=True;constructible=True;affordable=False;available=False;owned=3;upgradeTo=IndustrialCarbonizationRetort;research=SteamPower|Coking;workshop=;productivity=-259.44;territory=1805]"
2318902,2318902,Normal,"Building","Waiting","",1,"productivity or territory is insufficient [CokeOven:candidate=True;constructible=True;affordable=False;available=False;owned=3;upgradeTo=IndustrialCarbonizationRetort;research=SteamPower|Coking;workshop=;productivity=-261.8;territory=1805]"
2319502,2319502,Normal,"Building","Waiting","",1,"productivity or territory is insufficient [CokeOven:candidate=True;constructible=True;affordable=False;available=False;owned=3;upgradeTo=IndustrialCarbonizationRetort;research=SteamPower|Coking;workshop=;productivity=-264.16;territory=1805]"
2320102,2320702,Normal,"Building","Waiting","",2,"productivity or territory is insufficient [CokeOven:candidate=True;constructible=True;affordable=False;available=False;owned=3;upgradeTo=IndustrialCarbonizationRetort;research=SteamPower|Coking;workshop=;productivity=-266.52;territory=1805]"
2321302,2322502,Normal,"Building","Waiting","",3,"productivity or territory is insufficient [CokeOven:candidate=True;constructible=True;affordable=False;available=False;owned=3;upgradeTo=IndustrialCarbonizationRetort;research=SteamPower|Coking;workshop=;productivity=-268.88;territory=1805]"
2323102,2325502,Normal,"Building","Waiting","",5,"productivity or territory is insufficient [CokeOven:candidate=True;constructible=True;affordable=False;available=False;owned=3;upgradeTo=IndustrialCarbonizationRetort;research=SteamPower|Coking;workshop=;productivity=-271.24;territory=1805]"
2326102,2326102,Normal,"Building","Waiting","",1,"productivity or territory is insufficient [CokeOven:candidate=True;constructible=True;affordable=False;available=False;owned=3;upgradeTo=IndustrialCarbonizationRetort;research=SteamPower|Coking;workshop=;productivity=-273.6;territory=1805]"
2326702,2326702,Normal,"Building","Waiting","",1,"no strategy candidate [CokeOven:candidate=True;constructible=True;affordable=False;available=False;owned=3;upgradeTo=IndustrialCarbonizationRetort;research=SteamPower|Coking;workshop=;productivity=21.4;territory=1805]"
2327302,2327302,Normal,"Building","Waiting","",1,"productivity or territory is insufficient [CokeOven:candidate=True;constructible=True;affordable=False;available=False;owned=3;upgradeTo=IndustrialCarbonizationRetort;research=SteamPower|Coking;workshop=;productivity=-25.8;territory=1805]"
2327902,2327902,Normal,"Building","Waiting","",1,"productivity or territory is insufficient [CokeOven:candidate=True;constructible=True;affordable=False;available=False;owned=3;upgradeTo=IndustrialCarbonizationRetort;research=SteamPower|Coking;workshop=;productivity=-68.28;territory=1805]"
2328502,2328502,Normal,"Building","Waiting","",1,"productivity or territory is insufficient [CokeOven:candidate=True;constructible=True;affordable=False;available=False;owned=3;upgradeTo=IndustrialCarbonizationRetort;research=SteamPower|Coking;workshop=;productivity=-101.32;territory=1805]"
2329102,2329102,Normal,"Building","Waiting","",1,"productivity or territory is insufficient [CokeOven:candidate=True;constructible=True;affordable=False;available=False;owned=3;upgradeTo=IndustrialCarbonizationRetort;research=SteamPower|Coking;workshop=;productivity=-132;territory=1805]"
2329702,2329702,Normal,"Building","Waiting","",1,"productivity or territory is insufficient [CokeOven:candidate=True;constructible=True;affordable=False;available=False;owned=3;upgradeTo=IndustrialCarbonizationRetort;research=SteamPower|Coking;workshop=;productivity=-155.6;territory=1805]"
2330302,2330302,Normal,"Building","Waiting","",1,"productivity or territory is insufficient [CokeOven:candidate=True;constructible=True;affordable=False;available=False;owned=3;upgradeTo=IndustrialCarbonizationRetort;research=SteamPower|Coking;workshop=;productivity=-174.48;territory=1805]"
2330902,2330902,Normal,"Building","Waiting","",1,"productivity or territory is insufficient [CokeOven:candidate=True;constructible=True;affordable=False;available=False;owned=3;upgradeTo=IndustrialCarbonizationRetort;research=SteamPower|Coking;workshop=;productivity=-191;territory=1805]"
2331502,2331502,Normal,"Building","Waiting","",1,"productivity or territory is insufficient [CokeOven:candidate=True;constructible=True;affordable=False;available=False;owned=3;upgradeTo=IndustrialCarbonizationRetort;research=SteamPower|Coking;workshop=;productivity=-205.16;territory=1805]"
2332102,2332102,Normal,"Building","Waiting","",1,"productivity or territory is insufficient [CokeOven:candidate=True;constructible=True;affordable=False;available=False;owned=3;upgradeTo=IndustrialCarbonizationRetort;research=SteamPower|Coking;workshop=;productivity=-216.96;territory=1805]"
2332702,2332702,Normal,"Building","Waiting","",1,"productivity or territory is insufficient [CokeOven:candidate=True;constructible=True;affordable=False;available=False;owned=3;upgradeTo=IndustrialCarbonizationRetort;research=SteamPower|Coking;workshop=;productivity=-226.4;territory=1805]"
2333302,2333302,Normal,"Building","Waiting","",1,"productivity or territory is insufficient [CokeOven:candidate=True;constructible=True;affordable=False;available=False;owned=3;upgradeTo=IndustrialCarbonizationRetort;research=SteamPower|Coking;workshop=;productivity=-233.48;territory=1805]"
2333902,2333902,Normal,"Building","Waiting","",1,"productivity or territory is insufficient [CokeOven:candidate=True;constructible=True;affordable=False;available=False;owned=3;upgradeTo=IndustrialCarbonizationRetort;research=SteamPower|Coking;workshop=;productivity=-240.56;territory=1805]"
2334502,2334502,Normal,"Building","Waiting","",1,"productivity or territory is insufficient [CokeOven:candidate=True;constructible=True;affordable=False;available=False;owned=3;upgradeTo=IndustrialCarbonizationRetort;research=SteamPower|Coking;workshop=;productivity=-245.28;territory=1805]"
2335102,2335102,Normal,"Building","Waiting","",1,"productivity or territory is insufficient [CokeOven:candidate=True;constructible=True;affordable=False;available=False;owned=3;upgradeTo=IndustrialCarbonizationRetort;research=SteamPower|Coking;workshop=;productivity=-250;territory=1805]"
2335702,2335702,Normal,"Building","Waiting","",1,"productivity or territory is insufficient [CokeOven:candidate=True;constructible=True;affordable=False;available=False;owned=3;upgradeTo=IndustrialCarbonizationRetort;research=SteamPower|Coking;workshop=;productivity=-254.72;territory=1805]"
2336302,2336302,Normal,"Building","Waiting","",1,"productivity or territory is insufficient [CokeOven:candidate=True;constructible=True;affordable=False;available=False;owned=3;upgradeTo=IndustrialCarbonizationRetort;research=SteamPower|Coking;workshop=;productivity=-257.08;territory=1805]"
2336902,2336902,Normal,"Building","Waiting","",1,"productivity or territory is insufficient [CokeOven:candidate=True;constructible=True;affordable=False;available=False;owned=3;upgradeTo=IndustrialCarbonizationRetort;research=SteamPower|Coking;workshop=;productivity=-259.44;territory=1805]"
2337502,2337502,Normal,"Building","Waiting","",1,"productivity or territory is insufficient [CokeOven:candidate=True;constructible=True;affordable=False;available=False;owned=3;upgradeTo=IndustrialCarbonizationRetort;research=SteamPower|Coking;workshop=;productivity=-261.8;territory=1805]"
2338102,2338102,Normal,"Building","Waiting","",1,"productivity or territory is insufficient [CokeOven:candidate=True;constructible=True;affordable=False;available=False;owned=3;upgradeTo=IndustrialCarbonizationRetort;research=SteamPower|Coking;workshop=;productivity=-264.16;territory=1805]"
2338702,2339302,Normal,"Building","Waiting","",2,"productivity or territory is insufficient [CokeOven:candidate=True;constructible=True;affordable=False;available=False;owned=3;upgradeTo=IndustrialCarbonizationRetort;research=SteamPower|Coking;workshop=;productivity=-266.52;territory=1805]"
2339902,2341102,Normal,"Building","Waiting","",3,"productivity or territory is insufficient [CokeOven:candidate=True;constructible=True;affordable=False;available=False;owned=3;upgradeTo=IndustrialCarbonizationRetort;research=SteamPower|Coking;workshop=;productivity=-268.88;territory=1805]"
2341702,2344102,Normal,"Building","Waiting","",5,"productivity or territory is insufficient [CokeOven:candidate=True;constructible=True;affordable=False;available=False;owned=3;upgradeTo=IndustrialCarbonizationRetort;research=SteamPower|Coking;workshop=;productivity=-271.24;territory=1805]"
2344702,2344702,Normal,"Building","Waiting","",1,"productivity or territory is insufficient [CokeOven:candidate=True;constructible=True;affordable=False;available=False;owned=3;upgradeTo=IndustrialCarbonizationRetort;research=SteamPower|Coking;workshop=;productivity=-273.6;territory=1805]"
2345302,2345302,Normal,"Building","Waiting","",1,"no strategy candidate [CokeOven:candidate=True;constructible=True;affordable=False;available=False;owned=3;upgradeTo=IndustrialCarbonizationRetort;research=SteamPower|Coking;workshop=;productivity=21.4;territory=1805]"
2345902,2345902,Normal,"Building","Waiting","",1,"productivity or territory is insufficient [CokeOven:candidate=True;constructible=True;affordable=False;available=False;owned=3;upgradeTo=IndustrialCarbonizationRetort;research=SteamPower|Coking;workshop=;productivity=-25.8;territory=1805]"
2346502,2346502,Normal,"Building","Waiting","",1,"productivity or territory is insufficient [CokeOven:candidate=True;constructible=True;affordable=False;available=False;owned=3;upgradeTo=IndustrialCarbonizationRetort;research=SteamPower|Coking;workshop=;productivity=-68.28;territory=1805]"
2347102,2347102,Normal,"Building","Waiting","",1,"productivity or territory is insufficient [CokeOven:candidate=True;constructible=True;affordable=False;available=False;owned=3;upgradeTo=IndustrialCarbonizationRetort;research=SteamPower|Coking;workshop=;productivity=-101.32;territory=1805]"
2347702,2347702,Normal,"Building","Waiting","",1,"productivity or territory is insufficient [CokeOven:candidate=True;constructible=True;affordable=False;available=False;owned=3;upgradeTo=IndustrialCarbonizationRetort;research=SteamPower|Coking;workshop=;productivity=-132;territory=1805]"
2348302,2348302,Normal,"Building","Waiting","",1,"productivity or territory is insufficient [CokeOven:candidate=True;constructible=True;affordable=False;available=False;owned=3;upgradeTo=IndustrialCarbonizationRetort;research=SteamPower|Coking;workshop=;productivity=-155.6;territory=1805]"
2348902,2348902,Normal,"Building","Waiting","",1,"productivity or territory is insufficient [CokeOven:candidate=True;constructible=True;affordable=False;available=False;owned=3;upgradeTo=IndustrialCarbonizationRetort;research=SteamPower|Coking;workshop=;productivity=-174.48;territory=1805]"
2349502,2349502,Normal,"Building","Waiting","",1,"productivity or territory is insufficient [CokeOven:candidate=True;constructible=True;affordable=False;available=False;owned=3;upgradeTo=IndustrialCarbonizationRetort;research=SteamPower|Coking;workshop=;productivity=-191;territory=1805]"
2350102,2350102,Normal,"Building","Waiting","",1,"productivity or territory is insufficient [CokeOven:candidate=True;constructible=True;affordable=False;available=False;owned=3;upgradeTo=IndustrialCarbonizationRetort;research=SteamPower|Coking;workshop=;productivity=-205.16;territory=1805]"
2350702,2350702,Normal,"Building","Waiting","",1,"productivity or territory is insufficient [CokeOven:candidate=True;constructible=True;affordable=False;available=False;owned=3;upgradeTo=IndustrialCarbonizationRetort;research=SteamPower|Coking;workshop=;productivity=-216.96;territory=1805]"
2351302,2351302,Normal,"Building","Waiting","",1,"productivity or territory is insufficient [CokeOven:candidate=True;constructible=True;affordable=False;available=False;owned=3;upgradeTo=IndustrialCarbonizationRetort;research=SteamPower|Coking;workshop=;productivity=-226.4;territory=1805]"
2351902,2351902,Normal,"Building","Waiting","",1,"productivity or territory is insufficient [CokeOven:candidate=True;constructible=True;affordable=False;available=False;owned=3;upgradeTo=IndustrialCarbonizationRetort;research=SteamPower|Coking;workshop=;productivity=-233.48;territory=1805]"
2352502,2352502,Normal,"Building","Waiting","",1,"productivity or territory is insufficient [CokeOven:candidate=True;constructible=True;affordable=False;available=False;owned=3;upgradeTo=IndustrialCarbonizationRetort;research=SteamPower|Coking;workshop=;productivity=-240.56;territory=1805]"
2353102,2353102,Normal,"Building","Waiting","",1,"productivity or territory is insufficient [CokeOven:candidate=True;constructible=True;affordable=False;available=False;owned=3;upgradeTo=IndustrialCarbonizationRetort;research=SteamPower|Coking;workshop=;productivity=-245.28;territory=1805]"
2353702,2353702,Normal,"Building","Waiting","",1,"productivity or territory is insufficient [CokeOven:candidate=True;constructible=True;affordable=False;available=False;owned=3;upgradeTo=IndustrialCarbonizationRetort;research=SteamPower|Coking;workshop=;productivity=-250;territory=1805]"
2354302,2354302,Normal,"Building","Waiting","",1,"productivity or territory is insufficient [CokeOven:candidate=True;constructible=True;affordable=False;available=False;owned=3;upgradeTo=IndustrialCarbonizationRetort;research=SteamPower|Coking;workshop=;productivity=-254.72;territory=1805]"
2354902,2354902,Normal,"Building","Waiting","",1,"productivity or territory is insufficient [CokeOven:candidate=True;constructible=True;affordable=False;available=False;owned=3;upgradeTo=IndustrialCarbonizationRetort;research=SteamPower|Coking;workshop=;productivity=-257.08;territory=1805]"
2355502,2355502,Normal,"Building","Waiting","",1,"productivity or territory is insufficient [CokeOven:candidate=True;constructible=True;affordable=False;available=False;owned=3;upgradeTo=IndustrialCarbonizationRetort;research=SteamPower|Coking;workshop=;productivity=-259.44;territory=1805]"
2356102,2356102,Normal,"Building","Waiting","",1,"productivity or territory is insufficient [CokeOven:candidate=True;constructible=True;affordable=False;available=False;owned=3;upgradeTo=IndustrialCarbonizationRetort;research=SteamPower|Coking;workshop=;productivity=-261.8;territory=1805]"
2356702,2356702,Normal,"Building","Waiting","",1,"productivity or territory is insufficient [CokeOven:candidate=True;constructible=True;affordable=False;available=False;owned=3;upgradeTo=IndustrialCarbonizationRetort;research=SteamPower|Coking;workshop=;productivity=-264.16;territory=1805]"
2357302,2357902,Normal,"Building","Waiting","",2,"productivity or territory is insufficient [CokeOven:candidate=True;constructible=True;affordable=False;available=False;owned=3;upgradeTo=IndustrialCarbonizationRetort;research=SteamPower|Coking;workshop=;productivity=-266.52;territory=1805]"
2358502,2359702,Normal,"Building","Waiting","",3,"productivity or territory is insufficient [CokeOven:candidate=True;constructible=True;affordable=False;available=False;owned=3;upgradeTo=IndustrialCarbonizationRetort;research=SteamPower|Coking;workshop=;productivity=-268.88;territory=1805]"
2360302,2362702,Normal,"Building","Waiting","",5,"productivity or territory is insufficient [CokeOven:candidate=True;constructible=True;affordable=False;available=False;owned=3;upgradeTo=IndustrialCarbonizationRetort;research=SteamPower|Coking;workshop=;productivity=-271.24;territory=1805]"
2363302,2363302,Normal,"Building","Waiting","",1,"productivity or territory is insufficient [CokeOven:candidate=True;constructible=True;affordable=False;available=False;owned=3;upgradeTo=IndustrialCarbonizationRetort;research=SteamPower|Coking;workshop=;productivity=-273.6;territory=1805]"
2363902,2363902,Normal,"Building","Waiting","",1,"no strategy candidate [CokeOven:candidate=True;constructible=True;affordable=False;available=False;owned=3;upgradeTo=IndustrialCarbonizationRetort;research=SteamPower|Coking;workshop=;productivity=21.4;territory=1805]"
2364502,2364502,Normal,"Building","Waiting","",1,"productivity or territory is insufficient [CokeOven:candidate=True;constructible=True;affordable=False;available=False;owned=3;upgradeTo=IndustrialCarbonizationRetort;research=SteamPower|Coking;workshop=;productivity=-25.8;territory=1805]"
2365102,2365102,Normal,"Building","Waiting","",1,"productivity or territory is insufficient [CokeOven:candidate=True;constructible=True;affordable=False;available=False;owned=3;upgradeTo=IndustrialCarbonizationRetort;research=SteamPower|Coking;workshop=;productivity=-68.28;territory=1805]"
2365702,2365702,Normal,"Building","Waiting","",1,"productivity or territory is insufficient [CokeOven:candidate=True;constructible=True;affordable=False;available=False;owned=3;upgradeTo=IndustrialCarbonizationRetort;research=SteamPower|Coking;workshop=;productivity=-101.32;territory=1805]"
2366302,2366302,Normal,"Building","Waiting","",1,"productivity or territory is insufficient [CokeOven:candidate=True;constructible=True;affordable=False;available=False;owned=3;upgradeTo=IndustrialCarbonizationRetort;research=SteamPower|Coking;workshop=;productivity=-132;territory=1805]"
2366902,2366902,Normal,"Building","Waiting","",1,"productivity or territory is insufficient [CokeOven:candidate=True;constructible=True;affordable=False;available=False;owned=3;upgradeTo=IndustrialCarbonizationRetort;research=SteamPower|Coking;workshop=;productivity=-155.6;territory=1805]"
2367502,2367502,Normal,"Building","Waiting","",1,"productivity or territory is insufficient [CokeOven:candidate=True;constructible=True;affordable=False;available=False;owned=3;upgradeTo=IndustrialCarbonizationRetort;research=SteamPower|Coking;workshop=;productivity=-174.48;territory=1805]"
2368102,2368102,Normal,"Building","Waiting","",1,"productivity or territory is insufficient [CokeOven:candidate=True;constructible=True;affordable=False;available=False;owned=3;upgradeTo=IndustrialCarbonizationRetort;research=SteamPower|Coking;workshop=;productivity=-191;territory=1805]"
2368702,2368702,Normal,"Building","Waiting","",1,"productivity or territory is insufficient [CokeOven:candidate=True;constructible=True;affordable=False;available=False;owned=3;upgradeTo=IndustrialCarbonizationRetort;research=SteamPower|Coking;workshop=;productivity=-205.16;territory=1805]"
2369302,2369302,Normal,"Building","Waiting","",1,"productivity or territory is insufficient [CokeOven:candidate=True;constructible=True;affordable=False;available=False;owned=3;upgradeTo=IndustrialCarbonizationRetort;research=SteamPower|Coking;workshop=;productivity=-216.96;territory=1805]"
2369902,2369902,Normal,"Building","Waiting","",1,"productivity or territory is insufficient [CokeOven:candidate=True;constructible=True;affordable=False;available=False;owned=3;upgradeTo=IndustrialCarbonizationRetort;research=SteamPower|Coking;workshop=;productivity=-226.4;territory=1805]"
2370502,2370502,Normal,"Building","Waiting","",1,"productivity or territory is insufficient [CokeOven:candidate=True;constructible=True;affordable=False;available=False;owned=3;upgradeTo=IndustrialCarbonizationRetort;research=SteamPower|Coking;workshop=;productivity=-233.48;territory=1805]"
2371102,2371102,Normal,"Building","Waiting","",1,"productivity or territory is insufficient [CokeOven:candidate=True;constructible=True;affordable=False;available=False;owned=3;upgradeTo=IndustrialCarbonizationRetort;research=SteamPower|Coking;workshop=;productivity=-240.56;territory=1805]"
2371702,2371702,Normal,"Building","Waiting","",1,"productivity or territory is insufficient [CokeOven:candidate=True;constructible=True;affordable=False;available=False;owned=3;upgradeTo=IndustrialCarbonizationRetort;research=SteamPower|Coking;workshop=;productivity=-245.28;territory=1805]"
2372302,2372302,Normal,"Building","Waiting","",1,"productivity or territory is insufficient [CokeOven:candidate=True;constructible=True;affordable=False;available=False;owned=3;upgradeTo=IndustrialCarbonizationRetort;research=SteamPower|Coking;workshop=;productivity=-250;territory=1805]"
2372902,2372902,Normal,"Building","Waiting","",1,"productivity or territory is insufficient [CokeOven:candidate=True;constructible=True;affordable=False;available=False;owned=3;upgradeTo=IndustrialCarbonizationRetort;research=SteamPower|Coking;workshop=;productivity=-254.72;territory=1805]"
2373502,2373502,Normal,"Building","Waiting","",1,"productivity or territory is insufficient [CokeOven:candidate=True;constructible=True;affordable=False;available=False;owned=3;upgradeTo=IndustrialCarbonizationRetort;research=SteamPower|Coking;workshop=;productivity=-257.08;territory=1805]"
2374102,2374102,Normal,"Building","Waiting","",1,"productivity or territory is insufficient [CokeOven:candidate=True;constructible=True;affordable=False;available=False;owned=3;upgradeTo=IndustrialCarbonizationRetort;research=SteamPower|Coking;workshop=;productivity=-259.44;territory=1805]"
2374702,2374702,Normal,"Building","Waiting","",1,"productivity or territory is insufficient [CokeOven:candidate=True;constructible=True;affordable=False;available=False;owned=3;upgradeTo=IndustrialCarbonizationRetort;research=SteamPower|Coking;workshop=;productivity=-261.8;territory=1805]"
2375302,2375302,Normal,"Building","Waiting","",1,"productivity or territory is insufficient [CokeOven:candidate=True;constructible=True;affordable=False;available=False;owned=3;upgradeTo=IndustrialCarbonizationRetort;research=SteamPower|Coking;workshop=;productivity=-264.16;territory=1805]"
2375902,2376502,Normal,"Building","Waiting","",2,"productivity or territory is insufficient [CokeOven:candidate=True;constructible=True;affordable=False;available=False;owned=3;upgradeTo=IndustrialCarbonizationRetort;research=SteamPower|Coking;workshop=;productivity=-266.52;territory=1805]"
2377102,2378302,Normal,"Building","Waiting","",3,"productivity or territory is insufficient [CokeOven:candidate=True;constructible=True;affordable=False;available=False;owned=3;upgradeTo=IndustrialCarbonizationRetort;research=SteamPower|Coking;workshop=;productivity=-268.88;territory=1805]"
2378902,2381302,Normal,"Building","Waiting","",5,"productivity or territory is insufficient [CokeOven:candidate=True;constructible=True;affordable=False;available=False;owned=3;upgradeTo=IndustrialCarbonizationRetort;research=SteamPower|Coking;workshop=;productivity=-271.24;territory=1805]"
2381902,2381902,Normal,"Building","Waiting","",1,"productivity or territory is insufficient [CokeOven:candidate=True;constructible=True;affordable=False;available=False;owned=3;upgradeTo=IndustrialCarbonizationRetort;research=SteamPower|Coking;workshop=;productivity=-273.6;territory=1805]"
2382502,2382502,Normal,"Building","Waiting","",1,"no strategy candidate [CokeOven:candidate=True;constructible=True;affordable=False;available=False;owned=3;upgradeTo=IndustrialCarbonizationRetort;research=SteamPower|Coking;workshop=;productivity=21.4;territory=1805]"
2383102,2383102,Normal,"Building","Waiting","",1,"productivity or territory is insufficient [CokeOven:candidate=True;constructible=True;affordable=False;available=False;owned=3;upgradeTo=IndustrialCarbonizationRetort;research=SteamPower|Coking;workshop=;productivity=-25.8;territory=1805]"
2383702,2383702,Normal,"Building","Waiting","",1,"productivity or territory is insufficient [CokeOven:candidate=True;constructible=True;affordable=False;available=False;owned=3;upgradeTo=IndustrialCarbonizationRetort;research=SteamPower|Coking;workshop=;productivity=-68.28;territory=1805]"
2384302,2384302,Normal,"Building","Waiting","",1,"productivity or territory is insufficient [CokeOven:candidate=True;constructible=True;affordable=False;available=False;owned=3;upgradeTo=IndustrialCarbonizationRetort;research=SteamPower|Coking;workshop=;productivity=-101.32;territory=1805]"
2384902,2384902,Normal,"Building","Waiting","",1,"productivity or territory is insufficient [CokeOven:candidate=True;constructible=True;affordable=False;available=False;owned=3;upgradeTo=IndustrialCarbonizationRetort;research=SteamPower|Coking;workshop=;productivity=-132;territory=1805]"
2385502,2385502,Normal,"Building","Waiting","",1,"productivity or territory is insufficient [CokeOven:candidate=True;constructible=True;affordable=False;available=False;owned=3;upgradeTo=IndustrialCarbonizationRetort;research=SteamPower|Coking;workshop=;productivity=-155.6;territory=1805]"
2386102,2386102,Normal,"Building","Waiting","",1,"productivity or territory is insufficient [CokeOven:candidate=True;constructible=True;affordable=False;available=False;owned=3;upgradeTo=IndustrialCarbonizationRetort;research=SteamPower|Coking;workshop=;productivity=-174.48;territory=1805]"
2386702,2386702,Normal,"Building","Waiting","",1,"productivity or territory is insufficient [CokeOven:candidate=True;constructible=True;affordable=False;available=False;owned=3;upgradeTo=IndustrialCarbonizationRetort;research=SteamPower|Coking;workshop=;productivity=-191;territory=1805]"
2387302,2387302,Normal,"Building","Waiting","",1,"productivity or territory is insufficient [CokeOven:candidate=True;constructible=True;affordable=False;available=False;owned=3;upgradeTo=IndustrialCarbonizationRetort;research=SteamPower|Coking;workshop=;productivity=-205.16;territory=1805]"
2387902,2387902,Normal,"Building","Waiting","",1,"productivity or territory is insufficient [CokeOven:candidate=True;constructible=True;affordable=False;available=False;owned=3;upgradeTo=IndustrialCarbonizationRetort;research=SteamPower|Coking;workshop=;productivity=-216.96;territory=1805]"
2388502,2388502,Normal,"Building","Waiting","",1,"productivity or territory is insufficient [CokeOven:candidate=True;constructible=True;affordable=False;available=False;owned=3;upgradeTo=IndustrialCarbonizationRetort;research=SteamPower|Coking;workshop=;productivity=-226.4;territory=1805]"
2389102,2389102,Normal,"Building","Waiting","",1,"productivity or territory is insufficient [CokeOven:candidate=True;constructible=True;affordable=False;available=False;owned=3;upgradeTo=IndustrialCarbonizationRetort;research=SteamPower|Coking;workshop=;productivity=-233.48;territory=1805]"
2389702,2389702,Normal,"Building","Waiting","",1,"productivity or territory is insufficient [CokeOven:candidate=True;constructible=True;affordable=False;available=False;owned=3;upgradeTo=IndustrialCarbonizationRetort;research=SteamPower|Coking;workshop=;productivity=-240.56;territory=1805]"
2390302,2390302,Normal,"Building","Waiting","",1,"productivity or territory is insufficient [CokeOven:candidate=True;constructible=True;affordable=False;available=False;owned=3;upgradeTo=IndustrialCarbonizationRetort;research=SteamPower|Coking;workshop=;productivity=-245.28;territory=1805]"
2390902,2390902,Normal,"Building","Waiting","",1,"productivity or territory is insufficient [CokeOven:candidate=True;constructible=True;affordable=False;available=False;owned=3;upgradeTo=IndustrialCarbonizationRetort;research=SteamPower|Coking;workshop=;productivity=-250;territory=1805]"
2391502,2391502,Normal,"Building","Waiting","",1,"productivity or territory is insufficient [CokeOven:candidate=True;constructible=True;affordable=False;available=False;owned=3;upgradeTo=IndustrialCarbonizationRetort;research=SteamPower|Coking;workshop=;productivity=-254.72;territory=1805]"
2392102,2392102,Normal,"Building","Waiting","",1,"productivity or territory is insufficient [CokeOven:candidate=True;constructible=True;affordable=False;available=False;owned=3;upgradeTo=IndustrialCarbonizationRetort;research=SteamPower|Coking;workshop=;productivity=-257.08;territory=1805]"
2392702,2392702,Normal,"Building","Waiting","",1,"productivity or territory is insufficient [CokeOven:candidate=True;constructible=True;affordable=False;available=False;owned=3;upgradeTo=IndustrialCarbonizationRetort;research=SteamPower|Coking;workshop=;productivity=-259.44;territory=1805]"
2393302,2393302,Normal,"Building","Waiting","",1,"productivity or territory is insufficient [CokeOven:candidate=True;constructible=True;affordable=False;available=False;owned=3;upgradeTo=IndustrialCarbonizationRetort;research=SteamPower|Coking;workshop=;productivity=-261.8;territory=1805]"
2393902,2393902,Normal,"Building","Waiting","",1,"productivity or territory is insufficient [CokeOven:candidate=True;constructible=True;affordable=False;available=False;owned=3;upgradeTo=IndustrialCarbonizationRetort;research=SteamPower|Coking;workshop=;productivity=-264.16;territory=1805]"
2394502,2395102,Normal,"Building","Waiting","",2,"productivity or territory is insufficient [CokeOven:candidate=True;constructible=True;affordable=False;available=False;owned=3;upgradeTo=IndustrialCarbonizationRetort;research=SteamPower|Coking;workshop=;productivity=-266.52;territory=1805]"
2395702,2396902,Normal,"Building","Waiting","",3,"productivity or territory is insufficient [CokeOven:candidate=True;constructible=True;affordable=False;available=False;owned=3;upgradeTo=IndustrialCarbonizationRetort;research=SteamPower|Coking;workshop=;productivity=-268.88;territory=1805]"
2397502,2399902,Normal,"Building","Waiting","",5,"productivity or territory is insufficient [CokeOven:candidate=True;constructible=True;affordable=False;available=False;owned=3;upgradeTo=IndustrialCarbonizationRetort;research=SteamPower|Coking;workshop=;productivity=-271.24;territory=1805]"
2400502,2400502,Normal,"Building","Waiting","",1,"productivity or territory is insufficient [CokeOven:candidate=True;constructible=True;affordable=False;available=False;owned=3;upgradeTo=IndustrialCarbonizationRetort;research=SteamPower|Coking;workshop=;productivity=-273.6;territory=1805]"
2401102,2401102,Normal,"Building","Waiting","",1,"no strategy candidate [CokeOven:candidate=True;constructible=True;affordable=False;available=False;owned=3;upgradeTo=IndustrialCarbonizationRetort;research=SteamPower|Coking;workshop=;productivity=21.4;territory=1805]"
2401702,2401702,Normal,"Building","Waiting","",1,"productivity or territory is insufficient [CokeOven:candidate=True;constructible=True;affordable=False;available=False;owned=3;upgradeTo=IndustrialCarbonizationRetort;research=SteamPower|Coking;workshop=;productivity=-25.8;territory=1805]"
2402302,2402302,Normal,"Building","Waiting","",1,"productivity or territory is insufficient [CokeOven:candidate=True;constructible=True;affordable=False;available=False;owned=3;upgradeTo=IndustrialCarbonizationRetort;research=SteamPower|Coking;workshop=;productivity=-68.28;territory=1805]"
2402902,2402902,Normal,"Building","Waiting","",1,"productivity or territory is insufficient [CokeOven:candidate=True;constructible=True;affordable=False;available=False;owned=3;upgradeTo=IndustrialCarbonizationRetort;research=SteamPower|Coking;workshop=;productivity=-101.32;territory=1805]"
2403502,2403502,Normal,"Building","Waiting","",1,"productivity or territory is insufficient [CokeOven:candidate=True;constructible=True;affordable=False;available=False;owned=3;upgradeTo=IndustrialCarbonizationRetort;research=SteamPower|Coking;workshop=;productivity=-132;territory=1805]"
2404102,2404102,Normal,"Building","Waiting","",1,"productivity or territory is insufficient [CokeOven:candidate=True;constructible=True;affordable=False;available=False;owned=3;upgradeTo=IndustrialCarbonizationRetort;research=SteamPower|Coking;workshop=;productivity=-155.6;territory=1805]"
2404702,2404702,Normal,"Building","Waiting","",1,"productivity or territory is insufficient [CokeOven:candidate=True;constructible=True;affordable=False;available=False;owned=3;upgradeTo=IndustrialCarbonizationRetort;research=SteamPower|Coking;workshop=;productivity=-174.48;territory=1805]"
2405302,2405302,Normal,"Building","Waiting","",1,"productivity or territory is insufficient [CokeOven:candidate=True;constructible=True;affordable=False;available=False;owned=3;upgradeTo=IndustrialCarbonizationRetort;research=SteamPower|Coking;workshop=;productivity=-191;territory=1805]"
2405902,2405902,Normal,"Building","Waiting","",1,"productivity or territory is insufficient [CokeOven:candidate=True;constructible=True;affordable=False;available=False;owned=3;upgradeTo=IndustrialCarbonizationRetort;research=SteamPower|Coking;workshop=;productivity=-205.16;territory=1805]"
2406502,2406502,Normal,"Building","Waiting","",1,"productivity or territory is insufficient [CokeOven:candidate=True;constructible=True;affordable=False;available=False;owned=3;upgradeTo=IndustrialCarbonizationRetort;research=SteamPower|Coking;workshop=;productivity=-216.96;territory=1805]"
2407102,2407102,Normal,"Building","Waiting","",1,"productivity or territory is insufficient [CokeOven:candidate=True;constructible=True;affordable=False;available=False;owned=3;upgradeTo=IndustrialCarbonizationRetort;research=SteamPower|Coking;workshop=;productivity=-226.4;territory=1805]"
2407702,2407702,Normal,"Building","Waiting","",1,"productivity or territory is insufficient [CokeOven:candidate=True;constructible=True;affordable=False;available=False;owned=3;upgradeTo=IndustrialCarbonizationRetort;research=SteamPower|Coking;workshop=;productivity=-233.48;territory=1805]"
2408302,2408302,Normal,"Building","Waiting","",1,"productivity or territory is insufficient [CokeOven:candidate=True;constructible=True;affordable=False;available=False;owned=3;upgradeTo=IndustrialCarbonizationRetort;research=SteamPower|Coking;workshop=;productivity=-240.56;territory=1805]"
2408902,2408902,Normal,"Building","Waiting","",1,"productivity or territory is insufficient [CokeOven:candidate=True;constructible=True;affordable=False;available=False;owned=3;upgradeTo=IndustrialCarbonizationRetort;research=SteamPower|Coking;workshop=;productivity=-245.28;territory=1805]"
2409502,2409502,Normal,"Building","Waiting","",1,"productivity or territory is insufficient [CokeOven:candidate=True;constructible=True;affordable=False;available=False;owned=3;upgradeTo=IndustrialCarbonizationRetort;research=SteamPower|Coking;workshop=;productivity=-250;territory=1805]"
2410102,2410102,Normal,"Building","Waiting","",1,"productivity or territory is insufficient [CokeOven:candidate=True;constructible=True;affordable=False;available=False;owned=3;upgradeTo=IndustrialCarbonizationRetort;research=SteamPower|Coking;workshop=;productivity=-254.72;territory=1805]"
2410702,2410702,Normal,"Building","Waiting","",1,"productivity or territory is insufficient [CokeOven:candidate=True;constructible=True;affordable=False;available=False;owned=3;upgradeTo=IndustrialCarbonizationRetort;research=SteamPower|Coking;workshop=;productivity=-257.08;territory=1805]"
2411302,2411302,Normal,"Building","Waiting","",1,"productivity or territory is insufficient [CokeOven:candidate=True;constructible=True;affordable=False;available=False;owned=3;upgradeTo=IndustrialCarbonizationRetort;research=SteamPower|Coking;workshop=;productivity=-259.44;territory=1805]"
2411902,2411902,Normal,"Building","Waiting","",1,"productivity or territory is insufficient [CokeOven:candidate=True;constructible=True;affordable=False;available=False;owned=3;upgradeTo=IndustrialCarbonizationRetort;research=SteamPower|Coking;workshop=;productivity=-261.8;territory=1805]"
2412502,2412502,Normal,"Building","Waiting","",1,"productivity or territory is insufficient [CokeOven:candidate=True;constructible=True;affordable=False;available=False;owned=3;upgradeTo=IndustrialCarbonizationRetort;research=SteamPower|Coking;workshop=;productivity=-264.16;territory=1805]"
2413102,2413702,Normal,"Building","Waiting","",2,"productivity or territory is insufficient [CokeOven:candidate=True;constructible=True;affordable=False;available=False;owned=3;upgradeTo=IndustrialCarbonizationRetort;research=SteamPower|Coking;workshop=;productivity=-266.52;territory=1805]"
2414302,2415502,Normal,"Building","Waiting","",3,"productivity or territory is insufficient [CokeOven:candidate=True;constructible=True;affordable=False;available=False;owned=3;upgradeTo=IndustrialCarbonizationRetort;research=SteamPower|Coking;workshop=;productivity=-268.88;territory=1805]"
2416102,2418502,Normal,"Building","Waiting","",5,"productivity or territory is insufficient [CokeOven:candidate=True;constructible=True;affordable=False;available=False;owned=3;upgradeTo=IndustrialCarbonizationRetort;research=SteamPower|Coking;workshop=;productivity=-271.24;territory=1805]"
2419102,2419102,Normal,"Building","Waiting","",1,"productivity or territory is insufficient [CokeOven:candidate=True;constructible=True;affordable=False;available=False;owned=3;upgradeTo=IndustrialCarbonizationRetort;research=SteamPower|Coking;workshop=;productivity=-273.6;territory=1805]"
2419702,2419702,Normal,"Building","Waiting","",1,"no strategy candidate [CokeOven:candidate=True;constructible=True;affordable=False;available=False;owned=3;upgradeTo=IndustrialCarbonizationRetort;research=SteamPower|Coking;workshop=;productivity=21.4;territory=1805]"
2420302,2420302,Normal,"Building","Waiting","",1,"productivity or territory is insufficient [CokeOven:candidate=True;constructible=True;affordable=False;available=False;owned=3;upgradeTo=IndustrialCarbonizationRetort;research=SteamPower|Coking;workshop=;productivity=-25.8;territory=1805]"
2420902,2420902,Normal,"Building","Waiting","",1,"productivity or territory is insufficient [CokeOven:candidate=True;constructible=True;affordable=False;available=False;owned=3;upgradeTo=IndustrialCarbonizationRetort;research=SteamPower|Coking;workshop=;productivity=-68.28;territory=1805]"
2421502,2421502,Normal,"Building","Waiting","",1,"productivity or territory is insufficient [CokeOven:candidate=True;constructible=True;affordable=False;available=False;owned=3;upgradeTo=IndustrialCarbonizationRetort;research=SteamPower|Coking;workshop=;productivity=-101.32;territory=1805]"
2422102,2422102,Normal,"Building","Waiting","",1,"productivity or territory is insufficient [CokeOven:candidate=True;constructible=True;affordable=False;available=False;owned=3;upgradeTo=IndustrialCarbonizationRetort;research=SteamPower|Coking;workshop=;productivity=-132;territory=1805]"
2422702,2422702,Normal,"Building","Waiting","",1,"productivity or territory is insufficient [CokeOven:candidate=True;constructible=True;affordable=False;available=False;owned=3;upgradeTo=IndustrialCarbonizationRetort;research=SteamPower|Coking;workshop=;productivity=-155.6;territory=1805]"
2423302,2423302,Normal,"Building","Waiting","",1,"productivity or territory is insufficient [CokeOven:candidate=True;constructible=True;affordable=False;available=False;owned=3;upgradeTo=IndustrialCarbonizationRetort;research=SteamPower|Coking;workshop=;productivity=-174.48;territory=1805]"
2423902,2423902,Normal,"Building","Waiting","",1,"productivity or territory is insufficient [CokeOven:candidate=True;constructible=True;affordable=False;available=False;owned=3;upgradeTo=IndustrialCarbonizationRetort;research=SteamPower|Coking;workshop=;productivity=-191;territory=1805]"
2424502,2424502,Normal,"Building","Waiting","",1,"productivity or territory is insufficient [CokeOven:candidate=True;constructible=True;affordable=False;available=False;owned=3;upgradeTo=IndustrialCarbonizationRetort;research=SteamPower|Coking;workshop=;productivity=-205.16;territory=1805]"
2425102,2425102,Normal,"Building","Waiting","",1,"productivity or territory is insufficient [CokeOven:candidate=True;constructible=True;affordable=False;available=False;owned=3;upgradeTo=IndustrialCarbonizationRetort;research=SteamPower|Coking;workshop=;productivity=-216.96;territory=1805]"
2425702,2425702,Normal,"Building","Waiting","",1,"productivity or territory is insufficient [CokeOven:candidate=True;constructible=True;affordable=False;available=False;owned=3;upgradeTo=IndustrialCarbonizationRetort;research=SteamPower|Coking;workshop=;productivity=-226.4;territory=1805]"
2426302,2426302,Normal,"Building","Waiting","",1,"productivity or territory is insufficient [CokeOven:candidate=True;constructible=True;affordable=False;available=False;owned=3;upgradeTo=IndustrialCarbonizationRetort;research=SteamPower|Coking;workshop=;productivity=-233.48;territory=1805]"
2426902,2426902,Normal,"Building","Waiting","",1,"productivity or territory is insufficient [CokeOven:candidate=True;constructible=True;affordable=False;available=False;owned=3;upgradeTo=IndustrialCarbonizationRetort;research=SteamPower|Coking;workshop=;productivity=-240.56;territory=1805]"
2427502,2427502,Normal,"Building","Waiting","",1,"productivity or territory is insufficient [CokeOven:candidate=True;constructible=True;affordable=False;available=False;owned=3;upgradeTo=IndustrialCarbonizationRetort;research=SteamPower|Coking;workshop=;productivity=-245.28;territory=1805]"
2428102,2428102,Normal,"Building","Waiting","",1,"productivity or territory is insufficient [CokeOven:candidate=True;constructible=True;affordable=False;available=False;owned=3;upgradeTo=IndustrialCarbonizationRetort;research=SteamPower|Coking;workshop=;productivity=-250;territory=1805]"
2428702,2428702,Normal,"Building","Waiting","",1,"productivity or territory is insufficient [CokeOven:candidate=True;constructible=True;affordable=False;available=False;owned=3;upgradeTo=IndustrialCarbonizationRetort;research=SteamPower|Coking;workshop=;productivity=-254.72;territory=1805]"
2429302,2429302,Normal,"Building","Waiting","",1,"productivity or territory is insufficient [CokeOven:candidate=True;constructible=True;affordable=False;available=False;owned=3;upgradeTo=IndustrialCarbonizationRetort;research=SteamPower|Coking;workshop=;productivity=-257.08;territory=1805]"
2429902,2429902,Normal,"Building","Waiting","",1,"productivity or territory is insufficient [CokeOven:candidate=True;constructible=True;affordable=False;available=False;owned=3;upgradeTo=IndustrialCarbonizationRetort;research=SteamPower|Coking;workshop=;productivity=-259.44;territory=1805]"
2430502,2430502,Normal,"Building","Waiting","",1,"productivity or territory is insufficient [CokeOven:candidate=True;constructible=True;affordable=False;available=False;owned=3;upgradeTo=IndustrialCarbonizationRetort;research=SteamPower|Coking;workshop=;productivity=-261.8;territory=1805]"
2431102,2431102,Normal,"Building","Waiting","",1,"productivity or territory is insufficient [CokeOven:candidate=True;constructible=True;affordable=False;available=False;owned=3;upgradeTo=IndustrialCarbonizationRetort;research=SteamPower|Coking;workshop=;productivity=-264.16;territory=1805]"
2431702,2432302,Normal,"Building","Waiting","",2,"productivity or territory is insufficient [CokeOven:candidate=True;constructible=True;affordable=False;available=False;owned=3;upgradeTo=IndustrialCarbonizationRetort;research=SteamPower|Coking;workshop=;productivity=-266.52;territory=1805]"
2432902,2434102,Normal,"Building","Waiting","",3,"productivity or territory is insufficient [CokeOven:candidate=True;constructible=True;affordable=False;available=False;owned=3;upgradeTo=IndustrialCarbonizationRetort;research=SteamPower|Coking;workshop=;productivity=-268.88;territory=1805]"
2434702,2437102,Normal,"Building","Waiting","",5,"productivity or territory is insufficient [CokeOven:candidate=True;constructible=True;affordable=False;available=False;owned=3;upgradeTo=IndustrialCarbonizationRetort;research=SteamPower|Coking;workshop=;productivity=-271.24;territory=1805]"
2437702,2437702,Normal,"Building","Waiting","",1,"productivity or territory is insufficient [CokeOven:candidate=True;constructible=True;affordable=False;available=False;owned=3;upgradeTo=IndustrialCarbonizationRetort;research=SteamPower|Coking;workshop=;productivity=-273.6;territory=1805]"
2438302,2438302,Normal,"Building","Waiting","",1,"no strategy candidate [CokeOven:candidate=True;constructible=True;affordable=False;available=False;owned=3;upgradeTo=IndustrialCarbonizationRetort;research=SteamPower|Coking;workshop=;productivity=21.4;territory=1805]"
2438902,2438902,Normal,"Building","Waiting","",1,"productivity or territory is insufficient [CokeOven:candidate=True;constructible=True;affordable=False;available=False;owned=3;upgradeTo=IndustrialCarbonizationRetort;research=SteamPower|Coking;workshop=;productivity=-25.8;territory=1805]"
2439502,2439502,Normal,"Building","Waiting","",1,"productivity or territory is insufficient [CokeOven:candidate=True;constructible=True;affordable=False;available=False;owned=3;upgradeTo=IndustrialCarbonizationRetort;research=SteamPower|Coking;workshop=;productivity=-68.28;territory=1805]"
2440102,2440102,Normal,"Building","Waiting","",1,"productivity or territory is insufficient [CokeOven:candidate=True;constructible=True;affordable=False;available=False;owned=3;upgradeTo=IndustrialCarbonizationRetort;research=SteamPower|Coking;workshop=;productivity=-101.32;territory=1805]"
2440702,2440702,Normal,"Building","Waiting","",1,"productivity or territory is insufficient [CokeOven:candidate=True;constructible=True;affordable=False;available=False;owned=3;upgradeTo=IndustrialCarbonizationRetort;research=SteamPower|Coking;workshop=;productivity=-132;territory=1805]"
2441302,2441302,Normal,"Building","Waiting","",1,"productivity or territory is insufficient [CokeOven:candidate=True;constructible=True;affordable=False;available=False;owned=3;upgradeTo=IndustrialCarbonizationRetort;research=SteamPower|Coking;workshop=;productivity=-155.6;territory=1805]"
2441902,2441902,Normal,"Building","Waiting","",1,"productivity or territory is insufficient [CokeOven:candidate=True;constructible=True;affordable=False;available=False;owned=3;upgradeTo=IndustrialCarbonizationRetort;research=SteamPower|Coking;workshop=;productivity=-174.48;territory=1805]"
2442502,2442502,Normal,"Building","Waiting","",1,"productivity or territory is insufficient [CokeOven:candidate=True;constructible=True;affordable=False;available=False;owned=3;upgradeTo=IndustrialCarbonizationRetort;research=SteamPower|Coking;workshop=;productivity=-191;territory=1805]"
2443102,2443102,Normal,"Building","Waiting","",1,"productivity or territory is insufficient [CokeOven:candidate=True;constructible=True;affordable=False;available=False;owned=3;upgradeTo=IndustrialCarbonizationRetort;research=SteamPower|Coking;workshop=;productivity=-205.16;territory=1805]"
2443702,2443702,Normal,"Building","Waiting","",1,"productivity or territory is insufficient [CokeOven:candidate=True;constructible=True;affordable=False;available=False;owned=3;upgradeTo=IndustrialCarbonizationRetort;research=SteamPower|Coking;workshop=;productivity=-216.96;territory=1805]"
2444302,2444302,Normal,"Building","Waiting","",1,"productivity or territory is insufficient [CokeOven:candidate=True;constructible=True;affordable=False;available=False;owned=3;upgradeTo=IndustrialCarbonizationRetort;research=SteamPower|Coking;workshop=;productivity=-226.4;territory=1805]"
2444902,2444902,Normal,"Building","Waiting","",1,"productivity or territory is insufficient [CokeOven:candidate=True;constructible=True;affordable=False;available=False;owned=3;upgradeTo=IndustrialCarbonizationRetort;research=SteamPower|Coking;workshop=;productivity=-233.48;territory=1805]"
2445502,2445502,Normal,"Building","Waiting","",1,"productivity or territory is insufficient [CokeOven:candidate=True;constructible=True;affordable=False;available=False;owned=3;upgradeTo=IndustrialCarbonizationRetort;research=SteamPower|Coking;workshop=;productivity=-240.56;territory=1805]"
2446102,2446102,Normal,"Building","Waiting","",1,"productivity or territory is insufficient [CokeOven:candidate=True;constructible=True;affordable=False;available=False;owned=3;upgradeTo=IndustrialCarbonizationRetort;research=SteamPower|Coking;workshop=;productivity=-245.28;territory=1805]"
2446702,2446702,Normal,"Building","Waiting","",1,"productivity or territory is insufficient [CokeOven:candidate=True;constructible=True;affordable=False;available=False;owned=3;upgradeTo=IndustrialCarbonizationRetort;research=SteamPower|Coking;workshop=;productivity=-250;territory=1805]"
2447302,2447302,Normal,"Building","Waiting","",1,"productivity or territory is insufficient [CokeOven:candidate=True;constructible=True;affordable=False;available=False;owned=3;upgradeTo=IndustrialCarbonizationRetort;research=SteamPower|Coking;workshop=;productivity=-254.72;territory=1805]"
2447902,2447902,Normal,"Building","Waiting","",1,"productivity or territory is insufficient [CokeOven:candidate=True;constructible=True;affordable=False;available=False;owned=3;upgradeTo=IndustrialCarbonizationRetort;research=SteamPower|Coking;workshop=;productivity=-257.08;territory=1805]"
2448502,2448502,Normal,"Building","Waiting","",1,"productivity or territory is insufficient [CokeOven:candidate=True;constructible=True;affordable=False;available=False;owned=3;upgradeTo=IndustrialCarbonizationRetort;research=SteamPower|Coking;workshop=;productivity=-259.44;territory=1805]"
2449102,2449102,Normal,"Building","Waiting","",1,"productivity or territory is insufficient [CokeOven:candidate=True;constructible=True;affordable=False;available=False;owned=3;upgradeTo=IndustrialCarbonizationRetort;research=SteamPower|Coking;workshop=;productivity=-261.8;territory=1805]"
2449702,2449702,Normal,"Building","Waiting","",1,"productivity or territory is insufficient [CokeOven:candidate=True;constructible=True;affordable=False;available=False;owned=3;upgradeTo=IndustrialCarbonizationRetort;research=SteamPower|Coking;workshop=;productivity=-264.16;territory=1805]"
2450302,2450902,Normal,"Building","Waiting","",2,"productivity or territory is insufficient [CokeOven:candidate=True;constructible=True;affordable=False;available=False;owned=3;upgradeTo=IndustrialCarbonizationRetort;research=SteamPower|Coking;workshop=;productivity=-266.52;territory=1805]"
2451502,2452702,Normal,"Building","Waiting","",3,"productivity or territory is insufficient [CokeOven:candidate=True;constructible=True;affordable=False;available=False;owned=3;upgradeTo=IndustrialCarbonizationRetort;research=SteamPower|Coking;workshop=;productivity=-268.88;territory=1805]"
2453302,2455702,Normal,"Building","Waiting","",5,"productivity or territory is insufficient [CokeOven:candidate=True;constructible=True;affordable=False;available=False;owned=3;upgradeTo=IndustrialCarbonizationRetort;research=SteamPower|Coking;workshop=;productivity=-271.24;territory=1805]"
2456302,2456302,Normal,"Building","Waiting","",1,"productivity or territory is insufficient [CokeOven:candidate=True;constructible=True;affordable=False;available=False;owned=3;upgradeTo=IndustrialCarbonizationRetort;research=SteamPower|Coking;workshop=;productivity=-273.6;territory=1805]"
2456902,2456902,Normal,"Building","Waiting","",1,"no strategy candidate [CokeOven:candidate=True;constructible=True;affordable=False;available=False;owned=3;upgradeTo=IndustrialCarbonizationRetort;research=SteamPower|Coking;workshop=;productivity=21.4;territory=1805]"
2457502,2457502,Normal,"Building","Waiting","",1,"productivity or territory is insufficient [CokeOven:candidate=True;constructible=True;affordable=False;available=False;owned=3;upgradeTo=IndustrialCarbonizationRetort;research=SteamPower|Coking;workshop=;productivity=-25.8;territory=1805]"
2458102,2458102,Normal,"Building","Waiting","",1,"productivity or territory is insufficient [CokeOven:candidate=True;constructible=True;affordable=False;available=False;owned=3;upgradeTo=IndustrialCarbonizationRetort;research=SteamPower|Coking;workshop=;productivity=-68.28;territory=1805]"
2458702,2458702,Normal,"Building","Waiting","",1,"productivity or territory is insufficient [CokeOven:candidate=True;constructible=True;affordable=False;available=False;owned=3;upgradeTo=IndustrialCarbonizationRetort;research=SteamPower|Coking;workshop=;productivity=-101.32;territory=1805]"
2459302,2459302,Normal,"Building","Waiting","",1,"productivity or territory is insufficient [CokeOven:candidate=True;constructible=True;affordable=False;available=False;owned=3;upgradeTo=IndustrialCarbonizationRetort;research=SteamPower|Coking;workshop=;productivity=-132;territory=1805]"
2459902,2459902,Normal,"Building","Waiting","",1,"productivity or territory is insufficient [CokeOven:candidate=True;constructible=True;affordable=False;available=False;owned=3;upgradeTo=IndustrialCarbonizationRetort;research=SteamPower|Coking;workshop=;productivity=-155.6;territory=1805]"
2460502,2460502,Normal,"Building","Waiting","",1,"productivity or territory is insufficient [CokeOven:candidate=True;constructible=True;affordable=False;available=False;owned=3;upgradeTo=IndustrialCarbonizationRetort;research=SteamPower|Coking;workshop=;productivity=-174.48;territory=1805]"
2461102,2461102,Normal,"Building","Waiting","",1,"productivity or territory is insufficient [CokeOven:candidate=True;constructible=True;affordable=False;available=False;owned=3;upgradeTo=IndustrialCarbonizationRetort;research=SteamPower|Coking;workshop=;productivity=-191;territory=1805]"
2461702,2461702,Normal,"Building","Waiting","",1,"productivity or territory is insufficient [CokeOven:candidate=True;constructible=True;affordable=False;available=False;owned=3;upgradeTo=IndustrialCarbonizationRetort;research=SteamPower|Coking;workshop=;productivity=-205.16;territory=1805]"
2462302,2462302,Normal,"Building","Waiting","",1,"productivity or territory is insufficient [CokeOven:candidate=True;constructible=True;affordable=False;available=False;owned=3;upgradeTo=IndustrialCarbonizationRetort;research=SteamPower|Coking;workshop=;productivity=-216.96;territory=1805]"
2462902,2462902,Normal,"Building","Waiting","",1,"productivity or territory is insufficient [CokeOven:candidate=True;constructible=True;affordable=False;available=False;owned=3;upgradeTo=IndustrialCarbonizationRetort;research=SteamPower|Coking;workshop=;productivity=-226.4;territory=1805]"
2463502,2463502,Normal,"Building","Waiting","",1,"productivity or territory is insufficient [CokeOven:candidate=True;constructible=True;affordable=False;available=False;owned=3;upgradeTo=IndustrialCarbonizationRetort;research=SteamPower|Coking;workshop=;productivity=-233.48;territory=1805]"
2464102,2464102,Normal,"Building","Waiting","",1,"productivity or territory is insufficient [CokeOven:candidate=True;constructible=True;affordable=False;available=False;owned=3;upgradeTo=IndustrialCarbonizationRetort;research=SteamPower|Coking;workshop=;productivity=-240.56;territory=1805]"
2464702,2464702,Normal,"Building","Waiting","",1,"productivity or territory is insufficient [CokeOven:candidate=True;constructible=True;affordable=False;available=False;owned=3;upgradeTo=IndustrialCarbonizationRetort;research=SteamPower|Coking;workshop=;productivity=-245.28;territory=1805]"
2465302,2465302,Normal,"Building","Waiting","",1,"productivity or territory is insufficient [CokeOven:candidate=True;constructible=True;affordable=False;available=False;owned=3;upgradeTo=IndustrialCarbonizationRetort;research=SteamPower|Coking;workshop=;productivity=-250;territory=1805]"
2465902,2465902,Normal,"Building","Waiting","",1,"productivity or territory is insufficient [CokeOven:candidate=True;constructible=True;affordable=False;available=False;owned=3;upgradeTo=IndustrialCarbonizationRetort;research=SteamPower|Coking;workshop=;productivity=-254.72;territory=1805]"
2466502,2466502,Normal,"Building","Waiting","",1,"productivity or territory is insufficient [CokeOven:candidate=True;constructible=True;affordable=False;available=False;owned=3;upgradeTo=IndustrialCarbonizationRetort;research=SteamPower|Coking;workshop=;productivity=-257.08;territory=1805]"
2467102,2467102,Normal,"Building","Waiting","",1,"productivity or territory is insufficient [CokeOven:candidate=True;constructible=True;affordable=False;available=False;owned=3;upgradeTo=IndustrialCarbonizationRetort;research=SteamPower|Coking;workshop=;productivity=-259.44;territory=1805]"
2467702,2467702,Normal,"Building","Waiting","",1,"productivity or territory is insufficient [CokeOven:candidate=True;constructible=True;affordable=False;available=False;owned=3;upgradeTo=IndustrialCarbonizationRetort;research=SteamPower|Coking;workshop=;productivity=-261.8;territory=1805]"
2468302,2468302,Normal,"Building","Waiting","",1,"productivity or territory is insufficient [CokeOven:candidate=True;constructible=True;affordable=False;available=False;owned=3;upgradeTo=IndustrialCarbonizationRetort;research=SteamPower|Coking;workshop=;productivity=-264.16;territory=1805]"
2468902,2469502,Normal,"Building","Waiting","",2,"productivity or territory is insufficient [CokeOven:candidate=True;constructible=True;affordable=False;available=False;owned=3;upgradeTo=IndustrialCarbonizationRetort;research=SteamPower|Coking;workshop=;productivity=-266.52;territory=1805]"
2470102,2471302,Normal,"Building","Waiting","",3,"productivity or territory is insufficient [CokeOven:candidate=True;constructible=True;affordable=False;available=False;owned=3;upgradeTo=IndustrialCarbonizationRetort;research=SteamPower|Coking;workshop=;productivity=-268.88;territory=1805]"
2471902,2474302,Normal,"Building","Waiting","",5,"productivity or territory is insufficient [CokeOven:candidate=True;constructible=True;affordable=False;available=False;owned=3;upgradeTo=IndustrialCarbonizationRetort;research=SteamPower|Coking;workshop=;productivity=-271.24;territory=1805]"
2474902,2474902,Normal,"Building","Waiting","",1,"productivity or territory is insufficient [CokeOven:candidate=True;constructible=True;affordable=False;available=False;owned=3;upgradeTo=IndustrialCarbonizationRetort;research=SteamPower|Coking;workshop=;productivity=-273.6;territory=1805]"
2475502,2475502,Normal,"Building","Waiting","",1,"no strategy candidate [CokeOven:candidate=True;constructible=True;affordable=False;available=False;owned=3;upgradeTo=IndustrialCarbonizationRetort;research=SteamPower|Coking;workshop=;productivity=21.4;territory=1805]"
2476102,2476102,Normal,"Building","Waiting","",1,"productivity or territory is insufficient [CokeOven:candidate=True;constructible=True;affordable=False;available=False;owned=3;upgradeTo=IndustrialCarbonizationRetort;research=SteamPower|Coking;workshop=;productivity=-25.8;territory=1805]"
2476702,2476702,Normal,"Building","Waiting","",1,"productivity or territory is insufficient [CokeOven:candidate=True;constructible=True;affordable=False;available=False;owned=3;upgradeTo=IndustrialCarbonizationRetort;research=SteamPower|Coking;workshop=;productivity=-68.28;territory=1805]"
2477302,2477302,Normal,"Building","Waiting","",1,"productivity or territory is insufficient [CokeOven:candidate=True;constructible=True;affordable=False;available=False;owned=3;upgradeTo=IndustrialCarbonizationRetort;research=SteamPower|Coking;workshop=;productivity=-101.32;territory=1805]"
2477902,2477902,Normal,"Building","Waiting","",1,"productivity or territory is insufficient [CokeOven:candidate=True;constructible=True;affordable=False;available=False;owned=3;upgradeTo=IndustrialCarbonizationRetort;research=SteamPower|Coking;workshop=;productivity=-132;territory=1805]"
2478502,2478502,Normal,"Building","Waiting","",1,"productivity or territory is insufficient [CokeOven:candidate=True;constructible=True;affordable=False;available=False;owned=3;upgradeTo=IndustrialCarbonizationRetort;research=SteamPower|Coking;workshop=;productivity=-155.6;territory=1805]"
2479102,2479102,Normal,"Building","Waiting","",1,"productivity or territory is insufficient [CokeOven:candidate=True;constructible=True;affordable=False;available=False;owned=3;upgradeTo=IndustrialCarbonizationRetort;research=SteamPower|Coking;workshop=;productivity=-174.48;territory=1805]"
2479702,2479702,Normal,"Building","Waiting","",1,"productivity or territory is insufficient [CokeOven:candidate=True;constructible=True;affordable=False;available=False;owned=3;upgradeTo=IndustrialCarbonizationRetort;research=SteamPower|Coking;workshop=;productivity=-191;territory=1805]"
2480302,2480302,Normal,"Building","Waiting","",1,"productivity or territory is insufficient [CokeOven:candidate=True;constructible=True;affordable=False;available=False;owned=3;upgradeTo=IndustrialCarbonizationRetort;research=SteamPower|Coking;workshop=;productivity=-205.16;territory=1805]"
2480902,2480902,Normal,"Building","Waiting","",1,"productivity or territory is insufficient [CokeOven:candidate=True;constructible=True;affordable=False;available=False;owned=3;upgradeTo=IndustrialCarbonizationRetort;research=SteamPower|Coking;workshop=;productivity=-216.96;territory=1805]"
2481502,2481502,Normal,"Building","Waiting","",1,"productivity or territory is insufficient [CokeOven:candidate=True;constructible=True;affordable=False;available=False;owned=3;upgradeTo=IndustrialCarbonizationRetort;research=SteamPower|Coking;workshop=;productivity=-226.4;territory=1805]"
2482102,2482102,Normal,"Building","Waiting","",1,"productivity or territory is insufficient [CokeOven:candidate=True;constructible=True;affordable=False;available=False;owned=3;upgradeTo=IndustrialCarbonizationRetort;research=SteamPower|Coking;workshop=;productivity=-233.48;territory=1805]"
2482702,2482702,Normal,"Building","Waiting","",1,"productivity or territory is insufficient [CokeOven:candidate=True;constructible=True;affordable=False;available=False;owned=3;upgradeTo=IndustrialCarbonizationRetort;research=SteamPower|Coking;workshop=;productivity=-240.56;territory=1805]"
2483302,2483302,Normal,"Building","Waiting","",1,"productivity or territory is insufficient [CokeOven:candidate=True;constructible=True;affordable=False;available=False;owned=3;upgradeTo=IndustrialCarbonizationRetort;research=SteamPower|Coking;workshop=;productivity=-245.28;territory=1805]"
2483902,2483902,Normal,"Building","Waiting","",1,"productivity or territory is insufficient [CokeOven:candidate=True;constructible=True;affordable=False;available=False;owned=3;upgradeTo=IndustrialCarbonizationRetort;research=SteamPower|Coking;workshop=;productivity=-250;territory=1805]"
2484502,2484502,Normal,"Building","Waiting","",1,"productivity or territory is insufficient [CokeOven:candidate=True;constructible=True;affordable=False;available=False;owned=3;upgradeTo=IndustrialCarbonizationRetort;research=SteamPower|Coking;workshop=;productivity=-254.72;territory=1805]"
2485102,2485102,Normal,"Building","Waiting","",1,"productivity or territory is insufficient [CokeOven:candidate=True;constructible=True;affordable=False;available=False;owned=3;upgradeTo=IndustrialCarbonizationRetort;research=SteamPower|Coking;workshop=;productivity=-257.08;territory=1805]"
2485702,2485702,Normal,"Building","Waiting","",1,"productivity or territory is insufficient [CokeOven:candidate=True;constructible=True;affordable=False;available=False;owned=3;upgradeTo=IndustrialCarbonizationRetort;research=SteamPower|Coking;workshop=;productivity=-259.44;territory=1805]"
2486302,2486302,Normal,"Building","Waiting","",1,"productivity or territory is insufficient [CokeOven:candidate=True;constructible=True;affordable=False;available=False;owned=3;upgradeTo=IndustrialCarbonizationRetort;research=SteamPower|Coking;workshop=;productivity=-261.8;territory=1805]"
2486902,2486902,Normal,"Building","Waiting","",1,"productivity or territory is insufficient [CokeOven:candidate=True;constructible=True;affordable=False;available=False;owned=3;upgradeTo=IndustrialCarbonizationRetort;research=SteamPower|Coking;workshop=;productivity=-264.16;territory=1805]"
2487502,2488102,Normal,"Building","Waiting","",2,"productivity or territory is insufficient [CokeOven:candidate=True;constructible=True;affordable=False;available=False;owned=3;upgradeTo=IndustrialCarbonizationRetort;research=SteamPower|Coking;workshop=;productivity=-266.52;territory=1805]"
2488702,2489902,Normal,"Building","Waiting","",3,"productivity or territory is insufficient [CokeOven:candidate=True;constructible=True;affordable=False;available=False;owned=3;upgradeTo=IndustrialCarbonizationRetort;research=SteamPower|Coking;workshop=;productivity=-268.88;territory=1805]"
2490502,2492902,Normal,"Building","Waiting","",5,"productivity or territory is insufficient [CokeOven:candidate=True;constructible=True;affordable=False;available=False;owned=3;upgradeTo=IndustrialCarbonizationRetort;research=SteamPower|Coking;workshop=;productivity=-271.24;territory=1805]"
2493502,2493502,Normal,"Building","Waiting","",1,"productivity or territory is insufficient [CokeOven:candidate=True;constructible=True;affordable=False;available=False;owned=3;upgradeTo=IndustrialCarbonizationRetort;research=SteamPower|Coking;workshop=;productivity=-273.6;territory=1805]"
2494102,2494102,Normal,"Building","Waiting","",1,"no strategy candidate [CokeOven:candidate=True;constructible=True;affordable=False;available=False;owned=3;upgradeTo=IndustrialCarbonizationRetort;research=SteamPower|Coking;workshop=;productivity=21.4;territory=1805]"
2494702,2494702,Normal,"Building","Waiting","",1,"productivity or territory is insufficient [CokeOven:candidate=True;constructible=True;affordable=False;available=False;owned=3;upgradeTo=IndustrialCarbonizationRetort;research=SteamPower|Coking;workshop=;productivity=-25.8;territory=1805]"
2495302,2495302,Normal,"Building","Waiting","",1,"productivity or territory is insufficient [CokeOven:candidate=True;constructible=True;affordable=False;available=False;owned=3;upgradeTo=IndustrialCarbonizationRetort;research=SteamPower|Coking;workshop=;productivity=-68.28;territory=1805]"
2495902,2495902,Normal,"Building","Waiting","",1,"productivity or territory is insufficient [CokeOven:candidate=True;constructible=True;affordable=False;available=False;owned=3;upgradeTo=IndustrialCarbonizationRetort;research=SteamPower|Coking;workshop=;productivity=-101.32;territory=1805]"
2496502,2496502,Normal,"Building","Waiting","",1,"productivity or territory is insufficient [CokeOven:candidate=True;constructible=True;affordable=False;available=False;owned=3;upgradeTo=IndustrialCarbonizationRetort;research=SteamPower|Coking;workshop=;productivity=-132;territory=1805]"
2497102,2497102,Normal,"Building","Waiting","",1,"productivity or territory is insufficient [CokeOven:candidate=True;constructible=True;affordable=False;available=False;owned=3;upgradeTo=IndustrialCarbonizationRetort;research=SteamPower|Coking;workshop=;productivity=-155.6;territory=1805]"
2497702,2497702,Normal,"Building","Waiting","",1,"productivity or territory is insufficient [CokeOven:candidate=True;constructible=True;affordable=False;available=False;owned=3;upgradeTo=IndustrialCarbonizationRetort;research=SteamPower|Coking;workshop=;productivity=-174.48;territory=1805]"
2498302,2498302,Normal,"Building","Waiting","",1,"productivity or territory is insufficient [CokeOven:candidate=True;constructible=True;affordable=False;available=False;owned=3;upgradeTo=IndustrialCarbonizationRetort;research=SteamPower|Coking;workshop=;productivity=-191;territory=1805]"
2498902,2498902,Normal,"Building","Waiting","",1,"productivity or territory is insufficient [CokeOven:candidate=True;constructible=True;affordable=False;available=False;owned=3;upgradeTo=IndustrialCarbonizationRetort;research=SteamPower|Coking;workshop=;productivity=-205.16;territory=1805]"
2499502,2499502,Normal,"Building","Waiting","",1,"productivity or territory is insufficient [CokeOven:candidate=True;constructible=True;affordable=False;available=False;owned=3;upgradeTo=IndustrialCarbonizationRetort;research=SteamPower|Coking;workshop=;productivity=-216.96;territory=1805]"
2500102,2500102,Normal,"Building","Waiting","",1,"productivity or territory is insufficient [CokeOven:candidate=True;constructible=True;affordable=False;available=False;owned=3;upgradeTo=IndustrialCarbonizationRetort;research=SteamPower|Coking;workshop=;productivity=-226.4;territory=1805]"
2500702,2500702,Normal,"Building","Waiting","",1,"productivity or territory is insufficient [CokeOven:candidate=True;constructible=True;affordable=False;available=False;owned=3;upgradeTo=IndustrialCarbonizationRetort;research=SteamPower|Coking;workshop=;productivity=-233.48;territory=1805]"
2501302,2501302,Normal,"Building","Waiting","",1,"productivity or territory is insufficient [CokeOven:candidate=True;constructible=True;affordable=False;available=False;owned=3;upgradeTo=IndustrialCarbonizationRetort;research=SteamPower|Coking;workshop=;productivity=-240.56;territory=1805]"
2501902,2501902,Normal,"Building","Waiting","",1,"productivity or territory is insufficient [CokeOven:candidate=True;constructible=True;affordable=False;available=False;owned=3;upgradeTo=IndustrialCarbonizationRetort;research=SteamPower|Coking;workshop=;productivity=-245.28;territory=1805]"
2502502,2502502,Normal,"Building","Waiting","",1,"productivity or territory is insufficient [CokeOven:candidate=True;constructible=True;affordable=False;available=False;owned=3;upgradeTo=IndustrialCarbonizationRetort;research=SteamPower|Coking;workshop=;productivity=-250;territory=1805]"
2503102,2503102,Normal,"Building","Waiting","",1,"productivity or territory is insufficient [CokeOven:candidate=True;constructible=True;affordable=False;available=False;owned=3;upgradeTo=IndustrialCarbonizationRetort;research=SteamPower|Coking;workshop=;productivity=-254.72;territory=1805]"
2503702,2503702,Normal,"Building","Waiting","",1,"productivity or territory is insufficient [CokeOven:candidate=True;constructible=True;affordable=False;available=False;owned=3;upgradeTo=IndustrialCarbonizationRetort;research=SteamPower|Coking;workshop=;productivity=-257.08;territory=1805]"
2504302,2504302,Normal,"Building","Waiting","",1,"productivity or territory is insufficient [CokeOven:candidate=True;constructible=True;affordable=False;available=False;owned=3;upgradeTo=IndustrialCarbonizationRetort;research=SteamPower|Coking;workshop=;productivity=-259.44;territory=1805]"
2504902,2504902,Normal,"Building","Waiting","",1,"productivity or territory is insufficient [CokeOven:candidate=True;constructible=True;affordable=False;available=False;owned=3;upgradeTo=IndustrialCarbonizationRetort;research=SteamPower|Coking;workshop=;productivity=-261.8;territory=1805]"
2505502,2505502,Normal,"Building","Waiting","",1,"productivity or territory is insufficient [CokeOven:candidate=True;constructible=True;affordable=False;available=False;owned=3;upgradeTo=IndustrialCarbonizationRetort;research=SteamPower|Coking;workshop=;productivity=-264.16;territory=1805]"
2506102,2506702,Normal,"Building","Waiting","",2,"productivity or territory is insufficient [CokeOven:candidate=True;constructible=True;affordable=False;available=False;owned=3;upgradeTo=IndustrialCarbonizationRetort;research=SteamPower|Coking;workshop=;productivity=-266.52;territory=1805]"
2507302,2508502,Normal,"Building","Waiting","",3,"productivity or territory is insufficient [CokeOven:candidate=True;constructible=True;affordable=False;available=False;owned=3;upgradeTo=IndustrialCarbonizationRetort;research=SteamPower|Coking;workshop=;productivity=-268.88;territory=1805]"
2509102,2511502,Normal,"Building","Waiting","",5,"productivity or territory is insufficient [CokeOven:candidate=True;constructible=True;affordable=False;available=False;owned=3;upgradeTo=IndustrialCarbonizationRetort;research=SteamPower|Coking;workshop=;productivity=-271.24;territory=1805]"
2512102,2512102,Normal,"Building","Waiting","",1,"productivity or territory is insufficient [CokeOven:candidate=True;constructible=True;affordable=False;available=False;owned=3;upgradeTo=IndustrialCarbonizationRetort;research=SteamPower|Coking;workshop=;productivity=-273.6;territory=1805]"
2512702,2512702,Normal,"Building","Waiting","",1,"no strategy candidate [CokeOven:candidate=True;constructible=True;affordable=False;available=False;owned=3;upgradeTo=IndustrialCarbonizationRetort;research=SteamPower|Coking;workshop=;productivity=21.4;territory=1805]"
2513302,2513302,Normal,"Building","Waiting","",1,"productivity or territory is insufficient [CokeOven:candidate=True;constructible=True;affordable=False;available=False;owned=3;upgradeTo=IndustrialCarbonizationRetort;research=SteamPower|Coking;workshop=;productivity=-25.8;territory=1805]"
2513902,2513902,Normal,"Building","Waiting","",1,"productivity or territory is insufficient [CokeOven:candidate=True;constructible=True;affordable=False;available=False;owned=3;upgradeTo=IndustrialCarbonizationRetort;research=SteamPower|Coking;workshop=;productivity=-68.28;territory=1805]"
2514502,2514502,Normal,"Building","Waiting","",1,"productivity or territory is insufficient [CokeOven:candidate=True;constructible=True;affordable=False;available=False;owned=3;upgradeTo=IndustrialCarbonizationRetort;research=SteamPower|Coking;workshop=;productivity=-101.32;territory=1805]"
2515102,2515102,Normal,"Building","Waiting","",1,"productivity or territory is insufficient [CokeOven:candidate=True;constructible=True;affordable=False;available=False;owned=3;upgradeTo=IndustrialCarbonizationRetort;research=SteamPower|Coking;workshop=;productivity=-132;territory=1805]"
2515702,2515702,Normal,"Building","Waiting","",1,"productivity or territory is insufficient [CokeOven:candidate=True;constructible=True;affordable=False;available=False;owned=3;upgradeTo=IndustrialCarbonizationRetort;research=SteamPower|Coking;workshop=;productivity=-155.6;territory=1805]"
2516302,2516302,Normal,"Building","Waiting","",1,"productivity or territory is insufficient [CokeOven:candidate=True;constructible=True;affordable=False;available=False;owned=3;upgradeTo=IndustrialCarbonizationRetort;research=SteamPower|Coking;workshop=;productivity=-174.48;territory=1805]"
2516902,2516902,Normal,"Building","Waiting","",1,"productivity or territory is insufficient [CokeOven:candidate=True;constructible=True;affordable=False;available=False;owned=3;upgradeTo=IndustrialCarbonizationRetort;research=SteamPower|Coking;workshop=;productivity=-191;territory=1805]"
2517502,2517502,Normal,"Building","Waiting","",1,"productivity or territory is insufficient [CokeOven:candidate=True;constructible=True;affordable=False;available=False;owned=3;upgradeTo=IndustrialCarbonizationRetort;research=SteamPower|Coking;workshop=;productivity=-205.16;territory=1805]"
2518102,2518102,Normal,"Building","Waiting","",1,"productivity or territory is insufficient [CokeOven:candidate=True;constructible=True;affordable=False;available=False;owned=3;upgradeTo=IndustrialCarbonizationRetort;research=SteamPower|Coking;workshop=;productivity=-216.96;territory=1805]"
2518702,2518702,Normal,"Building","Waiting","",1,"productivity or territory is insufficient [CokeOven:candidate=True;constructible=True;affordable=False;available=False;owned=3;upgradeTo=IndustrialCarbonizationRetort;research=SteamPower|Coking;workshop=;productivity=-226.4;territory=1805]"
2519302,2519302,Normal,"Building","Waiting","",1,"productivity or territory is insufficient [CokeOven:candidate=True;constructible=True;affordable=False;available=False;owned=3;upgradeTo=IndustrialCarbonizationRetort;research=SteamPower|Coking;workshop=;productivity=-233.48;territory=1805]"
2519902,2519902,Normal,"Building","Waiting","",1,"productivity or territory is insufficient [CokeOven:candidate=True;constructible=True;affordable=False;available=False;owned=3;upgradeTo=IndustrialCarbonizationRetort;research=SteamPower|Coking;workshop=;productivity=-240.56;territory=1805]"
2520502,2520502,Normal,"Building","Waiting","",1,"productivity or territory is insufficient [CokeOven:candidate=True;constructible=True;affordable=False;available=False;owned=3;upgradeTo=IndustrialCarbonizationRetort;research=SteamPower|Coking;workshop=;productivity=-245.28;territory=1805]"
2521102,2521102,Normal,"Building","Waiting","",1,"productivity or territory is insufficient [CokeOven:candidate=True;constructible=True;affordable=False;available=False;owned=3;upgradeTo=IndustrialCarbonizationRetort;research=SteamPower|Coking;workshop=;productivity=-250;territory=1805]"
2521702,2521702,Normal,"Building","Waiting","",1,"productivity or territory is insufficient [CokeOven:candidate=True;constructible=True;affordable=False;available=False;owned=3;upgradeTo=IndustrialCarbonizationRetort;research=SteamPower|Coking;workshop=;productivity=-254.72;territory=1805]"
2522302,2522302,Normal,"Building","Waiting","",1,"productivity or territory is insufficient [CokeOven:candidate=True;constructible=True;affordable=False;available=False;owned=3;upgradeTo=IndustrialCarbonizationRetort;research=SteamPower|Coking;workshop=;productivity=-257.08;territory=1805]"
2522902,2522902,Normal,"Building","Waiting","",1,"productivity or territory is insufficient [CokeOven:candidate=True;constructible=True;affordable=False;available=False;owned=3;upgradeTo=IndustrialCarbonizationRetort;research=SteamPower|Coking;workshop=;productivity=-259.44;territory=1805]"
2523502,2523502,Normal,"Building","Waiting","",1,"productivity or territory is insufficient [CokeOven:candidate=True;constructible=True;affordable=False;available=False;owned=3;upgradeTo=IndustrialCarbonizationRetort;research=SteamPower|Coking;workshop=;productivity=-261.8;territory=1805]"
2524102,2524102,Normal,"Building","Waiting","",1,"productivity or territory is insufficient [CokeOven:candidate=True;constructible=True;affordable=False;available=False;owned=3;upgradeTo=IndustrialCarbonizationRetort;research=SteamPower|Coking;workshop=;productivity=-264.16;territory=1805]"
2524702,2525302,Normal,"Building","Waiting","",2,"productivity or territory is insufficient [CokeOven:candidate=True;constructible=True;affordable=False;available=False;owned=3;upgradeTo=IndustrialCarbonizationRetort;research=SteamPower|Coking;workshop=;productivity=-266.52;territory=1805]"
2525902,2527102,Normal,"Building","Waiting","",3,"productivity or territory is insufficient [CokeOven:candidate=True;constructible=True;affordable=False;available=False;owned=3;upgradeTo=IndustrialCarbonizationRetort;research=SteamPower|Coking;workshop=;productivity=-268.88;territory=1805]"
2527702,2530102,Normal,"Building","Waiting","",5,"productivity or territory is insufficient [CokeOven:candidate=True;constructible=True;affordable=False;available=False;owned=3;upgradeTo=IndustrialCarbonizationRetort;research=SteamPower|Coking;workshop=;productivity=-271.24;territory=1805]"
2530702,2530702,Normal,"Building","Waiting","",1,"productivity or territory is insufficient [CokeOven:candidate=True;constructible=True;affordable=False;available=False;owned=3;upgradeTo=IndustrialCarbonizationRetort;research=SteamPower|Coking;workshop=;productivity=-273.6;territory=1805]"
2531302,2531302,Normal,"Building","Waiting","",1,"no strategy candidate [CokeOven:candidate=True;constructible=True;affordable=False;available=False;owned=3;upgradeTo=IndustrialCarbonizationRetort;research=SteamPower|Coking;workshop=;productivity=21.4;territory=1805]"
2531902,2531902,Normal,"Building","Waiting","",1,"productivity or territory is insufficient [CokeOven:candidate=True;constructible=True;affordable=False;available=False;owned=3;upgradeTo=IndustrialCarbonizationRetort;research=SteamPower|Coking;workshop=;productivity=-25.8;territory=1805]"
2532502,2532502,Normal,"Building","Waiting","",1,"productivity or territory is insufficient [CokeOven:candidate=True;constructible=True;affordable=False;available=False;owned=3;upgradeTo=IndustrialCarbonizationRetort;research=SteamPower|Coking;workshop=;productivity=-68.28;territory=1805]"
2533102,2533102,Normal,"Building","Waiting","",1,"productivity or territory is insufficient [CokeOven:candidate=True;constructible=True;affordable=False;available=False;owned=3;upgradeTo=IndustrialCarbonizationRetort;research=SteamPower|Coking;workshop=;productivity=-101.32;territory=1805]"
2533702,2533702,Normal,"Building","Waiting","",1,"productivity or territory is insufficient [CokeOven:candidate=True;constructible=True;affordable=False;available=False;owned=3;upgradeTo=IndustrialCarbonizationRetort;research=SteamPower|Coking;workshop=;productivity=-132;territory=1805]"
2534302,2534302,Normal,"Building","Waiting","",1,"productivity or territory is insufficient [CokeOven:candidate=True;constructible=True;affordable=False;available=False;owned=3;upgradeTo=IndustrialCarbonizationRetort;research=SteamPower|Coking;workshop=;productivity=-155.6;territory=1805]"
2534902,2534902,Normal,"Building","Waiting","",1,"productivity or territory is insufficient [CokeOven:candidate=True;constructible=True;affordable=False;available=False;owned=3;upgradeTo=IndustrialCarbonizationRetort;research=SteamPower|Coking;workshop=;productivity=-174.48;territory=1805]"
2535502,2535502,Normal,"Building","Waiting","",1,"productivity or territory is insufficient [CokeOven:candidate=True;constructible=True;affordable=False;available=False;owned=3;upgradeTo=IndustrialCarbonizationRetort;research=SteamPower|Coking;workshop=;productivity=-191;territory=1805]"
2536102,2536102,Normal,"Building","Waiting","",1,"productivity or territory is insufficient [CokeOven:candidate=True;constructible=True;affordable=False;available=False;owned=3;upgradeTo=IndustrialCarbonizationRetort;research=SteamPower|Coking;workshop=;productivity=-205.16;territory=1805]"
2536702,2536702,Normal,"Building","Waiting","",1,"productivity or territory is insufficient [CokeOven:candidate=True;constructible=True;affordable=False;available=False;owned=3;upgradeTo=IndustrialCarbonizationRetort;research=SteamPower|Coking;workshop=;productivity=-216.96;territory=1805]"
2537302,2537302,Normal,"Building","Waiting","",1,"productivity or territory is insufficient [CokeOven:candidate=True;constructible=True;affordable=False;available=False;owned=3;upgradeTo=IndustrialCarbonizationRetort;research=SteamPower|Coking;workshop=;productivity=-226.4;territory=1805]"
2537902,2537902,Normal,"Building","Waiting","",1,"productivity or territory is insufficient [CokeOven:candidate=True;constructible=True;affordable=False;available=False;owned=3;upgradeTo=IndustrialCarbonizationRetort;research=SteamPower|Coking;workshop=;productivity=-233.48;territory=1805]"
2538502,2538502,Normal,"Building","Waiting","",1,"productivity or territory is insufficient [CokeOven:candidate=True;constructible=True;affordable=False;available=False;owned=3;upgradeTo=IndustrialCarbonizationRetort;research=SteamPower|Coking;workshop=;productivity=-240.56;territory=1805]"
2539102,2539102,Normal,"Building","Waiting","",1,"productivity or territory is insufficient [CokeOven:candidate=True;constructible=True;affordable=False;available=False;owned=3;upgradeTo=IndustrialCarbonizationRetort;research=SteamPower|Coking;workshop=;productivity=-245.28;territory=1805]"
2539702,2539702,Normal,"Building","Waiting","",1,"productivity or territory is insufficient [CokeOven:candidate=True;constructible=True;affordable=False;available=False;owned=3;upgradeTo=IndustrialCarbonizationRetort;research=SteamPower|Coking;workshop=;productivity=-250;territory=1805]"
2540302,2540302,Normal,"Building","Waiting","",1,"productivity or territory is insufficient [CokeOven:candidate=True;constructible=True;affordable=False;available=False;owned=3;upgradeTo=IndustrialCarbonizationRetort;research=SteamPower|Coking;workshop=;productivity=-254.72;territory=1805]"
2540902,2540902,Normal,"Building","Waiting","",1,"productivity or territory is insufficient [CokeOven:candidate=True;constructible=True;affordable=False;available=False;owned=3;upgradeTo=IndustrialCarbonizationRetort;research=SteamPower|Coking;workshop=;productivity=-257.08;territory=1805]"
2541502,2541502,Normal,"Building","Waiting","",1,"productivity or territory is insufficient [CokeOven:candidate=True;constructible=True;affordable=False;available=False;owned=3;upgradeTo=IndustrialCarbonizationRetort;research=SteamPower|Coking;workshop=;productivity=-259.44;territory=1805]"
2542102,2542102,Normal,"Building","Waiting","",1,"productivity or territory is insufficient [CokeOven:candidate=True;constructible=True;affordable=False;available=False;owned=3;upgradeTo=IndustrialCarbonizationRetort;research=SteamPower|Coking;workshop=;productivity=-261.8;territory=1805]"
2542702,2542702,Normal,"Building","Waiting","",1,"productivity or territory is insufficient [CokeOven:candidate=True;constructible=True;affordable=False;available=False;owned=3;upgradeTo=IndustrialCarbonizationRetort;research=SteamPower|Coking;workshop=;productivity=-264.16;territory=1805]"
2543302,2543902,Normal,"Building","Waiting","",2,"productivity or territory is insufficient [CokeOven:candidate=True;constructible=True;affordable=False;available=False;owned=3;upgradeTo=IndustrialCarbonizationRetort;research=SteamPower|Coking;workshop=;productivity=-266.52;territory=1805]"
2544502,2545702,Normal,"Building","Waiting","",3,"productivity or territory is insufficient [CokeOven:candidate=True;constructible=True;affordable=False;available=False;owned=3;upgradeTo=IndustrialCarbonizationRetort;research=SteamPower|Coking;workshop=;productivity=-268.88;territory=1805]"
2546302,2548702,Normal,"Building","Waiting","",5,"productivity or territory is insufficient [CokeOven:candidate=True;constructible=True;affordable=False;available=False;owned=3;upgradeTo=IndustrialCarbonizationRetort;research=SteamPower|Coking;workshop=;productivity=-271.24;territory=1805]"
2549302,2549302,Normal,"Building","Waiting","",1,"productivity or territory is insufficient [CokeOven:candidate=True;constructible=True;affordable=False;available=False;owned=3;upgradeTo=IndustrialCarbonizationRetort;research=SteamPower|Coking;workshop=;productivity=-273.6;territory=1805]"
2549902,2549902,Normal,"Building","Waiting","",1,"no strategy candidate [CokeOven:candidate=True;constructible=True;affordable=False;available=False;owned=3;upgradeTo=IndustrialCarbonizationRetort;research=SteamPower|Coking;workshop=;productivity=21.4;territory=1805]"
2550502,2550502,Normal,"Building","Waiting","",1,"productivity or territory is insufficient [CokeOven:candidate=True;constructible=True;affordable=False;available=False;owned=3;upgradeTo=IndustrialCarbonizationRetort;research=SteamPower|Coking;workshop=;productivity=-25.8;territory=1805]"
2551102,2551102,Normal,"Building","Waiting","",1,"productivity or territory is insufficient [CokeOven:candidate=True;constructible=True;affordable=False;available=False;owned=3;upgradeTo=IndustrialCarbonizationRetort;research=SteamPower|Coking;workshop=;productivity=-68.28;territory=1805]"
2551702,2551702,Normal,"Building","Waiting","",1,"productivity or territory is insufficient [CokeOven:candidate=True;constructible=True;affordable=False;available=False;owned=3;upgradeTo=IndustrialCarbonizationRetort;research=SteamPower|Coking;workshop=;productivity=-101.32;territory=1805]"
2552302,2552302,Normal,"Building","Waiting","",1,"productivity or territory is insufficient [CokeOven:candidate=True;constructible=True;affordable=False;available=False;owned=3;upgradeTo=IndustrialCarbonizationRetort;research=SteamPower|Coking;workshop=;productivity=-132;territory=1805]"
2552902,2552902,Normal,"Building","Waiting","",1,"productivity or territory is insufficient [CokeOven:candidate=True;constructible=True;affordable=False;available=False;owned=3;upgradeTo=IndustrialCarbonizationRetort;research=SteamPower|Coking;workshop=;productivity=-155.6;territory=1805]"
2553502,2553502,Normal,"Building","Waiting","",1,"productivity or territory is insufficient [CokeOven:candidate=True;constructible=True;affordable=False;available=False;owned=3;upgradeTo=IndustrialCarbonizationRetort;research=SteamPower|Coking;workshop=;productivity=-174.48;territory=1805]"
2554102,2554102,Normal,"Building","Waiting","",1,"productivity or territory is insufficient [CokeOven:candidate=True;constructible=True;affordable=False;available=False;owned=3;upgradeTo=IndustrialCarbonizationRetort;research=SteamPower|Coking;workshop=;productivity=-191;territory=1805]"
2554702,2554702,Normal,"Building","Waiting","",1,"productivity or territory is insufficient [CokeOven:candidate=True;constructible=True;affordable=False;available=False;owned=3;upgradeTo=IndustrialCarbonizationRetort;research=SteamPower|Coking;workshop=;productivity=-205.16;territory=1805]"
2555302,2555302,Normal,"Building","Waiting","",1,"productivity or territory is insufficient [CokeOven:candidate=True;constructible=True;affordable=False;available=False;owned=3;upgradeTo=IndustrialCarbonizationRetort;research=SteamPower|Coking;workshop=;productivity=-216.96;territory=1805]"
2555902,2555902,Normal,"Building","Waiting","",1,"productivity or territory is insufficient [CokeOven:candidate=True;constructible=True;affordable=False;available=False;owned=3;upgradeTo=IndustrialCarbonizationRetort;research=SteamPower|Coking;workshop=;productivity=-226.4;territory=1805]"
2556502,2556502,Normal,"Building","Waiting","",1,"productivity or territory is insufficient [CokeOven:candidate=True;constructible=True;affordable=False;available=False;owned=3;upgradeTo=IndustrialCarbonizationRetort;research=SteamPower|Coking;workshop=;productivity=-233.48;territory=1805]"
2557102,2557102,Normal,"Building","Waiting","",1,"productivity or territory is insufficient [CokeOven:candidate=True;constructible=True;affordable=False;available=False;owned=3;upgradeTo=IndustrialCarbonizationRetort;research=SteamPower|Coking;workshop=;productivity=-240.56;territory=1805]"
2557702,2557702,Normal,"Building","Waiting","",1,"productivity or territory is insufficient [CokeOven:candidate=True;constructible=True;affordable=False;available=False;owned=3;upgradeTo=IndustrialCarbonizationRetort;research=SteamPower|Coking;workshop=;productivity=-245.28;territory=1805]"
2558302,2558302,Normal,"Building","Waiting","",1,"productivity or territory is insufficient [CokeOven:candidate=True;constructible=True;affordable=False;available=False;owned=3;upgradeTo=IndustrialCarbonizationRetort;research=SteamPower|Coking;workshop=;productivity=-250;territory=1805]"
2558902,2558902,Normal,"Building","Waiting","",1,"productivity or territory is insufficient [CokeOven:candidate=True;constructible=True;affordable=False;available=False;owned=3;upgradeTo=IndustrialCarbonizationRetort;research=SteamPower|Coking;workshop=;productivity=-254.72;territory=1805]"
2559502,2559502,Normal,"Building","Waiting","",1,"productivity or territory is insufficient [CokeOven:candidate=True;constructible=True;affordable=False;available=False;owned=3;upgradeTo=IndustrialCarbonizationRetort;research=SteamPower|Coking;workshop=;productivity=-257.08;territory=1805]"
2560102,2560102,Normal,"Building","Waiting","",1,"productivity or territory is insufficient [CokeOven:candidate=True;constructible=True;affordable=False;available=False;owned=3;upgradeTo=IndustrialCarbonizationRetort;research=SteamPower|Coking;workshop=;productivity=-259.44;territory=1805]"
2560702,2560702,Normal,"Building","Waiting","",1,"productivity or territory is insufficient [CokeOven:candidate=True;constructible=True;affordable=False;available=False;owned=3;upgradeTo=IndustrialCarbonizationRetort;research=SteamPower|Coking;workshop=;productivity=-261.8;territory=1805]"
2561302,2561302,Normal,"Building","Waiting","",1,"productivity or territory is insufficient [CokeOven:candidate=True;constructible=True;affordable=False;available=False;owned=3;upgradeTo=IndustrialCarbonizationRetort;research=SteamPower|Coking;workshop=;productivity=-264.16;territory=1805]"
2561902,2562502,Normal,"Building","Waiting","",2,"productivity or territory is insufficient [CokeOven:candidate=True;constructible=True;affordable=False;available=False;owned=3;upgradeTo=IndustrialCarbonizationRetort;research=SteamPower|Coking;workshop=;productivity=-266.52;territory=1805]"
2563102,2564302,Normal,"Building","Waiting","",3,"productivity or territory is insufficient [CokeOven:candidate=True;constructible=True;affordable=False;available=False;owned=3;upgradeTo=IndustrialCarbonizationRetort;research=SteamPower|Coking;workshop=;productivity=-268.88;territory=1805]"
2564902,2567302,Normal,"Building","Waiting","",5,"productivity or territory is insufficient [CokeOven:candidate=True;constructible=True;affordable=False;available=False;owned=3;upgradeTo=IndustrialCarbonizationRetort;research=SteamPower|Coking;workshop=;productivity=-271.24;territory=1805]"
2567902,2567902,Normal,"Building","Waiting","",1,"productivity or territory is insufficient [CokeOven:candidate=True;constructible=True;affordable=False;available=False;owned=3;upgradeTo=IndustrialCarbonizationRetort;research=SteamPower|Coking;workshop=;productivity=-273.6;territory=1805]"
2568502,2568502,Normal,"Building","Waiting","",1,"no strategy candidate [CokeOven:candidate=True;constructible=True;affordable=False;available=False;owned=3;upgradeTo=IndustrialCarbonizationRetort;research=SteamPower|Coking;workshop=;productivity=21.4;territory=1805]"
2569102,2569102,Normal,"Building","Waiting","",1,"productivity or territory is insufficient [CokeOven:candidate=True;constructible=True;affordable=False;available=False;owned=3;upgradeTo=IndustrialCarbonizationRetort;research=SteamPower|Coking;workshop=;productivity=-25.8;territory=1805]"
2569702,2569702,Normal,"Building","Waiting","",1,"productivity or territory is insufficient [CokeOven:candidate=True;constructible=True;affordable=False;available=False;owned=3;upgradeTo=IndustrialCarbonizationRetort;research=SteamPower|Coking;workshop=;productivity=-68.28;territory=1805]"
2570302,2570302,Normal,"Building","Waiting","",1,"productivity or territory is insufficient [CokeOven:candidate=True;constructible=True;affordable=False;available=False;owned=3;upgradeTo=IndustrialCarbonizationRetort;research=SteamPower|Coking;workshop=;productivity=-101.32;territory=1805]"
2570902,2570902,Normal,"Building","Waiting","",1,"productivity or territory is insufficient [CokeOven:candidate=True;constructible=True;affordable=False;available=False;owned=3;upgradeTo=IndustrialCarbonizationRetort;research=SteamPower|Coking;workshop=;productivity=-132;territory=1805]"
2571502,2571502,Normal,"Building","Waiting","",1,"productivity or territory is insufficient [CokeOven:candidate=True;constructible=True;affordable=False;available=False;owned=3;upgradeTo=IndustrialCarbonizationRetort;research=SteamPower|Coking;workshop=;productivity=-155.6;territory=1805]"
2572102,2572102,Normal,"Building","Waiting","",1,"productivity or territory is insufficient [CokeOven:candidate=True;constructible=True;affordable=False;available=False;owned=3;upgradeTo=IndustrialCarbonizationRetort;research=SteamPower|Coking;workshop=;productivity=-174.48;territory=1805]"
2572702,2572702,Normal,"Building","Waiting","",1,"productivity or territory is insufficient [CokeOven:candidate=True;constructible=True;affordable=False;available=False;owned=3;upgradeTo=IndustrialCarbonizationRetort;research=SteamPower|Coking;workshop=;productivity=-191;territory=1805]"
2573302,2573302,Normal,"Building","Waiting","",1,"productivity or territory is insufficient [CokeOven:candidate=True;constructible=True;affordable=False;available=False;owned=3;upgradeTo=IndustrialCarbonizationRetort;research=SteamPower|Coking;workshop=;productivity=-205.16;territory=1805]"
2573902,2573902,Normal,"Building","Waiting","",1,"productivity or territory is insufficient [CokeOven:candidate=True;constructible=True;affordable=False;available=False;owned=3;upgradeTo=IndustrialCarbonizationRetort;research=SteamPower|Coking;workshop=;productivity=-216.96;territory=1805]"
2574502,2574502,Normal,"Building","Waiting","",1,"productivity or territory is insufficient [CokeOven:candidate=True;constructible=True;affordable=False;available=False;owned=3;upgradeTo=IndustrialCarbonizationRetort;research=SteamPower|Coking;workshop=;productivity=-226.4;territory=1805]"
2575102,2575102,Normal,"Building","Waiting","",1,"productivity or territory is insufficient [CokeOven:candidate=True;constructible=True;affordable=False;available=False;owned=3;upgradeTo=IndustrialCarbonizationRetort;research=SteamPower|Coking;workshop=;productivity=-233.48;territory=1805]"
2575702,2575702,Normal,"Building","Waiting","",1,"productivity or territory is insufficient [CokeOven:candidate=True;constructible=True;affordable=False;available=False;owned=3;upgradeTo=IndustrialCarbonizationRetort;research=SteamPower|Coking;workshop=;productivity=-240.56;territory=1805]"
2576302,2576302,Normal,"Building","Waiting","",1,"productivity or territory is insufficient [CokeOven:candidate=True;constructible=True;affordable=False;available=False;owned=3;upgradeTo=IndustrialCarbonizationRetort;research=SteamPower|Coking;workshop=;productivity=-245.28;territory=1805]"
2576902,2576902,Normal,"Building","Waiting","",1,"productivity or territory is insufficient [CokeOven:candidate=True;constructible=True;affordable=False;available=False;owned=3;upgradeTo=IndustrialCarbonizationRetort;research=SteamPower|Coking;workshop=;productivity=-250;territory=1805]"
2577502,2577502,Normal,"Building","Waiting","",1,"productivity or territory is insufficient [CokeOven:candidate=True;constructible=True;affordable=False;available=False;owned=3;upgradeTo=IndustrialCarbonizationRetort;research=SteamPower|Coking;workshop=;productivity=-254.72;territory=1805]"
2578102,2578102,Normal,"Building","Waiting","",1,"productivity or territory is insufficient [CokeOven:candidate=True;constructible=True;affordable=False;available=False;owned=3;upgradeTo=IndustrialCarbonizationRetort;research=SteamPower|Coking;workshop=;productivity=-257.08;territory=1805]"
2578702,2578702,Normal,"Building","Waiting","",1,"productivity or territory is insufficient [CokeOven:candidate=True;constructible=True;affordable=False;available=False;owned=3;upgradeTo=IndustrialCarbonizationRetort;research=SteamPower|Coking;workshop=;productivity=-259.44;territory=1805]"
2579302,2579302,Normal,"Building","Waiting","",1,"productivity or territory is insufficient [CokeOven:candidate=True;constructible=True;affordable=False;available=False;owned=3;upgradeTo=IndustrialCarbonizationRetort;research=SteamPower|Coking;workshop=;productivity=-261.8;territory=1805]"
2579902,2579902,Normal,"Building","Waiting","",1,"productivity or territory is insufficient [CokeOven:candidate=True;constructible=True;affordable=False;available=False;owned=3;upgradeTo=IndustrialCarbonizationRetort;research=SteamPower|Coking;workshop=;productivity=-264.16;territory=1805]"
2580502,2581102,Normal,"Building","Waiting","",2,"productivity or territory is insufficient [CokeOven:candidate=True;constructible=True;affordable=False;available=False;owned=3;upgradeTo=IndustrialCarbonizationRetort;research=SteamPower|Coking;workshop=;productivity=-266.52;territory=1805]"
2581702,2582902,Normal,"Building","Waiting","",3,"productivity or territory is insufficient [CokeOven:candidate=True;constructible=True;affordable=False;available=False;owned=3;upgradeTo=IndustrialCarbonizationRetort;research=SteamPower|Coking;workshop=;productivity=-268.88;territory=1805]"
2583502,2585902,Normal,"Building","Waiting","",5,"productivity or territory is insufficient [CokeOven:candidate=True;constructible=True;affordable=False;available=False;owned=3;upgradeTo=IndustrialCarbonizationRetort;research=SteamPower|Coking;workshop=;productivity=-271.24;territory=1805]"
2586502,2586502,Normal,"Building","Waiting","",1,"productivity or territory is insufficient [CokeOven:candidate=True;constructible=True;affordable=False;available=False;owned=3;upgradeTo=IndustrialCarbonizationRetort;research=SteamPower|Coking;workshop=;productivity=-273.6;territory=1805]"
2587102,2587102,Normal,"Building","Waiting","",1,"no strategy candidate [CokeOven:candidate=True;constructible=True;affordable=False;available=False;owned=3;upgradeTo=IndustrialCarbonizationRetort;research=SteamPower|Coking;workshop=;productivity=21.4;territory=1805]"
2587702,2587702,Normal,"Building","Waiting","",1,"productivity or territory is insufficient [CokeOven:candidate=True;constructible=True;affordable=False;available=False;owned=3;upgradeTo=IndustrialCarbonizationRetort;research=SteamPower|Coking;workshop=;productivity=-25.8;territory=1805]"
2588302,2588302,Normal,"Building","Waiting","",1,"productivity or territory is insufficient [CokeOven:candidate=True;constructible=True;affordable=False;available=False;owned=3;upgradeTo=IndustrialCarbonizationRetort;research=SteamPower|Coking;workshop=;productivity=-68.28;territory=1805]"
2588902,2588902,Normal,"Building","Waiting","",1,"productivity or territory is insufficient [CokeOven:candidate=True;constructible=True;affordable=False;available=False;owned=3;upgradeTo=IndustrialCarbonizationRetort;research=SteamPower|Coking;workshop=;productivity=-101.32;territory=1805]"
2589502,2589502,Normal,"Building","Waiting","",1,"productivity or territory is insufficient [CokeOven:candidate=True;constructible=True;affordable=False;available=False;owned=3;upgradeTo=IndustrialCarbonizationRetort;research=SteamPower|Coking;workshop=;productivity=-132;territory=1805]"
2590102,2590102,Normal,"Building","Waiting","",1,"productivity or territory is insufficient [CokeOven:candidate=True;constructible=True;affordable=False;available=False;owned=3;upgradeTo=IndustrialCarbonizationRetort;research=SteamPower|Coking;workshop=;productivity=-155.6;territory=1805]"
2590702,2590702,Normal,"Building","Waiting","",1,"productivity or territory is insufficient [CokeOven:candidate=True;constructible=True;affordable=False;available=False;owned=3;upgradeTo=IndustrialCarbonizationRetort;research=SteamPower|Coking;workshop=;productivity=-174.48;territory=1805]"
2591302,2591302,Normal,"Building","Waiting","",1,"productivity or territory is insufficient [CokeOven:candidate=True;constructible=True;affordable=False;available=False;owned=3;upgradeTo=IndustrialCarbonizationRetort;research=SteamPower|Coking;workshop=;productivity=-191;territory=1805]"
2591902,2592000,Normal,"Building","Waiting","",2,"productivity or territory is insufficient [CokeOven:candidate=True;constructible=True;affordable=False;available=False;owned=3;upgradeTo=IndustrialCarbonizationRetort;research=SteamPower|Coking;workshop=;productivity=-193.36;territory=1805]"
