Minute,TechLevel,ResearchPower,Population,PopulationGrowthMultiplier,PopulationGrowthPerMinute,TotalProductivity,UsedProductivity,AvailableProductivity,ProductivityUtilization,TerritoryUsed,TerritoryTotal,ActiveResearch,Resources,Buildings,ResearchCompleted
0,Animal,1,0,1,0,0,0,0,0,0,500,"ControlledFire","WoodLog=1","",""
1,Animal,1,0,1,0,0,0,0,0,0,500,"ControlledFire","WoodLog=41","",""
2,Animal,1,0,1,0,0,0,0,0,0,500,"","WoodLog=101","","ControlledFire"
3,Animal,1,0,1,0,0,0,0,0,0,500,"","WoodLog=161","","ControlledFire"
4,Animal,1,0,1,0,0,0,0,0,0,500,"","WoodLog=221","","ControlledFire"
5,Animal,1,0,1,1,0,0,0,0,3,500,"Quarry","WoodLog=201","WoodHouse=1","ControlledFire"
6,Animal,1,1,1,0.8,2,0,2,0,3,500,"Quarry","WoodLog=0","WoodHouse=1","ControlledFire"
7,Animal,1,2,1,1.2,4,0,4,0,3,500,"Quarry","WoodLog=0","WoodHouse=1","ControlledFire"
8,Animal,1,3,1,1.2,6,0,6,0,3,500,"Quarry","WoodLog=0","WoodHouse=1","ControlledFire"
9,Animal,1,4,1,0.8,8,0,8,0,3,500,"Quarry","WoodLog=41","WoodHouse=1","ControlledFire"
10,Animal,1,5,1,0,10,0,10,0,3,500,"Quarry","WoodLog=101","WoodHouse=1","ControlledFire"
11,Animal,1,5,1,0,10,0,10,0,3,500,"","WoodLog=161","WoodHouse=1","ControlledFire;Quarry"
12,Animal,1,5,1,0,10,0,10,0,3,500,"","WoodLog=221","WoodHouse=1","ControlledFire;Quarry"
13,Animal,1,5,1,0,10,0,10,0,3,500,"","WoodLog=281","WoodHouse=1","ControlledFire;Quarry"
14,Animal,1,6,1,2.4,12,0,12,0,6,500,"","WoodLog=246.6","WoodHouse=2","ControlledFire;Quarry"
15,Animal,1,8,1,1.6,16,0,16,0,6,500,"AnimalHusbandry","WoodLog=306.6","WoodHouse=2","ControlledFire;Quarry"
16,Animal,1,9,1,0.9,18,0,18,0,6,500,"AnimalHusbandry","WoodLog=286.6","WoodHouse=2","ControlledFire;Quarry"
17,Animal,1,10,1,0,20,0,20,0,6,500,"AnimalHusbandry","WoodLog=346.6","WoodHouse=2","ControlledFire;Quarry"
18,Animal,1,10,1,0,20,0,20,0,9,500,"AnimalHusbandry","WoodLog=295.21","WoodHouse=3","ControlledFire;Quarry"
19,Animal,1,11,1,1.667,22,0,22,0,9,500,"","WoodLog=355.21","WoodHouse=3","AnimalHusbandry;ControlledFire;Quarry"
20,Animal,1,13,1,0.833,26,0,26,0,9,500,"ClayExtraction","WoodLog=415.21","WoodHouse=3","AnimalHusbandry;ControlledFire;Quarry"
21,Animal,1,13,1,0.833,26,0,26,0,9,500,"ClayExtraction","WoodLog=435.21","WoodHouse=3","AnimalHusbandry;ControlledFire;Quarry"
22,Animal,1,14,1,0.417,28,0,28,0,9,500,"ClayExtraction","WoodLog=495.21","WoodHouse=3","AnimalHusbandry;ControlledFire;Quarry"
23,Animal,1,15,1,1.563,30,0,30,0,12,500,"ClayExtraction","WoodLog=423.77","WoodHouse=4","AnimalHusbandry;ControlledFire;Quarry"
24,Animal,1,16,1,1.25,32,0,32,0,12,500,"","WoodLog=483.77","WoodHouse=4","AnimalHusbandry;ClayExtraction;ControlledFire;Quarry"
25,Animal,1,17,1,0.938,34,0,34,0,12,500,"Agriculture","WoodLog=543.77","WoodHouse=4","AnimalHusbandry;ClayExtraction;ControlledFire;Quarry"
26,Animal,1,18,1,0.625,36,0,36,0,12,500,"Agriculture","WoodLog=575.77","WoodHouse=4","AnimalHusbandry;ClayExtraction;ControlledFire;Quarry"
27,Animal,1,19,1,0.313,38,4,34,0.105,16,500,"Agriculture","WoodLog=555.77","ClayPit=1;WoodHouse=4","AnimalHusbandry;ClayExtraction;ControlledFire;Quarry"
28,Animal,1,19,1,0.313,38,4,34,0.105,16,500,"Agriculture","Clay=29.61;WoodLog=615.77","ClayPit=1;WoodHouse=4","AnimalHusbandry;ClayExtraction;ControlledFire;Quarry"
29,Animal,1,19,1,0.313,38,4,34,0.105,16,500,"Agriculture","Clay=59.21;WoodLog=675.77","ClayPit=1;WoodHouse=4","AnimalHusbandry;ClayExtraction;ControlledFire;Quarry"
30,Animal,1,20,1.2,0,40,4,36,0.1,16,500,"HerbalKnowledge","Clay=88.82;WoodLog=735.77","ClayPit=1;WoodHouse=4","Agriculture;AnimalHusbandry;ClayExtraction;ControlledFire;Quarry"
31,Animal,1,20,1.2,0,40,4,36,0.1,16,500,"HerbalKnowledge","Clay=76.94;WoodLog=795.77","ClayPit=1;WoodHouse=4","Agriculture;AnimalHusbandry;ClayExtraction;ControlledFire;Quarry"
32,Animal,1,20,1.2,0,40,7,33,0.175,19,500,"HerbalKnowledge","Clay=105.07;PlantFiber=0;WoodLog=795.77","ClayPit=1;FiberGatheringCamp=1;WoodHouse=4","Agriculture;AnimalHusbandry;ClayExtraction;ControlledFire;Quarry"
33,Animal,1,20,1.2,0,40,7,33,0.175,19,500,"HerbalKnowledge","Clay=133.19;PlantFiber=0;WoodLog=855.77","ClayPit=1;FiberGatheringCamp=1;WoodHouse=4","Agriculture;AnimalHusbandry;ClayExtraction;ControlledFire;Quarry"
34,Animal,1,20,1.2,0,40,7,33,0.175,19,500,"HerbalKnowledge","Clay=161.32;PlantFiber=0;WoodLog=915.77","ClayPit=1;FiberGatheringCamp=1;WoodHouse=4","Agriculture;AnimalHusbandry;ClayExtraction;ControlledFire;Quarry"
35,Animal,1,20,1.2,0,40,7,33,0.175,19,500,"HerbalKnowledge","Clay=189.44;PlantFiber=0;WoodLog=975.77","ClayPit=1;FiberGatheringCamp=1;WoodHouse=4","Agriculture;AnimalHusbandry;ClayExtraction;ControlledFire;Quarry"
36,Animal,1,20,1.2,0,40,10,30,0.25,23,500,"HerbalKnowledge","Clay=217.57;PlantFiber=26.56;WoodLog=985.77","ClayPit=1;Farm=1;FiberGatheringCamp=1;WoodHouse=4","Agriculture;AnimalHusbandry;ClayExtraction;ControlledFire;Quarry"
37,Animal,1,20,1.2,0,40,10,30,0.25,23,500,"HerbalKnowledge","Clay=282.82;PlantFiber=91.81;WoodLog=1045.77","ClayPit=1;Farm=1;FiberGatheringCamp=1;WoodHouse=4","Agriculture;AnimalHusbandry;ClayExtraction;ControlledFire;Quarry"
38,Animal,1,20,1.2,0,40,10,30,0.25,23,500,"HerbalKnowledge","Clay=348.07;PlantFiber=157.06;WoodLog=1105.77","ClayPit=1;Farm=1;FiberGatheringCamp=1;WoodHouse=4","Agriculture;AnimalHusbandry;ClayExtraction;ControlledFire;Quarry"
39,Animal,1,20,1.2,0,40,10,30,0.25,23,500,"HerbalKnowledge","Clay=413.32;PlantFiber=222.31;WoodLog=1165.77","ClayPit=1;Farm=1;FiberGatheringCamp=1;WoodHouse=4","Agriculture;AnimalHusbandry;ClayExtraction;ControlledFire;Quarry"
40,Animal,1,20,1.2,0,40,10,30,0.25,23,500,"HerbalKnowledge","Clay=478.57;PlantFiber=287.56;WoodLog=1225.77","ClayPit=1;Farm=1;FiberGatheringCamp=1;WoodHouse=4","Agriculture;AnimalHusbandry;ClayExtraction;ControlledFire;Quarry"
41,Animal,1,20,1.2,0,40,14,26,0.35,28,500,"HerbalKnowledge","Clay=556.19;PlantFiber=365.19;WoodLog=1185.77","ClayPit=1;Farm=1;FiberGatheringCamp=1;Pasture=1;WoodHouse=4","Agriculture;AnimalHusbandry;ClayExtraction;ControlledFire;Quarry"
42,Animal,1,20,1.2,0,40,14,26,0.35,28,500,"HerbalKnowledge","Clay=646.19;PlantFiber=455.19;WoodLog=1245.77","ClayPit=1;Farm=1;FiberGatheringCamp=1;Pasture=1;WoodHouse=4","Agriculture;AnimalHusbandry;ClayExtraction;ControlledFire;Quarry"
43,Animal,1,20,1.2,0,40,14,26,0.35,28,500,"HerbalKnowledge","Clay=736.19;PlantFiber=545.19;WoodLog=1305.77","ClayPit=1;Farm=1;FiberGatheringCamp=1;Pasture=1;WoodHouse=4","Agriculture;AnimalHusbandry;ClayExtraction;ControlledFire;Quarry"
44,Animal,1,20,1.2,0,40,14,26,0.35,28,500,"HerbalKnowledge","Clay=826.19;PlantFiber=635.19;WoodLog=1365.77","ClayPit=1;Farm=1;FiberGatheringCamp=1;Pasture=1;WoodHouse=4","Agriculture;AnimalHusbandry;ClayExtraction;ControlledFire;Quarry"
45,Animal,1,20,1.2,0,40,18,22,0.45,32,500,"HerbalKnowledge","Clay=916.19;PlantFiber=725.19;WoodLog=1334.57","ClayPit=2;Farm=1;FiberGatheringCamp=1;Pasture=1;WoodHouse=4","Agriculture;AnimalHusbandry;ClayExtraction;ControlledFire;Quarry"
46,Animal,1,20,1.2,0,40,18,22,0.45,32,500,"HerbalKnowledge","Clay=1096.19;PlantFiber=815.19;WoodLog=1394.57","ClayPit=2;Farm=1;FiberGatheringCamp=1;Pasture=1;WoodHouse=4","Agriculture;AnimalHusbandry;ClayExtraction;ControlledFire;Quarry"
47,Animal,1,20,1.2,0,40,18,22,0.45,32,500,"HerbalKnowledge","Clay=1276.19;PlantFiber=905.19;WoodLog=1454.57","ClayPit=2;Farm=1;FiberGatheringCamp=1;Pasture=1;WoodHouse=4","Agriculture;AnimalHusbandry;ClayExtraction;ControlledFire;Quarry"
48,Animal,1,20,1.2,0,40,18,22,0.45,32,500,"HerbalKnowledge","Clay=1456.19;PlantFiber=995.19;WoodLog=1514.57","ClayPit=2;Farm=1;FiberGatheringCamp=1;Pasture=1;WoodHouse=4","Agriculture;AnimalHusbandry;ClayExtraction;ControlledFire;Quarry"
49,Animal,1,20,1.2,0,40,18,22,0.45,32,500,"HerbalKnowledge","Clay=1636.19;PlantFiber=1085.19;WoodLog=1574.57","ClayPit=2;Farm=1;FiberGatheringCamp=1;Pasture=1;WoodHouse=4","Agriculture;AnimalHusbandry;ClayExtraction;ControlledFire;Quarry"
50,Animal,1,20,1.2,0,44,20,24,0.455,34,500,"KnowledgeSharing","Clay=1776.19;PlantFiber=1095.19;WoodLog=1514.57","ClayPit=2;Farm=1;FiberGatheringCamp=1;HealerHut=1;Pasture=1;WoodHouse=4","Agriculture;AnimalHusbandry;ClayExtraction;ControlledFire;HerbalKnowledge;Quarry"
51,Animal,1,20,1.2,0,44,20,24,0.455,34,500,"KnowledgeSharing","Clay=1956.19;PlantFiber=1185.19;WoodLog=1574.57","ClayPit=2;Farm=1;FiberGatheringCamp=1;HealerHut=1;Pasture=1;WoodHouse=4","Agriculture;AnimalHusbandry;ClayExtraction;ControlledFire;HerbalKnowledge;Quarry"
52,Animal,1,20,1.2,0,44,20,24,0.455,34,500,"KnowledgeSharing","Clay=2136.19;PlantFiber=1275.19;WoodLog=1634.57","ClayPit=2;Farm=1;FiberGatheringCamp=1;HealerHut=1;Pasture=1;WoodHouse=4","Agriculture;AnimalHusbandry;ClayExtraction;ControlledFire;HerbalKnowledge;Quarry"
53,Animal,1,20,1.2,0,44,20,24,0.455,34,500,"KnowledgeSharing","Clay=2316.19;PlantFiber=1365.19;WoodLog=1694.57","ClayPit=2;Farm=1;FiberGatheringCamp=1;HealerHut=1;Pasture=1;WoodHouse=4","Agriculture;AnimalHusbandry;ClayExtraction;ControlledFire;HerbalKnowledge;Quarry"
54,Animal,1,20,1.2,0,48,22,26,0.458,36,500,"KnowledgeSharing","Clay=2448.99;PlantFiber=1360.79;WoodLog=1612.97","ClayPit=2;Farm=1;FiberGatheringCamp=1;HealerHut=2;Pasture=1;WoodHouse=4","Agriculture;AnimalHusbandry;ClayExtraction;ControlledFire;HerbalKnowledge;Quarry"
55,Animal,1,20,1.2,0,48,22,26,0.458,36,500,"KnowledgeSharing","Clay=2628.99;PlantFiber=1450.79;WoodLog=1672.97","ClayPit=2;Farm=1;FiberGatheringCamp=1;HealerHut=2;Pasture=1;WoodHouse=4","Agriculture;AnimalHusbandry;ClayExtraction;ControlledFire;HerbalKnowledge;Quarry"
56,Animal,1,20,1.2,0,48,22,26,0.458,36,500,"KnowledgeSharing","Clay=2808.99;PlantFiber=1540.79;WoodLog=1732.97","ClayPit=2;Farm=1;FiberGatheringCamp=1;HealerHut=2;Pasture=1;WoodHouse=4","Agriculture;AnimalHusbandry;ClayExtraction;ControlledFire;HerbalKnowledge;Quarry"
57,Animal,1,20,1.2,0,48,22,26,0.458,36,500,"KnowledgeSharing","Clay=2988.99;PlantFiber=1630.79;WoodLog=1792.97","ClayPit=2;Farm=1;FiberGatheringCamp=1;HealerHut=2;Pasture=1;WoodHouse=4","Agriculture;AnimalHusbandry;ClayExtraction;ControlledFire;HerbalKnowledge;Quarry"
58,Animal,1,20,1.2,0,48,22,26,0.458,36,500,"KnowledgeSharing","Clay=3168.99;PlantFiber=1720.79;WoodLog=1852.97","ClayPit=2;Farm=1;FiberGatheringCamp=1;HealerHut=2;Pasture=1;WoodHouse=4","Agriculture;AnimalHusbandry;ClayExtraction;ControlledFire;HerbalKnowledge;Quarry"
59,Animal,1,20,1.2,0,52,24,28,0.462,38,500,"KnowledgeSharing","Clay=3293.29;PlantFiber=1699.4;WoodLog=1745.88","ClayPit=2;Farm=1;FiberGatheringCamp=1;HealerHut=3;Pasture=1;WoodHouse=4","Agriculture;AnimalHusbandry;ClayExtraction;ControlledFire;HerbalKnowledge;Quarry"
60,Animal,1,20,1.2,0,52,24,28,0.462,38,500,"KnowledgeSharing","Clay=3473.29;PlantFiber=1789.4;WoodLog=1805.88","ClayPit=2;Farm=1;FiberGatheringCamp=1;HealerHut=3;Pasture=1;WoodHouse=4","Agriculture;AnimalHusbandry;ClayExtraction;ControlledFire;HerbalKnowledge;Quarry"
61,Animal,1,20,1.2,0,52,24,28,0.462,38,500,"KnowledgeSharing","Clay=3653.29;PlantFiber=1879.4;WoodLog=1865.88","ClayPit=2;Farm=1;FiberGatheringCamp=1;HealerHut=3;Pasture=1;WoodHouse=4","Agriculture;AnimalHusbandry;ClayExtraction;ControlledFire;HerbalKnowledge;Quarry"
62,Animal,1,20,1.2,0,52,24,28,0.462,38,500,"KnowledgeSharing","Clay=3833.29;PlantFiber=1969.4;WoodLog=1925.88","ClayPit=2;Farm=1;FiberGatheringCamp=1;HealerHut=3;Pasture=1;WoodHouse=4","Agriculture;AnimalHusbandry;ClayExtraction;ControlledFire;HerbalKnowledge;Quarry"
63,Animal,1,20,1.2,0,56,26,30,0.464,40,500,"KnowledgeSharing","Clay=3947.57;PlantFiber=1927.95;WoodLog=1788.71","ClayPit=2;Farm=1;FiberGatheringCamp=1;HealerHut=4;Pasture=1;WoodHouse=4","Agriculture;AnimalHusbandry;ClayExtraction;ControlledFire;HerbalKnowledge;Quarry"
64,Animal,1,20,1.2,0,56,26,30,0.464,40,500,"KnowledgeSharing","Clay=4127.57;PlantFiber=2017.95;WoodLog=1848.71","ClayPit=2;Farm=1;FiberGatheringCamp=1;HealerHut=4;Pasture=1;WoodHouse=4","Agriculture;AnimalHusbandry;ClayExtraction;ControlledFire;HerbalKnowledge;Quarry"
65,Animal,1,20,1.2,0,56,26,30,0.464,40,500,"KnowledgeSharing","Clay=4307.57;PlantFiber=2107.95;WoodLog=1908.71","ClayPit=2;Farm=1;FiberGatheringCamp=1;HealerHut=4;Pasture=1;WoodHouse=4","Agriculture;AnimalHusbandry;ClayExtraction;ControlledFire;HerbalKnowledge;Quarry"
66,Animal,1,20,1.2,0,56,26,30,0.464,40,500,"KnowledgeSharing","Clay=4487.57;PlantFiber=2197.95;WoodLog=1968.71","ClayPit=2;Farm=1;FiberGatheringCamp=1;HealerHut=4;Pasture=1;WoodHouse=4","Agriculture;AnimalHusbandry;ClayExtraction;ControlledFire;HerbalKnowledge;Quarry"
67,Animal,1,20,1.2,0,56,26,30,0.464,40,500,"KnowledgeSharing","Clay=4667.57;PlantFiber=2287.95;WoodLog=2028.71","ClayPit=2;Farm=1;FiberGatheringCamp=1;HealerHut=4;Pasture=1;WoodHouse=4","Agriculture;AnimalHusbandry;ClayExtraction;ControlledFire;HerbalKnowledge;Quarry"
68,Animal,1,20,1.2,0,60,28,32,0.467,42,500,"KnowledgeSharing","Clay=4770.02;PlantFiber=2222.85;WoodLog=1856.06","ClayPit=2;Farm=1;FiberGatheringCamp=1;HealerHut=5;Pasture=1;WoodHouse=4","Agriculture;AnimalHusbandry;ClayExtraction;ControlledFire;HerbalKnowledge;Quarry"
69,Animal,1,20,1.2,0,60,28,32,0.467,42,500,"KnowledgeSharing","Clay=4950.02;PlantFiber=2312.85;WoodLog=1916.06","ClayPit=2;Farm=1;FiberGatheringCamp=1;HealerHut=5;Pasture=1;WoodHouse=4","Agriculture;AnimalHusbandry;ClayExtraction;ControlledFire;HerbalKnowledge;Quarry"
70,Animal,1.15,20,1.2,0,60,28,32,0.467,42,500,"","Clay=5130.02;PlantFiber=2402.85;WoodLog=1976.06","ClayPit=2;Farm=1;FiberGatheringCamp=1;HealerHut=5;Pasture=1;WoodHouse=4","Agriculture;AnimalHusbandry;ClayExtraction;ControlledFire;HerbalKnowledge;KnowledgeSharing;Quarry"
71,Animal,1.15,20,1.2,0,60,28,32,0.467,42,500,"","Clay=5310.02;PlantFiber=2492.85;WoodLog=2036.06","ClayPit=2;Farm=1;FiberGatheringCamp=1;HealerHut=5;Pasture=1;WoodHouse=4","Agriculture;AnimalHusbandry;ClayExtraction;ControlledFire;HerbalKnowledge;KnowledgeSharing;Quarry"
72,Animal,1.15,20,1.2,0,64,30,34,0.469,44,500,"","Clay=5398.51;PlantFiber=2399.83;WoodLog=1821.53","ClayPit=2;Farm=1;FiberGatheringCamp=1;HealerHut=6;Pasture=1;WoodHouse=4","Agriculture;AnimalHusbandry;ClayExtraction;ControlledFire;HerbalKnowledge;KnowledgeSharing;Quarry"
73,Animal,1.15,20,1.2,0,64,30,34,0.469,44,500,"","Clay=5578.51;PlantFiber=2489.83;WoodLog=1881.53","ClayPit=2;Farm=1;FiberGatheringCamp=1;HealerHut=6;Pasture=1;WoodHouse=4","Agriculture;AnimalHusbandry;ClayExtraction;ControlledFire;HerbalKnowledge;KnowledgeSharing;Quarry"
74,Animal,1.15,20,1.2,0,64,30,34,0.469,44,500,"","Clay=5758.51;PlantFiber=2579.83;WoodLog=1941.53","ClayPit=2;Farm=1;FiberGatheringCamp=1;HealerHut=6;Pasture=1;WoodHouse=4","Agriculture;AnimalHusbandry;ClayExtraction;ControlledFire;HerbalKnowledge;KnowledgeSharing;Quarry"
75,Animal,1.15,20,1.2,0,64,30,34,0.469,44,500,"","Clay=5938.51;PlantFiber=2669.83;WoodLog=2001.53","ClayPit=2;Farm=1;FiberGatheringCamp=1;HealerHut=6;Pasture=1;WoodHouse=4","Agriculture;AnimalHusbandry;ClayExtraction;ControlledFire;HerbalKnowledge;KnowledgeSharing;Quarry"
76,Animal,1.15,20,1.2,0,64,30,34,0.469,44,500,"","Clay=6118.51;PlantFiber=2759.83;WoodLog=2061.53","ClayPit=2;Farm=1;FiberGatheringCamp=1;HealerHut=6;Pasture=1;WoodHouse=4","Agriculture;AnimalHusbandry;ClayExtraction;ControlledFire;HerbalKnowledge;KnowledgeSharing;Quarry"
77,Animal,1.15,20,1.2,0,64,33,31,0.516,47,500,"","Clay=6298.51;PlantFiber=2894.83;WoodLog=2053.13","ClayPit=2;Farm=1;FiberGatheringCamp=2;HealerHut=6;Pasture=1;WoodHouse=4","Agriculture;AnimalHusbandry;ClayExtraction;ControlledFire;HerbalKnowledge;KnowledgeSharing;Quarry"
78,Animal,1.15,20,1.2,0,64,33,31,0.516,47,500,"","Clay=6478.51;PlantFiber=3074.83;WoodLog=2113.13","ClayPit=2;Farm=1;FiberGatheringCamp=2;HealerHut=6;Pasture=1;WoodHouse=4","Agriculture;AnimalHusbandry;ClayExtraction;ControlledFire;HerbalKnowledge;KnowledgeSharing;Quarry"
79,Animal,1.15,20,1.2,0,64,33,31,0.516,47,500,"","Clay=6658.51;PlantFiber=3254.83;WoodLog=2173.13","ClayPit=2;Farm=1;FiberGatheringCamp=2;HealerHut=6;Pasture=1;WoodHouse=4","Agriculture;AnimalHusbandry;ClayExtraction;ControlledFire;HerbalKnowledge;KnowledgeSharing;Quarry"
80,Animal,1.15,20,1.2,0,64,33,31,0.516,47,500,"","Clay=6838.51;PlantFiber=3434.83;WoodLog=2233.13","ClayPit=2;Farm=1;FiberGatheringCamp=2;HealerHut=6;Pasture=1;WoodHouse=4","Agriculture;AnimalHusbandry;ClayExtraction;ControlledFire;HerbalKnowledge;KnowledgeSharing;Quarry"
81,Animal,1.15,20,1.2,0,64,33,31,0.516,50,500,"","Clay=7018.51;PlantFiber=3614.83;WoodLog=2138.03","ClayPit=2;Farm=1;FiberGatheringCamp=2;HealerHut=6;Pasture=1;WoodHouse=5","Agriculture;AnimalHusbandry;ClayExtraction;ControlledFire;HerbalKnowledge;KnowledgeSharing;Quarry"
82,Animal,1.15,23,1.2,2.208,70,33,37,0.471,50,500,"","Clay=7198.51;PlantFiber=3794.83;WoodLog=2198.03","ClayPit=2;Farm=1;FiberGatheringCamp=2;HealerHut=6;Pasture=1;WoodHouse=5","Agriculture;AnimalHusbandry;ClayExtraction;ControlledFire;HerbalKnowledge;KnowledgeSharing;Quarry"
83,Animal,1.15,24,1.2,1.152,72,33,39,0.458,50,500,"","Clay=7378.51;PlantFiber=3974.83;WoodLog=2258.03","ClayPit=2;Farm=1;FiberGatheringCamp=2;HealerHut=6;Pasture=1;WoodHouse=5","Agriculture;AnimalHusbandry;ClayExtraction;ControlledFire;HerbalKnowledge;KnowledgeSharing;Quarry"
84,Animal,1.15,25,1.2,0,74,33,41,0.446,50,500,"","Clay=7558.51;PlantFiber=4154.83;WoodLog=2318.03","ClayPit=2;Farm=1;FiberGatheringCamp=2;HealerHut=6;Pasture=1;WoodHouse=5","Agriculture;AnimalHusbandry;ClayExtraction;ControlledFire;HerbalKnowledge;KnowledgeSharing;Quarry"
85,Animal,1.15,25,1.2,0,74,33,41,0.446,50,500,"","Clay=7724.94;PlantFiber=4321.26;WoodLog=2378.03","ClayPit=2;Farm=1;FiberGatheringCamp=2;HealerHut=6;Pasture=1;WoodHouse=5","Agriculture;AnimalHusbandry;ClayExtraction;ControlledFire;HerbalKnowledge;KnowledgeSharing;Quarry"
86,Animal,1.15,26,1.2,3.359,76,33,43,0.434,53,500,"","Clay=7874.41;PlantFiber=4470.73;WoodLog=2255.01","ClayPit=2;Farm=1;FiberGatheringCamp=2;HealerHut=6;Pasture=1;WoodHouse=6","Agriculture;AnimalHusbandry;ClayExtraction;ControlledFire;HerbalKnowledge;KnowledgeSharing;Quarry"
87,Animal,1.15,28,1.2,1.685,80,33,47,0.413,53,500,"","Clay=8012.13;PlantFiber=4608.45;WoodLog=2315.01","ClayPit=2;Farm=1;FiberGatheringCamp=2;HealerHut=6;Pasture=1;WoodHouse=6","Agriculture;AnimalHusbandry;ClayExtraction;ControlledFire;HerbalKnowledge;KnowledgeSharing;Quarry"
88,Animal,1.15,29,1.2,0.844,82,33,49,0.402,53,500,"","Clay=8143.12;PlantFiber=4739.43;WoodLog=2375.01","ClayPit=2;Farm=1;FiberGatheringCamp=2;HealerHut=6;Pasture=1;WoodHouse=6","Agriculture;AnimalHusbandry;ClayExtraction;ControlledFire;HerbalKnowledge;KnowledgeSharing;Quarry"
89,Animal,1.15,30,1.2,0,84,33,51,0.393,53,500,"","Clay=8270.67;PlantFiber=4866.99;WoodLog=2435.01","ClayPit=2;Farm=1;FiberGatheringCamp=2;HealerHut=6;Pasture=1;WoodHouse=6","Agriculture;AnimalHusbandry;ClayExtraction;ControlledFire;HerbalKnowledge;KnowledgeSharing;Quarry"
90,Animal,1.15,30,1.2,0,84,33,51,0.393,56,500,"","Clay=8397.39;PlantFiber=4993.71;WoodLog=2279.04","ClayPit=2;Farm=1;FiberGatheringCamp=2;HealerHut=6;Pasture=1;WoodHouse=7","Agriculture;AnimalHusbandry;ClayExtraction;ControlledFire;HerbalKnowledge;KnowledgeSharing;Quarry"
91,Animal,1.15,32,1.2,2.178,88,33,55,0.375,56,500,"","Clay=8519.94;PlantFiber=5116.26;WoodLog=2339.04","ClayPit=2;Farm=1;FiberGatheringCamp=2;HealerHut=6;Pasture=1;WoodHouse=7","Agriculture;AnimalHusbandry;ClayExtraction;ControlledFire;HerbalKnowledge;KnowledgeSharing;Quarry"
92,Animal,1.15,34,1.2,0.728,92,33,59,0.359,56,500,"","Clay=8635.09;PlantFiber=5231.41;WoodLog=2399.04","ClayPit=2;Farm=1;FiberGatheringCamp=2;HealerHut=6;Pasture=1;WoodHouse=7","Agriculture;AnimalHusbandry;ClayExtraction;ControlledFire;HerbalKnowledge;KnowledgeSharing;Quarry"
93,Animal,1.15,34,1.2,0.728,92,33,59,0.359,56,500,"","Clay=8747.43;PlantFiber=5343.75;WoodLog=2459.04","ClayPit=2;Farm=1;FiberGatheringCamp=2;HealerHut=6;Pasture=1;WoodHouse=7","Agriculture;AnimalHusbandry;ClayExtraction;ControlledFire;HerbalKnowledge;KnowledgeSharing;Quarry"
94,Animal,1.15,35,1.2,0,94,33,61,0.351,56,500,"","Clay=8857.08;PlantFiber=5453.4;WoodLog=2519.04","ClayPit=2;Farm=1;FiberGatheringCamp=2;HealerHut=6;Pasture=1;WoodHouse=7","Agriculture;AnimalHusbandry;ClayExtraction;ControlledFire;HerbalKnowledge;KnowledgeSharing;Quarry"
95,Animal,1.15,36,1.2,2.551,96,33,63,0.344,59,500,"","Clay=8965.79;PlantFiber=5562.11;WoodLog=2324.2","ClayPit=2;Farm=1;FiberGatheringCamp=2;HealerHut=6;Pasture=1;WoodHouse=8","Agriculture;AnimalHusbandry;ClayExtraction;ControlledFire;HerbalKnowledge;KnowledgeSharing;Quarry"
96,Animal,1.15,38,1.2,1.278,100,33,67,0.33,59,500,"","Clay=9069.22;PlantFiber=5665.53;WoodLog=2384.2","ClayPit=2;Farm=1;FiberGatheringCamp=2;HealerHut=6;Pasture=1;WoodHouse=8","Agriculture;AnimalHusbandry;ClayExtraction;ControlledFire;HerbalKnowledge;KnowledgeSharing;Quarry"
97,Animal,1.15,39,1.2,0.64,102,33,69,0.324,59,500,"","Clay=9168.9;PlantFiber=5765.21;WoodLog=2444.2","ClayPit=2;Farm=1;FiberGatheringCamp=2;HealerHut=6;Pasture=1;WoodHouse=8","Agriculture;AnimalHusbandry;ClayExtraction;ControlledFire;HerbalKnowledge;KnowledgeSharing;Quarry"
98,Animal,1.15,39,1.2,0.64,102,33,69,0.324,59,500,"","Clay=9267.28;PlantFiber=5863.6;WoodLog=2504.2","ClayPit=2;Farm=1;FiberGatheringCamp=2;HealerHut=6;Pasture=1;WoodHouse=8","Agriculture;AnimalHusbandry;ClayExtraction;ControlledFire;HerbalKnowledge;KnowledgeSharing;Quarry"
99,Animal,1.15,40,1.2,0,104,33,71,0.317,62,500,"","Clay=9363.4;PlantFiber=5959.72;WoodLog=2263.5","ClayPit=2;Farm=1;FiberGatheringCamp=2;HealerHut=6;Pasture=1;WoodHouse=9","Agriculture;AnimalHusbandry;ClayExtraction;ControlledFire;HerbalKnowledge;KnowledgeSharing;Quarry"
100,Animal,1.15,42,1.2,1.709,108,33,75,0.306,62,500,"","Clay=9457.53;PlantFiber=6053.85;WoodLog=2323.5","ClayPit=2;Farm=1;FiberGatheringCamp=2;HealerHut=6;Pasture=1;WoodHouse=9","Agriculture;AnimalHusbandry;ClayExtraction;ControlledFire;HerbalKnowledge;KnowledgeSharing;Quarry"
101,Animal,1.15,43,1.2,1.14,110,33,77,0.3,62,500,"","Clay=9547.81;PlantFiber=6144.13;WoodLog=2383.5","ClayPit=2;Farm=1;FiberGatheringCamp=2;HealerHut=6;Pasture=1;WoodHouse=9","Agriculture;AnimalHusbandry;ClayExtraction;ControlledFire;HerbalKnowledge;KnowledgeSharing;Quarry"
102,Animal,1.15,44,1.2,0.57,112,33,79,0.295,62,500,"","Clay=9635.82;PlantFiber=6232.14;WoodLog=2443.5","ClayPit=2;Farm=1;FiberGatheringCamp=2;HealerHut=6;Pasture=1;WoodHouse=9","Agriculture;AnimalHusbandry;ClayExtraction;ControlledFire;HerbalKnowledge;KnowledgeSharing;Quarry"
103,Animal,1.15,45,1.2,0,114,33,81,0.289,62,500,"","Clay=9723.3;PlantFiber=6319.62;WoodLog=2503.5","ClayPit=2;Farm=1;FiberGatheringCamp=2;HealerHut=6;Pasture=1;WoodHouse=9","Agriculture;AnimalHusbandry;ClayExtraction;ControlledFire;HerbalKnowledge;KnowledgeSharing;Quarry"
104,Animal,1.15,46,1.2,2.056,116,33,83,0.284,65,500,"","Clay=9808.74;PlantFiber=6405.06;WoodLog=2208.66","ClayPit=2;Farm=1;FiberGatheringCamp=2;HealerHut=6;Pasture=1;WoodHouse=10","Agriculture;AnimalHusbandry;ClayExtraction;ControlledFire;HerbalKnowledge;KnowledgeSharing;Quarry"
105,Animal,1.15,47,1.2,1.543,118,33,85,0.28,65,500,"","Clay=9891.48;PlantFiber=6487.8;WoodLog=2268.66","ClayPit=2;Farm=1;FiberGatheringCamp=2;HealerHut=6;Pasture=1;WoodHouse=10","Agriculture;AnimalHusbandry;ClayExtraction;ControlledFire;HerbalKnowledge;KnowledgeSharing;Quarry"
106,Animal,1.15,49,1.2,0.515,122,33,89,0.27,65,500,"","Clay=9971.92;PlantFiber=6568.23;WoodLog=2328.66","ClayPit=2;Farm=1;FiberGatheringCamp=2;HealerHut=6;Pasture=1;WoodHouse=10","Agriculture;AnimalHusbandry;ClayExtraction;ControlledFire;HerbalKnowledge;KnowledgeSharing;Quarry"
107,Animal,1.15,49,1.2,0.515,122,33,89,0.27,65,500,"","Clay=10050.72;PlantFiber=6647.04;WoodLog=2388.66","ClayPit=2;Farm=1;FiberGatheringCamp=2;HealerHut=6;Pasture=1;WoodHouse=10","Agriculture;AnimalHusbandry;ClayExtraction;ControlledFire;HerbalKnowledge;KnowledgeSharing;Quarry"
108,Animal,1.15,50,1.2,0,124,33,91,0.266,68,500,"","Clay=10129.43;PlantFiber=6725.74;WoodLog=2029.95","ClayPit=2;Farm=1;FiberGatheringCamp=2;HealerHut=6;Pasture=1;WoodHouse=11","Agriculture;AnimalHusbandry;ClayExtraction;ControlledFire;HerbalKnowledge;KnowledgeSharing;Quarry"
109,Animal,1.15,52,1.2,1.406,128,33,95,0.258,68,500,"","Clay=10205.81;PlantFiber=6802.13;WoodLog=2089.95","ClayPit=2;Farm=1;FiberGatheringCamp=2;HealerHut=6;Pasture=1;WoodHouse=11","Agriculture;AnimalHusbandry;ClayExtraction;ControlledFire;HerbalKnowledge;KnowledgeSharing;Quarry"
110,Animal,1.15,53,1.2,0.938,130,33,97,0.254,68,500,"","Clay=10279.74;PlantFiber=6876.06;WoodLog=2149.95","ClayPit=2;Farm=1;FiberGatheringCamp=2;HealerHut=6;Pasture=1;WoodHouse=11","Agriculture;AnimalHusbandry;ClayExtraction;ControlledFire;HerbalKnowledge;KnowledgeSharing;Quarry"
111,Animal,1.15,54,1.2,0.469,132,33,99,0.25,68,500,"","Clay=10352.38;PlantFiber=6948.7;WoodLog=2209.95","ClayPit=2;Farm=1;FiberGatheringCamp=2;HealerHut=6;Pasture=1;WoodHouse=11","Agriculture;AnimalHusbandry;ClayExtraction;ControlledFire;HerbalKnowledge;KnowledgeSharing;Quarry"
112,Animal,1.15,54,1.2,0.469,132,33,99,0.25,68,500,"","Clay=10424.06;PlantFiber=7020.38;WoodLog=2269.95","ClayPit=2;Farm=1;FiberGatheringCamp=2;HealerHut=6;Pasture=1;WoodHouse=11","Agriculture;AnimalHusbandry;ClayExtraction;ControlledFire;HerbalKnowledge;KnowledgeSharing;Quarry"
113,Animal,1.15,55,1.2,2.151,134,33,101,0.246,71,500,"","Clay=10495.18;PlantFiber=7091.5;WoodLog=1835.88","ClayPit=2;Farm=1;FiberGatheringCamp=2;HealerHut=6;Pasture=1;WoodHouse=12","Agriculture;AnimalHusbandry;ClayExtraction;ControlledFire;HerbalKnowledge;KnowledgeSharing;Quarry"
114,Animal,1.15,57,1.2,1.292,138,33,105,0.239,71,500,"","Clay=10563.94;PlantFiber=7160.25;WoodLog=1895.88","ClayPit=2;Farm=1;FiberGatheringCamp=2;HealerHut=6;Pasture=1;WoodHouse=12","Agriculture;AnimalHusbandry;ClayExtraction;ControlledFire;HerbalKnowledge;KnowledgeSharing;Quarry"
115,Animal,1.15,58,1.2,0.861,140,33,107,0.236,71,500,"","Clay=10631.21;PlantFiber=7227.53;WoodLog=1955.88","ClayPit=2;Farm=1;FiberGatheringCamp=2;HealerHut=6;Pasture=1;WoodHouse=12","Agriculture;AnimalHusbandry;ClayExtraction;ControlledFire;HerbalKnowledge;KnowledgeSharing;Quarry"
116,Animal,1.15,59,1.2,0.431,142,33,109,0.232,71,500,"","Clay=10697.55;PlantFiber=7293.87;WoodLog=2015.88","ClayPit=2;Farm=1;FiberGatheringCamp=2;HealerHut=6;Pasture=1;WoodHouse=12","Agriculture;AnimalHusbandry;ClayExtraction;ControlledFire;HerbalKnowledge;KnowledgeSharing;Quarry"
117,Animal,1.15,59,1.2,0.431,142,36,106,0.254,75,500,"","Clay=10763.27;PlantFiber=7359.59;WoodLog=2018.88","ClayPit=2;Farm=2;FiberGatheringCamp=2;HealerHut=6;Pasture=1;WoodHouse=12","Agriculture;AnimalHusbandry;ClayExtraction;ControlledFire;HerbalKnowledge;KnowledgeSharing;Quarry"
118,Animal,1.15,60,1.2,0,144,36,108,0.25,75,500,"","Clay=10853.08;PlantFiber=7449.4;WoodLog=2078.88","ClayPit=2;Farm=2;FiberGatheringCamp=2;HealerHut=6;Pasture=1;WoodHouse=12","Agriculture;AnimalHusbandry;ClayExtraction;ControlledFire;HerbalKnowledge;KnowledgeSharing;Quarry"
119,Animal,1.15,60,1.2,0,144,36,108,0.25,75,500,"","Clay=10941.98;PlantFiber=7538.3;WoodLog=2138.88","ClayPit=2;Farm=2;FiberGatheringCamp=2;HealerHut=6;Pasture=1;WoodHouse=12","Agriculture;AnimalHusbandry;ClayExtraction;ControlledFire;HerbalKnowledge;KnowledgeSharing;Quarry"
120,Animal,1.15,60,1.2,0,144,36,108,0.25,75,500,"","Clay=11030.88;PlantFiber=7627.2;WoodLog=2198.88","ClayPit=2;Farm=2;FiberGatheringCamp=2;HealerHut=6;Pasture=1;WoodHouse=12","Agriculture;AnimalHusbandry;ClayExtraction;ControlledFire;HerbalKnowledge;KnowledgeSharing;Quarry"
121,Animal,1.15,60,1.2,0,144,36,108,0.25,75,500,"","Clay=11119.78;PlantFiber=7716.09;WoodLog=2258.88","ClayPit=2;Farm=2;FiberGatheringCamp=2;HealerHut=6;Pasture=1;WoodHouse=12","Agriculture;AnimalHusbandry;ClayExtraction;ControlledFire;HerbalKnowledge;KnowledgeSharing;Quarry"
122,Animal,1.15,60,1.2,0,144,40,104,0.278,80,500,"","Clay=11218.58;PlantFiber=7814.9;WoodLog=2203.88","ClayPit=2;Farm=2;FiberGatheringCamp=2;HealerHut=6;Pasture=2;WoodHouse=12","Agriculture;AnimalHusbandry;ClayExtraction;ControlledFire;HerbalKnowledge;KnowledgeSharing;Quarry"
123,Animal,1.15,60,1.2,0,144,40,104,0.278,80,500,"","Clay=11327.3;PlantFiber=7923.62;WoodLog=2263.88","ClayPit=2;Farm=2;FiberGatheringCamp=2;HealerHut=6;Pasture=2;WoodHouse=12","Agriculture;AnimalHusbandry;ClayExtraction;ControlledFire;HerbalKnowledge;KnowledgeSharing;Quarry"
124,Animal,1.15,60,1.2,0,144,40,104,0.278,80,500,"","Clay=11436.02;PlantFiber=8032.34;WoodLog=2323.88","ClayPit=2;Farm=2;FiberGatheringCamp=2;HealerHut=6;Pasture=2;WoodHouse=12","Agriculture;AnimalHusbandry;ClayExtraction;ControlledFire;HerbalKnowledge;KnowledgeSharing;Quarry"
125,Animal,1.15,60,1.2,0,144,40,104,0.278,80,500,"","Clay=11544.74;PlantFiber=8141.06;WoodLog=2383.88","ClayPit=2;Farm=2;FiberGatheringCamp=2;HealerHut=6;Pasture=2;WoodHouse=12","Agriculture;AnimalHusbandry;ClayExtraction;ControlledFire;HerbalKnowledge;KnowledgeSharing;Quarry"
126,Animal,1.15,60,1.2,0,144,40,104,0.278,80,500,"","Clay=11653.46;PlantFiber=8249.78;WoodLog=2443.88","ClayPit=2;Farm=2;FiberGatheringCamp=2;HealerHut=6;Pasture=2;WoodHouse=12","Agriculture;AnimalHusbandry;ClayExtraction;ControlledFire;HerbalKnowledge;KnowledgeSharing;Quarry"
127,Animal,1.15,60,1.2,0,144,40,104,0.278,80,500,"","Clay=11762.18;PlantFiber=8358.5;WoodLog=2503.88","ClayPit=2;Farm=2;FiberGatheringCamp=2;HealerHut=6;Pasture=2;WoodHouse=12","Agriculture;AnimalHusbandry;ClayExtraction;ControlledFire;HerbalKnowledge;KnowledgeSharing;Quarry"
128,Animal,1.15,60,1.2,0,144,40,104,0.278,80,500,"","Clay=11870.9;PlantFiber=8467.22;WoodLog=2563.88","ClayPit=2;Farm=2;FiberGatheringCamp=2;HealerHut=6;Pasture=2;WoodHouse=12","Agriculture;AnimalHusbandry;ClayExtraction;ControlledFire;HerbalKnowledge;KnowledgeSharing;Quarry"
129,Animal,1.15,60,1.2,0,144,40,104,0.278,80,500,"","Clay=11979.62;PlantFiber=8575.94;WoodLog=2623.88","ClayPit=2;Farm=2;FiberGatheringCamp=2;HealerHut=6;Pasture=2;WoodHouse=12","Agriculture;AnimalHusbandry;ClayExtraction;ControlledFire;HerbalKnowledge;KnowledgeSharing;Quarry"
130,Animal,1.15,60,1.2,0,144,40,104,0.278,80,500,"","Clay=12088.34;PlantFiber=8684.66;WoodLog=2683.88","ClayPit=2;Farm=2;FiberGatheringCamp=2;HealerHut=6;Pasture=2;WoodHouse=12","Agriculture;AnimalHusbandry;ClayExtraction;ControlledFire;HerbalKnowledge;KnowledgeSharing;Quarry"
131,Animal,1.15,60,1.2,0,144,40,104,0.278,80,500,"","Clay=12197.06;PlantFiber=8793.38;WoodLog=2743.88","ClayPit=2;Farm=2;FiberGatheringCamp=2;HealerHut=6;Pasture=2;WoodHouse=12","Agriculture;AnimalHusbandry;ClayExtraction;ControlledFire;HerbalKnowledge;KnowledgeSharing;Quarry"
132,Animal,1.15,60,1.2,0,144,40,104,0.278,80,500,"","Clay=12305.78;PlantFiber=8902.1;WoodLog=2803.88","ClayPit=2;Farm=2;FiberGatheringCamp=2;HealerHut=6;Pasture=2;WoodHouse=12","Agriculture;AnimalHusbandry;ClayExtraction;ControlledFire;HerbalKnowledge;KnowledgeSharing;Quarry"
133,Animal,1.15,60,1.2,0,144,40,104,0.278,80,500,"","Clay=12414.5;PlantFiber=9010.82;WoodLog=2863.88","ClayPit=2;Farm=2;FiberGatheringCamp=2;HealerHut=6;Pasture=2;WoodHouse=12","Agriculture;AnimalHusbandry;ClayExtraction;ControlledFire;HerbalKnowledge;KnowledgeSharing;Quarry"
134,Animal,1.15,60,1.2,0,144,40,104,0.278,80,500,"","Clay=12523.22;PlantFiber=9119.54;WoodLog=2923.88","ClayPit=2;Farm=2;FiberGatheringCamp=2;HealerHut=6;Pasture=2;WoodHouse=12","Agriculture;AnimalHusbandry;ClayExtraction;ControlledFire;HerbalKnowledge;KnowledgeSharing;Quarry"
135,Animal,1.15,60,1.2,0,144,40,104,0.278,80,500,"","Clay=12631.94;PlantFiber=9228.26;WoodLog=2983.88","ClayPit=2;Farm=2;FiberGatheringCamp=2;HealerHut=6;Pasture=2;WoodHouse=12","Agriculture;AnimalHusbandry;ClayExtraction;ControlledFire;HerbalKnowledge;KnowledgeSharing;Quarry"
136,Animal,1.15,60,1.2,0,144,40,104,0.278,80,500,"","Clay=12740.66;PlantFiber=9336.98;WoodLog=3043.88","ClayPit=2;Farm=2;FiberGatheringCamp=2;HealerHut=6;Pasture=2;WoodHouse=12","Agriculture;AnimalHusbandry;ClayExtraction;ControlledFire;HerbalKnowledge;KnowledgeSharing;Quarry"
137,Animal,1.15,60,1.2,0,144,40,104,0.278,80,500,"","Clay=12849.38;PlantFiber=9445.7;WoodLog=3103.88","ClayPit=2;Farm=2;FiberGatheringCamp=2;HealerHut=6;Pasture=2;WoodHouse=12","Agriculture;AnimalHusbandry;ClayExtraction;ControlledFire;HerbalKnowledge;KnowledgeSharing;Quarry"
138,Animal,1.15,60,1.2,0,144,40,104,0.278,80,500,"","Clay=12958.1;PlantFiber=9554.42;WoodLog=3163.88","ClayPit=2;Farm=2;FiberGatheringCamp=2;HealerHut=6;Pasture=2;WoodHouse=12","Agriculture;AnimalHusbandry;ClayExtraction;ControlledFire;HerbalKnowledge;KnowledgeSharing;Quarry"
139,Animal,1.15,60,1.2,0,144,40,104,0.278,80,500,"","Clay=13066.82;PlantFiber=9663.14;WoodLog=3223.88","ClayPit=2;Farm=2;FiberGatheringCamp=2;HealerHut=6;Pasture=2;WoodHouse=12","Agriculture;AnimalHusbandry;ClayExtraction;ControlledFire;HerbalKnowledge;KnowledgeSharing;Quarry"
140,Animal,1.15,60,1.2,0,144,40,104,0.278,80,500,"","Clay=13175.54;PlantFiber=9771.86;WoodLog=3283.88","ClayPit=2;Farm=2;FiberGatheringCamp=2;HealerHut=6;Pasture=2;WoodHouse=12","Agriculture;AnimalHusbandry;ClayExtraction;ControlledFire;HerbalKnowledge;KnowledgeSharing;Quarry"
141,Animal,1.15,60,1.2,0,144,40,104,0.278,80,500,"","Clay=13284.26;PlantFiber=9880.58;WoodLog=3343.88","ClayPit=2;Farm=2;FiberGatheringCamp=2;HealerHut=6;Pasture=2;WoodHouse=12","Agriculture;AnimalHusbandry;ClayExtraction;ControlledFire;HerbalKnowledge;KnowledgeSharing;Quarry"
142,Animal,1.15,60,1.2,0,144,40,104,0.278,80,500,"","Clay=13392.98;PlantFiber=9989.3;WoodLog=3403.88","ClayPit=2;Farm=2;FiberGatheringCamp=2;HealerHut=6;Pasture=2;WoodHouse=12","Agriculture;AnimalHusbandry;ClayExtraction;ControlledFire;HerbalKnowledge;KnowledgeSharing;Quarry"
143,Animal,1.15,60,1.2,0,144,40,104,0.278,80,500,"","Clay=13501.7;PlantFiber=10098.02;WoodLog=3463.88","ClayPit=2;Farm=2;FiberGatheringCamp=2;HealerHut=6;Pasture=2;WoodHouse=12","Agriculture;AnimalHusbandry;ClayExtraction;ControlledFire;HerbalKnowledge;KnowledgeSharing;Quarry"
144,Animal,1.15,60,1.2,0,144,40,104,0.278,80,500,"","Clay=13610.42;PlantFiber=10206.74;WoodLog=3523.88","ClayPit=2;Farm=2;FiberGatheringCamp=2;HealerHut=6;Pasture=2;WoodHouse=12","Agriculture;AnimalHusbandry;ClayExtraction;ControlledFire;HerbalKnowledge;KnowledgeSharing;Quarry"
145,Animal,1.15,60,1.2,0,144,40,104,0.278,80,500,"","Clay=13719.14;PlantFiber=10315.46;WoodLog=3583.88","ClayPit=2;Farm=2;FiberGatheringCamp=2;HealerHut=6;Pasture=2;WoodHouse=12","Agriculture;AnimalHusbandry;ClayExtraction;ControlledFire;HerbalKnowledge;KnowledgeSharing;Quarry"
146,Animal,1.15,60,1.2,0,144,40,104,0.278,80,500,"","Clay=13827.86;PlantFiber=10424.18;WoodLog=3643.88","ClayPit=2;Farm=2;FiberGatheringCamp=2;HealerHut=6;Pasture=2;WoodHouse=12","Agriculture;AnimalHusbandry;ClayExtraction;ControlledFire;HerbalKnowledge;KnowledgeSharing;Quarry"
147,Animal,1.15,60,1.2,0,144,40,104,0.278,80,500,"","Clay=13936.58;PlantFiber=10532.9;WoodLog=3703.88","ClayPit=2;Farm=2;FiberGatheringCamp=2;HealerHut=6;Pasture=2;WoodHouse=12","Agriculture;AnimalHusbandry;ClayExtraction;ControlledFire;HerbalKnowledge;KnowledgeSharing;Quarry"
148,Animal,1.15,60,1.2,0,144,40,104,0.278,80,500,"","Clay=14045.3;PlantFiber=10641.62;WoodLog=3763.88","ClayPit=2;Farm=2;FiberGatheringCamp=2;HealerHut=6;Pasture=2;WoodHouse=12","Agriculture;AnimalHusbandry;ClayExtraction;ControlledFire;HerbalKnowledge;KnowledgeSharing;Quarry"
149,Animal,1.15,60,1.2,0,144,40,104,0.278,80,500,"","Clay=14154.02;PlantFiber=10750.34;WoodLog=3823.88","ClayPit=2;Farm=2;FiberGatheringCamp=2;HealerHut=6;Pasture=2;WoodHouse=12","Agriculture;AnimalHusbandry;ClayExtraction;ControlledFire;HerbalKnowledge;KnowledgeSharing;Quarry"
150,Animal,1.15,60,1.2,0,144,40,104,0.278,80,500,"","Clay=14262.74;PlantFiber=10859.06;WoodLog=3883.88","ClayPit=2;Farm=2;FiberGatheringCamp=2;HealerHut=6;Pasture=2;WoodHouse=12","Agriculture;AnimalHusbandry;ClayExtraction;ControlledFire;HerbalKnowledge;KnowledgeSharing;Quarry"
151,Animal,1.15,60,1.2,0,144,40,104,0.278,80,500,"","Clay=14371.46;PlantFiber=10967.78;WoodLog=3943.88","ClayPit=2;Farm=2;FiberGatheringCamp=2;HealerHut=6;Pasture=2;WoodHouse=12","Agriculture;AnimalHusbandry;ClayExtraction;ControlledFire;HerbalKnowledge;KnowledgeSharing;Quarry"
152,Animal,1.15,60,1.2,0,144,40,104,0.278,80,500,"","Clay=14480.18;PlantFiber=11076.5;WoodLog=4003.88","ClayPit=2;Farm=2;FiberGatheringCamp=2;HealerHut=6;Pasture=2;WoodHouse=12","Agriculture;AnimalHusbandry;ClayExtraction;ControlledFire;HerbalKnowledge;KnowledgeSharing;Quarry"
153,Animal,1.15,60,1.2,0,144,40,104,0.278,80,500,"","Clay=14588.9;PlantFiber=11185.22;WoodLog=4063.88","ClayPit=2;Farm=2;FiberGatheringCamp=2;HealerHut=6;Pasture=2;WoodHouse=12","Agriculture;AnimalHusbandry;ClayExtraction;ControlledFire;HerbalKnowledge;KnowledgeSharing;Quarry"
154,Animal,1.15,60,1.2,0,144,40,104,0.278,80,500,"","Clay=14697.62;PlantFiber=11293.94;WoodLog=4123.88","ClayPit=2;Farm=2;FiberGatheringCamp=2;HealerHut=6;Pasture=2;WoodHouse=12","Agriculture;AnimalHusbandry;ClayExtraction;ControlledFire;HerbalKnowledge;KnowledgeSharing;Quarry"
155,Animal,1.15,60,1.2,0,144,40,104,0.278,80,500,"","Clay=14806.34;PlantFiber=11402.66;WoodLog=4183.88","ClayPit=2;Farm=2;FiberGatheringCamp=2;HealerHut=6;Pasture=2;WoodHouse=12","Agriculture;AnimalHusbandry;ClayExtraction;ControlledFire;HerbalKnowledge;KnowledgeSharing;Quarry"
156,Animal,1.15,60,1.2,0,144,40,104,0.278,80,500,"","Clay=14915.06;PlantFiber=11511.38;WoodLog=4243.88","ClayPit=2;Farm=2;FiberGatheringCamp=2;HealerHut=6;Pasture=2;WoodHouse=12","Agriculture;AnimalHusbandry;ClayExtraction;ControlledFire;HerbalKnowledge;KnowledgeSharing;Quarry"
157,Animal,1.15,60,1.2,0,144,40,104,0.278,80,500,"","Clay=15023.78;PlantFiber=11620.1;WoodLog=4303.88","ClayPit=2;Farm=2;FiberGatheringCamp=2;HealerHut=6;Pasture=2;WoodHouse=12","Agriculture;AnimalHusbandry;ClayExtraction;ControlledFire;HerbalKnowledge;KnowledgeSharing;Quarry"
158,Animal,1.15,60,1.2,0,144,40,104,0.278,80,500,"","Clay=15132.5;PlantFiber=11728.82;WoodLog=4363.88","ClayPit=2;Farm=2;FiberGatheringCamp=2;HealerHut=6;Pasture=2;WoodHouse=12","Agriculture;AnimalHusbandry;ClayExtraction;ControlledFire;HerbalKnowledge;KnowledgeSharing;Quarry"
159,Animal,1.15,60,1.2,0,144,40,104,0.278,80,500,"","Clay=15241.22;PlantFiber=11837.54;WoodLog=4423.88","ClayPit=2;Farm=2;FiberGatheringCamp=2;HealerHut=6;Pasture=2;WoodHouse=12","Agriculture;AnimalHusbandry;ClayExtraction;ControlledFire;HerbalKnowledge;KnowledgeSharing;Quarry"
160,Animal,1.15,60,1.2,0,144,40,104,0.278,80,500,"","Clay=15349.94;PlantFiber=11946.26;WoodLog=4483.88","ClayPit=2;Farm=2;FiberGatheringCamp=2;HealerHut=6;Pasture=2;WoodHouse=12","Agriculture;AnimalHusbandry;ClayExtraction;ControlledFire;HerbalKnowledge;KnowledgeSharing;Quarry"
161,Animal,1.15,60,1.2,0,144,40,104,0.278,80,500,"","Clay=15458.66;PlantFiber=12054.98;WoodLog=4543.88","ClayPit=2;Farm=2;FiberGatheringCamp=2;HealerHut=6;Pasture=2;WoodHouse=12","Agriculture;AnimalHusbandry;ClayExtraction;ControlledFire;HerbalKnowledge;KnowledgeSharing;Quarry"
162,Animal,1.15,60,1.2,0,144,40,104,0.278,80,500,"","Clay=15567.38;PlantFiber=12163.7;WoodLog=4603.88","ClayPit=2;Farm=2;FiberGatheringCamp=2;HealerHut=6;Pasture=2;WoodHouse=12","Agriculture;AnimalHusbandry;ClayExtraction;ControlledFire;HerbalKnowledge;KnowledgeSharing;Quarry"
163,Animal,1.15,60,1.2,0,144,40,104,0.278,80,500,"","Clay=15676.1;PlantFiber=12272.42;WoodLog=4663.88","ClayPit=2;Farm=2;FiberGatheringCamp=2;HealerHut=6;Pasture=2;WoodHouse=12","Agriculture;AnimalHusbandry;ClayExtraction;ControlledFire;HerbalKnowledge;KnowledgeSharing;Quarry"
164,Animal,1.15,60,1.2,0,144,40,104,0.278,80,500,"","Clay=15784.82;PlantFiber=12381.14;WoodLog=4723.88","ClayPit=2;Farm=2;FiberGatheringCamp=2;HealerHut=6;Pasture=2;WoodHouse=12","Agriculture;AnimalHusbandry;ClayExtraction;ControlledFire;HerbalKnowledge;KnowledgeSharing;Quarry"
165,Animal,1.15,60,1.2,0,144,40,104,0.278,80,500,"","Clay=15893.54;PlantFiber=12489.86;WoodLog=4783.88","ClayPit=2;Farm=2;FiberGatheringCamp=2;HealerHut=6;Pasture=2;WoodHouse=12","Agriculture;AnimalHusbandry;ClayExtraction;ControlledFire;HerbalKnowledge;KnowledgeSharing;Quarry"
166,Animal,1.15,60,1.2,0,144,40,104,0.278,80,500,"","Clay=16002.26;PlantFiber=12598.58;WoodLog=4843.88","ClayPit=2;Farm=2;FiberGatheringCamp=2;HealerHut=6;Pasture=2;WoodHouse=12","Agriculture;AnimalHusbandry;ClayExtraction;ControlledFire;HerbalKnowledge;KnowledgeSharing;Quarry"
167,Animal,1.15,60,1.2,0,144,40,104,0.278,80,500,"","Clay=16110.98;PlantFiber=12707.3;WoodLog=4903.88","ClayPit=2;Farm=2;FiberGatheringCamp=2;HealerHut=6;Pasture=2;WoodHouse=12","Agriculture;AnimalHusbandry;ClayExtraction;ControlledFire;HerbalKnowledge;KnowledgeSharing;Quarry"
168,Animal,1.15,60,1.2,0,144,40,104,0.278,80,500,"","Clay=16219.7;PlantFiber=12816.02;WoodLog=4963.88","ClayPit=2;Farm=2;FiberGatheringCamp=2;HealerHut=6;Pasture=2;WoodHouse=12","Agriculture;AnimalHusbandry;ClayExtraction;ControlledFire;HerbalKnowledge;KnowledgeSharing;Quarry"
169,Animal,1.15,60,1.2,0,144,40,104,0.278,80,500,"","Clay=16328.42;PlantFiber=12924.74;WoodLog=5023.88","ClayPit=2;Farm=2;FiberGatheringCamp=2;HealerHut=6;Pasture=2;WoodHouse=12","Agriculture;AnimalHusbandry;ClayExtraction;ControlledFire;HerbalKnowledge;KnowledgeSharing;Quarry"
170,Animal,1.15,60,1.2,0,144,40,104,0.278,80,500,"","Clay=16437.14;PlantFiber=13033.46;WoodLog=5083.88","ClayPit=2;Farm=2;FiberGatheringCamp=2;HealerHut=6;Pasture=2;WoodHouse=12","Agriculture;AnimalHusbandry;ClayExtraction;ControlledFire;HerbalKnowledge;KnowledgeSharing;Quarry"
171,Animal,1.15,60,1.2,0,144,40,104,0.278,80,500,"","Clay=16545.86;PlantFiber=13142.18;WoodLog=5143.88","ClayPit=2;Farm=2;FiberGatheringCamp=2;HealerHut=6;Pasture=2;WoodHouse=12","Agriculture;AnimalHusbandry;ClayExtraction;ControlledFire;HerbalKnowledge;KnowledgeSharing;Quarry"
172,Animal,1.15,60,1.2,0,144,40,104,0.278,80,500,"","Clay=16654.58;PlantFiber=13250.9;WoodLog=5203.88","ClayPit=2;Farm=2;FiberGatheringCamp=2;HealerHut=6;Pasture=2;WoodHouse=12","Agriculture;AnimalHusbandry;ClayExtraction;ControlledFire;HerbalKnowledge;KnowledgeSharing;Quarry"
173,Animal,1.15,60,1.2,0,144,40,104,0.278,80,500,"","Clay=16763.3;PlantFiber=13359.62;WoodLog=5263.88","ClayPit=2;Farm=2;FiberGatheringCamp=2;HealerHut=6;Pasture=2;WoodHouse=12","Agriculture;AnimalHusbandry;ClayExtraction;ControlledFire;HerbalKnowledge;KnowledgeSharing;Quarry"
174,Animal,1.15,60,1.2,0,144,40,104,0.278,80,500,"","Clay=16872.02;PlantFiber=13468.34;WoodLog=5323.88","ClayPit=2;Farm=2;FiberGatheringCamp=2;HealerHut=6;Pasture=2;WoodHouse=12","Agriculture;AnimalHusbandry;ClayExtraction;ControlledFire;HerbalKnowledge;KnowledgeSharing;Quarry"
175,Animal,1.15,60,1.2,0,144,40,104,0.278,80,500,"","Clay=16980.74;PlantFiber=13577.06;WoodLog=5383.88","ClayPit=2;Farm=2;FiberGatheringCamp=2;HealerHut=6;Pasture=2;WoodHouse=12","Agriculture;AnimalHusbandry;ClayExtraction;ControlledFire;HerbalKnowledge;KnowledgeSharing;Quarry"
176,Animal,1.15,60,1.2,0,144,40,104,0.278,80,500,"","Clay=17089.46;PlantFiber=13685.78;WoodLog=5443.88","ClayPit=2;Farm=2;FiberGatheringCamp=2;HealerHut=6;Pasture=2;WoodHouse=12","Agriculture;AnimalHusbandry;ClayExtraction;ControlledFire;HerbalKnowledge;KnowledgeSharing;Quarry"
177,Animal,1.15,60,1.2,0,144,40,104,0.278,80,500,"","Clay=17198.18;PlantFiber=13794.5;WoodLog=5503.88","ClayPit=2;Farm=2;FiberGatheringCamp=2;HealerHut=6;Pasture=2;WoodHouse=12","Agriculture;AnimalHusbandry;ClayExtraction;ControlledFire;HerbalKnowledge;KnowledgeSharing;Quarry"
178,Animal,1.15,60,1.2,0,144,40,104,0.278,80,500,"","Clay=17306.9;PlantFiber=13903.22;WoodLog=5563.88","ClayPit=2;Farm=2;FiberGatheringCamp=2;HealerHut=6;Pasture=2;WoodHouse=12","Agriculture;AnimalHusbandry;ClayExtraction;ControlledFire;HerbalKnowledge;KnowledgeSharing;Quarry"
179,Animal,1.15,60,1.2,0,144,40,104,0.278,80,500,"","Clay=17415.62;PlantFiber=14011.94;WoodLog=5623.88","ClayPit=2;Farm=2;FiberGatheringCamp=2;HealerHut=6;Pasture=2;WoodHouse=12","Agriculture;AnimalHusbandry;ClayExtraction;ControlledFire;HerbalKnowledge;KnowledgeSharing;Quarry"
180,Animal,1.15,60,1.2,0,144,40,104,0.278,80,500,"","Clay=17524.34;PlantFiber=14120.66;WoodLog=5683.88","ClayPit=2;Farm=2;FiberGatheringCamp=2;HealerHut=6;Pasture=2;WoodHouse=12","Agriculture;AnimalHusbandry;ClayExtraction;ControlledFire;HerbalKnowledge;KnowledgeSharing;Quarry"
181,Animal,1.15,60,1.2,0,144,40,104,0.278,80,500,"","Clay=17633.06;PlantFiber=14229.38;WoodLog=5743.88","ClayPit=2;Farm=2;FiberGatheringCamp=2;HealerHut=6;Pasture=2;WoodHouse=12","Agriculture;AnimalHusbandry;ClayExtraction;ControlledFire;HerbalKnowledge;KnowledgeSharing;Quarry"
182,Animal,1.15,60,1.2,0,144,40,104,0.278,80,500,"","Clay=17741.78;PlantFiber=14338.1;WoodLog=5803.88","ClayPit=2;Farm=2;FiberGatheringCamp=2;HealerHut=6;Pasture=2;WoodHouse=12","Agriculture;AnimalHusbandry;ClayExtraction;ControlledFire;HerbalKnowledge;KnowledgeSharing;Quarry"
183,Animal,1.15,60,1.2,0,144,40,104,0.278,80,500,"","Clay=17850.5;PlantFiber=14446.82;WoodLog=5863.88","ClayPit=2;Farm=2;FiberGatheringCamp=2;HealerHut=6;Pasture=2;WoodHouse=12","Agriculture;AnimalHusbandry;ClayExtraction;ControlledFire;HerbalKnowledge;KnowledgeSharing;Quarry"
184,Animal,1.15,60,1.2,0,144,40,104,0.278,80,500,"","Clay=17959.22;PlantFiber=14555.54;WoodLog=5923.88","ClayPit=2;Farm=2;FiberGatheringCamp=2;HealerHut=6;Pasture=2;WoodHouse=12","Agriculture;AnimalHusbandry;ClayExtraction;ControlledFire;HerbalKnowledge;KnowledgeSharing;Quarry"
185,Animal,1.15,60,1.2,0,144,40,104,0.278,80,500,"","Clay=18067.94;PlantFiber=14664.26;WoodLog=5983.88","ClayPit=2;Farm=2;FiberGatheringCamp=2;HealerHut=6;Pasture=2;WoodHouse=12","Agriculture;AnimalHusbandry;ClayExtraction;ControlledFire;HerbalKnowledge;KnowledgeSharing;Quarry"
186,Animal,1.15,60,1.2,0,144,40,104,0.278,80,500,"","Clay=18176.66;PlantFiber=14772.98;WoodLog=6043.88","ClayPit=2;Farm=2;FiberGatheringCamp=2;HealerHut=6;Pasture=2;WoodHouse=12","Agriculture;AnimalHusbandry;ClayExtraction;ControlledFire;HerbalKnowledge;KnowledgeSharing;Quarry"
187,Animal,1.15,60,1.2,0,144,40,104,0.278,80,500,"","Clay=18285.38;PlantFiber=14881.7;WoodLog=6103.88","ClayPit=2;Farm=2;FiberGatheringCamp=2;HealerHut=6;Pasture=2;WoodHouse=12","Agriculture;AnimalHusbandry;ClayExtraction;ControlledFire;HerbalKnowledge;KnowledgeSharing;Quarry"
188,Animal,1.15,60,1.2,0,144,40,104,0.278,80,500,"","Clay=18394.1;PlantFiber=14990.42;WoodLog=6163.88","ClayPit=2;Farm=2;FiberGatheringCamp=2;HealerHut=6;Pasture=2;WoodHouse=12","Agriculture;AnimalHusbandry;ClayExtraction;ControlledFire;HerbalKnowledge;KnowledgeSharing;Quarry"
189,Animal,1.15,60,1.2,0,144,40,104,0.278,80,500,"","Clay=18502.82;PlantFiber=15099.14;WoodLog=6223.88","ClayPit=2;Farm=2;FiberGatheringCamp=2;HealerHut=6;Pasture=2;WoodHouse=12","Agriculture;AnimalHusbandry;ClayExtraction;ControlledFire;HerbalKnowledge;KnowledgeSharing;Quarry"
190,Animal,1.15,60,1.2,0,144,40,104,0.278,80,500,"","Clay=18611.54;PlantFiber=15207.86;WoodLog=6283.88","ClayPit=2;Farm=2;FiberGatheringCamp=2;HealerHut=6;Pasture=2;WoodHouse=12","Agriculture;AnimalHusbandry;ClayExtraction;ControlledFire;HerbalKnowledge;KnowledgeSharing;Quarry"
191,Animal,1.15,60,1.2,0,144,40,104,0.278,80,500,"","Clay=18720.26;PlantFiber=15316.58;WoodLog=6343.88","ClayPit=2;Farm=2;FiberGatheringCamp=2;HealerHut=6;Pasture=2;WoodHouse=12","Agriculture;AnimalHusbandry;ClayExtraction;ControlledFire;HerbalKnowledge;KnowledgeSharing;Quarry"
192,Animal,1.15,60,1.2,0,144,40,104,0.278,80,500,"","Clay=18828.98;PlantFiber=15425.3;WoodLog=6403.88","ClayPit=2;Farm=2;FiberGatheringCamp=2;HealerHut=6;Pasture=2;WoodHouse=12","Agriculture;AnimalHusbandry;ClayExtraction;ControlledFire;HerbalKnowledge;KnowledgeSharing;Quarry"
193,Animal,1.15,60,1.2,0,144,40,104,0.278,80,500,"","Clay=18937.7;PlantFiber=15534.02;WoodLog=6463.88","ClayPit=2;Farm=2;FiberGatheringCamp=2;HealerHut=6;Pasture=2;WoodHouse=12","Agriculture;AnimalHusbandry;ClayExtraction;ControlledFire;HerbalKnowledge;KnowledgeSharing;Quarry"
194,Animal,1.15,60,1.2,0,144,40,104,0.278,80,500,"","Clay=19046.42;PlantFiber=15642.74;WoodLog=6523.88","ClayPit=2;Farm=2;FiberGatheringCamp=2;HealerHut=6;Pasture=2;WoodHouse=12","Agriculture;AnimalHusbandry;ClayExtraction;ControlledFire;HerbalKnowledge;KnowledgeSharing;Quarry"
195,Animal,1.15,60,1.2,0,144,40,104,0.278,80,500,"","Clay=19155.14;PlantFiber=15751.46;WoodLog=6583.88","ClayPit=2;Farm=2;FiberGatheringCamp=2;HealerHut=6;Pasture=2;WoodHouse=12","Agriculture;AnimalHusbandry;ClayExtraction;ControlledFire;HerbalKnowledge;KnowledgeSharing;Quarry"
196,Animal,1.15,60,1.2,0,144,40,104,0.278,80,500,"","Clay=19263.86;PlantFiber=15860.18;WoodLog=6643.88","ClayPit=2;Farm=2;FiberGatheringCamp=2;HealerHut=6;Pasture=2;WoodHouse=12","Agriculture;AnimalHusbandry;ClayExtraction;ControlledFire;HerbalKnowledge;KnowledgeSharing;Quarry"
197,Animal,1.15,60,1.2,0,144,40,104,0.278,80,500,"","Clay=19372.58;PlantFiber=15968.9;WoodLog=6703.88","ClayPit=2;Farm=2;FiberGatheringCamp=2;HealerHut=6;Pasture=2;WoodHouse=12","Agriculture;AnimalHusbandry;ClayExtraction;ControlledFire;HerbalKnowledge;KnowledgeSharing;Quarry"
198,Animal,1.15,60,1.2,0,144,40,104,0.278,80,500,"","Clay=19481.3;PlantFiber=16077.62;WoodLog=6763.88","ClayPit=2;Farm=2;FiberGatheringCamp=2;HealerHut=6;Pasture=2;WoodHouse=12","Agriculture;AnimalHusbandry;ClayExtraction;ControlledFire;HerbalKnowledge;KnowledgeSharing;Quarry"
199,Animal,1.15,60,1.2,0,144,40,104,0.278,80,500,"","Clay=19590.02;PlantFiber=16186.34;WoodLog=6823.88","ClayPit=2;Farm=2;FiberGatheringCamp=2;HealerHut=6;Pasture=2;WoodHouse=12","Agriculture;AnimalHusbandry;ClayExtraction;ControlledFire;HerbalKnowledge;KnowledgeSharing;Quarry"
200,Animal,1.15,60,1.2,0,144,40,104,0.278,80,500,"","Clay=19698.74;PlantFiber=16295.06;WoodLog=6883.88","ClayPit=2;Farm=2;FiberGatheringCamp=2;HealerHut=6;Pasture=2;WoodHouse=12","Agriculture;AnimalHusbandry;ClayExtraction;ControlledFire;HerbalKnowledge;KnowledgeSharing;Quarry"
201,Animal,1.15,60,1.2,0,144,40,104,0.278,80,500,"","Clay=19807.46;PlantFiber=16403.78;WoodLog=6943.88","ClayPit=2;Farm=2;FiberGatheringCamp=2;HealerHut=6;Pasture=2;WoodHouse=12","Agriculture;AnimalHusbandry;ClayExtraction;ControlledFire;HerbalKnowledge;KnowledgeSharing;Quarry"
202,Animal,1.15,60,1.2,0,144,40,104,0.278,80,500,"","Clay=19916.18;PlantFiber=16512.5;WoodLog=7003.88","ClayPit=2;Farm=2;FiberGatheringCamp=2;HealerHut=6;Pasture=2;WoodHouse=12","Agriculture;AnimalHusbandry;ClayExtraction;ControlledFire;HerbalKnowledge;KnowledgeSharing;Quarry"
203,Animal,1.15,60,1.2,0,144,40,104,0.278,80,500,"","Clay=20024.9;PlantFiber=16621.22;WoodLog=7063.88","ClayPit=2;Farm=2;FiberGatheringCamp=2;HealerHut=6;Pasture=2;WoodHouse=12","Agriculture;AnimalHusbandry;ClayExtraction;ControlledFire;HerbalKnowledge;KnowledgeSharing;Quarry"
204,Animal,1.15,60,1.2,0,144,40,104,0.278,80,500,"","Clay=20133.62;PlantFiber=16729.94;WoodLog=7123.88","ClayPit=2;Farm=2;FiberGatheringCamp=2;HealerHut=6;Pasture=2;WoodHouse=12","Agriculture;AnimalHusbandry;ClayExtraction;ControlledFire;HerbalKnowledge;KnowledgeSharing;Quarry"
205,Animal,1.15,60,1.2,0,144,40,104,0.278,80,500,"","Clay=20242.34;PlantFiber=16838.66;WoodLog=7183.88","ClayPit=2;Farm=2;FiberGatheringCamp=2;HealerHut=6;Pasture=2;WoodHouse=12","Agriculture;AnimalHusbandry;ClayExtraction;ControlledFire;HerbalKnowledge;KnowledgeSharing;Quarry"
206,Animal,1.15,60,1.2,0,144,40,104,0.278,80,500,"","Clay=20351.06;PlantFiber=16947.38;WoodLog=7243.88","ClayPit=2;Farm=2;FiberGatheringCamp=2;HealerHut=6;Pasture=2;WoodHouse=12","Agriculture;AnimalHusbandry;ClayExtraction;ControlledFire;HerbalKnowledge;KnowledgeSharing;Quarry"
207,Animal,1.15,60,1.2,0,144,40,104,0.278,80,500,"","Clay=20459.78;PlantFiber=17056.1;WoodLog=7303.88","ClayPit=2;Farm=2;FiberGatheringCamp=2;HealerHut=6;Pasture=2;WoodHouse=12","Agriculture;AnimalHusbandry;ClayExtraction;ControlledFire;HerbalKnowledge;KnowledgeSharing;Quarry"
208,Animal,1.15,60,1.2,0,144,40,104,0.278,80,500,"","Clay=20568.5;PlantFiber=17164.82;WoodLog=7363.88","ClayPit=2;Farm=2;FiberGatheringCamp=2;HealerHut=6;Pasture=2;WoodHouse=12","Agriculture;AnimalHusbandry;ClayExtraction;ControlledFire;HerbalKnowledge;KnowledgeSharing;Quarry"
209,Animal,1.15,60,1.2,0,144,40,104,0.278,80,500,"","Clay=20677.22;PlantFiber=17273.54;WoodLog=7423.88","ClayPit=2;Farm=2;FiberGatheringCamp=2;HealerHut=6;Pasture=2;WoodHouse=12","Agriculture;AnimalHusbandry;ClayExtraction;ControlledFire;HerbalKnowledge;KnowledgeSharing;Quarry"
210,Animal,1.15,60,1.2,0,144,40,104,0.278,80,500,"","Clay=20785.94;PlantFiber=17382.26;WoodLog=7483.88","ClayPit=2;Farm=2;FiberGatheringCamp=2;HealerHut=6;Pasture=2;WoodHouse=12","Agriculture;AnimalHusbandry;ClayExtraction;ControlledFire;HerbalKnowledge;KnowledgeSharing;Quarry"
211,Animal,1.15,60,1.2,0,144,40,104,0.278,80,500,"","Clay=20894.66;PlantFiber=17490.98;WoodLog=7543.88","ClayPit=2;Farm=2;FiberGatheringCamp=2;HealerHut=6;Pasture=2;WoodHouse=12","Agriculture;AnimalHusbandry;ClayExtraction;ControlledFire;HerbalKnowledge;KnowledgeSharing;Quarry"
212,Animal,1.15,60,1.2,0,144,40,104,0.278,80,500,"","Clay=21003.38;PlantFiber=17599.7;WoodLog=7603.88","ClayPit=2;Farm=2;FiberGatheringCamp=2;HealerHut=6;Pasture=2;WoodHouse=12","Agriculture;AnimalHusbandry;ClayExtraction;ControlledFire;HerbalKnowledge;KnowledgeSharing;Quarry"
213,Animal,1.15,60,1.2,0,144,40,104,0.278,80,500,"","Clay=21112.1;PlantFiber=17708.42;WoodLog=7663.88","ClayPit=2;Farm=2;FiberGatheringCamp=2;HealerHut=6;Pasture=2;WoodHouse=12","Agriculture;AnimalHusbandry;ClayExtraction;ControlledFire;HerbalKnowledge;KnowledgeSharing;Quarry"
214,Animal,1.15,60,1.2,0,144,40,104,0.278,80,500,"","Clay=21220.82;PlantFiber=17817.14;WoodLog=7723.88","ClayPit=2;Farm=2;FiberGatheringCamp=2;HealerHut=6;Pasture=2;WoodHouse=12","Agriculture;AnimalHusbandry;ClayExtraction;ControlledFire;HerbalKnowledge;KnowledgeSharing;Quarry"
215,Animal,1.15,60,1.2,0,144,40,104,0.278,80,500,"","Clay=21329.54;PlantFiber=17925.86;WoodLog=7783.88","ClayPit=2;Farm=2;FiberGatheringCamp=2;HealerHut=6;Pasture=2;WoodHouse=12","Agriculture;AnimalHusbandry;ClayExtraction;ControlledFire;HerbalKnowledge;KnowledgeSharing;Quarry"
216,Animal,1.15,60,1.2,0,144,40,104,0.278,80,500,"","Clay=21438.26;PlantFiber=18034.58;WoodLog=7843.88","ClayPit=2;Farm=2;FiberGatheringCamp=2;HealerHut=6;Pasture=2;WoodHouse=12","Agriculture;AnimalHusbandry;ClayExtraction;ControlledFire;HerbalKnowledge;KnowledgeSharing;Quarry"
217,Animal,1.15,60,1.2,0,144,40,104,0.278,80,500,"","Clay=21546.98;PlantFiber=18143.3;WoodLog=7903.88","ClayPit=2;Farm=2;FiberGatheringCamp=2;HealerHut=6;Pasture=2;WoodHouse=12","Agriculture;AnimalHusbandry;ClayExtraction;ControlledFire;HerbalKnowledge;KnowledgeSharing;Quarry"
218,Animal,1.15,60,1.2,0,144,40,104,0.278,80,500,"","Clay=21655.7;PlantFiber=18252.02;WoodLog=7963.88","ClayPit=2;Farm=2;FiberGatheringCamp=2;HealerHut=6;Pasture=2;WoodHouse=12","Agriculture;AnimalHusbandry;ClayExtraction;ControlledFire;HerbalKnowledge;KnowledgeSharing;Quarry"
219,Animal,1.15,60,1.2,0,144,40,104,0.278,80,500,"","Clay=21764.42;PlantFiber=18360.74;WoodLog=8023.88","ClayPit=2;Farm=2;FiberGatheringCamp=2;HealerHut=6;Pasture=2;WoodHouse=12","Agriculture;AnimalHusbandry;ClayExtraction;ControlledFire;HerbalKnowledge;KnowledgeSharing;Quarry"
220,Animal,1.15,60,1.2,0,144,40,104,0.278,80,500,"","Clay=21873.14;PlantFiber=18469.46;WoodLog=8083.88","ClayPit=2;Farm=2;FiberGatheringCamp=2;HealerHut=6;Pasture=2;WoodHouse=12","Agriculture;AnimalHusbandry;ClayExtraction;ControlledFire;HerbalKnowledge;KnowledgeSharing;Quarry"
221,Animal,1.15,60,1.2,0,144,40,104,0.278,80,500,"","Clay=21981.86;PlantFiber=18578.18;WoodLog=8143.88","ClayPit=2;Farm=2;FiberGatheringCamp=2;HealerHut=6;Pasture=2;WoodHouse=12","Agriculture;AnimalHusbandry;ClayExtraction;ControlledFire;HerbalKnowledge;KnowledgeSharing;Quarry"
222,Animal,1.15,60,1.2,0,144,40,104,0.278,80,500,"","Clay=22090.58;PlantFiber=18686.9;WoodLog=8203.88","ClayPit=2;Farm=2;FiberGatheringCamp=2;HealerHut=6;Pasture=2;WoodHouse=12","Agriculture;AnimalHusbandry;ClayExtraction;ControlledFire;HerbalKnowledge;KnowledgeSharing;Quarry"
223,Animal,1.15,60,1.2,0,144,40,104,0.278,80,500,"","Clay=22199.3;PlantFiber=18795.62;WoodLog=8263.88","ClayPit=2;Farm=2;FiberGatheringCamp=2;HealerHut=6;Pasture=2;WoodHouse=12","Agriculture;AnimalHusbandry;ClayExtraction;ControlledFire;HerbalKnowledge;KnowledgeSharing;Quarry"
224,Animal,1.15,60,1.2,0,144,40,104,0.278,80,500,"","Clay=22308.02;PlantFiber=18904.34;WoodLog=8323.88","ClayPit=2;Farm=2;FiberGatheringCamp=2;HealerHut=6;Pasture=2;WoodHouse=12","Agriculture;AnimalHusbandry;ClayExtraction;ControlledFire;HerbalKnowledge;KnowledgeSharing;Quarry"
225,Animal,1.15,60,1.2,0,144,40,104,0.278,80,500,"","Clay=22416.74;PlantFiber=19013.06;WoodLog=8383.88","ClayPit=2;Farm=2;FiberGatheringCamp=2;HealerHut=6;Pasture=2;WoodHouse=12","Agriculture;AnimalHusbandry;ClayExtraction;ControlledFire;HerbalKnowledge;KnowledgeSharing;Quarry"
226,Animal,1.15,60,1.2,0,144,40,104,0.278,80,500,"","Clay=22525.46;PlantFiber=19121.78;WoodLog=8443.88","ClayPit=2;Farm=2;FiberGatheringCamp=2;HealerHut=6;Pasture=2;WoodHouse=12","Agriculture;AnimalHusbandry;ClayExtraction;ControlledFire;HerbalKnowledge;KnowledgeSharing;Quarry"
227,Animal,1.15,60,1.2,0,144,40,104,0.278,80,500,"","Clay=22634.18;PlantFiber=19230.5;WoodLog=8503.88","ClayPit=2;Farm=2;FiberGatheringCamp=2;HealerHut=6;Pasture=2;WoodHouse=12","Agriculture;AnimalHusbandry;ClayExtraction;ControlledFire;HerbalKnowledge;KnowledgeSharing;Quarry"
228,Animal,1.15,60,1.2,0,144,40,104,0.278,80,500,"","Clay=22742.9;PlantFiber=19339.22;WoodLog=8563.88","ClayPit=2;Farm=2;FiberGatheringCamp=2;HealerHut=6;Pasture=2;WoodHouse=12","Agriculture;AnimalHusbandry;ClayExtraction;ControlledFire;HerbalKnowledge;KnowledgeSharing;Quarry"
229,Animal,1.15,60,1.2,0,144,40,104,0.278,80,500,"","Clay=22851.62;PlantFiber=19447.94;WoodLog=8623.88","ClayPit=2;Farm=2;FiberGatheringCamp=2;HealerHut=6;Pasture=2;WoodHouse=12","Agriculture;AnimalHusbandry;ClayExtraction;ControlledFire;HerbalKnowledge;KnowledgeSharing;Quarry"
230,Animal,1.15,60,1.2,0,144,40,104,0.278,80,500,"","Clay=22960.34;PlantFiber=19556.66;WoodLog=8683.88","ClayPit=2;Farm=2;FiberGatheringCamp=2;HealerHut=6;Pasture=2;WoodHouse=12","Agriculture;AnimalHusbandry;ClayExtraction;ControlledFire;HerbalKnowledge;KnowledgeSharing;Quarry"
231,Animal,1.15,60,1.2,0,144,40,104,0.278,80,500,"","Clay=23069.06;PlantFiber=19665.38;WoodLog=8743.88","ClayPit=2;Farm=2;FiberGatheringCamp=2;HealerHut=6;Pasture=2;WoodHouse=12","Agriculture;AnimalHusbandry;ClayExtraction;ControlledFire;HerbalKnowledge;KnowledgeSharing;Quarry"
232,Animal,1.15,60,1.2,0,144,40,104,0.278,80,500,"","Clay=23177.78;PlantFiber=19774.1;WoodLog=8803.88","ClayPit=2;Farm=2;FiberGatheringCamp=2;HealerHut=6;Pasture=2;WoodHouse=12","Agriculture;AnimalHusbandry;ClayExtraction;ControlledFire;HerbalKnowledge;KnowledgeSharing;Quarry"
233,Animal,1.15,60,1.2,0,144,40,104,0.278,80,500,"","Clay=23286.5;PlantFiber=19882.82;WoodLog=8863.88","ClayPit=2;Farm=2;FiberGatheringCamp=2;HealerHut=6;Pasture=2;WoodHouse=12","Agriculture;AnimalHusbandry;ClayExtraction;ControlledFire;HerbalKnowledge;KnowledgeSharing;Quarry"
234,Animal,1.15,60,1.2,0,144,40,104,0.278,80,500,"","Clay=23395.22;PlantFiber=19991.54;WoodLog=8923.88","ClayPit=2;Farm=2;FiberGatheringCamp=2;HealerHut=6;Pasture=2;WoodHouse=12","Agriculture;AnimalHusbandry;ClayExtraction;ControlledFire;HerbalKnowledge;KnowledgeSharing;Quarry"
235,Animal,1.15,60,1.2,0,144,40,104,0.278,80,500,"","Clay=23503.94;PlantFiber=20100.26;WoodLog=8983.88","ClayPit=2;Farm=2;FiberGatheringCamp=2;HealerHut=6;Pasture=2;WoodHouse=12","Agriculture;AnimalHusbandry;ClayExtraction;ControlledFire;HerbalKnowledge;KnowledgeSharing;Quarry"
236,Animal,1.15,60,1.2,0,144,40,104,0.278,80,500,"","Clay=23612.66;PlantFiber=20208.98;WoodLog=9043.88","ClayPit=2;Farm=2;FiberGatheringCamp=2;HealerHut=6;Pasture=2;WoodHouse=12","Agriculture;AnimalHusbandry;ClayExtraction;ControlledFire;HerbalKnowledge;KnowledgeSharing;Quarry"
237,Animal,1.15,60,1.2,0,144,40,104,0.278,80,500,"","Clay=23721.38;PlantFiber=20317.7;WoodLog=9103.88","ClayPit=2;Farm=2;FiberGatheringCamp=2;HealerHut=6;Pasture=2;WoodHouse=12","Agriculture;AnimalHusbandry;ClayExtraction;ControlledFire;HerbalKnowledge;KnowledgeSharing;Quarry"
238,Animal,1.15,60,1.2,0,144,40,104,0.278,80,500,"","Clay=23830.1;PlantFiber=20426.42;WoodLog=9163.88","ClayPit=2;Farm=2;FiberGatheringCamp=2;HealerHut=6;Pasture=2;WoodHouse=12","Agriculture;AnimalHusbandry;ClayExtraction;ControlledFire;HerbalKnowledge;KnowledgeSharing;Quarry"
239,Animal,1.15,60,1.2,0,144,40,104,0.278,80,500,"","Clay=23938.82;PlantFiber=20535.14;WoodLog=9223.88","ClayPit=2;Farm=2;FiberGatheringCamp=2;HealerHut=6;Pasture=2;WoodHouse=12","Agriculture;AnimalHusbandry;ClayExtraction;ControlledFire;HerbalKnowledge;KnowledgeSharing;Quarry"
240,Animal,1.15,60,1.2,0,144,40,104,0.278,80,500,"","Clay=24047.54;PlantFiber=20643.86;WoodLog=9283.88","ClayPit=2;Farm=2;FiberGatheringCamp=2;HealerHut=6;Pasture=2;WoodHouse=12","Agriculture;AnimalHusbandry;ClayExtraction;ControlledFire;HerbalKnowledge;KnowledgeSharing;Quarry"
241,Animal,1.15,60,1.2,0,144,40,104,0.278,80,500,"","Clay=24156.26;PlantFiber=20752.58;WoodLog=9343.88","ClayPit=2;Farm=2;FiberGatheringCamp=2;HealerHut=6;Pasture=2;WoodHouse=12","Agriculture;AnimalHusbandry;ClayExtraction;ControlledFire;HerbalKnowledge;KnowledgeSharing;Quarry"
242,Animal,1.15,60,1.2,0,144,40,104,0.278,80,500,"","Clay=24264.98;PlantFiber=20861.3;WoodLog=9403.88","ClayPit=2;Farm=2;FiberGatheringCamp=2;HealerHut=6;Pasture=2;WoodHouse=12","Agriculture;AnimalHusbandry;ClayExtraction;ControlledFire;HerbalKnowledge;KnowledgeSharing;Quarry"
243,Animal,1.15,60,1.2,0,144,40,104,0.278,80,500,"","Clay=24373.7;PlantFiber=20970.02;WoodLog=9463.88","ClayPit=2;Farm=2;FiberGatheringCamp=2;HealerHut=6;Pasture=2;WoodHouse=12","Agriculture;AnimalHusbandry;ClayExtraction;ControlledFire;HerbalKnowledge;KnowledgeSharing;Quarry"
244,Animal,1.15,60,1.2,0,144,40,104,0.278,80,500,"","Clay=24482.42;PlantFiber=21078.74;WoodLog=9523.88","ClayPit=2;Farm=2;FiberGatheringCamp=2;HealerHut=6;Pasture=2;WoodHouse=12","Agriculture;AnimalHusbandry;ClayExtraction;ControlledFire;HerbalKnowledge;KnowledgeSharing;Quarry"
245,Animal,1.15,60,1.2,0,144,40,104,0.278,80,500,"","Clay=24591.14;PlantFiber=21187.46;WoodLog=9583.88","ClayPit=2;Farm=2;FiberGatheringCamp=2;HealerHut=6;Pasture=2;WoodHouse=12","Agriculture;AnimalHusbandry;ClayExtraction;ControlledFire;HerbalKnowledge;KnowledgeSharing;Quarry"
246,Animal,1.15,60,1.2,0,144,40,104,0.278,80,500,"","Clay=24699.86;PlantFiber=21296.18;WoodLog=9643.88","ClayPit=2;Farm=2;FiberGatheringCamp=2;HealerHut=6;Pasture=2;WoodHouse=12","Agriculture;AnimalHusbandry;ClayExtraction;ControlledFire;HerbalKnowledge;KnowledgeSharing;Quarry"
247,Animal,1.15,60,1.2,0,144,40,104,0.278,80,500,"","Clay=24808.58;PlantFiber=21404.9;WoodLog=9703.88","ClayPit=2;Farm=2;FiberGatheringCamp=2;HealerHut=6;Pasture=2;WoodHouse=12","Agriculture;AnimalHusbandry;ClayExtraction;ControlledFire;HerbalKnowledge;KnowledgeSharing;Quarry"
248,Animal,1.15,60,1.2,0,144,40,104,0.278,80,500,"","Clay=24917.3;PlantFiber=21513.62;WoodLog=9763.88","ClayPit=2;Farm=2;FiberGatheringCamp=2;HealerHut=6;Pasture=2;WoodHouse=12","Agriculture;AnimalHusbandry;ClayExtraction;ControlledFire;HerbalKnowledge;KnowledgeSharing;Quarry"
249,Animal,1.15,60,1.2,0,144,40,104,0.278,80,500,"","Clay=25026.02;PlantFiber=21622.34;WoodLog=9823.88","ClayPit=2;Farm=2;FiberGatheringCamp=2;HealerHut=6;Pasture=2;WoodHouse=12","Agriculture;AnimalHusbandry;ClayExtraction;ControlledFire;HerbalKnowledge;KnowledgeSharing;Quarry"
250,Animal,1.15,60,1.2,0,144,40,104,0.278,80,500,"","Clay=25134.74;PlantFiber=21731.06;WoodLog=9883.88","ClayPit=2;Farm=2;FiberGatheringCamp=2;HealerHut=6;Pasture=2;WoodHouse=12","Agriculture;AnimalHusbandry;ClayExtraction;ControlledFire;HerbalKnowledge;KnowledgeSharing;Quarry"
251,Animal,1.15,60,1.2,0,144,40,104,0.278,80,500,"","Clay=25243.46;PlantFiber=21839.78;WoodLog=9943.88","ClayPit=2;Farm=2;FiberGatheringCamp=2;HealerHut=6;Pasture=2;WoodHouse=12","Agriculture;AnimalHusbandry;ClayExtraction;ControlledFire;HerbalKnowledge;KnowledgeSharing;Quarry"
252,Animal,1.15,60,1.2,0,144,40,104,0.278,80,500,"","Clay=25352.18;PlantFiber=21948.5;WoodLog=10003.88","ClayPit=2;Farm=2;FiberGatheringCamp=2;HealerHut=6;Pasture=2;WoodHouse=12","Agriculture;AnimalHusbandry;ClayExtraction;ControlledFire;HerbalKnowledge;KnowledgeSharing;Quarry"
253,Animal,1.15,60,1.2,0,144,40,104,0.278,80,500,"","Clay=25460.9;PlantFiber=22057.22;WoodLog=10063.88","ClayPit=2;Farm=2;FiberGatheringCamp=2;HealerHut=6;Pasture=2;WoodHouse=12","Agriculture;AnimalHusbandry;ClayExtraction;ControlledFire;HerbalKnowledge;KnowledgeSharing;Quarry"
254,Animal,1.15,60,1.2,0,144,40,104,0.278,80,500,"","Clay=25569.62;PlantFiber=22165.94;WoodLog=10123.88","ClayPit=2;Farm=2;FiberGatheringCamp=2;HealerHut=6;Pasture=2;WoodHouse=12","Agriculture;AnimalHusbandry;ClayExtraction;ControlledFire;HerbalKnowledge;KnowledgeSharing;Quarry"
255,Animal,1.15,60,1.2,0,144,40,104,0.278,80,500,"","Clay=25678.34;PlantFiber=22274.66;WoodLog=10183.88","ClayPit=2;Farm=2;FiberGatheringCamp=2;HealerHut=6;Pasture=2;WoodHouse=12","Agriculture;AnimalHusbandry;ClayExtraction;ControlledFire;HerbalKnowledge;KnowledgeSharing;Quarry"
256,Animal,1.15,60,1.2,0,144,40,104,0.278,80,500,"","Clay=25787.06;PlantFiber=22383.38;WoodLog=10243.88","ClayPit=2;Farm=2;FiberGatheringCamp=2;HealerHut=6;Pasture=2;WoodHouse=12","Agriculture;AnimalHusbandry;ClayExtraction;ControlledFire;HerbalKnowledge;KnowledgeSharing;Quarry"
257,Animal,1.15,60,1.2,0,144,40,104,0.278,80,500,"","Clay=25895.78;PlantFiber=22492.1;WoodLog=10303.88","ClayPit=2;Farm=2;FiberGatheringCamp=2;HealerHut=6;Pasture=2;WoodHouse=12","Agriculture;AnimalHusbandry;ClayExtraction;ControlledFire;HerbalKnowledge;KnowledgeSharing;Quarry"
258,Animal,1.15,60,1.2,0,144,40,104,0.278,80,500,"","Clay=26004.5;PlantFiber=22600.82;WoodLog=10363.88","ClayPit=2;Farm=2;FiberGatheringCamp=2;HealerHut=6;Pasture=2;WoodHouse=12","Agriculture;AnimalHusbandry;ClayExtraction;ControlledFire;HerbalKnowledge;KnowledgeSharing;Quarry"
259,Animal,1.15,60,1.2,0,144,40,104,0.278,80,500,"","Clay=26113.22;PlantFiber=22709.54;WoodLog=10423.88","ClayPit=2;Farm=2;FiberGatheringCamp=2;HealerHut=6;Pasture=2;WoodHouse=12","Agriculture;AnimalHusbandry;ClayExtraction;ControlledFire;HerbalKnowledge;KnowledgeSharing;Quarry"
260,Animal,1.15,60,1.2,0,144,40,104,0.278,80,500,"","Clay=26221.94;PlantFiber=22818.26;WoodLog=10483.88","ClayPit=2;Farm=2;FiberGatheringCamp=2;HealerHut=6;Pasture=2;WoodHouse=12","Agriculture;AnimalHusbandry;ClayExtraction;ControlledFire;HerbalKnowledge;KnowledgeSharing;Quarry"
261,Animal,1.15,60,1.2,0,144,40,104,0.278,80,500,"","Clay=26330.66;PlantFiber=22926.98;WoodLog=10543.88","ClayPit=2;Farm=2;FiberGatheringCamp=2;HealerHut=6;Pasture=2;WoodHouse=12","Agriculture;AnimalHusbandry;ClayExtraction;ControlledFire;HerbalKnowledge;KnowledgeSharing;Quarry"
262,Animal,1.15,60,1.2,0,144,40,104,0.278,80,500,"","Clay=26439.38;PlantFiber=23035.7;WoodLog=10603.88","ClayPit=2;Farm=2;FiberGatheringCamp=2;HealerHut=6;Pasture=2;WoodHouse=12","Agriculture;AnimalHusbandry;ClayExtraction;ControlledFire;HerbalKnowledge;KnowledgeSharing;Quarry"
263,Animal,1.15,60,1.2,0,144,40,104,0.278,80,500,"","Clay=26548.1;PlantFiber=23144.42;WoodLog=10663.88","ClayPit=2;Farm=2;FiberGatheringCamp=2;HealerHut=6;Pasture=2;WoodHouse=12","Agriculture;AnimalHusbandry;ClayExtraction;ControlledFire;HerbalKnowledge;KnowledgeSharing;Quarry"
264,Animal,1.15,60,1.2,0,144,40,104,0.278,80,500,"","Clay=26656.82;PlantFiber=23253.14;WoodLog=10723.88","ClayPit=2;Farm=2;FiberGatheringCamp=2;HealerHut=6;Pasture=2;WoodHouse=12","Agriculture;AnimalHusbandry;ClayExtraction;ControlledFire;HerbalKnowledge;KnowledgeSharing;Quarry"
265,Animal,1.15,60,1.2,0,144,40,104,0.278,80,500,"","Clay=26765.54;PlantFiber=23361.86;WoodLog=10783.88","ClayPit=2;Farm=2;FiberGatheringCamp=2;HealerHut=6;Pasture=2;WoodHouse=12","Agriculture;AnimalHusbandry;ClayExtraction;ControlledFire;HerbalKnowledge;KnowledgeSharing;Quarry"
266,Animal,1.15,60,1.2,0,144,40,104,0.278,80,500,"","Clay=26874.26;PlantFiber=23470.58;WoodLog=10843.88","ClayPit=2;Farm=2;FiberGatheringCamp=2;HealerHut=6;Pasture=2;WoodHouse=12","Agriculture;AnimalHusbandry;ClayExtraction;ControlledFire;HerbalKnowledge;KnowledgeSharing;Quarry"
267,Animal,1.15,60,1.2,0,144,40,104,0.278,80,500,"","Clay=26982.98;PlantFiber=23579.3;WoodLog=10903.88","ClayPit=2;Farm=2;FiberGatheringCamp=2;HealerHut=6;Pasture=2;WoodHouse=12","Agriculture;AnimalHusbandry;ClayExtraction;ControlledFire;HerbalKnowledge;KnowledgeSharing;Quarry"
268,Animal,1.15,60,1.2,0,144,40,104,0.278,80,500,"","Clay=27091.7;PlantFiber=23688.02;WoodLog=10963.88","ClayPit=2;Farm=2;FiberGatheringCamp=2;HealerHut=6;Pasture=2;WoodHouse=12","Agriculture;AnimalHusbandry;ClayExtraction;ControlledFire;HerbalKnowledge;KnowledgeSharing;Quarry"
269,Animal,1.15,60,1.2,0,144,40,104,0.278,80,500,"","Clay=27200.42;PlantFiber=23796.74;WoodLog=11023.88","ClayPit=2;Farm=2;FiberGatheringCamp=2;HealerHut=6;Pasture=2;WoodHouse=12","Agriculture;AnimalHusbandry;ClayExtraction;ControlledFire;HerbalKnowledge;KnowledgeSharing;Quarry"
270,Animal,1.15,60,1.2,0,144,40,104,0.278,80,500,"","Clay=27309.14;PlantFiber=23905.46;WoodLog=11083.88","ClayPit=2;Farm=2;FiberGatheringCamp=2;HealerHut=6;Pasture=2;WoodHouse=12","Agriculture;AnimalHusbandry;ClayExtraction;ControlledFire;HerbalKnowledge;KnowledgeSharing;Quarry"
271,Animal,1.15,60,1.2,0,144,40,104,0.278,80,500,"","Clay=27417.86;PlantFiber=24014.18;WoodLog=11143.88","ClayPit=2;Farm=2;FiberGatheringCamp=2;HealerHut=6;Pasture=2;WoodHouse=12","Agriculture;AnimalHusbandry;ClayExtraction;ControlledFire;HerbalKnowledge;KnowledgeSharing;Quarry"
272,Animal,1.15,60,1.2,0,144,40,104,0.278,80,500,"","Clay=27526.58;PlantFiber=24122.9;WoodLog=11203.88","ClayPit=2;Farm=2;FiberGatheringCamp=2;HealerHut=6;Pasture=2;WoodHouse=12","Agriculture;AnimalHusbandry;ClayExtraction;ControlledFire;HerbalKnowledge;KnowledgeSharing;Quarry"
273,Animal,1.15,60,1.2,0,144,40,104,0.278,80,500,"","Clay=27635.3;PlantFiber=24231.62;WoodLog=11263.88","ClayPit=2;Farm=2;FiberGatheringCamp=2;HealerHut=6;Pasture=2;WoodHouse=12","Agriculture;AnimalHusbandry;ClayExtraction;ControlledFire;HerbalKnowledge;KnowledgeSharing;Quarry"
274,Animal,1.15,60,1.2,0,144,40,104,0.278,80,500,"","Clay=27744.02;PlantFiber=24340.34;WoodLog=11323.88","ClayPit=2;Farm=2;FiberGatheringCamp=2;HealerHut=6;Pasture=2;WoodHouse=12","Agriculture;AnimalHusbandry;ClayExtraction;ControlledFire;HerbalKnowledge;KnowledgeSharing;Quarry"
275,Animal,1.15,60,1.2,0,144,40,104,0.278,80,500,"","Clay=27852.74;PlantFiber=24449.06;WoodLog=11383.88","ClayPit=2;Farm=2;FiberGatheringCamp=2;HealerHut=6;Pasture=2;WoodHouse=12","Agriculture;AnimalHusbandry;ClayExtraction;ControlledFire;HerbalKnowledge;KnowledgeSharing;Quarry"
276,Animal,1.15,60,1.2,0,144,40,104,0.278,80,500,"","Clay=27961.46;PlantFiber=24557.78;WoodLog=11443.88","ClayPit=2;Farm=2;FiberGatheringCamp=2;HealerHut=6;Pasture=2;WoodHouse=12","Agriculture;AnimalHusbandry;ClayExtraction;ControlledFire;HerbalKnowledge;KnowledgeSharing;Quarry"
277,Animal,1.15,60,1.2,0,144,40,104,0.278,80,500,"","Clay=28070.18;PlantFiber=24666.5;WoodLog=11503.88","ClayPit=2;Farm=2;FiberGatheringCamp=2;HealerHut=6;Pasture=2;WoodHouse=12","Agriculture;AnimalHusbandry;ClayExtraction;ControlledFire;HerbalKnowledge;KnowledgeSharing;Quarry"
278,Animal,1.15,60,1.2,0,144,40,104,0.278,80,500,"","Clay=28178.9;PlantFiber=24775.22;WoodLog=11563.88","ClayPit=2;Farm=2;FiberGatheringCamp=2;HealerHut=6;Pasture=2;WoodHouse=12","Agriculture;AnimalHusbandry;ClayExtraction;ControlledFire;HerbalKnowledge;KnowledgeSharing;Quarry"
279,Animal,1.15,60,1.2,0,144,40,104,0.278,80,500,"","Clay=28287.62;PlantFiber=24883.94;WoodLog=11623.88","ClayPit=2;Farm=2;FiberGatheringCamp=2;HealerHut=6;Pasture=2;WoodHouse=12","Agriculture;AnimalHusbandry;ClayExtraction;ControlledFire;HerbalKnowledge;KnowledgeSharing;Quarry"
280,Animal,1.15,60,1.2,0,144,40,104,0.278,80,500,"","Clay=28396.34;PlantFiber=24992.66;WoodLog=11683.88","ClayPit=2;Farm=2;FiberGatheringCamp=2;HealerHut=6;Pasture=2;WoodHouse=12","Agriculture;AnimalHusbandry;ClayExtraction;ControlledFire;HerbalKnowledge;KnowledgeSharing;Quarry"
281,Animal,1.15,60,1.2,0,144,40,104,0.278,80,500,"","Clay=28505.06;PlantFiber=25101.38;WoodLog=11743.88","ClayPit=2;Farm=2;FiberGatheringCamp=2;HealerHut=6;Pasture=2;WoodHouse=12","Agriculture;AnimalHusbandry;ClayExtraction;ControlledFire;HerbalKnowledge;KnowledgeSharing;Quarry"
282,Animal,1.15,60,1.2,0,144,40,104,0.278,80,500,"","Clay=28613.78;PlantFiber=25210.1;WoodLog=11803.88","ClayPit=2;Farm=2;FiberGatheringCamp=2;HealerHut=6;Pasture=2;WoodHouse=12","Agriculture;AnimalHusbandry;ClayExtraction;ControlledFire;HerbalKnowledge;KnowledgeSharing;Quarry"
283,Animal,1.15,60,1.2,0,144,40,104,0.278,80,500,"","Clay=28722.5;PlantFiber=25318.82;WoodLog=11863.88","ClayPit=2;Farm=2;FiberGatheringCamp=2;HealerHut=6;Pasture=2;WoodHouse=12","Agriculture;AnimalHusbandry;ClayExtraction;ControlledFire;HerbalKnowledge;KnowledgeSharing;Quarry"
284,Animal,1.15,60,1.2,0,144,40,104,0.278,80,500,"","Clay=28831.22;PlantFiber=25427.54;WoodLog=11923.88","ClayPit=2;Farm=2;FiberGatheringCamp=2;HealerHut=6;Pasture=2;WoodHouse=12","Agriculture;AnimalHusbandry;ClayExtraction;ControlledFire;HerbalKnowledge;KnowledgeSharing;Quarry"
285,Animal,1.15,60,1.2,0,144,40,104,0.278,80,500,"","Clay=28939.94;PlantFiber=25536.26;WoodLog=11983.88","ClayPit=2;Farm=2;FiberGatheringCamp=2;HealerHut=6;Pasture=2;WoodHouse=12","Agriculture;AnimalHusbandry;ClayExtraction;ControlledFire;HerbalKnowledge;KnowledgeSharing;Quarry"
286,Animal,1.15,60,1.2,0,144,40,104,0.278,80,500,"","Clay=29048.66;PlantFiber=25644.98;WoodLog=12043.88","ClayPit=2;Farm=2;FiberGatheringCamp=2;HealerHut=6;Pasture=2;WoodHouse=12","Agriculture;AnimalHusbandry;ClayExtraction;ControlledFire;HerbalKnowledge;KnowledgeSharing;Quarry"
287,Animal,1.15,60,1.2,0,144,40,104,0.278,80,500,"","Clay=29157.38;PlantFiber=25753.7;WoodLog=12103.88","ClayPit=2;Farm=2;FiberGatheringCamp=2;HealerHut=6;Pasture=2;WoodHouse=12","Agriculture;AnimalHusbandry;ClayExtraction;ControlledFire;HerbalKnowledge;KnowledgeSharing;Quarry"
288,Animal,1.15,60,1.2,0,144,40,104,0.278,80,500,"","Clay=29266.1;PlantFiber=25862.42;WoodLog=12163.88","ClayPit=2;Farm=2;FiberGatheringCamp=2;HealerHut=6;Pasture=2;WoodHouse=12","Agriculture;AnimalHusbandry;ClayExtraction;ControlledFire;HerbalKnowledge;KnowledgeSharing;Quarry"
289,Animal,1.15,60,1.2,0,144,40,104,0.278,80,500,"","Clay=29374.82;PlantFiber=25971.14;WoodLog=12223.88","ClayPit=2;Farm=2;FiberGatheringCamp=2;HealerHut=6;Pasture=2;WoodHouse=12","Agriculture;AnimalHusbandry;ClayExtraction;ControlledFire;HerbalKnowledge;KnowledgeSharing;Quarry"
290,Animal,1.15,60,1.2,0,144,40,104,0.278,80,500,"","Clay=29483.54;PlantFiber=26079.86;WoodLog=12283.88","ClayPit=2;Farm=2;FiberGatheringCamp=2;HealerHut=6;Pasture=2;WoodHouse=12","Agriculture;AnimalHusbandry;ClayExtraction;ControlledFire;HerbalKnowledge;KnowledgeSharing;Quarry"
291,Animal,1.15,60,1.2,0,144,40,104,0.278,80,500,"","Clay=29592.26;PlantFiber=26188.58;WoodLog=12343.88","ClayPit=2;Farm=2;FiberGatheringCamp=2;HealerHut=6;Pasture=2;WoodHouse=12","Agriculture;AnimalHusbandry;ClayExtraction;ControlledFire;HerbalKnowledge;KnowledgeSharing;Quarry"
292,Animal,1.15,60,1.2,0,144,40,104,0.278,80,500,"","Clay=29700.98;PlantFiber=26297.3;WoodLog=12403.88","ClayPit=2;Farm=2;FiberGatheringCamp=2;HealerHut=6;Pasture=2;WoodHouse=12","Agriculture;AnimalHusbandry;ClayExtraction;ControlledFire;HerbalKnowledge;KnowledgeSharing;Quarry"
293,Animal,1.15,60,1.2,0,144,40,104,0.278,80,500,"","Clay=29809.7;PlantFiber=26406.02;WoodLog=12463.88","ClayPit=2;Farm=2;FiberGatheringCamp=2;HealerHut=6;Pasture=2;WoodHouse=12","Agriculture;AnimalHusbandry;ClayExtraction;ControlledFire;HerbalKnowledge;KnowledgeSharing;Quarry"
294,Animal,1.15,60,1.2,0,144,40,104,0.278,80,500,"","Clay=29918.42;PlantFiber=26514.74;WoodLog=12523.88","ClayPit=2;Farm=2;FiberGatheringCamp=2;HealerHut=6;Pasture=2;WoodHouse=12","Agriculture;AnimalHusbandry;ClayExtraction;ControlledFire;HerbalKnowledge;KnowledgeSharing;Quarry"
295,Animal,1.15,60,1.2,0,144,40,104,0.278,80,500,"","Clay=30027.14;PlantFiber=26623.46;WoodLog=12583.88","ClayPit=2;Farm=2;FiberGatheringCamp=2;HealerHut=6;Pasture=2;WoodHouse=12","Agriculture;AnimalHusbandry;ClayExtraction;ControlledFire;HerbalKnowledge;KnowledgeSharing;Quarry"
296,Animal,1.15,60,1.2,0,144,40,104,0.278,80,500,"","Clay=30135.86;PlantFiber=26732.18;WoodLog=12643.88","ClayPit=2;Farm=2;FiberGatheringCamp=2;HealerHut=6;Pasture=2;WoodHouse=12","Agriculture;AnimalHusbandry;ClayExtraction;ControlledFire;HerbalKnowledge;KnowledgeSharing;Quarry"
297,Animal,1.15,60,1.2,0,144,40,104,0.278,80,500,"","Clay=30244.58;PlantFiber=26840.9;WoodLog=12703.88","ClayPit=2;Farm=2;FiberGatheringCamp=2;HealerHut=6;Pasture=2;WoodHouse=12","Agriculture;AnimalHusbandry;ClayExtraction;ControlledFire;HerbalKnowledge;KnowledgeSharing;Quarry"
298,Animal,1.15,60,1.2,0,144,40,104,0.278,80,500,"","Clay=30353.3;PlantFiber=26949.62;WoodLog=12763.88","ClayPit=2;Farm=2;FiberGatheringCamp=2;HealerHut=6;Pasture=2;WoodHouse=12","Agriculture;AnimalHusbandry;ClayExtraction;ControlledFire;HerbalKnowledge;KnowledgeSharing;Quarry"
299,Animal,1.15,60,1.2,0,144,40,104,0.278,80,500,"","Clay=30462.02;PlantFiber=27058.34;WoodLog=12823.88","ClayPit=2;Farm=2;FiberGatheringCamp=2;HealerHut=6;Pasture=2;WoodHouse=12","Agriculture;AnimalHusbandry;ClayExtraction;ControlledFire;HerbalKnowledge;KnowledgeSharing;Quarry"
300,Animal,1.15,60,1.2,0,144,40,104,0.278,80,500,"","Clay=30570.74;PlantFiber=27167.06;WoodLog=12883.88","ClayPit=2;Farm=2;FiberGatheringCamp=2;HealerHut=6;Pasture=2;WoodHouse=12","Agriculture;AnimalHusbandry;ClayExtraction;ControlledFire;HerbalKnowledge;KnowledgeSharing;Quarry"
301,Animal,1.15,60,1.2,0,144,40,104,0.278,80,500,"","Clay=30679.46;PlantFiber=27275.78;WoodLog=12943.88","ClayPit=2;Farm=2;FiberGatheringCamp=2;HealerHut=6;Pasture=2;WoodHouse=12","Agriculture;AnimalHusbandry;ClayExtraction;ControlledFire;HerbalKnowledge;KnowledgeSharing;Quarry"
302,Animal,1.15,60,1.2,0,144,40,104,0.278,80,500,"","Clay=30788.18;PlantFiber=27384.5;WoodLog=13003.88","ClayPit=2;Farm=2;FiberGatheringCamp=2;HealerHut=6;Pasture=2;WoodHouse=12","Agriculture;AnimalHusbandry;ClayExtraction;ControlledFire;HerbalKnowledge;KnowledgeSharing;Quarry"
303,Animal,1.15,60,1.2,0,144,40,104,0.278,80,500,"","Clay=30896.9;PlantFiber=27493.22;WoodLog=13063.88","ClayPit=2;Farm=2;FiberGatheringCamp=2;HealerHut=6;Pasture=2;WoodHouse=12","Agriculture;AnimalHusbandry;ClayExtraction;ControlledFire;HerbalKnowledge;KnowledgeSharing;Quarry"
304,Animal,1.15,60,1.2,0,144,40,104,0.278,80,500,"","Clay=31005.62;PlantFiber=27601.94;WoodLog=13123.88","ClayPit=2;Farm=2;FiberGatheringCamp=2;HealerHut=6;Pasture=2;WoodHouse=12","Agriculture;AnimalHusbandry;ClayExtraction;ControlledFire;HerbalKnowledge;KnowledgeSharing;Quarry"
305,Animal,1.15,60,1.2,0,144,40,104,0.278,80,500,"","Clay=31114.34;PlantFiber=27710.66;WoodLog=13183.88","ClayPit=2;Farm=2;FiberGatheringCamp=2;HealerHut=6;Pasture=2;WoodHouse=12","Agriculture;AnimalHusbandry;ClayExtraction;ControlledFire;HerbalKnowledge;KnowledgeSharing;Quarry"
306,Animal,1.15,60,1.2,0,144,40,104,0.278,80,500,"","Clay=31223.06;PlantFiber=27819.38;WoodLog=13243.88","ClayPit=2;Farm=2;FiberGatheringCamp=2;HealerHut=6;Pasture=2;WoodHouse=12","Agriculture;AnimalHusbandry;ClayExtraction;ControlledFire;HerbalKnowledge;KnowledgeSharing;Quarry"
307,Animal,1.15,60,1.2,0,144,40,104,0.278,80,500,"","Clay=31331.78;PlantFiber=27928.1;WoodLog=13303.88","ClayPit=2;Farm=2;FiberGatheringCamp=2;HealerHut=6;Pasture=2;WoodHouse=12","Agriculture;AnimalHusbandry;ClayExtraction;ControlledFire;HerbalKnowledge;KnowledgeSharing;Quarry"
308,Animal,1.15,60,1.2,0,144,40,104,0.278,80,500,"","Clay=31440.5;PlantFiber=28036.82;WoodLog=13363.88","ClayPit=2;Farm=2;FiberGatheringCamp=2;HealerHut=6;Pasture=2;WoodHouse=12","Agriculture;AnimalHusbandry;ClayExtraction;ControlledFire;HerbalKnowledge;KnowledgeSharing;Quarry"
309,Animal,1.15,60,1.2,0,144,40,104,0.278,80,500,"","Clay=31549.22;PlantFiber=28145.54;WoodLog=13423.88","ClayPit=2;Farm=2;FiberGatheringCamp=2;HealerHut=6;Pasture=2;WoodHouse=12","Agriculture;AnimalHusbandry;ClayExtraction;ControlledFire;HerbalKnowledge;KnowledgeSharing;Quarry"
310,Animal,1.15,60,1.2,0,144,40,104,0.278,80,500,"","Clay=31657.94;PlantFiber=28254.26;WoodLog=13483.88","ClayPit=2;Farm=2;FiberGatheringCamp=2;HealerHut=6;Pasture=2;WoodHouse=12","Agriculture;AnimalHusbandry;ClayExtraction;ControlledFire;HerbalKnowledge;KnowledgeSharing;Quarry"
311,Animal,1.15,60,1.2,0,144,40,104,0.278,80,500,"","Clay=31766.66;PlantFiber=28362.98;WoodLog=13543.88","ClayPit=2;Farm=2;FiberGatheringCamp=2;HealerHut=6;Pasture=2;WoodHouse=12","Agriculture;AnimalHusbandry;ClayExtraction;ControlledFire;HerbalKnowledge;KnowledgeSharing;Quarry"
312,Animal,1.15,60,1.2,0,144,40,104,0.278,80,500,"","Clay=31875.38;PlantFiber=28471.7;WoodLog=13603.88","ClayPit=2;Farm=2;FiberGatheringCamp=2;HealerHut=6;Pasture=2;WoodHouse=12","Agriculture;AnimalHusbandry;ClayExtraction;ControlledFire;HerbalKnowledge;KnowledgeSharing;Quarry"
313,Animal,1.15,60,1.2,0,144,40,104,0.278,80,500,"","Clay=31984.1;PlantFiber=28580.42;WoodLog=13663.88","ClayPit=2;Farm=2;FiberGatheringCamp=2;HealerHut=6;Pasture=2;WoodHouse=12","Agriculture;AnimalHusbandry;ClayExtraction;ControlledFire;HerbalKnowledge;KnowledgeSharing;Quarry"
314,Animal,1.15,60,1.2,0,144,40,104,0.278,80,500,"","Clay=32092.82;PlantFiber=28689.14;WoodLog=13723.88","ClayPit=2;Farm=2;FiberGatheringCamp=2;HealerHut=6;Pasture=2;WoodHouse=12","Agriculture;AnimalHusbandry;ClayExtraction;ControlledFire;HerbalKnowledge;KnowledgeSharing;Quarry"
315,Animal,1.15,60,1.2,0,144,40,104,0.278,80,500,"","Clay=32201.54;PlantFiber=28797.86;WoodLog=13783.88","ClayPit=2;Farm=2;FiberGatheringCamp=2;HealerHut=6;Pasture=2;WoodHouse=12","Agriculture;AnimalHusbandry;ClayExtraction;ControlledFire;HerbalKnowledge;KnowledgeSharing;Quarry"
316,Animal,1.15,60,1.2,0,144,40,104,0.278,80,500,"","Clay=32310.26;PlantFiber=28906.58;WoodLog=13843.88","ClayPit=2;Farm=2;FiberGatheringCamp=2;HealerHut=6;Pasture=2;WoodHouse=12","Agriculture;AnimalHusbandry;ClayExtraction;ControlledFire;HerbalKnowledge;KnowledgeSharing;Quarry"
317,Animal,1.15,60,1.2,0,144,40,104,0.278,80,500,"","Clay=32418.98;PlantFiber=29015.3;WoodLog=13903.88","ClayPit=2;Farm=2;FiberGatheringCamp=2;HealerHut=6;Pasture=2;WoodHouse=12","Agriculture;AnimalHusbandry;ClayExtraction;ControlledFire;HerbalKnowledge;KnowledgeSharing;Quarry"
318,Animal,1.15,60,1.2,0,144,40,104,0.278,80,500,"","Clay=32527.7;PlantFiber=29124.02;WoodLog=13963.88","ClayPit=2;Farm=2;FiberGatheringCamp=2;HealerHut=6;Pasture=2;WoodHouse=12","Agriculture;AnimalHusbandry;ClayExtraction;ControlledFire;HerbalKnowledge;KnowledgeSharing;Quarry"
319,Animal,1.15,60,1.2,0,144,40,104,0.278,80,500,"","Clay=32636.42;PlantFiber=29232.74;WoodLog=14023.88","ClayPit=2;Farm=2;FiberGatheringCamp=2;HealerHut=6;Pasture=2;WoodHouse=12","Agriculture;AnimalHusbandry;ClayExtraction;ControlledFire;HerbalKnowledge;KnowledgeSharing;Quarry"
320,Animal,1.15,60,1.2,0,144,40,104,0.278,80,500,"","Clay=32745.14;PlantFiber=29341.46;WoodLog=14083.88","ClayPit=2;Farm=2;FiberGatheringCamp=2;HealerHut=6;Pasture=2;WoodHouse=12","Agriculture;AnimalHusbandry;ClayExtraction;ControlledFire;HerbalKnowledge;KnowledgeSharing;Quarry"
321,Animal,1.15,60,1.2,0,144,40,104,0.278,80,500,"","Clay=32853.86;PlantFiber=29450.18;WoodLog=14143.88","ClayPit=2;Farm=2;FiberGatheringCamp=2;HealerHut=6;Pasture=2;WoodHouse=12","Agriculture;AnimalHusbandry;ClayExtraction;ControlledFire;HerbalKnowledge;KnowledgeSharing;Quarry"
322,Animal,1.15,60,1.2,0,144,40,104,0.278,80,500,"","Clay=32962.58;PlantFiber=29558.9;WoodLog=14203.88","ClayPit=2;Farm=2;FiberGatheringCamp=2;HealerHut=6;Pasture=2;WoodHouse=12","Agriculture;AnimalHusbandry;ClayExtraction;ControlledFire;HerbalKnowledge;KnowledgeSharing;Quarry"
323,Animal,1.15,60,1.2,0,144,40,104,0.278,80,500,"","Clay=33071.3;PlantFiber=29667.62;WoodLog=14263.88","ClayPit=2;Farm=2;FiberGatheringCamp=2;HealerHut=6;Pasture=2;WoodHouse=12","Agriculture;AnimalHusbandry;ClayExtraction;ControlledFire;HerbalKnowledge;KnowledgeSharing;Quarry"
324,Animal,1.15,60,1.2,0,144,40,104,0.278,80,500,"","Clay=33180.02;PlantFiber=29776.34;WoodLog=14323.88","ClayPit=2;Farm=2;FiberGatheringCamp=2;HealerHut=6;Pasture=2;WoodHouse=12","Agriculture;AnimalHusbandry;ClayExtraction;ControlledFire;HerbalKnowledge;KnowledgeSharing;Quarry"
325,Animal,1.15,60,1.2,0,144,40,104,0.278,80,500,"","Clay=33288.74;PlantFiber=29885.06;WoodLog=14383.88","ClayPit=2;Farm=2;FiberGatheringCamp=2;HealerHut=6;Pasture=2;WoodHouse=12","Agriculture;AnimalHusbandry;ClayExtraction;ControlledFire;HerbalKnowledge;KnowledgeSharing;Quarry"
326,Animal,1.15,60,1.2,0,144,40,104,0.278,80,500,"","Clay=33397.46;PlantFiber=29993.78;WoodLog=14443.88","ClayPit=2;Farm=2;FiberGatheringCamp=2;HealerHut=6;Pasture=2;WoodHouse=12","Agriculture;AnimalHusbandry;ClayExtraction;ControlledFire;HerbalKnowledge;KnowledgeSharing;Quarry"
327,Animal,1.15,60,1.2,0,144,40,104,0.278,80,500,"","Clay=33506.18;PlantFiber=30102.5;WoodLog=14503.88","ClayPit=2;Farm=2;FiberGatheringCamp=2;HealerHut=6;Pasture=2;WoodHouse=12","Agriculture;AnimalHusbandry;ClayExtraction;ControlledFire;HerbalKnowledge;KnowledgeSharing;Quarry"
328,Animal,1.15,60,1.2,0,144,40,104,0.278,80,500,"","Clay=33614.9;PlantFiber=30211.22;WoodLog=14563.88","ClayPit=2;Farm=2;FiberGatheringCamp=2;HealerHut=6;Pasture=2;WoodHouse=12","Agriculture;AnimalHusbandry;ClayExtraction;ControlledFire;HerbalKnowledge;KnowledgeSharing;Quarry"
329,Animal,1.15,60,1.2,0,144,40,104,0.278,80,500,"","Clay=33723.62;PlantFiber=30319.94;WoodLog=14623.88","ClayPit=2;Farm=2;FiberGatheringCamp=2;HealerHut=6;Pasture=2;WoodHouse=12","Agriculture;AnimalHusbandry;ClayExtraction;ControlledFire;HerbalKnowledge;KnowledgeSharing;Quarry"
330,Animal,1.15,60,1.2,0,144,40,104,0.278,80,500,"","Clay=33832.34;PlantFiber=30428.66;WoodLog=14683.88","ClayPit=2;Farm=2;FiberGatheringCamp=2;HealerHut=6;Pasture=2;WoodHouse=12","Agriculture;AnimalHusbandry;ClayExtraction;ControlledFire;HerbalKnowledge;KnowledgeSharing;Quarry"
331,Animal,1.15,60,1.2,0,144,40,104,0.278,80,500,"","Clay=33941.06;PlantFiber=30537.38;WoodLog=14743.88","ClayPit=2;Farm=2;FiberGatheringCamp=2;HealerHut=6;Pasture=2;WoodHouse=12","Agriculture;AnimalHusbandry;ClayExtraction;ControlledFire;HerbalKnowledge;KnowledgeSharing;Quarry"
332,Animal,1.15,60,1.2,0,144,40,104,0.278,80,500,"","Clay=34049.78;PlantFiber=30646.1;WoodLog=14803.88","ClayPit=2;Farm=2;FiberGatheringCamp=2;HealerHut=6;Pasture=2;WoodHouse=12","Agriculture;AnimalHusbandry;ClayExtraction;ControlledFire;HerbalKnowledge;KnowledgeSharing;Quarry"
333,Animal,1.15,60,1.2,0,144,40,104,0.278,80,500,"","Clay=34158.5;PlantFiber=30754.82;WoodLog=14863.88","ClayPit=2;Farm=2;FiberGatheringCamp=2;HealerHut=6;Pasture=2;WoodHouse=12","Agriculture;AnimalHusbandry;ClayExtraction;ControlledFire;HerbalKnowledge;KnowledgeSharing;Quarry"
334,Animal,1.15,60,1.2,0,144,40,104,0.278,80,500,"","Clay=34267.22;PlantFiber=30863.54;WoodLog=14923.88","ClayPit=2;Farm=2;FiberGatheringCamp=2;HealerHut=6;Pasture=2;WoodHouse=12","Agriculture;AnimalHusbandry;ClayExtraction;ControlledFire;HerbalKnowledge;KnowledgeSharing;Quarry"
335,Animal,1.15,60,1.2,0,144,40,104,0.278,80,500,"","Clay=34375.94;PlantFiber=30972.26;WoodLog=14983.88","ClayPit=2;Farm=2;FiberGatheringCamp=2;HealerHut=6;Pasture=2;WoodHouse=12","Agriculture;AnimalHusbandry;ClayExtraction;ControlledFire;HerbalKnowledge;KnowledgeSharing;Quarry"
336,Animal,1.15,60,1.2,0,144,40,104,0.278,80,500,"","Clay=34484.66;PlantFiber=31080.98;WoodLog=15043.88","ClayPit=2;Farm=2;FiberGatheringCamp=2;HealerHut=6;Pasture=2;WoodHouse=12","Agriculture;AnimalHusbandry;ClayExtraction;ControlledFire;HerbalKnowledge;KnowledgeSharing;Quarry"
337,Animal,1.15,60,1.2,0,144,40,104,0.278,80,500,"","Clay=34593.38;PlantFiber=31189.7;WoodLog=15103.88","ClayPit=2;Farm=2;FiberGatheringCamp=2;HealerHut=6;Pasture=2;WoodHouse=12","Agriculture;AnimalHusbandry;ClayExtraction;ControlledFire;HerbalKnowledge;KnowledgeSharing;Quarry"
338,Animal,1.15,60,1.2,0,144,40,104,0.278,80,500,"","Clay=34702.1;PlantFiber=31298.42;WoodLog=15163.88","ClayPit=2;Farm=2;FiberGatheringCamp=2;HealerHut=6;Pasture=2;WoodHouse=12","Agriculture;AnimalHusbandry;ClayExtraction;ControlledFire;HerbalKnowledge;KnowledgeSharing;Quarry"
339,Animal,1.15,60,1.2,0,144,40,104,0.278,80,500,"","Clay=34810.82;PlantFiber=31407.14;WoodLog=15223.88","ClayPit=2;Farm=2;FiberGatheringCamp=2;HealerHut=6;Pasture=2;WoodHouse=12","Agriculture;AnimalHusbandry;ClayExtraction;ControlledFire;HerbalKnowledge;KnowledgeSharing;Quarry"
340,Animal,1.15,60,1.2,0,144,40,104,0.278,80,500,"","Clay=34919.54;PlantFiber=31515.86;WoodLog=15283.88","ClayPit=2;Farm=2;FiberGatheringCamp=2;HealerHut=6;Pasture=2;WoodHouse=12","Agriculture;AnimalHusbandry;ClayExtraction;ControlledFire;HerbalKnowledge;KnowledgeSharing;Quarry"
341,Animal,1.15,60,1.2,0,144,40,104,0.278,80,500,"","Clay=35028.26;PlantFiber=31624.58;WoodLog=15343.88","ClayPit=2;Farm=2;FiberGatheringCamp=2;HealerHut=6;Pasture=2;WoodHouse=12","Agriculture;AnimalHusbandry;ClayExtraction;ControlledFire;HerbalKnowledge;KnowledgeSharing;Quarry"
342,Animal,1.15,60,1.2,0,144,40,104,0.278,80,500,"","Clay=35136.98;PlantFiber=31733.3;WoodLog=15403.88","ClayPit=2;Farm=2;FiberGatheringCamp=2;HealerHut=6;Pasture=2;WoodHouse=12","Agriculture;AnimalHusbandry;ClayExtraction;ControlledFire;HerbalKnowledge;KnowledgeSharing;Quarry"
343,Animal,1.15,60,1.2,0,144,40,104,0.278,80,500,"","Clay=35245.7;PlantFiber=31842.02;WoodLog=15463.88","ClayPit=2;Farm=2;FiberGatheringCamp=2;HealerHut=6;Pasture=2;WoodHouse=12","Agriculture;AnimalHusbandry;ClayExtraction;ControlledFire;HerbalKnowledge;KnowledgeSharing;Quarry"
344,Animal,1.15,60,1.2,0,144,40,104,0.278,80,500,"","Clay=35354.42;PlantFiber=31950.74;WoodLog=15523.88","ClayPit=2;Farm=2;FiberGatheringCamp=2;HealerHut=6;Pasture=2;WoodHouse=12","Agriculture;AnimalHusbandry;ClayExtraction;ControlledFire;HerbalKnowledge;KnowledgeSharing;Quarry"
345,Animal,1.15,60,1.2,0,144,40,104,0.278,80,500,"","Clay=35463.14;PlantFiber=32059.46;WoodLog=15583.88","ClayPit=2;Farm=2;FiberGatheringCamp=2;HealerHut=6;Pasture=2;WoodHouse=12","Agriculture;AnimalHusbandry;ClayExtraction;ControlledFire;HerbalKnowledge;KnowledgeSharing;Quarry"
346,Animal,1.15,60,1.2,0,144,40,104,0.278,80,500,"","Clay=35571.86;PlantFiber=32168.18;WoodLog=15643.88","ClayPit=2;Farm=2;FiberGatheringCamp=2;HealerHut=6;Pasture=2;WoodHouse=12","Agriculture;AnimalHusbandry;ClayExtraction;ControlledFire;HerbalKnowledge;KnowledgeSharing;Quarry"
347,Animal,1.15,60,1.2,0,144,40,104,0.278,80,500,"","Clay=35680.58;PlantFiber=32276.9;WoodLog=15703.88","ClayPit=2;Farm=2;FiberGatheringCamp=2;HealerHut=6;Pasture=2;WoodHouse=12","Agriculture;AnimalHusbandry;ClayExtraction;ControlledFire;HerbalKnowledge;KnowledgeSharing;Quarry"
348,Animal,1.15,60,1.2,0,144,40,104,0.278,80,500,"","Clay=35789.3;PlantFiber=32385.62;WoodLog=15763.88","ClayPit=2;Farm=2;FiberGatheringCamp=2;HealerHut=6;Pasture=2;WoodHouse=12","Agriculture;AnimalHusbandry;ClayExtraction;ControlledFire;HerbalKnowledge;KnowledgeSharing;Quarry"
349,Animal,1.15,60,1.2,0,144,40,104,0.278,80,500,"","Clay=35898.02;PlantFiber=32494.34;WoodLog=15823.88","ClayPit=2;Farm=2;FiberGatheringCamp=2;HealerHut=6;Pasture=2;WoodHouse=12","Agriculture;AnimalHusbandry;ClayExtraction;ControlledFire;HerbalKnowledge;KnowledgeSharing;Quarry"
350,Animal,1.15,60,1.2,0,144,40,104,0.278,80,500,"","Clay=36006.74;PlantFiber=32603.06;WoodLog=15883.88","ClayPit=2;Farm=2;FiberGatheringCamp=2;HealerHut=6;Pasture=2;WoodHouse=12","Agriculture;AnimalHusbandry;ClayExtraction;ControlledFire;HerbalKnowledge;KnowledgeSharing;Quarry"
351,Animal,1.15,60,1.2,0,144,40,104,0.278,80,500,"","Clay=36115.46;PlantFiber=32711.78;WoodLog=15943.88","ClayPit=2;Farm=2;FiberGatheringCamp=2;HealerHut=6;Pasture=2;WoodHouse=12","Agriculture;AnimalHusbandry;ClayExtraction;ControlledFire;HerbalKnowledge;KnowledgeSharing;Quarry"
352,Animal,1.15,60,1.2,0,144,40,104,0.278,80,500,"","Clay=36224.18;PlantFiber=32820.5;WoodLog=16003.88","ClayPit=2;Farm=2;FiberGatheringCamp=2;HealerHut=6;Pasture=2;WoodHouse=12","Agriculture;AnimalHusbandry;ClayExtraction;ControlledFire;HerbalKnowledge;KnowledgeSharing;Quarry"
353,Animal,1.15,60,1.2,0,144,40,104,0.278,80,500,"","Clay=36332.9;PlantFiber=32929.22;WoodLog=16063.88","ClayPit=2;Farm=2;FiberGatheringCamp=2;HealerHut=6;Pasture=2;WoodHouse=12","Agriculture;AnimalHusbandry;ClayExtraction;ControlledFire;HerbalKnowledge;KnowledgeSharing;Quarry"
354,Animal,1.15,60,1.2,0,144,40,104,0.278,80,500,"","Clay=36441.62;PlantFiber=33037.94;WoodLog=16123.88","ClayPit=2;Farm=2;FiberGatheringCamp=2;HealerHut=6;Pasture=2;WoodHouse=12","Agriculture;AnimalHusbandry;ClayExtraction;ControlledFire;HerbalKnowledge;KnowledgeSharing;Quarry"
355,Animal,1.15,60,1.2,0,144,40,104,0.278,80,500,"","Clay=36550.34;PlantFiber=33146.66;WoodLog=16183.88","ClayPit=2;Farm=2;FiberGatheringCamp=2;HealerHut=6;Pasture=2;WoodHouse=12","Agriculture;AnimalHusbandry;ClayExtraction;ControlledFire;HerbalKnowledge;KnowledgeSharing;Quarry"
356,Animal,1.15,60,1.2,0,144,40,104,0.278,80,500,"","Clay=36659.06;PlantFiber=33255.38;WoodLog=16243.88","ClayPit=2;Farm=2;FiberGatheringCamp=2;HealerHut=6;Pasture=2;WoodHouse=12","Agriculture;AnimalHusbandry;ClayExtraction;ControlledFire;HerbalKnowledge;KnowledgeSharing;Quarry"
357,Animal,1.15,60,1.2,0,144,40,104,0.278,80,500,"","Clay=36767.78;PlantFiber=33364.1;WoodLog=16303.88","ClayPit=2;Farm=2;FiberGatheringCamp=2;HealerHut=6;Pasture=2;WoodHouse=12","Agriculture;AnimalHusbandry;ClayExtraction;ControlledFire;HerbalKnowledge;KnowledgeSharing;Quarry"
358,Animal,1.15,60,1.2,0,144,40,104,0.278,80,500,"","Clay=36876.5;PlantFiber=33472.82;WoodLog=16363.88","ClayPit=2;Farm=2;FiberGatheringCamp=2;HealerHut=6;Pasture=2;WoodHouse=12","Agriculture;AnimalHusbandry;ClayExtraction;ControlledFire;HerbalKnowledge;KnowledgeSharing;Quarry"
359,Animal,1.15,60,1.2,0,144,40,104,0.278,80,500,"","Clay=36985.22;PlantFiber=33581.54;WoodLog=16423.88","ClayPit=2;Farm=2;FiberGatheringCamp=2;HealerHut=6;Pasture=2;WoodHouse=12","Agriculture;AnimalHusbandry;ClayExtraction;ControlledFire;HerbalKnowledge;KnowledgeSharing;Quarry"
360,Animal,1.15,60,1.2,0,144,40,104,0.278,80,500,"","Clay=37093.94;PlantFiber=33690.26;WoodLog=16483.88","ClayPit=2;Farm=2;FiberGatheringCamp=2;HealerHut=6;Pasture=2;WoodHouse=12","Agriculture;AnimalHusbandry;ClayExtraction;ControlledFire;HerbalKnowledge;KnowledgeSharing;Quarry"
361,Animal,1.15,60,1.2,0,144,40,104,0.278,80,500,"","Clay=37202.66;PlantFiber=33798.98;WoodLog=16543.88","ClayPit=2;Farm=2;FiberGatheringCamp=2;HealerHut=6;Pasture=2;WoodHouse=12","Agriculture;AnimalHusbandry;ClayExtraction;ControlledFire;HerbalKnowledge;KnowledgeSharing;Quarry"
362,Animal,1.15,60,1.2,0,144,40,104,0.278,80,500,"","Clay=37311.38;PlantFiber=33907.7;WoodLog=16603.88","ClayPit=2;Farm=2;FiberGatheringCamp=2;HealerHut=6;Pasture=2;WoodHouse=12","Agriculture;AnimalHusbandry;ClayExtraction;ControlledFire;HerbalKnowledge;KnowledgeSharing;Quarry"
363,Animal,1.15,60,1.2,0,144,40,104,0.278,80,500,"","Clay=37420.1;PlantFiber=34016.42;WoodLog=16663.88","ClayPit=2;Farm=2;FiberGatheringCamp=2;HealerHut=6;Pasture=2;WoodHouse=12","Agriculture;AnimalHusbandry;ClayExtraction;ControlledFire;HerbalKnowledge;KnowledgeSharing;Quarry"
364,Animal,1.15,60,1.2,0,144,40,104,0.278,80,500,"","Clay=37528.82;PlantFiber=34125.14;WoodLog=16723.88","ClayPit=2;Farm=2;FiberGatheringCamp=2;HealerHut=6;Pasture=2;WoodHouse=12","Agriculture;AnimalHusbandry;ClayExtraction;ControlledFire;HerbalKnowledge;KnowledgeSharing;Quarry"
365,Animal,1.15,60,1.2,0,144,40,104,0.278,80,500,"","Clay=37637.54;PlantFiber=34233.86;WoodLog=16783.88","ClayPit=2;Farm=2;FiberGatheringCamp=2;HealerHut=6;Pasture=2;WoodHouse=12","Agriculture;AnimalHusbandry;ClayExtraction;ControlledFire;HerbalKnowledge;KnowledgeSharing;Quarry"
366,Animal,1.15,60,1.2,0,144,40,104,0.278,80,500,"","Clay=37746.26;PlantFiber=34342.58;WoodLog=16843.88","ClayPit=2;Farm=2;FiberGatheringCamp=2;HealerHut=6;Pasture=2;WoodHouse=12","Agriculture;AnimalHusbandry;ClayExtraction;ControlledFire;HerbalKnowledge;KnowledgeSharing;Quarry"
367,Animal,1.15,60,1.2,0,144,40,104,0.278,80,500,"","Clay=37854.98;PlantFiber=34451.3;WoodLog=16903.88","ClayPit=2;Farm=2;FiberGatheringCamp=2;HealerHut=6;Pasture=2;WoodHouse=12","Agriculture;AnimalHusbandry;ClayExtraction;ControlledFire;HerbalKnowledge;KnowledgeSharing;Quarry"
368,Animal,1.15,60,1.2,0,144,40,104,0.278,80,500,"","Clay=37963.7;PlantFiber=34560.02;WoodLog=16963.88","ClayPit=2;Farm=2;FiberGatheringCamp=2;HealerHut=6;Pasture=2;WoodHouse=12","Agriculture;AnimalHusbandry;ClayExtraction;ControlledFire;HerbalKnowledge;KnowledgeSharing;Quarry"
369,Animal,1.15,60,1.2,0,144,40,104,0.278,80,500,"","Clay=38072.42;PlantFiber=34668.74;WoodLog=17023.88","ClayPit=2;Farm=2;FiberGatheringCamp=2;HealerHut=6;Pasture=2;WoodHouse=12","Agriculture;AnimalHusbandry;ClayExtraction;ControlledFire;HerbalKnowledge;KnowledgeSharing;Quarry"
370,Animal,1.15,60,1.2,0,144,40,104,0.278,80,500,"","Clay=38181.14;PlantFiber=34777.46;WoodLog=17083.88","ClayPit=2;Farm=2;FiberGatheringCamp=2;HealerHut=6;Pasture=2;WoodHouse=12","Agriculture;AnimalHusbandry;ClayExtraction;ControlledFire;HerbalKnowledge;KnowledgeSharing;Quarry"
371,Animal,1.15,60,1.2,0,144,40,104,0.278,80,500,"","Clay=38289.86;PlantFiber=34886.18;WoodLog=17143.88","ClayPit=2;Farm=2;FiberGatheringCamp=2;HealerHut=6;Pasture=2;WoodHouse=12","Agriculture;AnimalHusbandry;ClayExtraction;ControlledFire;HerbalKnowledge;KnowledgeSharing;Quarry"
372,Animal,1.15,60,1.2,0,144,40,104,0.278,80,500,"","Clay=38398.58;PlantFiber=34994.9;WoodLog=17203.88","ClayPit=2;Farm=2;FiberGatheringCamp=2;HealerHut=6;Pasture=2;WoodHouse=12","Agriculture;AnimalHusbandry;ClayExtraction;ControlledFire;HerbalKnowledge;KnowledgeSharing;Quarry"
373,Animal,1.15,60,1.2,0,144,40,104,0.278,80,500,"","Clay=38507.3;PlantFiber=35103.62;WoodLog=17263.88","ClayPit=2;Farm=2;FiberGatheringCamp=2;HealerHut=6;Pasture=2;WoodHouse=12","Agriculture;AnimalHusbandry;ClayExtraction;ControlledFire;HerbalKnowledge;KnowledgeSharing;Quarry"
374,Animal,1.15,60,1.2,0,144,40,104,0.278,80,500,"","Clay=38616.02;PlantFiber=35212.34;WoodLog=17323.88","ClayPit=2;Farm=2;FiberGatheringCamp=2;HealerHut=6;Pasture=2;WoodHouse=12","Agriculture;AnimalHusbandry;ClayExtraction;ControlledFire;HerbalKnowledge;KnowledgeSharing;Quarry"
375,Animal,1.15,60,1.2,0,144,40,104,0.278,80,500,"","Clay=38724.74;PlantFiber=35321.06;WoodLog=17383.88","ClayPit=2;Farm=2;FiberGatheringCamp=2;HealerHut=6;Pasture=2;WoodHouse=12","Agriculture;AnimalHusbandry;ClayExtraction;ControlledFire;HerbalKnowledge;KnowledgeSharing;Quarry"
376,Animal,1.15,60,1.2,0,144,40,104,0.278,80,500,"","Clay=38833.46;PlantFiber=35429.78;WoodLog=17443.88","ClayPit=2;Farm=2;FiberGatheringCamp=2;HealerHut=6;Pasture=2;WoodHouse=12","Agriculture;AnimalHusbandry;ClayExtraction;ControlledFire;HerbalKnowledge;KnowledgeSharing;Quarry"
377,Animal,1.15,60,1.2,0,144,40,104,0.278,80,500,"","Clay=38942.18;PlantFiber=35538.5;WoodLog=17503.88","ClayPit=2;Farm=2;FiberGatheringCamp=2;HealerHut=6;Pasture=2;WoodHouse=12","Agriculture;AnimalHusbandry;ClayExtraction;ControlledFire;HerbalKnowledge;KnowledgeSharing;Quarry"
378,Animal,1.15,60,1.2,0,144,40,104,0.278,80,500,"","Clay=39050.9;PlantFiber=35647.22;WoodLog=17563.88","ClayPit=2;Farm=2;FiberGatheringCamp=2;HealerHut=6;Pasture=2;WoodHouse=12","Agriculture;AnimalHusbandry;ClayExtraction;ControlledFire;HerbalKnowledge;KnowledgeSharing;Quarry"
379,Animal,1.15,60,1.2,0,144,40,104,0.278,80,500,"","Clay=39159.62;PlantFiber=35755.94;WoodLog=17623.88","ClayPit=2;Farm=2;FiberGatheringCamp=2;HealerHut=6;Pasture=2;WoodHouse=12","Agriculture;AnimalHusbandry;ClayExtraction;ControlledFire;HerbalKnowledge;KnowledgeSharing;Quarry"
380,Animal,1.15,60,1.2,0,144,40,104,0.278,80,500,"","Clay=39268.34;PlantFiber=35864.66;WoodLog=17683.88","ClayPit=2;Farm=2;FiberGatheringCamp=2;HealerHut=6;Pasture=2;WoodHouse=12","Agriculture;AnimalHusbandry;ClayExtraction;ControlledFire;HerbalKnowledge;KnowledgeSharing;Quarry"
381,Animal,1.15,60,1.2,0,144,40,104,0.278,80,500,"","Clay=39377.06;PlantFiber=35973.38;WoodLog=17743.88","ClayPit=2;Farm=2;FiberGatheringCamp=2;HealerHut=6;Pasture=2;WoodHouse=12","Agriculture;AnimalHusbandry;ClayExtraction;ControlledFire;HerbalKnowledge;KnowledgeSharing;Quarry"
382,Animal,1.15,60,1.2,0,144,40,104,0.278,80,500,"","Clay=39485.78;PlantFiber=36082.1;WoodLog=17803.88","ClayPit=2;Farm=2;FiberGatheringCamp=2;HealerHut=6;Pasture=2;WoodHouse=12","Agriculture;AnimalHusbandry;ClayExtraction;ControlledFire;HerbalKnowledge;KnowledgeSharing;Quarry"
383,Animal,1.15,60,1.2,0,144,40,104,0.278,80,500,"","Clay=39594.5;PlantFiber=36190.82;WoodLog=17863.88","ClayPit=2;Farm=2;FiberGatheringCamp=2;HealerHut=6;Pasture=2;WoodHouse=12","Agriculture;AnimalHusbandry;ClayExtraction;ControlledFire;HerbalKnowledge;KnowledgeSharing;Quarry"
384,Animal,1.15,60,1.2,0,144,40,104,0.278,80,500,"","Clay=39703.22;PlantFiber=36299.54;WoodLog=17923.88","ClayPit=2;Farm=2;FiberGatheringCamp=2;HealerHut=6;Pasture=2;WoodHouse=12","Agriculture;AnimalHusbandry;ClayExtraction;ControlledFire;HerbalKnowledge;KnowledgeSharing;Quarry"
385,Animal,1.15,60,1.2,0,144,40,104,0.278,80,500,"","Clay=39811.94;PlantFiber=36408.26;WoodLog=17983.88","ClayPit=2;Farm=2;FiberGatheringCamp=2;HealerHut=6;Pasture=2;WoodHouse=12","Agriculture;AnimalHusbandry;ClayExtraction;ControlledFire;HerbalKnowledge;KnowledgeSharing;Quarry"
386,Animal,1.15,60,1.2,0,144,40,104,0.278,80,500,"","Clay=39920.66;PlantFiber=36516.98;WoodLog=18043.88","ClayPit=2;Farm=2;FiberGatheringCamp=2;HealerHut=6;Pasture=2;WoodHouse=12","Agriculture;AnimalHusbandry;ClayExtraction;ControlledFire;HerbalKnowledge;KnowledgeSharing;Quarry"
387,Animal,1.15,60,1.2,0,144,40,104,0.278,80,500,"","Clay=40029.38;PlantFiber=36625.7;WoodLog=18103.88","ClayPit=2;Farm=2;FiberGatheringCamp=2;HealerHut=6;Pasture=2;WoodHouse=12","Agriculture;AnimalHusbandry;ClayExtraction;ControlledFire;HerbalKnowledge;KnowledgeSharing;Quarry"
388,Animal,1.15,60,1.2,0,144,40,104,0.278,80,500,"","Clay=40138.1;PlantFiber=36734.42;WoodLog=18163.88","ClayPit=2;Farm=2;FiberGatheringCamp=2;HealerHut=6;Pasture=2;WoodHouse=12","Agriculture;AnimalHusbandry;ClayExtraction;ControlledFire;HerbalKnowledge;KnowledgeSharing;Quarry"
389,Animal,1.15,60,1.2,0,144,40,104,0.278,80,500,"","Clay=40246.82;PlantFiber=36843.14;WoodLog=18223.88","ClayPit=2;Farm=2;FiberGatheringCamp=2;HealerHut=6;Pasture=2;WoodHouse=12","Agriculture;AnimalHusbandry;ClayExtraction;ControlledFire;HerbalKnowledge;KnowledgeSharing;Quarry"
390,Animal,1.15,60,1.2,0,144,40,104,0.278,80,500,"","Clay=40355.54;PlantFiber=36951.86;WoodLog=18283.88","ClayPit=2;Farm=2;FiberGatheringCamp=2;HealerHut=6;Pasture=2;WoodHouse=12","Agriculture;AnimalHusbandry;ClayExtraction;ControlledFire;HerbalKnowledge;KnowledgeSharing;Quarry"
391,Animal,1.15,60,1.2,0,144,40,104,0.278,80,500,"","Clay=40464.26;PlantFiber=37060.58;WoodLog=18343.88","ClayPit=2;Farm=2;FiberGatheringCamp=2;HealerHut=6;Pasture=2;WoodHouse=12","Agriculture;AnimalHusbandry;ClayExtraction;ControlledFire;HerbalKnowledge;KnowledgeSharing;Quarry"
392,Animal,1.15,60,1.2,0,144,40,104,0.278,80,500,"","Clay=40572.98;PlantFiber=37169.3;WoodLog=18403.88","ClayPit=2;Farm=2;FiberGatheringCamp=2;HealerHut=6;Pasture=2;WoodHouse=12","Agriculture;AnimalHusbandry;ClayExtraction;ControlledFire;HerbalKnowledge;KnowledgeSharing;Quarry"
393,Animal,1.15,60,1.2,0,144,40,104,0.278,80,500,"","Clay=40681.7;PlantFiber=37278.02;WoodLog=18463.88","ClayPit=2;Farm=2;FiberGatheringCamp=2;HealerHut=6;Pasture=2;WoodHouse=12","Agriculture;AnimalHusbandry;ClayExtraction;ControlledFire;HerbalKnowledge;KnowledgeSharing;Quarry"
394,Animal,1.15,60,1.2,0,144,40,104,0.278,80,500,"","Clay=40790.42;PlantFiber=37386.74;WoodLog=18523.88","ClayPit=2;Farm=2;FiberGatheringCamp=2;HealerHut=6;Pasture=2;WoodHouse=12","Agriculture;AnimalHusbandry;ClayExtraction;ControlledFire;HerbalKnowledge;KnowledgeSharing;Quarry"
395,Animal,1.15,60,1.2,0,144,40,104,0.278,80,500,"","Clay=40899.14;PlantFiber=37495.46;WoodLog=18583.88","ClayPit=2;Farm=2;FiberGatheringCamp=2;HealerHut=6;Pasture=2;WoodHouse=12","Agriculture;AnimalHusbandry;ClayExtraction;ControlledFire;HerbalKnowledge;KnowledgeSharing;Quarry"
396,Animal,1.15,60,1.2,0,144,40,104,0.278,80,500,"","Clay=41007.86;PlantFiber=37604.18;WoodLog=18643.88","ClayPit=2;Farm=2;FiberGatheringCamp=2;HealerHut=6;Pasture=2;WoodHouse=12","Agriculture;AnimalHusbandry;ClayExtraction;ControlledFire;HerbalKnowledge;KnowledgeSharing;Quarry"
397,Animal,1.15,60,1.2,0,144,40,104,0.278,80,500,"","Clay=41116.58;PlantFiber=37712.9;WoodLog=18703.88","ClayPit=2;Farm=2;FiberGatheringCamp=2;HealerHut=6;Pasture=2;WoodHouse=12","Agriculture;AnimalHusbandry;ClayExtraction;ControlledFire;HerbalKnowledge;KnowledgeSharing;Quarry"
398,Animal,1.15,60,1.2,0,144,40,104,0.278,80,500,"","Clay=41225.3;PlantFiber=37821.62;WoodLog=18763.88","ClayPit=2;Farm=2;FiberGatheringCamp=2;HealerHut=6;Pasture=2;WoodHouse=12","Agriculture;AnimalHusbandry;ClayExtraction;ControlledFire;HerbalKnowledge;KnowledgeSharing;Quarry"
399,Animal,1.15,60,1.2,0,144,40,104,0.278,80,500,"","Clay=41334.02;PlantFiber=37930.34;WoodLog=18823.88","ClayPit=2;Farm=2;FiberGatheringCamp=2;HealerHut=6;Pasture=2;WoodHouse=12","Agriculture;AnimalHusbandry;ClayExtraction;ControlledFire;HerbalKnowledge;KnowledgeSharing;Quarry"
400,Animal,1.15,60,1.2,0,144,40,104,0.278,80,500,"","Clay=41442.74;PlantFiber=38039.06;WoodLog=18883.88","ClayPit=2;Farm=2;FiberGatheringCamp=2;HealerHut=6;Pasture=2;WoodHouse=12","Agriculture;AnimalHusbandry;ClayExtraction;ControlledFire;HerbalKnowledge;KnowledgeSharing;Quarry"
401,Animal,1.15,60,1.2,0,144,40,104,0.278,80,500,"","Clay=41551.46;PlantFiber=38147.78;WoodLog=18943.88","ClayPit=2;Farm=2;FiberGatheringCamp=2;HealerHut=6;Pasture=2;WoodHouse=12","Agriculture;AnimalHusbandry;ClayExtraction;ControlledFire;HerbalKnowledge;KnowledgeSharing;Quarry"
402,Animal,1.15,60,1.2,0,144,40,104,0.278,80,500,"","Clay=41660.18;PlantFiber=38256.5;WoodLog=19003.88","ClayPit=2;Farm=2;FiberGatheringCamp=2;HealerHut=6;Pasture=2;WoodHouse=12","Agriculture;AnimalHusbandry;ClayExtraction;ControlledFire;HerbalKnowledge;KnowledgeSharing;Quarry"
403,Animal,1.15,60,1.2,0,144,40,104,0.278,80,500,"","Clay=41768.9;PlantFiber=38365.22;WoodLog=19063.88","ClayPit=2;Farm=2;FiberGatheringCamp=2;HealerHut=6;Pasture=2;WoodHouse=12","Agriculture;AnimalHusbandry;ClayExtraction;ControlledFire;HerbalKnowledge;KnowledgeSharing;Quarry"
404,Animal,1.15,60,1.2,0,144,40,104,0.278,80,500,"","Clay=41877.62;PlantFiber=38473.94;WoodLog=19123.88","ClayPit=2;Farm=2;FiberGatheringCamp=2;HealerHut=6;Pasture=2;WoodHouse=12","Agriculture;AnimalHusbandry;ClayExtraction;ControlledFire;HerbalKnowledge;KnowledgeSharing;Quarry"
405,Animal,1.15,60,1.2,0,144,40,104,0.278,80,500,"","Clay=41986.34;PlantFiber=38582.66;WoodLog=19183.88","ClayPit=2;Farm=2;FiberGatheringCamp=2;HealerHut=6;Pasture=2;WoodHouse=12","Agriculture;AnimalHusbandry;ClayExtraction;ControlledFire;HerbalKnowledge;KnowledgeSharing;Quarry"
406,Animal,1.15,60,1.2,0,144,40,104,0.278,80,500,"","Clay=42095.06;PlantFiber=38691.38;WoodLog=19243.88","ClayPit=2;Farm=2;FiberGatheringCamp=2;HealerHut=6;Pasture=2;WoodHouse=12","Agriculture;AnimalHusbandry;ClayExtraction;ControlledFire;HerbalKnowledge;KnowledgeSharing;Quarry"
407,Animal,1.15,60,1.2,0,144,40,104,0.278,80,500,"","Clay=42203.78;PlantFiber=38800.1;WoodLog=19303.88","ClayPit=2;Farm=2;FiberGatheringCamp=2;HealerHut=6;Pasture=2;WoodHouse=12","Agriculture;AnimalHusbandry;ClayExtraction;ControlledFire;HerbalKnowledge;KnowledgeSharing;Quarry"
408,Animal,1.15,60,1.2,0,144,40,104,0.278,80,500,"","Clay=42312.5;PlantFiber=38908.82;WoodLog=19363.88","ClayPit=2;Farm=2;FiberGatheringCamp=2;HealerHut=6;Pasture=2;WoodHouse=12","Agriculture;AnimalHusbandry;ClayExtraction;ControlledFire;HerbalKnowledge;KnowledgeSharing;Quarry"
409,Animal,1.15,60,1.2,0,144,40,104,0.278,80,500,"","Clay=42421.22;PlantFiber=39017.54;WoodLog=19423.88","ClayPit=2;Farm=2;FiberGatheringCamp=2;HealerHut=6;Pasture=2;WoodHouse=12","Agriculture;AnimalHusbandry;ClayExtraction;ControlledFire;HerbalKnowledge;KnowledgeSharing;Quarry"
410,Animal,1.15,60,1.2,0,144,40,104,0.278,80,500,"","Clay=42529.94;PlantFiber=39126.26;WoodLog=19483.88","ClayPit=2;Farm=2;FiberGatheringCamp=2;HealerHut=6;Pasture=2;WoodHouse=12","Agriculture;AnimalHusbandry;ClayExtraction;ControlledFire;HerbalKnowledge;KnowledgeSharing;Quarry"
411,Animal,1.15,60,1.2,0,144,40,104,0.278,80,500,"","Clay=42638.66;PlantFiber=39234.98;WoodLog=19543.88","ClayPit=2;Farm=2;FiberGatheringCamp=2;HealerHut=6;Pasture=2;WoodHouse=12","Agriculture;AnimalHusbandry;ClayExtraction;ControlledFire;HerbalKnowledge;KnowledgeSharing;Quarry"
412,Animal,1.15,60,1.2,0,144,40,104,0.278,80,500,"","Clay=42747.38;PlantFiber=39343.7;WoodLog=19603.88","ClayPit=2;Farm=2;FiberGatheringCamp=2;HealerHut=6;Pasture=2;WoodHouse=12","Agriculture;AnimalHusbandry;ClayExtraction;ControlledFire;HerbalKnowledge;KnowledgeSharing;Quarry"
413,Animal,1.15,60,1.2,0,144,40,104,0.278,80,500,"","Clay=42856.1;PlantFiber=39452.42;WoodLog=19663.88","ClayPit=2;Farm=2;FiberGatheringCamp=2;HealerHut=6;Pasture=2;WoodHouse=12","Agriculture;AnimalHusbandry;ClayExtraction;ControlledFire;HerbalKnowledge;KnowledgeSharing;Quarry"
414,Animal,1.15,60,1.2,0,144,40,104,0.278,80,500,"","Clay=42964.82;PlantFiber=39561.14;WoodLog=19723.88","ClayPit=2;Farm=2;FiberGatheringCamp=2;HealerHut=6;Pasture=2;WoodHouse=12","Agriculture;AnimalHusbandry;ClayExtraction;ControlledFire;HerbalKnowledge;KnowledgeSharing;Quarry"
415,Animal,1.15,60,1.2,0,144,40,104,0.278,80,500,"","Clay=43073.54;PlantFiber=39669.86;WoodLog=19783.88","ClayPit=2;Farm=2;FiberGatheringCamp=2;HealerHut=6;Pasture=2;WoodHouse=12","Agriculture;AnimalHusbandry;ClayExtraction;ControlledFire;HerbalKnowledge;KnowledgeSharing;Quarry"
416,Animal,1.15,60,1.2,0,144,40,104,0.278,80,500,"","Clay=43182.26;PlantFiber=39778.58;WoodLog=19843.88","ClayPit=2;Farm=2;FiberGatheringCamp=2;HealerHut=6;Pasture=2;WoodHouse=12","Agriculture;AnimalHusbandry;ClayExtraction;ControlledFire;HerbalKnowledge;KnowledgeSharing;Quarry"
417,Animal,1.15,60,1.2,0,144,40,104,0.278,80,500,"","Clay=43290.98;PlantFiber=39887.3;WoodLog=19903.88","ClayPit=2;Farm=2;FiberGatheringCamp=2;HealerHut=6;Pasture=2;WoodHouse=12","Agriculture;AnimalHusbandry;ClayExtraction;ControlledFire;HerbalKnowledge;KnowledgeSharing;Quarry"
418,Animal,1.15,60,1.2,0,144,40,104,0.278,80,500,"","Clay=43399.7;PlantFiber=39996.02;WoodLog=19963.88","ClayPit=2;Farm=2;FiberGatheringCamp=2;HealerHut=6;Pasture=2;WoodHouse=12","Agriculture;AnimalHusbandry;ClayExtraction;ControlledFire;HerbalKnowledge;KnowledgeSharing;Quarry"
419,Animal,1.15,60,1.2,0,144,40,104,0.278,80,500,"","Clay=43508.42;PlantFiber=40104.74;WoodLog=20023.88","ClayPit=2;Farm=2;FiberGatheringCamp=2;HealerHut=6;Pasture=2;WoodHouse=12","Agriculture;AnimalHusbandry;ClayExtraction;ControlledFire;HerbalKnowledge;KnowledgeSharing;Quarry"
420,Animal,1.15,60,1.2,0,144,40,104,0.278,80,500,"","Clay=43617.14;PlantFiber=40213.46;WoodLog=20083.88","ClayPit=2;Farm=2;FiberGatheringCamp=2;HealerHut=6;Pasture=2;WoodHouse=12","Agriculture;AnimalHusbandry;ClayExtraction;ControlledFire;HerbalKnowledge;KnowledgeSharing;Quarry"
421,Animal,1.15,60,1.2,0,144,40,104,0.278,80,500,"","Clay=43725.86;PlantFiber=40322.18;WoodLog=20143.88","ClayPit=2;Farm=2;FiberGatheringCamp=2;HealerHut=6;Pasture=2;WoodHouse=12","Agriculture;AnimalHusbandry;ClayExtraction;ControlledFire;HerbalKnowledge;KnowledgeSharing;Quarry"
422,Animal,1.15,60,1.2,0,144,40,104,0.278,80,500,"","Clay=43834.58;PlantFiber=40430.9;WoodLog=20203.88","ClayPit=2;Farm=2;FiberGatheringCamp=2;HealerHut=6;Pasture=2;WoodHouse=12","Agriculture;AnimalHusbandry;ClayExtraction;ControlledFire;HerbalKnowledge;KnowledgeSharing;Quarry"
423,Animal,1.15,60,1.2,0,144,40,104,0.278,80,500,"","Clay=43943.3;PlantFiber=40539.62;WoodLog=20263.88","ClayPit=2;Farm=2;FiberGatheringCamp=2;HealerHut=6;Pasture=2;WoodHouse=12","Agriculture;AnimalHusbandry;ClayExtraction;ControlledFire;HerbalKnowledge;KnowledgeSharing;Quarry"
424,Animal,1.15,60,1.2,0,144,40,104,0.278,80,500,"","Clay=44052.02;PlantFiber=40648.34;WoodLog=20323.88","ClayPit=2;Farm=2;FiberGatheringCamp=2;HealerHut=6;Pasture=2;WoodHouse=12","Agriculture;AnimalHusbandry;ClayExtraction;ControlledFire;HerbalKnowledge;KnowledgeSharing;Quarry"
425,Animal,1.15,60,1.2,0,144,40,104,0.278,80,500,"","Clay=44160.74;PlantFiber=40757.06;WoodLog=20383.88","ClayPit=2;Farm=2;FiberGatheringCamp=2;HealerHut=6;Pasture=2;WoodHouse=12","Agriculture;AnimalHusbandry;ClayExtraction;ControlledFire;HerbalKnowledge;KnowledgeSharing;Quarry"
426,Animal,1.15,60,1.2,0,144,40,104,0.278,80,500,"","Clay=44269.46;PlantFiber=40865.78;WoodLog=20443.88","ClayPit=2;Farm=2;FiberGatheringCamp=2;HealerHut=6;Pasture=2;WoodHouse=12","Agriculture;AnimalHusbandry;ClayExtraction;ControlledFire;HerbalKnowledge;KnowledgeSharing;Quarry"
427,Animal,1.15,60,1.2,0,144,40,104,0.278,80,500,"","Clay=44378.18;PlantFiber=40974.5;WoodLog=20503.88","ClayPit=2;Farm=2;FiberGatheringCamp=2;HealerHut=6;Pasture=2;WoodHouse=12","Agriculture;AnimalHusbandry;ClayExtraction;ControlledFire;HerbalKnowledge;KnowledgeSharing;Quarry"
428,Animal,1.15,60,1.2,0,144,40,104,0.278,80,500,"","Clay=44486.9;PlantFiber=41083.22;WoodLog=20563.88","ClayPit=2;Farm=2;FiberGatheringCamp=2;HealerHut=6;Pasture=2;WoodHouse=12","Agriculture;AnimalHusbandry;ClayExtraction;ControlledFire;HerbalKnowledge;KnowledgeSharing;Quarry"
429,Animal,1.15,60,1.2,0,144,40,104,0.278,80,500,"","Clay=44595.62;PlantFiber=41191.94;WoodLog=20623.88","ClayPit=2;Farm=2;FiberGatheringCamp=2;HealerHut=6;Pasture=2;WoodHouse=12","Agriculture;AnimalHusbandry;ClayExtraction;ControlledFire;HerbalKnowledge;KnowledgeSharing;Quarry"
430,Animal,1.15,60,1.2,0,144,40,104,0.278,80,500,"","Clay=44704.34;PlantFiber=41300.66;WoodLog=20683.88","ClayPit=2;Farm=2;FiberGatheringCamp=2;HealerHut=6;Pasture=2;WoodHouse=12","Agriculture;AnimalHusbandry;ClayExtraction;ControlledFire;HerbalKnowledge;KnowledgeSharing;Quarry"
431,Animal,1.15,60,1.2,0,144,40,104,0.278,80,500,"","Clay=44813.06;PlantFiber=41409.38;WoodLog=20743.88","ClayPit=2;Farm=2;FiberGatheringCamp=2;HealerHut=6;Pasture=2;WoodHouse=12","Agriculture;AnimalHusbandry;ClayExtraction;ControlledFire;HerbalKnowledge;KnowledgeSharing;Quarry"
432,Animal,1.15,60,1.2,0,144,40,104,0.278,80,500,"","Clay=44921.78;PlantFiber=41518.1;WoodLog=20803.88","ClayPit=2;Farm=2;FiberGatheringCamp=2;HealerHut=6;Pasture=2;WoodHouse=12","Agriculture;AnimalHusbandry;ClayExtraction;ControlledFire;HerbalKnowledge;KnowledgeSharing;Quarry"
433,Animal,1.15,60,1.2,0,144,40,104,0.278,80,500,"","Clay=45030.5;PlantFiber=41626.82;WoodLog=20863.88","ClayPit=2;Farm=2;FiberGatheringCamp=2;HealerHut=6;Pasture=2;WoodHouse=12","Agriculture;AnimalHusbandry;ClayExtraction;ControlledFire;HerbalKnowledge;KnowledgeSharing;Quarry"
434,Animal,1.15,60,1.2,0,144,40,104,0.278,80,500,"","Clay=45139.22;PlantFiber=41735.54;WoodLog=20923.88","ClayPit=2;Farm=2;FiberGatheringCamp=2;HealerHut=6;Pasture=2;WoodHouse=12","Agriculture;AnimalHusbandry;ClayExtraction;ControlledFire;HerbalKnowledge;KnowledgeSharing;Quarry"
435,Animal,1.15,60,1.2,0,144,40,104,0.278,80,500,"","Clay=45247.94;PlantFiber=41844.26;WoodLog=20983.88","ClayPit=2;Farm=2;FiberGatheringCamp=2;HealerHut=6;Pasture=2;WoodHouse=12","Agriculture;AnimalHusbandry;ClayExtraction;ControlledFire;HerbalKnowledge;KnowledgeSharing;Quarry"
436,Animal,1.15,60,1.2,0,144,40,104,0.278,80,500,"","Clay=45356.66;PlantFiber=41952.98;WoodLog=21043.88","ClayPit=2;Farm=2;FiberGatheringCamp=2;HealerHut=6;Pasture=2;WoodHouse=12","Agriculture;AnimalHusbandry;ClayExtraction;ControlledFire;HerbalKnowledge;KnowledgeSharing;Quarry"
437,Animal,1.15,60,1.2,0,144,40,104,0.278,80,500,"","Clay=45465.38;PlantFiber=42061.7;WoodLog=21103.88","ClayPit=2;Farm=2;FiberGatheringCamp=2;HealerHut=6;Pasture=2;WoodHouse=12","Agriculture;AnimalHusbandry;ClayExtraction;ControlledFire;HerbalKnowledge;KnowledgeSharing;Quarry"
438,Animal,1.15,60,1.2,0,144,40,104,0.278,80,500,"","Clay=45574.1;PlantFiber=42170.42;WoodLog=21163.88","ClayPit=2;Farm=2;FiberGatheringCamp=2;HealerHut=6;Pasture=2;WoodHouse=12","Agriculture;AnimalHusbandry;ClayExtraction;ControlledFire;HerbalKnowledge;KnowledgeSharing;Quarry"
439,Animal,1.15,60,1.2,0,144,40,104,0.278,80,500,"","Clay=45682.82;PlantFiber=42279.14;WoodLog=21223.88","ClayPit=2;Farm=2;FiberGatheringCamp=2;HealerHut=6;Pasture=2;WoodHouse=12","Agriculture;AnimalHusbandry;ClayExtraction;ControlledFire;HerbalKnowledge;KnowledgeSharing;Quarry"
440,Animal,1.15,60,1.2,0,144,40,104,0.278,80,500,"","Clay=45791.54;PlantFiber=42387.86;WoodLog=21283.88","ClayPit=2;Farm=2;FiberGatheringCamp=2;HealerHut=6;Pasture=2;WoodHouse=12","Agriculture;AnimalHusbandry;ClayExtraction;ControlledFire;HerbalKnowledge;KnowledgeSharing;Quarry"
441,Animal,1.15,60,1.2,0,144,40,104,0.278,80,500,"","Clay=45900.26;PlantFiber=42496.58;WoodLog=21343.88","ClayPit=2;Farm=2;FiberGatheringCamp=2;HealerHut=6;Pasture=2;WoodHouse=12","Agriculture;AnimalHusbandry;ClayExtraction;ControlledFire;HerbalKnowledge;KnowledgeSharing;Quarry"
442,Animal,1.15,60,1.2,0,144,40,104,0.278,80,500,"","Clay=46008.98;PlantFiber=42605.3;WoodLog=21403.88","ClayPit=2;Farm=2;FiberGatheringCamp=2;HealerHut=6;Pasture=2;WoodHouse=12","Agriculture;AnimalHusbandry;ClayExtraction;ControlledFire;HerbalKnowledge;KnowledgeSharing;Quarry"
443,Animal,1.15,60,1.2,0,144,40,104,0.278,80,500,"","Clay=46117.7;PlantFiber=42714.02;WoodLog=21463.88","ClayPit=2;Farm=2;FiberGatheringCamp=2;HealerHut=6;Pasture=2;WoodHouse=12","Agriculture;AnimalHusbandry;ClayExtraction;ControlledFire;HerbalKnowledge;KnowledgeSharing;Quarry"
444,Animal,1.15,60,1.2,0,144,40,104,0.278,80,500,"","Clay=46226.42;PlantFiber=42822.74;WoodLog=21523.88","ClayPit=2;Farm=2;FiberGatheringCamp=2;HealerHut=6;Pasture=2;WoodHouse=12","Agriculture;AnimalHusbandry;ClayExtraction;ControlledFire;HerbalKnowledge;KnowledgeSharing;Quarry"
445,Animal,1.15,60,1.2,0,144,40,104,0.278,80,500,"","Clay=46335.14;PlantFiber=42931.46;WoodLog=21583.88","ClayPit=2;Farm=2;FiberGatheringCamp=2;HealerHut=6;Pasture=2;WoodHouse=12","Agriculture;AnimalHusbandry;ClayExtraction;ControlledFire;HerbalKnowledge;KnowledgeSharing;Quarry"
446,Animal,1.15,60,1.2,0,144,40,104,0.278,80,500,"","Clay=46443.86;PlantFiber=43040.18;WoodLog=21643.88","ClayPit=2;Farm=2;FiberGatheringCamp=2;HealerHut=6;Pasture=2;WoodHouse=12","Agriculture;AnimalHusbandry;ClayExtraction;ControlledFire;HerbalKnowledge;KnowledgeSharing;Quarry"
447,Animal,1.15,60,1.2,0,144,40,104,0.278,80,500,"","Clay=46552.58;PlantFiber=43148.9;WoodLog=21703.88","ClayPit=2;Farm=2;FiberGatheringCamp=2;HealerHut=6;Pasture=2;WoodHouse=12","Agriculture;AnimalHusbandry;ClayExtraction;ControlledFire;HerbalKnowledge;KnowledgeSharing;Quarry"
448,Animal,1.15,60,1.2,0,144,40,104,0.278,80,500,"","Clay=46661.3;PlantFiber=43257.62;WoodLog=21763.88","ClayPit=2;Farm=2;FiberGatheringCamp=2;HealerHut=6;Pasture=2;WoodHouse=12","Agriculture;AnimalHusbandry;ClayExtraction;ControlledFire;HerbalKnowledge;KnowledgeSharing;Quarry"
449,Animal,1.15,60,1.2,0,144,40,104,0.278,80,500,"","Clay=46770.02;PlantFiber=43366.34;WoodLog=21823.88","ClayPit=2;Farm=2;FiberGatheringCamp=2;HealerHut=6;Pasture=2;WoodHouse=12","Agriculture;AnimalHusbandry;ClayExtraction;ControlledFire;HerbalKnowledge;KnowledgeSharing;Quarry"
450,Animal,1.15,60,1.2,0,144,40,104,0.278,80,500,"","Clay=46878.74;PlantFiber=43475.06;WoodLog=21883.88","ClayPit=2;Farm=2;FiberGatheringCamp=2;HealerHut=6;Pasture=2;WoodHouse=12","Agriculture;AnimalHusbandry;ClayExtraction;ControlledFire;HerbalKnowledge;KnowledgeSharing;Quarry"
451,Animal,1.15,60,1.2,0,144,40,104,0.278,80,500,"","Clay=46987.46;PlantFiber=43583.78;WoodLog=21943.88","ClayPit=2;Farm=2;FiberGatheringCamp=2;HealerHut=6;Pasture=2;WoodHouse=12","Agriculture;AnimalHusbandry;ClayExtraction;ControlledFire;HerbalKnowledge;KnowledgeSharing;Quarry"
452,Animal,1.15,60,1.2,0,144,40,104,0.278,80,500,"","Clay=47096.18;PlantFiber=43692.5;WoodLog=22003.88","ClayPit=2;Farm=2;FiberGatheringCamp=2;HealerHut=6;Pasture=2;WoodHouse=12","Agriculture;AnimalHusbandry;ClayExtraction;ControlledFire;HerbalKnowledge;KnowledgeSharing;Quarry"
453,Animal,1.15,60,1.2,0,144,40,104,0.278,80,500,"","Clay=47204.9;PlantFiber=43801.22;WoodLog=22063.88","ClayPit=2;Farm=2;FiberGatheringCamp=2;HealerHut=6;Pasture=2;WoodHouse=12","Agriculture;AnimalHusbandry;ClayExtraction;ControlledFire;HerbalKnowledge;KnowledgeSharing;Quarry"
454,Animal,1.15,60,1.2,0,144,40,104,0.278,80,500,"","Clay=47313.62;PlantFiber=43909.94;WoodLog=22123.88","ClayPit=2;Farm=2;FiberGatheringCamp=2;HealerHut=6;Pasture=2;WoodHouse=12","Agriculture;AnimalHusbandry;ClayExtraction;ControlledFire;HerbalKnowledge;KnowledgeSharing;Quarry"
455,Animal,1.15,60,1.2,0,144,40,104,0.278,80,500,"","Clay=47422.34;PlantFiber=44018.66;WoodLog=22183.88","ClayPit=2;Farm=2;FiberGatheringCamp=2;HealerHut=6;Pasture=2;WoodHouse=12","Agriculture;AnimalHusbandry;ClayExtraction;ControlledFire;HerbalKnowledge;KnowledgeSharing;Quarry"
456,Animal,1.15,60,1.2,0,144,40,104,0.278,80,500,"","Clay=47531.06;PlantFiber=44127.38;WoodLog=22243.88","ClayPit=2;Farm=2;FiberGatheringCamp=2;HealerHut=6;Pasture=2;WoodHouse=12","Agriculture;AnimalHusbandry;ClayExtraction;ControlledFire;HerbalKnowledge;KnowledgeSharing;Quarry"
457,Animal,1.15,60,1.2,0,144,40,104,0.278,80,500,"","Clay=47639.78;PlantFiber=44236.1;WoodLog=22303.88","ClayPit=2;Farm=2;FiberGatheringCamp=2;HealerHut=6;Pasture=2;WoodHouse=12","Agriculture;AnimalHusbandry;ClayExtraction;ControlledFire;HerbalKnowledge;KnowledgeSharing;Quarry"
458,Animal,1.15,60,1.2,0,144,40,104,0.278,80,500,"","Clay=47748.5;PlantFiber=44344.82;WoodLog=22363.88","ClayPit=2;Farm=2;FiberGatheringCamp=2;HealerHut=6;Pasture=2;WoodHouse=12","Agriculture;AnimalHusbandry;ClayExtraction;ControlledFire;HerbalKnowledge;KnowledgeSharing;Quarry"
459,Animal,1.15,60,1.2,0,144,40,104,0.278,80,500,"","Clay=47857.22;PlantFiber=44453.54;WoodLog=22423.88","ClayPit=2;Farm=2;FiberGatheringCamp=2;HealerHut=6;Pasture=2;WoodHouse=12","Agriculture;AnimalHusbandry;ClayExtraction;ControlledFire;HerbalKnowledge;KnowledgeSharing;Quarry"
460,Animal,1.15,60,1.2,0,144,40,104,0.278,80,500,"","Clay=47965.94;PlantFiber=44562.26;WoodLog=22483.88","ClayPit=2;Farm=2;FiberGatheringCamp=2;HealerHut=6;Pasture=2;WoodHouse=12","Agriculture;AnimalHusbandry;ClayExtraction;ControlledFire;HerbalKnowledge;KnowledgeSharing;Quarry"
461,Animal,1.15,60,1.2,0,144,40,104,0.278,80,500,"","Clay=48074.66;PlantFiber=44670.98;WoodLog=22543.88","ClayPit=2;Farm=2;FiberGatheringCamp=2;HealerHut=6;Pasture=2;WoodHouse=12","Agriculture;AnimalHusbandry;ClayExtraction;ControlledFire;HerbalKnowledge;KnowledgeSharing;Quarry"
462,Animal,1.15,60,1.2,0,144,40,104,0.278,80,500,"","Clay=48183.38;PlantFiber=44779.7;WoodLog=22603.88","ClayPit=2;Farm=2;FiberGatheringCamp=2;HealerHut=6;Pasture=2;WoodHouse=12","Agriculture;AnimalHusbandry;ClayExtraction;ControlledFire;HerbalKnowledge;KnowledgeSharing;Quarry"
463,Animal,1.15,60,1.2,0,144,40,104,0.278,80,500,"","Clay=48292.1;PlantFiber=44888.42;WoodLog=22663.88","ClayPit=2;Farm=2;FiberGatheringCamp=2;HealerHut=6;Pasture=2;WoodHouse=12","Agriculture;AnimalHusbandry;ClayExtraction;ControlledFire;HerbalKnowledge;KnowledgeSharing;Quarry"
464,Animal,1.15,60,1.2,0,144,40,104,0.278,80,500,"","Clay=48400.82;PlantFiber=44997.14;WoodLog=22723.88","ClayPit=2;Farm=2;FiberGatheringCamp=2;HealerHut=6;Pasture=2;WoodHouse=12","Agriculture;AnimalHusbandry;ClayExtraction;ControlledFire;HerbalKnowledge;KnowledgeSharing;Quarry"
465,Animal,1.15,60,1.2,0,144,40,104,0.278,80,500,"","Clay=48509.54;PlantFiber=45105.86;WoodLog=22783.88","ClayPit=2;Farm=2;FiberGatheringCamp=2;HealerHut=6;Pasture=2;WoodHouse=12","Agriculture;AnimalHusbandry;ClayExtraction;ControlledFire;HerbalKnowledge;KnowledgeSharing;Quarry"
466,Animal,1.15,60,1.2,0,144,40,104,0.278,80,500,"","Clay=48618.26;PlantFiber=45214.58;WoodLog=22843.88","ClayPit=2;Farm=2;FiberGatheringCamp=2;HealerHut=6;Pasture=2;WoodHouse=12","Agriculture;AnimalHusbandry;ClayExtraction;ControlledFire;HerbalKnowledge;KnowledgeSharing;Quarry"
467,Animal,1.15,60,1.2,0,144,40,104,0.278,80,500,"","Clay=48726.98;PlantFiber=45323.3;WoodLog=22903.88","ClayPit=2;Farm=2;FiberGatheringCamp=2;HealerHut=6;Pasture=2;WoodHouse=12","Agriculture;AnimalHusbandry;ClayExtraction;ControlledFire;HerbalKnowledge;KnowledgeSharing;Quarry"
468,Animal,1.15,60,1.2,0,144,40,104,0.278,80,500,"","Clay=48835.7;PlantFiber=45432.02;WoodLog=22963.88","ClayPit=2;Farm=2;FiberGatheringCamp=2;HealerHut=6;Pasture=2;WoodHouse=12","Agriculture;AnimalHusbandry;ClayExtraction;ControlledFire;HerbalKnowledge;KnowledgeSharing;Quarry"
469,Animal,1.15,60,1.2,0,144,40,104,0.278,80,500,"","Clay=48944.42;PlantFiber=45540.74;WoodLog=23023.88","ClayPit=2;Farm=2;FiberGatheringCamp=2;HealerHut=6;Pasture=2;WoodHouse=12","Agriculture;AnimalHusbandry;ClayExtraction;ControlledFire;HerbalKnowledge;KnowledgeSharing;Quarry"
470,Animal,1.15,60,1.2,0,144,40,104,0.278,80,500,"","Clay=49053.14;PlantFiber=45649.46;WoodLog=23083.88","ClayPit=2;Farm=2;FiberGatheringCamp=2;HealerHut=6;Pasture=2;WoodHouse=12","Agriculture;AnimalHusbandry;ClayExtraction;ControlledFire;HerbalKnowledge;KnowledgeSharing;Quarry"
471,Animal,1.15,60,1.2,0,144,40,104,0.278,80,500,"","Clay=49161.86;PlantFiber=45758.18;WoodLog=23143.88","ClayPit=2;Farm=2;FiberGatheringCamp=2;HealerHut=6;Pasture=2;WoodHouse=12","Agriculture;AnimalHusbandry;ClayExtraction;ControlledFire;HerbalKnowledge;KnowledgeSharing;Quarry"
472,Animal,1.15,60,1.2,0,144,40,104,0.278,80,500,"","Clay=49270.58;PlantFiber=45866.9;WoodLog=23203.88","ClayPit=2;Farm=2;FiberGatheringCamp=2;HealerHut=6;Pasture=2;WoodHouse=12","Agriculture;AnimalHusbandry;ClayExtraction;ControlledFire;HerbalKnowledge;KnowledgeSharing;Quarry"
473,Animal,1.15,60,1.2,0,144,40,104,0.278,80,500,"","Clay=49379.3;PlantFiber=45975.62;WoodLog=23263.88","ClayPit=2;Farm=2;FiberGatheringCamp=2;HealerHut=6;Pasture=2;WoodHouse=12","Agriculture;AnimalHusbandry;ClayExtraction;ControlledFire;HerbalKnowledge;KnowledgeSharing;Quarry"
474,Animal,1.15,60,1.2,0,144,40,104,0.278,80,500,"","Clay=49488.02;PlantFiber=46084.34;WoodLog=23323.88","ClayPit=2;Farm=2;FiberGatheringCamp=2;HealerHut=6;Pasture=2;WoodHouse=12","Agriculture;AnimalHusbandry;ClayExtraction;ControlledFire;HerbalKnowledge;KnowledgeSharing;Quarry"
475,Animal,1.15,60,1.2,0,144,40,104,0.278,80,500,"","Clay=49596.74;PlantFiber=46193.06;WoodLog=23383.88","ClayPit=2;Farm=2;FiberGatheringCamp=2;HealerHut=6;Pasture=2;WoodHouse=12","Agriculture;AnimalHusbandry;ClayExtraction;ControlledFire;HerbalKnowledge;KnowledgeSharing;Quarry"
476,Animal,1.15,60,1.2,0,144,40,104,0.278,80,500,"","Clay=49705.46;PlantFiber=46301.78;WoodLog=23443.88","ClayPit=2;Farm=2;FiberGatheringCamp=2;HealerHut=6;Pasture=2;WoodHouse=12","Agriculture;AnimalHusbandry;ClayExtraction;ControlledFire;HerbalKnowledge;KnowledgeSharing;Quarry"
477,Animal,1.15,60,1.2,0,144,40,104,0.278,80,500,"","Clay=49814.18;PlantFiber=46410.5;WoodLog=23503.88","ClayPit=2;Farm=2;FiberGatheringCamp=2;HealerHut=6;Pasture=2;WoodHouse=12","Agriculture;AnimalHusbandry;ClayExtraction;ControlledFire;HerbalKnowledge;KnowledgeSharing;Quarry"
478,Animal,1.15,60,1.2,0,144,40,104,0.278,80,500,"","Clay=49922.9;PlantFiber=46519.22;WoodLog=23563.88","ClayPit=2;Farm=2;FiberGatheringCamp=2;HealerHut=6;Pasture=2;WoodHouse=12","Agriculture;AnimalHusbandry;ClayExtraction;ControlledFire;HerbalKnowledge;KnowledgeSharing;Quarry"
479,Animal,1.15,60,1.2,0,144,40,104,0.278,80,500,"","Clay=50031.62;PlantFiber=46627.94;WoodLog=23623.88","ClayPit=2;Farm=2;FiberGatheringCamp=2;HealerHut=6;Pasture=2;WoodHouse=12","Agriculture;AnimalHusbandry;ClayExtraction;ControlledFire;HerbalKnowledge;KnowledgeSharing;Quarry"
480,Animal,1.15,60,1.2,0,144,40,104,0.278,80,500,"","Clay=50140.34;PlantFiber=46736.66;WoodLog=23683.88","ClayPit=2;Farm=2;FiberGatheringCamp=2;HealerHut=6;Pasture=2;WoodHouse=12","Agriculture;AnimalHusbandry;ClayExtraction;ControlledFire;HerbalKnowledge;KnowledgeSharing;Quarry"
481,Animal,1.15,60,1.2,0,144,40,104,0.278,80,500,"","Clay=50249.06;PlantFiber=46845.38;WoodLog=23743.88","ClayPit=2;Farm=2;FiberGatheringCamp=2;HealerHut=6;Pasture=2;WoodHouse=12","Agriculture;AnimalHusbandry;ClayExtraction;ControlledFire;HerbalKnowledge;KnowledgeSharing;Quarry"
482,Animal,1.15,60,1.2,0,144,40,104,0.278,80,500,"","Clay=50357.78;PlantFiber=46954.1;WoodLog=23803.88","ClayPit=2;Farm=2;FiberGatheringCamp=2;HealerHut=6;Pasture=2;WoodHouse=12","Agriculture;AnimalHusbandry;ClayExtraction;ControlledFire;HerbalKnowledge;KnowledgeSharing;Quarry"
483,Animal,1.15,60,1.2,0,144,40,104,0.278,80,500,"","Clay=50466.5;PlantFiber=47062.82;WoodLog=23863.88","ClayPit=2;Farm=2;FiberGatheringCamp=2;HealerHut=6;Pasture=2;WoodHouse=12","Agriculture;AnimalHusbandry;ClayExtraction;ControlledFire;HerbalKnowledge;KnowledgeSharing;Quarry"
484,Animal,1.15,60,1.2,0,144,40,104,0.278,80,500,"","Clay=50575.22;PlantFiber=47171.54;WoodLog=23923.88","ClayPit=2;Farm=2;FiberGatheringCamp=2;HealerHut=6;Pasture=2;WoodHouse=12","Agriculture;AnimalHusbandry;ClayExtraction;ControlledFire;HerbalKnowledge;KnowledgeSharing;Quarry"
485,Animal,1.15,60,1.2,0,144,40,104,0.278,80,500,"","Clay=50683.94;PlantFiber=47280.26;WoodLog=23983.88","ClayPit=2;Farm=2;FiberGatheringCamp=2;HealerHut=6;Pasture=2;WoodHouse=12","Agriculture;AnimalHusbandry;ClayExtraction;ControlledFire;HerbalKnowledge;KnowledgeSharing;Quarry"
486,Animal,1.15,60,1.2,0,144,40,104,0.278,80,500,"","Clay=50792.66;PlantFiber=47388.98;WoodLog=24043.88","ClayPit=2;Farm=2;FiberGatheringCamp=2;HealerHut=6;Pasture=2;WoodHouse=12","Agriculture;AnimalHusbandry;ClayExtraction;ControlledFire;HerbalKnowledge;KnowledgeSharing;Quarry"
487,Animal,1.15,60,1.2,0,144,40,104,0.278,80,500,"","Clay=50901.38;PlantFiber=47497.7;WoodLog=24103.88","ClayPit=2;Farm=2;FiberGatheringCamp=2;HealerHut=6;Pasture=2;WoodHouse=12","Agriculture;AnimalHusbandry;ClayExtraction;ControlledFire;HerbalKnowledge;KnowledgeSharing;Quarry"
488,Animal,1.15,60,1.2,0,144,40,104,0.278,80,500,"","Clay=51010.1;PlantFiber=47606.42;WoodLog=24163.88","ClayPit=2;Farm=2;FiberGatheringCamp=2;HealerHut=6;Pasture=2;WoodHouse=12","Agriculture;AnimalHusbandry;ClayExtraction;ControlledFire;HerbalKnowledge;KnowledgeSharing;Quarry"
489,Animal,1.15,60,1.2,0,144,40,104,0.278,80,500,"","Clay=51118.82;PlantFiber=47715.14;WoodLog=24223.88","ClayPit=2;Farm=2;FiberGatheringCamp=2;HealerHut=6;Pasture=2;WoodHouse=12","Agriculture;AnimalHusbandry;ClayExtraction;ControlledFire;HerbalKnowledge;KnowledgeSharing;Quarry"
490,Animal,1.15,60,1.2,0,144,40,104,0.278,80,500,"","Clay=51227.54;PlantFiber=47823.86;WoodLog=24283.88","ClayPit=2;Farm=2;FiberGatheringCamp=2;HealerHut=6;Pasture=2;WoodHouse=12","Agriculture;AnimalHusbandry;ClayExtraction;ControlledFire;HerbalKnowledge;KnowledgeSharing;Quarry"
491,Animal,1.15,60,1.2,0,144,40,104,0.278,80,500,"","Clay=51336.26;PlantFiber=47932.58;WoodLog=24343.88","ClayPit=2;Farm=2;FiberGatheringCamp=2;HealerHut=6;Pasture=2;WoodHouse=12","Agriculture;AnimalHusbandry;ClayExtraction;ControlledFire;HerbalKnowledge;KnowledgeSharing;Quarry"
492,Animal,1.15,60,1.2,0,144,40,104,0.278,80,500,"","Clay=51444.98;PlantFiber=48041.3;WoodLog=24403.88","ClayPit=2;Farm=2;FiberGatheringCamp=2;HealerHut=6;Pasture=2;WoodHouse=12","Agriculture;AnimalHusbandry;ClayExtraction;ControlledFire;HerbalKnowledge;KnowledgeSharing;Quarry"
493,Animal,1.15,60,1.2,0,144,40,104,0.278,80,500,"","Clay=51553.7;PlantFiber=48150.02;WoodLog=24463.88","ClayPit=2;Farm=2;FiberGatheringCamp=2;HealerHut=6;Pasture=2;WoodHouse=12","Agriculture;AnimalHusbandry;ClayExtraction;ControlledFire;HerbalKnowledge;KnowledgeSharing;Quarry"
494,Animal,1.15,60,1.2,0,144,40,104,0.278,80,500,"","Clay=51662.42;PlantFiber=48258.74;WoodLog=24523.88","ClayPit=2;Farm=2;FiberGatheringCamp=2;HealerHut=6;Pasture=2;WoodHouse=12","Agriculture;AnimalHusbandry;ClayExtraction;ControlledFire;HerbalKnowledge;KnowledgeSharing;Quarry"
495,Animal,1.15,60,1.2,0,144,40,104,0.278,80,500,"","Clay=51771.14;PlantFiber=48367.46;WoodLog=24583.88","ClayPit=2;Farm=2;FiberGatheringCamp=2;HealerHut=6;Pasture=2;WoodHouse=12","Agriculture;AnimalHusbandry;ClayExtraction;ControlledFire;HerbalKnowledge;KnowledgeSharing;Quarry"
496,Animal,1.15,60,1.2,0,144,40,104,0.278,80,500,"","Clay=51879.86;PlantFiber=48476.18;WoodLog=24643.88","ClayPit=2;Farm=2;FiberGatheringCamp=2;HealerHut=6;Pasture=2;WoodHouse=12","Agriculture;AnimalHusbandry;ClayExtraction;ControlledFire;HerbalKnowledge;KnowledgeSharing;Quarry"
497,Animal,1.15,60,1.2,0,144,40,104,0.278,80,500,"","Clay=51988.58;PlantFiber=48584.9;WoodLog=24703.88","ClayPit=2;Farm=2;FiberGatheringCamp=2;HealerHut=6;Pasture=2;WoodHouse=12","Agriculture;AnimalHusbandry;ClayExtraction;ControlledFire;HerbalKnowledge;KnowledgeSharing;Quarry"
498,Animal,1.15,60,1.2,0,144,40,104,0.278,80,500,"","Clay=52097.3;PlantFiber=48693.62;WoodLog=24763.88","ClayPit=2;Farm=2;FiberGatheringCamp=2;HealerHut=6;Pasture=2;WoodHouse=12","Agriculture;AnimalHusbandry;ClayExtraction;ControlledFire;HerbalKnowledge;KnowledgeSharing;Quarry"
499,Animal,1.15,60,1.2,0,144,40,104,0.278,80,500,"","Clay=52206.02;PlantFiber=48802.34;WoodLog=24823.88","ClayPit=2;Farm=2;FiberGatheringCamp=2;HealerHut=6;Pasture=2;WoodHouse=12","Agriculture;AnimalHusbandry;ClayExtraction;ControlledFire;HerbalKnowledge;KnowledgeSharing;Quarry"
500,Animal,1.15,60,1.2,0,144,40,104,0.278,80,500,"","Clay=52314.74;PlantFiber=48911.06;WoodLog=24883.88","ClayPit=2;Farm=2;FiberGatheringCamp=2;HealerHut=6;Pasture=2;WoodHouse=12","Agriculture;AnimalHusbandry;ClayExtraction;ControlledFire;HerbalKnowledge;KnowledgeSharing;Quarry"
501,Animal,1.15,60,1.2,0,144,40,104,0.278,80,500,"","Clay=52423.46;PlantFiber=49019.78;WoodLog=24943.88","ClayPit=2;Farm=2;FiberGatheringCamp=2;HealerHut=6;Pasture=2;WoodHouse=12","Agriculture;AnimalHusbandry;ClayExtraction;ControlledFire;HerbalKnowledge;KnowledgeSharing;Quarry"
502,Animal,1.15,60,1.2,0,144,40,104,0.278,80,500,"","Clay=52532.18;PlantFiber=49128.5;WoodLog=25003.88","ClayPit=2;Farm=2;FiberGatheringCamp=2;HealerHut=6;Pasture=2;WoodHouse=12","Agriculture;AnimalHusbandry;ClayExtraction;ControlledFire;HerbalKnowledge;KnowledgeSharing;Quarry"
503,Animal,1.15,60,1.2,0,144,40,104,0.278,80,500,"","Clay=52640.9;PlantFiber=49237.22;WoodLog=25063.88","ClayPit=2;Farm=2;FiberGatheringCamp=2;HealerHut=6;Pasture=2;WoodHouse=12","Agriculture;AnimalHusbandry;ClayExtraction;ControlledFire;HerbalKnowledge;KnowledgeSharing;Quarry"
504,Animal,1.15,60,1.2,0,144,40,104,0.278,80,500,"","Clay=52749.62;PlantFiber=49345.94;WoodLog=25123.88","ClayPit=2;Farm=2;FiberGatheringCamp=2;HealerHut=6;Pasture=2;WoodHouse=12","Agriculture;AnimalHusbandry;ClayExtraction;ControlledFire;HerbalKnowledge;KnowledgeSharing;Quarry"
505,Animal,1.15,60,1.2,0,144,40,104,0.278,80,500,"","Clay=52858.34;PlantFiber=49454.66;WoodLog=25183.88","ClayPit=2;Farm=2;FiberGatheringCamp=2;HealerHut=6;Pasture=2;WoodHouse=12","Agriculture;AnimalHusbandry;ClayExtraction;ControlledFire;HerbalKnowledge;KnowledgeSharing;Quarry"
506,Animal,1.15,60,1.2,0,144,40,104,0.278,80,500,"","Clay=52967.06;PlantFiber=49563.38;WoodLog=25243.88","ClayPit=2;Farm=2;FiberGatheringCamp=2;HealerHut=6;Pasture=2;WoodHouse=12","Agriculture;AnimalHusbandry;ClayExtraction;ControlledFire;HerbalKnowledge;KnowledgeSharing;Quarry"
507,Animal,1.15,60,1.2,0,144,40,104,0.278,80,500,"","Clay=53075.78;PlantFiber=49672.1;WoodLog=25303.88","ClayPit=2;Farm=2;FiberGatheringCamp=2;HealerHut=6;Pasture=2;WoodHouse=12","Agriculture;AnimalHusbandry;ClayExtraction;ControlledFire;HerbalKnowledge;KnowledgeSharing;Quarry"
508,Animal,1.15,60,1.2,0,144,40,104,0.278,80,500,"","Clay=53184.5;PlantFiber=49780.82;WoodLog=25363.88","ClayPit=2;Farm=2;FiberGatheringCamp=2;HealerHut=6;Pasture=2;WoodHouse=12","Agriculture;AnimalHusbandry;ClayExtraction;ControlledFire;HerbalKnowledge;KnowledgeSharing;Quarry"
509,Animal,1.15,60,1.2,0,144,40,104,0.278,80,500,"","Clay=53293.22;PlantFiber=49889.54;WoodLog=25423.88","ClayPit=2;Farm=2;FiberGatheringCamp=2;HealerHut=6;Pasture=2;WoodHouse=12","Agriculture;AnimalHusbandry;ClayExtraction;ControlledFire;HerbalKnowledge;KnowledgeSharing;Quarry"
510,Animal,1.15,60,1.2,0,144,40,104,0.278,80,500,"","Clay=53401.94;PlantFiber=49998.26;WoodLog=25483.88","ClayPit=2;Farm=2;FiberGatheringCamp=2;HealerHut=6;Pasture=2;WoodHouse=12","Agriculture;AnimalHusbandry;ClayExtraction;ControlledFire;HerbalKnowledge;KnowledgeSharing;Quarry"
511,Animal,1.15,60,1.2,0,144,40,104,0.278,80,500,"","Clay=53510.66;PlantFiber=50106.98;WoodLog=25543.88","ClayPit=2;Farm=2;FiberGatheringCamp=2;HealerHut=6;Pasture=2;WoodHouse=12","Agriculture;AnimalHusbandry;ClayExtraction;ControlledFire;HerbalKnowledge;KnowledgeSharing;Quarry"
512,Animal,1.15,60,1.2,0,144,40,104,0.278,80,500,"","Clay=53619.38;PlantFiber=50215.7;WoodLog=25603.88","ClayPit=2;Farm=2;FiberGatheringCamp=2;HealerHut=6;Pasture=2;WoodHouse=12","Agriculture;AnimalHusbandry;ClayExtraction;ControlledFire;HerbalKnowledge;KnowledgeSharing;Quarry"
513,Animal,1.15,60,1.2,0,144,40,104,0.278,80,500,"","Clay=53728.1;PlantFiber=50324.42;WoodLog=25663.88","ClayPit=2;Farm=2;FiberGatheringCamp=2;HealerHut=6;Pasture=2;WoodHouse=12","Agriculture;AnimalHusbandry;ClayExtraction;ControlledFire;HerbalKnowledge;KnowledgeSharing;Quarry"
514,Animal,1.15,60,1.2,0,144,40,104,0.278,80,500,"","Clay=53836.82;PlantFiber=50433.14;WoodLog=25723.88","ClayPit=2;Farm=2;FiberGatheringCamp=2;HealerHut=6;Pasture=2;WoodHouse=12","Agriculture;AnimalHusbandry;ClayExtraction;ControlledFire;HerbalKnowledge;KnowledgeSharing;Quarry"
515,Animal,1.15,60,1.2,0,144,40,104,0.278,80,500,"","Clay=53945.54;PlantFiber=50541.86;WoodLog=25783.88","ClayPit=2;Farm=2;FiberGatheringCamp=2;HealerHut=6;Pasture=2;WoodHouse=12","Agriculture;AnimalHusbandry;ClayExtraction;ControlledFire;HerbalKnowledge;KnowledgeSharing;Quarry"
516,Animal,1.15,60,1.2,0,144,40,104,0.278,80,500,"","Clay=54054.26;PlantFiber=50650.58;WoodLog=25843.88","ClayPit=2;Farm=2;FiberGatheringCamp=2;HealerHut=6;Pasture=2;WoodHouse=12","Agriculture;AnimalHusbandry;ClayExtraction;ControlledFire;HerbalKnowledge;KnowledgeSharing;Quarry"
517,Animal,1.15,60,1.2,0,144,40,104,0.278,80,500,"","Clay=54162.98;PlantFiber=50759.3;WoodLog=25903.88","ClayPit=2;Farm=2;FiberGatheringCamp=2;HealerHut=6;Pasture=2;WoodHouse=12","Agriculture;AnimalHusbandry;ClayExtraction;ControlledFire;HerbalKnowledge;KnowledgeSharing;Quarry"
518,Animal,1.15,60,1.2,0,144,40,104,0.278,80,500,"","Clay=54271.7;PlantFiber=50868.02;WoodLog=25963.88","ClayPit=2;Farm=2;FiberGatheringCamp=2;HealerHut=6;Pasture=2;WoodHouse=12","Agriculture;AnimalHusbandry;ClayExtraction;ControlledFire;HerbalKnowledge;KnowledgeSharing;Quarry"
519,Animal,1.15,60,1.2,0,144,40,104,0.278,80,500,"","Clay=54380.42;PlantFiber=50976.74;WoodLog=26023.88","ClayPit=2;Farm=2;FiberGatheringCamp=2;HealerHut=6;Pasture=2;WoodHouse=12","Agriculture;AnimalHusbandry;ClayExtraction;ControlledFire;HerbalKnowledge;KnowledgeSharing;Quarry"
520,Animal,1.15,60,1.2,0,144,40,104,0.278,80,500,"","Clay=54489.14;PlantFiber=51085.46;WoodLog=26083.88","ClayPit=2;Farm=2;FiberGatheringCamp=2;HealerHut=6;Pasture=2;WoodHouse=12","Agriculture;AnimalHusbandry;ClayExtraction;ControlledFire;HerbalKnowledge;KnowledgeSharing;Quarry"
521,Animal,1.15,60,1.2,0,144,40,104,0.278,80,500,"","Clay=54597.86;PlantFiber=51194.18;WoodLog=26143.88","ClayPit=2;Farm=2;FiberGatheringCamp=2;HealerHut=6;Pasture=2;WoodHouse=12","Agriculture;AnimalHusbandry;ClayExtraction;ControlledFire;HerbalKnowledge;KnowledgeSharing;Quarry"
522,Animal,1.15,60,1.2,0,144,40,104,0.278,80,500,"","Clay=54706.58;PlantFiber=51302.9;WoodLog=26203.88","ClayPit=2;Farm=2;FiberGatheringCamp=2;HealerHut=6;Pasture=2;WoodHouse=12","Agriculture;AnimalHusbandry;ClayExtraction;ControlledFire;HerbalKnowledge;KnowledgeSharing;Quarry"
523,Animal,1.15,60,1.2,0,144,40,104,0.278,80,500,"","Clay=54815.3;PlantFiber=51411.62;WoodLog=26263.88","ClayPit=2;Farm=2;FiberGatheringCamp=2;HealerHut=6;Pasture=2;WoodHouse=12","Agriculture;AnimalHusbandry;ClayExtraction;ControlledFire;HerbalKnowledge;KnowledgeSharing;Quarry"
524,Animal,1.15,60,1.2,0,144,40,104,0.278,80,500,"","Clay=54924.02;PlantFiber=51520.34;WoodLog=26323.88","ClayPit=2;Farm=2;FiberGatheringCamp=2;HealerHut=6;Pasture=2;WoodHouse=12","Agriculture;AnimalHusbandry;ClayExtraction;ControlledFire;HerbalKnowledge;KnowledgeSharing;Quarry"
525,Animal,1.15,60,1.2,0,144,40,104,0.278,80,500,"","Clay=55032.74;PlantFiber=51629.06;WoodLog=26383.88","ClayPit=2;Farm=2;FiberGatheringCamp=2;HealerHut=6;Pasture=2;WoodHouse=12","Agriculture;AnimalHusbandry;ClayExtraction;ControlledFire;HerbalKnowledge;KnowledgeSharing;Quarry"
526,Animal,1.15,60,1.2,0,144,40,104,0.278,80,500,"","Clay=55141.46;PlantFiber=51737.78;WoodLog=26443.88","ClayPit=2;Farm=2;FiberGatheringCamp=2;HealerHut=6;Pasture=2;WoodHouse=12","Agriculture;AnimalHusbandry;ClayExtraction;ControlledFire;HerbalKnowledge;KnowledgeSharing;Quarry"
527,Animal,1.15,60,1.2,0,144,40,104,0.278,80,500,"","Clay=55250.18;PlantFiber=51846.5;WoodLog=26503.88","ClayPit=2;Farm=2;FiberGatheringCamp=2;HealerHut=6;Pasture=2;WoodHouse=12","Agriculture;AnimalHusbandry;ClayExtraction;ControlledFire;HerbalKnowledge;KnowledgeSharing;Quarry"
528,Animal,1.15,60,1.2,0,144,40,104,0.278,80,500,"","Clay=55358.9;PlantFiber=51955.22;WoodLog=26563.88","ClayPit=2;Farm=2;FiberGatheringCamp=2;HealerHut=6;Pasture=2;WoodHouse=12","Agriculture;AnimalHusbandry;ClayExtraction;ControlledFire;HerbalKnowledge;KnowledgeSharing;Quarry"
529,Animal,1.15,60,1.2,0,144,40,104,0.278,80,500,"","Clay=55467.62;PlantFiber=52063.94;WoodLog=26623.88","ClayPit=2;Farm=2;FiberGatheringCamp=2;HealerHut=6;Pasture=2;WoodHouse=12","Agriculture;AnimalHusbandry;ClayExtraction;ControlledFire;HerbalKnowledge;KnowledgeSharing;Quarry"
530,Animal,1.15,60,1.2,0,144,40,104,0.278,80,500,"","Clay=55576.34;PlantFiber=52172.66;WoodLog=26683.88","ClayPit=2;Farm=2;FiberGatheringCamp=2;HealerHut=6;Pasture=2;WoodHouse=12","Agriculture;AnimalHusbandry;ClayExtraction;ControlledFire;HerbalKnowledge;KnowledgeSharing;Quarry"
531,Animal,1.15,60,1.2,0,144,40,104,0.278,80,500,"","Clay=55685.06;PlantFiber=52281.38;WoodLog=26743.88","ClayPit=2;Farm=2;FiberGatheringCamp=2;HealerHut=6;Pasture=2;WoodHouse=12","Agriculture;AnimalHusbandry;ClayExtraction;ControlledFire;HerbalKnowledge;KnowledgeSharing;Quarry"
532,Animal,1.15,60,1.2,0,144,40,104,0.278,80,500,"","Clay=55793.78;PlantFiber=52390.1;WoodLog=26803.88","ClayPit=2;Farm=2;FiberGatheringCamp=2;HealerHut=6;Pasture=2;WoodHouse=12","Agriculture;AnimalHusbandry;ClayExtraction;ControlledFire;HerbalKnowledge;KnowledgeSharing;Quarry"
533,Animal,1.15,60,1.2,0,144,40,104,0.278,80,500,"","Clay=55902.5;PlantFiber=52498.82;WoodLog=26863.88","ClayPit=2;Farm=2;FiberGatheringCamp=2;HealerHut=6;Pasture=2;WoodHouse=12","Agriculture;AnimalHusbandry;ClayExtraction;ControlledFire;HerbalKnowledge;KnowledgeSharing;Quarry"
534,Animal,1.15,60,1.2,0,144,40,104,0.278,80,500,"","Clay=56011.22;PlantFiber=52607.54;WoodLog=26923.88","ClayPit=2;Farm=2;FiberGatheringCamp=2;HealerHut=6;Pasture=2;WoodHouse=12","Agriculture;AnimalHusbandry;ClayExtraction;ControlledFire;HerbalKnowledge;KnowledgeSharing;Quarry"
535,Animal,1.15,60,1.2,0,144,40,104,0.278,80,500,"","Clay=56119.94;PlantFiber=52716.26;WoodLog=26983.88","ClayPit=2;Farm=2;FiberGatheringCamp=2;HealerHut=6;Pasture=2;WoodHouse=12","Agriculture;AnimalHusbandry;ClayExtraction;ControlledFire;HerbalKnowledge;KnowledgeSharing;Quarry"
536,Animal,1.15,60,1.2,0,144,40,104,0.278,80,500,"","Clay=56228.66;PlantFiber=52824.98;WoodLog=27043.88","ClayPit=2;Farm=2;FiberGatheringCamp=2;HealerHut=6;Pasture=2;WoodHouse=12","Agriculture;AnimalHusbandry;ClayExtraction;ControlledFire;HerbalKnowledge;KnowledgeSharing;Quarry"
537,Animal,1.15,60,1.2,0,144,40,104,0.278,80,500,"","Clay=56337.38;PlantFiber=52933.7;WoodLog=27103.88","ClayPit=2;Farm=2;FiberGatheringCamp=2;HealerHut=6;Pasture=2;WoodHouse=12","Agriculture;AnimalHusbandry;ClayExtraction;ControlledFire;HerbalKnowledge;KnowledgeSharing;Quarry"
538,Animal,1.15,60,1.2,0,144,40,104,0.278,80,500,"","Clay=56446.1;PlantFiber=53042.42;WoodLog=27163.88","ClayPit=2;Farm=2;FiberGatheringCamp=2;HealerHut=6;Pasture=2;WoodHouse=12","Agriculture;AnimalHusbandry;ClayExtraction;ControlledFire;HerbalKnowledge;KnowledgeSharing;Quarry"
539,Animal,1.15,60,1.2,0,144,40,104,0.278,80,500,"","Clay=56554.82;PlantFiber=53151.14;WoodLog=27223.88","ClayPit=2;Farm=2;FiberGatheringCamp=2;HealerHut=6;Pasture=2;WoodHouse=12","Agriculture;AnimalHusbandry;ClayExtraction;ControlledFire;HerbalKnowledge;KnowledgeSharing;Quarry"
540,Animal,1.15,60,1.2,0,144,40,104,0.278,80,500,"","Clay=56663.54;PlantFiber=53259.86;WoodLog=27283.88","ClayPit=2;Farm=2;FiberGatheringCamp=2;HealerHut=6;Pasture=2;WoodHouse=12","Agriculture;AnimalHusbandry;ClayExtraction;ControlledFire;HerbalKnowledge;KnowledgeSharing;Quarry"
541,Animal,1.15,60,1.2,0,144,40,104,0.278,80,500,"","Clay=56772.26;PlantFiber=53368.58;WoodLog=27343.88","ClayPit=2;Farm=2;FiberGatheringCamp=2;HealerHut=6;Pasture=2;WoodHouse=12","Agriculture;AnimalHusbandry;ClayExtraction;ControlledFire;HerbalKnowledge;KnowledgeSharing;Quarry"
542,Animal,1.15,60,1.2,0,144,40,104,0.278,80,500,"","Clay=56880.98;PlantFiber=53477.3;WoodLog=27403.88","ClayPit=2;Farm=2;FiberGatheringCamp=2;HealerHut=6;Pasture=2;WoodHouse=12","Agriculture;AnimalHusbandry;ClayExtraction;ControlledFire;HerbalKnowledge;KnowledgeSharing;Quarry"
543,Animal,1.15,60,1.2,0,144,40,104,0.278,80,500,"","Clay=56989.7;PlantFiber=53586.02;WoodLog=27463.88","ClayPit=2;Farm=2;FiberGatheringCamp=2;HealerHut=6;Pasture=2;WoodHouse=12","Agriculture;AnimalHusbandry;ClayExtraction;ControlledFire;HerbalKnowledge;KnowledgeSharing;Quarry"
544,Animal,1.15,60,1.2,0,144,40,104,0.278,80,500,"","Clay=57098.42;PlantFiber=53694.74;WoodLog=27523.88","ClayPit=2;Farm=2;FiberGatheringCamp=2;HealerHut=6;Pasture=2;WoodHouse=12","Agriculture;AnimalHusbandry;ClayExtraction;ControlledFire;HerbalKnowledge;KnowledgeSharing;Quarry"
545,Animal,1.15,60,1.2,0,144,40,104,0.278,80,500,"","Clay=57207.14;PlantFiber=53803.46;WoodLog=27583.88","ClayPit=2;Farm=2;FiberGatheringCamp=2;HealerHut=6;Pasture=2;WoodHouse=12","Agriculture;AnimalHusbandry;ClayExtraction;ControlledFire;HerbalKnowledge;KnowledgeSharing;Quarry"
546,Animal,1.15,60,1.2,0,144,40,104,0.278,80,500,"","Clay=57315.86;PlantFiber=53912.18;WoodLog=27643.88","ClayPit=2;Farm=2;FiberGatheringCamp=2;HealerHut=6;Pasture=2;WoodHouse=12","Agriculture;AnimalHusbandry;ClayExtraction;ControlledFire;HerbalKnowledge;KnowledgeSharing;Quarry"
547,Animal,1.15,60,1.2,0,144,40,104,0.278,80,500,"","Clay=57424.58;PlantFiber=54020.9;WoodLog=27703.88","ClayPit=2;Farm=2;FiberGatheringCamp=2;HealerHut=6;Pasture=2;WoodHouse=12","Agriculture;AnimalHusbandry;ClayExtraction;ControlledFire;HerbalKnowledge;KnowledgeSharing;Quarry"
548,Animal,1.15,60,1.2,0,144,40,104,0.278,80,500,"","Clay=57533.3;PlantFiber=54129.62;WoodLog=27763.88","ClayPit=2;Farm=2;FiberGatheringCamp=2;HealerHut=6;Pasture=2;WoodHouse=12","Agriculture;AnimalHusbandry;ClayExtraction;ControlledFire;HerbalKnowledge;KnowledgeSharing;Quarry"
549,Animal,1.15,60,1.2,0,144,40,104,0.278,80,500,"","Clay=57642.02;PlantFiber=54238.34;WoodLog=27823.88","ClayPit=2;Farm=2;FiberGatheringCamp=2;HealerHut=6;Pasture=2;WoodHouse=12","Agriculture;AnimalHusbandry;ClayExtraction;ControlledFire;HerbalKnowledge;KnowledgeSharing;Quarry"
550,Animal,1.15,60,1.2,0,144,40,104,0.278,80,500,"","Clay=57750.74;PlantFiber=54347.06;WoodLog=27883.88","ClayPit=2;Farm=2;FiberGatheringCamp=2;HealerHut=6;Pasture=2;WoodHouse=12","Agriculture;AnimalHusbandry;ClayExtraction;ControlledFire;HerbalKnowledge;KnowledgeSharing;Quarry"
551,Animal,1.15,60,1.2,0,144,40,104,0.278,80,500,"","Clay=57859.46;PlantFiber=54455.78;WoodLog=27943.88","ClayPit=2;Farm=2;FiberGatheringCamp=2;HealerHut=6;Pasture=2;WoodHouse=12","Agriculture;AnimalHusbandry;ClayExtraction;ControlledFire;HerbalKnowledge;KnowledgeSharing;Quarry"
552,Animal,1.15,60,1.2,0,144,40,104,0.278,80,500,"","Clay=57968.18;PlantFiber=54564.5;WoodLog=28003.88","ClayPit=2;Farm=2;FiberGatheringCamp=2;HealerHut=6;Pasture=2;WoodHouse=12","Agriculture;AnimalHusbandry;ClayExtraction;ControlledFire;HerbalKnowledge;KnowledgeSharing;Quarry"
553,Animal,1.15,60,1.2,0,144,40,104,0.278,80,500,"","Clay=58076.9;PlantFiber=54673.22;WoodLog=28063.88","ClayPit=2;Farm=2;FiberGatheringCamp=2;HealerHut=6;Pasture=2;WoodHouse=12","Agriculture;AnimalHusbandry;ClayExtraction;ControlledFire;HerbalKnowledge;KnowledgeSharing;Quarry"
554,Animal,1.15,60,1.2,0,144,40,104,0.278,80,500,"","Clay=58185.62;PlantFiber=54781.94;WoodLog=28123.88","ClayPit=2;Farm=2;FiberGatheringCamp=2;HealerHut=6;Pasture=2;WoodHouse=12","Agriculture;AnimalHusbandry;ClayExtraction;ControlledFire;HerbalKnowledge;KnowledgeSharing;Quarry"
555,Animal,1.15,60,1.2,0,144,40,104,0.278,80,500,"","Clay=58294.34;PlantFiber=54890.66;WoodLog=28183.88","ClayPit=2;Farm=2;FiberGatheringCamp=2;HealerHut=6;Pasture=2;WoodHouse=12","Agriculture;AnimalHusbandry;ClayExtraction;ControlledFire;HerbalKnowledge;KnowledgeSharing;Quarry"
556,Animal,1.15,60,1.2,0,144,40,104,0.278,80,500,"","Clay=58403.06;PlantFiber=54999.38;WoodLog=28243.88","ClayPit=2;Farm=2;FiberGatheringCamp=2;HealerHut=6;Pasture=2;WoodHouse=12","Agriculture;AnimalHusbandry;ClayExtraction;ControlledFire;HerbalKnowledge;KnowledgeSharing;Quarry"
557,Animal,1.15,60,1.2,0,144,40,104,0.278,80,500,"","Clay=58511.78;PlantFiber=55108.1;WoodLog=28303.88","ClayPit=2;Farm=2;FiberGatheringCamp=2;HealerHut=6;Pasture=2;WoodHouse=12","Agriculture;AnimalHusbandry;ClayExtraction;ControlledFire;HerbalKnowledge;KnowledgeSharing;Quarry"
558,Animal,1.15,60,1.2,0,144,40,104,0.278,80,500,"","Clay=58620.5;PlantFiber=55216.82;WoodLog=28363.88","ClayPit=2;Farm=2;FiberGatheringCamp=2;HealerHut=6;Pasture=2;WoodHouse=12","Agriculture;AnimalHusbandry;ClayExtraction;ControlledFire;HerbalKnowledge;KnowledgeSharing;Quarry"
559,Animal,1.15,60,1.2,0,144,40,104,0.278,80,500,"","Clay=58729.22;PlantFiber=55325.54;WoodLog=28423.88","ClayPit=2;Farm=2;FiberGatheringCamp=2;HealerHut=6;Pasture=2;WoodHouse=12","Agriculture;AnimalHusbandry;ClayExtraction;ControlledFire;HerbalKnowledge;KnowledgeSharing;Quarry"
560,Animal,1.15,60,1.2,0,144,40,104,0.278,80,500,"","Clay=58837.94;PlantFiber=55434.26;WoodLog=28483.88","ClayPit=2;Farm=2;FiberGatheringCamp=2;HealerHut=6;Pasture=2;WoodHouse=12","Agriculture;AnimalHusbandry;ClayExtraction;ControlledFire;HerbalKnowledge;KnowledgeSharing;Quarry"
561,Animal,1.15,60,1.2,0,144,40,104,0.278,80,500,"","Clay=58946.66;PlantFiber=55542.98;WoodLog=28543.88","ClayPit=2;Farm=2;FiberGatheringCamp=2;HealerHut=6;Pasture=2;WoodHouse=12","Agriculture;AnimalHusbandry;ClayExtraction;ControlledFire;HerbalKnowledge;KnowledgeSharing;Quarry"
562,Animal,1.15,60,1.2,0,144,40,104,0.278,80,500,"","Clay=59055.38;PlantFiber=55651.7;WoodLog=28603.88","ClayPit=2;Farm=2;FiberGatheringCamp=2;HealerHut=6;Pasture=2;WoodHouse=12","Agriculture;AnimalHusbandry;ClayExtraction;ControlledFire;HerbalKnowledge;KnowledgeSharing;Quarry"
563,Animal,1.15,60,1.2,0,144,40,104,0.278,80,500,"","Clay=59164.1;PlantFiber=55760.42;WoodLog=28663.88","ClayPit=2;Farm=2;FiberGatheringCamp=2;HealerHut=6;Pasture=2;WoodHouse=12","Agriculture;AnimalHusbandry;ClayExtraction;ControlledFire;HerbalKnowledge;KnowledgeSharing;Quarry"
564,Animal,1.15,60,1.2,0,144,40,104,0.278,80,500,"","Clay=59272.82;PlantFiber=55869.14;WoodLog=28723.88","ClayPit=2;Farm=2;FiberGatheringCamp=2;HealerHut=6;Pasture=2;WoodHouse=12","Agriculture;AnimalHusbandry;ClayExtraction;ControlledFire;HerbalKnowledge;KnowledgeSharing;Quarry"
565,Animal,1.15,60,1.2,0,144,40,104,0.278,80,500,"","Clay=59381.54;PlantFiber=55977.86;WoodLog=28783.88","ClayPit=2;Farm=2;FiberGatheringCamp=2;HealerHut=6;Pasture=2;WoodHouse=12","Agriculture;AnimalHusbandry;ClayExtraction;ControlledFire;HerbalKnowledge;KnowledgeSharing;Quarry"
566,Animal,1.15,60,1.2,0,144,40,104,0.278,80,500,"","Clay=59490.26;PlantFiber=56086.58;WoodLog=28843.88","ClayPit=2;Farm=2;FiberGatheringCamp=2;HealerHut=6;Pasture=2;WoodHouse=12","Agriculture;AnimalHusbandry;ClayExtraction;ControlledFire;HerbalKnowledge;KnowledgeSharing;Quarry"
567,Animal,1.15,60,1.2,0,144,40,104,0.278,80,500,"","Clay=59598.98;PlantFiber=56195.3;WoodLog=28903.88","ClayPit=2;Farm=2;FiberGatheringCamp=2;HealerHut=6;Pasture=2;WoodHouse=12","Agriculture;AnimalHusbandry;ClayExtraction;ControlledFire;HerbalKnowledge;KnowledgeSharing;Quarry"
568,Animal,1.15,60,1.2,0,144,40,104,0.278,80,500,"","Clay=59707.7;PlantFiber=56304.02;WoodLog=28963.88","ClayPit=2;Farm=2;FiberGatheringCamp=2;HealerHut=6;Pasture=2;WoodHouse=12","Agriculture;AnimalHusbandry;ClayExtraction;ControlledFire;HerbalKnowledge;KnowledgeSharing;Quarry"
569,Animal,1.15,60,1.2,0,144,40,104,0.278,80,500,"","Clay=59816.42;PlantFiber=56412.74;WoodLog=29023.88","ClayPit=2;Farm=2;FiberGatheringCamp=2;HealerHut=6;Pasture=2;WoodHouse=12","Agriculture;AnimalHusbandry;ClayExtraction;ControlledFire;HerbalKnowledge;KnowledgeSharing;Quarry"
570,Animal,1.15,60,1.2,0,144,40,104,0.278,80,500,"","Clay=59925.14;PlantFiber=56521.46;WoodLog=29083.88","ClayPit=2;Farm=2;FiberGatheringCamp=2;HealerHut=6;Pasture=2;WoodHouse=12","Agriculture;AnimalHusbandry;ClayExtraction;ControlledFire;HerbalKnowledge;KnowledgeSharing;Quarry"
571,Animal,1.15,60,1.2,0,144,40,104,0.278,80,500,"","Clay=60033.86;PlantFiber=56630.18;WoodLog=29143.88","ClayPit=2;Farm=2;FiberGatheringCamp=2;HealerHut=6;Pasture=2;WoodHouse=12","Agriculture;AnimalHusbandry;ClayExtraction;ControlledFire;HerbalKnowledge;KnowledgeSharing;Quarry"
572,Animal,1.15,60,1.2,0,144,40,104,0.278,80,500,"","Clay=60142.58;PlantFiber=56738.9;WoodLog=29203.88","ClayPit=2;Farm=2;FiberGatheringCamp=2;HealerHut=6;Pasture=2;WoodHouse=12","Agriculture;AnimalHusbandry;ClayExtraction;ControlledFire;HerbalKnowledge;KnowledgeSharing;Quarry"
573,Animal,1.15,60,1.2,0,144,40,104,0.278,80,500,"","Clay=60251.3;PlantFiber=56847.62;WoodLog=29263.88","ClayPit=2;Farm=2;FiberGatheringCamp=2;HealerHut=6;Pasture=2;WoodHouse=12","Agriculture;AnimalHusbandry;ClayExtraction;ControlledFire;HerbalKnowledge;KnowledgeSharing;Quarry"
574,Animal,1.15,60,1.2,0,144,40,104,0.278,80,500,"","Clay=60360.02;PlantFiber=56956.34;WoodLog=29323.88","ClayPit=2;Farm=2;FiberGatheringCamp=2;HealerHut=6;Pasture=2;WoodHouse=12","Agriculture;AnimalHusbandry;ClayExtraction;ControlledFire;HerbalKnowledge;KnowledgeSharing;Quarry"
575,Animal,1.15,60,1.2,0,144,40,104,0.278,80,500,"","Clay=60468.74;PlantFiber=57065.06;WoodLog=29383.88","ClayPit=2;Farm=2;FiberGatheringCamp=2;HealerHut=6;Pasture=2;WoodHouse=12","Agriculture;AnimalHusbandry;ClayExtraction;ControlledFire;HerbalKnowledge;KnowledgeSharing;Quarry"
576,Animal,1.15,60,1.2,0,144,40,104,0.278,80,500,"","Clay=60577.46;PlantFiber=57173.78;WoodLog=29443.88","ClayPit=2;Farm=2;FiberGatheringCamp=2;HealerHut=6;Pasture=2;WoodHouse=12","Agriculture;AnimalHusbandry;ClayExtraction;ControlledFire;HerbalKnowledge;KnowledgeSharing;Quarry"
577,Animal,1.15,60,1.2,0,144,40,104,0.278,80,500,"","Clay=60686.18;PlantFiber=57282.5;WoodLog=29503.88","ClayPit=2;Farm=2;FiberGatheringCamp=2;HealerHut=6;Pasture=2;WoodHouse=12","Agriculture;AnimalHusbandry;ClayExtraction;ControlledFire;HerbalKnowledge;KnowledgeSharing;Quarry"
578,Animal,1.15,60,1.2,0,144,40,104,0.278,80,500,"","Clay=60794.9;PlantFiber=57391.22;WoodLog=29563.88","ClayPit=2;Farm=2;FiberGatheringCamp=2;HealerHut=6;Pasture=2;WoodHouse=12","Agriculture;AnimalHusbandry;ClayExtraction;ControlledFire;HerbalKnowledge;KnowledgeSharing;Quarry"
579,Animal,1.15,60,1.2,0,144,40,104,0.278,80,500,"","Clay=60903.62;PlantFiber=57499.94;WoodLog=29623.88","ClayPit=2;Farm=2;FiberGatheringCamp=2;HealerHut=6;Pasture=2;WoodHouse=12","Agriculture;AnimalHusbandry;ClayExtraction;ControlledFire;HerbalKnowledge;KnowledgeSharing;Quarry"
580,Animal,1.15,60,1.2,0,144,40,104,0.278,80,500,"","Clay=61012.34;PlantFiber=57608.66;WoodLog=29683.88","ClayPit=2;Farm=2;FiberGatheringCamp=2;HealerHut=6;Pasture=2;WoodHouse=12","Agriculture;AnimalHusbandry;ClayExtraction;ControlledFire;HerbalKnowledge;KnowledgeSharing;Quarry"
581,Animal,1.15,60,1.2,0,144,40,104,0.278,80,500,"","Clay=61121.06;PlantFiber=57717.38;WoodLog=29743.88","ClayPit=2;Farm=2;FiberGatheringCamp=2;HealerHut=6;Pasture=2;WoodHouse=12","Agriculture;AnimalHusbandry;ClayExtraction;ControlledFire;HerbalKnowledge;KnowledgeSharing;Quarry"
582,Animal,1.15,60,1.2,0,144,40,104,0.278,80,500,"","Clay=61229.78;PlantFiber=57826.1;WoodLog=29803.88","ClayPit=2;Farm=2;FiberGatheringCamp=2;HealerHut=6;Pasture=2;WoodHouse=12","Agriculture;AnimalHusbandry;ClayExtraction;ControlledFire;HerbalKnowledge;KnowledgeSharing;Quarry"
583,Animal,1.15,60,1.2,0,144,40,104,0.278,80,500,"","Clay=61338.5;PlantFiber=57934.82;WoodLog=29863.88","ClayPit=2;Farm=2;FiberGatheringCamp=2;HealerHut=6;Pasture=2;WoodHouse=12","Agriculture;AnimalHusbandry;ClayExtraction;ControlledFire;HerbalKnowledge;KnowledgeSharing;Quarry"
584,Animal,1.15,60,1.2,0,144,40,104,0.278,80,500,"","Clay=61447.22;PlantFiber=58043.54;WoodLog=29923.88","ClayPit=2;Farm=2;FiberGatheringCamp=2;HealerHut=6;Pasture=2;WoodHouse=12","Agriculture;AnimalHusbandry;ClayExtraction;ControlledFire;HerbalKnowledge;KnowledgeSharing;Quarry"
585,Animal,1.15,60,1.2,0,144,40,104,0.278,80,500,"","Clay=61555.94;PlantFiber=58152.26;WoodLog=29983.88","ClayPit=2;Farm=2;FiberGatheringCamp=2;HealerHut=6;Pasture=2;WoodHouse=12","Agriculture;AnimalHusbandry;ClayExtraction;ControlledFire;HerbalKnowledge;KnowledgeSharing;Quarry"
586,Animal,1.15,60,1.2,0,144,40,104,0.278,80,500,"","Clay=61664.66;PlantFiber=58260.98;WoodLog=30043.88","ClayPit=2;Farm=2;FiberGatheringCamp=2;HealerHut=6;Pasture=2;WoodHouse=12","Agriculture;AnimalHusbandry;ClayExtraction;ControlledFire;HerbalKnowledge;KnowledgeSharing;Quarry"
587,Animal,1.15,60,1.2,0,144,40,104,0.278,80,500,"","Clay=61773.38;PlantFiber=58369.7;WoodLog=30103.88","ClayPit=2;Farm=2;FiberGatheringCamp=2;HealerHut=6;Pasture=2;WoodHouse=12","Agriculture;AnimalHusbandry;ClayExtraction;ControlledFire;HerbalKnowledge;KnowledgeSharing;Quarry"
588,Animal,1.15,60,1.2,0,144,40,104,0.278,80,500,"","Clay=61882.1;PlantFiber=58478.42;WoodLog=30163.88","ClayPit=2;Farm=2;FiberGatheringCamp=2;HealerHut=6;Pasture=2;WoodHouse=12","Agriculture;AnimalHusbandry;ClayExtraction;ControlledFire;HerbalKnowledge;KnowledgeSharing;Quarry"
589,Animal,1.15,60,1.2,0,144,40,104,0.278,80,500,"","Clay=61990.82;PlantFiber=58587.14;WoodLog=30223.88","ClayPit=2;Farm=2;FiberGatheringCamp=2;HealerHut=6;Pasture=2;WoodHouse=12","Agriculture;AnimalHusbandry;ClayExtraction;ControlledFire;HerbalKnowledge;KnowledgeSharing;Quarry"
590,Animal,1.15,60,1.2,0,144,40,104,0.278,80,500,"","Clay=62099.54;PlantFiber=58695.86;WoodLog=30283.88","ClayPit=2;Farm=2;FiberGatheringCamp=2;HealerHut=6;Pasture=2;WoodHouse=12","Agriculture;AnimalHusbandry;ClayExtraction;ControlledFire;HerbalKnowledge;KnowledgeSharing;Quarry"
591,Animal,1.15,60,1.2,0,144,40,104,0.278,80,500,"","Clay=62208.26;PlantFiber=58804.58;WoodLog=30343.88","ClayPit=2;Farm=2;FiberGatheringCamp=2;HealerHut=6;Pasture=2;WoodHouse=12","Agriculture;AnimalHusbandry;ClayExtraction;ControlledFire;HerbalKnowledge;KnowledgeSharing;Quarry"
592,Animal,1.15,60,1.2,0,144,40,104,0.278,80,500,"","Clay=62316.98;PlantFiber=58913.3;WoodLog=30403.88","ClayPit=2;Farm=2;FiberGatheringCamp=2;HealerHut=6;Pasture=2;WoodHouse=12","Agriculture;AnimalHusbandry;ClayExtraction;ControlledFire;HerbalKnowledge;KnowledgeSharing;Quarry"
593,Animal,1.15,60,1.2,0,144,40,104,0.278,80,500,"","Clay=62425.7;PlantFiber=59022.02;WoodLog=30463.88","ClayPit=2;Farm=2;FiberGatheringCamp=2;HealerHut=6;Pasture=2;WoodHouse=12","Agriculture;AnimalHusbandry;ClayExtraction;ControlledFire;HerbalKnowledge;KnowledgeSharing;Quarry"
594,Animal,1.15,60,1.2,0,144,40,104,0.278,80,500,"","Clay=62534.42;PlantFiber=59130.74;WoodLog=30523.88","ClayPit=2;Farm=2;FiberGatheringCamp=2;HealerHut=6;Pasture=2;WoodHouse=12","Agriculture;AnimalHusbandry;ClayExtraction;ControlledFire;HerbalKnowledge;KnowledgeSharing;Quarry"
595,Animal,1.15,60,1.2,0,144,40,104,0.278,80,500,"","Clay=62643.14;PlantFiber=59239.46;WoodLog=30583.88","ClayPit=2;Farm=2;FiberGatheringCamp=2;HealerHut=6;Pasture=2;WoodHouse=12","Agriculture;AnimalHusbandry;ClayExtraction;ControlledFire;HerbalKnowledge;KnowledgeSharing;Quarry"
596,Animal,1.15,60,1.2,0,144,40,104,0.278,80,500,"","Clay=62751.86;PlantFiber=59348.18;WoodLog=30643.88","ClayPit=2;Farm=2;FiberGatheringCamp=2;HealerHut=6;Pasture=2;WoodHouse=12","Agriculture;AnimalHusbandry;ClayExtraction;ControlledFire;HerbalKnowledge;KnowledgeSharing;Quarry"
597,Animal,1.15,60,1.2,0,144,40,104,0.278,80,500,"","Clay=62860.58;PlantFiber=59456.9;WoodLog=30703.88","ClayPit=2;Farm=2;FiberGatheringCamp=2;HealerHut=6;Pasture=2;WoodHouse=12","Agriculture;AnimalHusbandry;ClayExtraction;ControlledFire;HerbalKnowledge;KnowledgeSharing;Quarry"
598,Animal,1.15,60,1.2,0,144,40,104,0.278,80,500,"","Clay=62969.3;PlantFiber=59565.62;WoodLog=30763.88","ClayPit=2;Farm=2;FiberGatheringCamp=2;HealerHut=6;Pasture=2;WoodHouse=12","Agriculture;AnimalHusbandry;ClayExtraction;ControlledFire;HerbalKnowledge;KnowledgeSharing;Quarry"
599,Animal,1.15,60,1.2,0,144,40,104,0.278,80,500,"","Clay=63078.02;PlantFiber=59674.34;WoodLog=30823.88","ClayPit=2;Farm=2;FiberGatheringCamp=2;HealerHut=6;Pasture=2;WoodHouse=12","Agriculture;AnimalHusbandry;ClayExtraction;ControlledFire;HerbalKnowledge;KnowledgeSharing;Quarry"
600,Animal,1.15,60,1.2,0,144,40,104,0.278,80,500,"","Clay=63186.74;PlantFiber=59783.06;WoodLog=30883.88","ClayPit=2;Farm=2;FiberGatheringCamp=2;HealerHut=6;Pasture=2;WoodHouse=12","Agriculture;AnimalHusbandry;ClayExtraction;ControlledFire;HerbalKnowledge;KnowledgeSharing;Quarry"
601,Animal,1.15,60,1.2,0,144,40,104,0.278,80,500,"","Clay=63295.46;PlantFiber=59891.78;WoodLog=30943.88","ClayPit=2;Farm=2;FiberGatheringCamp=2;HealerHut=6;Pasture=2;WoodHouse=12","Agriculture;AnimalHusbandry;ClayExtraction;ControlledFire;HerbalKnowledge;KnowledgeSharing;Quarry"
602,Animal,1.15,60,1.2,0,144,40,104,0.278,80,500,"","Clay=63404.18;PlantFiber=60000.5;WoodLog=31003.88","ClayPit=2;Farm=2;FiberGatheringCamp=2;HealerHut=6;Pasture=2;WoodHouse=12","Agriculture;AnimalHusbandry;ClayExtraction;ControlledFire;HerbalKnowledge;KnowledgeSharing;Quarry"
603,Animal,1.15,60,1.2,0,144,40,104,0.278,80,500,"","Clay=63512.9;PlantFiber=60109.22;WoodLog=31063.88","ClayPit=2;Farm=2;FiberGatheringCamp=2;HealerHut=6;Pasture=2;WoodHouse=12","Agriculture;AnimalHusbandry;ClayExtraction;ControlledFire;HerbalKnowledge;KnowledgeSharing;Quarry"
604,Animal,1.15,60,1.2,0,144,40,104,0.278,80,500,"","Clay=63621.62;PlantFiber=60217.94;WoodLog=31123.88","ClayPit=2;Farm=2;FiberGatheringCamp=2;HealerHut=6;Pasture=2;WoodHouse=12","Agriculture;AnimalHusbandry;ClayExtraction;ControlledFire;HerbalKnowledge;KnowledgeSharing;Quarry"
605,Animal,1.15,60,1.2,0,144,40,104,0.278,80,500,"","Clay=63730.34;PlantFiber=60326.66;WoodLog=31183.88","ClayPit=2;Farm=2;FiberGatheringCamp=2;HealerHut=6;Pasture=2;WoodHouse=12","Agriculture;AnimalHusbandry;ClayExtraction;ControlledFire;HerbalKnowledge;KnowledgeSharing;Quarry"
606,Animal,1.15,60,1.2,0,144,40,104,0.278,80,500,"","Clay=63839.06;PlantFiber=60435.38;WoodLog=31243.88","ClayPit=2;Farm=2;FiberGatheringCamp=2;HealerHut=6;Pasture=2;WoodHouse=12","Agriculture;AnimalHusbandry;ClayExtraction;ControlledFire;HerbalKnowledge;KnowledgeSharing;Quarry"
607,Animal,1.15,60,1.2,0,144,40,104,0.278,80,500,"","Clay=63947.78;PlantFiber=60544.1;WoodLog=31303.88","ClayPit=2;Farm=2;FiberGatheringCamp=2;HealerHut=6;Pasture=2;WoodHouse=12","Agriculture;AnimalHusbandry;ClayExtraction;ControlledFire;HerbalKnowledge;KnowledgeSharing;Quarry"
608,Animal,1.15,60,1.2,0,144,40,104,0.278,80,500,"","Clay=64056.5;PlantFiber=60652.82;WoodLog=31363.88","ClayPit=2;Farm=2;FiberGatheringCamp=2;HealerHut=6;Pasture=2;WoodHouse=12","Agriculture;AnimalHusbandry;ClayExtraction;ControlledFire;HerbalKnowledge;KnowledgeSharing;Quarry"
609,Animal,1.15,60,1.2,0,144,40,104,0.278,80,500,"","Clay=64165.22;PlantFiber=60761.54;WoodLog=31423.88","ClayPit=2;Farm=2;FiberGatheringCamp=2;HealerHut=6;Pasture=2;WoodHouse=12","Agriculture;AnimalHusbandry;ClayExtraction;ControlledFire;HerbalKnowledge;KnowledgeSharing;Quarry"
610,Animal,1.15,60,1.2,0,144,40,104,0.278,80,500,"","Clay=64273.94;PlantFiber=60870.26;WoodLog=31483.88","ClayPit=2;Farm=2;FiberGatheringCamp=2;HealerHut=6;Pasture=2;WoodHouse=12","Agriculture;AnimalHusbandry;ClayExtraction;ControlledFire;HerbalKnowledge;KnowledgeSharing;Quarry"
611,Animal,1.15,60,1.2,0,144,40,104,0.278,80,500,"","Clay=64382.66;PlantFiber=60978.98;WoodLog=31543.88","ClayPit=2;Farm=2;FiberGatheringCamp=2;HealerHut=6;Pasture=2;WoodHouse=12","Agriculture;AnimalHusbandry;ClayExtraction;ControlledFire;HerbalKnowledge;KnowledgeSharing;Quarry"
612,Animal,1.15,60,1.2,0,144,40,104,0.278,80,500,"","Clay=64491.38;PlantFiber=61087.7;WoodLog=31603.88","ClayPit=2;Farm=2;FiberGatheringCamp=2;HealerHut=6;Pasture=2;WoodHouse=12","Agriculture;AnimalHusbandry;ClayExtraction;ControlledFire;HerbalKnowledge;KnowledgeSharing;Quarry"
613,Animal,1.15,60,1.2,0,144,40,104,0.278,80,500,"","Clay=64600.1;PlantFiber=61196.42;WoodLog=31663.88","ClayPit=2;Farm=2;FiberGatheringCamp=2;HealerHut=6;Pasture=2;WoodHouse=12","Agriculture;AnimalHusbandry;ClayExtraction;ControlledFire;HerbalKnowledge;KnowledgeSharing;Quarry"
614,Animal,1.15,60,1.2,0,144,40,104,0.278,80,500,"","Clay=64708.82;PlantFiber=61305.14;WoodLog=31723.88","ClayPit=2;Farm=2;FiberGatheringCamp=2;HealerHut=6;Pasture=2;WoodHouse=12","Agriculture;AnimalHusbandry;ClayExtraction;ControlledFire;HerbalKnowledge;KnowledgeSharing;Quarry"
615,Animal,1.15,60,1.2,0,144,40,104,0.278,80,500,"","Clay=64817.54;PlantFiber=61413.86;WoodLog=31783.88","ClayPit=2;Farm=2;FiberGatheringCamp=2;HealerHut=6;Pasture=2;WoodHouse=12","Agriculture;AnimalHusbandry;ClayExtraction;ControlledFire;HerbalKnowledge;KnowledgeSharing;Quarry"
616,Animal,1.15,60,1.2,0,144,40,104,0.278,80,500,"","Clay=64926.26;PlantFiber=61522.58;WoodLog=31843.88","ClayPit=2;Farm=2;FiberGatheringCamp=2;HealerHut=6;Pasture=2;WoodHouse=12","Agriculture;AnimalHusbandry;ClayExtraction;ControlledFire;HerbalKnowledge;KnowledgeSharing;Quarry"
617,Animal,1.15,60,1.2,0,144,40,104,0.278,80,500,"","Clay=65034.98;PlantFiber=61631.3;WoodLog=31903.88","ClayPit=2;Farm=2;FiberGatheringCamp=2;HealerHut=6;Pasture=2;WoodHouse=12","Agriculture;AnimalHusbandry;ClayExtraction;ControlledFire;HerbalKnowledge;KnowledgeSharing;Quarry"
618,Animal,1.15,60,1.2,0,144,40,104,0.278,80,500,"","Clay=65143.7;PlantFiber=61740.02;WoodLog=31963.88","ClayPit=2;Farm=2;FiberGatheringCamp=2;HealerHut=6;Pasture=2;WoodHouse=12","Agriculture;AnimalHusbandry;ClayExtraction;ControlledFire;HerbalKnowledge;KnowledgeSharing;Quarry"
619,Animal,1.15,60,1.2,0,144,40,104,0.278,80,500,"","Clay=65252.42;PlantFiber=61848.74;WoodLog=32023.88","ClayPit=2;Farm=2;FiberGatheringCamp=2;HealerHut=6;Pasture=2;WoodHouse=12","Agriculture;AnimalHusbandry;ClayExtraction;ControlledFire;HerbalKnowledge;KnowledgeSharing;Quarry"
620,Animal,1.15,60,1.2,0,144,40,104,0.278,80,500,"","Clay=65361.14;PlantFiber=61957.46;WoodLog=32083.88","ClayPit=2;Farm=2;FiberGatheringCamp=2;HealerHut=6;Pasture=2;WoodHouse=12","Agriculture;AnimalHusbandry;ClayExtraction;ControlledFire;HerbalKnowledge;KnowledgeSharing;Quarry"
621,Animal,1.15,60,1.2,0,144,40,104,0.278,80,500,"","Clay=65469.86;PlantFiber=62066.18;WoodLog=32143.88","ClayPit=2;Farm=2;FiberGatheringCamp=2;HealerHut=6;Pasture=2;WoodHouse=12","Agriculture;AnimalHusbandry;ClayExtraction;ControlledFire;HerbalKnowledge;KnowledgeSharing;Quarry"
622,Animal,1.15,60,1.2,0,144,40,104,0.278,80,500,"","Clay=65578.58;PlantFiber=62174.9;WoodLog=32203.88","ClayPit=2;Farm=2;FiberGatheringCamp=2;HealerHut=6;Pasture=2;WoodHouse=12","Agriculture;AnimalHusbandry;ClayExtraction;ControlledFire;HerbalKnowledge;KnowledgeSharing;Quarry"
623,Animal,1.15,60,1.2,0,144,40,104,0.278,80,500,"","Clay=65687.3;PlantFiber=62283.62;WoodLog=32263.88","ClayPit=2;Farm=2;FiberGatheringCamp=2;HealerHut=6;Pasture=2;WoodHouse=12","Agriculture;AnimalHusbandry;ClayExtraction;ControlledFire;HerbalKnowledge;KnowledgeSharing;Quarry"
624,Animal,1.15,60,1.2,0,144,40,104,0.278,80,500,"","Clay=65796.02;PlantFiber=62392.34;WoodLog=32323.88","ClayPit=2;Farm=2;FiberGatheringCamp=2;HealerHut=6;Pasture=2;WoodHouse=12","Agriculture;AnimalHusbandry;ClayExtraction;ControlledFire;HerbalKnowledge;KnowledgeSharing;Quarry"
625,Animal,1.15,60,1.2,0,144,40,104,0.278,80,500,"","Clay=65904.74;PlantFiber=62501.06;WoodLog=32383.88","ClayPit=2;Farm=2;FiberGatheringCamp=2;HealerHut=6;Pasture=2;WoodHouse=12","Agriculture;AnimalHusbandry;ClayExtraction;ControlledFire;HerbalKnowledge;KnowledgeSharing;Quarry"
626,Animal,1.15,60,1.2,0,144,40,104,0.278,80,500,"","Clay=66013.46;PlantFiber=62609.78;WoodLog=32443.88","ClayPit=2;Farm=2;FiberGatheringCamp=2;HealerHut=6;Pasture=2;WoodHouse=12","Agriculture;AnimalHusbandry;ClayExtraction;ControlledFire;HerbalKnowledge;KnowledgeSharing;Quarry"
627,Animal,1.15,60,1.2,0,144,40,104,0.278,80,500,"","Clay=66122.18;PlantFiber=62718.5;WoodLog=32503.88","ClayPit=2;Farm=2;FiberGatheringCamp=2;HealerHut=6;Pasture=2;WoodHouse=12","Agriculture;AnimalHusbandry;ClayExtraction;ControlledFire;HerbalKnowledge;KnowledgeSharing;Quarry"
628,Animal,1.15,60,1.2,0,144,40,104,0.278,80,500,"","Clay=66230.9;PlantFiber=62827.22;WoodLog=32563.88","ClayPit=2;Farm=2;FiberGatheringCamp=2;HealerHut=6;Pasture=2;WoodHouse=12","Agriculture;AnimalHusbandry;ClayExtraction;ControlledFire;HerbalKnowledge;KnowledgeSharing;Quarry"
629,Animal,1.15,60,1.2,0,144,40,104,0.278,80,500,"","Clay=66339.62;PlantFiber=62935.94;WoodLog=32623.88","ClayPit=2;Farm=2;FiberGatheringCamp=2;HealerHut=6;Pasture=2;WoodHouse=12","Agriculture;AnimalHusbandry;ClayExtraction;ControlledFire;HerbalKnowledge;KnowledgeSharing;Quarry"
630,Animal,1.15,60,1.2,0,144,40,104,0.278,80,500,"","Clay=66448.34;PlantFiber=63044.66;WoodLog=32683.88","ClayPit=2;Farm=2;FiberGatheringCamp=2;HealerHut=6;Pasture=2;WoodHouse=12","Agriculture;AnimalHusbandry;ClayExtraction;ControlledFire;HerbalKnowledge;KnowledgeSharing;Quarry"
631,Animal,1.15,60,1.2,0,144,40,104,0.278,80,500,"","Clay=66557.06;PlantFiber=63153.38;WoodLog=32743.88","ClayPit=2;Farm=2;FiberGatheringCamp=2;HealerHut=6;Pasture=2;WoodHouse=12","Agriculture;AnimalHusbandry;ClayExtraction;ControlledFire;HerbalKnowledge;KnowledgeSharing;Quarry"
632,Animal,1.15,60,1.2,0,144,40,104,0.278,80,500,"","Clay=66665.78;PlantFiber=63262.1;WoodLog=32803.88","ClayPit=2;Farm=2;FiberGatheringCamp=2;HealerHut=6;Pasture=2;WoodHouse=12","Agriculture;AnimalHusbandry;ClayExtraction;ControlledFire;HerbalKnowledge;KnowledgeSharing;Quarry"
633,Animal,1.15,60,1.2,0,144,40,104,0.278,80,500,"","Clay=66774.5;PlantFiber=63370.82;WoodLog=32863.88","ClayPit=2;Farm=2;FiberGatheringCamp=2;HealerHut=6;Pasture=2;WoodHouse=12","Agriculture;AnimalHusbandry;ClayExtraction;ControlledFire;HerbalKnowledge;KnowledgeSharing;Quarry"
634,Animal,1.15,60,1.2,0,144,40,104,0.278,80,500,"","Clay=66883.22;PlantFiber=63479.54;WoodLog=32923.88","ClayPit=2;Farm=2;FiberGatheringCamp=2;HealerHut=6;Pasture=2;WoodHouse=12","Agriculture;AnimalHusbandry;ClayExtraction;ControlledFire;HerbalKnowledge;KnowledgeSharing;Quarry"
635,Animal,1.15,60,1.2,0,144,40,104,0.278,80,500,"","Clay=66991.94;PlantFiber=63588.26;WoodLog=32983.88","ClayPit=2;Farm=2;FiberGatheringCamp=2;HealerHut=6;Pasture=2;WoodHouse=12","Agriculture;AnimalHusbandry;ClayExtraction;ControlledFire;HerbalKnowledge;KnowledgeSharing;Quarry"
636,Animal,1.15,60,1.2,0,144,40,104,0.278,80,500,"","Clay=67100.66;PlantFiber=63696.98;WoodLog=33043.88","ClayPit=2;Farm=2;FiberGatheringCamp=2;HealerHut=6;Pasture=2;WoodHouse=12","Agriculture;AnimalHusbandry;ClayExtraction;ControlledFire;HerbalKnowledge;KnowledgeSharing;Quarry"
637,Animal,1.15,60,1.2,0,144,40,104,0.278,80,500,"","Clay=67209.38;PlantFiber=63805.7;WoodLog=33103.88","ClayPit=2;Farm=2;FiberGatheringCamp=2;HealerHut=6;Pasture=2;WoodHouse=12","Agriculture;AnimalHusbandry;ClayExtraction;ControlledFire;HerbalKnowledge;KnowledgeSharing;Quarry"
638,Animal,1.15,60,1.2,0,144,40,104,0.278,80,500,"","Clay=67318.1;PlantFiber=63914.42;WoodLog=33163.88","ClayPit=2;Farm=2;FiberGatheringCamp=2;HealerHut=6;Pasture=2;WoodHouse=12","Agriculture;AnimalHusbandry;ClayExtraction;ControlledFire;HerbalKnowledge;KnowledgeSharing;Quarry"
639,Animal,1.15,60,1.2,0,144,40,104,0.278,80,500,"","Clay=67426.82;PlantFiber=64023.14;WoodLog=33223.88","ClayPit=2;Farm=2;FiberGatheringCamp=2;HealerHut=6;Pasture=2;WoodHouse=12","Agriculture;AnimalHusbandry;ClayExtraction;ControlledFire;HerbalKnowledge;KnowledgeSharing;Quarry"
640,Animal,1.15,60,1.2,0,144,40,104,0.278,80,500,"","Clay=67535.54;PlantFiber=64131.86;WoodLog=33283.88","ClayPit=2;Farm=2;FiberGatheringCamp=2;HealerHut=6;Pasture=2;WoodHouse=12","Agriculture;AnimalHusbandry;ClayExtraction;ControlledFire;HerbalKnowledge;KnowledgeSharing;Quarry"
641,Animal,1.15,60,1.2,0,144,40,104,0.278,80,500,"","Clay=67644.26;PlantFiber=64240.58;WoodLog=33343.88","ClayPit=2;Farm=2;FiberGatheringCamp=2;HealerHut=6;Pasture=2;WoodHouse=12","Agriculture;AnimalHusbandry;ClayExtraction;ControlledFire;HerbalKnowledge;KnowledgeSharing;Quarry"
642,Animal,1.15,60,1.2,0,144,40,104,0.278,80,500,"","Clay=67752.98;PlantFiber=64349.3;WoodLog=33403.88","ClayPit=2;Farm=2;FiberGatheringCamp=2;HealerHut=6;Pasture=2;WoodHouse=12","Agriculture;AnimalHusbandry;ClayExtraction;ControlledFire;HerbalKnowledge;KnowledgeSharing;Quarry"
643,Animal,1.15,60,1.2,0,144,40,104,0.278,80,500,"","Clay=67861.7;PlantFiber=64458.02;WoodLog=33463.88","ClayPit=2;Farm=2;FiberGatheringCamp=2;HealerHut=6;Pasture=2;WoodHouse=12","Agriculture;AnimalHusbandry;ClayExtraction;ControlledFire;HerbalKnowledge;KnowledgeSharing;Quarry"
644,Animal,1.15,60,1.2,0,144,40,104,0.278,80,500,"","Clay=67970.42;PlantFiber=64566.74;WoodLog=33523.88","ClayPit=2;Farm=2;FiberGatheringCamp=2;HealerHut=6;Pasture=2;WoodHouse=12","Agriculture;AnimalHusbandry;ClayExtraction;ControlledFire;HerbalKnowledge;KnowledgeSharing;Quarry"
645,Animal,1.15,60,1.2,0,144,40,104,0.278,80,500,"","Clay=68079.14;PlantFiber=64675.46;WoodLog=33583.88","ClayPit=2;Farm=2;FiberGatheringCamp=2;HealerHut=6;Pasture=2;WoodHouse=12","Agriculture;AnimalHusbandry;ClayExtraction;ControlledFire;HerbalKnowledge;KnowledgeSharing;Quarry"
646,Animal,1.15,60,1.2,0,144,40,104,0.278,80,500,"","Clay=68187.86;PlantFiber=64784.18;WoodLog=33643.88","ClayPit=2;Farm=2;FiberGatheringCamp=2;HealerHut=6;Pasture=2;WoodHouse=12","Agriculture;AnimalHusbandry;ClayExtraction;ControlledFire;HerbalKnowledge;KnowledgeSharing;Quarry"
647,Animal,1.15,60,1.2,0,144,40,104,0.278,80,500,"","Clay=68296.58;PlantFiber=64892.9;WoodLog=33703.88","ClayPit=2;Farm=2;FiberGatheringCamp=2;HealerHut=6;Pasture=2;WoodHouse=12","Agriculture;AnimalHusbandry;ClayExtraction;ControlledFire;HerbalKnowledge;KnowledgeSharing;Quarry"
648,Animal,1.15,60,1.2,0,144,40,104,0.278,80,500,"","Clay=68405.3;PlantFiber=65001.62;WoodLog=33763.88","ClayPit=2;Farm=2;FiberGatheringCamp=2;HealerHut=6;Pasture=2;WoodHouse=12","Agriculture;AnimalHusbandry;ClayExtraction;ControlledFire;HerbalKnowledge;KnowledgeSharing;Quarry"
649,Animal,1.15,60,1.2,0,144,40,104,0.278,80,500,"","Clay=68514.02;PlantFiber=65110.34;WoodLog=33823.88","ClayPit=2;Farm=2;FiberGatheringCamp=2;HealerHut=6;Pasture=2;WoodHouse=12","Agriculture;AnimalHusbandry;ClayExtraction;ControlledFire;HerbalKnowledge;KnowledgeSharing;Quarry"
650,Animal,1.15,60,1.2,0,144,40,104,0.278,80,500,"","Clay=68622.74;PlantFiber=65219.06;WoodLog=33883.88","ClayPit=2;Farm=2;FiberGatheringCamp=2;HealerHut=6;Pasture=2;WoodHouse=12","Agriculture;AnimalHusbandry;ClayExtraction;ControlledFire;HerbalKnowledge;KnowledgeSharing;Quarry"
651,Animal,1.15,60,1.2,0,144,40,104,0.278,80,500,"","Clay=68731.46;PlantFiber=65327.78;WoodLog=33943.88","ClayPit=2;Farm=2;FiberGatheringCamp=2;HealerHut=6;Pasture=2;WoodHouse=12","Agriculture;AnimalHusbandry;ClayExtraction;ControlledFire;HerbalKnowledge;KnowledgeSharing;Quarry"
652,Animal,1.15,60,1.2,0,144,40,104,0.278,80,500,"","Clay=68840.18;PlantFiber=65436.5;WoodLog=34003.88","ClayPit=2;Farm=2;FiberGatheringCamp=2;HealerHut=6;Pasture=2;WoodHouse=12","Agriculture;AnimalHusbandry;ClayExtraction;ControlledFire;HerbalKnowledge;KnowledgeSharing;Quarry"
653,Animal,1.15,60,1.2,0,144,40,104,0.278,80,500,"","Clay=68948.9;PlantFiber=65545.22;WoodLog=34063.88","ClayPit=2;Farm=2;FiberGatheringCamp=2;HealerHut=6;Pasture=2;WoodHouse=12","Agriculture;AnimalHusbandry;ClayExtraction;ControlledFire;HerbalKnowledge;KnowledgeSharing;Quarry"
654,Animal,1.15,60,1.2,0,144,40,104,0.278,80,500,"","Clay=69057.62;PlantFiber=65653.94;WoodLog=34123.88","ClayPit=2;Farm=2;FiberGatheringCamp=2;HealerHut=6;Pasture=2;WoodHouse=12","Agriculture;AnimalHusbandry;ClayExtraction;ControlledFire;HerbalKnowledge;KnowledgeSharing;Quarry"
655,Animal,1.15,60,1.2,0,144,40,104,0.278,80,500,"","Clay=69166.34;PlantFiber=65762.66;WoodLog=34183.88","ClayPit=2;Farm=2;FiberGatheringCamp=2;HealerHut=6;Pasture=2;WoodHouse=12","Agriculture;AnimalHusbandry;ClayExtraction;ControlledFire;HerbalKnowledge;KnowledgeSharing;Quarry"
656,Animal,1.15,60,1.2,0,144,40,104,0.278,80,500,"","Clay=69275.06;PlantFiber=65871.38;WoodLog=34243.88","ClayPit=2;Farm=2;FiberGatheringCamp=2;HealerHut=6;Pasture=2;WoodHouse=12","Agriculture;AnimalHusbandry;ClayExtraction;ControlledFire;HerbalKnowledge;KnowledgeSharing;Quarry"
657,Animal,1.15,60,1.2,0,144,40,104,0.278,80,500,"","Clay=69383.78;PlantFiber=65980.1;WoodLog=34303.88","ClayPit=2;Farm=2;FiberGatheringCamp=2;HealerHut=6;Pasture=2;WoodHouse=12","Agriculture;AnimalHusbandry;ClayExtraction;ControlledFire;HerbalKnowledge;KnowledgeSharing;Quarry"
658,Animal,1.15,60,1.2,0,144,40,104,0.278,80,500,"","Clay=69492.5;PlantFiber=66088.82;WoodLog=34363.88","ClayPit=2;Farm=2;FiberGatheringCamp=2;HealerHut=6;Pasture=2;WoodHouse=12","Agriculture;AnimalHusbandry;ClayExtraction;ControlledFire;HerbalKnowledge;KnowledgeSharing;Quarry"
659,Animal,1.15,60,1.2,0,144,40,104,0.278,80,500,"","Clay=69601.22;PlantFiber=66197.54;WoodLog=34423.88","ClayPit=2;Farm=2;FiberGatheringCamp=2;HealerHut=6;Pasture=2;WoodHouse=12","Agriculture;AnimalHusbandry;ClayExtraction;ControlledFire;HerbalKnowledge;KnowledgeSharing;Quarry"
660,Animal,1.15,60,1.2,0,144,40,104,0.278,80,500,"","Clay=69709.94;PlantFiber=66306.26;WoodLog=34483.88","ClayPit=2;Farm=2;FiberGatheringCamp=2;HealerHut=6;Pasture=2;WoodHouse=12","Agriculture;AnimalHusbandry;ClayExtraction;ControlledFire;HerbalKnowledge;KnowledgeSharing;Quarry"
661,Animal,1.15,60,1.2,0,144,40,104,0.278,80,500,"","Clay=69818.66;PlantFiber=66414.98;WoodLog=34543.88","ClayPit=2;Farm=2;FiberGatheringCamp=2;HealerHut=6;Pasture=2;WoodHouse=12","Agriculture;AnimalHusbandry;ClayExtraction;ControlledFire;HerbalKnowledge;KnowledgeSharing;Quarry"
662,Animal,1.15,60,1.2,0,144,40,104,0.278,80,500,"","Clay=69927.38;PlantFiber=66523.7;WoodLog=34603.88","ClayPit=2;Farm=2;FiberGatheringCamp=2;HealerHut=6;Pasture=2;WoodHouse=12","Agriculture;AnimalHusbandry;ClayExtraction;ControlledFire;HerbalKnowledge;KnowledgeSharing;Quarry"
663,Animal,1.15,60,1.2,0,144,40,104,0.278,80,500,"","Clay=70036.1;PlantFiber=66632.42;WoodLog=34663.88","ClayPit=2;Farm=2;FiberGatheringCamp=2;HealerHut=6;Pasture=2;WoodHouse=12","Agriculture;AnimalHusbandry;ClayExtraction;ControlledFire;HerbalKnowledge;KnowledgeSharing;Quarry"
664,Animal,1.15,60,1.2,0,144,40,104,0.278,80,500,"","Clay=70144.82;PlantFiber=66741.14;WoodLog=34723.88","ClayPit=2;Farm=2;FiberGatheringCamp=2;HealerHut=6;Pasture=2;WoodHouse=12","Agriculture;AnimalHusbandry;ClayExtraction;ControlledFire;HerbalKnowledge;KnowledgeSharing;Quarry"
665,Animal,1.15,60,1.2,0,144,40,104,0.278,80,500,"","Clay=70253.54;PlantFiber=66849.86;WoodLog=34783.88","ClayPit=2;Farm=2;FiberGatheringCamp=2;HealerHut=6;Pasture=2;WoodHouse=12","Agriculture;AnimalHusbandry;ClayExtraction;ControlledFire;HerbalKnowledge;KnowledgeSharing;Quarry"
666,Animal,1.15,60,1.2,0,144,40,104,0.278,80,500,"","Clay=70362.26;PlantFiber=66958.58;WoodLog=34843.88","ClayPit=2;Farm=2;FiberGatheringCamp=2;HealerHut=6;Pasture=2;WoodHouse=12","Agriculture;AnimalHusbandry;ClayExtraction;ControlledFire;HerbalKnowledge;KnowledgeSharing;Quarry"
667,Animal,1.15,60,1.2,0,144,40,104,0.278,80,500,"","Clay=70470.98;PlantFiber=67067.3;WoodLog=34903.88","ClayPit=2;Farm=2;FiberGatheringCamp=2;HealerHut=6;Pasture=2;WoodHouse=12","Agriculture;AnimalHusbandry;ClayExtraction;ControlledFire;HerbalKnowledge;KnowledgeSharing;Quarry"
668,Animal,1.15,60,1.2,0,144,40,104,0.278,80,500,"","Clay=70579.7;PlantFiber=67176.02;WoodLog=34963.88","ClayPit=2;Farm=2;FiberGatheringCamp=2;HealerHut=6;Pasture=2;WoodHouse=12","Agriculture;AnimalHusbandry;ClayExtraction;ControlledFire;HerbalKnowledge;KnowledgeSharing;Quarry"
669,Animal,1.15,60,1.2,0,144,40,104,0.278,80,500,"","Clay=70688.42;PlantFiber=67284.74;WoodLog=35023.88","ClayPit=2;Farm=2;FiberGatheringCamp=2;HealerHut=6;Pasture=2;WoodHouse=12","Agriculture;AnimalHusbandry;ClayExtraction;ControlledFire;HerbalKnowledge;KnowledgeSharing;Quarry"
670,Animal,1.15,60,1.2,0,144,40,104,0.278,80,500,"","Clay=70797.14;PlantFiber=67393.46;WoodLog=35083.88","ClayPit=2;Farm=2;FiberGatheringCamp=2;HealerHut=6;Pasture=2;WoodHouse=12","Agriculture;AnimalHusbandry;ClayExtraction;ControlledFire;HerbalKnowledge;KnowledgeSharing;Quarry"
671,Animal,1.15,60,1.2,0,144,40,104,0.278,80,500,"","Clay=70905.86;PlantFiber=67502.18;WoodLog=35143.88","ClayPit=2;Farm=2;FiberGatheringCamp=2;HealerHut=6;Pasture=2;WoodHouse=12","Agriculture;AnimalHusbandry;ClayExtraction;ControlledFire;HerbalKnowledge;KnowledgeSharing;Quarry"
672,Animal,1.15,60,1.2,0,144,40,104,0.278,80,500,"","Clay=71014.58;PlantFiber=67610.9;WoodLog=35203.88","ClayPit=2;Farm=2;FiberGatheringCamp=2;HealerHut=6;Pasture=2;WoodHouse=12","Agriculture;AnimalHusbandry;ClayExtraction;ControlledFire;HerbalKnowledge;KnowledgeSharing;Quarry"
673,Animal,1.15,60,1.2,0,144,40,104,0.278,80,500,"","Clay=71123.3;PlantFiber=67719.62;WoodLog=35263.88","ClayPit=2;Farm=2;FiberGatheringCamp=2;HealerHut=6;Pasture=2;WoodHouse=12","Agriculture;AnimalHusbandry;ClayExtraction;ControlledFire;HerbalKnowledge;KnowledgeSharing;Quarry"
674,Animal,1.15,60,1.2,0,144,40,104,0.278,80,500,"","Clay=71232.02;PlantFiber=67828.34;WoodLog=35323.88","ClayPit=2;Farm=2;FiberGatheringCamp=2;HealerHut=6;Pasture=2;WoodHouse=12","Agriculture;AnimalHusbandry;ClayExtraction;ControlledFire;HerbalKnowledge;KnowledgeSharing;Quarry"
675,Animal,1.15,60,1.2,0,144,40,104,0.278,80,500,"","Clay=71340.74;PlantFiber=67937.06;WoodLog=35383.88","ClayPit=2;Farm=2;FiberGatheringCamp=2;HealerHut=6;Pasture=2;WoodHouse=12","Agriculture;AnimalHusbandry;ClayExtraction;ControlledFire;HerbalKnowledge;KnowledgeSharing;Quarry"
676,Animal,1.15,60,1.2,0,144,40,104,0.278,80,500,"","Clay=71449.46;PlantFiber=68045.78;WoodLog=35443.88","ClayPit=2;Farm=2;FiberGatheringCamp=2;HealerHut=6;Pasture=2;WoodHouse=12","Agriculture;AnimalHusbandry;ClayExtraction;ControlledFire;HerbalKnowledge;KnowledgeSharing;Quarry"
677,Animal,1.15,60,1.2,0,144,40,104,0.278,80,500,"","Clay=71558.18;PlantFiber=68154.5;WoodLog=35503.88","ClayPit=2;Farm=2;FiberGatheringCamp=2;HealerHut=6;Pasture=2;WoodHouse=12","Agriculture;AnimalHusbandry;ClayExtraction;ControlledFire;HerbalKnowledge;KnowledgeSharing;Quarry"
678,Animal,1.15,60,1.2,0,144,40,104,0.278,80,500,"","Clay=71666.9;PlantFiber=68263.22;WoodLog=35563.88","ClayPit=2;Farm=2;FiberGatheringCamp=2;HealerHut=6;Pasture=2;WoodHouse=12","Agriculture;AnimalHusbandry;ClayExtraction;ControlledFire;HerbalKnowledge;KnowledgeSharing;Quarry"
679,Animal,1.15,60,1.2,0,144,40,104,0.278,80,500,"","Clay=71775.62;PlantFiber=68371.94;WoodLog=35623.88","ClayPit=2;Farm=2;FiberGatheringCamp=2;HealerHut=6;Pasture=2;WoodHouse=12","Agriculture;AnimalHusbandry;ClayExtraction;ControlledFire;HerbalKnowledge;KnowledgeSharing;Quarry"
680,Animal,1.15,60,1.2,0,144,40,104,0.278,80,500,"","Clay=71884.34;PlantFiber=68480.66;WoodLog=35683.88","ClayPit=2;Farm=2;FiberGatheringCamp=2;HealerHut=6;Pasture=2;WoodHouse=12","Agriculture;AnimalHusbandry;ClayExtraction;ControlledFire;HerbalKnowledge;KnowledgeSharing;Quarry"
681,Animal,1.15,60,1.2,0,144,40,104,0.278,80,500,"","Clay=71993.06;PlantFiber=68589.38;WoodLog=35743.88","ClayPit=2;Farm=2;FiberGatheringCamp=2;HealerHut=6;Pasture=2;WoodHouse=12","Agriculture;AnimalHusbandry;ClayExtraction;ControlledFire;HerbalKnowledge;KnowledgeSharing;Quarry"
682,Animal,1.15,60,1.2,0,144,40,104,0.278,80,500,"","Clay=72101.78;PlantFiber=68698.1;WoodLog=35803.88","ClayPit=2;Farm=2;FiberGatheringCamp=2;HealerHut=6;Pasture=2;WoodHouse=12","Agriculture;AnimalHusbandry;ClayExtraction;ControlledFire;HerbalKnowledge;KnowledgeSharing;Quarry"
683,Animal,1.15,60,1.2,0,144,40,104,0.278,80,500,"","Clay=72210.5;PlantFiber=68806.82;WoodLog=35863.88","ClayPit=2;Farm=2;FiberGatheringCamp=2;HealerHut=6;Pasture=2;WoodHouse=12","Agriculture;AnimalHusbandry;ClayExtraction;ControlledFire;HerbalKnowledge;KnowledgeSharing;Quarry"
684,Animal,1.15,60,1.2,0,144,40,104,0.278,80,500,"","Clay=72319.22;PlantFiber=68915.54;WoodLog=35923.88","ClayPit=2;Farm=2;FiberGatheringCamp=2;HealerHut=6;Pasture=2;WoodHouse=12","Agriculture;AnimalHusbandry;ClayExtraction;ControlledFire;HerbalKnowledge;KnowledgeSharing;Quarry"
685,Animal,1.15,60,1.2,0,144,40,104,0.278,80,500,"","Clay=72427.94;PlantFiber=69024.26;WoodLog=35983.88","ClayPit=2;Farm=2;FiberGatheringCamp=2;HealerHut=6;Pasture=2;WoodHouse=12","Agriculture;AnimalHusbandry;ClayExtraction;ControlledFire;HerbalKnowledge;KnowledgeSharing;Quarry"
686,Animal,1.15,60,1.2,0,144,40,104,0.278,80,500,"","Clay=72536.66;PlantFiber=69132.98;WoodLog=36043.88","ClayPit=2;Farm=2;FiberGatheringCamp=2;HealerHut=6;Pasture=2;WoodHouse=12","Agriculture;AnimalHusbandry;ClayExtraction;ControlledFire;HerbalKnowledge;KnowledgeSharing;Quarry"
687,Animal,1.15,60,1.2,0,144,40,104,0.278,80,500,"","Clay=72645.38;PlantFiber=69241.7;WoodLog=36103.88","ClayPit=2;Farm=2;FiberGatheringCamp=2;HealerHut=6;Pasture=2;WoodHouse=12","Agriculture;AnimalHusbandry;ClayExtraction;ControlledFire;HerbalKnowledge;KnowledgeSharing;Quarry"
688,Animal,1.15,60,1.2,0,144,40,104,0.278,80,500,"","Clay=72754.1;PlantFiber=69350.42;WoodLog=36163.88","ClayPit=2;Farm=2;FiberGatheringCamp=2;HealerHut=6;Pasture=2;WoodHouse=12","Agriculture;AnimalHusbandry;ClayExtraction;ControlledFire;HerbalKnowledge;KnowledgeSharing;Quarry"
689,Animal,1.15,60,1.2,0,144,40,104,0.278,80,500,"","Clay=72862.82;PlantFiber=69459.14;WoodLog=36223.88","ClayPit=2;Farm=2;FiberGatheringCamp=2;HealerHut=6;Pasture=2;WoodHouse=12","Agriculture;AnimalHusbandry;ClayExtraction;ControlledFire;HerbalKnowledge;KnowledgeSharing;Quarry"
690,Animal,1.15,60,1.2,0,144,40,104,0.278,80,500,"","Clay=72971.54;PlantFiber=69567.86;WoodLog=36283.88","ClayPit=2;Farm=2;FiberGatheringCamp=2;HealerHut=6;Pasture=2;WoodHouse=12","Agriculture;AnimalHusbandry;ClayExtraction;ControlledFire;HerbalKnowledge;KnowledgeSharing;Quarry"
691,Animal,1.15,60,1.2,0,144,40,104,0.278,80,500,"","Clay=73080.26;PlantFiber=69676.58;WoodLog=36343.88","ClayPit=2;Farm=2;FiberGatheringCamp=2;HealerHut=6;Pasture=2;WoodHouse=12","Agriculture;AnimalHusbandry;ClayExtraction;ControlledFire;HerbalKnowledge;KnowledgeSharing;Quarry"
692,Animal,1.15,60,1.2,0,144,40,104,0.278,80,500,"","Clay=73188.98;PlantFiber=69785.3;WoodLog=36403.88","ClayPit=2;Farm=2;FiberGatheringCamp=2;HealerHut=6;Pasture=2;WoodHouse=12","Agriculture;AnimalHusbandry;ClayExtraction;ControlledFire;HerbalKnowledge;KnowledgeSharing;Quarry"
693,Animal,1.15,60,1.2,0,144,40,104,0.278,80,500,"","Clay=73297.7;PlantFiber=69894.02;WoodLog=36463.88","ClayPit=2;Farm=2;FiberGatheringCamp=2;HealerHut=6;Pasture=2;WoodHouse=12","Agriculture;AnimalHusbandry;ClayExtraction;ControlledFire;HerbalKnowledge;KnowledgeSharing;Quarry"
694,Animal,1.15,60,1.2,0,144,40,104,0.278,80,500,"","Clay=73406.42;PlantFiber=70002.74;WoodLog=36523.88","ClayPit=2;Farm=2;FiberGatheringCamp=2;HealerHut=6;Pasture=2;WoodHouse=12","Agriculture;AnimalHusbandry;ClayExtraction;ControlledFire;HerbalKnowledge;KnowledgeSharing;Quarry"
695,Animal,1.15,60,1.2,0,144,40,104,0.278,80,500,"","Clay=73515.14;PlantFiber=70111.46;WoodLog=36583.88","ClayPit=2;Farm=2;FiberGatheringCamp=2;HealerHut=6;Pasture=2;WoodHouse=12","Agriculture;AnimalHusbandry;ClayExtraction;ControlledFire;HerbalKnowledge;KnowledgeSharing;Quarry"
696,Animal,1.15,60,1.2,0,144,40,104,0.278,80,500,"","Clay=73623.86;PlantFiber=70220.18;WoodLog=36643.88","ClayPit=2;Farm=2;FiberGatheringCamp=2;HealerHut=6;Pasture=2;WoodHouse=12","Agriculture;AnimalHusbandry;ClayExtraction;ControlledFire;HerbalKnowledge;KnowledgeSharing;Quarry"
697,Animal,1.15,60,1.2,0,144,40,104,0.278,80,500,"","Clay=73732.58;PlantFiber=70328.9;WoodLog=36703.88","ClayPit=2;Farm=2;FiberGatheringCamp=2;HealerHut=6;Pasture=2;WoodHouse=12","Agriculture;AnimalHusbandry;ClayExtraction;ControlledFire;HerbalKnowledge;KnowledgeSharing;Quarry"
698,Animal,1.15,60,1.2,0,144,40,104,0.278,80,500,"","Clay=73841.3;PlantFiber=70437.62;WoodLog=36763.88","ClayPit=2;Farm=2;FiberGatheringCamp=2;HealerHut=6;Pasture=2;WoodHouse=12","Agriculture;AnimalHusbandry;ClayExtraction;ControlledFire;HerbalKnowledge;KnowledgeSharing;Quarry"
699,Animal,1.15,60,1.2,0,144,40,104,0.278,80,500,"","Clay=73950.02;PlantFiber=70546.34;WoodLog=36823.88","ClayPit=2;Farm=2;FiberGatheringCamp=2;HealerHut=6;Pasture=2;WoodHouse=12","Agriculture;AnimalHusbandry;ClayExtraction;ControlledFire;HerbalKnowledge;KnowledgeSharing;Quarry"
700,Animal,1.15,60,1.2,0,144,40,104,0.278,80,500,"","Clay=74058.74;PlantFiber=70655.06;WoodLog=36883.88","ClayPit=2;Farm=2;FiberGatheringCamp=2;HealerHut=6;Pasture=2;WoodHouse=12","Agriculture;AnimalHusbandry;ClayExtraction;ControlledFire;HerbalKnowledge;KnowledgeSharing;Quarry"
701,Animal,1.15,60,1.2,0,144,40,104,0.278,80,500,"","Clay=74167.46;PlantFiber=70763.78;WoodLog=36943.88","ClayPit=2;Farm=2;FiberGatheringCamp=2;HealerHut=6;Pasture=2;WoodHouse=12","Agriculture;AnimalHusbandry;ClayExtraction;ControlledFire;HerbalKnowledge;KnowledgeSharing;Quarry"
702,Animal,1.15,60,1.2,0,144,40,104,0.278,80,500,"","Clay=74276.18;PlantFiber=70872.5;WoodLog=37003.88","ClayPit=2;Farm=2;FiberGatheringCamp=2;HealerHut=6;Pasture=2;WoodHouse=12","Agriculture;AnimalHusbandry;ClayExtraction;ControlledFire;HerbalKnowledge;KnowledgeSharing;Quarry"
703,Animal,1.15,60,1.2,0,144,40,104,0.278,80,500,"","Clay=74384.9;PlantFiber=70981.22;WoodLog=37063.88","ClayPit=2;Farm=2;FiberGatheringCamp=2;HealerHut=6;Pasture=2;WoodHouse=12","Agriculture;AnimalHusbandry;ClayExtraction;ControlledFire;HerbalKnowledge;KnowledgeSharing;Quarry"
704,Animal,1.15,60,1.2,0,144,40,104,0.278,80,500,"","Clay=74493.62;PlantFiber=71089.94;WoodLog=37123.88","ClayPit=2;Farm=2;FiberGatheringCamp=2;HealerHut=6;Pasture=2;WoodHouse=12","Agriculture;AnimalHusbandry;ClayExtraction;ControlledFire;HerbalKnowledge;KnowledgeSharing;Quarry"
705,Animal,1.15,60,1.2,0,144,40,104,0.278,80,500,"","Clay=74602.34;PlantFiber=71198.66;WoodLog=37183.88","ClayPit=2;Farm=2;FiberGatheringCamp=2;HealerHut=6;Pasture=2;WoodHouse=12","Agriculture;AnimalHusbandry;ClayExtraction;ControlledFire;HerbalKnowledge;KnowledgeSharing;Quarry"
706,Animal,1.15,60,1.2,0,144,40,104,0.278,80,500,"","Clay=74711.06;PlantFiber=71307.38;WoodLog=37243.88","ClayPit=2;Farm=2;FiberGatheringCamp=2;HealerHut=6;Pasture=2;WoodHouse=12","Agriculture;AnimalHusbandry;ClayExtraction;ControlledFire;HerbalKnowledge;KnowledgeSharing;Quarry"
707,Animal,1.15,60,1.2,0,144,40,104,0.278,80,500,"","Clay=74819.78;PlantFiber=71416.1;WoodLog=37303.88","ClayPit=2;Farm=2;FiberGatheringCamp=2;HealerHut=6;Pasture=2;WoodHouse=12","Agriculture;AnimalHusbandry;ClayExtraction;ControlledFire;HerbalKnowledge;KnowledgeSharing;Quarry"
708,Animal,1.15,60,1.2,0,144,40,104,0.278,80,500,"","Clay=74928.5;PlantFiber=71524.82;WoodLog=37363.88","ClayPit=2;Farm=2;FiberGatheringCamp=2;HealerHut=6;Pasture=2;WoodHouse=12","Agriculture;AnimalHusbandry;ClayExtraction;ControlledFire;HerbalKnowledge;KnowledgeSharing;Quarry"
709,Animal,1.15,60,1.2,0,144,40,104,0.278,80,500,"","Clay=75037.22;PlantFiber=71633.54;WoodLog=37423.88","ClayPit=2;Farm=2;FiberGatheringCamp=2;HealerHut=6;Pasture=2;WoodHouse=12","Agriculture;AnimalHusbandry;ClayExtraction;ControlledFire;HerbalKnowledge;KnowledgeSharing;Quarry"
710,Animal,1.15,60,1.2,0,144,40,104,0.278,80,500,"","Clay=75145.94;PlantFiber=71742.26;WoodLog=37483.88","ClayPit=2;Farm=2;FiberGatheringCamp=2;HealerHut=6;Pasture=2;WoodHouse=12","Agriculture;AnimalHusbandry;ClayExtraction;ControlledFire;HerbalKnowledge;KnowledgeSharing;Quarry"
711,Animal,1.15,60,1.2,0,144,40,104,0.278,80,500,"","Clay=75254.66;PlantFiber=71850.98;WoodLog=37543.88","ClayPit=2;Farm=2;FiberGatheringCamp=2;HealerHut=6;Pasture=2;WoodHouse=12","Agriculture;AnimalHusbandry;ClayExtraction;ControlledFire;HerbalKnowledge;KnowledgeSharing;Quarry"
712,Animal,1.15,60,1.2,0,144,40,104,0.278,80,500,"","Clay=75363.38;PlantFiber=71959.7;WoodLog=37603.88","ClayPit=2;Farm=2;FiberGatheringCamp=2;HealerHut=6;Pasture=2;WoodHouse=12","Agriculture;AnimalHusbandry;ClayExtraction;ControlledFire;HerbalKnowledge;KnowledgeSharing;Quarry"
713,Animal,1.15,60,1.2,0,144,40,104,0.278,80,500,"","Clay=75472.1;PlantFiber=72068.42;WoodLog=37663.88","ClayPit=2;Farm=2;FiberGatheringCamp=2;HealerHut=6;Pasture=2;WoodHouse=12","Agriculture;AnimalHusbandry;ClayExtraction;ControlledFire;HerbalKnowledge;KnowledgeSharing;Quarry"
714,Animal,1.15,60,1.2,0,144,40,104,0.278,80,500,"","Clay=75580.82;PlantFiber=72177.14;WoodLog=37723.88","ClayPit=2;Farm=2;FiberGatheringCamp=2;HealerHut=6;Pasture=2;WoodHouse=12","Agriculture;AnimalHusbandry;ClayExtraction;ControlledFire;HerbalKnowledge;KnowledgeSharing;Quarry"
715,Animal,1.15,60,1.2,0,144,40,104,0.278,80,500,"","Clay=75689.54;PlantFiber=72285.86;WoodLog=37783.88","ClayPit=2;Farm=2;FiberGatheringCamp=2;HealerHut=6;Pasture=2;WoodHouse=12","Agriculture;AnimalHusbandry;ClayExtraction;ControlledFire;HerbalKnowledge;KnowledgeSharing;Quarry"
716,Animal,1.15,60,1.2,0,144,40,104,0.278,80,500,"","Clay=75798.26;PlantFiber=72394.58;WoodLog=37843.88","ClayPit=2;Farm=2;FiberGatheringCamp=2;HealerHut=6;Pasture=2;WoodHouse=12","Agriculture;AnimalHusbandry;ClayExtraction;ControlledFire;HerbalKnowledge;KnowledgeSharing;Quarry"
717,Animal,1.15,60,1.2,0,144,40,104,0.278,80,500,"","Clay=75906.98;PlantFiber=72503.3;WoodLog=37903.88","ClayPit=2;Farm=2;FiberGatheringCamp=2;HealerHut=6;Pasture=2;WoodHouse=12","Agriculture;AnimalHusbandry;ClayExtraction;ControlledFire;HerbalKnowledge;KnowledgeSharing;Quarry"
718,Animal,1.15,60,1.2,0,144,40,104,0.278,80,500,"","Clay=76015.7;PlantFiber=72612.02;WoodLog=37963.88","ClayPit=2;Farm=2;FiberGatheringCamp=2;HealerHut=6;Pasture=2;WoodHouse=12","Agriculture;AnimalHusbandry;ClayExtraction;ControlledFire;HerbalKnowledge;KnowledgeSharing;Quarry"
719,Animal,1.15,60,1.2,0,144,40,104,0.278,80,500,"","Clay=76124.42;PlantFiber=72720.74;WoodLog=38023.88","ClayPit=2;Farm=2;FiberGatheringCamp=2;HealerHut=6;Pasture=2;WoodHouse=12","Agriculture;AnimalHusbandry;ClayExtraction;ControlledFire;HerbalKnowledge;KnowledgeSharing;Quarry"
720,Animal,1.15,60,1.2,0,144,40,104,0.278,80,500,"","Clay=76233.14;PlantFiber=72829.46;WoodLog=38083.88","ClayPit=2;Farm=2;FiberGatheringCamp=2;HealerHut=6;Pasture=2;WoodHouse=12","Agriculture;AnimalHusbandry;ClayExtraction;ControlledFire;HerbalKnowledge;KnowledgeSharing;Quarry"
721,Animal,1.15,60,1.2,0,144,40,104,0.278,80,500,"","Clay=76341.86;PlantFiber=72938.18;WoodLog=38143.88","ClayPit=2;Farm=2;FiberGatheringCamp=2;HealerHut=6;Pasture=2;WoodHouse=12","Agriculture;AnimalHusbandry;ClayExtraction;ControlledFire;HerbalKnowledge;KnowledgeSharing;Quarry"
722,Animal,1.15,60,1.2,0,144,40,104,0.278,80,500,"","Clay=76450.58;PlantFiber=73046.9;WoodLog=38203.88","ClayPit=2;Farm=2;FiberGatheringCamp=2;HealerHut=6;Pasture=2;WoodHouse=12","Agriculture;AnimalHusbandry;ClayExtraction;ControlledFire;HerbalKnowledge;KnowledgeSharing;Quarry"
723,Animal,1.15,60,1.2,0,144,40,104,0.278,80,500,"","Clay=76559.3;PlantFiber=73155.62;WoodLog=38263.88","ClayPit=2;Farm=2;FiberGatheringCamp=2;HealerHut=6;Pasture=2;WoodHouse=12","Agriculture;AnimalHusbandry;ClayExtraction;ControlledFire;HerbalKnowledge;KnowledgeSharing;Quarry"
724,Animal,1.15,60,1.2,0,144,40,104,0.278,80,500,"","Clay=76668.02;PlantFiber=73264.34;WoodLog=38323.88","ClayPit=2;Farm=2;FiberGatheringCamp=2;HealerHut=6;Pasture=2;WoodHouse=12","Agriculture;AnimalHusbandry;ClayExtraction;ControlledFire;HerbalKnowledge;KnowledgeSharing;Quarry"
725,Animal,1.15,60,1.2,0,144,40,104,0.278,80,500,"","Clay=76776.74;PlantFiber=73373.06;WoodLog=38383.88","ClayPit=2;Farm=2;FiberGatheringCamp=2;HealerHut=6;Pasture=2;WoodHouse=12","Agriculture;AnimalHusbandry;ClayExtraction;ControlledFire;HerbalKnowledge;KnowledgeSharing;Quarry"
726,Animal,1.15,60,1.2,0,144,40,104,0.278,80,500,"","Clay=76885.46;PlantFiber=73481.78;WoodLog=38443.88","ClayPit=2;Farm=2;FiberGatheringCamp=2;HealerHut=6;Pasture=2;WoodHouse=12","Agriculture;AnimalHusbandry;ClayExtraction;ControlledFire;HerbalKnowledge;KnowledgeSharing;Quarry"
727,Animal,1.15,60,1.2,0,144,40,104,0.278,80,500,"","Clay=76994.18;PlantFiber=73590.5;WoodLog=38503.88","ClayPit=2;Farm=2;FiberGatheringCamp=2;HealerHut=6;Pasture=2;WoodHouse=12","Agriculture;AnimalHusbandry;ClayExtraction;ControlledFire;HerbalKnowledge;KnowledgeSharing;Quarry"
728,Animal,1.15,60,1.2,0,144,40,104,0.278,80,500,"","Clay=77102.9;PlantFiber=73699.22;WoodLog=38563.88","ClayPit=2;Farm=2;FiberGatheringCamp=2;HealerHut=6;Pasture=2;WoodHouse=12","Agriculture;AnimalHusbandry;ClayExtraction;ControlledFire;HerbalKnowledge;KnowledgeSharing;Quarry"
729,Animal,1.15,60,1.2,0,144,40,104,0.278,80,500,"","Clay=77211.62;PlantFiber=73807.94;WoodLog=38623.88","ClayPit=2;Farm=2;FiberGatheringCamp=2;HealerHut=6;Pasture=2;WoodHouse=12","Agriculture;AnimalHusbandry;ClayExtraction;ControlledFire;HerbalKnowledge;KnowledgeSharing;Quarry"
730,Animal,1.15,60,1.2,0,144,40,104,0.278,80,500,"","Clay=77320.34;PlantFiber=73916.66;WoodLog=38683.88","ClayPit=2;Farm=2;FiberGatheringCamp=2;HealerHut=6;Pasture=2;WoodHouse=12","Agriculture;AnimalHusbandry;ClayExtraction;ControlledFire;HerbalKnowledge;KnowledgeSharing;Quarry"
731,Animal,1.15,60,1.2,0,144,40,104,0.278,80,500,"","Clay=77429.06;PlantFiber=74025.38;WoodLog=38743.88","ClayPit=2;Farm=2;FiberGatheringCamp=2;HealerHut=6;Pasture=2;WoodHouse=12","Agriculture;AnimalHusbandry;ClayExtraction;ControlledFire;HerbalKnowledge;KnowledgeSharing;Quarry"
732,Animal,1.15,60,1.2,0,144,40,104,0.278,80,500,"","Clay=77537.78;PlantFiber=74134.1;WoodLog=38803.88","ClayPit=2;Farm=2;FiberGatheringCamp=2;HealerHut=6;Pasture=2;WoodHouse=12","Agriculture;AnimalHusbandry;ClayExtraction;ControlledFire;HerbalKnowledge;KnowledgeSharing;Quarry"
733,Animal,1.15,60,1.2,0,144,40,104,0.278,80,500,"","Clay=77646.5;PlantFiber=74242.82;WoodLog=38863.88","ClayPit=2;Farm=2;FiberGatheringCamp=2;HealerHut=6;Pasture=2;WoodHouse=12","Agriculture;AnimalHusbandry;ClayExtraction;ControlledFire;HerbalKnowledge;KnowledgeSharing;Quarry"
734,Animal,1.15,60,1.2,0,144,40,104,0.278,80,500,"","Clay=77755.22;PlantFiber=74351.54;WoodLog=38923.88","ClayPit=2;Farm=2;FiberGatheringCamp=2;HealerHut=6;Pasture=2;WoodHouse=12","Agriculture;AnimalHusbandry;ClayExtraction;ControlledFire;HerbalKnowledge;KnowledgeSharing;Quarry"
735,Animal,1.15,60,1.2,0,144,40,104,0.278,80,500,"","Clay=77863.94;PlantFiber=74460.26;WoodLog=38983.88","ClayPit=2;Farm=2;FiberGatheringCamp=2;HealerHut=6;Pasture=2;WoodHouse=12","Agriculture;AnimalHusbandry;ClayExtraction;ControlledFire;HerbalKnowledge;KnowledgeSharing;Quarry"
736,Animal,1.15,60,1.2,0,144,40,104,0.278,80,500,"","Clay=77972.66;PlantFiber=74568.98;WoodLog=39043.88","ClayPit=2;Farm=2;FiberGatheringCamp=2;HealerHut=6;Pasture=2;WoodHouse=12","Agriculture;AnimalHusbandry;ClayExtraction;ControlledFire;HerbalKnowledge;KnowledgeSharing;Quarry"
737,Animal,1.15,60,1.2,0,144,40,104,0.278,80,500,"","Clay=78081.38;PlantFiber=74677.7;WoodLog=39103.88","ClayPit=2;Farm=2;FiberGatheringCamp=2;HealerHut=6;Pasture=2;WoodHouse=12","Agriculture;AnimalHusbandry;ClayExtraction;ControlledFire;HerbalKnowledge;KnowledgeSharing;Quarry"
738,Animal,1.15,60,1.2,0,144,40,104,0.278,80,500,"","Clay=78190.1;PlantFiber=74786.42;WoodLog=39163.88","ClayPit=2;Farm=2;FiberGatheringCamp=2;HealerHut=6;Pasture=2;WoodHouse=12","Agriculture;AnimalHusbandry;ClayExtraction;ControlledFire;HerbalKnowledge;KnowledgeSharing;Quarry"
739,Animal,1.15,60,1.2,0,144,40,104,0.278,80,500,"","Clay=78298.82;PlantFiber=74895.14;WoodLog=39223.88","ClayPit=2;Farm=2;FiberGatheringCamp=2;HealerHut=6;Pasture=2;WoodHouse=12","Agriculture;AnimalHusbandry;ClayExtraction;ControlledFire;HerbalKnowledge;KnowledgeSharing;Quarry"
740,Animal,1.15,60,1.2,0,144,40,104,0.278,80,500,"","Clay=78407.54;PlantFiber=75003.86;WoodLog=39283.88","ClayPit=2;Farm=2;FiberGatheringCamp=2;HealerHut=6;Pasture=2;WoodHouse=12","Agriculture;AnimalHusbandry;ClayExtraction;ControlledFire;HerbalKnowledge;KnowledgeSharing;Quarry"
741,Animal,1.15,60,1.2,0,144,40,104,0.278,80,500,"","Clay=78516.26;PlantFiber=75112.58;WoodLog=39343.88","ClayPit=2;Farm=2;FiberGatheringCamp=2;HealerHut=6;Pasture=2;WoodHouse=12","Agriculture;AnimalHusbandry;ClayExtraction;ControlledFire;HerbalKnowledge;KnowledgeSharing;Quarry"
742,Animal,1.15,60,1.2,0,144,40,104,0.278,80,500,"","Clay=78624.98;PlantFiber=75221.3;WoodLog=39403.88","ClayPit=2;Farm=2;FiberGatheringCamp=2;HealerHut=6;Pasture=2;WoodHouse=12","Agriculture;AnimalHusbandry;ClayExtraction;ControlledFire;HerbalKnowledge;KnowledgeSharing;Quarry"
743,Animal,1.15,60,1.2,0,144,40,104,0.278,80,500,"","Clay=78733.7;PlantFiber=75330.02;WoodLog=39463.88","ClayPit=2;Farm=2;FiberGatheringCamp=2;HealerHut=6;Pasture=2;WoodHouse=12","Agriculture;AnimalHusbandry;ClayExtraction;ControlledFire;HerbalKnowledge;KnowledgeSharing;Quarry"
744,Animal,1.15,60,1.2,0,144,40,104,0.278,80,500,"","Clay=78842.42;PlantFiber=75438.74;WoodLog=39523.88","ClayPit=2;Farm=2;FiberGatheringCamp=2;HealerHut=6;Pasture=2;WoodHouse=12","Agriculture;AnimalHusbandry;ClayExtraction;ControlledFire;HerbalKnowledge;KnowledgeSharing;Quarry"
745,Animal,1.15,60,1.2,0,144,40,104,0.278,80,500,"","Clay=78951.14;PlantFiber=75547.46;WoodLog=39583.88","ClayPit=2;Farm=2;FiberGatheringCamp=2;HealerHut=6;Pasture=2;WoodHouse=12","Agriculture;AnimalHusbandry;ClayExtraction;ControlledFire;HerbalKnowledge;KnowledgeSharing;Quarry"
746,Animal,1.15,60,1.2,0,144,40,104,0.278,80,500,"","Clay=79059.86;PlantFiber=75656.18;WoodLog=39643.88","ClayPit=2;Farm=2;FiberGatheringCamp=2;HealerHut=6;Pasture=2;WoodHouse=12","Agriculture;AnimalHusbandry;ClayExtraction;ControlledFire;HerbalKnowledge;KnowledgeSharing;Quarry"
747,Animal,1.15,60,1.2,0,144,40,104,0.278,80,500,"","Clay=79168.58;PlantFiber=75764.9;WoodLog=39703.88","ClayPit=2;Farm=2;FiberGatheringCamp=2;HealerHut=6;Pasture=2;WoodHouse=12","Agriculture;AnimalHusbandry;ClayExtraction;ControlledFire;HerbalKnowledge;KnowledgeSharing;Quarry"
748,Animal,1.15,60,1.2,0,144,40,104,0.278,80,500,"","Clay=79277.3;PlantFiber=75873.62;WoodLog=39763.88","ClayPit=2;Farm=2;FiberGatheringCamp=2;HealerHut=6;Pasture=2;WoodHouse=12","Agriculture;AnimalHusbandry;ClayExtraction;ControlledFire;HerbalKnowledge;KnowledgeSharing;Quarry"
749,Animal,1.15,60,1.2,0,144,40,104,0.278,80,500,"","Clay=79386.02;PlantFiber=75982.34;WoodLog=39823.88","ClayPit=2;Farm=2;FiberGatheringCamp=2;HealerHut=6;Pasture=2;WoodHouse=12","Agriculture;AnimalHusbandry;ClayExtraction;ControlledFire;HerbalKnowledge;KnowledgeSharing;Quarry"
750,Animal,1.15,60,1.2,0,144,40,104,0.278,80,500,"","Clay=79494.74;PlantFiber=76091.06;WoodLog=39883.88","ClayPit=2;Farm=2;FiberGatheringCamp=2;HealerHut=6;Pasture=2;WoodHouse=12","Agriculture;AnimalHusbandry;ClayExtraction;ControlledFire;HerbalKnowledge;KnowledgeSharing;Quarry"
751,Animal,1.15,60,1.2,0,144,40,104,0.278,80,500,"","Clay=79603.46;PlantFiber=76199.78;WoodLog=39943.88","ClayPit=2;Farm=2;FiberGatheringCamp=2;HealerHut=6;Pasture=2;WoodHouse=12","Agriculture;AnimalHusbandry;ClayExtraction;ControlledFire;HerbalKnowledge;KnowledgeSharing;Quarry"
752,Animal,1.15,60,1.2,0,144,40,104,0.278,80,500,"","Clay=79712.18;PlantFiber=76308.5;WoodLog=40003.88","ClayPit=2;Farm=2;FiberGatheringCamp=2;HealerHut=6;Pasture=2;WoodHouse=12","Agriculture;AnimalHusbandry;ClayExtraction;ControlledFire;HerbalKnowledge;KnowledgeSharing;Quarry"
753,Animal,1.15,60,1.2,0,144,40,104,0.278,80,500,"","Clay=79820.9;PlantFiber=76417.22;WoodLog=40063.88","ClayPit=2;Farm=2;FiberGatheringCamp=2;HealerHut=6;Pasture=2;WoodHouse=12","Agriculture;AnimalHusbandry;ClayExtraction;ControlledFire;HerbalKnowledge;KnowledgeSharing;Quarry"
754,Animal,1.15,60,1.2,0,144,40,104,0.278,80,500,"","Clay=79929.62;PlantFiber=76525.94;WoodLog=40123.88","ClayPit=2;Farm=2;FiberGatheringCamp=2;HealerHut=6;Pasture=2;WoodHouse=12","Agriculture;AnimalHusbandry;ClayExtraction;ControlledFire;HerbalKnowledge;KnowledgeSharing;Quarry"
755,Animal,1.15,60,1.2,0,144,40,104,0.278,80,500,"","Clay=80038.34;PlantFiber=76634.66;WoodLog=40183.88","ClayPit=2;Farm=2;FiberGatheringCamp=2;HealerHut=6;Pasture=2;WoodHouse=12","Agriculture;AnimalHusbandry;ClayExtraction;ControlledFire;HerbalKnowledge;KnowledgeSharing;Quarry"
756,Animal,1.15,60,1.2,0,144,40,104,0.278,80,500,"","Clay=80147.06;PlantFiber=76743.38;WoodLog=40243.88","ClayPit=2;Farm=2;FiberGatheringCamp=2;HealerHut=6;Pasture=2;WoodHouse=12","Agriculture;AnimalHusbandry;ClayExtraction;ControlledFire;HerbalKnowledge;KnowledgeSharing;Quarry"
757,Animal,1.15,60,1.2,0,144,40,104,0.278,80,500,"","Clay=80255.78;PlantFiber=76852.1;WoodLog=40303.88","ClayPit=2;Farm=2;FiberGatheringCamp=2;HealerHut=6;Pasture=2;WoodHouse=12","Agriculture;AnimalHusbandry;ClayExtraction;ControlledFire;HerbalKnowledge;KnowledgeSharing;Quarry"
758,Animal,1.15,60,1.2,0,144,40,104,0.278,80,500,"","Clay=80364.5;PlantFiber=76960.82;WoodLog=40363.88","ClayPit=2;Farm=2;FiberGatheringCamp=2;HealerHut=6;Pasture=2;WoodHouse=12","Agriculture;AnimalHusbandry;ClayExtraction;ControlledFire;HerbalKnowledge;KnowledgeSharing;Quarry"
759,Animal,1.15,60,1.2,0,144,40,104,0.278,80,500,"","Clay=80473.22;PlantFiber=77069.54;WoodLog=40423.88","ClayPit=2;Farm=2;FiberGatheringCamp=2;HealerHut=6;Pasture=2;WoodHouse=12","Agriculture;AnimalHusbandry;ClayExtraction;ControlledFire;HerbalKnowledge;KnowledgeSharing;Quarry"
760,Animal,1.15,60,1.2,0,144,40,104,0.278,80,500,"","Clay=80581.94;PlantFiber=77178.26;WoodLog=40483.88","ClayPit=2;Farm=2;FiberGatheringCamp=2;HealerHut=6;Pasture=2;WoodHouse=12","Agriculture;AnimalHusbandry;ClayExtraction;ControlledFire;HerbalKnowledge;KnowledgeSharing;Quarry"
761,Animal,1.15,60,1.2,0,144,40,104,0.278,80,500,"","Clay=80690.66;PlantFiber=77286.98;WoodLog=40543.88","ClayPit=2;Farm=2;FiberGatheringCamp=2;HealerHut=6;Pasture=2;WoodHouse=12","Agriculture;AnimalHusbandry;ClayExtraction;ControlledFire;HerbalKnowledge;KnowledgeSharing;Quarry"
762,Animal,1.15,60,1.2,0,144,40,104,0.278,80,500,"","Clay=80799.38;PlantFiber=77395.7;WoodLog=40603.88","ClayPit=2;Farm=2;FiberGatheringCamp=2;HealerHut=6;Pasture=2;WoodHouse=12","Agriculture;AnimalHusbandry;ClayExtraction;ControlledFire;HerbalKnowledge;KnowledgeSharing;Quarry"
763,Animal,1.15,60,1.2,0,144,40,104,0.278,80,500,"","Clay=80908.1;PlantFiber=77504.42;WoodLog=40663.88","ClayPit=2;Farm=2;FiberGatheringCamp=2;HealerHut=6;Pasture=2;WoodHouse=12","Agriculture;AnimalHusbandry;ClayExtraction;ControlledFire;HerbalKnowledge;KnowledgeSharing;Quarry"
764,Animal,1.15,60,1.2,0,144,40,104,0.278,80,500,"","Clay=81016.82;PlantFiber=77613.14;WoodLog=40723.88","ClayPit=2;Farm=2;FiberGatheringCamp=2;HealerHut=6;Pasture=2;WoodHouse=12","Agriculture;AnimalHusbandry;ClayExtraction;ControlledFire;HerbalKnowledge;KnowledgeSharing;Quarry"
765,Animal,1.15,60,1.2,0,144,40,104,0.278,80,500,"","Clay=81125.54;PlantFiber=77721.86;WoodLog=40783.88","ClayPit=2;Farm=2;FiberGatheringCamp=2;HealerHut=6;Pasture=2;WoodHouse=12","Agriculture;AnimalHusbandry;ClayExtraction;ControlledFire;HerbalKnowledge;KnowledgeSharing;Quarry"
766,Animal,1.15,60,1.2,0,144,40,104,0.278,80,500,"","Clay=81234.26;PlantFiber=77830.58;WoodLog=40843.88","ClayPit=2;Farm=2;FiberGatheringCamp=2;HealerHut=6;Pasture=2;WoodHouse=12","Agriculture;AnimalHusbandry;ClayExtraction;ControlledFire;HerbalKnowledge;KnowledgeSharing;Quarry"
767,Animal,1.15,60,1.2,0,144,40,104,0.278,80,500,"","Clay=81342.98;PlantFiber=77939.3;WoodLog=40903.88","ClayPit=2;Farm=2;FiberGatheringCamp=2;HealerHut=6;Pasture=2;WoodHouse=12","Agriculture;AnimalHusbandry;ClayExtraction;ControlledFire;HerbalKnowledge;KnowledgeSharing;Quarry"
768,Animal,1.15,60,1.2,0,144,40,104,0.278,80,500,"","Clay=81451.7;PlantFiber=78048.02;WoodLog=40963.88","ClayPit=2;Farm=2;FiberGatheringCamp=2;HealerHut=6;Pasture=2;WoodHouse=12","Agriculture;AnimalHusbandry;ClayExtraction;ControlledFire;HerbalKnowledge;KnowledgeSharing;Quarry"
769,Animal,1.15,60,1.2,0,144,40,104,0.278,80,500,"","Clay=81560.42;PlantFiber=78156.74;WoodLog=41023.88","ClayPit=2;Farm=2;FiberGatheringCamp=2;HealerHut=6;Pasture=2;WoodHouse=12","Agriculture;AnimalHusbandry;ClayExtraction;ControlledFire;HerbalKnowledge;KnowledgeSharing;Quarry"
770,Animal,1.15,60,1.2,0,144,40,104,0.278,80,500,"","Clay=81669.14;PlantFiber=78265.46;WoodLog=41083.88","ClayPit=2;Farm=2;FiberGatheringCamp=2;HealerHut=6;Pasture=2;WoodHouse=12","Agriculture;AnimalHusbandry;ClayExtraction;ControlledFire;HerbalKnowledge;KnowledgeSharing;Quarry"
771,Animal,1.15,60,1.2,0,144,40,104,0.278,80,500,"","Clay=81777.86;PlantFiber=78374.18;WoodLog=41143.88","ClayPit=2;Farm=2;FiberGatheringCamp=2;HealerHut=6;Pasture=2;WoodHouse=12","Agriculture;AnimalHusbandry;ClayExtraction;ControlledFire;HerbalKnowledge;KnowledgeSharing;Quarry"
772,Animal,1.15,60,1.2,0,144,40,104,0.278,80,500,"","Clay=81886.58;PlantFiber=78482.9;WoodLog=41203.88","ClayPit=2;Farm=2;FiberGatheringCamp=2;HealerHut=6;Pasture=2;WoodHouse=12","Agriculture;AnimalHusbandry;ClayExtraction;ControlledFire;HerbalKnowledge;KnowledgeSharing;Quarry"
773,Animal,1.15,60,1.2,0,144,40,104,0.278,80,500,"","Clay=81995.3;PlantFiber=78591.62;WoodLog=41263.88","ClayPit=2;Farm=2;FiberGatheringCamp=2;HealerHut=6;Pasture=2;WoodHouse=12","Agriculture;AnimalHusbandry;ClayExtraction;ControlledFire;HerbalKnowledge;KnowledgeSharing;Quarry"
774,Animal,1.15,60,1.2,0,144,40,104,0.278,80,500,"","Clay=82104.02;PlantFiber=78700.34;WoodLog=41323.88","ClayPit=2;Farm=2;FiberGatheringCamp=2;HealerHut=6;Pasture=2;WoodHouse=12","Agriculture;AnimalHusbandry;ClayExtraction;ControlledFire;HerbalKnowledge;KnowledgeSharing;Quarry"
775,Animal,1.15,60,1.2,0,144,40,104,0.278,80,500,"","Clay=82212.74;PlantFiber=78809.06;WoodLog=41383.88","ClayPit=2;Farm=2;FiberGatheringCamp=2;HealerHut=6;Pasture=2;WoodHouse=12","Agriculture;AnimalHusbandry;ClayExtraction;ControlledFire;HerbalKnowledge;KnowledgeSharing;Quarry"
776,Animal,1.15,60,1.2,0,144,40,104,0.278,80,500,"","Clay=82321.46;PlantFiber=78917.78;WoodLog=41443.88","ClayPit=2;Farm=2;FiberGatheringCamp=2;HealerHut=6;Pasture=2;WoodHouse=12","Agriculture;AnimalHusbandry;ClayExtraction;ControlledFire;HerbalKnowledge;KnowledgeSharing;Quarry"
777,Animal,1.15,60,1.2,0,144,40,104,0.278,80,500,"","Clay=82430.18;PlantFiber=79026.5;WoodLog=41503.88","ClayPit=2;Farm=2;FiberGatheringCamp=2;HealerHut=6;Pasture=2;WoodHouse=12","Agriculture;AnimalHusbandry;ClayExtraction;ControlledFire;HerbalKnowledge;KnowledgeSharing;Quarry"
778,Animal,1.15,60,1.2,0,144,40,104,0.278,80,500,"","Clay=82538.9;PlantFiber=79135.22;WoodLog=41563.88","ClayPit=2;Farm=2;FiberGatheringCamp=2;HealerHut=6;Pasture=2;WoodHouse=12","Agriculture;AnimalHusbandry;ClayExtraction;ControlledFire;HerbalKnowledge;KnowledgeSharing;Quarry"
779,Animal,1.15,60,1.2,0,144,40,104,0.278,80,500,"","Clay=82647.62;PlantFiber=79243.94;WoodLog=41623.88","ClayPit=2;Farm=2;FiberGatheringCamp=2;HealerHut=6;Pasture=2;WoodHouse=12","Agriculture;AnimalHusbandry;ClayExtraction;ControlledFire;HerbalKnowledge;KnowledgeSharing;Quarry"
780,Animal,1.15,60,1.2,0,144,40,104,0.278,80,500,"","Clay=82756.34;PlantFiber=79352.66;WoodLog=41683.88","ClayPit=2;Farm=2;FiberGatheringCamp=2;HealerHut=6;Pasture=2;WoodHouse=12","Agriculture;AnimalHusbandry;ClayExtraction;ControlledFire;HerbalKnowledge;KnowledgeSharing;Quarry"
781,Animal,1.15,60,1.2,0,144,40,104,0.278,80,500,"","Clay=82865.06;PlantFiber=79461.38;WoodLog=41743.88","ClayPit=2;Farm=2;FiberGatheringCamp=2;HealerHut=6;Pasture=2;WoodHouse=12","Agriculture;AnimalHusbandry;ClayExtraction;ControlledFire;HerbalKnowledge;KnowledgeSharing;Quarry"
782,Animal,1.15,60,1.2,0,144,40,104,0.278,80,500,"","Clay=82973.78;PlantFiber=79570.1;WoodLog=41803.88","ClayPit=2;Farm=2;FiberGatheringCamp=2;HealerHut=6;Pasture=2;WoodHouse=12","Agriculture;AnimalHusbandry;ClayExtraction;ControlledFire;HerbalKnowledge;KnowledgeSharing;Quarry"
783,Animal,1.15,60,1.2,0,144,40,104,0.278,80,500,"","Clay=83082.5;PlantFiber=79678.82;WoodLog=41863.88","ClayPit=2;Farm=2;FiberGatheringCamp=2;HealerHut=6;Pasture=2;WoodHouse=12","Agriculture;AnimalHusbandry;ClayExtraction;ControlledFire;HerbalKnowledge;KnowledgeSharing;Quarry"
784,Animal,1.15,60,1.2,0,144,40,104,0.278,80,500,"","Clay=83191.22;PlantFiber=79787.54;WoodLog=41923.88","ClayPit=2;Farm=2;FiberGatheringCamp=2;HealerHut=6;Pasture=2;WoodHouse=12","Agriculture;AnimalHusbandry;ClayExtraction;ControlledFire;HerbalKnowledge;KnowledgeSharing;Quarry"
785,Animal,1.15,60,1.2,0,144,40,104,0.278,80,500,"","Clay=83299.94;PlantFiber=79896.26;WoodLog=41983.88","ClayPit=2;Farm=2;FiberGatheringCamp=2;HealerHut=6;Pasture=2;WoodHouse=12","Agriculture;AnimalHusbandry;ClayExtraction;ControlledFire;HerbalKnowledge;KnowledgeSharing;Quarry"
786,Animal,1.15,60,1.2,0,144,40,104,0.278,80,500,"","Clay=83408.66;PlantFiber=80004.98;WoodLog=42043.88","ClayPit=2;Farm=2;FiberGatheringCamp=2;HealerHut=6;Pasture=2;WoodHouse=12","Agriculture;AnimalHusbandry;ClayExtraction;ControlledFire;HerbalKnowledge;KnowledgeSharing;Quarry"
787,Animal,1.15,60,1.2,0,144,40,104,0.278,80,500,"","Clay=83517.38;PlantFiber=80113.7;WoodLog=42103.88","ClayPit=2;Farm=2;FiberGatheringCamp=2;HealerHut=6;Pasture=2;WoodHouse=12","Agriculture;AnimalHusbandry;ClayExtraction;ControlledFire;HerbalKnowledge;KnowledgeSharing;Quarry"
788,Animal,1.15,60,1.2,0,144,40,104,0.278,80,500,"","Clay=83626.1;PlantFiber=80222.42;WoodLog=42163.88","ClayPit=2;Farm=2;FiberGatheringCamp=2;HealerHut=6;Pasture=2;WoodHouse=12","Agriculture;AnimalHusbandry;ClayExtraction;ControlledFire;HerbalKnowledge;KnowledgeSharing;Quarry"
789,Animal,1.15,60,1.2,0,144,40,104,0.278,80,500,"","Clay=83734.82;PlantFiber=80331.14;WoodLog=42223.88","ClayPit=2;Farm=2;FiberGatheringCamp=2;HealerHut=6;Pasture=2;WoodHouse=12","Agriculture;AnimalHusbandry;ClayExtraction;ControlledFire;HerbalKnowledge;KnowledgeSharing;Quarry"
790,Animal,1.15,60,1.2,0,144,40,104,0.278,80,500,"","Clay=83843.54;PlantFiber=80439.86;WoodLog=42283.88","ClayPit=2;Farm=2;FiberGatheringCamp=2;HealerHut=6;Pasture=2;WoodHouse=12","Agriculture;AnimalHusbandry;ClayExtraction;ControlledFire;HerbalKnowledge;KnowledgeSharing;Quarry"
791,Animal,1.15,60,1.2,0,144,40,104,0.278,80,500,"","Clay=83952.26;PlantFiber=80548.58;WoodLog=42343.88","ClayPit=2;Farm=2;FiberGatheringCamp=2;HealerHut=6;Pasture=2;WoodHouse=12","Agriculture;AnimalHusbandry;ClayExtraction;ControlledFire;HerbalKnowledge;KnowledgeSharing;Quarry"
792,Animal,1.15,60,1.2,0,144,40,104,0.278,80,500,"","Clay=84060.98;PlantFiber=80657.3;WoodLog=42403.88","ClayPit=2;Farm=2;FiberGatheringCamp=2;HealerHut=6;Pasture=2;WoodHouse=12","Agriculture;AnimalHusbandry;ClayExtraction;ControlledFire;HerbalKnowledge;KnowledgeSharing;Quarry"
793,Animal,1.15,60,1.2,0,144,40,104,0.278,80,500,"","Clay=84169.7;PlantFiber=80766.02;WoodLog=42463.88","ClayPit=2;Farm=2;FiberGatheringCamp=2;HealerHut=6;Pasture=2;WoodHouse=12","Agriculture;AnimalHusbandry;ClayExtraction;ControlledFire;HerbalKnowledge;KnowledgeSharing;Quarry"
794,Animal,1.15,60,1.2,0,144,40,104,0.278,80,500,"","Clay=84278.42;PlantFiber=80874.74;WoodLog=42523.88","ClayPit=2;Farm=2;FiberGatheringCamp=2;HealerHut=6;Pasture=2;WoodHouse=12","Agriculture;AnimalHusbandry;ClayExtraction;ControlledFire;HerbalKnowledge;KnowledgeSharing;Quarry"
795,Animal,1.15,60,1.2,0,144,40,104,0.278,80,500,"","Clay=84387.14;PlantFiber=80983.46;WoodLog=42583.88","ClayPit=2;Farm=2;FiberGatheringCamp=2;HealerHut=6;Pasture=2;WoodHouse=12","Agriculture;AnimalHusbandry;ClayExtraction;ControlledFire;HerbalKnowledge;KnowledgeSharing;Quarry"
796,Animal,1.15,60,1.2,0,144,40,104,0.278,80,500,"","Clay=84495.86;PlantFiber=81092.18;WoodLog=42643.88","ClayPit=2;Farm=2;FiberGatheringCamp=2;HealerHut=6;Pasture=2;WoodHouse=12","Agriculture;AnimalHusbandry;ClayExtraction;ControlledFire;HerbalKnowledge;KnowledgeSharing;Quarry"
797,Animal,1.15,60,1.2,0,144,40,104,0.278,80,500,"","Clay=84604.58;PlantFiber=81200.9;WoodLog=42703.88","ClayPit=2;Farm=2;FiberGatheringCamp=2;HealerHut=6;Pasture=2;WoodHouse=12","Agriculture;AnimalHusbandry;ClayExtraction;ControlledFire;HerbalKnowledge;KnowledgeSharing;Quarry"
798,Animal,1.15,60,1.2,0,144,40,104,0.278,80,500,"","Clay=84713.3;PlantFiber=81309.62;WoodLog=42763.88","ClayPit=2;Farm=2;FiberGatheringCamp=2;HealerHut=6;Pasture=2;WoodHouse=12","Agriculture;AnimalHusbandry;ClayExtraction;ControlledFire;HerbalKnowledge;KnowledgeSharing;Quarry"
799,Animal,1.15,60,1.2,0,144,40,104,0.278,80,500,"","Clay=84822.02;PlantFiber=81418.34;WoodLog=42823.88","ClayPit=2;Farm=2;FiberGatheringCamp=2;HealerHut=6;Pasture=2;WoodHouse=12","Agriculture;AnimalHusbandry;ClayExtraction;ControlledFire;HerbalKnowledge;KnowledgeSharing;Quarry"
800,Animal,1.15,60,1.2,0,144,40,104,0.278,80,500,"","Clay=84930.74;PlantFiber=81527.06;WoodLog=42883.88","ClayPit=2;Farm=2;FiberGatheringCamp=2;HealerHut=6;Pasture=2;WoodHouse=12","Agriculture;AnimalHusbandry;ClayExtraction;ControlledFire;HerbalKnowledge;KnowledgeSharing;Quarry"
801,Animal,1.15,60,1.2,0,144,40,104,0.278,80,500,"","Clay=85039.46;PlantFiber=81635.78;WoodLog=42943.88","ClayPit=2;Farm=2;FiberGatheringCamp=2;HealerHut=6;Pasture=2;WoodHouse=12","Agriculture;AnimalHusbandry;ClayExtraction;ControlledFire;HerbalKnowledge;KnowledgeSharing;Quarry"
802,Animal,1.15,60,1.2,0,144,40,104,0.278,80,500,"","Clay=85148.18;PlantFiber=81744.5;WoodLog=43003.88","ClayPit=2;Farm=2;FiberGatheringCamp=2;HealerHut=6;Pasture=2;WoodHouse=12","Agriculture;AnimalHusbandry;ClayExtraction;ControlledFire;HerbalKnowledge;KnowledgeSharing;Quarry"
803,Animal,1.15,60,1.2,0,144,40,104,0.278,80,500,"","Clay=85256.9;PlantFiber=81853.22;WoodLog=43063.88","ClayPit=2;Farm=2;FiberGatheringCamp=2;HealerHut=6;Pasture=2;WoodHouse=12","Agriculture;AnimalHusbandry;ClayExtraction;ControlledFire;HerbalKnowledge;KnowledgeSharing;Quarry"
804,Animal,1.15,60,1.2,0,144,40,104,0.278,80,500,"","Clay=85365.62;PlantFiber=81961.94;WoodLog=43123.88","ClayPit=2;Farm=2;FiberGatheringCamp=2;HealerHut=6;Pasture=2;WoodHouse=12","Agriculture;AnimalHusbandry;ClayExtraction;ControlledFire;HerbalKnowledge;KnowledgeSharing;Quarry"
805,Animal,1.15,60,1.2,0,144,40,104,0.278,80,500,"","Clay=85474.34;PlantFiber=82070.66;WoodLog=43183.88","ClayPit=2;Farm=2;FiberGatheringCamp=2;HealerHut=6;Pasture=2;WoodHouse=12","Agriculture;AnimalHusbandry;ClayExtraction;ControlledFire;HerbalKnowledge;KnowledgeSharing;Quarry"
806,Animal,1.15,60,1.2,0,144,40,104,0.278,80,500,"","Clay=85583.06;PlantFiber=82179.38;WoodLog=43243.88","ClayPit=2;Farm=2;FiberGatheringCamp=2;HealerHut=6;Pasture=2;WoodHouse=12","Agriculture;AnimalHusbandry;ClayExtraction;ControlledFire;HerbalKnowledge;KnowledgeSharing;Quarry"
807,Animal,1.15,60,1.2,0,144,40,104,0.278,80,500,"","Clay=85691.78;PlantFiber=82288.1;WoodLog=43303.88","ClayPit=2;Farm=2;FiberGatheringCamp=2;HealerHut=6;Pasture=2;WoodHouse=12","Agriculture;AnimalHusbandry;ClayExtraction;ControlledFire;HerbalKnowledge;KnowledgeSharing;Quarry"
808,Animal,1.15,60,1.2,0,144,40,104,0.278,80,500,"","Clay=85800.5;PlantFiber=82396.82;WoodLog=43363.88","ClayPit=2;Farm=2;FiberGatheringCamp=2;HealerHut=6;Pasture=2;WoodHouse=12","Agriculture;AnimalHusbandry;ClayExtraction;ControlledFire;HerbalKnowledge;KnowledgeSharing;Quarry"
809,Animal,1.15,60,1.2,0,144,40,104,0.278,80,500,"","Clay=85909.22;PlantFiber=82505.54;WoodLog=43423.88","ClayPit=2;Farm=2;FiberGatheringCamp=2;HealerHut=6;Pasture=2;WoodHouse=12","Agriculture;AnimalHusbandry;ClayExtraction;ControlledFire;HerbalKnowledge;KnowledgeSharing;Quarry"
810,Animal,1.15,60,1.2,0,144,40,104,0.278,80,500,"","Clay=86017.94;PlantFiber=82614.26;WoodLog=43483.88","ClayPit=2;Farm=2;FiberGatheringCamp=2;HealerHut=6;Pasture=2;WoodHouse=12","Agriculture;AnimalHusbandry;ClayExtraction;ControlledFire;HerbalKnowledge;KnowledgeSharing;Quarry"
811,Animal,1.15,60,1.2,0,144,40,104,0.278,80,500,"","Clay=86126.66;PlantFiber=82722.98;WoodLog=43543.88","ClayPit=2;Farm=2;FiberGatheringCamp=2;HealerHut=6;Pasture=2;WoodHouse=12","Agriculture;AnimalHusbandry;ClayExtraction;ControlledFire;HerbalKnowledge;KnowledgeSharing;Quarry"
812,Animal,1.15,60,1.2,0,144,40,104,0.278,80,500,"","Clay=86235.38;PlantFiber=82831.7;WoodLog=43603.88","ClayPit=2;Farm=2;FiberGatheringCamp=2;HealerHut=6;Pasture=2;WoodHouse=12","Agriculture;AnimalHusbandry;ClayExtraction;ControlledFire;HerbalKnowledge;KnowledgeSharing;Quarry"
813,Animal,1.15,60,1.2,0,144,40,104,0.278,80,500,"","Clay=86344.1;PlantFiber=82940.42;WoodLog=43663.88","ClayPit=2;Farm=2;FiberGatheringCamp=2;HealerHut=6;Pasture=2;WoodHouse=12","Agriculture;AnimalHusbandry;ClayExtraction;ControlledFire;HerbalKnowledge;KnowledgeSharing;Quarry"
814,Animal,1.15,60,1.2,0,144,40,104,0.278,80,500,"","Clay=86452.82;PlantFiber=83049.14;WoodLog=43723.88","ClayPit=2;Farm=2;FiberGatheringCamp=2;HealerHut=6;Pasture=2;WoodHouse=12","Agriculture;AnimalHusbandry;ClayExtraction;ControlledFire;HerbalKnowledge;KnowledgeSharing;Quarry"
815,Animal,1.15,60,1.2,0,144,40,104,0.278,80,500,"","Clay=86561.54;PlantFiber=83157.86;WoodLog=43783.88","ClayPit=2;Farm=2;FiberGatheringCamp=2;HealerHut=6;Pasture=2;WoodHouse=12","Agriculture;AnimalHusbandry;ClayExtraction;ControlledFire;HerbalKnowledge;KnowledgeSharing;Quarry"
816,Animal,1.15,60,1.2,0,144,40,104,0.278,80,500,"","Clay=86670.26;PlantFiber=83266.58;WoodLog=43843.88","ClayPit=2;Farm=2;FiberGatheringCamp=2;HealerHut=6;Pasture=2;WoodHouse=12","Agriculture;AnimalHusbandry;ClayExtraction;ControlledFire;HerbalKnowledge;KnowledgeSharing;Quarry"
817,Animal,1.15,60,1.2,0,144,40,104,0.278,80,500,"","Clay=86778.98;PlantFiber=83375.3;WoodLog=43903.88","ClayPit=2;Farm=2;FiberGatheringCamp=2;HealerHut=6;Pasture=2;WoodHouse=12","Agriculture;AnimalHusbandry;ClayExtraction;ControlledFire;HerbalKnowledge;KnowledgeSharing;Quarry"
818,Animal,1.15,60,1.2,0,144,40,104,0.278,80,500,"","Clay=86887.7;PlantFiber=83484.02;WoodLog=43963.88","ClayPit=2;Farm=2;FiberGatheringCamp=2;HealerHut=6;Pasture=2;WoodHouse=12","Agriculture;AnimalHusbandry;ClayExtraction;ControlledFire;HerbalKnowledge;KnowledgeSharing;Quarry"
819,Animal,1.15,60,1.2,0,144,40,104,0.278,80,500,"","Clay=86996.42;PlantFiber=83592.74;WoodLog=44023.88","ClayPit=2;Farm=2;FiberGatheringCamp=2;HealerHut=6;Pasture=2;WoodHouse=12","Agriculture;AnimalHusbandry;ClayExtraction;ControlledFire;HerbalKnowledge;KnowledgeSharing;Quarry"
820,Animal,1.15,60,1.2,0,144,40,104,0.278,80,500,"","Clay=87105.14;PlantFiber=83701.46;WoodLog=44083.88","ClayPit=2;Farm=2;FiberGatheringCamp=2;HealerHut=6;Pasture=2;WoodHouse=12","Agriculture;AnimalHusbandry;ClayExtraction;ControlledFire;HerbalKnowledge;KnowledgeSharing;Quarry"
821,Animal,1.15,60,1.2,0,144,40,104,0.278,80,500,"","Clay=87213.86;PlantFiber=83810.18;WoodLog=44143.88","ClayPit=2;Farm=2;FiberGatheringCamp=2;HealerHut=6;Pasture=2;WoodHouse=12","Agriculture;AnimalHusbandry;ClayExtraction;ControlledFire;HerbalKnowledge;KnowledgeSharing;Quarry"
822,Animal,1.15,60,1.2,0,144,40,104,0.278,80,500,"","Clay=87322.58;PlantFiber=83918.9;WoodLog=44203.88","ClayPit=2;Farm=2;FiberGatheringCamp=2;HealerHut=6;Pasture=2;WoodHouse=12","Agriculture;AnimalHusbandry;ClayExtraction;ControlledFire;HerbalKnowledge;KnowledgeSharing;Quarry"
823,Animal,1.15,60,1.2,0,144,40,104,0.278,80,500,"","Clay=87431.3;PlantFiber=84027.62;WoodLog=44263.88","ClayPit=2;Farm=2;FiberGatheringCamp=2;HealerHut=6;Pasture=2;WoodHouse=12","Agriculture;AnimalHusbandry;ClayExtraction;ControlledFire;HerbalKnowledge;KnowledgeSharing;Quarry"
824,Animal,1.15,60,1.2,0,144,40,104,0.278,80,500,"","Clay=87540.02;PlantFiber=84136.34;WoodLog=44323.88","ClayPit=2;Farm=2;FiberGatheringCamp=2;HealerHut=6;Pasture=2;WoodHouse=12","Agriculture;AnimalHusbandry;ClayExtraction;ControlledFire;HerbalKnowledge;KnowledgeSharing;Quarry"
825,Animal,1.15,60,1.2,0,144,40,104,0.278,80,500,"","Clay=87648.74;PlantFiber=84245.06;WoodLog=44383.88","ClayPit=2;Farm=2;FiberGatheringCamp=2;HealerHut=6;Pasture=2;WoodHouse=12","Agriculture;AnimalHusbandry;ClayExtraction;ControlledFire;HerbalKnowledge;KnowledgeSharing;Quarry"
826,Animal,1.15,60,1.2,0,144,40,104,0.278,80,500,"","Clay=87757.46;PlantFiber=84353.78;WoodLog=44443.88","ClayPit=2;Farm=2;FiberGatheringCamp=2;HealerHut=6;Pasture=2;WoodHouse=12","Agriculture;AnimalHusbandry;ClayExtraction;ControlledFire;HerbalKnowledge;KnowledgeSharing;Quarry"
827,Animal,1.15,60,1.2,0,144,40,104,0.278,80,500,"","Clay=87866.18;PlantFiber=84462.5;WoodLog=44503.88","ClayPit=2;Farm=2;FiberGatheringCamp=2;HealerHut=6;Pasture=2;WoodHouse=12","Agriculture;AnimalHusbandry;ClayExtraction;ControlledFire;HerbalKnowledge;KnowledgeSharing;Quarry"
828,Animal,1.15,60,1.2,0,144,40,104,0.278,80,500,"","Clay=87974.9;PlantFiber=84571.22;WoodLog=44563.88","ClayPit=2;Farm=2;FiberGatheringCamp=2;HealerHut=6;Pasture=2;WoodHouse=12","Agriculture;AnimalHusbandry;ClayExtraction;ControlledFire;HerbalKnowledge;KnowledgeSharing;Quarry"
829,Animal,1.15,60,1.2,0,144,40,104,0.278,80,500,"","Clay=88083.62;PlantFiber=84679.94;WoodLog=44623.88","ClayPit=2;Farm=2;FiberGatheringCamp=2;HealerHut=6;Pasture=2;WoodHouse=12","Agriculture;AnimalHusbandry;ClayExtraction;ControlledFire;HerbalKnowledge;KnowledgeSharing;Quarry"
830,Animal,1.15,60,1.2,0,144,40,104,0.278,80,500,"","Clay=88192.34;PlantFiber=84788.66;WoodLog=44683.88","ClayPit=2;Farm=2;FiberGatheringCamp=2;HealerHut=6;Pasture=2;WoodHouse=12","Agriculture;AnimalHusbandry;ClayExtraction;ControlledFire;HerbalKnowledge;KnowledgeSharing;Quarry"
831,Animal,1.15,60,1.2,0,144,40,104,0.278,80,500,"","Clay=88301.06;PlantFiber=84897.38;WoodLog=44743.88","ClayPit=2;Farm=2;FiberGatheringCamp=2;HealerHut=6;Pasture=2;WoodHouse=12","Agriculture;AnimalHusbandry;ClayExtraction;ControlledFire;HerbalKnowledge;KnowledgeSharing;Quarry"
832,Animal,1.15,60,1.2,0,144,40,104,0.278,80,500,"","Clay=88409.78;PlantFiber=85006.1;WoodLog=44803.88","ClayPit=2;Farm=2;FiberGatheringCamp=2;HealerHut=6;Pasture=2;WoodHouse=12","Agriculture;AnimalHusbandry;ClayExtraction;ControlledFire;HerbalKnowledge;KnowledgeSharing;Quarry"
833,Animal,1.15,60,1.2,0,144,40,104,0.278,80,500,"","Clay=88518.5;PlantFiber=85114.82;WoodLog=44863.88","ClayPit=2;Farm=2;FiberGatheringCamp=2;HealerHut=6;Pasture=2;WoodHouse=12","Agriculture;AnimalHusbandry;ClayExtraction;ControlledFire;HerbalKnowledge;KnowledgeSharing;Quarry"
834,Animal,1.15,60,1.2,0,144,40,104,0.278,80,500,"","Clay=88627.22;PlantFiber=85223.54;WoodLog=44923.88","ClayPit=2;Farm=2;FiberGatheringCamp=2;HealerHut=6;Pasture=2;WoodHouse=12","Agriculture;AnimalHusbandry;ClayExtraction;ControlledFire;HerbalKnowledge;KnowledgeSharing;Quarry"
835,Animal,1.15,60,1.2,0,144,40,104,0.278,80,500,"","Clay=88735.94;PlantFiber=85332.26;WoodLog=44983.88","ClayPit=2;Farm=2;FiberGatheringCamp=2;HealerHut=6;Pasture=2;WoodHouse=12","Agriculture;AnimalHusbandry;ClayExtraction;ControlledFire;HerbalKnowledge;KnowledgeSharing;Quarry"
836,Animal,1.15,60,1.2,0,144,40,104,0.278,80,500,"","Clay=88844.66;PlantFiber=85440.98;WoodLog=45043.88","ClayPit=2;Farm=2;FiberGatheringCamp=2;HealerHut=6;Pasture=2;WoodHouse=12","Agriculture;AnimalHusbandry;ClayExtraction;ControlledFire;HerbalKnowledge;KnowledgeSharing;Quarry"
837,Animal,1.15,60,1.2,0,144,40,104,0.278,80,500,"","Clay=88953.38;PlantFiber=85549.7;WoodLog=45103.88","ClayPit=2;Farm=2;FiberGatheringCamp=2;HealerHut=6;Pasture=2;WoodHouse=12","Agriculture;AnimalHusbandry;ClayExtraction;ControlledFire;HerbalKnowledge;KnowledgeSharing;Quarry"
838,Animal,1.15,60,1.2,0,144,40,104,0.278,80,500,"","Clay=89062.1;PlantFiber=85658.42;WoodLog=45163.88","ClayPit=2;Farm=2;FiberGatheringCamp=2;HealerHut=6;Pasture=2;WoodHouse=12","Agriculture;AnimalHusbandry;ClayExtraction;ControlledFire;HerbalKnowledge;KnowledgeSharing;Quarry"
839,Animal,1.15,60,1.2,0,144,40,104,0.278,80,500,"","Clay=89170.82;PlantFiber=85767.14;WoodLog=45223.88","ClayPit=2;Farm=2;FiberGatheringCamp=2;HealerHut=6;Pasture=2;WoodHouse=12","Agriculture;AnimalHusbandry;ClayExtraction;ControlledFire;HerbalKnowledge;KnowledgeSharing;Quarry"
840,Animal,1.15,60,1.2,0,144,40,104,0.278,80,500,"","Clay=89279.54;PlantFiber=85875.86;WoodLog=45283.88","ClayPit=2;Farm=2;FiberGatheringCamp=2;HealerHut=6;Pasture=2;WoodHouse=12","Agriculture;AnimalHusbandry;ClayExtraction;ControlledFire;HerbalKnowledge;KnowledgeSharing;Quarry"
841,Animal,1.15,60,1.2,0,144,40,104,0.278,80,500,"","Clay=89388.26;PlantFiber=85984.58;WoodLog=45343.88","ClayPit=2;Farm=2;FiberGatheringCamp=2;HealerHut=6;Pasture=2;WoodHouse=12","Agriculture;AnimalHusbandry;ClayExtraction;ControlledFire;HerbalKnowledge;KnowledgeSharing;Quarry"
842,Animal,1.15,60,1.2,0,144,40,104,0.278,80,500,"","Clay=89496.98;PlantFiber=86093.3;WoodLog=45403.88","ClayPit=2;Farm=2;FiberGatheringCamp=2;HealerHut=6;Pasture=2;WoodHouse=12","Agriculture;AnimalHusbandry;ClayExtraction;ControlledFire;HerbalKnowledge;KnowledgeSharing;Quarry"
843,Animal,1.15,60,1.2,0,144,40,104,0.278,80,500,"","Clay=89605.7;PlantFiber=86202.02;WoodLog=45463.88","ClayPit=2;Farm=2;FiberGatheringCamp=2;HealerHut=6;Pasture=2;WoodHouse=12","Agriculture;AnimalHusbandry;ClayExtraction;ControlledFire;HerbalKnowledge;KnowledgeSharing;Quarry"
844,Animal,1.15,60,1.2,0,144,40,104,0.278,80,500,"","Clay=89714.42;PlantFiber=86310.74;WoodLog=45523.88","ClayPit=2;Farm=2;FiberGatheringCamp=2;HealerHut=6;Pasture=2;WoodHouse=12","Agriculture;AnimalHusbandry;ClayExtraction;ControlledFire;HerbalKnowledge;KnowledgeSharing;Quarry"
845,Animal,1.15,60,1.2,0,144,40,104,0.278,80,500,"","Clay=89823.14;PlantFiber=86419.46;WoodLog=45583.88","ClayPit=2;Farm=2;FiberGatheringCamp=2;HealerHut=6;Pasture=2;WoodHouse=12","Agriculture;AnimalHusbandry;ClayExtraction;ControlledFire;HerbalKnowledge;KnowledgeSharing;Quarry"
846,Animal,1.15,60,1.2,0,144,40,104,0.278,80,500,"","Clay=89931.86;PlantFiber=86528.18;WoodLog=45643.88","ClayPit=2;Farm=2;FiberGatheringCamp=2;HealerHut=6;Pasture=2;WoodHouse=12","Agriculture;AnimalHusbandry;ClayExtraction;ControlledFire;HerbalKnowledge;KnowledgeSharing;Quarry"
847,Animal,1.15,60,1.2,0,144,40,104,0.278,80,500,"","Clay=90040.58;PlantFiber=86636.9;WoodLog=45703.88","ClayPit=2;Farm=2;FiberGatheringCamp=2;HealerHut=6;Pasture=2;WoodHouse=12","Agriculture;AnimalHusbandry;ClayExtraction;ControlledFire;HerbalKnowledge;KnowledgeSharing;Quarry"
848,Animal,1.15,60,1.2,0,144,40,104,0.278,80,500,"","Clay=90149.3;PlantFiber=86745.62;WoodLog=45763.88","ClayPit=2;Farm=2;FiberGatheringCamp=2;HealerHut=6;Pasture=2;WoodHouse=12","Agriculture;AnimalHusbandry;ClayExtraction;ControlledFire;HerbalKnowledge;KnowledgeSharing;Quarry"
849,Animal,1.15,60,1.2,0,144,40,104,0.278,80,500,"","Clay=90258.02;PlantFiber=86854.34;WoodLog=45823.88","ClayPit=2;Farm=2;FiberGatheringCamp=2;HealerHut=6;Pasture=2;WoodHouse=12","Agriculture;AnimalHusbandry;ClayExtraction;ControlledFire;HerbalKnowledge;KnowledgeSharing;Quarry"
850,Animal,1.15,60,1.2,0,144,40,104,0.278,80,500,"","Clay=90366.74;PlantFiber=86963.06;WoodLog=45883.88","ClayPit=2;Farm=2;FiberGatheringCamp=2;HealerHut=6;Pasture=2;WoodHouse=12","Agriculture;AnimalHusbandry;ClayExtraction;ControlledFire;HerbalKnowledge;KnowledgeSharing;Quarry"
851,Animal,1.15,60,1.2,0,144,40,104,0.278,80,500,"","Clay=90475.46;PlantFiber=87071.78;WoodLog=45943.88","ClayPit=2;Farm=2;FiberGatheringCamp=2;HealerHut=6;Pasture=2;WoodHouse=12","Agriculture;AnimalHusbandry;ClayExtraction;ControlledFire;HerbalKnowledge;KnowledgeSharing;Quarry"
852,Animal,1.15,60,1.2,0,144,40,104,0.278,80,500,"","Clay=90584.18;PlantFiber=87180.5;WoodLog=46003.88","ClayPit=2;Farm=2;FiberGatheringCamp=2;HealerHut=6;Pasture=2;WoodHouse=12","Agriculture;AnimalHusbandry;ClayExtraction;ControlledFire;HerbalKnowledge;KnowledgeSharing;Quarry"
853,Animal,1.15,60,1.2,0,144,40,104,0.278,80,500,"","Clay=90692.9;PlantFiber=87289.22;WoodLog=46063.88","ClayPit=2;Farm=2;FiberGatheringCamp=2;HealerHut=6;Pasture=2;WoodHouse=12","Agriculture;AnimalHusbandry;ClayExtraction;ControlledFire;HerbalKnowledge;KnowledgeSharing;Quarry"
854,Animal,1.15,60,1.2,0,144,40,104,0.278,80,500,"","Clay=90801.62;PlantFiber=87397.94;WoodLog=46123.88","ClayPit=2;Farm=2;FiberGatheringCamp=2;HealerHut=6;Pasture=2;WoodHouse=12","Agriculture;AnimalHusbandry;ClayExtraction;ControlledFire;HerbalKnowledge;KnowledgeSharing;Quarry"
855,Animal,1.15,60,1.2,0,144,40,104,0.278,80,500,"","Clay=90910.34;PlantFiber=87506.66;WoodLog=46183.88","ClayPit=2;Farm=2;FiberGatheringCamp=2;HealerHut=6;Pasture=2;WoodHouse=12","Agriculture;AnimalHusbandry;ClayExtraction;ControlledFire;HerbalKnowledge;KnowledgeSharing;Quarry"
856,Animal,1.15,60,1.2,0,144,40,104,0.278,80,500,"","Clay=91019.06;PlantFiber=87615.38;WoodLog=46243.88","ClayPit=2;Farm=2;FiberGatheringCamp=2;HealerHut=6;Pasture=2;WoodHouse=12","Agriculture;AnimalHusbandry;ClayExtraction;ControlledFire;HerbalKnowledge;KnowledgeSharing;Quarry"
857,Animal,1.15,60,1.2,0,144,40,104,0.278,80,500,"","Clay=91127.78;PlantFiber=87724.1;WoodLog=46303.88","ClayPit=2;Farm=2;FiberGatheringCamp=2;HealerHut=6;Pasture=2;WoodHouse=12","Agriculture;AnimalHusbandry;ClayExtraction;ControlledFire;HerbalKnowledge;KnowledgeSharing;Quarry"
858,Animal,1.15,60,1.2,0,144,40,104,0.278,80,500,"","Clay=91236.5;PlantFiber=87832.82;WoodLog=46363.88","ClayPit=2;Farm=2;FiberGatheringCamp=2;HealerHut=6;Pasture=2;WoodHouse=12","Agriculture;AnimalHusbandry;ClayExtraction;ControlledFire;HerbalKnowledge;KnowledgeSharing;Quarry"
859,Animal,1.15,60,1.2,0,144,40,104,0.278,80,500,"","Clay=91345.22;PlantFiber=87941.54;WoodLog=46423.88","ClayPit=2;Farm=2;FiberGatheringCamp=2;HealerHut=6;Pasture=2;WoodHouse=12","Agriculture;AnimalHusbandry;ClayExtraction;ControlledFire;HerbalKnowledge;KnowledgeSharing;Quarry"
860,Animal,1.15,60,1.2,0,144,40,104,0.278,80,500,"","Clay=91453.94;PlantFiber=88050.26;WoodLog=46483.88","ClayPit=2;Farm=2;FiberGatheringCamp=2;HealerHut=6;Pasture=2;WoodHouse=12","Agriculture;AnimalHusbandry;ClayExtraction;ControlledFire;HerbalKnowledge;KnowledgeSharing;Quarry"
861,Animal,1.15,60,1.2,0,144,40,104,0.278,80,500,"","Clay=91562.66;PlantFiber=88158.98;WoodLog=46543.88","ClayPit=2;Farm=2;FiberGatheringCamp=2;HealerHut=6;Pasture=2;WoodHouse=12","Agriculture;AnimalHusbandry;ClayExtraction;ControlledFire;HerbalKnowledge;KnowledgeSharing;Quarry"
862,Animal,1.15,60,1.2,0,144,40,104,0.278,80,500,"","Clay=91671.38;PlantFiber=88267.7;WoodLog=46603.88","ClayPit=2;Farm=2;FiberGatheringCamp=2;HealerHut=6;Pasture=2;WoodHouse=12","Agriculture;AnimalHusbandry;ClayExtraction;ControlledFire;HerbalKnowledge;KnowledgeSharing;Quarry"
863,Animal,1.15,60,1.2,0,144,40,104,0.278,80,500,"","Clay=91780.1;PlantFiber=88376.42;WoodLog=46663.88","ClayPit=2;Farm=2;FiberGatheringCamp=2;HealerHut=6;Pasture=2;WoodHouse=12","Agriculture;AnimalHusbandry;ClayExtraction;ControlledFire;HerbalKnowledge;KnowledgeSharing;Quarry"
864,Animal,1.15,60,1.2,0,144,40,104,0.278,80,500,"","Clay=91888.82;PlantFiber=88485.14;WoodLog=46723.88","ClayPit=2;Farm=2;FiberGatheringCamp=2;HealerHut=6;Pasture=2;WoodHouse=12","Agriculture;AnimalHusbandry;ClayExtraction;ControlledFire;HerbalKnowledge;KnowledgeSharing;Quarry"
865,Animal,1.15,60,1.2,0,144,40,104,0.278,80,500,"","Clay=91997.54;PlantFiber=88593.86;WoodLog=46783.88","ClayPit=2;Farm=2;FiberGatheringCamp=2;HealerHut=6;Pasture=2;WoodHouse=12","Agriculture;AnimalHusbandry;ClayExtraction;ControlledFire;HerbalKnowledge;KnowledgeSharing;Quarry"
866,Animal,1.15,60,1.2,0,144,40,104,0.278,80,500,"","Clay=92106.26;PlantFiber=88702.58;WoodLog=46843.88","ClayPit=2;Farm=2;FiberGatheringCamp=2;HealerHut=6;Pasture=2;WoodHouse=12","Agriculture;AnimalHusbandry;ClayExtraction;ControlledFire;HerbalKnowledge;KnowledgeSharing;Quarry"
867,Animal,1.15,60,1.2,0,144,40,104,0.278,80,500,"","Clay=92214.98;PlantFiber=88811.3;WoodLog=46903.88","ClayPit=2;Farm=2;FiberGatheringCamp=2;HealerHut=6;Pasture=2;WoodHouse=12","Agriculture;AnimalHusbandry;ClayExtraction;ControlledFire;HerbalKnowledge;KnowledgeSharing;Quarry"
868,Animal,1.15,60,1.2,0,144,40,104,0.278,80,500,"","Clay=92323.7;PlantFiber=88920.02;WoodLog=46963.88","ClayPit=2;Farm=2;FiberGatheringCamp=2;HealerHut=6;Pasture=2;WoodHouse=12","Agriculture;AnimalHusbandry;ClayExtraction;ControlledFire;HerbalKnowledge;KnowledgeSharing;Quarry"
869,Animal,1.15,60,1.2,0,144,40,104,0.278,80,500,"","Clay=92432.42;PlantFiber=89028.74;WoodLog=47023.88","ClayPit=2;Farm=2;FiberGatheringCamp=2;HealerHut=6;Pasture=2;WoodHouse=12","Agriculture;AnimalHusbandry;ClayExtraction;ControlledFire;HerbalKnowledge;KnowledgeSharing;Quarry"
870,Animal,1.15,60,1.2,0,144,40,104,0.278,80,500,"","Clay=92541.14;PlantFiber=89137.46;WoodLog=47083.88","ClayPit=2;Farm=2;FiberGatheringCamp=2;HealerHut=6;Pasture=2;WoodHouse=12","Agriculture;AnimalHusbandry;ClayExtraction;ControlledFire;HerbalKnowledge;KnowledgeSharing;Quarry"
871,Animal,1.15,60,1.2,0,144,40,104,0.278,80,500,"","Clay=92649.86;PlantFiber=89246.18;WoodLog=47143.88","ClayPit=2;Farm=2;FiberGatheringCamp=2;HealerHut=6;Pasture=2;WoodHouse=12","Agriculture;AnimalHusbandry;ClayExtraction;ControlledFire;HerbalKnowledge;KnowledgeSharing;Quarry"
872,Animal,1.15,60,1.2,0,144,40,104,0.278,80,500,"","Clay=92758.58;PlantFiber=89354.9;WoodLog=47203.88","ClayPit=2;Farm=2;FiberGatheringCamp=2;HealerHut=6;Pasture=2;WoodHouse=12","Agriculture;AnimalHusbandry;ClayExtraction;ControlledFire;HerbalKnowledge;KnowledgeSharing;Quarry"
873,Animal,1.15,60,1.2,0,144,40,104,0.278,80,500,"","Clay=92867.3;PlantFiber=89463.62;WoodLog=47263.88","ClayPit=2;Farm=2;FiberGatheringCamp=2;HealerHut=6;Pasture=2;WoodHouse=12","Agriculture;AnimalHusbandry;ClayExtraction;ControlledFire;HerbalKnowledge;KnowledgeSharing;Quarry"
874,Animal,1.15,60,1.2,0,144,40,104,0.278,80,500,"","Clay=92976.02;PlantFiber=89572.34;WoodLog=47323.88","ClayPit=2;Farm=2;FiberGatheringCamp=2;HealerHut=6;Pasture=2;WoodHouse=12","Agriculture;AnimalHusbandry;ClayExtraction;ControlledFire;HerbalKnowledge;KnowledgeSharing;Quarry"
875,Animal,1.15,60,1.2,0,144,40,104,0.278,80,500,"","Clay=93084.74;PlantFiber=89681.06;WoodLog=47383.88","ClayPit=2;Farm=2;FiberGatheringCamp=2;HealerHut=6;Pasture=2;WoodHouse=12","Agriculture;AnimalHusbandry;ClayExtraction;ControlledFire;HerbalKnowledge;KnowledgeSharing;Quarry"
876,Animal,1.15,60,1.2,0,144,40,104,0.278,80,500,"","Clay=93193.46;PlantFiber=89789.78;WoodLog=47443.88","ClayPit=2;Farm=2;FiberGatheringCamp=2;HealerHut=6;Pasture=2;WoodHouse=12","Agriculture;AnimalHusbandry;ClayExtraction;ControlledFire;HerbalKnowledge;KnowledgeSharing;Quarry"
877,Animal,1.15,60,1.2,0,144,40,104,0.278,80,500,"","Clay=93302.18;PlantFiber=89898.5;WoodLog=47503.88","ClayPit=2;Farm=2;FiberGatheringCamp=2;HealerHut=6;Pasture=2;WoodHouse=12","Agriculture;AnimalHusbandry;ClayExtraction;ControlledFire;HerbalKnowledge;KnowledgeSharing;Quarry"
878,Animal,1.15,60,1.2,0,144,40,104,0.278,80,500,"","Clay=93410.9;PlantFiber=90007.22;WoodLog=47563.88","ClayPit=2;Farm=2;FiberGatheringCamp=2;HealerHut=6;Pasture=2;WoodHouse=12","Agriculture;AnimalHusbandry;ClayExtraction;ControlledFire;HerbalKnowledge;KnowledgeSharing;Quarry"
879,Animal,1.15,60,1.2,0,144,40,104,0.278,80,500,"","Clay=93519.62;PlantFiber=90115.94;WoodLog=47623.88","ClayPit=2;Farm=2;FiberGatheringCamp=2;HealerHut=6;Pasture=2;WoodHouse=12","Agriculture;AnimalHusbandry;ClayExtraction;ControlledFire;HerbalKnowledge;KnowledgeSharing;Quarry"
880,Animal,1.15,60,1.2,0,144,40,104,0.278,80,500,"","Clay=93628.34;PlantFiber=90224.66;WoodLog=47683.88","ClayPit=2;Farm=2;FiberGatheringCamp=2;HealerHut=6;Pasture=2;WoodHouse=12","Agriculture;AnimalHusbandry;ClayExtraction;ControlledFire;HerbalKnowledge;KnowledgeSharing;Quarry"
881,Animal,1.15,60,1.2,0,144,40,104,0.278,80,500,"","Clay=93737.06;PlantFiber=90333.38;WoodLog=47743.88","ClayPit=2;Farm=2;FiberGatheringCamp=2;HealerHut=6;Pasture=2;WoodHouse=12","Agriculture;AnimalHusbandry;ClayExtraction;ControlledFire;HerbalKnowledge;KnowledgeSharing;Quarry"
882,Animal,1.15,60,1.2,0,144,40,104,0.278,80,500,"","Clay=93845.78;PlantFiber=90442.1;WoodLog=47803.88","ClayPit=2;Farm=2;FiberGatheringCamp=2;HealerHut=6;Pasture=2;WoodHouse=12","Agriculture;AnimalHusbandry;ClayExtraction;ControlledFire;HerbalKnowledge;KnowledgeSharing;Quarry"
883,Animal,1.15,60,1.2,0,144,40,104,0.278,80,500,"","Clay=93954.5;PlantFiber=90550.82;WoodLog=47863.88","ClayPit=2;Farm=2;FiberGatheringCamp=2;HealerHut=6;Pasture=2;WoodHouse=12","Agriculture;AnimalHusbandry;ClayExtraction;ControlledFire;HerbalKnowledge;KnowledgeSharing;Quarry"
884,Animal,1.15,60,1.2,0,144,40,104,0.278,80,500,"","Clay=94063.22;PlantFiber=90659.54;WoodLog=47923.88","ClayPit=2;Farm=2;FiberGatheringCamp=2;HealerHut=6;Pasture=2;WoodHouse=12","Agriculture;AnimalHusbandry;ClayExtraction;ControlledFire;HerbalKnowledge;KnowledgeSharing;Quarry"
885,Animal,1.15,60,1.2,0,144,40,104,0.278,80,500,"","Clay=94171.94;PlantFiber=90768.26;WoodLog=47983.88","ClayPit=2;Farm=2;FiberGatheringCamp=2;HealerHut=6;Pasture=2;WoodHouse=12","Agriculture;AnimalHusbandry;ClayExtraction;ControlledFire;HerbalKnowledge;KnowledgeSharing;Quarry"
886,Animal,1.15,60,1.2,0,144,40,104,0.278,80,500,"","Clay=94280.66;PlantFiber=90876.98;WoodLog=48043.88","ClayPit=2;Farm=2;FiberGatheringCamp=2;HealerHut=6;Pasture=2;WoodHouse=12","Agriculture;AnimalHusbandry;ClayExtraction;ControlledFire;HerbalKnowledge;KnowledgeSharing;Quarry"
887,Animal,1.15,60,1.2,0,144,40,104,0.278,80,500,"","Clay=94389.38;PlantFiber=90985.7;WoodLog=48103.88","ClayPit=2;Farm=2;FiberGatheringCamp=2;HealerHut=6;Pasture=2;WoodHouse=12","Agriculture;AnimalHusbandry;ClayExtraction;ControlledFire;HerbalKnowledge;KnowledgeSharing;Quarry"
888,Animal,1.15,60,1.2,0,144,40,104,0.278,80,500,"","Clay=94498.1;PlantFiber=91094.42;WoodLog=48163.88","ClayPit=2;Farm=2;FiberGatheringCamp=2;HealerHut=6;Pasture=2;WoodHouse=12","Agriculture;AnimalHusbandry;ClayExtraction;ControlledFire;HerbalKnowledge;KnowledgeSharing;Quarry"
889,Animal,1.15,60,1.2,0,144,40,104,0.278,80,500,"","Clay=94606.82;PlantFiber=91203.14;WoodLog=48223.88","ClayPit=2;Farm=2;FiberGatheringCamp=2;HealerHut=6;Pasture=2;WoodHouse=12","Agriculture;AnimalHusbandry;ClayExtraction;ControlledFire;HerbalKnowledge;KnowledgeSharing;Quarry"
890,Animal,1.15,60,1.2,0,144,40,104,0.278,80,500,"","Clay=94715.54;PlantFiber=91311.86;WoodLog=48283.88","ClayPit=2;Farm=2;FiberGatheringCamp=2;HealerHut=6;Pasture=2;WoodHouse=12","Agriculture;AnimalHusbandry;ClayExtraction;ControlledFire;HerbalKnowledge;KnowledgeSharing;Quarry"
891,Animal,1.15,60,1.2,0,144,40,104,0.278,80,500,"","Clay=94824.26;PlantFiber=91420.58;WoodLog=48343.88","ClayPit=2;Farm=2;FiberGatheringCamp=2;HealerHut=6;Pasture=2;WoodHouse=12","Agriculture;AnimalHusbandry;ClayExtraction;ControlledFire;HerbalKnowledge;KnowledgeSharing;Quarry"
892,Animal,1.15,60,1.2,0,144,40,104,0.278,80,500,"","Clay=94932.98;PlantFiber=91529.3;WoodLog=48403.88","ClayPit=2;Farm=2;FiberGatheringCamp=2;HealerHut=6;Pasture=2;WoodHouse=12","Agriculture;AnimalHusbandry;ClayExtraction;ControlledFire;HerbalKnowledge;KnowledgeSharing;Quarry"
893,Animal,1.15,60,1.2,0,144,40,104,0.278,80,500,"","Clay=95041.7;PlantFiber=91638.02;WoodLog=48463.88","ClayPit=2;Farm=2;FiberGatheringCamp=2;HealerHut=6;Pasture=2;WoodHouse=12","Agriculture;AnimalHusbandry;ClayExtraction;ControlledFire;HerbalKnowledge;KnowledgeSharing;Quarry"
894,Animal,1.15,60,1.2,0,144,40,104,0.278,80,500,"","Clay=95150.42;PlantFiber=91746.74;WoodLog=48523.88","ClayPit=2;Farm=2;FiberGatheringCamp=2;HealerHut=6;Pasture=2;WoodHouse=12","Agriculture;AnimalHusbandry;ClayExtraction;ControlledFire;HerbalKnowledge;KnowledgeSharing;Quarry"
895,Animal,1.15,60,1.2,0,144,40,104,0.278,80,500,"","Clay=95259.14;PlantFiber=91855.46;WoodLog=48583.88","ClayPit=2;Farm=2;FiberGatheringCamp=2;HealerHut=6;Pasture=2;WoodHouse=12","Agriculture;AnimalHusbandry;ClayExtraction;ControlledFire;HerbalKnowledge;KnowledgeSharing;Quarry"
896,Animal,1.15,60,1.2,0,144,40,104,0.278,80,500,"","Clay=95367.86;PlantFiber=91964.18;WoodLog=48643.88","ClayPit=2;Farm=2;FiberGatheringCamp=2;HealerHut=6;Pasture=2;WoodHouse=12","Agriculture;AnimalHusbandry;ClayExtraction;ControlledFire;HerbalKnowledge;KnowledgeSharing;Quarry"
897,Animal,1.15,60,1.2,0,144,40,104,0.278,80,500,"","Clay=95476.58;PlantFiber=92072.9;WoodLog=48703.88","ClayPit=2;Farm=2;FiberGatheringCamp=2;HealerHut=6;Pasture=2;WoodHouse=12","Agriculture;AnimalHusbandry;ClayExtraction;ControlledFire;HerbalKnowledge;KnowledgeSharing;Quarry"
898,Animal,1.15,60,1.2,0,144,40,104,0.278,80,500,"","Clay=95585.3;PlantFiber=92181.62;WoodLog=48763.88","ClayPit=2;Farm=2;FiberGatheringCamp=2;HealerHut=6;Pasture=2;WoodHouse=12","Agriculture;AnimalHusbandry;ClayExtraction;ControlledFire;HerbalKnowledge;KnowledgeSharing;Quarry"
899,Animal,1.15,60,1.2,0,144,40,104,0.278,80,500,"","Clay=95694.02;PlantFiber=92290.34;WoodLog=48823.88","ClayPit=2;Farm=2;FiberGatheringCamp=2;HealerHut=6;Pasture=2;WoodHouse=12","Agriculture;AnimalHusbandry;ClayExtraction;ControlledFire;HerbalKnowledge;KnowledgeSharing;Quarry"
900,Animal,1.15,60,1.2,0,144,40,104,0.278,80,500,"","Clay=95802.74;PlantFiber=92399.06;WoodLog=48883.88","ClayPit=2;Farm=2;FiberGatheringCamp=2;HealerHut=6;Pasture=2;WoodHouse=12","Agriculture;AnimalHusbandry;ClayExtraction;ControlledFire;HerbalKnowledge;KnowledgeSharing;Quarry"
901,Animal,1.15,60,1.2,0,144,40,104,0.278,80,500,"","Clay=95911.46;PlantFiber=92507.78;WoodLog=48943.88","ClayPit=2;Farm=2;FiberGatheringCamp=2;HealerHut=6;Pasture=2;WoodHouse=12","Agriculture;AnimalHusbandry;ClayExtraction;ControlledFire;HerbalKnowledge;KnowledgeSharing;Quarry"
902,Animal,1.15,60,1.2,0,144,40,104,0.278,80,500,"","Clay=96020.18;PlantFiber=92616.5;WoodLog=49003.88","ClayPit=2;Farm=2;FiberGatheringCamp=2;HealerHut=6;Pasture=2;WoodHouse=12","Agriculture;AnimalHusbandry;ClayExtraction;ControlledFire;HerbalKnowledge;KnowledgeSharing;Quarry"
903,Animal,1.15,60,1.2,0,144,40,104,0.278,80,500,"","Clay=96128.9;PlantFiber=92725.22;WoodLog=49063.88","ClayPit=2;Farm=2;FiberGatheringCamp=2;HealerHut=6;Pasture=2;WoodHouse=12","Agriculture;AnimalHusbandry;ClayExtraction;ControlledFire;HerbalKnowledge;KnowledgeSharing;Quarry"
904,Animal,1.15,60,1.2,0,144,40,104,0.278,80,500,"","Clay=96237.62;PlantFiber=92833.94;WoodLog=49123.88","ClayPit=2;Farm=2;FiberGatheringCamp=2;HealerHut=6;Pasture=2;WoodHouse=12","Agriculture;AnimalHusbandry;ClayExtraction;ControlledFire;HerbalKnowledge;KnowledgeSharing;Quarry"
905,Animal,1.15,60,1.2,0,144,40,104,0.278,80,500,"","Clay=96346.34;PlantFiber=92942.66;WoodLog=49183.88","ClayPit=2;Farm=2;FiberGatheringCamp=2;HealerHut=6;Pasture=2;WoodHouse=12","Agriculture;AnimalHusbandry;ClayExtraction;ControlledFire;HerbalKnowledge;KnowledgeSharing;Quarry"
906,Animal,1.15,60,1.2,0,144,40,104,0.278,80,500,"","Clay=96455.06;PlantFiber=93051.38;WoodLog=49243.88","ClayPit=2;Farm=2;FiberGatheringCamp=2;HealerHut=6;Pasture=2;WoodHouse=12","Agriculture;AnimalHusbandry;ClayExtraction;ControlledFire;HerbalKnowledge;KnowledgeSharing;Quarry"
907,Animal,1.15,60,1.2,0,144,40,104,0.278,80,500,"","Clay=96563.78;PlantFiber=93160.1;WoodLog=49303.88","ClayPit=2;Farm=2;FiberGatheringCamp=2;HealerHut=6;Pasture=2;WoodHouse=12","Agriculture;AnimalHusbandry;ClayExtraction;ControlledFire;HerbalKnowledge;KnowledgeSharing;Quarry"
908,Animal,1.15,60,1.2,0,144,40,104,0.278,80,500,"","Clay=96672.5;PlantFiber=93268.82;WoodLog=49363.88","ClayPit=2;Farm=2;FiberGatheringCamp=2;HealerHut=6;Pasture=2;WoodHouse=12","Agriculture;AnimalHusbandry;ClayExtraction;ControlledFire;HerbalKnowledge;KnowledgeSharing;Quarry"
909,Animal,1.15,60,1.2,0,144,40,104,0.278,80,500,"","Clay=96781.22;PlantFiber=93377.54;WoodLog=49423.88","ClayPit=2;Farm=2;FiberGatheringCamp=2;HealerHut=6;Pasture=2;WoodHouse=12","Agriculture;AnimalHusbandry;ClayExtraction;ControlledFire;HerbalKnowledge;KnowledgeSharing;Quarry"
910,Animal,1.15,60,1.2,0,144,40,104,0.278,80,500,"","Clay=96889.94;PlantFiber=93486.26;WoodLog=49483.88","ClayPit=2;Farm=2;FiberGatheringCamp=2;HealerHut=6;Pasture=2;WoodHouse=12","Agriculture;AnimalHusbandry;ClayExtraction;ControlledFire;HerbalKnowledge;KnowledgeSharing;Quarry"
911,Animal,1.15,60,1.2,0,144,40,104,0.278,80,500,"","Clay=96998.66;PlantFiber=93594.98;WoodLog=49543.88","ClayPit=2;Farm=2;FiberGatheringCamp=2;HealerHut=6;Pasture=2;WoodHouse=12","Agriculture;AnimalHusbandry;ClayExtraction;ControlledFire;HerbalKnowledge;KnowledgeSharing;Quarry"
912,Animal,1.15,60,1.2,0,144,40,104,0.278,80,500,"","Clay=97107.38;PlantFiber=93703.7;WoodLog=49603.88","ClayPit=2;Farm=2;FiberGatheringCamp=2;HealerHut=6;Pasture=2;WoodHouse=12","Agriculture;AnimalHusbandry;ClayExtraction;ControlledFire;HerbalKnowledge;KnowledgeSharing;Quarry"
913,Animal,1.15,60,1.2,0,144,40,104,0.278,80,500,"","Clay=97216.1;PlantFiber=93812.42;WoodLog=49663.88","ClayPit=2;Farm=2;FiberGatheringCamp=2;HealerHut=6;Pasture=2;WoodHouse=12","Agriculture;AnimalHusbandry;ClayExtraction;ControlledFire;HerbalKnowledge;KnowledgeSharing;Quarry"
914,Animal,1.15,60,1.2,0,144,40,104,0.278,80,500,"","Clay=97324.82;PlantFiber=93921.14;WoodLog=49723.88","ClayPit=2;Farm=2;FiberGatheringCamp=2;HealerHut=6;Pasture=2;WoodHouse=12","Agriculture;AnimalHusbandry;ClayExtraction;ControlledFire;HerbalKnowledge;KnowledgeSharing;Quarry"
915,Animal,1.15,60,1.2,0,144,40,104,0.278,80,500,"","Clay=97433.54;PlantFiber=94029.86;WoodLog=49783.88","ClayPit=2;Farm=2;FiberGatheringCamp=2;HealerHut=6;Pasture=2;WoodHouse=12","Agriculture;AnimalHusbandry;ClayExtraction;ControlledFire;HerbalKnowledge;KnowledgeSharing;Quarry"
916,Animal,1.15,60,1.2,0,144,40,104,0.278,80,500,"","Clay=97542.26;PlantFiber=94138.58;WoodLog=49843.88","ClayPit=2;Farm=2;FiberGatheringCamp=2;HealerHut=6;Pasture=2;WoodHouse=12","Agriculture;AnimalHusbandry;ClayExtraction;ControlledFire;HerbalKnowledge;KnowledgeSharing;Quarry"
917,Animal,1.15,60,1.2,0,144,40,104,0.278,80,500,"","Clay=97650.98;PlantFiber=94247.3;WoodLog=49903.88","ClayPit=2;Farm=2;FiberGatheringCamp=2;HealerHut=6;Pasture=2;WoodHouse=12","Agriculture;AnimalHusbandry;ClayExtraction;ControlledFire;HerbalKnowledge;KnowledgeSharing;Quarry"
918,Animal,1.15,60,1.2,0,144,40,104,0.278,80,500,"","Clay=97759.7;PlantFiber=94356.02;WoodLog=49963.88","ClayPit=2;Farm=2;FiberGatheringCamp=2;HealerHut=6;Pasture=2;WoodHouse=12","Agriculture;AnimalHusbandry;ClayExtraction;ControlledFire;HerbalKnowledge;KnowledgeSharing;Quarry"
919,Animal,1.15,60,1.2,0,144,40,104,0.278,80,500,"","Clay=97868.42;PlantFiber=94464.74;WoodLog=50023.88","ClayPit=2;Farm=2;FiberGatheringCamp=2;HealerHut=6;Pasture=2;WoodHouse=12","Agriculture;AnimalHusbandry;ClayExtraction;ControlledFire;HerbalKnowledge;KnowledgeSharing;Quarry"
920,Animal,1.15,60,1.2,0,144,40,104,0.278,80,500,"","Clay=97977.14;PlantFiber=94573.46;WoodLog=50083.88","ClayPit=2;Farm=2;FiberGatheringCamp=2;HealerHut=6;Pasture=2;WoodHouse=12","Agriculture;AnimalHusbandry;ClayExtraction;ControlledFire;HerbalKnowledge;KnowledgeSharing;Quarry"
921,Animal,1.15,60,1.2,0,144,40,104,0.278,80,500,"","Clay=98085.86;PlantFiber=94682.18;WoodLog=50143.88","ClayPit=2;Farm=2;FiberGatheringCamp=2;HealerHut=6;Pasture=2;WoodHouse=12","Agriculture;AnimalHusbandry;ClayExtraction;ControlledFire;HerbalKnowledge;KnowledgeSharing;Quarry"
922,Animal,1.15,60,1.2,0,144,40,104,0.278,80,500,"","Clay=98194.58;PlantFiber=94790.9;WoodLog=50203.88","ClayPit=2;Farm=2;FiberGatheringCamp=2;HealerHut=6;Pasture=2;WoodHouse=12","Agriculture;AnimalHusbandry;ClayExtraction;ControlledFire;HerbalKnowledge;KnowledgeSharing;Quarry"
923,Animal,1.15,60,1.2,0,144,40,104,0.278,80,500,"","Clay=98303.3;PlantFiber=94899.62;WoodLog=50263.88","ClayPit=2;Farm=2;FiberGatheringCamp=2;HealerHut=6;Pasture=2;WoodHouse=12","Agriculture;AnimalHusbandry;ClayExtraction;ControlledFire;HerbalKnowledge;KnowledgeSharing;Quarry"
924,Animal,1.15,60,1.2,0,144,40,104,0.278,80,500,"","Clay=98412.02;PlantFiber=95008.34;WoodLog=50323.88","ClayPit=2;Farm=2;FiberGatheringCamp=2;HealerHut=6;Pasture=2;WoodHouse=12","Agriculture;AnimalHusbandry;ClayExtraction;ControlledFire;HerbalKnowledge;KnowledgeSharing;Quarry"
925,Animal,1.15,60,1.2,0,144,40,104,0.278,80,500,"","Clay=98520.74;PlantFiber=95117.06;WoodLog=50383.88","ClayPit=2;Farm=2;FiberGatheringCamp=2;HealerHut=6;Pasture=2;WoodHouse=12","Agriculture;AnimalHusbandry;ClayExtraction;ControlledFire;HerbalKnowledge;KnowledgeSharing;Quarry"
926,Animal,1.15,60,1.2,0,144,40,104,0.278,80,500,"","Clay=98629.46;PlantFiber=95225.78;WoodLog=50443.88","ClayPit=2;Farm=2;FiberGatheringCamp=2;HealerHut=6;Pasture=2;WoodHouse=12","Agriculture;AnimalHusbandry;ClayExtraction;ControlledFire;HerbalKnowledge;KnowledgeSharing;Quarry"
927,Animal,1.15,60,1.2,0,144,40,104,0.278,80,500,"","Clay=98738.18;PlantFiber=95334.5;WoodLog=50503.88","ClayPit=2;Farm=2;FiberGatheringCamp=2;HealerHut=6;Pasture=2;WoodHouse=12","Agriculture;AnimalHusbandry;ClayExtraction;ControlledFire;HerbalKnowledge;KnowledgeSharing;Quarry"
928,Animal,1.15,60,1.2,0,144,40,104,0.278,80,500,"","Clay=98846.9;PlantFiber=95443.22;WoodLog=50563.88","ClayPit=2;Farm=2;FiberGatheringCamp=2;HealerHut=6;Pasture=2;WoodHouse=12","Agriculture;AnimalHusbandry;ClayExtraction;ControlledFire;HerbalKnowledge;KnowledgeSharing;Quarry"
929,Animal,1.15,60,1.2,0,144,40,104,0.278,80,500,"","Clay=98955.62;PlantFiber=95551.94;WoodLog=50623.88","ClayPit=2;Farm=2;FiberGatheringCamp=2;HealerHut=6;Pasture=2;WoodHouse=12","Agriculture;AnimalHusbandry;ClayExtraction;ControlledFire;HerbalKnowledge;KnowledgeSharing;Quarry"
930,Animal,1.15,60,1.2,0,144,40,104,0.278,80,500,"","Clay=99064.34;PlantFiber=95660.66;WoodLog=50683.88","ClayPit=2;Farm=2;FiberGatheringCamp=2;HealerHut=6;Pasture=2;WoodHouse=12","Agriculture;AnimalHusbandry;ClayExtraction;ControlledFire;HerbalKnowledge;KnowledgeSharing;Quarry"
931,Animal,1.15,60,1.2,0,144,40,104,0.278,80,500,"","Clay=99173.06;PlantFiber=95769.38;WoodLog=50743.88","ClayPit=2;Farm=2;FiberGatheringCamp=2;HealerHut=6;Pasture=2;WoodHouse=12","Agriculture;AnimalHusbandry;ClayExtraction;ControlledFire;HerbalKnowledge;KnowledgeSharing;Quarry"
932,Animal,1.15,60,1.2,0,144,40,104,0.278,80,500,"","Clay=99281.78;PlantFiber=95878.1;WoodLog=50803.88","ClayPit=2;Farm=2;FiberGatheringCamp=2;HealerHut=6;Pasture=2;WoodHouse=12","Agriculture;AnimalHusbandry;ClayExtraction;ControlledFire;HerbalKnowledge;KnowledgeSharing;Quarry"
933,Animal,1.15,60,1.2,0,144,40,104,0.278,80,500,"","Clay=99390.5;PlantFiber=95986.82;WoodLog=50863.88","ClayPit=2;Farm=2;FiberGatheringCamp=2;HealerHut=6;Pasture=2;WoodHouse=12","Agriculture;AnimalHusbandry;ClayExtraction;ControlledFire;HerbalKnowledge;KnowledgeSharing;Quarry"
934,Animal,1.15,60,1.2,0,144,40,104,0.278,80,500,"","Clay=99499.22;PlantFiber=96095.54;WoodLog=50923.88","ClayPit=2;Farm=2;FiberGatheringCamp=2;HealerHut=6;Pasture=2;WoodHouse=12","Agriculture;AnimalHusbandry;ClayExtraction;ControlledFire;HerbalKnowledge;KnowledgeSharing;Quarry"
935,Animal,1.15,60,1.2,0,144,40,104,0.278,80,500,"","Clay=99607.94;PlantFiber=96204.26;WoodLog=50983.88","ClayPit=2;Farm=2;FiberGatheringCamp=2;HealerHut=6;Pasture=2;WoodHouse=12","Agriculture;AnimalHusbandry;ClayExtraction;ControlledFire;HerbalKnowledge;KnowledgeSharing;Quarry"
936,Animal,1.15,60,1.2,0,144,40,104,0.278,80,500,"","Clay=99716.66;PlantFiber=96312.98;WoodLog=51043.88","ClayPit=2;Farm=2;FiberGatheringCamp=2;HealerHut=6;Pasture=2;WoodHouse=12","Agriculture;AnimalHusbandry;ClayExtraction;ControlledFire;HerbalKnowledge;KnowledgeSharing;Quarry"
937,Animal,1.15,60,1.2,0,144,40,104,0.278,80,500,"","Clay=99825.38;PlantFiber=96421.7;WoodLog=51103.88","ClayPit=2;Farm=2;FiberGatheringCamp=2;HealerHut=6;Pasture=2;WoodHouse=12","Agriculture;AnimalHusbandry;ClayExtraction;ControlledFire;HerbalKnowledge;KnowledgeSharing;Quarry"
938,Animal,1.15,60,1.2,0,144,40,104,0.278,80,500,"","Clay=99934.1;PlantFiber=96530.42;WoodLog=51163.88","ClayPit=2;Farm=2;FiberGatheringCamp=2;HealerHut=6;Pasture=2;WoodHouse=12","Agriculture;AnimalHusbandry;ClayExtraction;ControlledFire;HerbalKnowledge;KnowledgeSharing;Quarry"
939,Animal,1.15,60,1.2,0,144,40,104,0.278,80,500,"","Clay=100042.82;PlantFiber=96639.14;WoodLog=51223.88","ClayPit=2;Farm=2;FiberGatheringCamp=2;HealerHut=6;Pasture=2;WoodHouse=12","Agriculture;AnimalHusbandry;ClayExtraction;ControlledFire;HerbalKnowledge;KnowledgeSharing;Quarry"
940,Animal,1.15,60,1.2,0,144,40,104,0.278,80,500,"","Clay=100151.54;PlantFiber=96747.86;WoodLog=51283.88","ClayPit=2;Farm=2;FiberGatheringCamp=2;HealerHut=6;Pasture=2;WoodHouse=12","Agriculture;AnimalHusbandry;ClayExtraction;ControlledFire;HerbalKnowledge;KnowledgeSharing;Quarry"
941,Animal,1.15,60,1.2,0,144,40,104,0.278,80,500,"","Clay=100260.26;PlantFiber=96856.58;WoodLog=51343.88","ClayPit=2;Farm=2;FiberGatheringCamp=2;HealerHut=6;Pasture=2;WoodHouse=12","Agriculture;AnimalHusbandry;ClayExtraction;ControlledFire;HerbalKnowledge;KnowledgeSharing;Quarry"
942,Animal,1.15,60,1.2,0,144,40,104,0.278,80,500,"","Clay=100368.98;PlantFiber=96965.3;WoodLog=51403.88","ClayPit=2;Farm=2;FiberGatheringCamp=2;HealerHut=6;Pasture=2;WoodHouse=12","Agriculture;AnimalHusbandry;ClayExtraction;ControlledFire;HerbalKnowledge;KnowledgeSharing;Quarry"
943,Animal,1.15,60,1.2,0,144,40,104,0.278,80,500,"","Clay=100477.7;PlantFiber=97074.02;WoodLog=51463.88","ClayPit=2;Farm=2;FiberGatheringCamp=2;HealerHut=6;Pasture=2;WoodHouse=12","Agriculture;AnimalHusbandry;ClayExtraction;ControlledFire;HerbalKnowledge;KnowledgeSharing;Quarry"
944,Animal,1.15,60,1.2,0,144,40,104,0.278,80,500,"","Clay=100586.42;PlantFiber=97182.74;WoodLog=51523.88","ClayPit=2;Farm=2;FiberGatheringCamp=2;HealerHut=6;Pasture=2;WoodHouse=12","Agriculture;AnimalHusbandry;ClayExtraction;ControlledFire;HerbalKnowledge;KnowledgeSharing;Quarry"
945,Animal,1.15,60,1.2,0,144,40,104,0.278,80,500,"","Clay=100695.14;PlantFiber=97291.46;WoodLog=51583.88","ClayPit=2;Farm=2;FiberGatheringCamp=2;HealerHut=6;Pasture=2;WoodHouse=12","Agriculture;AnimalHusbandry;ClayExtraction;ControlledFire;HerbalKnowledge;KnowledgeSharing;Quarry"
946,Animal,1.15,60,1.2,0,144,40,104,0.278,80,500,"","Clay=100803.86;PlantFiber=97400.18;WoodLog=51643.88","ClayPit=2;Farm=2;FiberGatheringCamp=2;HealerHut=6;Pasture=2;WoodHouse=12","Agriculture;AnimalHusbandry;ClayExtraction;ControlledFire;HerbalKnowledge;KnowledgeSharing;Quarry"
947,Animal,1.15,60,1.2,0,144,40,104,0.278,80,500,"","Clay=100912.58;PlantFiber=97508.9;WoodLog=51703.88","ClayPit=2;Farm=2;FiberGatheringCamp=2;HealerHut=6;Pasture=2;WoodHouse=12","Agriculture;AnimalHusbandry;ClayExtraction;ControlledFire;HerbalKnowledge;KnowledgeSharing;Quarry"
948,Animal,1.15,60,1.2,0,144,40,104,0.278,80,500,"","Clay=101021.3;PlantFiber=97617.62;WoodLog=51763.88","ClayPit=2;Farm=2;FiberGatheringCamp=2;HealerHut=6;Pasture=2;WoodHouse=12","Agriculture;AnimalHusbandry;ClayExtraction;ControlledFire;HerbalKnowledge;KnowledgeSharing;Quarry"
949,Animal,1.15,60,1.2,0,144,40,104,0.278,80,500,"","Clay=101130.02;PlantFiber=97726.34;WoodLog=51823.88","ClayPit=2;Farm=2;FiberGatheringCamp=2;HealerHut=6;Pasture=2;WoodHouse=12","Agriculture;AnimalHusbandry;ClayExtraction;ControlledFire;HerbalKnowledge;KnowledgeSharing;Quarry"
950,Animal,1.15,60,1.2,0,144,40,104,0.278,80,500,"","Clay=101238.74;PlantFiber=97835.06;WoodLog=51883.88","ClayPit=2;Farm=2;FiberGatheringCamp=2;HealerHut=6;Pasture=2;WoodHouse=12","Agriculture;AnimalHusbandry;ClayExtraction;ControlledFire;HerbalKnowledge;KnowledgeSharing;Quarry"
951,Animal,1.15,60,1.2,0,144,40,104,0.278,80,500,"","Clay=101347.46;PlantFiber=97943.78;WoodLog=51943.88","ClayPit=2;Farm=2;FiberGatheringCamp=2;HealerHut=6;Pasture=2;WoodHouse=12","Agriculture;AnimalHusbandry;ClayExtraction;ControlledFire;HerbalKnowledge;KnowledgeSharing;Quarry"
952,Animal,1.15,60,1.2,0,144,40,104,0.278,80,500,"","Clay=101456.18;PlantFiber=98052.5;WoodLog=52003.88","ClayPit=2;Farm=2;FiberGatheringCamp=2;HealerHut=6;Pasture=2;WoodHouse=12","Agriculture;AnimalHusbandry;ClayExtraction;ControlledFire;HerbalKnowledge;KnowledgeSharing;Quarry"
953,Animal,1.15,60,1.2,0,144,40,104,0.278,80,500,"","Clay=101564.9;PlantFiber=98161.22;WoodLog=52063.88","ClayPit=2;Farm=2;FiberGatheringCamp=2;HealerHut=6;Pasture=2;WoodHouse=12","Agriculture;AnimalHusbandry;ClayExtraction;ControlledFire;HerbalKnowledge;KnowledgeSharing;Quarry"
954,Animal,1.15,60,1.2,0,144,40,104,0.278,80,500,"","Clay=101673.62;PlantFiber=98269.94;WoodLog=52123.88","ClayPit=2;Farm=2;FiberGatheringCamp=2;HealerHut=6;Pasture=2;WoodHouse=12","Agriculture;AnimalHusbandry;ClayExtraction;ControlledFire;HerbalKnowledge;KnowledgeSharing;Quarry"
955,Animal,1.15,60,1.2,0,144,40,104,0.278,80,500,"","Clay=101782.34;PlantFiber=98378.66;WoodLog=52183.88","ClayPit=2;Farm=2;FiberGatheringCamp=2;HealerHut=6;Pasture=2;WoodHouse=12","Agriculture;AnimalHusbandry;ClayExtraction;ControlledFire;HerbalKnowledge;KnowledgeSharing;Quarry"
956,Animal,1.15,60,1.2,0,144,40,104,0.278,80,500,"","Clay=101891.06;PlantFiber=98487.38;WoodLog=52243.88","ClayPit=2;Farm=2;FiberGatheringCamp=2;HealerHut=6;Pasture=2;WoodHouse=12","Agriculture;AnimalHusbandry;ClayExtraction;ControlledFire;HerbalKnowledge;KnowledgeSharing;Quarry"
957,Animal,1.15,60,1.2,0,144,40,104,0.278,80,500,"","Clay=101999.78;PlantFiber=98596.1;WoodLog=52303.88","ClayPit=2;Farm=2;FiberGatheringCamp=2;HealerHut=6;Pasture=2;WoodHouse=12","Agriculture;AnimalHusbandry;ClayExtraction;ControlledFire;HerbalKnowledge;KnowledgeSharing;Quarry"
958,Animal,1.15,60,1.2,0,144,40,104,0.278,80,500,"","Clay=102108.5;PlantFiber=98704.82;WoodLog=52363.88","ClayPit=2;Farm=2;FiberGatheringCamp=2;HealerHut=6;Pasture=2;WoodHouse=12","Agriculture;AnimalHusbandry;ClayExtraction;ControlledFire;HerbalKnowledge;KnowledgeSharing;Quarry"
959,Animal,1.15,60,1.2,0,144,40,104,0.278,80,500,"","Clay=102217.22;PlantFiber=98813.54;WoodLog=52423.88","ClayPit=2;Farm=2;FiberGatheringCamp=2;HealerHut=6;Pasture=2;WoodHouse=12","Agriculture;AnimalHusbandry;ClayExtraction;ControlledFire;HerbalKnowledge;KnowledgeSharing;Quarry"
960,Animal,1.15,60,1.2,0,144,40,104,0.278,80,500,"","Clay=102325.94;PlantFiber=98922.26;WoodLog=52483.88","ClayPit=2;Farm=2;FiberGatheringCamp=2;HealerHut=6;Pasture=2;WoodHouse=12","Agriculture;AnimalHusbandry;ClayExtraction;ControlledFire;HerbalKnowledge;KnowledgeSharing;Quarry"
961,Animal,1.15,60,1.2,0,144,40,104,0.278,80,500,"","Clay=102434.66;PlantFiber=99030.98;WoodLog=52543.88","ClayPit=2;Farm=2;FiberGatheringCamp=2;HealerHut=6;Pasture=2;WoodHouse=12","Agriculture;AnimalHusbandry;ClayExtraction;ControlledFire;HerbalKnowledge;KnowledgeSharing;Quarry"
962,Animal,1.15,60,1.2,0,144,40,104,0.278,80,500,"","Clay=102543.38;PlantFiber=99139.7;WoodLog=52603.88","ClayPit=2;Farm=2;FiberGatheringCamp=2;HealerHut=6;Pasture=2;WoodHouse=12","Agriculture;AnimalHusbandry;ClayExtraction;ControlledFire;HerbalKnowledge;KnowledgeSharing;Quarry"
963,Animal,1.15,60,1.2,0,144,40,104,0.278,80,500,"","Clay=102652.1;PlantFiber=99248.42;WoodLog=52663.88","ClayPit=2;Farm=2;FiberGatheringCamp=2;HealerHut=6;Pasture=2;WoodHouse=12","Agriculture;AnimalHusbandry;ClayExtraction;ControlledFire;HerbalKnowledge;KnowledgeSharing;Quarry"
964,Animal,1.15,60,1.2,0,144,40,104,0.278,80,500,"","Clay=102760.82;PlantFiber=99357.14;WoodLog=52723.88","ClayPit=2;Farm=2;FiberGatheringCamp=2;HealerHut=6;Pasture=2;WoodHouse=12","Agriculture;AnimalHusbandry;ClayExtraction;ControlledFire;HerbalKnowledge;KnowledgeSharing;Quarry"
965,Animal,1.15,60,1.2,0,144,40,104,0.278,80,500,"","Clay=102869.54;PlantFiber=99465.86;WoodLog=52783.88","ClayPit=2;Farm=2;FiberGatheringCamp=2;HealerHut=6;Pasture=2;WoodHouse=12","Agriculture;AnimalHusbandry;ClayExtraction;ControlledFire;HerbalKnowledge;KnowledgeSharing;Quarry"
966,Animal,1.15,60,1.2,0,144,40,104,0.278,80,500,"","Clay=102978.26;PlantFiber=99574.58;WoodLog=52843.88","ClayPit=2;Farm=2;FiberGatheringCamp=2;HealerHut=6;Pasture=2;WoodHouse=12","Agriculture;AnimalHusbandry;ClayExtraction;ControlledFire;HerbalKnowledge;KnowledgeSharing;Quarry"
967,Animal,1.15,60,1.2,0,144,40,104,0.278,80,500,"","Clay=103086.98;PlantFiber=99683.3;WoodLog=52903.88","ClayPit=2;Farm=2;FiberGatheringCamp=2;HealerHut=6;Pasture=2;WoodHouse=12","Agriculture;AnimalHusbandry;ClayExtraction;ControlledFire;HerbalKnowledge;KnowledgeSharing;Quarry"
968,Animal,1.15,60,1.2,0,144,40,104,0.278,80,500,"","Clay=103195.7;PlantFiber=99792.02;WoodLog=52963.88","ClayPit=2;Farm=2;FiberGatheringCamp=2;HealerHut=6;Pasture=2;WoodHouse=12","Agriculture;AnimalHusbandry;ClayExtraction;ControlledFire;HerbalKnowledge;KnowledgeSharing;Quarry"
969,Animal,1.15,60,1.2,0,144,40,104,0.278,80,500,"","Clay=103304.42;PlantFiber=99900.74;WoodLog=53023.88","ClayPit=2;Farm=2;FiberGatheringCamp=2;HealerHut=6;Pasture=2;WoodHouse=12","Agriculture;AnimalHusbandry;ClayExtraction;ControlledFire;HerbalKnowledge;KnowledgeSharing;Quarry"
970,Animal,1.15,60,1.2,0,144,40,104,0.278,80,500,"","Clay=103413.14;PlantFiber=100009.46;WoodLog=53083.88","ClayPit=2;Farm=2;FiberGatheringCamp=2;HealerHut=6;Pasture=2;WoodHouse=12","Agriculture;AnimalHusbandry;ClayExtraction;ControlledFire;HerbalKnowledge;KnowledgeSharing;Quarry"
971,Animal,1.15,60,1.2,0,144,40,104,0.278,80,500,"","Clay=103521.86;PlantFiber=100118.18;WoodLog=53143.88","ClayPit=2;Farm=2;FiberGatheringCamp=2;HealerHut=6;Pasture=2;WoodHouse=12","Agriculture;AnimalHusbandry;ClayExtraction;ControlledFire;HerbalKnowledge;KnowledgeSharing;Quarry"
972,Animal,1.15,60,1.2,0,144,40,104,0.278,80,500,"","Clay=103630.58;PlantFiber=100226.9;WoodLog=53203.88","ClayPit=2;Farm=2;FiberGatheringCamp=2;HealerHut=6;Pasture=2;WoodHouse=12","Agriculture;AnimalHusbandry;ClayExtraction;ControlledFire;HerbalKnowledge;KnowledgeSharing;Quarry"
973,Animal,1.15,60,1.2,0,144,40,104,0.278,80,500,"","Clay=103739.3;PlantFiber=100335.62;WoodLog=53263.88","ClayPit=2;Farm=2;FiberGatheringCamp=2;HealerHut=6;Pasture=2;WoodHouse=12","Agriculture;AnimalHusbandry;ClayExtraction;ControlledFire;HerbalKnowledge;KnowledgeSharing;Quarry"
974,Animal,1.15,60,1.2,0,144,40,104,0.278,80,500,"","Clay=103848.02;PlantFiber=100444.34;WoodLog=53323.88","ClayPit=2;Farm=2;FiberGatheringCamp=2;HealerHut=6;Pasture=2;WoodHouse=12","Agriculture;AnimalHusbandry;ClayExtraction;ControlledFire;HerbalKnowledge;KnowledgeSharing;Quarry"
975,Animal,1.15,60,1.2,0,144,40,104,0.278,80,500,"","Clay=103956.74;PlantFiber=100553.06;WoodLog=53383.88","ClayPit=2;Farm=2;FiberGatheringCamp=2;HealerHut=6;Pasture=2;WoodHouse=12","Agriculture;AnimalHusbandry;ClayExtraction;ControlledFire;HerbalKnowledge;KnowledgeSharing;Quarry"
976,Animal,1.15,60,1.2,0,144,40,104,0.278,80,500,"","Clay=104065.46;PlantFiber=100661.78;WoodLog=53443.88","ClayPit=2;Farm=2;FiberGatheringCamp=2;HealerHut=6;Pasture=2;WoodHouse=12","Agriculture;AnimalHusbandry;ClayExtraction;ControlledFire;HerbalKnowledge;KnowledgeSharing;Quarry"
977,Animal,1.15,60,1.2,0,144,40,104,0.278,80,500,"","Clay=104174.18;PlantFiber=100770.5;WoodLog=53503.88","ClayPit=2;Farm=2;FiberGatheringCamp=2;HealerHut=6;Pasture=2;WoodHouse=12","Agriculture;AnimalHusbandry;ClayExtraction;ControlledFire;HerbalKnowledge;KnowledgeSharing;Quarry"
978,Animal,1.15,60,1.2,0,144,40,104,0.278,80,500,"","Clay=104282.9;PlantFiber=100879.22;WoodLog=53563.88","ClayPit=2;Farm=2;FiberGatheringCamp=2;HealerHut=6;Pasture=2;WoodHouse=12","Agriculture;AnimalHusbandry;ClayExtraction;ControlledFire;HerbalKnowledge;KnowledgeSharing;Quarry"
979,Animal,1.15,60,1.2,0,144,40,104,0.278,80,500,"","Clay=104391.62;PlantFiber=100987.94;WoodLog=53623.88","ClayPit=2;Farm=2;FiberGatheringCamp=2;HealerHut=6;Pasture=2;WoodHouse=12","Agriculture;AnimalHusbandry;ClayExtraction;ControlledFire;HerbalKnowledge;KnowledgeSharing;Quarry"
980,Animal,1.15,60,1.2,0,144,40,104,0.278,80,500,"","Clay=104500.34;PlantFiber=101096.66;WoodLog=53683.88","ClayPit=2;Farm=2;FiberGatheringCamp=2;HealerHut=6;Pasture=2;WoodHouse=12","Agriculture;AnimalHusbandry;ClayExtraction;ControlledFire;HerbalKnowledge;KnowledgeSharing;Quarry"
981,Animal,1.15,60,1.2,0,144,40,104,0.278,80,500,"","Clay=104609.06;PlantFiber=101205.38;WoodLog=53743.88","ClayPit=2;Farm=2;FiberGatheringCamp=2;HealerHut=6;Pasture=2;WoodHouse=12","Agriculture;AnimalHusbandry;ClayExtraction;ControlledFire;HerbalKnowledge;KnowledgeSharing;Quarry"
982,Animal,1.15,60,1.2,0,144,40,104,0.278,80,500,"","Clay=104717.78;PlantFiber=101314.1;WoodLog=53803.88","ClayPit=2;Farm=2;FiberGatheringCamp=2;HealerHut=6;Pasture=2;WoodHouse=12","Agriculture;AnimalHusbandry;ClayExtraction;ControlledFire;HerbalKnowledge;KnowledgeSharing;Quarry"
983,Animal,1.15,60,1.2,0,144,40,104,0.278,80,500,"","Clay=104826.5;PlantFiber=101422.82;WoodLog=53863.88","ClayPit=2;Farm=2;FiberGatheringCamp=2;HealerHut=6;Pasture=2;WoodHouse=12","Agriculture;AnimalHusbandry;ClayExtraction;ControlledFire;HerbalKnowledge;KnowledgeSharing;Quarry"
984,Animal,1.15,60,1.2,0,144,40,104,0.278,80,500,"","Clay=104935.22;PlantFiber=101531.54;WoodLog=53923.88","ClayPit=2;Farm=2;FiberGatheringCamp=2;HealerHut=6;Pasture=2;WoodHouse=12","Agriculture;AnimalHusbandry;ClayExtraction;ControlledFire;HerbalKnowledge;KnowledgeSharing;Quarry"
985,Animal,1.15,60,1.2,0,144,40,104,0.278,80,500,"","Clay=105043.94;PlantFiber=101640.26;WoodLog=53983.88","ClayPit=2;Farm=2;FiberGatheringCamp=2;HealerHut=6;Pasture=2;WoodHouse=12","Agriculture;AnimalHusbandry;ClayExtraction;ControlledFire;HerbalKnowledge;KnowledgeSharing;Quarry"
986,Animal,1.15,60,1.2,0,144,40,104,0.278,80,500,"","Clay=105152.66;PlantFiber=101748.98;WoodLog=54043.88","ClayPit=2;Farm=2;FiberGatheringCamp=2;HealerHut=6;Pasture=2;WoodHouse=12","Agriculture;AnimalHusbandry;ClayExtraction;ControlledFire;HerbalKnowledge;KnowledgeSharing;Quarry"
987,Animal,1.15,60,1.2,0,144,40,104,0.278,80,500,"","Clay=105261.38;PlantFiber=101857.7;WoodLog=54103.88","ClayPit=2;Farm=2;FiberGatheringCamp=2;HealerHut=6;Pasture=2;WoodHouse=12","Agriculture;AnimalHusbandry;ClayExtraction;ControlledFire;HerbalKnowledge;KnowledgeSharing;Quarry"
988,Animal,1.15,60,1.2,0,144,40,104,0.278,80,500,"","Clay=105370.1;PlantFiber=101966.42;WoodLog=54163.88","ClayPit=2;Farm=2;FiberGatheringCamp=2;HealerHut=6;Pasture=2;WoodHouse=12","Agriculture;AnimalHusbandry;ClayExtraction;ControlledFire;HerbalKnowledge;KnowledgeSharing;Quarry"
989,Animal,1.15,60,1.2,0,144,40,104,0.278,80,500,"","Clay=105478.82;PlantFiber=102075.14;WoodLog=54223.88","ClayPit=2;Farm=2;FiberGatheringCamp=2;HealerHut=6;Pasture=2;WoodHouse=12","Agriculture;AnimalHusbandry;ClayExtraction;ControlledFire;HerbalKnowledge;KnowledgeSharing;Quarry"
990,Animal,1.15,60,1.2,0,144,40,104,0.278,80,500,"","Clay=105587.54;PlantFiber=102183.86;WoodLog=54283.88","ClayPit=2;Farm=2;FiberGatheringCamp=2;HealerHut=6;Pasture=2;WoodHouse=12","Agriculture;AnimalHusbandry;ClayExtraction;ControlledFire;HerbalKnowledge;KnowledgeSharing;Quarry"
991,Animal,1.15,60,1.2,0,144,40,104,0.278,80,500,"","Clay=105696.26;PlantFiber=102292.58;WoodLog=54343.88","ClayPit=2;Farm=2;FiberGatheringCamp=2;HealerHut=6;Pasture=2;WoodHouse=12","Agriculture;AnimalHusbandry;ClayExtraction;ControlledFire;HerbalKnowledge;KnowledgeSharing;Quarry"
992,Animal,1.15,60,1.2,0,144,40,104,0.278,80,500,"","Clay=105804.98;PlantFiber=102401.3;WoodLog=54403.88","ClayPit=2;Farm=2;FiberGatheringCamp=2;HealerHut=6;Pasture=2;WoodHouse=12","Agriculture;AnimalHusbandry;ClayExtraction;ControlledFire;HerbalKnowledge;KnowledgeSharing;Quarry"
993,Animal,1.15,60,1.2,0,144,40,104,0.278,80,500,"","Clay=105913.7;PlantFiber=102510.02;WoodLog=54463.88","ClayPit=2;Farm=2;FiberGatheringCamp=2;HealerHut=6;Pasture=2;WoodHouse=12","Agriculture;AnimalHusbandry;ClayExtraction;ControlledFire;HerbalKnowledge;KnowledgeSharing;Quarry"
994,Animal,1.15,60,1.2,0,144,40,104,0.278,80,500,"","Clay=106022.42;PlantFiber=102618.74;WoodLog=54523.88","ClayPit=2;Farm=2;FiberGatheringCamp=2;HealerHut=6;Pasture=2;WoodHouse=12","Agriculture;AnimalHusbandry;ClayExtraction;ControlledFire;HerbalKnowledge;KnowledgeSharing;Quarry"
995,Animal,1.15,60,1.2,0,144,40,104,0.278,80,500,"","Clay=106131.14;PlantFiber=102727.46;WoodLog=54583.88","ClayPit=2;Farm=2;FiberGatheringCamp=2;HealerHut=6;Pasture=2;WoodHouse=12","Agriculture;AnimalHusbandry;ClayExtraction;ControlledFire;HerbalKnowledge;KnowledgeSharing;Quarry"
996,Animal,1.15,60,1.2,0,144,40,104,0.278,80,500,"","Clay=106239.86;PlantFiber=102836.18;WoodLog=54643.88","ClayPit=2;Farm=2;FiberGatheringCamp=2;HealerHut=6;Pasture=2;WoodHouse=12","Agriculture;AnimalHusbandry;ClayExtraction;ControlledFire;HerbalKnowledge;KnowledgeSharing;Quarry"
997,Animal,1.15,60,1.2,0,144,40,104,0.278,80,500,"","Clay=106348.58;PlantFiber=102944.9;WoodLog=54703.88","ClayPit=2;Farm=2;FiberGatheringCamp=2;HealerHut=6;Pasture=2;WoodHouse=12","Agriculture;AnimalHusbandry;ClayExtraction;ControlledFire;HerbalKnowledge;KnowledgeSharing;Quarry"
998,Animal,1.15,60,1.2,0,144,40,104,0.278,80,500,"","Clay=106457.3;PlantFiber=103053.62;WoodLog=54763.88","ClayPit=2;Farm=2;FiberGatheringCamp=2;HealerHut=6;Pasture=2;WoodHouse=12","Agriculture;AnimalHusbandry;ClayExtraction;ControlledFire;HerbalKnowledge;KnowledgeSharing;Quarry"
999,Animal,1.15,60,1.2,0,144,40,104,0.278,80,500,"","Clay=106566.02;PlantFiber=103162.34;WoodLog=54823.88","ClayPit=2;Farm=2;FiberGatheringCamp=2;HealerHut=6;Pasture=2;WoodHouse=12","Agriculture;AnimalHusbandry;ClayExtraction;ControlledFire;HerbalKnowledge;KnowledgeSharing;Quarry"
1000,Animal,1.15,60,1.2,0,144,40,104,0.278,80,500,"","Clay=106674.74;PlantFiber=103271.06;WoodLog=54883.88","ClayPit=2;Farm=2;FiberGatheringCamp=2;HealerHut=6;Pasture=2;WoodHouse=12","Agriculture;AnimalHusbandry;ClayExtraction;ControlledFire;HerbalKnowledge;KnowledgeSharing;Quarry"
1001,Animal,1.15,60,1.2,0,144,40,104,0.278,80,500,"","Clay=106783.46;PlantFiber=103379.78;WoodLog=54943.88","ClayPit=2;Farm=2;FiberGatheringCamp=2;HealerHut=6;Pasture=2;WoodHouse=12","Agriculture;AnimalHusbandry;ClayExtraction;ControlledFire;HerbalKnowledge;KnowledgeSharing;Quarry"
1002,Animal,1.15,60,1.2,0,144,40,104,0.278,80,500,"","Clay=106892.18;PlantFiber=103488.5;WoodLog=55003.88","ClayPit=2;Farm=2;FiberGatheringCamp=2;HealerHut=6;Pasture=2;WoodHouse=12","Agriculture;AnimalHusbandry;ClayExtraction;ControlledFire;HerbalKnowledge;KnowledgeSharing;Quarry"
1003,Animal,1.15,60,1.2,0,144,40,104,0.278,80,500,"","Clay=107000.9;PlantFiber=103597.22;WoodLog=55063.88","ClayPit=2;Farm=2;FiberGatheringCamp=2;HealerHut=6;Pasture=2;WoodHouse=12","Agriculture;AnimalHusbandry;ClayExtraction;ControlledFire;HerbalKnowledge;KnowledgeSharing;Quarry"
1004,Animal,1.15,60,1.2,0,144,40,104,0.278,80,500,"","Clay=107109.62;PlantFiber=103705.94;WoodLog=55123.88","ClayPit=2;Farm=2;FiberGatheringCamp=2;HealerHut=6;Pasture=2;WoodHouse=12","Agriculture;AnimalHusbandry;ClayExtraction;ControlledFire;HerbalKnowledge;KnowledgeSharing;Quarry"
1005,Animal,1.15,60,1.2,0,144,40,104,0.278,80,500,"","Clay=107218.34;PlantFiber=103814.66;WoodLog=55183.88","ClayPit=2;Farm=2;FiberGatheringCamp=2;HealerHut=6;Pasture=2;WoodHouse=12","Agriculture;AnimalHusbandry;ClayExtraction;ControlledFire;HerbalKnowledge;KnowledgeSharing;Quarry"
1006,Animal,1.15,60,1.2,0,144,40,104,0.278,80,500,"","Clay=107327.06;PlantFiber=103923.38;WoodLog=55243.88","ClayPit=2;Farm=2;FiberGatheringCamp=2;HealerHut=6;Pasture=2;WoodHouse=12","Agriculture;AnimalHusbandry;ClayExtraction;ControlledFire;HerbalKnowledge;KnowledgeSharing;Quarry"
1007,Animal,1.15,60,1.2,0,144,40,104,0.278,80,500,"","Clay=107435.78;PlantFiber=104032.1;WoodLog=55303.88","ClayPit=2;Farm=2;FiberGatheringCamp=2;HealerHut=6;Pasture=2;WoodHouse=12","Agriculture;AnimalHusbandry;ClayExtraction;ControlledFire;HerbalKnowledge;KnowledgeSharing;Quarry"
1008,Animal,1.15,60,1.2,0,144,40,104,0.278,80,500,"","Clay=107544.5;PlantFiber=104140.82;WoodLog=55363.88","ClayPit=2;Farm=2;FiberGatheringCamp=2;HealerHut=6;Pasture=2;WoodHouse=12","Agriculture;AnimalHusbandry;ClayExtraction;ControlledFire;HerbalKnowledge;KnowledgeSharing;Quarry"
1009,Animal,1.15,60,1.2,0,144,40,104,0.278,80,500,"","Clay=107653.22;PlantFiber=104249.54;WoodLog=55423.88","ClayPit=2;Farm=2;FiberGatheringCamp=2;HealerHut=6;Pasture=2;WoodHouse=12","Agriculture;AnimalHusbandry;ClayExtraction;ControlledFire;HerbalKnowledge;KnowledgeSharing;Quarry"
1010,Animal,1.15,60,1.2,0,144,40,104,0.278,80,500,"","Clay=107761.94;PlantFiber=104358.26;WoodLog=55483.88","ClayPit=2;Farm=2;FiberGatheringCamp=2;HealerHut=6;Pasture=2;WoodHouse=12","Agriculture;AnimalHusbandry;ClayExtraction;ControlledFire;HerbalKnowledge;KnowledgeSharing;Quarry"
1011,Animal,1.15,60,1.2,0,144,40,104,0.278,80,500,"","Clay=107870.66;PlantFiber=104466.98;WoodLog=55543.88","ClayPit=2;Farm=2;FiberGatheringCamp=2;HealerHut=6;Pasture=2;WoodHouse=12","Agriculture;AnimalHusbandry;ClayExtraction;ControlledFire;HerbalKnowledge;KnowledgeSharing;Quarry"
1012,Animal,1.15,60,1.2,0,144,40,104,0.278,80,500,"","Clay=107979.38;PlantFiber=104575.7;WoodLog=55603.88","ClayPit=2;Farm=2;FiberGatheringCamp=2;HealerHut=6;Pasture=2;WoodHouse=12","Agriculture;AnimalHusbandry;ClayExtraction;ControlledFire;HerbalKnowledge;KnowledgeSharing;Quarry"
1013,Animal,1.15,60,1.2,0,144,40,104,0.278,80,500,"","Clay=108088.1;PlantFiber=104684.42;WoodLog=55663.88","ClayPit=2;Farm=2;FiberGatheringCamp=2;HealerHut=6;Pasture=2;WoodHouse=12","Agriculture;AnimalHusbandry;ClayExtraction;ControlledFire;HerbalKnowledge;KnowledgeSharing;Quarry"
1014,Animal,1.15,60,1.2,0,144,40,104,0.278,80,500,"","Clay=108196.82;PlantFiber=104793.14;WoodLog=55723.88","ClayPit=2;Farm=2;FiberGatheringCamp=2;HealerHut=6;Pasture=2;WoodHouse=12","Agriculture;AnimalHusbandry;ClayExtraction;ControlledFire;HerbalKnowledge;KnowledgeSharing;Quarry"
1015,Animal,1.15,60,1.2,0,144,40,104,0.278,80,500,"","Clay=108305.54;PlantFiber=104901.86;WoodLog=55783.88","ClayPit=2;Farm=2;FiberGatheringCamp=2;HealerHut=6;Pasture=2;WoodHouse=12","Agriculture;AnimalHusbandry;ClayExtraction;ControlledFire;HerbalKnowledge;KnowledgeSharing;Quarry"
1016,Animal,1.15,60,1.2,0,144,40,104,0.278,80,500,"","Clay=108414.26;PlantFiber=105010.58;WoodLog=55843.88","ClayPit=2;Farm=2;FiberGatheringCamp=2;HealerHut=6;Pasture=2;WoodHouse=12","Agriculture;AnimalHusbandry;ClayExtraction;ControlledFire;HerbalKnowledge;KnowledgeSharing;Quarry"
1017,Animal,1.15,60,1.2,0,144,40,104,0.278,80,500,"","Clay=108522.98;PlantFiber=105119.3;WoodLog=55903.88","ClayPit=2;Farm=2;FiberGatheringCamp=2;HealerHut=6;Pasture=2;WoodHouse=12","Agriculture;AnimalHusbandry;ClayExtraction;ControlledFire;HerbalKnowledge;KnowledgeSharing;Quarry"
1018,Animal,1.15,60,1.2,0,144,40,104,0.278,80,500,"","Clay=108631.7;PlantFiber=105228.02;WoodLog=55963.88","ClayPit=2;Farm=2;FiberGatheringCamp=2;HealerHut=6;Pasture=2;WoodHouse=12","Agriculture;AnimalHusbandry;ClayExtraction;ControlledFire;HerbalKnowledge;KnowledgeSharing;Quarry"
1019,Animal,1.15,60,1.2,0,144,40,104,0.278,80,500,"","Clay=108740.42;PlantFiber=105336.74;WoodLog=56023.88","ClayPit=2;Farm=2;FiberGatheringCamp=2;HealerHut=6;Pasture=2;WoodHouse=12","Agriculture;AnimalHusbandry;ClayExtraction;ControlledFire;HerbalKnowledge;KnowledgeSharing;Quarry"
1020,Animal,1.15,60,1.2,0,144,40,104,0.278,80,500,"","Clay=108849.14;PlantFiber=105445.46;WoodLog=56083.88","ClayPit=2;Farm=2;FiberGatheringCamp=2;HealerHut=6;Pasture=2;WoodHouse=12","Agriculture;AnimalHusbandry;ClayExtraction;ControlledFire;HerbalKnowledge;KnowledgeSharing;Quarry"
1021,Animal,1.15,60,1.2,0,144,40,104,0.278,80,500,"","Clay=108957.86;PlantFiber=105554.18;WoodLog=56143.88","ClayPit=2;Farm=2;FiberGatheringCamp=2;HealerHut=6;Pasture=2;WoodHouse=12","Agriculture;AnimalHusbandry;ClayExtraction;ControlledFire;HerbalKnowledge;KnowledgeSharing;Quarry"
1022,Animal,1.15,60,1.2,0,144,40,104,0.278,80,500,"","Clay=109066.58;PlantFiber=105662.9;WoodLog=56203.88","ClayPit=2;Farm=2;FiberGatheringCamp=2;HealerHut=6;Pasture=2;WoodHouse=12","Agriculture;AnimalHusbandry;ClayExtraction;ControlledFire;HerbalKnowledge;KnowledgeSharing;Quarry"
1023,Animal,1.15,60,1.2,0,144,40,104,0.278,80,500,"","Clay=109175.3;PlantFiber=105771.62;WoodLog=56263.88","ClayPit=2;Farm=2;FiberGatheringCamp=2;HealerHut=6;Pasture=2;WoodHouse=12","Agriculture;AnimalHusbandry;ClayExtraction;ControlledFire;HerbalKnowledge;KnowledgeSharing;Quarry"
1024,Animal,1.15,60,1.2,0,144,40,104,0.278,80,500,"","Clay=109284.02;PlantFiber=105880.34;WoodLog=56323.88","ClayPit=2;Farm=2;FiberGatheringCamp=2;HealerHut=6;Pasture=2;WoodHouse=12","Agriculture;AnimalHusbandry;ClayExtraction;ControlledFire;HerbalKnowledge;KnowledgeSharing;Quarry"
1025,Animal,1.15,60,1.2,0,144,40,104,0.278,80,500,"","Clay=109392.74;PlantFiber=105989.06;WoodLog=56383.88","ClayPit=2;Farm=2;FiberGatheringCamp=2;HealerHut=6;Pasture=2;WoodHouse=12","Agriculture;AnimalHusbandry;ClayExtraction;ControlledFire;HerbalKnowledge;KnowledgeSharing;Quarry"
1026,Animal,1.15,60,1.2,0,144,40,104,0.278,80,500,"","Clay=109501.46;PlantFiber=106097.78;WoodLog=56443.88","ClayPit=2;Farm=2;FiberGatheringCamp=2;HealerHut=6;Pasture=2;WoodHouse=12","Agriculture;AnimalHusbandry;ClayExtraction;ControlledFire;HerbalKnowledge;KnowledgeSharing;Quarry"
1027,Animal,1.15,60,1.2,0,144,40,104,0.278,80,500,"","Clay=109610.18;PlantFiber=106206.5;WoodLog=56503.88","ClayPit=2;Farm=2;FiberGatheringCamp=2;HealerHut=6;Pasture=2;WoodHouse=12","Agriculture;AnimalHusbandry;ClayExtraction;ControlledFire;HerbalKnowledge;KnowledgeSharing;Quarry"
1028,Animal,1.15,60,1.2,0,144,40,104,0.278,80,500,"","Clay=109718.9;PlantFiber=106315.22;WoodLog=56563.88","ClayPit=2;Farm=2;FiberGatheringCamp=2;HealerHut=6;Pasture=2;WoodHouse=12","Agriculture;AnimalHusbandry;ClayExtraction;ControlledFire;HerbalKnowledge;KnowledgeSharing;Quarry"
1029,Animal,1.15,60,1.2,0,144,40,104,0.278,80,500,"","Clay=109827.62;PlantFiber=106423.94;WoodLog=56623.88","ClayPit=2;Farm=2;FiberGatheringCamp=2;HealerHut=6;Pasture=2;WoodHouse=12","Agriculture;AnimalHusbandry;ClayExtraction;ControlledFire;HerbalKnowledge;KnowledgeSharing;Quarry"
1030,Animal,1.15,60,1.2,0,144,40,104,0.278,80,500,"","Clay=109936.34;PlantFiber=106532.66;WoodLog=56683.88","ClayPit=2;Farm=2;FiberGatheringCamp=2;HealerHut=6;Pasture=2;WoodHouse=12","Agriculture;AnimalHusbandry;ClayExtraction;ControlledFire;HerbalKnowledge;KnowledgeSharing;Quarry"
1031,Animal,1.15,60,1.2,0,144,40,104,0.278,80,500,"","Clay=110045.06;PlantFiber=106641.38;WoodLog=56743.88","ClayPit=2;Farm=2;FiberGatheringCamp=2;HealerHut=6;Pasture=2;WoodHouse=12","Agriculture;AnimalHusbandry;ClayExtraction;ControlledFire;HerbalKnowledge;KnowledgeSharing;Quarry"
1032,Animal,1.15,60,1.2,0,144,40,104,0.278,80,500,"","Clay=110153.78;PlantFiber=106750.1;WoodLog=56803.88","ClayPit=2;Farm=2;FiberGatheringCamp=2;HealerHut=6;Pasture=2;WoodHouse=12","Agriculture;AnimalHusbandry;ClayExtraction;ControlledFire;HerbalKnowledge;KnowledgeSharing;Quarry"
1033,Animal,1.15,60,1.2,0,144,40,104,0.278,80,500,"","Clay=110262.5;PlantFiber=106858.82;WoodLog=56863.88","ClayPit=2;Farm=2;FiberGatheringCamp=2;HealerHut=6;Pasture=2;WoodHouse=12","Agriculture;AnimalHusbandry;ClayExtraction;ControlledFire;HerbalKnowledge;KnowledgeSharing;Quarry"
1034,Animal,1.15,60,1.2,0,144,40,104,0.278,80,500,"","Clay=110371.22;PlantFiber=106967.54;WoodLog=56923.88","ClayPit=2;Farm=2;FiberGatheringCamp=2;HealerHut=6;Pasture=2;WoodHouse=12","Agriculture;AnimalHusbandry;ClayExtraction;ControlledFire;HerbalKnowledge;KnowledgeSharing;Quarry"
1035,Animal,1.15,60,1.2,0,144,40,104,0.278,80,500,"","Clay=110479.94;PlantFiber=107076.26;WoodLog=56983.88","ClayPit=2;Farm=2;FiberGatheringCamp=2;HealerHut=6;Pasture=2;WoodHouse=12","Agriculture;AnimalHusbandry;ClayExtraction;ControlledFire;HerbalKnowledge;KnowledgeSharing;Quarry"
1036,Animal,1.15,60,1.2,0,144,40,104,0.278,80,500,"","Clay=110588.66;PlantFiber=107184.98;WoodLog=57043.88","ClayPit=2;Farm=2;FiberGatheringCamp=2;HealerHut=6;Pasture=2;WoodHouse=12","Agriculture;AnimalHusbandry;ClayExtraction;ControlledFire;HerbalKnowledge;KnowledgeSharing;Quarry"
1037,Animal,1.15,60,1.2,0,144,40,104,0.278,80,500,"","Clay=110697.38;PlantFiber=107293.7;WoodLog=57103.88","ClayPit=2;Farm=2;FiberGatheringCamp=2;HealerHut=6;Pasture=2;WoodHouse=12","Agriculture;AnimalHusbandry;ClayExtraction;ControlledFire;HerbalKnowledge;KnowledgeSharing;Quarry"
1038,Animal,1.15,60,1.2,0,144,40,104,0.278,80,500,"","Clay=110806.1;PlantFiber=107402.42;WoodLog=57163.88","ClayPit=2;Farm=2;FiberGatheringCamp=2;HealerHut=6;Pasture=2;WoodHouse=12","Agriculture;AnimalHusbandry;ClayExtraction;ControlledFire;HerbalKnowledge;KnowledgeSharing;Quarry"
1039,Animal,1.15,60,1.2,0,144,40,104,0.278,80,500,"","Clay=110914.82;PlantFiber=107511.14;WoodLog=57223.88","ClayPit=2;Farm=2;FiberGatheringCamp=2;HealerHut=6;Pasture=2;WoodHouse=12","Agriculture;AnimalHusbandry;ClayExtraction;ControlledFire;HerbalKnowledge;KnowledgeSharing;Quarry"
1040,Animal,1.15,60,1.2,0,144,40,104,0.278,80,500,"","Clay=111023.54;PlantFiber=107619.86;WoodLog=57283.88","ClayPit=2;Farm=2;FiberGatheringCamp=2;HealerHut=6;Pasture=2;WoodHouse=12","Agriculture;AnimalHusbandry;ClayExtraction;ControlledFire;HerbalKnowledge;KnowledgeSharing;Quarry"
1041,Animal,1.15,60,1.2,0,144,40,104,0.278,80,500,"","Clay=111132.26;PlantFiber=107728.58;WoodLog=57343.88","ClayPit=2;Farm=2;FiberGatheringCamp=2;HealerHut=6;Pasture=2;WoodHouse=12","Agriculture;AnimalHusbandry;ClayExtraction;ControlledFire;HerbalKnowledge;KnowledgeSharing;Quarry"
1042,Animal,1.15,60,1.2,0,144,40,104,0.278,80,500,"","Clay=111240.98;PlantFiber=107837.3;WoodLog=57403.88","ClayPit=2;Farm=2;FiberGatheringCamp=2;HealerHut=6;Pasture=2;WoodHouse=12","Agriculture;AnimalHusbandry;ClayExtraction;ControlledFire;HerbalKnowledge;KnowledgeSharing;Quarry"
1043,Animal,1.15,60,1.2,0,144,40,104,0.278,80,500,"","Clay=111349.7;PlantFiber=107946.02;WoodLog=57463.88","ClayPit=2;Farm=2;FiberGatheringCamp=2;HealerHut=6;Pasture=2;WoodHouse=12","Agriculture;AnimalHusbandry;ClayExtraction;ControlledFire;HerbalKnowledge;KnowledgeSharing;Quarry"
1044,Animal,1.15,60,1.2,0,144,40,104,0.278,80,500,"","Clay=111458.42;PlantFiber=108054.74;WoodLog=57523.88","ClayPit=2;Farm=2;FiberGatheringCamp=2;HealerHut=6;Pasture=2;WoodHouse=12","Agriculture;AnimalHusbandry;ClayExtraction;ControlledFire;HerbalKnowledge;KnowledgeSharing;Quarry"
1045,Animal,1.15,60,1.2,0,144,40,104,0.278,80,500,"","Clay=111567.14;PlantFiber=108163.46;WoodLog=57583.88","ClayPit=2;Farm=2;FiberGatheringCamp=2;HealerHut=6;Pasture=2;WoodHouse=12","Agriculture;AnimalHusbandry;ClayExtraction;ControlledFire;HerbalKnowledge;KnowledgeSharing;Quarry"
1046,Animal,1.15,60,1.2,0,144,40,104,0.278,80,500,"","Clay=111675.86;PlantFiber=108272.18;WoodLog=57643.88","ClayPit=2;Farm=2;FiberGatheringCamp=2;HealerHut=6;Pasture=2;WoodHouse=12","Agriculture;AnimalHusbandry;ClayExtraction;ControlledFire;HerbalKnowledge;KnowledgeSharing;Quarry"
1047,Animal,1.15,60,1.2,0,144,40,104,0.278,80,500,"","Clay=111784.58;PlantFiber=108380.9;WoodLog=57703.88","ClayPit=2;Farm=2;FiberGatheringCamp=2;HealerHut=6;Pasture=2;WoodHouse=12","Agriculture;AnimalHusbandry;ClayExtraction;ControlledFire;HerbalKnowledge;KnowledgeSharing;Quarry"
1048,Animal,1.15,60,1.2,0,144,40,104,0.278,80,500,"","Clay=111893.3;PlantFiber=108489.62;WoodLog=57763.88","ClayPit=2;Farm=2;FiberGatheringCamp=2;HealerHut=6;Pasture=2;WoodHouse=12","Agriculture;AnimalHusbandry;ClayExtraction;ControlledFire;HerbalKnowledge;KnowledgeSharing;Quarry"
1049,Animal,1.15,60,1.2,0,144,40,104,0.278,80,500,"","Clay=112002.02;PlantFiber=108598.34;WoodLog=57823.88","ClayPit=2;Farm=2;FiberGatheringCamp=2;HealerHut=6;Pasture=2;WoodHouse=12","Agriculture;AnimalHusbandry;ClayExtraction;ControlledFire;HerbalKnowledge;KnowledgeSharing;Quarry"
1050,Animal,1.15,60,1.2,0,144,40,104,0.278,80,500,"","Clay=112110.74;PlantFiber=108707.06;WoodLog=57883.88","ClayPit=2;Farm=2;FiberGatheringCamp=2;HealerHut=6;Pasture=2;WoodHouse=12","Agriculture;AnimalHusbandry;ClayExtraction;ControlledFire;HerbalKnowledge;KnowledgeSharing;Quarry"
1051,Animal,1.15,60,1.2,0,144,40,104,0.278,80,500,"","Clay=112219.46;PlantFiber=108815.78;WoodLog=57943.88","ClayPit=2;Farm=2;FiberGatheringCamp=2;HealerHut=6;Pasture=2;WoodHouse=12","Agriculture;AnimalHusbandry;ClayExtraction;ControlledFire;HerbalKnowledge;KnowledgeSharing;Quarry"
1052,Animal,1.15,60,1.2,0,144,40,104,0.278,80,500,"","Clay=112328.18;PlantFiber=108924.5;WoodLog=58003.88","ClayPit=2;Farm=2;FiberGatheringCamp=2;HealerHut=6;Pasture=2;WoodHouse=12","Agriculture;AnimalHusbandry;ClayExtraction;ControlledFire;HerbalKnowledge;KnowledgeSharing;Quarry"
1053,Animal,1.15,60,1.2,0,144,40,104,0.278,80,500,"","Clay=112436.9;PlantFiber=109033.22;WoodLog=58063.88","ClayPit=2;Farm=2;FiberGatheringCamp=2;HealerHut=6;Pasture=2;WoodHouse=12","Agriculture;AnimalHusbandry;ClayExtraction;ControlledFire;HerbalKnowledge;KnowledgeSharing;Quarry"
1054,Animal,1.15,60,1.2,0,144,40,104,0.278,80,500,"","Clay=112545.62;PlantFiber=109141.94;WoodLog=58123.88","ClayPit=2;Farm=2;FiberGatheringCamp=2;HealerHut=6;Pasture=2;WoodHouse=12","Agriculture;AnimalHusbandry;ClayExtraction;ControlledFire;HerbalKnowledge;KnowledgeSharing;Quarry"
1055,Animal,1.15,60,1.2,0,144,40,104,0.278,80,500,"","Clay=112654.34;PlantFiber=109250.66;WoodLog=58183.88","ClayPit=2;Farm=2;FiberGatheringCamp=2;HealerHut=6;Pasture=2;WoodHouse=12","Agriculture;AnimalHusbandry;ClayExtraction;ControlledFire;HerbalKnowledge;KnowledgeSharing;Quarry"
1056,Animal,1.15,60,1.2,0,144,40,104,0.278,80,500,"","Clay=112763.06;PlantFiber=109359.38;WoodLog=58243.88","ClayPit=2;Farm=2;FiberGatheringCamp=2;HealerHut=6;Pasture=2;WoodHouse=12","Agriculture;AnimalHusbandry;ClayExtraction;ControlledFire;HerbalKnowledge;KnowledgeSharing;Quarry"
1057,Animal,1.15,60,1.2,0,144,40,104,0.278,80,500,"","Clay=112871.78;PlantFiber=109468.1;WoodLog=58303.88","ClayPit=2;Farm=2;FiberGatheringCamp=2;HealerHut=6;Pasture=2;WoodHouse=12","Agriculture;AnimalHusbandry;ClayExtraction;ControlledFire;HerbalKnowledge;KnowledgeSharing;Quarry"
1058,Animal,1.15,60,1.2,0,144,40,104,0.278,80,500,"","Clay=112980.5;PlantFiber=109576.82;WoodLog=58363.88","ClayPit=2;Farm=2;FiberGatheringCamp=2;HealerHut=6;Pasture=2;WoodHouse=12","Agriculture;AnimalHusbandry;ClayExtraction;ControlledFire;HerbalKnowledge;KnowledgeSharing;Quarry"
1059,Animal,1.15,60,1.2,0,144,40,104,0.278,80,500,"","Clay=113089.22;PlantFiber=109685.54;WoodLog=58423.88","ClayPit=2;Farm=2;FiberGatheringCamp=2;HealerHut=6;Pasture=2;WoodHouse=12","Agriculture;AnimalHusbandry;ClayExtraction;ControlledFire;HerbalKnowledge;KnowledgeSharing;Quarry"
1060,Animal,1.15,60,1.2,0,144,40,104,0.278,80,500,"","Clay=113197.94;PlantFiber=109794.26;WoodLog=58483.88","ClayPit=2;Farm=2;FiberGatheringCamp=2;HealerHut=6;Pasture=2;WoodHouse=12","Agriculture;AnimalHusbandry;ClayExtraction;ControlledFire;HerbalKnowledge;KnowledgeSharing;Quarry"
1061,Animal,1.15,60,1.2,0,144,40,104,0.278,80,500,"","Clay=113306.66;PlantFiber=109902.98;WoodLog=58543.88","ClayPit=2;Farm=2;FiberGatheringCamp=2;HealerHut=6;Pasture=2;WoodHouse=12","Agriculture;AnimalHusbandry;ClayExtraction;ControlledFire;HerbalKnowledge;KnowledgeSharing;Quarry"
1062,Animal,1.15,60,1.2,0,144,40,104,0.278,80,500,"","Clay=113415.38;PlantFiber=110011.7;WoodLog=58603.88","ClayPit=2;Farm=2;FiberGatheringCamp=2;HealerHut=6;Pasture=2;WoodHouse=12","Agriculture;AnimalHusbandry;ClayExtraction;ControlledFire;HerbalKnowledge;KnowledgeSharing;Quarry"
1063,Animal,1.15,60,1.2,0,144,40,104,0.278,80,500,"","Clay=113524.1;PlantFiber=110120.42;WoodLog=58663.88","ClayPit=2;Farm=2;FiberGatheringCamp=2;HealerHut=6;Pasture=2;WoodHouse=12","Agriculture;AnimalHusbandry;ClayExtraction;ControlledFire;HerbalKnowledge;KnowledgeSharing;Quarry"
1064,Animal,1.15,60,1.2,0,144,40,104,0.278,80,500,"","Clay=113632.82;PlantFiber=110229.14;WoodLog=58723.88","ClayPit=2;Farm=2;FiberGatheringCamp=2;HealerHut=6;Pasture=2;WoodHouse=12","Agriculture;AnimalHusbandry;ClayExtraction;ControlledFire;HerbalKnowledge;KnowledgeSharing;Quarry"
1065,Animal,1.15,60,1.2,0,144,40,104,0.278,80,500,"","Clay=113741.54;PlantFiber=110337.86;WoodLog=58783.88","ClayPit=2;Farm=2;FiberGatheringCamp=2;HealerHut=6;Pasture=2;WoodHouse=12","Agriculture;AnimalHusbandry;ClayExtraction;ControlledFire;HerbalKnowledge;KnowledgeSharing;Quarry"
1066,Animal,1.15,60,1.2,0,144,40,104,0.278,80,500,"","Clay=113850.26;PlantFiber=110446.58;WoodLog=58843.88","ClayPit=2;Farm=2;FiberGatheringCamp=2;HealerHut=6;Pasture=2;WoodHouse=12","Agriculture;AnimalHusbandry;ClayExtraction;ControlledFire;HerbalKnowledge;KnowledgeSharing;Quarry"
1067,Animal,1.15,60,1.2,0,144,40,104,0.278,80,500,"","Clay=113958.98;PlantFiber=110555.3;WoodLog=58903.88","ClayPit=2;Farm=2;FiberGatheringCamp=2;HealerHut=6;Pasture=2;WoodHouse=12","Agriculture;AnimalHusbandry;ClayExtraction;ControlledFire;HerbalKnowledge;KnowledgeSharing;Quarry"
1068,Animal,1.15,60,1.2,0,144,40,104,0.278,80,500,"","Clay=114067.7;PlantFiber=110664.02;WoodLog=58963.88","ClayPit=2;Farm=2;FiberGatheringCamp=2;HealerHut=6;Pasture=2;WoodHouse=12","Agriculture;AnimalHusbandry;ClayExtraction;ControlledFire;HerbalKnowledge;KnowledgeSharing;Quarry"
1069,Animal,1.15,60,1.2,0,144,40,104,0.278,80,500,"","Clay=114176.42;PlantFiber=110772.74;WoodLog=59023.88","ClayPit=2;Farm=2;FiberGatheringCamp=2;HealerHut=6;Pasture=2;WoodHouse=12","Agriculture;AnimalHusbandry;ClayExtraction;ControlledFire;HerbalKnowledge;KnowledgeSharing;Quarry"
1070,Animal,1.15,60,1.2,0,144,40,104,0.278,80,500,"","Clay=114285.14;PlantFiber=110881.46;WoodLog=59083.88","ClayPit=2;Farm=2;FiberGatheringCamp=2;HealerHut=6;Pasture=2;WoodHouse=12","Agriculture;AnimalHusbandry;ClayExtraction;ControlledFire;HerbalKnowledge;KnowledgeSharing;Quarry"
1071,Animal,1.15,60,1.2,0,144,40,104,0.278,80,500,"","Clay=114393.86;PlantFiber=110990.18;WoodLog=59143.88","ClayPit=2;Farm=2;FiberGatheringCamp=2;HealerHut=6;Pasture=2;WoodHouse=12","Agriculture;AnimalHusbandry;ClayExtraction;ControlledFire;HerbalKnowledge;KnowledgeSharing;Quarry"
1072,Animal,1.15,60,1.2,0,144,40,104,0.278,80,500,"","Clay=114502.58;PlantFiber=111098.9;WoodLog=59203.88","ClayPit=2;Farm=2;FiberGatheringCamp=2;HealerHut=6;Pasture=2;WoodHouse=12","Agriculture;AnimalHusbandry;ClayExtraction;ControlledFire;HerbalKnowledge;KnowledgeSharing;Quarry"
1073,Animal,1.15,60,1.2,0,144,40,104,0.278,80,500,"","Clay=114611.3;PlantFiber=111207.62;WoodLog=59263.88","ClayPit=2;Farm=2;FiberGatheringCamp=2;HealerHut=6;Pasture=2;WoodHouse=12","Agriculture;AnimalHusbandry;ClayExtraction;ControlledFire;HerbalKnowledge;KnowledgeSharing;Quarry"
1074,Animal,1.15,60,1.2,0,144,40,104,0.278,80,500,"","Clay=114720.02;PlantFiber=111316.34;WoodLog=59323.88","ClayPit=2;Farm=2;FiberGatheringCamp=2;HealerHut=6;Pasture=2;WoodHouse=12","Agriculture;AnimalHusbandry;ClayExtraction;ControlledFire;HerbalKnowledge;KnowledgeSharing;Quarry"
1075,Animal,1.15,60,1.2,0,144,40,104,0.278,80,500,"","Clay=114828.74;PlantFiber=111425.06;WoodLog=59383.88","ClayPit=2;Farm=2;FiberGatheringCamp=2;HealerHut=6;Pasture=2;WoodHouse=12","Agriculture;AnimalHusbandry;ClayExtraction;ControlledFire;HerbalKnowledge;KnowledgeSharing;Quarry"
1076,Animal,1.15,60,1.2,0,144,40,104,0.278,80,500,"","Clay=114937.46;PlantFiber=111533.78;WoodLog=59443.88","ClayPit=2;Farm=2;FiberGatheringCamp=2;HealerHut=6;Pasture=2;WoodHouse=12","Agriculture;AnimalHusbandry;ClayExtraction;ControlledFire;HerbalKnowledge;KnowledgeSharing;Quarry"
1077,Animal,1.15,60,1.2,0,144,40,104,0.278,80,500,"","Clay=115046.18;PlantFiber=111642.5;WoodLog=59503.88","ClayPit=2;Farm=2;FiberGatheringCamp=2;HealerHut=6;Pasture=2;WoodHouse=12","Agriculture;AnimalHusbandry;ClayExtraction;ControlledFire;HerbalKnowledge;KnowledgeSharing;Quarry"
1078,Animal,1.15,60,1.2,0,144,40,104,0.278,80,500,"","Clay=115154.9;PlantFiber=111751.22;WoodLog=59563.88","ClayPit=2;Farm=2;FiberGatheringCamp=2;HealerHut=6;Pasture=2;WoodHouse=12","Agriculture;AnimalHusbandry;ClayExtraction;ControlledFire;HerbalKnowledge;KnowledgeSharing;Quarry"
1079,Animal,1.15,60,1.2,0,144,40,104,0.278,80,500,"","Clay=115263.62;PlantFiber=111859.94;WoodLog=59623.88","ClayPit=2;Farm=2;FiberGatheringCamp=2;HealerHut=6;Pasture=2;WoodHouse=12","Agriculture;AnimalHusbandry;ClayExtraction;ControlledFire;HerbalKnowledge;KnowledgeSharing;Quarry"
1080,Animal,1.15,60,1.2,0,144,40,104,0.278,80,500,"","Clay=115372.34;PlantFiber=111968.66;WoodLog=59683.88","ClayPit=2;Farm=2;FiberGatheringCamp=2;HealerHut=6;Pasture=2;WoodHouse=12","Agriculture;AnimalHusbandry;ClayExtraction;ControlledFire;HerbalKnowledge;KnowledgeSharing;Quarry"
1081,Animal,1.15,60,1.2,0,144,40,104,0.278,80,500,"","Clay=115481.06;PlantFiber=112077.38;WoodLog=59743.88","ClayPit=2;Farm=2;FiberGatheringCamp=2;HealerHut=6;Pasture=2;WoodHouse=12","Agriculture;AnimalHusbandry;ClayExtraction;ControlledFire;HerbalKnowledge;KnowledgeSharing;Quarry"
1082,Animal,1.15,60,1.2,0,144,40,104,0.278,80,500,"","Clay=115589.78;PlantFiber=112186.1;WoodLog=59803.88","ClayPit=2;Farm=2;FiberGatheringCamp=2;HealerHut=6;Pasture=2;WoodHouse=12","Agriculture;AnimalHusbandry;ClayExtraction;ControlledFire;HerbalKnowledge;KnowledgeSharing;Quarry"
1083,Animal,1.15,60,1.2,0,144,40,104,0.278,80,500,"","Clay=115698.5;PlantFiber=112294.82;WoodLog=59863.88","ClayPit=2;Farm=2;FiberGatheringCamp=2;HealerHut=6;Pasture=2;WoodHouse=12","Agriculture;AnimalHusbandry;ClayExtraction;ControlledFire;HerbalKnowledge;KnowledgeSharing;Quarry"
1084,Animal,1.15,60,1.2,0,144,40,104,0.278,80,500,"","Clay=115807.22;PlantFiber=112403.54;WoodLog=59923.88","ClayPit=2;Farm=2;FiberGatheringCamp=2;HealerHut=6;Pasture=2;WoodHouse=12","Agriculture;AnimalHusbandry;ClayExtraction;ControlledFire;HerbalKnowledge;KnowledgeSharing;Quarry"
1085,Animal,1.15,60,1.2,0,144,40,104,0.278,80,500,"","Clay=115915.94;PlantFiber=112512.26;WoodLog=59983.88","ClayPit=2;Farm=2;FiberGatheringCamp=2;HealerHut=6;Pasture=2;WoodHouse=12","Agriculture;AnimalHusbandry;ClayExtraction;ControlledFire;HerbalKnowledge;KnowledgeSharing;Quarry"
1086,Animal,1.15,60,1.2,0,144,40,104,0.278,80,500,"","Clay=116024.66;PlantFiber=112620.98;WoodLog=60043.88","ClayPit=2;Farm=2;FiberGatheringCamp=2;HealerHut=6;Pasture=2;WoodHouse=12","Agriculture;AnimalHusbandry;ClayExtraction;ControlledFire;HerbalKnowledge;KnowledgeSharing;Quarry"
1087,Animal,1.15,60,1.2,0,144,40,104,0.278,80,500,"","Clay=116133.38;PlantFiber=112729.7;WoodLog=60103.88","ClayPit=2;Farm=2;FiberGatheringCamp=2;HealerHut=6;Pasture=2;WoodHouse=12","Agriculture;AnimalHusbandry;ClayExtraction;ControlledFire;HerbalKnowledge;KnowledgeSharing;Quarry"
1088,Animal,1.15,60,1.2,0,144,40,104,0.278,80,500,"","Clay=116242.1;PlantFiber=112838.42;WoodLog=60163.88","ClayPit=2;Farm=2;FiberGatheringCamp=2;HealerHut=6;Pasture=2;WoodHouse=12","Agriculture;AnimalHusbandry;ClayExtraction;ControlledFire;HerbalKnowledge;KnowledgeSharing;Quarry"
1089,Animal,1.15,60,1.2,0,144,40,104,0.278,80,500,"","Clay=116350.82;PlantFiber=112947.14;WoodLog=60223.88","ClayPit=2;Farm=2;FiberGatheringCamp=2;HealerHut=6;Pasture=2;WoodHouse=12","Agriculture;AnimalHusbandry;ClayExtraction;ControlledFire;HerbalKnowledge;KnowledgeSharing;Quarry"
1090,Animal,1.15,60,1.2,0,144,40,104,0.278,80,500,"","Clay=116459.54;PlantFiber=113055.86;WoodLog=60283.88","ClayPit=2;Farm=2;FiberGatheringCamp=2;HealerHut=6;Pasture=2;WoodHouse=12","Agriculture;AnimalHusbandry;ClayExtraction;ControlledFire;HerbalKnowledge;KnowledgeSharing;Quarry"
1091,Animal,1.15,60,1.2,0,144,40,104,0.278,80,500,"","Clay=116568.26;PlantFiber=113164.58;WoodLog=60343.88","ClayPit=2;Farm=2;FiberGatheringCamp=2;HealerHut=6;Pasture=2;WoodHouse=12","Agriculture;AnimalHusbandry;ClayExtraction;ControlledFire;HerbalKnowledge;KnowledgeSharing;Quarry"
1092,Animal,1.15,60,1.2,0,144,40,104,0.278,80,500,"","Clay=116676.98;PlantFiber=113273.3;WoodLog=60403.88","ClayPit=2;Farm=2;FiberGatheringCamp=2;HealerHut=6;Pasture=2;WoodHouse=12","Agriculture;AnimalHusbandry;ClayExtraction;ControlledFire;HerbalKnowledge;KnowledgeSharing;Quarry"
1093,Animal,1.15,60,1.2,0,144,40,104,0.278,80,500,"","Clay=116785.7;PlantFiber=113382.02;WoodLog=60463.88","ClayPit=2;Farm=2;FiberGatheringCamp=2;HealerHut=6;Pasture=2;WoodHouse=12","Agriculture;AnimalHusbandry;ClayExtraction;ControlledFire;HerbalKnowledge;KnowledgeSharing;Quarry"
1094,Animal,1.15,60,1.2,0,144,40,104,0.278,80,500,"","Clay=116894.42;PlantFiber=113490.74;WoodLog=60523.88","ClayPit=2;Farm=2;FiberGatheringCamp=2;HealerHut=6;Pasture=2;WoodHouse=12","Agriculture;AnimalHusbandry;ClayExtraction;ControlledFire;HerbalKnowledge;KnowledgeSharing;Quarry"
1095,Animal,1.15,60,1.2,0,144,40,104,0.278,80,500,"","Clay=117003.14;PlantFiber=113599.46;WoodLog=60583.88","ClayPit=2;Farm=2;FiberGatheringCamp=2;HealerHut=6;Pasture=2;WoodHouse=12","Agriculture;AnimalHusbandry;ClayExtraction;ControlledFire;HerbalKnowledge;KnowledgeSharing;Quarry"
1096,Animal,1.15,60,1.2,0,144,40,104,0.278,80,500,"","Clay=117111.86;PlantFiber=113708.18;WoodLog=60643.88","ClayPit=2;Farm=2;FiberGatheringCamp=2;HealerHut=6;Pasture=2;WoodHouse=12","Agriculture;AnimalHusbandry;ClayExtraction;ControlledFire;HerbalKnowledge;KnowledgeSharing;Quarry"
1097,Animal,1.15,60,1.2,0,144,40,104,0.278,80,500,"","Clay=117220.58;PlantFiber=113816.9;WoodLog=60703.88","ClayPit=2;Farm=2;FiberGatheringCamp=2;HealerHut=6;Pasture=2;WoodHouse=12","Agriculture;AnimalHusbandry;ClayExtraction;ControlledFire;HerbalKnowledge;KnowledgeSharing;Quarry"
1098,Animal,1.15,60,1.2,0,144,40,104,0.278,80,500,"","Clay=117329.3;PlantFiber=113925.62;WoodLog=60763.88","ClayPit=2;Farm=2;FiberGatheringCamp=2;HealerHut=6;Pasture=2;WoodHouse=12","Agriculture;AnimalHusbandry;ClayExtraction;ControlledFire;HerbalKnowledge;KnowledgeSharing;Quarry"
1099,Animal,1.15,60,1.2,0,144,40,104,0.278,80,500,"","Clay=117438.02;PlantFiber=114034.34;WoodLog=60823.88","ClayPit=2;Farm=2;FiberGatheringCamp=2;HealerHut=6;Pasture=2;WoodHouse=12","Agriculture;AnimalHusbandry;ClayExtraction;ControlledFire;HerbalKnowledge;KnowledgeSharing;Quarry"
1100,Animal,1.15,60,1.2,0,144,40,104,0.278,80,500,"","Clay=117546.74;PlantFiber=114143.06;WoodLog=60883.88","ClayPit=2;Farm=2;FiberGatheringCamp=2;HealerHut=6;Pasture=2;WoodHouse=12","Agriculture;AnimalHusbandry;ClayExtraction;ControlledFire;HerbalKnowledge;KnowledgeSharing;Quarry"
1101,Animal,1.15,60,1.2,0,144,40,104,0.278,80,500,"","Clay=117655.46;PlantFiber=114251.78;WoodLog=60943.88","ClayPit=2;Farm=2;FiberGatheringCamp=2;HealerHut=6;Pasture=2;WoodHouse=12","Agriculture;AnimalHusbandry;ClayExtraction;ControlledFire;HerbalKnowledge;KnowledgeSharing;Quarry"
1102,Animal,1.15,60,1.2,0,144,40,104,0.278,80,500,"","Clay=117764.18;PlantFiber=114360.5;WoodLog=61003.88","ClayPit=2;Farm=2;FiberGatheringCamp=2;HealerHut=6;Pasture=2;WoodHouse=12","Agriculture;AnimalHusbandry;ClayExtraction;ControlledFire;HerbalKnowledge;KnowledgeSharing;Quarry"
1103,Animal,1.15,60,1.2,0,144,40,104,0.278,80,500,"","Clay=117872.9;PlantFiber=114469.22;WoodLog=61063.88","ClayPit=2;Farm=2;FiberGatheringCamp=2;HealerHut=6;Pasture=2;WoodHouse=12","Agriculture;AnimalHusbandry;ClayExtraction;ControlledFire;HerbalKnowledge;KnowledgeSharing;Quarry"
1104,Animal,1.15,60,1.2,0,144,40,104,0.278,80,500,"","Clay=117981.62;PlantFiber=114577.94;WoodLog=61123.88","ClayPit=2;Farm=2;FiberGatheringCamp=2;HealerHut=6;Pasture=2;WoodHouse=12","Agriculture;AnimalHusbandry;ClayExtraction;ControlledFire;HerbalKnowledge;KnowledgeSharing;Quarry"
1105,Animal,1.15,60,1.2,0,144,40,104,0.278,80,500,"","Clay=118090.34;PlantFiber=114686.66;WoodLog=61183.88","ClayPit=2;Farm=2;FiberGatheringCamp=2;HealerHut=6;Pasture=2;WoodHouse=12","Agriculture;AnimalHusbandry;ClayExtraction;ControlledFire;HerbalKnowledge;KnowledgeSharing;Quarry"
1106,Animal,1.15,60,1.2,0,144,40,104,0.278,80,500,"","Clay=118199.06;PlantFiber=114795.38;WoodLog=61243.88","ClayPit=2;Farm=2;FiberGatheringCamp=2;HealerHut=6;Pasture=2;WoodHouse=12","Agriculture;AnimalHusbandry;ClayExtraction;ControlledFire;HerbalKnowledge;KnowledgeSharing;Quarry"
1107,Animal,1.15,60,1.2,0,144,40,104,0.278,80,500,"","Clay=118307.78;PlantFiber=114904.1;WoodLog=61303.88","ClayPit=2;Farm=2;FiberGatheringCamp=2;HealerHut=6;Pasture=2;WoodHouse=12","Agriculture;AnimalHusbandry;ClayExtraction;ControlledFire;HerbalKnowledge;KnowledgeSharing;Quarry"
1108,Animal,1.15,60,1.2,0,144,40,104,0.278,80,500,"","Clay=118416.5;PlantFiber=115012.82;WoodLog=61363.88","ClayPit=2;Farm=2;FiberGatheringCamp=2;HealerHut=6;Pasture=2;WoodHouse=12","Agriculture;AnimalHusbandry;ClayExtraction;ControlledFire;HerbalKnowledge;KnowledgeSharing;Quarry"
1109,Animal,1.15,60,1.2,0,144,40,104,0.278,80,500,"","Clay=118525.22;PlantFiber=115121.54;WoodLog=61423.88","ClayPit=2;Farm=2;FiberGatheringCamp=2;HealerHut=6;Pasture=2;WoodHouse=12","Agriculture;AnimalHusbandry;ClayExtraction;ControlledFire;HerbalKnowledge;KnowledgeSharing;Quarry"
1110,Animal,1.15,60,1.2,0,144,40,104,0.278,80,500,"","Clay=118633.94;PlantFiber=115230.26;WoodLog=61483.88","ClayPit=2;Farm=2;FiberGatheringCamp=2;HealerHut=6;Pasture=2;WoodHouse=12","Agriculture;AnimalHusbandry;ClayExtraction;ControlledFire;HerbalKnowledge;KnowledgeSharing;Quarry"
1111,Animal,1.15,60,1.2,0,144,40,104,0.278,80,500,"","Clay=118742.66;PlantFiber=115338.98;WoodLog=61543.88","ClayPit=2;Farm=2;FiberGatheringCamp=2;HealerHut=6;Pasture=2;WoodHouse=12","Agriculture;AnimalHusbandry;ClayExtraction;ControlledFire;HerbalKnowledge;KnowledgeSharing;Quarry"
1112,Animal,1.15,60,1.2,0,144,40,104,0.278,80,500,"","Clay=118851.38;PlantFiber=115447.7;WoodLog=61603.88","ClayPit=2;Farm=2;FiberGatheringCamp=2;HealerHut=6;Pasture=2;WoodHouse=12","Agriculture;AnimalHusbandry;ClayExtraction;ControlledFire;HerbalKnowledge;KnowledgeSharing;Quarry"
1113,Animal,1.15,60,1.2,0,144,40,104,0.278,80,500,"","Clay=118960.1;PlantFiber=115556.42;WoodLog=61663.88","ClayPit=2;Farm=2;FiberGatheringCamp=2;HealerHut=6;Pasture=2;WoodHouse=12","Agriculture;AnimalHusbandry;ClayExtraction;ControlledFire;HerbalKnowledge;KnowledgeSharing;Quarry"
1114,Animal,1.15,60,1.2,0,144,40,104,0.278,80,500,"","Clay=119068.82;PlantFiber=115665.14;WoodLog=61723.88","ClayPit=2;Farm=2;FiberGatheringCamp=2;HealerHut=6;Pasture=2;WoodHouse=12","Agriculture;AnimalHusbandry;ClayExtraction;ControlledFire;HerbalKnowledge;KnowledgeSharing;Quarry"
1115,Animal,1.15,60,1.2,0,144,40,104,0.278,80,500,"","Clay=119177.54;PlantFiber=115773.86;WoodLog=61783.88","ClayPit=2;Farm=2;FiberGatheringCamp=2;HealerHut=6;Pasture=2;WoodHouse=12","Agriculture;AnimalHusbandry;ClayExtraction;ControlledFire;HerbalKnowledge;KnowledgeSharing;Quarry"
1116,Animal,1.15,60,1.2,0,144,40,104,0.278,80,500,"","Clay=119286.26;PlantFiber=115882.58;WoodLog=61843.88","ClayPit=2;Farm=2;FiberGatheringCamp=2;HealerHut=6;Pasture=2;WoodHouse=12","Agriculture;AnimalHusbandry;ClayExtraction;ControlledFire;HerbalKnowledge;KnowledgeSharing;Quarry"
1117,Animal,1.15,60,1.2,0,144,40,104,0.278,80,500,"","Clay=119394.98;PlantFiber=115991.3;WoodLog=61903.88","ClayPit=2;Farm=2;FiberGatheringCamp=2;HealerHut=6;Pasture=2;WoodHouse=12","Agriculture;AnimalHusbandry;ClayExtraction;ControlledFire;HerbalKnowledge;KnowledgeSharing;Quarry"
1118,Animal,1.15,60,1.2,0,144,40,104,0.278,80,500,"","Clay=119503.7;PlantFiber=116100.02;WoodLog=61963.88","ClayPit=2;Farm=2;FiberGatheringCamp=2;HealerHut=6;Pasture=2;WoodHouse=12","Agriculture;AnimalHusbandry;ClayExtraction;ControlledFire;HerbalKnowledge;KnowledgeSharing;Quarry"
1119,Animal,1.15,60,1.2,0,144,40,104,0.278,80,500,"","Clay=119612.42;PlantFiber=116208.74;WoodLog=62023.88","ClayPit=2;Farm=2;FiberGatheringCamp=2;HealerHut=6;Pasture=2;WoodHouse=12","Agriculture;AnimalHusbandry;ClayExtraction;ControlledFire;HerbalKnowledge;KnowledgeSharing;Quarry"
1120,Animal,1.15,60,1.2,0,144,40,104,0.278,80,500,"","Clay=119721.14;PlantFiber=116317.46;WoodLog=62083.88","ClayPit=2;Farm=2;FiberGatheringCamp=2;HealerHut=6;Pasture=2;WoodHouse=12","Agriculture;AnimalHusbandry;ClayExtraction;ControlledFire;HerbalKnowledge;KnowledgeSharing;Quarry"
1121,Animal,1.15,60,1.2,0,144,40,104,0.278,80,500,"","Clay=119829.86;PlantFiber=116426.18;WoodLog=62143.88","ClayPit=2;Farm=2;FiberGatheringCamp=2;HealerHut=6;Pasture=2;WoodHouse=12","Agriculture;AnimalHusbandry;ClayExtraction;ControlledFire;HerbalKnowledge;KnowledgeSharing;Quarry"
1122,Animal,1.15,60,1.2,0,144,40,104,0.278,80,500,"","Clay=119938.58;PlantFiber=116534.9;WoodLog=62203.88","ClayPit=2;Farm=2;FiberGatheringCamp=2;HealerHut=6;Pasture=2;WoodHouse=12","Agriculture;AnimalHusbandry;ClayExtraction;ControlledFire;HerbalKnowledge;KnowledgeSharing;Quarry"
1123,Animal,1.15,60,1.2,0,144,40,104,0.278,80,500,"","Clay=120047.3;PlantFiber=116643.62;WoodLog=62263.88","ClayPit=2;Farm=2;FiberGatheringCamp=2;HealerHut=6;Pasture=2;WoodHouse=12","Agriculture;AnimalHusbandry;ClayExtraction;ControlledFire;HerbalKnowledge;KnowledgeSharing;Quarry"
1124,Animal,1.15,60,1.2,0,144,40,104,0.278,80,500,"","Clay=120156.02;PlantFiber=116752.34;WoodLog=62323.88","ClayPit=2;Farm=2;FiberGatheringCamp=2;HealerHut=6;Pasture=2;WoodHouse=12","Agriculture;AnimalHusbandry;ClayExtraction;ControlledFire;HerbalKnowledge;KnowledgeSharing;Quarry"
1125,Animal,1.15,60,1.2,0,144,40,104,0.278,80,500,"","Clay=120264.74;PlantFiber=116861.06;WoodLog=62383.88","ClayPit=2;Farm=2;FiberGatheringCamp=2;HealerHut=6;Pasture=2;WoodHouse=12","Agriculture;AnimalHusbandry;ClayExtraction;ControlledFire;HerbalKnowledge;KnowledgeSharing;Quarry"
1126,Animal,1.15,60,1.2,0,144,40,104,0.278,80,500,"","Clay=120373.46;PlantFiber=116969.78;WoodLog=62443.88","ClayPit=2;Farm=2;FiberGatheringCamp=2;HealerHut=6;Pasture=2;WoodHouse=12","Agriculture;AnimalHusbandry;ClayExtraction;ControlledFire;HerbalKnowledge;KnowledgeSharing;Quarry"
1127,Animal,1.15,60,1.2,0,144,40,104,0.278,80,500,"","Clay=120482.18;PlantFiber=117078.5;WoodLog=62503.88","ClayPit=2;Farm=2;FiberGatheringCamp=2;HealerHut=6;Pasture=2;WoodHouse=12","Agriculture;AnimalHusbandry;ClayExtraction;ControlledFire;HerbalKnowledge;KnowledgeSharing;Quarry"
1128,Animal,1.15,60,1.2,0,144,40,104,0.278,80,500,"","Clay=120590.9;PlantFiber=117187.22;WoodLog=62563.88","ClayPit=2;Farm=2;FiberGatheringCamp=2;HealerHut=6;Pasture=2;WoodHouse=12","Agriculture;AnimalHusbandry;ClayExtraction;ControlledFire;HerbalKnowledge;KnowledgeSharing;Quarry"
1129,Animal,1.15,60,1.2,0,144,40,104,0.278,80,500,"","Clay=120699.62;PlantFiber=117295.94;WoodLog=62623.88","ClayPit=2;Farm=2;FiberGatheringCamp=2;HealerHut=6;Pasture=2;WoodHouse=12","Agriculture;AnimalHusbandry;ClayExtraction;ControlledFire;HerbalKnowledge;KnowledgeSharing;Quarry"
1130,Animal,1.15,60,1.2,0,144,40,104,0.278,80,500,"","Clay=120808.34;PlantFiber=117404.66;WoodLog=62683.88","ClayPit=2;Farm=2;FiberGatheringCamp=2;HealerHut=6;Pasture=2;WoodHouse=12","Agriculture;AnimalHusbandry;ClayExtraction;ControlledFire;HerbalKnowledge;KnowledgeSharing;Quarry"
1131,Animal,1.15,60,1.2,0,144,40,104,0.278,80,500,"","Clay=120917.06;PlantFiber=117513.38;WoodLog=62743.88","ClayPit=2;Farm=2;FiberGatheringCamp=2;HealerHut=6;Pasture=2;WoodHouse=12","Agriculture;AnimalHusbandry;ClayExtraction;ControlledFire;HerbalKnowledge;KnowledgeSharing;Quarry"
1132,Animal,1.15,60,1.2,0,144,40,104,0.278,80,500,"","Clay=121025.78;PlantFiber=117622.1;WoodLog=62803.88","ClayPit=2;Farm=2;FiberGatheringCamp=2;HealerHut=6;Pasture=2;WoodHouse=12","Agriculture;AnimalHusbandry;ClayExtraction;ControlledFire;HerbalKnowledge;KnowledgeSharing;Quarry"
1133,Animal,1.15,60,1.2,0,144,40,104,0.278,80,500,"","Clay=121134.5;PlantFiber=117730.82;WoodLog=62863.88","ClayPit=2;Farm=2;FiberGatheringCamp=2;HealerHut=6;Pasture=2;WoodHouse=12","Agriculture;AnimalHusbandry;ClayExtraction;ControlledFire;HerbalKnowledge;KnowledgeSharing;Quarry"
1134,Animal,1.15,60,1.2,0,144,40,104,0.278,80,500,"","Clay=121243.22;PlantFiber=117839.54;WoodLog=62923.88","ClayPit=2;Farm=2;FiberGatheringCamp=2;HealerHut=6;Pasture=2;WoodHouse=12","Agriculture;AnimalHusbandry;ClayExtraction;ControlledFire;HerbalKnowledge;KnowledgeSharing;Quarry"
1135,Animal,1.15,60,1.2,0,144,40,104,0.278,80,500,"","Clay=121351.94;PlantFiber=117948.26;WoodLog=62983.88","ClayPit=2;Farm=2;FiberGatheringCamp=2;HealerHut=6;Pasture=2;WoodHouse=12","Agriculture;AnimalHusbandry;ClayExtraction;ControlledFire;HerbalKnowledge;KnowledgeSharing;Quarry"
1136,Animal,1.15,60,1.2,0,144,40,104,0.278,80,500,"","Clay=121460.66;PlantFiber=118056.98;WoodLog=63043.88","ClayPit=2;Farm=2;FiberGatheringCamp=2;HealerHut=6;Pasture=2;WoodHouse=12","Agriculture;AnimalHusbandry;ClayExtraction;ControlledFire;HerbalKnowledge;KnowledgeSharing;Quarry"
1137,Animal,1.15,60,1.2,0,144,40,104,0.278,80,500,"","Clay=121569.38;PlantFiber=118165.7;WoodLog=63103.88","ClayPit=2;Farm=2;FiberGatheringCamp=2;HealerHut=6;Pasture=2;WoodHouse=12","Agriculture;AnimalHusbandry;ClayExtraction;ControlledFire;HerbalKnowledge;KnowledgeSharing;Quarry"
1138,Animal,1.15,60,1.2,0,144,40,104,0.278,80,500,"","Clay=121678.1;PlantFiber=118274.42;WoodLog=63163.88","ClayPit=2;Farm=2;FiberGatheringCamp=2;HealerHut=6;Pasture=2;WoodHouse=12","Agriculture;AnimalHusbandry;ClayExtraction;ControlledFire;HerbalKnowledge;KnowledgeSharing;Quarry"
1139,Animal,1.15,60,1.2,0,144,40,104,0.278,80,500,"","Clay=121786.82;PlantFiber=118383.14;WoodLog=63223.88","ClayPit=2;Farm=2;FiberGatheringCamp=2;HealerHut=6;Pasture=2;WoodHouse=12","Agriculture;AnimalHusbandry;ClayExtraction;ControlledFire;HerbalKnowledge;KnowledgeSharing;Quarry"
1140,Animal,1.15,60,1.2,0,144,40,104,0.278,80,500,"","Clay=121895.54;PlantFiber=118491.86;WoodLog=63283.88","ClayPit=2;Farm=2;FiberGatheringCamp=2;HealerHut=6;Pasture=2;WoodHouse=12","Agriculture;AnimalHusbandry;ClayExtraction;ControlledFire;HerbalKnowledge;KnowledgeSharing;Quarry"
1141,Animal,1.15,60,1.2,0,144,40,104,0.278,80,500,"","Clay=122004.26;PlantFiber=118600.58;WoodLog=63343.88","ClayPit=2;Farm=2;FiberGatheringCamp=2;HealerHut=6;Pasture=2;WoodHouse=12","Agriculture;AnimalHusbandry;ClayExtraction;ControlledFire;HerbalKnowledge;KnowledgeSharing;Quarry"
1142,Animal,1.15,60,1.2,0,144,40,104,0.278,80,500,"","Clay=122112.98;PlantFiber=118709.3;WoodLog=63403.88","ClayPit=2;Farm=2;FiberGatheringCamp=2;HealerHut=6;Pasture=2;WoodHouse=12","Agriculture;AnimalHusbandry;ClayExtraction;ControlledFire;HerbalKnowledge;KnowledgeSharing;Quarry"
1143,Animal,1.15,60,1.2,0,144,40,104,0.278,80,500,"","Clay=122221.7;PlantFiber=118818.02;WoodLog=63463.88","ClayPit=2;Farm=2;FiberGatheringCamp=2;HealerHut=6;Pasture=2;WoodHouse=12","Agriculture;AnimalHusbandry;ClayExtraction;ControlledFire;HerbalKnowledge;KnowledgeSharing;Quarry"
1144,Animal,1.15,60,1.2,0,144,40,104,0.278,80,500,"","Clay=122330.42;PlantFiber=118926.74;WoodLog=63523.88","ClayPit=2;Farm=2;FiberGatheringCamp=2;HealerHut=6;Pasture=2;WoodHouse=12","Agriculture;AnimalHusbandry;ClayExtraction;ControlledFire;HerbalKnowledge;KnowledgeSharing;Quarry"
1145,Animal,1.15,60,1.2,0,144,40,104,0.278,80,500,"","Clay=122439.14;PlantFiber=119035.46;WoodLog=63583.88","ClayPit=2;Farm=2;FiberGatheringCamp=2;HealerHut=6;Pasture=2;WoodHouse=12","Agriculture;AnimalHusbandry;ClayExtraction;ControlledFire;HerbalKnowledge;KnowledgeSharing;Quarry"
1146,Animal,1.15,60,1.2,0,144,40,104,0.278,80,500,"","Clay=122547.86;PlantFiber=119144.18;WoodLog=63643.88","ClayPit=2;Farm=2;FiberGatheringCamp=2;HealerHut=6;Pasture=2;WoodHouse=12","Agriculture;AnimalHusbandry;ClayExtraction;ControlledFire;HerbalKnowledge;KnowledgeSharing;Quarry"
1147,Animal,1.15,60,1.2,0,144,40,104,0.278,80,500,"","Clay=122656.58;PlantFiber=119252.9;WoodLog=63703.88","ClayPit=2;Farm=2;FiberGatheringCamp=2;HealerHut=6;Pasture=2;WoodHouse=12","Agriculture;AnimalHusbandry;ClayExtraction;ControlledFire;HerbalKnowledge;KnowledgeSharing;Quarry"
1148,Animal,1.15,60,1.2,0,144,40,104,0.278,80,500,"","Clay=122765.3;PlantFiber=119361.62;WoodLog=63763.88","ClayPit=2;Farm=2;FiberGatheringCamp=2;HealerHut=6;Pasture=2;WoodHouse=12","Agriculture;AnimalHusbandry;ClayExtraction;ControlledFire;HerbalKnowledge;KnowledgeSharing;Quarry"
1149,Animal,1.15,60,1.2,0,144,40,104,0.278,80,500,"","Clay=122874.02;PlantFiber=119470.34;WoodLog=63823.88","ClayPit=2;Farm=2;FiberGatheringCamp=2;HealerHut=6;Pasture=2;WoodHouse=12","Agriculture;AnimalHusbandry;ClayExtraction;ControlledFire;HerbalKnowledge;KnowledgeSharing;Quarry"
1150,Animal,1.15,60,1.2,0,144,40,104,0.278,80,500,"","Clay=122982.74;PlantFiber=119579.06;WoodLog=63883.88","ClayPit=2;Farm=2;FiberGatheringCamp=2;HealerHut=6;Pasture=2;WoodHouse=12","Agriculture;AnimalHusbandry;ClayExtraction;ControlledFire;HerbalKnowledge;KnowledgeSharing;Quarry"
1151,Animal,1.15,60,1.2,0,144,40,104,0.278,80,500,"","Clay=123091.46;PlantFiber=119687.78;WoodLog=63943.88","ClayPit=2;Farm=2;FiberGatheringCamp=2;HealerHut=6;Pasture=2;WoodHouse=12","Agriculture;AnimalHusbandry;ClayExtraction;ControlledFire;HerbalKnowledge;KnowledgeSharing;Quarry"
1152,Animal,1.15,60,1.2,0,144,40,104,0.278,80,500,"","Clay=123200.18;PlantFiber=119796.5;WoodLog=64003.88","ClayPit=2;Farm=2;FiberGatheringCamp=2;HealerHut=6;Pasture=2;WoodHouse=12","Agriculture;AnimalHusbandry;ClayExtraction;ControlledFire;HerbalKnowledge;KnowledgeSharing;Quarry"
1153,Animal,1.15,60,1.2,0,144,40,104,0.278,80,500,"","Clay=123308.9;PlantFiber=119905.22;WoodLog=64063.88","ClayPit=2;Farm=2;FiberGatheringCamp=2;HealerHut=6;Pasture=2;WoodHouse=12","Agriculture;AnimalHusbandry;ClayExtraction;ControlledFire;HerbalKnowledge;KnowledgeSharing;Quarry"
1154,Animal,1.15,60,1.2,0,144,40,104,0.278,80,500,"","Clay=123417.62;PlantFiber=120013.94;WoodLog=64123.88","ClayPit=2;Farm=2;FiberGatheringCamp=2;HealerHut=6;Pasture=2;WoodHouse=12","Agriculture;AnimalHusbandry;ClayExtraction;ControlledFire;HerbalKnowledge;KnowledgeSharing;Quarry"
1155,Animal,1.15,60,1.2,0,144,40,104,0.278,80,500,"","Clay=123526.34;PlantFiber=120122.66;WoodLog=64183.88","ClayPit=2;Farm=2;FiberGatheringCamp=2;HealerHut=6;Pasture=2;WoodHouse=12","Agriculture;AnimalHusbandry;ClayExtraction;ControlledFire;HerbalKnowledge;KnowledgeSharing;Quarry"
1156,Animal,1.15,60,1.2,0,144,40,104,0.278,80,500,"","Clay=123635.06;PlantFiber=120231.38;WoodLog=64243.88","ClayPit=2;Farm=2;FiberGatheringCamp=2;HealerHut=6;Pasture=2;WoodHouse=12","Agriculture;AnimalHusbandry;ClayExtraction;ControlledFire;HerbalKnowledge;KnowledgeSharing;Quarry"
1157,Animal,1.15,60,1.2,0,144,40,104,0.278,80,500,"","Clay=123743.78;PlantFiber=120340.1;WoodLog=64303.88","ClayPit=2;Farm=2;FiberGatheringCamp=2;HealerHut=6;Pasture=2;WoodHouse=12","Agriculture;AnimalHusbandry;ClayExtraction;ControlledFire;HerbalKnowledge;KnowledgeSharing;Quarry"
1158,Animal,1.15,60,1.2,0,144,40,104,0.278,80,500,"","Clay=123852.5;PlantFiber=120448.82;WoodLog=64363.88","ClayPit=2;Farm=2;FiberGatheringCamp=2;HealerHut=6;Pasture=2;WoodHouse=12","Agriculture;AnimalHusbandry;ClayExtraction;ControlledFire;HerbalKnowledge;KnowledgeSharing;Quarry"
1159,Animal,1.15,60,1.2,0,144,40,104,0.278,80,500,"","Clay=123961.22;PlantFiber=120557.54;WoodLog=64423.88","ClayPit=2;Farm=2;FiberGatheringCamp=2;HealerHut=6;Pasture=2;WoodHouse=12","Agriculture;AnimalHusbandry;ClayExtraction;ControlledFire;HerbalKnowledge;KnowledgeSharing;Quarry"
1160,Animal,1.15,60,1.2,0,144,40,104,0.278,80,500,"","Clay=124069.94;PlantFiber=120666.26;WoodLog=64483.88","ClayPit=2;Farm=2;FiberGatheringCamp=2;HealerHut=6;Pasture=2;WoodHouse=12","Agriculture;AnimalHusbandry;ClayExtraction;ControlledFire;HerbalKnowledge;KnowledgeSharing;Quarry"
1161,Animal,1.15,60,1.2,0,144,40,104,0.278,80,500,"","Clay=124178.66;PlantFiber=120774.98;WoodLog=64543.88","ClayPit=2;Farm=2;FiberGatheringCamp=2;HealerHut=6;Pasture=2;WoodHouse=12","Agriculture;AnimalHusbandry;ClayExtraction;ControlledFire;HerbalKnowledge;KnowledgeSharing;Quarry"
1162,Animal,1.15,60,1.2,0,144,40,104,0.278,80,500,"","Clay=124287.38;PlantFiber=120883.7;WoodLog=64603.88","ClayPit=2;Farm=2;FiberGatheringCamp=2;HealerHut=6;Pasture=2;WoodHouse=12","Agriculture;AnimalHusbandry;ClayExtraction;ControlledFire;HerbalKnowledge;KnowledgeSharing;Quarry"
1163,Animal,1.15,60,1.2,0,144,40,104,0.278,80,500,"","Clay=124396.1;PlantFiber=120992.42;WoodLog=64663.88","ClayPit=2;Farm=2;FiberGatheringCamp=2;HealerHut=6;Pasture=2;WoodHouse=12","Agriculture;AnimalHusbandry;ClayExtraction;ControlledFire;HerbalKnowledge;KnowledgeSharing;Quarry"
1164,Animal,1.15,60,1.2,0,144,40,104,0.278,80,500,"","Clay=124504.82;PlantFiber=121101.14;WoodLog=64723.88","ClayPit=2;Farm=2;FiberGatheringCamp=2;HealerHut=6;Pasture=2;WoodHouse=12","Agriculture;AnimalHusbandry;ClayExtraction;ControlledFire;HerbalKnowledge;KnowledgeSharing;Quarry"
1165,Animal,1.15,60,1.2,0,144,40,104,0.278,80,500,"","Clay=124613.54;PlantFiber=121209.86;WoodLog=64783.88","ClayPit=2;Farm=2;FiberGatheringCamp=2;HealerHut=6;Pasture=2;WoodHouse=12","Agriculture;AnimalHusbandry;ClayExtraction;ControlledFire;HerbalKnowledge;KnowledgeSharing;Quarry"
1166,Animal,1.15,60,1.2,0,144,40,104,0.278,80,500,"","Clay=124722.26;PlantFiber=121318.58;WoodLog=64843.88","ClayPit=2;Farm=2;FiberGatheringCamp=2;HealerHut=6;Pasture=2;WoodHouse=12","Agriculture;AnimalHusbandry;ClayExtraction;ControlledFire;HerbalKnowledge;KnowledgeSharing;Quarry"
1167,Animal,1.15,60,1.2,0,144,40,104,0.278,80,500,"","Clay=124830.98;PlantFiber=121427.3;WoodLog=64903.88","ClayPit=2;Farm=2;FiberGatheringCamp=2;HealerHut=6;Pasture=2;WoodHouse=12","Agriculture;AnimalHusbandry;ClayExtraction;ControlledFire;HerbalKnowledge;KnowledgeSharing;Quarry"
1168,Animal,1.15,60,1.2,0,144,40,104,0.278,80,500,"","Clay=124939.7;PlantFiber=121536.02;WoodLog=64963.88","ClayPit=2;Farm=2;FiberGatheringCamp=2;HealerHut=6;Pasture=2;WoodHouse=12","Agriculture;AnimalHusbandry;ClayExtraction;ControlledFire;HerbalKnowledge;KnowledgeSharing;Quarry"
1169,Animal,1.15,60,1.2,0,144,40,104,0.278,80,500,"","Clay=125048.42;PlantFiber=121644.74;WoodLog=65023.88","ClayPit=2;Farm=2;FiberGatheringCamp=2;HealerHut=6;Pasture=2;WoodHouse=12","Agriculture;AnimalHusbandry;ClayExtraction;ControlledFire;HerbalKnowledge;KnowledgeSharing;Quarry"
1170,Animal,1.15,60,1.2,0,144,40,104,0.278,80,500,"","Clay=125157.14;PlantFiber=121753.46;WoodLog=65083.88","ClayPit=2;Farm=2;FiberGatheringCamp=2;HealerHut=6;Pasture=2;WoodHouse=12","Agriculture;AnimalHusbandry;ClayExtraction;ControlledFire;HerbalKnowledge;KnowledgeSharing;Quarry"
1171,Animal,1.15,60,1.2,0,144,40,104,0.278,80,500,"","Clay=125265.86;PlantFiber=121862.18;WoodLog=65143.88","ClayPit=2;Farm=2;FiberGatheringCamp=2;HealerHut=6;Pasture=2;WoodHouse=12","Agriculture;AnimalHusbandry;ClayExtraction;ControlledFire;HerbalKnowledge;KnowledgeSharing;Quarry"
1172,Animal,1.15,60,1.2,0,144,40,104,0.278,80,500,"","Clay=125374.58;PlantFiber=121970.9;WoodLog=65203.88","ClayPit=2;Farm=2;FiberGatheringCamp=2;HealerHut=6;Pasture=2;WoodHouse=12","Agriculture;AnimalHusbandry;ClayExtraction;ControlledFire;HerbalKnowledge;KnowledgeSharing;Quarry"
1173,Animal,1.15,60,1.2,0,144,40,104,0.278,80,500,"","Clay=125483.3;PlantFiber=122079.62;WoodLog=65263.88","ClayPit=2;Farm=2;FiberGatheringCamp=2;HealerHut=6;Pasture=2;WoodHouse=12","Agriculture;AnimalHusbandry;ClayExtraction;ControlledFire;HerbalKnowledge;KnowledgeSharing;Quarry"
1174,Animal,1.15,60,1.2,0,144,40,104,0.278,80,500,"","Clay=125592.02;PlantFiber=122188.34;WoodLog=65323.88","ClayPit=2;Farm=2;FiberGatheringCamp=2;HealerHut=6;Pasture=2;WoodHouse=12","Agriculture;AnimalHusbandry;ClayExtraction;ControlledFire;HerbalKnowledge;KnowledgeSharing;Quarry"
1175,Animal,1.15,60,1.2,0,144,40,104,0.278,80,500,"","Clay=125700.74;PlantFiber=122297.06;WoodLog=65383.88","ClayPit=2;Farm=2;FiberGatheringCamp=2;HealerHut=6;Pasture=2;WoodHouse=12","Agriculture;AnimalHusbandry;ClayExtraction;ControlledFire;HerbalKnowledge;KnowledgeSharing;Quarry"
1176,Animal,1.15,60,1.2,0,144,40,104,0.278,80,500,"","Clay=125809.46;PlantFiber=122405.78;WoodLog=65443.88","ClayPit=2;Farm=2;FiberGatheringCamp=2;HealerHut=6;Pasture=2;WoodHouse=12","Agriculture;AnimalHusbandry;ClayExtraction;ControlledFire;HerbalKnowledge;KnowledgeSharing;Quarry"
1177,Animal,1.15,60,1.2,0,144,40,104,0.278,80,500,"","Clay=125918.18;PlantFiber=122514.5;WoodLog=65503.88","ClayPit=2;Farm=2;FiberGatheringCamp=2;HealerHut=6;Pasture=2;WoodHouse=12","Agriculture;AnimalHusbandry;ClayExtraction;ControlledFire;HerbalKnowledge;KnowledgeSharing;Quarry"
1178,Animal,1.15,60,1.2,0,144,40,104,0.278,80,500,"","Clay=126026.9;PlantFiber=122623.22;WoodLog=65563.88","ClayPit=2;Farm=2;FiberGatheringCamp=2;HealerHut=6;Pasture=2;WoodHouse=12","Agriculture;AnimalHusbandry;ClayExtraction;ControlledFire;HerbalKnowledge;KnowledgeSharing;Quarry"
1179,Animal,1.15,60,1.2,0,144,40,104,0.278,80,500,"","Clay=126135.62;PlantFiber=122731.94;WoodLog=65623.88","ClayPit=2;Farm=2;FiberGatheringCamp=2;HealerHut=6;Pasture=2;WoodHouse=12","Agriculture;AnimalHusbandry;ClayExtraction;ControlledFire;HerbalKnowledge;KnowledgeSharing;Quarry"
1180,Animal,1.15,60,1.2,0,144,40,104,0.278,80,500,"","Clay=126244.34;PlantFiber=122840.66;WoodLog=65683.88","ClayPit=2;Farm=2;FiberGatheringCamp=2;HealerHut=6;Pasture=2;WoodHouse=12","Agriculture;AnimalHusbandry;ClayExtraction;ControlledFire;HerbalKnowledge;KnowledgeSharing;Quarry"
1181,Animal,1.15,60,1.2,0,144,40,104,0.278,80,500,"","Clay=126353.06;PlantFiber=122949.38;WoodLog=65743.88","ClayPit=2;Farm=2;FiberGatheringCamp=2;HealerHut=6;Pasture=2;WoodHouse=12","Agriculture;AnimalHusbandry;ClayExtraction;ControlledFire;HerbalKnowledge;KnowledgeSharing;Quarry"
1182,Animal,1.15,60,1.2,0,144,40,104,0.278,80,500,"","Clay=126461.78;PlantFiber=123058.1;WoodLog=65803.88","ClayPit=2;Farm=2;FiberGatheringCamp=2;HealerHut=6;Pasture=2;WoodHouse=12","Agriculture;AnimalHusbandry;ClayExtraction;ControlledFire;HerbalKnowledge;KnowledgeSharing;Quarry"
1183,Animal,1.15,60,1.2,0,144,40,104,0.278,80,500,"","Clay=126570.5;PlantFiber=123166.82;WoodLog=65863.88","ClayPit=2;Farm=2;FiberGatheringCamp=2;HealerHut=6;Pasture=2;WoodHouse=12","Agriculture;AnimalHusbandry;ClayExtraction;ControlledFire;HerbalKnowledge;KnowledgeSharing;Quarry"
1184,Animal,1.15,60,1.2,0,144,40,104,0.278,80,500,"","Clay=126679.22;PlantFiber=123275.54;WoodLog=65923.88","ClayPit=2;Farm=2;FiberGatheringCamp=2;HealerHut=6;Pasture=2;WoodHouse=12","Agriculture;AnimalHusbandry;ClayExtraction;ControlledFire;HerbalKnowledge;KnowledgeSharing;Quarry"
1185,Animal,1.15,60,1.2,0,144,40,104,0.278,80,500,"","Clay=126787.94;PlantFiber=123384.26;WoodLog=65983.88","ClayPit=2;Farm=2;FiberGatheringCamp=2;HealerHut=6;Pasture=2;WoodHouse=12","Agriculture;AnimalHusbandry;ClayExtraction;ControlledFire;HerbalKnowledge;KnowledgeSharing;Quarry"
1186,Animal,1.15,60,1.2,0,144,40,104,0.278,80,500,"","Clay=126896.66;PlantFiber=123492.98;WoodLog=66043.88","ClayPit=2;Farm=2;FiberGatheringCamp=2;HealerHut=6;Pasture=2;WoodHouse=12","Agriculture;AnimalHusbandry;ClayExtraction;ControlledFire;HerbalKnowledge;KnowledgeSharing;Quarry"
1187,Animal,1.15,60,1.2,0,144,40,104,0.278,80,500,"","Clay=127005.38;PlantFiber=123601.7;WoodLog=66103.88","ClayPit=2;Farm=2;FiberGatheringCamp=2;HealerHut=6;Pasture=2;WoodHouse=12","Agriculture;AnimalHusbandry;ClayExtraction;ControlledFire;HerbalKnowledge;KnowledgeSharing;Quarry"
1188,Animal,1.15,60,1.2,0,144,40,104,0.278,80,500,"","Clay=127114.1;PlantFiber=123710.42;WoodLog=66163.88","ClayPit=2;Farm=2;FiberGatheringCamp=2;HealerHut=6;Pasture=2;WoodHouse=12","Agriculture;AnimalHusbandry;ClayExtraction;ControlledFire;HerbalKnowledge;KnowledgeSharing;Quarry"
1189,Animal,1.15,60,1.2,0,144,40,104,0.278,80,500,"","Clay=127222.82;PlantFiber=123819.14;WoodLog=66223.88","ClayPit=2;Farm=2;FiberGatheringCamp=2;HealerHut=6;Pasture=2;WoodHouse=12","Agriculture;AnimalHusbandry;ClayExtraction;ControlledFire;HerbalKnowledge;KnowledgeSharing;Quarry"
1190,Animal,1.15,60,1.2,0,144,40,104,0.278,80,500,"","Clay=127331.54;PlantFiber=123927.86;WoodLog=66283.88","ClayPit=2;Farm=2;FiberGatheringCamp=2;HealerHut=6;Pasture=2;WoodHouse=12","Agriculture;AnimalHusbandry;ClayExtraction;ControlledFire;HerbalKnowledge;KnowledgeSharing;Quarry"
1191,Animal,1.15,60,1.2,0,144,40,104,0.278,80,500,"","Clay=127440.26;PlantFiber=124036.58;WoodLog=66343.88","ClayPit=2;Farm=2;FiberGatheringCamp=2;HealerHut=6;Pasture=2;WoodHouse=12","Agriculture;AnimalHusbandry;ClayExtraction;ControlledFire;HerbalKnowledge;KnowledgeSharing;Quarry"
1192,Animal,1.15,60,1.2,0,144,40,104,0.278,80,500,"","Clay=127548.98;PlantFiber=124145.3;WoodLog=66403.88","ClayPit=2;Farm=2;FiberGatheringCamp=2;HealerHut=6;Pasture=2;WoodHouse=12","Agriculture;AnimalHusbandry;ClayExtraction;ControlledFire;HerbalKnowledge;KnowledgeSharing;Quarry"
1193,Animal,1.15,60,1.2,0,144,40,104,0.278,80,500,"","Clay=127657.7;PlantFiber=124254.02;WoodLog=66463.88","ClayPit=2;Farm=2;FiberGatheringCamp=2;HealerHut=6;Pasture=2;WoodHouse=12","Agriculture;AnimalHusbandry;ClayExtraction;ControlledFire;HerbalKnowledge;KnowledgeSharing;Quarry"
1194,Animal,1.15,60,1.2,0,144,40,104,0.278,80,500,"","Clay=127766.42;PlantFiber=124362.74;WoodLog=66523.88","ClayPit=2;Farm=2;FiberGatheringCamp=2;HealerHut=6;Pasture=2;WoodHouse=12","Agriculture;AnimalHusbandry;ClayExtraction;ControlledFire;HerbalKnowledge;KnowledgeSharing;Quarry"
1195,Animal,1.15,60,1.2,0,144,40,104,0.278,80,500,"","Clay=127875.14;PlantFiber=124471.46;WoodLog=66583.88","ClayPit=2;Farm=2;FiberGatheringCamp=2;HealerHut=6;Pasture=2;WoodHouse=12","Agriculture;AnimalHusbandry;ClayExtraction;ControlledFire;HerbalKnowledge;KnowledgeSharing;Quarry"
1196,Animal,1.15,60,1.2,0,144,40,104,0.278,80,500,"","Clay=127983.86;PlantFiber=124580.18;WoodLog=66643.88","ClayPit=2;Farm=2;FiberGatheringCamp=2;HealerHut=6;Pasture=2;WoodHouse=12","Agriculture;AnimalHusbandry;ClayExtraction;ControlledFire;HerbalKnowledge;KnowledgeSharing;Quarry"
1197,Animal,1.15,60,1.2,0,144,40,104,0.278,80,500,"","Clay=128092.58;PlantFiber=124688.9;WoodLog=66703.88","ClayPit=2;Farm=2;FiberGatheringCamp=2;HealerHut=6;Pasture=2;WoodHouse=12","Agriculture;AnimalHusbandry;ClayExtraction;ControlledFire;HerbalKnowledge;KnowledgeSharing;Quarry"
1198,Animal,1.15,60,1.2,0,144,40,104,0.278,80,500,"","Clay=128201.3;PlantFiber=124797.62;WoodLog=66763.88","ClayPit=2;Farm=2;FiberGatheringCamp=2;HealerHut=6;Pasture=2;WoodHouse=12","Agriculture;AnimalHusbandry;ClayExtraction;ControlledFire;HerbalKnowledge;KnowledgeSharing;Quarry"
1199,Animal,1.15,60,1.2,0,144,40,104,0.278,80,500,"","Clay=128310.02;PlantFiber=124906.34;WoodLog=66823.88","ClayPit=2;Farm=2;FiberGatheringCamp=2;HealerHut=6;Pasture=2;WoodHouse=12","Agriculture;AnimalHusbandry;ClayExtraction;ControlledFire;HerbalKnowledge;KnowledgeSharing;Quarry"
1200,Animal,1.15,60,1.2,0,144,40,104,0.278,80,500,"","Clay=128418.74;PlantFiber=125015.06;WoodLog=66883.88","ClayPit=2;Farm=2;FiberGatheringCamp=2;HealerHut=6;Pasture=2;WoodHouse=12","Agriculture;AnimalHusbandry;ClayExtraction;ControlledFire;HerbalKnowledge;KnowledgeSharing;Quarry"
1201,Animal,1.15,60,1.2,0,144,40,104,0.278,80,500,"","Clay=128527.46;PlantFiber=125123.78;WoodLog=66943.88","ClayPit=2;Farm=2;FiberGatheringCamp=2;HealerHut=6;Pasture=2;WoodHouse=12","Agriculture;AnimalHusbandry;ClayExtraction;ControlledFire;HerbalKnowledge;KnowledgeSharing;Quarry"
1202,Animal,1.15,60,1.2,0,144,40,104,0.278,80,500,"","Clay=128636.18;PlantFiber=125232.5;WoodLog=67003.88","ClayPit=2;Farm=2;FiberGatheringCamp=2;HealerHut=6;Pasture=2;WoodHouse=12","Agriculture;AnimalHusbandry;ClayExtraction;ControlledFire;HerbalKnowledge;KnowledgeSharing;Quarry"
1203,Animal,1.15,60,1.2,0,144,40,104,0.278,80,500,"","Clay=128744.9;PlantFiber=125341.22;WoodLog=67063.88","ClayPit=2;Farm=2;FiberGatheringCamp=2;HealerHut=6;Pasture=2;WoodHouse=12","Agriculture;AnimalHusbandry;ClayExtraction;ControlledFire;HerbalKnowledge;KnowledgeSharing;Quarry"
1204,Animal,1.15,60,1.2,0,144,40,104,0.278,80,500,"","Clay=128853.62;PlantFiber=125449.94;WoodLog=67123.88","ClayPit=2;Farm=2;FiberGatheringCamp=2;HealerHut=6;Pasture=2;WoodHouse=12","Agriculture;AnimalHusbandry;ClayExtraction;ControlledFire;HerbalKnowledge;KnowledgeSharing;Quarry"
1205,Animal,1.15,60,1.2,0,144,40,104,0.278,80,500,"","Clay=128962.34;PlantFiber=125558.66;WoodLog=67183.88","ClayPit=2;Farm=2;FiberGatheringCamp=2;HealerHut=6;Pasture=2;WoodHouse=12","Agriculture;AnimalHusbandry;ClayExtraction;ControlledFire;HerbalKnowledge;KnowledgeSharing;Quarry"
1206,Animal,1.15,60,1.2,0,144,40,104,0.278,80,500,"","Clay=129071.06;PlantFiber=125667.38;WoodLog=67243.88","ClayPit=2;Farm=2;FiberGatheringCamp=2;HealerHut=6;Pasture=2;WoodHouse=12","Agriculture;AnimalHusbandry;ClayExtraction;ControlledFire;HerbalKnowledge;KnowledgeSharing;Quarry"
1207,Animal,1.15,60,1.2,0,144,40,104,0.278,80,500,"","Clay=129179.78;PlantFiber=125776.1;WoodLog=67303.88","ClayPit=2;Farm=2;FiberGatheringCamp=2;HealerHut=6;Pasture=2;WoodHouse=12","Agriculture;AnimalHusbandry;ClayExtraction;ControlledFire;HerbalKnowledge;KnowledgeSharing;Quarry"
1208,Animal,1.15,60,1.2,0,144,40,104,0.278,80,500,"","Clay=129288.5;PlantFiber=125884.82;WoodLog=67363.88","ClayPit=2;Farm=2;FiberGatheringCamp=2;HealerHut=6;Pasture=2;WoodHouse=12","Agriculture;AnimalHusbandry;ClayExtraction;ControlledFire;HerbalKnowledge;KnowledgeSharing;Quarry"
1209,Animal,1.15,60,1.2,0,144,40,104,0.278,80,500,"","Clay=129397.22;PlantFiber=125993.54;WoodLog=67423.88","ClayPit=2;Farm=2;FiberGatheringCamp=2;HealerHut=6;Pasture=2;WoodHouse=12","Agriculture;AnimalHusbandry;ClayExtraction;ControlledFire;HerbalKnowledge;KnowledgeSharing;Quarry"
1210,Animal,1.15,60,1.2,0,144,40,104,0.278,80,500,"","Clay=129505.94;PlantFiber=126102.26;WoodLog=67483.88","ClayPit=2;Farm=2;FiberGatheringCamp=2;HealerHut=6;Pasture=2;WoodHouse=12","Agriculture;AnimalHusbandry;ClayExtraction;ControlledFire;HerbalKnowledge;KnowledgeSharing;Quarry"
1211,Animal,1.15,60,1.2,0,144,40,104,0.278,80,500,"","Clay=129614.66;PlantFiber=126210.98;WoodLog=67543.88","ClayPit=2;Farm=2;FiberGatheringCamp=2;HealerHut=6;Pasture=2;WoodHouse=12","Agriculture;AnimalHusbandry;ClayExtraction;ControlledFire;HerbalKnowledge;KnowledgeSharing;Quarry"
1212,Animal,1.15,60,1.2,0,144,40,104,0.278,80,500,"","Clay=129723.38;PlantFiber=126319.7;WoodLog=67603.88","ClayPit=2;Farm=2;FiberGatheringCamp=2;HealerHut=6;Pasture=2;WoodHouse=12","Agriculture;AnimalHusbandry;ClayExtraction;ControlledFire;HerbalKnowledge;KnowledgeSharing;Quarry"
1213,Animal,1.15,60,1.2,0,144,40,104,0.278,80,500,"","Clay=129832.1;PlantFiber=126428.42;WoodLog=67663.88","ClayPit=2;Farm=2;FiberGatheringCamp=2;HealerHut=6;Pasture=2;WoodHouse=12","Agriculture;AnimalHusbandry;ClayExtraction;ControlledFire;HerbalKnowledge;KnowledgeSharing;Quarry"
1214,Animal,1.15,60,1.2,0,144,40,104,0.278,80,500,"","Clay=129940.82;PlantFiber=126537.14;WoodLog=67723.88","ClayPit=2;Farm=2;FiberGatheringCamp=2;HealerHut=6;Pasture=2;WoodHouse=12","Agriculture;AnimalHusbandry;ClayExtraction;ControlledFire;HerbalKnowledge;KnowledgeSharing;Quarry"
1215,Animal,1.15,60,1.2,0,144,40,104,0.278,80,500,"","Clay=130049.54;PlantFiber=126645.86;WoodLog=67783.88","ClayPit=2;Farm=2;FiberGatheringCamp=2;HealerHut=6;Pasture=2;WoodHouse=12","Agriculture;AnimalHusbandry;ClayExtraction;ControlledFire;HerbalKnowledge;KnowledgeSharing;Quarry"
1216,Animal,1.15,60,1.2,0,144,40,104,0.278,80,500,"","Clay=130158.26;PlantFiber=126754.58;WoodLog=67843.88","ClayPit=2;Farm=2;FiberGatheringCamp=2;HealerHut=6;Pasture=2;WoodHouse=12","Agriculture;AnimalHusbandry;ClayExtraction;ControlledFire;HerbalKnowledge;KnowledgeSharing;Quarry"
1217,Animal,1.15,60,1.2,0,144,40,104,0.278,80,500,"","Clay=130266.98;PlantFiber=126863.3;WoodLog=67903.88","ClayPit=2;Farm=2;FiberGatheringCamp=2;HealerHut=6;Pasture=2;WoodHouse=12","Agriculture;AnimalHusbandry;ClayExtraction;ControlledFire;HerbalKnowledge;KnowledgeSharing;Quarry"
1218,Animal,1.15,60,1.2,0,144,40,104,0.278,80,500,"","Clay=130375.7;PlantFiber=126972.02;WoodLog=67963.88","ClayPit=2;Farm=2;FiberGatheringCamp=2;HealerHut=6;Pasture=2;WoodHouse=12","Agriculture;AnimalHusbandry;ClayExtraction;ControlledFire;HerbalKnowledge;KnowledgeSharing;Quarry"
1219,Animal,1.15,60,1.2,0,144,40,104,0.278,80,500,"","Clay=130484.42;PlantFiber=127080.74;WoodLog=68023.88","ClayPit=2;Farm=2;FiberGatheringCamp=2;HealerHut=6;Pasture=2;WoodHouse=12","Agriculture;AnimalHusbandry;ClayExtraction;ControlledFire;HerbalKnowledge;KnowledgeSharing;Quarry"
1220,Animal,1.15,60,1.2,0,144,40,104,0.278,80,500,"","Clay=130593.14;PlantFiber=127189.46;WoodLog=68083.88","ClayPit=2;Farm=2;FiberGatheringCamp=2;HealerHut=6;Pasture=2;WoodHouse=12","Agriculture;AnimalHusbandry;ClayExtraction;ControlledFire;HerbalKnowledge;KnowledgeSharing;Quarry"
1221,Animal,1.15,60,1.2,0,144,40,104,0.278,80,500,"","Clay=130701.86;PlantFiber=127298.18;WoodLog=68143.88","ClayPit=2;Farm=2;FiberGatheringCamp=2;HealerHut=6;Pasture=2;WoodHouse=12","Agriculture;AnimalHusbandry;ClayExtraction;ControlledFire;HerbalKnowledge;KnowledgeSharing;Quarry"
1222,Animal,1.15,60,1.2,0,144,40,104,0.278,80,500,"","Clay=130810.58;PlantFiber=127406.9;WoodLog=68203.88","ClayPit=2;Farm=2;FiberGatheringCamp=2;HealerHut=6;Pasture=2;WoodHouse=12","Agriculture;AnimalHusbandry;ClayExtraction;ControlledFire;HerbalKnowledge;KnowledgeSharing;Quarry"
1223,Animal,1.15,60,1.2,0,144,40,104,0.278,80,500,"","Clay=130919.3;PlantFiber=127515.62;WoodLog=68263.88","ClayPit=2;Farm=2;FiberGatheringCamp=2;HealerHut=6;Pasture=2;WoodHouse=12","Agriculture;AnimalHusbandry;ClayExtraction;ControlledFire;HerbalKnowledge;KnowledgeSharing;Quarry"
1224,Animal,1.15,60,1.2,0,144,40,104,0.278,80,500,"","Clay=131028.02;PlantFiber=127624.34;WoodLog=68323.88","ClayPit=2;Farm=2;FiberGatheringCamp=2;HealerHut=6;Pasture=2;WoodHouse=12","Agriculture;AnimalHusbandry;ClayExtraction;ControlledFire;HerbalKnowledge;KnowledgeSharing;Quarry"
1225,Animal,1.15,60,1.2,0,144,40,104,0.278,80,500,"","Clay=131136.74;PlantFiber=127733.06;WoodLog=68383.88","ClayPit=2;Farm=2;FiberGatheringCamp=2;HealerHut=6;Pasture=2;WoodHouse=12","Agriculture;AnimalHusbandry;ClayExtraction;ControlledFire;HerbalKnowledge;KnowledgeSharing;Quarry"
1226,Animal,1.15,60,1.2,0,144,40,104,0.278,80,500,"","Clay=131245.46;PlantFiber=127841.78;WoodLog=68443.88","ClayPit=2;Farm=2;FiberGatheringCamp=2;HealerHut=6;Pasture=2;WoodHouse=12","Agriculture;AnimalHusbandry;ClayExtraction;ControlledFire;HerbalKnowledge;KnowledgeSharing;Quarry"
1227,Animal,1.15,60,1.2,0,144,40,104,0.278,80,500,"","Clay=131354.18;PlantFiber=127950.5;WoodLog=68503.88","ClayPit=2;Farm=2;FiberGatheringCamp=2;HealerHut=6;Pasture=2;WoodHouse=12","Agriculture;AnimalHusbandry;ClayExtraction;ControlledFire;HerbalKnowledge;KnowledgeSharing;Quarry"
1228,Animal,1.15,60,1.2,0,144,40,104,0.278,80,500,"","Clay=131462.9;PlantFiber=128059.22;WoodLog=68563.88","ClayPit=2;Farm=2;FiberGatheringCamp=2;HealerHut=6;Pasture=2;WoodHouse=12","Agriculture;AnimalHusbandry;ClayExtraction;ControlledFire;HerbalKnowledge;KnowledgeSharing;Quarry"
1229,Animal,1.15,60,1.2,0,144,40,104,0.278,80,500,"","Clay=131571.62;PlantFiber=128167.94;WoodLog=68623.88","ClayPit=2;Farm=2;FiberGatheringCamp=2;HealerHut=6;Pasture=2;WoodHouse=12","Agriculture;AnimalHusbandry;ClayExtraction;ControlledFire;HerbalKnowledge;KnowledgeSharing;Quarry"
1230,Animal,1.15,60,1.2,0,144,40,104,0.278,80,500,"","Clay=131680.34;PlantFiber=128276.66;WoodLog=68683.88","ClayPit=2;Farm=2;FiberGatheringCamp=2;HealerHut=6;Pasture=2;WoodHouse=12","Agriculture;AnimalHusbandry;ClayExtraction;ControlledFire;HerbalKnowledge;KnowledgeSharing;Quarry"
1231,Animal,1.15,60,1.2,0,144,40,104,0.278,80,500,"","Clay=131789.06;PlantFiber=128385.38;WoodLog=68743.88","ClayPit=2;Farm=2;FiberGatheringCamp=2;HealerHut=6;Pasture=2;WoodHouse=12","Agriculture;AnimalHusbandry;ClayExtraction;ControlledFire;HerbalKnowledge;KnowledgeSharing;Quarry"
1232,Animal,1.15,60,1.2,0,144,40,104,0.278,80,500,"","Clay=131897.78;PlantFiber=128494.1;WoodLog=68803.88","ClayPit=2;Farm=2;FiberGatheringCamp=2;HealerHut=6;Pasture=2;WoodHouse=12","Agriculture;AnimalHusbandry;ClayExtraction;ControlledFire;HerbalKnowledge;KnowledgeSharing;Quarry"
1233,Animal,1.15,60,1.2,0,144,40,104,0.278,80,500,"","Clay=132006.5;PlantFiber=128602.82;WoodLog=68863.88","ClayPit=2;Farm=2;FiberGatheringCamp=2;HealerHut=6;Pasture=2;WoodHouse=12","Agriculture;AnimalHusbandry;ClayExtraction;ControlledFire;HerbalKnowledge;KnowledgeSharing;Quarry"
1234,Animal,1.15,60,1.2,0,144,40,104,0.278,80,500,"","Clay=132115.22;PlantFiber=128711.54;WoodLog=68923.88","ClayPit=2;Farm=2;FiberGatheringCamp=2;HealerHut=6;Pasture=2;WoodHouse=12","Agriculture;AnimalHusbandry;ClayExtraction;ControlledFire;HerbalKnowledge;KnowledgeSharing;Quarry"
1235,Animal,1.15,60,1.2,0,144,40,104,0.278,80,500,"","Clay=132223.94;PlantFiber=128820.26;WoodLog=68983.88","ClayPit=2;Farm=2;FiberGatheringCamp=2;HealerHut=6;Pasture=2;WoodHouse=12","Agriculture;AnimalHusbandry;ClayExtraction;ControlledFire;HerbalKnowledge;KnowledgeSharing;Quarry"
1236,Animal,1.15,60,1.2,0,144,40,104,0.278,80,500,"","Clay=132332.66;PlantFiber=128928.98;WoodLog=69043.88","ClayPit=2;Farm=2;FiberGatheringCamp=2;HealerHut=6;Pasture=2;WoodHouse=12","Agriculture;AnimalHusbandry;ClayExtraction;ControlledFire;HerbalKnowledge;KnowledgeSharing;Quarry"
1237,Animal,1.15,60,1.2,0,144,40,104,0.278,80,500,"","Clay=132441.38;PlantFiber=129037.7;WoodLog=69103.88","ClayPit=2;Farm=2;FiberGatheringCamp=2;HealerHut=6;Pasture=2;WoodHouse=12","Agriculture;AnimalHusbandry;ClayExtraction;ControlledFire;HerbalKnowledge;KnowledgeSharing;Quarry"
1238,Animal,1.15,60,1.2,0,144,40,104,0.278,80,500,"","Clay=132550.1;PlantFiber=129146.42;WoodLog=69163.88","ClayPit=2;Farm=2;FiberGatheringCamp=2;HealerHut=6;Pasture=2;WoodHouse=12","Agriculture;AnimalHusbandry;ClayExtraction;ControlledFire;HerbalKnowledge;KnowledgeSharing;Quarry"
1239,Animal,1.15,60,1.2,0,144,40,104,0.278,80,500,"","Clay=132658.82;PlantFiber=129255.14;WoodLog=69223.88","ClayPit=2;Farm=2;FiberGatheringCamp=2;HealerHut=6;Pasture=2;WoodHouse=12","Agriculture;AnimalHusbandry;ClayExtraction;ControlledFire;HerbalKnowledge;KnowledgeSharing;Quarry"
1240,Animal,1.15,60,1.2,0,144,40,104,0.278,80,500,"","Clay=132767.54;PlantFiber=129363.86;WoodLog=69283.88","ClayPit=2;Farm=2;FiberGatheringCamp=2;HealerHut=6;Pasture=2;WoodHouse=12","Agriculture;AnimalHusbandry;ClayExtraction;ControlledFire;HerbalKnowledge;KnowledgeSharing;Quarry"
1241,Animal,1.15,60,1.2,0,144,40,104,0.278,80,500,"","Clay=132876.26;PlantFiber=129472.58;WoodLog=69343.88","ClayPit=2;Farm=2;FiberGatheringCamp=2;HealerHut=6;Pasture=2;WoodHouse=12","Agriculture;AnimalHusbandry;ClayExtraction;ControlledFire;HerbalKnowledge;KnowledgeSharing;Quarry"
1242,Animal,1.15,60,1.2,0,144,40,104,0.278,80,500,"","Clay=132984.98;PlantFiber=129581.3;WoodLog=69403.88","ClayPit=2;Farm=2;FiberGatheringCamp=2;HealerHut=6;Pasture=2;WoodHouse=12","Agriculture;AnimalHusbandry;ClayExtraction;ControlledFire;HerbalKnowledge;KnowledgeSharing;Quarry"
1243,Animal,1.15,60,1.2,0,144,40,104,0.278,80,500,"","Clay=133093.7;PlantFiber=129690.02;WoodLog=69463.88","ClayPit=2;Farm=2;FiberGatheringCamp=2;HealerHut=6;Pasture=2;WoodHouse=12","Agriculture;AnimalHusbandry;ClayExtraction;ControlledFire;HerbalKnowledge;KnowledgeSharing;Quarry"
1244,Animal,1.15,60,1.2,0,144,40,104,0.278,80,500,"","Clay=133202.42;PlantFiber=129798.74;WoodLog=69523.88","ClayPit=2;Farm=2;FiberGatheringCamp=2;HealerHut=6;Pasture=2;WoodHouse=12","Agriculture;AnimalHusbandry;ClayExtraction;ControlledFire;HerbalKnowledge;KnowledgeSharing;Quarry"
1245,Animal,1.15,60,1.2,0,144,40,104,0.278,80,500,"","Clay=133311.14;PlantFiber=129907.46;WoodLog=69583.88","ClayPit=2;Farm=2;FiberGatheringCamp=2;HealerHut=6;Pasture=2;WoodHouse=12","Agriculture;AnimalHusbandry;ClayExtraction;ControlledFire;HerbalKnowledge;KnowledgeSharing;Quarry"
1246,Animal,1.15,60,1.2,0,144,40,104,0.278,80,500,"","Clay=133419.86;PlantFiber=130016.18;WoodLog=69643.88","ClayPit=2;Farm=2;FiberGatheringCamp=2;HealerHut=6;Pasture=2;WoodHouse=12","Agriculture;AnimalHusbandry;ClayExtraction;ControlledFire;HerbalKnowledge;KnowledgeSharing;Quarry"
1247,Animal,1.15,60,1.2,0,144,40,104,0.278,80,500,"","Clay=133528.58;PlantFiber=130124.9;WoodLog=69703.88","ClayPit=2;Farm=2;FiberGatheringCamp=2;HealerHut=6;Pasture=2;WoodHouse=12","Agriculture;AnimalHusbandry;ClayExtraction;ControlledFire;HerbalKnowledge;KnowledgeSharing;Quarry"
1248,Animal,1.15,60,1.2,0,144,40,104,0.278,80,500,"","Clay=133637.3;PlantFiber=130233.62;WoodLog=69763.88","ClayPit=2;Farm=2;FiberGatheringCamp=2;HealerHut=6;Pasture=2;WoodHouse=12","Agriculture;AnimalHusbandry;ClayExtraction;ControlledFire;HerbalKnowledge;KnowledgeSharing;Quarry"
1249,Animal,1.15,60,1.2,0,144,40,104,0.278,80,500,"","Clay=133746.02;PlantFiber=130342.34;WoodLog=69823.88","ClayPit=2;Farm=2;FiberGatheringCamp=2;HealerHut=6;Pasture=2;WoodHouse=12","Agriculture;AnimalHusbandry;ClayExtraction;ControlledFire;HerbalKnowledge;KnowledgeSharing;Quarry"
1250,Animal,1.15,60,1.2,0,144,40,104,0.278,80,500,"","Clay=133854.74;PlantFiber=130451.06;WoodLog=69883.88","ClayPit=2;Farm=2;FiberGatheringCamp=2;HealerHut=6;Pasture=2;WoodHouse=12","Agriculture;AnimalHusbandry;ClayExtraction;ControlledFire;HerbalKnowledge;KnowledgeSharing;Quarry"
1251,Animal,1.15,60,1.2,0,144,40,104,0.278,80,500,"","Clay=133963.46;PlantFiber=130559.78;WoodLog=69943.88","ClayPit=2;Farm=2;FiberGatheringCamp=2;HealerHut=6;Pasture=2;WoodHouse=12","Agriculture;AnimalHusbandry;ClayExtraction;ControlledFire;HerbalKnowledge;KnowledgeSharing;Quarry"
1252,Animal,1.15,60,1.2,0,144,40,104,0.278,80,500,"","Clay=134072.18;PlantFiber=130668.5;WoodLog=70003.88","ClayPit=2;Farm=2;FiberGatheringCamp=2;HealerHut=6;Pasture=2;WoodHouse=12","Agriculture;AnimalHusbandry;ClayExtraction;ControlledFire;HerbalKnowledge;KnowledgeSharing;Quarry"
1253,Animal,1.15,60,1.2,0,144,40,104,0.278,80,500,"","Clay=134180.9;PlantFiber=130777.22;WoodLog=70063.88","ClayPit=2;Farm=2;FiberGatheringCamp=2;HealerHut=6;Pasture=2;WoodHouse=12","Agriculture;AnimalHusbandry;ClayExtraction;ControlledFire;HerbalKnowledge;KnowledgeSharing;Quarry"
1254,Animal,1.15,60,1.2,0,144,40,104,0.278,80,500,"","Clay=134289.62;PlantFiber=130885.94;WoodLog=70123.88","ClayPit=2;Farm=2;FiberGatheringCamp=2;HealerHut=6;Pasture=2;WoodHouse=12","Agriculture;AnimalHusbandry;ClayExtraction;ControlledFire;HerbalKnowledge;KnowledgeSharing;Quarry"
1255,Animal,1.15,60,1.2,0,144,40,104,0.278,80,500,"","Clay=134398.34;PlantFiber=130994.66;WoodLog=70183.88","ClayPit=2;Farm=2;FiberGatheringCamp=2;HealerHut=6;Pasture=2;WoodHouse=12","Agriculture;AnimalHusbandry;ClayExtraction;ControlledFire;HerbalKnowledge;KnowledgeSharing;Quarry"
1256,Animal,1.15,60,1.2,0,144,40,104,0.278,80,500,"","Clay=134507.06;PlantFiber=131103.38;WoodLog=70243.88","ClayPit=2;Farm=2;FiberGatheringCamp=2;HealerHut=6;Pasture=2;WoodHouse=12","Agriculture;AnimalHusbandry;ClayExtraction;ControlledFire;HerbalKnowledge;KnowledgeSharing;Quarry"
1257,Animal,1.15,60,1.2,0,144,40,104,0.278,80,500,"","Clay=134615.78;PlantFiber=131212.1;WoodLog=70303.88","ClayPit=2;Farm=2;FiberGatheringCamp=2;HealerHut=6;Pasture=2;WoodHouse=12","Agriculture;AnimalHusbandry;ClayExtraction;ControlledFire;HerbalKnowledge;KnowledgeSharing;Quarry"
1258,Animal,1.15,60,1.2,0,144,40,104,0.278,80,500,"","Clay=134724.5;PlantFiber=131320.82;WoodLog=70363.88","ClayPit=2;Farm=2;FiberGatheringCamp=2;HealerHut=6;Pasture=2;WoodHouse=12","Agriculture;AnimalHusbandry;ClayExtraction;ControlledFire;HerbalKnowledge;KnowledgeSharing;Quarry"
1259,Animal,1.15,60,1.2,0,144,40,104,0.278,80,500,"","Clay=134833.22;PlantFiber=131429.54;WoodLog=70423.88","ClayPit=2;Farm=2;FiberGatheringCamp=2;HealerHut=6;Pasture=2;WoodHouse=12","Agriculture;AnimalHusbandry;ClayExtraction;ControlledFire;HerbalKnowledge;KnowledgeSharing;Quarry"
1260,Animal,1.15,60,1.2,0,144,40,104,0.278,80,500,"","Clay=134941.94;PlantFiber=131538.26;WoodLog=70483.88","ClayPit=2;Farm=2;FiberGatheringCamp=2;HealerHut=6;Pasture=2;WoodHouse=12","Agriculture;AnimalHusbandry;ClayExtraction;ControlledFire;HerbalKnowledge;KnowledgeSharing;Quarry"
1261,Animal,1.15,60,1.2,0,144,40,104,0.278,80,500,"","Clay=135050.66;PlantFiber=131646.98;WoodLog=70543.88","ClayPit=2;Farm=2;FiberGatheringCamp=2;HealerHut=6;Pasture=2;WoodHouse=12","Agriculture;AnimalHusbandry;ClayExtraction;ControlledFire;HerbalKnowledge;KnowledgeSharing;Quarry"
1262,Animal,1.15,60,1.2,0,144,40,104,0.278,80,500,"","Clay=135159.38;PlantFiber=131755.7;WoodLog=70603.88","ClayPit=2;Farm=2;FiberGatheringCamp=2;HealerHut=6;Pasture=2;WoodHouse=12","Agriculture;AnimalHusbandry;ClayExtraction;ControlledFire;HerbalKnowledge;KnowledgeSharing;Quarry"
1263,Animal,1.15,60,1.2,0,144,40,104,0.278,80,500,"","Clay=135268.1;PlantFiber=131864.42;WoodLog=70663.88","ClayPit=2;Farm=2;FiberGatheringCamp=2;HealerHut=6;Pasture=2;WoodHouse=12","Agriculture;AnimalHusbandry;ClayExtraction;ControlledFire;HerbalKnowledge;KnowledgeSharing;Quarry"
1264,Animal,1.15,60,1.2,0,144,40,104,0.278,80,500,"","Clay=135376.82;PlantFiber=131973.14;WoodLog=70723.88","ClayPit=2;Farm=2;FiberGatheringCamp=2;HealerHut=6;Pasture=2;WoodHouse=12","Agriculture;AnimalHusbandry;ClayExtraction;ControlledFire;HerbalKnowledge;KnowledgeSharing;Quarry"
1265,Animal,1.15,60,1.2,0,144,40,104,0.278,80,500,"","Clay=135485.54;PlantFiber=132081.86;WoodLog=70783.88","ClayPit=2;Farm=2;FiberGatheringCamp=2;HealerHut=6;Pasture=2;WoodHouse=12","Agriculture;AnimalHusbandry;ClayExtraction;ControlledFire;HerbalKnowledge;KnowledgeSharing;Quarry"
1266,Animal,1.15,60,1.2,0,144,40,104,0.278,80,500,"","Clay=135594.26;PlantFiber=132190.58;WoodLog=70843.88","ClayPit=2;Farm=2;FiberGatheringCamp=2;HealerHut=6;Pasture=2;WoodHouse=12","Agriculture;AnimalHusbandry;ClayExtraction;ControlledFire;HerbalKnowledge;KnowledgeSharing;Quarry"
1267,Animal,1.15,60,1.2,0,144,40,104,0.278,80,500,"","Clay=135702.98;PlantFiber=132299.3;WoodLog=70903.88","ClayPit=2;Farm=2;FiberGatheringCamp=2;HealerHut=6;Pasture=2;WoodHouse=12","Agriculture;AnimalHusbandry;ClayExtraction;ControlledFire;HerbalKnowledge;KnowledgeSharing;Quarry"
1268,Animal,1.15,60,1.2,0,144,40,104,0.278,80,500,"","Clay=135811.7;PlantFiber=132408.02;WoodLog=70963.88","ClayPit=2;Farm=2;FiberGatheringCamp=2;HealerHut=6;Pasture=2;WoodHouse=12","Agriculture;AnimalHusbandry;ClayExtraction;ControlledFire;HerbalKnowledge;KnowledgeSharing;Quarry"
1269,Animal,1.15,60,1.2,0,144,40,104,0.278,80,500,"","Clay=135920.42;PlantFiber=132516.74;WoodLog=71023.88","ClayPit=2;Farm=2;FiberGatheringCamp=2;HealerHut=6;Pasture=2;WoodHouse=12","Agriculture;AnimalHusbandry;ClayExtraction;ControlledFire;HerbalKnowledge;KnowledgeSharing;Quarry"
1270,Animal,1.15,60,1.2,0,144,40,104,0.278,80,500,"","Clay=136029.14;PlantFiber=132625.46;WoodLog=71083.88","ClayPit=2;Farm=2;FiberGatheringCamp=2;HealerHut=6;Pasture=2;WoodHouse=12","Agriculture;AnimalHusbandry;ClayExtraction;ControlledFire;HerbalKnowledge;KnowledgeSharing;Quarry"
1271,Animal,1.15,60,1.2,0,144,40,104,0.278,80,500,"","Clay=136137.86;PlantFiber=132734.18;WoodLog=71143.88","ClayPit=2;Farm=2;FiberGatheringCamp=2;HealerHut=6;Pasture=2;WoodHouse=12","Agriculture;AnimalHusbandry;ClayExtraction;ControlledFire;HerbalKnowledge;KnowledgeSharing;Quarry"
1272,Animal,1.15,60,1.2,0,144,40,104,0.278,80,500,"","Clay=136246.58;PlantFiber=132842.9;WoodLog=71203.88","ClayPit=2;Farm=2;FiberGatheringCamp=2;HealerHut=6;Pasture=2;WoodHouse=12","Agriculture;AnimalHusbandry;ClayExtraction;ControlledFire;HerbalKnowledge;KnowledgeSharing;Quarry"
1273,Animal,1.15,60,1.2,0,144,40,104,0.278,80,500,"","Clay=136355.3;PlantFiber=132951.62;WoodLog=71263.88","ClayPit=2;Farm=2;FiberGatheringCamp=2;HealerHut=6;Pasture=2;WoodHouse=12","Agriculture;AnimalHusbandry;ClayExtraction;ControlledFire;HerbalKnowledge;KnowledgeSharing;Quarry"
1274,Animal,1.15,60,1.2,0,144,40,104,0.278,80,500,"","Clay=136464.02;PlantFiber=133060.34;WoodLog=71323.88","ClayPit=2;Farm=2;FiberGatheringCamp=2;HealerHut=6;Pasture=2;WoodHouse=12","Agriculture;AnimalHusbandry;ClayExtraction;ControlledFire;HerbalKnowledge;KnowledgeSharing;Quarry"
1275,Animal,1.15,60,1.2,0,144,40,104,0.278,80,500,"","Clay=136572.74;PlantFiber=133169.06;WoodLog=71383.88","ClayPit=2;Farm=2;FiberGatheringCamp=2;HealerHut=6;Pasture=2;WoodHouse=12","Agriculture;AnimalHusbandry;ClayExtraction;ControlledFire;HerbalKnowledge;KnowledgeSharing;Quarry"
1276,Animal,1.15,60,1.2,0,144,40,104,0.278,80,500,"","Clay=136681.46;PlantFiber=133277.78;WoodLog=71443.88","ClayPit=2;Farm=2;FiberGatheringCamp=2;HealerHut=6;Pasture=2;WoodHouse=12","Agriculture;AnimalHusbandry;ClayExtraction;ControlledFire;HerbalKnowledge;KnowledgeSharing;Quarry"
1277,Animal,1.15,60,1.2,0,144,40,104,0.278,80,500,"","Clay=136790.18;PlantFiber=133386.5;WoodLog=71503.88","ClayPit=2;Farm=2;FiberGatheringCamp=2;HealerHut=6;Pasture=2;WoodHouse=12","Agriculture;AnimalHusbandry;ClayExtraction;ControlledFire;HerbalKnowledge;KnowledgeSharing;Quarry"
1278,Animal,1.15,60,1.2,0,144,40,104,0.278,80,500,"","Clay=136898.9;PlantFiber=133495.22;WoodLog=71563.88","ClayPit=2;Farm=2;FiberGatheringCamp=2;HealerHut=6;Pasture=2;WoodHouse=12","Agriculture;AnimalHusbandry;ClayExtraction;ControlledFire;HerbalKnowledge;KnowledgeSharing;Quarry"
1279,Animal,1.15,60,1.2,0,144,40,104,0.278,80,500,"","Clay=137007.62;PlantFiber=133603.94;WoodLog=71623.88","ClayPit=2;Farm=2;FiberGatheringCamp=2;HealerHut=6;Pasture=2;WoodHouse=12","Agriculture;AnimalHusbandry;ClayExtraction;ControlledFire;HerbalKnowledge;KnowledgeSharing;Quarry"
1280,Animal,1.15,60,1.2,0,144,40,104,0.278,80,500,"","Clay=137116.34;PlantFiber=133712.66;WoodLog=71683.88","ClayPit=2;Farm=2;FiberGatheringCamp=2;HealerHut=6;Pasture=2;WoodHouse=12","Agriculture;AnimalHusbandry;ClayExtraction;ControlledFire;HerbalKnowledge;KnowledgeSharing;Quarry"
1281,Animal,1.15,60,1.2,0,144,40,104,0.278,80,500,"","Clay=137225.06;PlantFiber=133821.38;WoodLog=71743.88","ClayPit=2;Farm=2;FiberGatheringCamp=2;HealerHut=6;Pasture=2;WoodHouse=12","Agriculture;AnimalHusbandry;ClayExtraction;ControlledFire;HerbalKnowledge;KnowledgeSharing;Quarry"
1282,Animal,1.15,60,1.2,0,144,40,104,0.278,80,500,"","Clay=137333.78;PlantFiber=133930.1;WoodLog=71803.88","ClayPit=2;Farm=2;FiberGatheringCamp=2;HealerHut=6;Pasture=2;WoodHouse=12","Agriculture;AnimalHusbandry;ClayExtraction;ControlledFire;HerbalKnowledge;KnowledgeSharing;Quarry"
1283,Animal,1.15,60,1.2,0,144,40,104,0.278,80,500,"","Clay=137442.5;PlantFiber=134038.82;WoodLog=71863.88","ClayPit=2;Farm=2;FiberGatheringCamp=2;HealerHut=6;Pasture=2;WoodHouse=12","Agriculture;AnimalHusbandry;ClayExtraction;ControlledFire;HerbalKnowledge;KnowledgeSharing;Quarry"
1284,Animal,1.15,60,1.2,0,144,40,104,0.278,80,500,"","Clay=137551.22;PlantFiber=134147.54;WoodLog=71923.88","ClayPit=2;Farm=2;FiberGatheringCamp=2;HealerHut=6;Pasture=2;WoodHouse=12","Agriculture;AnimalHusbandry;ClayExtraction;ControlledFire;HerbalKnowledge;KnowledgeSharing;Quarry"
1285,Animal,1.15,60,1.2,0,144,40,104,0.278,80,500,"","Clay=137659.94;PlantFiber=134256.26;WoodLog=71983.88","ClayPit=2;Farm=2;FiberGatheringCamp=2;HealerHut=6;Pasture=2;WoodHouse=12","Agriculture;AnimalHusbandry;ClayExtraction;ControlledFire;HerbalKnowledge;KnowledgeSharing;Quarry"
1286,Animal,1.15,60,1.2,0,144,40,104,0.278,80,500,"","Clay=137768.66;PlantFiber=134364.98;WoodLog=72043.88","ClayPit=2;Farm=2;FiberGatheringCamp=2;HealerHut=6;Pasture=2;WoodHouse=12","Agriculture;AnimalHusbandry;ClayExtraction;ControlledFire;HerbalKnowledge;KnowledgeSharing;Quarry"
1287,Animal,1.15,60,1.2,0,144,40,104,0.278,80,500,"","Clay=137877.38;PlantFiber=134473.7;WoodLog=72103.88","ClayPit=2;Farm=2;FiberGatheringCamp=2;HealerHut=6;Pasture=2;WoodHouse=12","Agriculture;AnimalHusbandry;ClayExtraction;ControlledFire;HerbalKnowledge;KnowledgeSharing;Quarry"
1288,Animal,1.15,60,1.2,0,144,40,104,0.278,80,500,"","Clay=137986.1;PlantFiber=134582.42;WoodLog=72163.88","ClayPit=2;Farm=2;FiberGatheringCamp=2;HealerHut=6;Pasture=2;WoodHouse=12","Agriculture;AnimalHusbandry;ClayExtraction;ControlledFire;HerbalKnowledge;KnowledgeSharing;Quarry"
1289,Animal,1.15,60,1.2,0,144,40,104,0.278,80,500,"","Clay=138094.82;PlantFiber=134691.14;WoodLog=72223.88","ClayPit=2;Farm=2;FiberGatheringCamp=2;HealerHut=6;Pasture=2;WoodHouse=12","Agriculture;AnimalHusbandry;ClayExtraction;ControlledFire;HerbalKnowledge;KnowledgeSharing;Quarry"
1290,Animal,1.15,60,1.2,0,144,40,104,0.278,80,500,"","Clay=138203.54;PlantFiber=134799.86;WoodLog=72283.88","ClayPit=2;Farm=2;FiberGatheringCamp=2;HealerHut=6;Pasture=2;WoodHouse=12","Agriculture;AnimalHusbandry;ClayExtraction;ControlledFire;HerbalKnowledge;KnowledgeSharing;Quarry"
1291,Animal,1.15,60,1.2,0,144,40,104,0.278,80,500,"","Clay=138312.26;PlantFiber=134908.58;WoodLog=72343.88","ClayPit=2;Farm=2;FiberGatheringCamp=2;HealerHut=6;Pasture=2;WoodHouse=12","Agriculture;AnimalHusbandry;ClayExtraction;ControlledFire;HerbalKnowledge;KnowledgeSharing;Quarry"
1292,Animal,1.15,60,1.2,0,144,40,104,0.278,80,500,"","Clay=138420.98;PlantFiber=135017.3;WoodLog=72403.88","ClayPit=2;Farm=2;FiberGatheringCamp=2;HealerHut=6;Pasture=2;WoodHouse=12","Agriculture;AnimalHusbandry;ClayExtraction;ControlledFire;HerbalKnowledge;KnowledgeSharing;Quarry"
1293,Animal,1.15,60,1.2,0,144,40,104,0.278,80,500,"","Clay=138529.7;PlantFiber=135126.02;WoodLog=72463.88","ClayPit=2;Farm=2;FiberGatheringCamp=2;HealerHut=6;Pasture=2;WoodHouse=12","Agriculture;AnimalHusbandry;ClayExtraction;ControlledFire;HerbalKnowledge;KnowledgeSharing;Quarry"
1294,Animal,1.15,60,1.2,0,144,40,104,0.278,80,500,"","Clay=138638.42;PlantFiber=135234.74;WoodLog=72523.88","ClayPit=2;Farm=2;FiberGatheringCamp=2;HealerHut=6;Pasture=2;WoodHouse=12","Agriculture;AnimalHusbandry;ClayExtraction;ControlledFire;HerbalKnowledge;KnowledgeSharing;Quarry"
1295,Animal,1.15,60,1.2,0,144,40,104,0.278,80,500,"","Clay=138747.14;PlantFiber=135343.46;WoodLog=72583.88","ClayPit=2;Farm=2;FiberGatheringCamp=2;HealerHut=6;Pasture=2;WoodHouse=12","Agriculture;AnimalHusbandry;ClayExtraction;ControlledFire;HerbalKnowledge;KnowledgeSharing;Quarry"
1296,Animal,1.15,60,1.2,0,144,40,104,0.278,80,500,"","Clay=138855.86;PlantFiber=135452.18;WoodLog=72643.88","ClayPit=2;Farm=2;FiberGatheringCamp=2;HealerHut=6;Pasture=2;WoodHouse=12","Agriculture;AnimalHusbandry;ClayExtraction;ControlledFire;HerbalKnowledge;KnowledgeSharing;Quarry"
1297,Animal,1.15,60,1.2,0,144,40,104,0.278,80,500,"","Clay=138964.58;PlantFiber=135560.9;WoodLog=72703.88","ClayPit=2;Farm=2;FiberGatheringCamp=2;HealerHut=6;Pasture=2;WoodHouse=12","Agriculture;AnimalHusbandry;ClayExtraction;ControlledFire;HerbalKnowledge;KnowledgeSharing;Quarry"
1298,Animal,1.15,60,1.2,0,144,40,104,0.278,80,500,"","Clay=139073.3;PlantFiber=135669.62;WoodLog=72763.88","ClayPit=2;Farm=2;FiberGatheringCamp=2;HealerHut=6;Pasture=2;WoodHouse=12","Agriculture;AnimalHusbandry;ClayExtraction;ControlledFire;HerbalKnowledge;KnowledgeSharing;Quarry"
1299,Animal,1.15,60,1.2,0,144,40,104,0.278,80,500,"","Clay=139182.02;PlantFiber=135778.34;WoodLog=72823.88","ClayPit=2;Farm=2;FiberGatheringCamp=2;HealerHut=6;Pasture=2;WoodHouse=12","Agriculture;AnimalHusbandry;ClayExtraction;ControlledFire;HerbalKnowledge;KnowledgeSharing;Quarry"
1300,Animal,1.15,60,1.2,0,144,40,104,0.278,80,500,"","Clay=139290.74;PlantFiber=135887.06;WoodLog=72883.88","ClayPit=2;Farm=2;FiberGatheringCamp=2;HealerHut=6;Pasture=2;WoodHouse=12","Agriculture;AnimalHusbandry;ClayExtraction;ControlledFire;HerbalKnowledge;KnowledgeSharing;Quarry"
1301,Animal,1.15,60,1.2,0,144,40,104,0.278,80,500,"","Clay=139399.46;PlantFiber=135995.78;WoodLog=72943.88","ClayPit=2;Farm=2;FiberGatheringCamp=2;HealerHut=6;Pasture=2;WoodHouse=12","Agriculture;AnimalHusbandry;ClayExtraction;ControlledFire;HerbalKnowledge;KnowledgeSharing;Quarry"
1302,Animal,1.15,60,1.2,0,144,40,104,0.278,80,500,"","Clay=139508.18;PlantFiber=136104.5;WoodLog=73003.88","ClayPit=2;Farm=2;FiberGatheringCamp=2;HealerHut=6;Pasture=2;WoodHouse=12","Agriculture;AnimalHusbandry;ClayExtraction;ControlledFire;HerbalKnowledge;KnowledgeSharing;Quarry"
1303,Animal,1.15,60,1.2,0,144,40,104,0.278,80,500,"","Clay=139616.9;PlantFiber=136213.22;WoodLog=73063.88","ClayPit=2;Farm=2;FiberGatheringCamp=2;HealerHut=6;Pasture=2;WoodHouse=12","Agriculture;AnimalHusbandry;ClayExtraction;ControlledFire;HerbalKnowledge;KnowledgeSharing;Quarry"
1304,Animal,1.15,60,1.2,0,144,40,104,0.278,80,500,"","Clay=139725.62;PlantFiber=136321.94;WoodLog=73123.88","ClayPit=2;Farm=2;FiberGatheringCamp=2;HealerHut=6;Pasture=2;WoodHouse=12","Agriculture;AnimalHusbandry;ClayExtraction;ControlledFire;HerbalKnowledge;KnowledgeSharing;Quarry"
1305,Animal,1.15,60,1.2,0,144,40,104,0.278,80,500,"","Clay=139834.34;PlantFiber=136430.66;WoodLog=73183.88","ClayPit=2;Farm=2;FiberGatheringCamp=2;HealerHut=6;Pasture=2;WoodHouse=12","Agriculture;AnimalHusbandry;ClayExtraction;ControlledFire;HerbalKnowledge;KnowledgeSharing;Quarry"
1306,Animal,1.15,60,1.2,0,144,40,104,0.278,80,500,"","Clay=139943.06;PlantFiber=136539.38;WoodLog=73243.88","ClayPit=2;Farm=2;FiberGatheringCamp=2;HealerHut=6;Pasture=2;WoodHouse=12","Agriculture;AnimalHusbandry;ClayExtraction;ControlledFire;HerbalKnowledge;KnowledgeSharing;Quarry"
1307,Animal,1.15,60,1.2,0,144,40,104,0.278,80,500,"","Clay=140051.78;PlantFiber=136648.1;WoodLog=73303.88","ClayPit=2;Farm=2;FiberGatheringCamp=2;HealerHut=6;Pasture=2;WoodHouse=12","Agriculture;AnimalHusbandry;ClayExtraction;ControlledFire;HerbalKnowledge;KnowledgeSharing;Quarry"
1308,Animal,1.15,60,1.2,0,144,40,104,0.278,80,500,"","Clay=140160.5;PlantFiber=136756.82;WoodLog=73363.88","ClayPit=2;Farm=2;FiberGatheringCamp=2;HealerHut=6;Pasture=2;WoodHouse=12","Agriculture;AnimalHusbandry;ClayExtraction;ControlledFire;HerbalKnowledge;KnowledgeSharing;Quarry"
1309,Animal,1.15,60,1.2,0,144,40,104,0.278,80,500,"","Clay=140269.22;PlantFiber=136865.54;WoodLog=73423.88","ClayPit=2;Farm=2;FiberGatheringCamp=2;HealerHut=6;Pasture=2;WoodHouse=12","Agriculture;AnimalHusbandry;ClayExtraction;ControlledFire;HerbalKnowledge;KnowledgeSharing;Quarry"
1310,Animal,1.15,60,1.2,0,144,40,104,0.278,80,500,"","Clay=140377.94;PlantFiber=136974.26;WoodLog=73483.88","ClayPit=2;Farm=2;FiberGatheringCamp=2;HealerHut=6;Pasture=2;WoodHouse=12","Agriculture;AnimalHusbandry;ClayExtraction;ControlledFire;HerbalKnowledge;KnowledgeSharing;Quarry"
1311,Animal,1.15,60,1.2,0,144,40,104,0.278,80,500,"","Clay=140486.66;PlantFiber=137082.98;WoodLog=73543.88","ClayPit=2;Farm=2;FiberGatheringCamp=2;HealerHut=6;Pasture=2;WoodHouse=12","Agriculture;AnimalHusbandry;ClayExtraction;ControlledFire;HerbalKnowledge;KnowledgeSharing;Quarry"
1312,Animal,1.15,60,1.2,0,144,40,104,0.278,80,500,"","Clay=140595.38;PlantFiber=137191.7;WoodLog=73603.88","ClayPit=2;Farm=2;FiberGatheringCamp=2;HealerHut=6;Pasture=2;WoodHouse=12","Agriculture;AnimalHusbandry;ClayExtraction;ControlledFire;HerbalKnowledge;KnowledgeSharing;Quarry"
1313,Animal,1.15,60,1.2,0,144,40,104,0.278,80,500,"","Clay=140704.1;PlantFiber=137300.42;WoodLog=73663.88","ClayPit=2;Farm=2;FiberGatheringCamp=2;HealerHut=6;Pasture=2;WoodHouse=12","Agriculture;AnimalHusbandry;ClayExtraction;ControlledFire;HerbalKnowledge;KnowledgeSharing;Quarry"
1314,Animal,1.15,60,1.2,0,144,40,104,0.278,80,500,"","Clay=140812.82;PlantFiber=137409.14;WoodLog=73723.88","ClayPit=2;Farm=2;FiberGatheringCamp=2;HealerHut=6;Pasture=2;WoodHouse=12","Agriculture;AnimalHusbandry;ClayExtraction;ControlledFire;HerbalKnowledge;KnowledgeSharing;Quarry"
1315,Animal,1.15,60,1.2,0,144,40,104,0.278,80,500,"","Clay=140921.54;PlantFiber=137517.86;WoodLog=73783.88","ClayPit=2;Farm=2;FiberGatheringCamp=2;HealerHut=6;Pasture=2;WoodHouse=12","Agriculture;AnimalHusbandry;ClayExtraction;ControlledFire;HerbalKnowledge;KnowledgeSharing;Quarry"
1316,Animal,1.15,60,1.2,0,144,40,104,0.278,80,500,"","Clay=141030.26;PlantFiber=137626.58;WoodLog=73843.88","ClayPit=2;Farm=2;FiberGatheringCamp=2;HealerHut=6;Pasture=2;WoodHouse=12","Agriculture;AnimalHusbandry;ClayExtraction;ControlledFire;HerbalKnowledge;KnowledgeSharing;Quarry"
1317,Animal,1.15,60,1.2,0,144,40,104,0.278,80,500,"","Clay=141138.98;PlantFiber=137735.3;WoodLog=73903.88","ClayPit=2;Farm=2;FiberGatheringCamp=2;HealerHut=6;Pasture=2;WoodHouse=12","Agriculture;AnimalHusbandry;ClayExtraction;ControlledFire;HerbalKnowledge;KnowledgeSharing;Quarry"
1318,Animal,1.15,60,1.2,0,144,40,104,0.278,80,500,"","Clay=141247.7;PlantFiber=137844.02;WoodLog=73963.88","ClayPit=2;Farm=2;FiberGatheringCamp=2;HealerHut=6;Pasture=2;WoodHouse=12","Agriculture;AnimalHusbandry;ClayExtraction;ControlledFire;HerbalKnowledge;KnowledgeSharing;Quarry"
1319,Animal,1.15,60,1.2,0,144,40,104,0.278,80,500,"","Clay=141356.42;PlantFiber=137952.74;WoodLog=74023.88","ClayPit=2;Farm=2;FiberGatheringCamp=2;HealerHut=6;Pasture=2;WoodHouse=12","Agriculture;AnimalHusbandry;ClayExtraction;ControlledFire;HerbalKnowledge;KnowledgeSharing;Quarry"
1320,Animal,1.15,60,1.2,0,144,40,104,0.278,80,500,"","Clay=141465.14;PlantFiber=138061.46;WoodLog=74083.88","ClayPit=2;Farm=2;FiberGatheringCamp=2;HealerHut=6;Pasture=2;WoodHouse=12","Agriculture;AnimalHusbandry;ClayExtraction;ControlledFire;HerbalKnowledge;KnowledgeSharing;Quarry"
1321,Animal,1.15,60,1.2,0,144,40,104,0.278,80,500,"","Clay=141573.86;PlantFiber=138170.18;WoodLog=74143.88","ClayPit=2;Farm=2;FiberGatheringCamp=2;HealerHut=6;Pasture=2;WoodHouse=12","Agriculture;AnimalHusbandry;ClayExtraction;ControlledFire;HerbalKnowledge;KnowledgeSharing;Quarry"
1322,Animal,1.15,60,1.2,0,144,40,104,0.278,80,500,"","Clay=141682.58;PlantFiber=138278.9;WoodLog=74203.88","ClayPit=2;Farm=2;FiberGatheringCamp=2;HealerHut=6;Pasture=2;WoodHouse=12","Agriculture;AnimalHusbandry;ClayExtraction;ControlledFire;HerbalKnowledge;KnowledgeSharing;Quarry"
1323,Animal,1.15,60,1.2,0,144,40,104,0.278,80,500,"","Clay=141791.3;PlantFiber=138387.62;WoodLog=74263.88","ClayPit=2;Farm=2;FiberGatheringCamp=2;HealerHut=6;Pasture=2;WoodHouse=12","Agriculture;AnimalHusbandry;ClayExtraction;ControlledFire;HerbalKnowledge;KnowledgeSharing;Quarry"
1324,Animal,1.15,60,1.2,0,144,40,104,0.278,80,500,"","Clay=141900.02;PlantFiber=138496.34;WoodLog=74323.88","ClayPit=2;Farm=2;FiberGatheringCamp=2;HealerHut=6;Pasture=2;WoodHouse=12","Agriculture;AnimalHusbandry;ClayExtraction;ControlledFire;HerbalKnowledge;KnowledgeSharing;Quarry"
1325,Animal,1.15,60,1.2,0,144,40,104,0.278,80,500,"","Clay=142008.74;PlantFiber=138605.06;WoodLog=74383.88","ClayPit=2;Farm=2;FiberGatheringCamp=2;HealerHut=6;Pasture=2;WoodHouse=12","Agriculture;AnimalHusbandry;ClayExtraction;ControlledFire;HerbalKnowledge;KnowledgeSharing;Quarry"
1326,Animal,1.15,60,1.2,0,144,40,104,0.278,80,500,"","Clay=142117.46;PlantFiber=138713.78;WoodLog=74443.88","ClayPit=2;Farm=2;FiberGatheringCamp=2;HealerHut=6;Pasture=2;WoodHouse=12","Agriculture;AnimalHusbandry;ClayExtraction;ControlledFire;HerbalKnowledge;KnowledgeSharing;Quarry"
1327,Animal,1.15,60,1.2,0,144,40,104,0.278,80,500,"","Clay=142226.18;PlantFiber=138822.5;WoodLog=74503.88","ClayPit=2;Farm=2;FiberGatheringCamp=2;HealerHut=6;Pasture=2;WoodHouse=12","Agriculture;AnimalHusbandry;ClayExtraction;ControlledFire;HerbalKnowledge;KnowledgeSharing;Quarry"
1328,Animal,1.15,60,1.2,0,144,40,104,0.278,80,500,"","Clay=142334.9;PlantFiber=138931.22;WoodLog=74563.88","ClayPit=2;Farm=2;FiberGatheringCamp=2;HealerHut=6;Pasture=2;WoodHouse=12","Agriculture;AnimalHusbandry;ClayExtraction;ControlledFire;HerbalKnowledge;KnowledgeSharing;Quarry"
1329,Animal,1.15,60,1.2,0,144,40,104,0.278,80,500,"","Clay=142443.62;PlantFiber=139039.94;WoodLog=74623.88","ClayPit=2;Farm=2;FiberGatheringCamp=2;HealerHut=6;Pasture=2;WoodHouse=12","Agriculture;AnimalHusbandry;ClayExtraction;ControlledFire;HerbalKnowledge;KnowledgeSharing;Quarry"
1330,Animal,1.15,60,1.2,0,144,40,104,0.278,80,500,"","Clay=142552.34;PlantFiber=139148.66;WoodLog=74683.88","ClayPit=2;Farm=2;FiberGatheringCamp=2;HealerHut=6;Pasture=2;WoodHouse=12","Agriculture;AnimalHusbandry;ClayExtraction;ControlledFire;HerbalKnowledge;KnowledgeSharing;Quarry"
1331,Animal,1.15,60,1.2,0,144,40,104,0.278,80,500,"","Clay=142661.06;PlantFiber=139257.38;WoodLog=74743.88","ClayPit=2;Farm=2;FiberGatheringCamp=2;HealerHut=6;Pasture=2;WoodHouse=12","Agriculture;AnimalHusbandry;ClayExtraction;ControlledFire;HerbalKnowledge;KnowledgeSharing;Quarry"
1332,Animal,1.15,60,1.2,0,144,40,104,0.278,80,500,"","Clay=142769.78;PlantFiber=139366.1;WoodLog=74803.88","ClayPit=2;Farm=2;FiberGatheringCamp=2;HealerHut=6;Pasture=2;WoodHouse=12","Agriculture;AnimalHusbandry;ClayExtraction;ControlledFire;HerbalKnowledge;KnowledgeSharing;Quarry"
1333,Animal,1.15,60,1.2,0,144,40,104,0.278,80,500,"","Clay=142878.5;PlantFiber=139474.82;WoodLog=74863.88","ClayPit=2;Farm=2;FiberGatheringCamp=2;HealerHut=6;Pasture=2;WoodHouse=12","Agriculture;AnimalHusbandry;ClayExtraction;ControlledFire;HerbalKnowledge;KnowledgeSharing;Quarry"
1334,Animal,1.15,60,1.2,0,144,40,104,0.278,80,500,"","Clay=142987.22;PlantFiber=139583.54;WoodLog=74923.88","ClayPit=2;Farm=2;FiberGatheringCamp=2;HealerHut=6;Pasture=2;WoodHouse=12","Agriculture;AnimalHusbandry;ClayExtraction;ControlledFire;HerbalKnowledge;KnowledgeSharing;Quarry"
1335,Animal,1.15,60,1.2,0,144,40,104,0.278,80,500,"","Clay=143095.94;PlantFiber=139692.26;WoodLog=74983.88","ClayPit=2;Farm=2;FiberGatheringCamp=2;HealerHut=6;Pasture=2;WoodHouse=12","Agriculture;AnimalHusbandry;ClayExtraction;ControlledFire;HerbalKnowledge;KnowledgeSharing;Quarry"
1336,Animal,1.15,60,1.2,0,144,40,104,0.278,80,500,"","Clay=143204.66;PlantFiber=139800.98;WoodLog=75043.88","ClayPit=2;Farm=2;FiberGatheringCamp=2;HealerHut=6;Pasture=2;WoodHouse=12","Agriculture;AnimalHusbandry;ClayExtraction;ControlledFire;HerbalKnowledge;KnowledgeSharing;Quarry"
1337,Animal,1.15,60,1.2,0,144,40,104,0.278,80,500,"","Clay=143313.38;PlantFiber=139909.7;WoodLog=75103.88","ClayPit=2;Farm=2;FiberGatheringCamp=2;HealerHut=6;Pasture=2;WoodHouse=12","Agriculture;AnimalHusbandry;ClayExtraction;ControlledFire;HerbalKnowledge;KnowledgeSharing;Quarry"
1338,Animal,1.15,60,1.2,0,144,40,104,0.278,80,500,"","Clay=143422.1;PlantFiber=140018.42;WoodLog=75163.88","ClayPit=2;Farm=2;FiberGatheringCamp=2;HealerHut=6;Pasture=2;WoodHouse=12","Agriculture;AnimalHusbandry;ClayExtraction;ControlledFire;HerbalKnowledge;KnowledgeSharing;Quarry"
1339,Animal,1.15,60,1.2,0,144,40,104,0.278,80,500,"","Clay=143530.82;PlantFiber=140127.14;WoodLog=75223.88","ClayPit=2;Farm=2;FiberGatheringCamp=2;HealerHut=6;Pasture=2;WoodHouse=12","Agriculture;AnimalHusbandry;ClayExtraction;ControlledFire;HerbalKnowledge;KnowledgeSharing;Quarry"
1340,Animal,1.15,60,1.2,0,144,40,104,0.278,80,500,"","Clay=143639.54;PlantFiber=140235.86;WoodLog=75283.88","ClayPit=2;Farm=2;FiberGatheringCamp=2;HealerHut=6;Pasture=2;WoodHouse=12","Agriculture;AnimalHusbandry;ClayExtraction;ControlledFire;HerbalKnowledge;KnowledgeSharing;Quarry"
1341,Animal,1.15,60,1.2,0,144,40,104,0.278,80,500,"","Clay=143748.26;PlantFiber=140344.58;WoodLog=75343.88","ClayPit=2;Farm=2;FiberGatheringCamp=2;HealerHut=6;Pasture=2;WoodHouse=12","Agriculture;AnimalHusbandry;ClayExtraction;ControlledFire;HerbalKnowledge;KnowledgeSharing;Quarry"
1342,Animal,1.15,60,1.2,0,144,40,104,0.278,80,500,"","Clay=143856.98;PlantFiber=140453.3;WoodLog=75403.88","ClayPit=2;Farm=2;FiberGatheringCamp=2;HealerHut=6;Pasture=2;WoodHouse=12","Agriculture;AnimalHusbandry;ClayExtraction;ControlledFire;HerbalKnowledge;KnowledgeSharing;Quarry"
1343,Animal,1.15,60,1.2,0,144,40,104,0.278,80,500,"","Clay=143965.7;PlantFiber=140562.02;WoodLog=75463.88","ClayPit=2;Farm=2;FiberGatheringCamp=2;HealerHut=6;Pasture=2;WoodHouse=12","Agriculture;AnimalHusbandry;ClayExtraction;ControlledFire;HerbalKnowledge;KnowledgeSharing;Quarry"
1344,Animal,1.15,60,1.2,0,144,40,104,0.278,80,500,"","Clay=144074.42;PlantFiber=140670.74;WoodLog=75523.88","ClayPit=2;Farm=2;FiberGatheringCamp=2;HealerHut=6;Pasture=2;WoodHouse=12","Agriculture;AnimalHusbandry;ClayExtraction;ControlledFire;HerbalKnowledge;KnowledgeSharing;Quarry"
1345,Animal,1.15,60,1.2,0,144,40,104,0.278,80,500,"","Clay=144183.14;PlantFiber=140779.46;WoodLog=75583.88","ClayPit=2;Farm=2;FiberGatheringCamp=2;HealerHut=6;Pasture=2;WoodHouse=12","Agriculture;AnimalHusbandry;ClayExtraction;ControlledFire;HerbalKnowledge;KnowledgeSharing;Quarry"
1346,Animal,1.15,60,1.2,0,144,40,104,0.278,80,500,"","Clay=144291.86;PlantFiber=140888.18;WoodLog=75643.88","ClayPit=2;Farm=2;FiberGatheringCamp=2;HealerHut=6;Pasture=2;WoodHouse=12","Agriculture;AnimalHusbandry;ClayExtraction;ControlledFire;HerbalKnowledge;KnowledgeSharing;Quarry"
1347,Animal,1.15,60,1.2,0,144,40,104,0.278,80,500,"","Clay=144400.58;PlantFiber=140996.9;WoodLog=75703.88","ClayPit=2;Farm=2;FiberGatheringCamp=2;HealerHut=6;Pasture=2;WoodHouse=12","Agriculture;AnimalHusbandry;ClayExtraction;ControlledFire;HerbalKnowledge;KnowledgeSharing;Quarry"
1348,Animal,1.15,60,1.2,0,144,40,104,0.278,80,500,"","Clay=144509.3;PlantFiber=141105.62;WoodLog=75763.88","ClayPit=2;Farm=2;FiberGatheringCamp=2;HealerHut=6;Pasture=2;WoodHouse=12","Agriculture;AnimalHusbandry;ClayExtraction;ControlledFire;HerbalKnowledge;KnowledgeSharing;Quarry"
1349,Animal,1.15,60,1.2,0,144,40,104,0.278,80,500,"","Clay=144618.02;PlantFiber=141214.34;WoodLog=75823.88","ClayPit=2;Farm=2;FiberGatheringCamp=2;HealerHut=6;Pasture=2;WoodHouse=12","Agriculture;AnimalHusbandry;ClayExtraction;ControlledFire;HerbalKnowledge;KnowledgeSharing;Quarry"
1350,Animal,1.15,60,1.2,0,144,40,104,0.278,80,500,"","Clay=144726.74;PlantFiber=141323.06;WoodLog=75883.88","ClayPit=2;Farm=2;FiberGatheringCamp=2;HealerHut=6;Pasture=2;WoodHouse=12","Agriculture;AnimalHusbandry;ClayExtraction;ControlledFire;HerbalKnowledge;KnowledgeSharing;Quarry"
1351,Animal,1.15,60,1.2,0,144,40,104,0.278,80,500,"","Clay=144835.46;PlantFiber=141431.78;WoodLog=75943.88","ClayPit=2;Farm=2;FiberGatheringCamp=2;HealerHut=6;Pasture=2;WoodHouse=12","Agriculture;AnimalHusbandry;ClayExtraction;ControlledFire;HerbalKnowledge;KnowledgeSharing;Quarry"
1352,Animal,1.15,60,1.2,0,144,40,104,0.278,80,500,"","Clay=144944.18;PlantFiber=141540.5;WoodLog=76003.88","ClayPit=2;Farm=2;FiberGatheringCamp=2;HealerHut=6;Pasture=2;WoodHouse=12","Agriculture;AnimalHusbandry;ClayExtraction;ControlledFire;HerbalKnowledge;KnowledgeSharing;Quarry"
1353,Animal,1.15,60,1.2,0,144,40,104,0.278,80,500,"","Clay=145052.9;PlantFiber=141649.22;WoodLog=76063.88","ClayPit=2;Farm=2;FiberGatheringCamp=2;HealerHut=6;Pasture=2;WoodHouse=12","Agriculture;AnimalHusbandry;ClayExtraction;ControlledFire;HerbalKnowledge;KnowledgeSharing;Quarry"
1354,Animal,1.15,60,1.2,0,144,40,104,0.278,80,500,"","Clay=145161.62;PlantFiber=141757.94;WoodLog=76123.88","ClayPit=2;Farm=2;FiberGatheringCamp=2;HealerHut=6;Pasture=2;WoodHouse=12","Agriculture;AnimalHusbandry;ClayExtraction;ControlledFire;HerbalKnowledge;KnowledgeSharing;Quarry"
1355,Animal,1.15,60,1.2,0,144,40,104,0.278,80,500,"","Clay=145270.34;PlantFiber=141866.66;WoodLog=76183.88","ClayPit=2;Farm=2;FiberGatheringCamp=2;HealerHut=6;Pasture=2;WoodHouse=12","Agriculture;AnimalHusbandry;ClayExtraction;ControlledFire;HerbalKnowledge;KnowledgeSharing;Quarry"
1356,Animal,1.15,60,1.2,0,144,40,104,0.278,80,500,"","Clay=145379.06;PlantFiber=141975.38;WoodLog=76243.88","ClayPit=2;Farm=2;FiberGatheringCamp=2;HealerHut=6;Pasture=2;WoodHouse=12","Agriculture;AnimalHusbandry;ClayExtraction;ControlledFire;HerbalKnowledge;KnowledgeSharing;Quarry"
1357,Animal,1.15,60,1.2,0,144,40,104,0.278,80,500,"","Clay=145487.78;PlantFiber=142084.1;WoodLog=76303.88","ClayPit=2;Farm=2;FiberGatheringCamp=2;HealerHut=6;Pasture=2;WoodHouse=12","Agriculture;AnimalHusbandry;ClayExtraction;ControlledFire;HerbalKnowledge;KnowledgeSharing;Quarry"
1358,Animal,1.15,60,1.2,0,144,40,104,0.278,80,500,"","Clay=145596.5;PlantFiber=142192.82;WoodLog=76363.88","ClayPit=2;Farm=2;FiberGatheringCamp=2;HealerHut=6;Pasture=2;WoodHouse=12","Agriculture;AnimalHusbandry;ClayExtraction;ControlledFire;HerbalKnowledge;KnowledgeSharing;Quarry"
1359,Animal,1.15,60,1.2,0,144,40,104,0.278,80,500,"","Clay=145705.22;PlantFiber=142301.54;WoodLog=76423.88","ClayPit=2;Farm=2;FiberGatheringCamp=2;HealerHut=6;Pasture=2;WoodHouse=12","Agriculture;AnimalHusbandry;ClayExtraction;ControlledFire;HerbalKnowledge;KnowledgeSharing;Quarry"
1360,Animal,1.15,60,1.2,0,144,40,104,0.278,80,500,"","Clay=145813.94;PlantFiber=142410.26;WoodLog=76483.88","ClayPit=2;Farm=2;FiberGatheringCamp=2;HealerHut=6;Pasture=2;WoodHouse=12","Agriculture;AnimalHusbandry;ClayExtraction;ControlledFire;HerbalKnowledge;KnowledgeSharing;Quarry"
1361,Animal,1.15,60,1.2,0,144,40,104,0.278,80,500,"","Clay=145922.66;PlantFiber=142518.98;WoodLog=76543.88","ClayPit=2;Farm=2;FiberGatheringCamp=2;HealerHut=6;Pasture=2;WoodHouse=12","Agriculture;AnimalHusbandry;ClayExtraction;ControlledFire;HerbalKnowledge;KnowledgeSharing;Quarry"
1362,Animal,1.15,60,1.2,0,144,40,104,0.278,80,500,"","Clay=146031.38;PlantFiber=142627.7;WoodLog=76603.88","ClayPit=2;Farm=2;FiberGatheringCamp=2;HealerHut=6;Pasture=2;WoodHouse=12","Agriculture;AnimalHusbandry;ClayExtraction;ControlledFire;HerbalKnowledge;KnowledgeSharing;Quarry"
1363,Animal,1.15,60,1.2,0,144,40,104,0.278,80,500,"","Clay=146140.1;PlantFiber=142736.42;WoodLog=76663.88","ClayPit=2;Farm=2;FiberGatheringCamp=2;HealerHut=6;Pasture=2;WoodHouse=12","Agriculture;AnimalHusbandry;ClayExtraction;ControlledFire;HerbalKnowledge;KnowledgeSharing;Quarry"
1364,Animal,1.15,60,1.2,0,144,40,104,0.278,80,500,"","Clay=146248.82;PlantFiber=142845.14;WoodLog=76723.88","ClayPit=2;Farm=2;FiberGatheringCamp=2;HealerHut=6;Pasture=2;WoodHouse=12","Agriculture;AnimalHusbandry;ClayExtraction;ControlledFire;HerbalKnowledge;KnowledgeSharing;Quarry"
1365,Animal,1.15,60,1.2,0,144,40,104,0.278,80,500,"","Clay=146357.54;PlantFiber=142953.86;WoodLog=76783.88","ClayPit=2;Farm=2;FiberGatheringCamp=2;HealerHut=6;Pasture=2;WoodHouse=12","Agriculture;AnimalHusbandry;ClayExtraction;ControlledFire;HerbalKnowledge;KnowledgeSharing;Quarry"
1366,Animal,1.15,60,1.2,0,144,40,104,0.278,80,500,"","Clay=146466.26;PlantFiber=143062.58;WoodLog=76843.88","ClayPit=2;Farm=2;FiberGatheringCamp=2;HealerHut=6;Pasture=2;WoodHouse=12","Agriculture;AnimalHusbandry;ClayExtraction;ControlledFire;HerbalKnowledge;KnowledgeSharing;Quarry"
1367,Animal,1.15,60,1.2,0,144,40,104,0.278,80,500,"","Clay=146574.98;PlantFiber=143171.3;WoodLog=76903.88","ClayPit=2;Farm=2;FiberGatheringCamp=2;HealerHut=6;Pasture=2;WoodHouse=12","Agriculture;AnimalHusbandry;ClayExtraction;ControlledFire;HerbalKnowledge;KnowledgeSharing;Quarry"
1368,Animal,1.15,60,1.2,0,144,40,104,0.278,80,500,"","Clay=146683.7;PlantFiber=143280.02;WoodLog=76963.88","ClayPit=2;Farm=2;FiberGatheringCamp=2;HealerHut=6;Pasture=2;WoodHouse=12","Agriculture;AnimalHusbandry;ClayExtraction;ControlledFire;HerbalKnowledge;KnowledgeSharing;Quarry"
1369,Animal,1.15,60,1.2,0,144,40,104,0.278,80,500,"","Clay=146792.42;PlantFiber=143388.74;WoodLog=77023.88","ClayPit=2;Farm=2;FiberGatheringCamp=2;HealerHut=6;Pasture=2;WoodHouse=12","Agriculture;AnimalHusbandry;ClayExtraction;ControlledFire;HerbalKnowledge;KnowledgeSharing;Quarry"
1370,Animal,1.15,60,1.2,0,144,40,104,0.278,80,500,"","Clay=146901.14;PlantFiber=143497.46;WoodLog=77083.88","ClayPit=2;Farm=2;FiberGatheringCamp=2;HealerHut=6;Pasture=2;WoodHouse=12","Agriculture;AnimalHusbandry;ClayExtraction;ControlledFire;HerbalKnowledge;KnowledgeSharing;Quarry"
1371,Animal,1.15,60,1.2,0,144,40,104,0.278,80,500,"","Clay=147009.86;PlantFiber=143606.18;WoodLog=77143.88","ClayPit=2;Farm=2;FiberGatheringCamp=2;HealerHut=6;Pasture=2;WoodHouse=12","Agriculture;AnimalHusbandry;ClayExtraction;ControlledFire;HerbalKnowledge;KnowledgeSharing;Quarry"
1372,Animal,1.15,60,1.2,0,144,40,104,0.278,80,500,"","Clay=147118.58;PlantFiber=143714.9;WoodLog=77203.88","ClayPit=2;Farm=2;FiberGatheringCamp=2;HealerHut=6;Pasture=2;WoodHouse=12","Agriculture;AnimalHusbandry;ClayExtraction;ControlledFire;HerbalKnowledge;KnowledgeSharing;Quarry"
1373,Animal,1.15,60,1.2,0,144,40,104,0.278,80,500,"","Clay=147227.3;PlantFiber=143823.62;WoodLog=77263.88","ClayPit=2;Farm=2;FiberGatheringCamp=2;HealerHut=6;Pasture=2;WoodHouse=12","Agriculture;AnimalHusbandry;ClayExtraction;ControlledFire;HerbalKnowledge;KnowledgeSharing;Quarry"
1374,Animal,1.15,60,1.2,0,144,40,104,0.278,80,500,"","Clay=147336.02;PlantFiber=143932.34;WoodLog=77323.88","ClayPit=2;Farm=2;FiberGatheringCamp=2;HealerHut=6;Pasture=2;WoodHouse=12","Agriculture;AnimalHusbandry;ClayExtraction;ControlledFire;HerbalKnowledge;KnowledgeSharing;Quarry"
1375,Animal,1.15,60,1.2,0,144,40,104,0.278,80,500,"","Clay=147444.74;PlantFiber=144041.06;WoodLog=77383.88","ClayPit=2;Farm=2;FiberGatheringCamp=2;HealerHut=6;Pasture=2;WoodHouse=12","Agriculture;AnimalHusbandry;ClayExtraction;ControlledFire;HerbalKnowledge;KnowledgeSharing;Quarry"
1376,Animal,1.15,60,1.2,0,144,40,104,0.278,80,500,"","Clay=147553.46;PlantFiber=144149.78;WoodLog=77443.88","ClayPit=2;Farm=2;FiberGatheringCamp=2;HealerHut=6;Pasture=2;WoodHouse=12","Agriculture;AnimalHusbandry;ClayExtraction;ControlledFire;HerbalKnowledge;KnowledgeSharing;Quarry"
1377,Animal,1.15,60,1.2,0,144,40,104,0.278,80,500,"","Clay=147662.18;PlantFiber=144258.5;WoodLog=77503.88","ClayPit=2;Farm=2;FiberGatheringCamp=2;HealerHut=6;Pasture=2;WoodHouse=12","Agriculture;AnimalHusbandry;ClayExtraction;ControlledFire;HerbalKnowledge;KnowledgeSharing;Quarry"
1378,Animal,1.15,60,1.2,0,144,40,104,0.278,80,500,"","Clay=147770.9;PlantFiber=144367.22;WoodLog=77563.88","ClayPit=2;Farm=2;FiberGatheringCamp=2;HealerHut=6;Pasture=2;WoodHouse=12","Agriculture;AnimalHusbandry;ClayExtraction;ControlledFire;HerbalKnowledge;KnowledgeSharing;Quarry"
1379,Animal,1.15,60,1.2,0,144,40,104,0.278,80,500,"","Clay=147879.62;PlantFiber=144475.94;WoodLog=77623.88","ClayPit=2;Farm=2;FiberGatheringCamp=2;HealerHut=6;Pasture=2;WoodHouse=12","Agriculture;AnimalHusbandry;ClayExtraction;ControlledFire;HerbalKnowledge;KnowledgeSharing;Quarry"
1380,Animal,1.15,60,1.2,0,144,40,104,0.278,80,500,"","Clay=147988.34;PlantFiber=144584.66;WoodLog=77683.88","ClayPit=2;Farm=2;FiberGatheringCamp=2;HealerHut=6;Pasture=2;WoodHouse=12","Agriculture;AnimalHusbandry;ClayExtraction;ControlledFire;HerbalKnowledge;KnowledgeSharing;Quarry"
1381,Animal,1.15,60,1.2,0,144,40,104,0.278,80,500,"","Clay=148097.06;PlantFiber=144693.38;WoodLog=77743.88","ClayPit=2;Farm=2;FiberGatheringCamp=2;HealerHut=6;Pasture=2;WoodHouse=12","Agriculture;AnimalHusbandry;ClayExtraction;ControlledFire;HerbalKnowledge;KnowledgeSharing;Quarry"
1382,Animal,1.15,60,1.2,0,144,40,104,0.278,80,500,"","Clay=148205.78;PlantFiber=144802.1;WoodLog=77803.88","ClayPit=2;Farm=2;FiberGatheringCamp=2;HealerHut=6;Pasture=2;WoodHouse=12","Agriculture;AnimalHusbandry;ClayExtraction;ControlledFire;HerbalKnowledge;KnowledgeSharing;Quarry"
1383,Animal,1.15,60,1.2,0,144,40,104,0.278,80,500,"","Clay=148314.5;PlantFiber=144910.82;WoodLog=77863.88","ClayPit=2;Farm=2;FiberGatheringCamp=2;HealerHut=6;Pasture=2;WoodHouse=12","Agriculture;AnimalHusbandry;ClayExtraction;ControlledFire;HerbalKnowledge;KnowledgeSharing;Quarry"
1384,Animal,1.15,60,1.2,0,144,40,104,0.278,80,500,"","Clay=148423.22;PlantFiber=145019.54;WoodLog=77923.88","ClayPit=2;Farm=2;FiberGatheringCamp=2;HealerHut=6;Pasture=2;WoodHouse=12","Agriculture;AnimalHusbandry;ClayExtraction;ControlledFire;HerbalKnowledge;KnowledgeSharing;Quarry"
1385,Animal,1.15,60,1.2,0,144,40,104,0.278,80,500,"","Clay=148531.94;PlantFiber=145128.26;WoodLog=77983.88","ClayPit=2;Farm=2;FiberGatheringCamp=2;HealerHut=6;Pasture=2;WoodHouse=12","Agriculture;AnimalHusbandry;ClayExtraction;ControlledFire;HerbalKnowledge;KnowledgeSharing;Quarry"
1386,Animal,1.15,60,1.2,0,144,40,104,0.278,80,500,"","Clay=148640.66;PlantFiber=145236.98;WoodLog=78043.88","ClayPit=2;Farm=2;FiberGatheringCamp=2;HealerHut=6;Pasture=2;WoodHouse=12","Agriculture;AnimalHusbandry;ClayExtraction;ControlledFire;HerbalKnowledge;KnowledgeSharing;Quarry"
1387,Animal,1.15,60,1.2,0,144,40,104,0.278,80,500,"","Clay=148749.38;PlantFiber=145345.7;WoodLog=78103.88","ClayPit=2;Farm=2;FiberGatheringCamp=2;HealerHut=6;Pasture=2;WoodHouse=12","Agriculture;AnimalHusbandry;ClayExtraction;ControlledFire;HerbalKnowledge;KnowledgeSharing;Quarry"
1388,Animal,1.15,60,1.2,0,144,40,104,0.278,80,500,"","Clay=148858.1;PlantFiber=145454.42;WoodLog=78163.88","ClayPit=2;Farm=2;FiberGatheringCamp=2;HealerHut=6;Pasture=2;WoodHouse=12","Agriculture;AnimalHusbandry;ClayExtraction;ControlledFire;HerbalKnowledge;KnowledgeSharing;Quarry"
1389,Animal,1.15,60,1.2,0,144,40,104,0.278,80,500,"","Clay=148966.82;PlantFiber=145563.14;WoodLog=78223.88","ClayPit=2;Farm=2;FiberGatheringCamp=2;HealerHut=6;Pasture=2;WoodHouse=12","Agriculture;AnimalHusbandry;ClayExtraction;ControlledFire;HerbalKnowledge;KnowledgeSharing;Quarry"
1390,Animal,1.15,60,1.2,0,144,40,104,0.278,80,500,"","Clay=149075.54;PlantFiber=145671.86;WoodLog=78283.88","ClayPit=2;Farm=2;FiberGatheringCamp=2;HealerHut=6;Pasture=2;WoodHouse=12","Agriculture;AnimalHusbandry;ClayExtraction;ControlledFire;HerbalKnowledge;KnowledgeSharing;Quarry"
1391,Animal,1.15,60,1.2,0,144,40,104,0.278,80,500,"","Clay=149184.26;PlantFiber=145780.58;WoodLog=78343.88","ClayPit=2;Farm=2;FiberGatheringCamp=2;HealerHut=6;Pasture=2;WoodHouse=12","Agriculture;AnimalHusbandry;ClayExtraction;ControlledFire;HerbalKnowledge;KnowledgeSharing;Quarry"
1392,Animal,1.15,60,1.2,0,144,40,104,0.278,80,500,"","Clay=149292.98;PlantFiber=145889.3;WoodLog=78403.88","ClayPit=2;Farm=2;FiberGatheringCamp=2;HealerHut=6;Pasture=2;WoodHouse=12","Agriculture;AnimalHusbandry;ClayExtraction;ControlledFire;HerbalKnowledge;KnowledgeSharing;Quarry"
1393,Animal,1.15,60,1.2,0,144,40,104,0.278,80,500,"","Clay=149401.7;PlantFiber=145998.02;WoodLog=78463.88","ClayPit=2;Farm=2;FiberGatheringCamp=2;HealerHut=6;Pasture=2;WoodHouse=12","Agriculture;AnimalHusbandry;ClayExtraction;ControlledFire;HerbalKnowledge;KnowledgeSharing;Quarry"
1394,Animal,1.15,60,1.2,0,144,40,104,0.278,80,500,"","Clay=149510.42;PlantFiber=146106.74;WoodLog=78523.88","ClayPit=2;Farm=2;FiberGatheringCamp=2;HealerHut=6;Pasture=2;WoodHouse=12","Agriculture;AnimalHusbandry;ClayExtraction;ControlledFire;HerbalKnowledge;KnowledgeSharing;Quarry"
1395,Animal,1.15,60,1.2,0,144,40,104,0.278,80,500,"","Clay=149619.14;PlantFiber=146215.46;WoodLog=78583.88","ClayPit=2;Farm=2;FiberGatheringCamp=2;HealerHut=6;Pasture=2;WoodHouse=12","Agriculture;AnimalHusbandry;ClayExtraction;ControlledFire;HerbalKnowledge;KnowledgeSharing;Quarry"
1396,Animal,1.15,60,1.2,0,144,40,104,0.278,80,500,"","Clay=149727.86;PlantFiber=146324.18;WoodLog=78643.88","ClayPit=2;Farm=2;FiberGatheringCamp=2;HealerHut=6;Pasture=2;WoodHouse=12","Agriculture;AnimalHusbandry;ClayExtraction;ControlledFire;HerbalKnowledge;KnowledgeSharing;Quarry"
1397,Animal,1.15,60,1.2,0,144,40,104,0.278,80,500,"","Clay=149836.58;PlantFiber=146432.9;WoodLog=78703.88","ClayPit=2;Farm=2;FiberGatheringCamp=2;HealerHut=6;Pasture=2;WoodHouse=12","Agriculture;AnimalHusbandry;ClayExtraction;ControlledFire;HerbalKnowledge;KnowledgeSharing;Quarry"
1398,Animal,1.15,60,1.2,0,144,40,104,0.278,80,500,"","Clay=149945.3;PlantFiber=146541.62;WoodLog=78763.88","ClayPit=2;Farm=2;FiberGatheringCamp=2;HealerHut=6;Pasture=2;WoodHouse=12","Agriculture;AnimalHusbandry;ClayExtraction;ControlledFire;HerbalKnowledge;KnowledgeSharing;Quarry"
1399,Animal,1.15,60,1.2,0,144,40,104,0.278,80,500,"","Clay=150054.02;PlantFiber=146650.34;WoodLog=78823.88","ClayPit=2;Farm=2;FiberGatheringCamp=2;HealerHut=6;Pasture=2;WoodHouse=12","Agriculture;AnimalHusbandry;ClayExtraction;ControlledFire;HerbalKnowledge;KnowledgeSharing;Quarry"
1400,Animal,1.15,60,1.2,0,144,40,104,0.278,80,500,"","Clay=150162.74;PlantFiber=146759.06;WoodLog=78883.88","ClayPit=2;Farm=2;FiberGatheringCamp=2;HealerHut=6;Pasture=2;WoodHouse=12","Agriculture;AnimalHusbandry;ClayExtraction;ControlledFire;HerbalKnowledge;KnowledgeSharing;Quarry"
1401,Animal,1.15,60,1.2,0,144,40,104,0.278,80,500,"","Clay=150271.46;PlantFiber=146867.78;WoodLog=78943.88","ClayPit=2;Farm=2;FiberGatheringCamp=2;HealerHut=6;Pasture=2;WoodHouse=12","Agriculture;AnimalHusbandry;ClayExtraction;ControlledFire;HerbalKnowledge;KnowledgeSharing;Quarry"
1402,Animal,1.15,60,1.2,0,144,40,104,0.278,80,500,"","Clay=150380.18;PlantFiber=146976.5;WoodLog=79003.88","ClayPit=2;Farm=2;FiberGatheringCamp=2;HealerHut=6;Pasture=2;WoodHouse=12","Agriculture;AnimalHusbandry;ClayExtraction;ControlledFire;HerbalKnowledge;KnowledgeSharing;Quarry"
1403,Animal,1.15,60,1.2,0,144,40,104,0.278,80,500,"","Clay=150488.9;PlantFiber=147085.22;WoodLog=79063.88","ClayPit=2;Farm=2;FiberGatheringCamp=2;HealerHut=6;Pasture=2;WoodHouse=12","Agriculture;AnimalHusbandry;ClayExtraction;ControlledFire;HerbalKnowledge;KnowledgeSharing;Quarry"
1404,Animal,1.15,60,1.2,0,144,40,104,0.278,80,500,"","Clay=150597.62;PlantFiber=147193.94;WoodLog=79123.88","ClayPit=2;Farm=2;FiberGatheringCamp=2;HealerHut=6;Pasture=2;WoodHouse=12","Agriculture;AnimalHusbandry;ClayExtraction;ControlledFire;HerbalKnowledge;KnowledgeSharing;Quarry"
1405,Animal,1.15,60,1.2,0,144,40,104,0.278,80,500,"","Clay=150706.34;PlantFiber=147302.66;WoodLog=79183.88","ClayPit=2;Farm=2;FiberGatheringCamp=2;HealerHut=6;Pasture=2;WoodHouse=12","Agriculture;AnimalHusbandry;ClayExtraction;ControlledFire;HerbalKnowledge;KnowledgeSharing;Quarry"
1406,Animal,1.15,60,1.2,0,144,40,104,0.278,80,500,"","Clay=150815.06;PlantFiber=147411.38;WoodLog=79243.88","ClayPit=2;Farm=2;FiberGatheringCamp=2;HealerHut=6;Pasture=2;WoodHouse=12","Agriculture;AnimalHusbandry;ClayExtraction;ControlledFire;HerbalKnowledge;KnowledgeSharing;Quarry"
1407,Animal,1.15,60,1.2,0,144,40,104,0.278,80,500,"","Clay=150923.78;PlantFiber=147520.1;WoodLog=79303.88","ClayPit=2;Farm=2;FiberGatheringCamp=2;HealerHut=6;Pasture=2;WoodHouse=12","Agriculture;AnimalHusbandry;ClayExtraction;ControlledFire;HerbalKnowledge;KnowledgeSharing;Quarry"
1408,Animal,1.15,60,1.2,0,144,40,104,0.278,80,500,"","Clay=151032.5;PlantFiber=147628.82;WoodLog=79363.88","ClayPit=2;Farm=2;FiberGatheringCamp=2;HealerHut=6;Pasture=2;WoodHouse=12","Agriculture;AnimalHusbandry;ClayExtraction;ControlledFire;HerbalKnowledge;KnowledgeSharing;Quarry"
1409,Animal,1.15,60,1.2,0,144,40,104,0.278,80,500,"","Clay=151141.22;PlantFiber=147737.54;WoodLog=79423.88","ClayPit=2;Farm=2;FiberGatheringCamp=2;HealerHut=6;Pasture=2;WoodHouse=12","Agriculture;AnimalHusbandry;ClayExtraction;ControlledFire;HerbalKnowledge;KnowledgeSharing;Quarry"
1410,Animal,1.15,60,1.2,0,144,40,104,0.278,80,500,"","Clay=151249.94;PlantFiber=147846.26;WoodLog=79483.88","ClayPit=2;Farm=2;FiberGatheringCamp=2;HealerHut=6;Pasture=2;WoodHouse=12","Agriculture;AnimalHusbandry;ClayExtraction;ControlledFire;HerbalKnowledge;KnowledgeSharing;Quarry"
1411,Animal,1.15,60,1.2,0,144,40,104,0.278,80,500,"","Clay=151358.66;PlantFiber=147954.98;WoodLog=79543.88","ClayPit=2;Farm=2;FiberGatheringCamp=2;HealerHut=6;Pasture=2;WoodHouse=12","Agriculture;AnimalHusbandry;ClayExtraction;ControlledFire;HerbalKnowledge;KnowledgeSharing;Quarry"
1412,Animal,1.15,60,1.2,0,144,40,104,0.278,80,500,"","Clay=151467.38;PlantFiber=148063.7;WoodLog=79603.88","ClayPit=2;Farm=2;FiberGatheringCamp=2;HealerHut=6;Pasture=2;WoodHouse=12","Agriculture;AnimalHusbandry;ClayExtraction;ControlledFire;HerbalKnowledge;KnowledgeSharing;Quarry"
1413,Animal,1.15,60,1.2,0,144,40,104,0.278,80,500,"","Clay=151576.1;PlantFiber=148172.42;WoodLog=79663.88","ClayPit=2;Farm=2;FiberGatheringCamp=2;HealerHut=6;Pasture=2;WoodHouse=12","Agriculture;AnimalHusbandry;ClayExtraction;ControlledFire;HerbalKnowledge;KnowledgeSharing;Quarry"
1414,Animal,1.15,60,1.2,0,144,40,104,0.278,80,500,"","Clay=151684.82;PlantFiber=148281.14;WoodLog=79723.88","ClayPit=2;Farm=2;FiberGatheringCamp=2;HealerHut=6;Pasture=2;WoodHouse=12","Agriculture;AnimalHusbandry;ClayExtraction;ControlledFire;HerbalKnowledge;KnowledgeSharing;Quarry"
1415,Animal,1.15,60,1.2,0,144,40,104,0.278,80,500,"","Clay=151793.54;PlantFiber=148389.86;WoodLog=79783.88","ClayPit=2;Farm=2;FiberGatheringCamp=2;HealerHut=6;Pasture=2;WoodHouse=12","Agriculture;AnimalHusbandry;ClayExtraction;ControlledFire;HerbalKnowledge;KnowledgeSharing;Quarry"
1416,Animal,1.15,60,1.2,0,144,40,104,0.278,80,500,"","Clay=151902.26;PlantFiber=148498.58;WoodLog=79843.88","ClayPit=2;Farm=2;FiberGatheringCamp=2;HealerHut=6;Pasture=2;WoodHouse=12","Agriculture;AnimalHusbandry;ClayExtraction;ControlledFire;HerbalKnowledge;KnowledgeSharing;Quarry"
1417,Animal,1.15,60,1.2,0,144,40,104,0.278,80,500,"","Clay=152010.98;PlantFiber=148607.3;WoodLog=79903.88","ClayPit=2;Farm=2;FiberGatheringCamp=2;HealerHut=6;Pasture=2;WoodHouse=12","Agriculture;AnimalHusbandry;ClayExtraction;ControlledFire;HerbalKnowledge;KnowledgeSharing;Quarry"
1418,Animal,1.15,60,1.2,0,144,40,104,0.278,80,500,"","Clay=152119.7;PlantFiber=148716.02;WoodLog=79963.88","ClayPit=2;Farm=2;FiberGatheringCamp=2;HealerHut=6;Pasture=2;WoodHouse=12","Agriculture;AnimalHusbandry;ClayExtraction;ControlledFire;HerbalKnowledge;KnowledgeSharing;Quarry"
1419,Animal,1.15,60,1.2,0,144,40,104,0.278,80,500,"","Clay=152228.42;PlantFiber=148824.74;WoodLog=80023.88","ClayPit=2;Farm=2;FiberGatheringCamp=2;HealerHut=6;Pasture=2;WoodHouse=12","Agriculture;AnimalHusbandry;ClayExtraction;ControlledFire;HerbalKnowledge;KnowledgeSharing;Quarry"
1420,Animal,1.15,60,1.2,0,144,40,104,0.278,80,500,"","Clay=152337.14;PlantFiber=148933.46;WoodLog=80083.88","ClayPit=2;Farm=2;FiberGatheringCamp=2;HealerHut=6;Pasture=2;WoodHouse=12","Agriculture;AnimalHusbandry;ClayExtraction;ControlledFire;HerbalKnowledge;KnowledgeSharing;Quarry"
1421,Animal,1.15,60,1.2,0,144,40,104,0.278,80,500,"","Clay=152445.86;PlantFiber=149042.18;WoodLog=80143.88","ClayPit=2;Farm=2;FiberGatheringCamp=2;HealerHut=6;Pasture=2;WoodHouse=12","Agriculture;AnimalHusbandry;ClayExtraction;ControlledFire;HerbalKnowledge;KnowledgeSharing;Quarry"
1422,Animal,1.15,60,1.2,0,144,40,104,0.278,80,500,"","Clay=152554.58;PlantFiber=149150.9;WoodLog=80203.88","ClayPit=2;Farm=2;FiberGatheringCamp=2;HealerHut=6;Pasture=2;WoodHouse=12","Agriculture;AnimalHusbandry;ClayExtraction;ControlledFire;HerbalKnowledge;KnowledgeSharing;Quarry"
1423,Animal,1.15,60,1.2,0,144,40,104,0.278,80,500,"","Clay=152663.3;PlantFiber=149259.62;WoodLog=80263.88","ClayPit=2;Farm=2;FiberGatheringCamp=2;HealerHut=6;Pasture=2;WoodHouse=12","Agriculture;AnimalHusbandry;ClayExtraction;ControlledFire;HerbalKnowledge;KnowledgeSharing;Quarry"
1424,Animal,1.15,60,1.2,0,144,40,104,0.278,80,500,"","Clay=152772.02;PlantFiber=149368.34;WoodLog=80323.88","ClayPit=2;Farm=2;FiberGatheringCamp=2;HealerHut=6;Pasture=2;WoodHouse=12","Agriculture;AnimalHusbandry;ClayExtraction;ControlledFire;HerbalKnowledge;KnowledgeSharing;Quarry"
1425,Animal,1.15,60,1.2,0,144,40,104,0.278,80,500,"","Clay=152880.74;PlantFiber=149477.06;WoodLog=80383.88","ClayPit=2;Farm=2;FiberGatheringCamp=2;HealerHut=6;Pasture=2;WoodHouse=12","Agriculture;AnimalHusbandry;ClayExtraction;ControlledFire;HerbalKnowledge;KnowledgeSharing;Quarry"
1426,Animal,1.15,60,1.2,0,144,40,104,0.278,80,500,"","Clay=152989.46;PlantFiber=149585.78;WoodLog=80443.88","ClayPit=2;Farm=2;FiberGatheringCamp=2;HealerHut=6;Pasture=2;WoodHouse=12","Agriculture;AnimalHusbandry;ClayExtraction;ControlledFire;HerbalKnowledge;KnowledgeSharing;Quarry"
1427,Animal,1.15,60,1.2,0,144,40,104,0.278,80,500,"","Clay=153098.18;PlantFiber=149694.5;WoodLog=80503.88","ClayPit=2;Farm=2;FiberGatheringCamp=2;HealerHut=6;Pasture=2;WoodHouse=12","Agriculture;AnimalHusbandry;ClayExtraction;ControlledFire;HerbalKnowledge;KnowledgeSharing;Quarry"
1428,Animal,1.15,60,1.2,0,144,40,104,0.278,80,500,"","Clay=153206.9;PlantFiber=149803.22;WoodLog=80563.88","ClayPit=2;Farm=2;FiberGatheringCamp=2;HealerHut=6;Pasture=2;WoodHouse=12","Agriculture;AnimalHusbandry;ClayExtraction;ControlledFire;HerbalKnowledge;KnowledgeSharing;Quarry"
1429,Animal,1.15,60,1.2,0,144,40,104,0.278,80,500,"","Clay=153315.62;PlantFiber=149911.94;WoodLog=80623.88","ClayPit=2;Farm=2;FiberGatheringCamp=2;HealerHut=6;Pasture=2;WoodHouse=12","Agriculture;AnimalHusbandry;ClayExtraction;ControlledFire;HerbalKnowledge;KnowledgeSharing;Quarry"
1430,Animal,1.15,60,1.2,0,144,40,104,0.278,80,500,"","Clay=153424.34;PlantFiber=150020.66;WoodLog=80683.88","ClayPit=2;Farm=2;FiberGatheringCamp=2;HealerHut=6;Pasture=2;WoodHouse=12","Agriculture;AnimalHusbandry;ClayExtraction;ControlledFire;HerbalKnowledge;KnowledgeSharing;Quarry"
1431,Animal,1.15,60,1.2,0,144,40,104,0.278,80,500,"","Clay=153533.06;PlantFiber=150129.38;WoodLog=80743.88","ClayPit=2;Farm=2;FiberGatheringCamp=2;HealerHut=6;Pasture=2;WoodHouse=12","Agriculture;AnimalHusbandry;ClayExtraction;ControlledFire;HerbalKnowledge;KnowledgeSharing;Quarry"
1432,Animal,1.15,60,1.2,0,144,40,104,0.278,80,500,"","Clay=153641.78;PlantFiber=150238.1;WoodLog=80803.88","ClayPit=2;Farm=2;FiberGatheringCamp=2;HealerHut=6;Pasture=2;WoodHouse=12","Agriculture;AnimalHusbandry;ClayExtraction;ControlledFire;HerbalKnowledge;KnowledgeSharing;Quarry"
1433,Animal,1.15,60,1.2,0,144,40,104,0.278,80,500,"","Clay=153750.5;PlantFiber=150346.82;WoodLog=80863.88","ClayPit=2;Farm=2;FiberGatheringCamp=2;HealerHut=6;Pasture=2;WoodHouse=12","Agriculture;AnimalHusbandry;ClayExtraction;ControlledFire;HerbalKnowledge;KnowledgeSharing;Quarry"
1434,Animal,1.15,60,1.2,0,144,40,104,0.278,80,500,"","Clay=153859.22;PlantFiber=150455.54;WoodLog=80923.88","ClayPit=2;Farm=2;FiberGatheringCamp=2;HealerHut=6;Pasture=2;WoodHouse=12","Agriculture;AnimalHusbandry;ClayExtraction;ControlledFire;HerbalKnowledge;KnowledgeSharing;Quarry"
1435,Animal,1.15,60,1.2,0,144,40,104,0.278,80,500,"","Clay=153967.94;PlantFiber=150564.26;WoodLog=80983.88","ClayPit=2;Farm=2;FiberGatheringCamp=2;HealerHut=6;Pasture=2;WoodHouse=12","Agriculture;AnimalHusbandry;ClayExtraction;ControlledFire;HerbalKnowledge;KnowledgeSharing;Quarry"
1436,Animal,1.15,60,1.2,0,144,40,104,0.278,80,500,"","Clay=154076.66;PlantFiber=150672.98;WoodLog=81043.88","ClayPit=2;Farm=2;FiberGatheringCamp=2;HealerHut=6;Pasture=2;WoodHouse=12","Agriculture;AnimalHusbandry;ClayExtraction;ControlledFire;HerbalKnowledge;KnowledgeSharing;Quarry"
1437,Animal,1.15,60,1.2,0,144,40,104,0.278,80,500,"","Clay=154185.38;PlantFiber=150781.7;WoodLog=81103.88","ClayPit=2;Farm=2;FiberGatheringCamp=2;HealerHut=6;Pasture=2;WoodHouse=12","Agriculture;AnimalHusbandry;ClayExtraction;ControlledFire;HerbalKnowledge;KnowledgeSharing;Quarry"
1438,Animal,1.15,60,1.2,0,144,40,104,0.278,80,500,"","Clay=154294.1;PlantFiber=150890.42;WoodLog=81163.88","ClayPit=2;Farm=2;FiberGatheringCamp=2;HealerHut=6;Pasture=2;WoodHouse=12","Agriculture;AnimalHusbandry;ClayExtraction;ControlledFire;HerbalKnowledge;KnowledgeSharing;Quarry"
1439,Animal,1.15,60,1.2,0,144,40,104,0.278,80,500,"","Clay=154402.82;PlantFiber=150999.14;WoodLog=81223.88","ClayPit=2;Farm=2;FiberGatheringCamp=2;HealerHut=6;Pasture=2;WoodHouse=12","Agriculture;AnimalHusbandry;ClayExtraction;ControlledFire;HerbalKnowledge;KnowledgeSharing;Quarry"
1440,Animal,1.15,60,1.2,0,144,40,104,0.278,80,500,"","Clay=154511.54;PlantFiber=151107.86;WoodLog=81283.88","ClayPit=2;Farm=2;FiberGatheringCamp=2;HealerHut=6;Pasture=2;WoodHouse=12","Agriculture;AnimalHusbandry;ClayExtraction;ControlledFire;HerbalKnowledge;KnowledgeSharing;Quarry"
